model_num,average_reward
5,-7430.92364139905
6,-7441.963071071992
8,-7370.183582654012
9,-7508.658258621028
