t,reward,x,y,theta,vx,vy,throttle,wind_vx,wind_vy
0.0,0.0,44.8802262154157,307.8091594185471,-0.041109153310084225,37.262075552154194,3.9993367800740867,0.5,-4.626142933391001,4.108859487499165
0.2,-2.5144278595732046,44.8802262154157,307.8091594185471,-0.041109153310084225,37.262075552154194,3.9993367800740867,0.5,-4.626142933391001,4.108859487499165
0.4,-2.950167167696292,52.33654625884355,308.37984637714186,-0.08110915331008423,37.301124882124235,1.707532805873687,0.875,-4.626142933391001,4.108859487499165
0.6000000000000001,-2.8067520181051124,59.77670756615436,308.8005475898682,0.03614084668991577,37.100488190983825,2.4994793213894213,0.625,-4.626142933391001,4.108859487499165
0.8,-2.342117447405718,67.19980406858159,309.2728788726785,-0.003859153310084233,37.13047683328849,2.2238335067139423,0.875,-4.626142933391001,4.108859487499165
1.0,-2.4683679330395765,74.63559888250506,309.63060821404855,-0.043859153310084234,37.22747130594628,1.3534599069861202,0.875,-4.626142933391001,4.108859487499165
1.2,-2.154612812335712,82.08121264786362,309.92397241924743,-0.003859153310084233,37.228666347639376,1.5801821450029236,0.875,-4.626142933391001,4.108859487499165
1.4,-3.119084852045708,89.53674547227213,310.1809567262649,-0.043859153310084234,37.32666189644565,0.9896609251718446,0.875,-4.626142933391001,4.108859487499165
1.5999999999999999,-3.2658977911814393,96.9546631108855,310.5548923330378,0.07339084668991576,36.85251448968813,2.74969514255704,0.625,-4.626142933391001,4.108859487499165
1.7999999999999998,-4.469189735509028,104.31690470407914,311.1302323198029,0.03339084668991576,36.76990144224812,3.0037047250936513,0.875,-4.626142933391001,4.108859487499165
1.9999999999999998,-4.758389005080269,111.5834873209854,311.9412297342194,0.15064084668991576,35.895924726814535,5.10626941907152,0.625,-4.626142933391001,4.108859487499165
2.1999999999999997,-5.518355432781743,118.73312250716995,313.0093244061436,0.11064084668991575,35.60042713503107,5.5746773001705945,0.875,-4.626142933391001,4.108859487499165
2.4,-5.9422710170311674,125.7712897067779,314.2459836315113,0.1745,34.78124486104849,6.791914953506321,0.125,-4.626142933391001,4.108859487499165
2.6,-6.187096121352341,132.67723961966178,315.6684054071299,0.1745,34.2782542677902,7.432302802679426,0.875,-4.626142933391001,4.108859487499165
2.8000000000000003,-5.967020228157161,139.48616893588868,317.18622534195896,0.1745,33.81103889447899,7.745896545611243,0.625,-4.626142933391001,4.108859487499165
3.0000000000000004,-6.188161027924531,146.2319909395676,318.69084674402313,0.13449999999999998,33.64718114230999,7.300317475030501,0.875,-4.626142933391001,4.108859487499165
3.2000000000000006,-6.316983144684839,152.92076994255632,320.1787626382718,0.1745,33.240608887577196,7.578841467455941,0.875,-4.626142933391001,4.108859487499165
3.400000000000001,-6.391562484166776,159.52751866533387,321.7054521379776,0.1745,32.826878340198256,7.688053529602065,0.625,-4.626142933391001,4.108859487499165
3.600000000000001,-6.0758387244568475,166.04421053283266,323.2424879780607,0.1745,32.34004033478968,7.682304871228797,0.125,-4.626142933391001,4.108859487499165
3.800000000000001,-6.222049803588083,172.49889036094382,324.7204362770113,0.13449999999999998,32.20675794632192,7.097178118276915,0.875,-4.626142933391001,4.108859487499165
4.000000000000001,-6.306810862302664,178.90307924832146,326.15434694772017,0.1745,31.835130927454557,7.241928588811674,0.875,-4.626142933391001,4.108859487499165
4.200000000000001,-6.354235773448814,185.230734611411,327.60602917602137,0.1745,31.441422703440924,7.274893694200464,0.625,-4.626142933391001,4.108859487499165
4.400000000000001,-6.031585934697832,191.47151901514894,329.0560098631877,0.1745,30.96642133393831,7.2249131774628434,0.125,-4.626142933391001,4.108859487499165
4.600000000000001,-6.157056421320785,197.65151674674092,330.4439601520125,0.13449999999999998,30.833555981981505,6.654589710785435,0.875,-4.626142933391001,4.108859487499165
4.800000000000002,-6.22743710967228,203.78200627150673,331.7854738592446,0.1745,30.47133926567667,6.760547361535162,0.875,-4.626142933391001,4.108859487499165
5.000000000000002,-6.263378667983741,209.84234538618577,333.1395745002921,0.1745,30.13205188111385,6.780459048939888,0.875,-4.626142933391001,4.108859487499165
5.200000000000002,-6.279024575110981,215.8362213899892,334.49237739653177,0.1745,29.80670815692029,6.747569913456703,0.875,-4.626142933391001,4.108859487499165
5.400000000000002,-6.281111788469614,221.7609617103503,335.8344580133648,0.1745,29.44069504669091,6.6732362548734985,0.625,-4.626142933391001,4.108859487499165
5.600000000000002,-5.942819529475962,227.60327701507055,337.1575090577429,0.1745,28.98245800051149,6.557274188907766,0.125,-4.626142933391001,4.108859487499165
5.8000000000000025,-6.034169932015128,233.38653413108057,338.4134088692,0.13449999999999998,28.850113159588645,6.001723925663009,0.875,-4.626142933391001,4.108859487499165
6.000000000000003,-6.083291444041434,239.12159852320863,339.61867586630103,0.1745,28.500530761692133,6.050946045347229,0.875,-4.626142933391001,4.108859487499165
6.200000000000003,-6.100187869482806,244.78352435100857,340.826597512037,0.1745,28.11872751630719,6.028270412012272,0.625,-4.626142933391001,4.108859487499165
6.400000000000003,-6.099315584775854,250.3751681737825,342.02646648081827,0.1745,27.797710711432142,5.9704192758004675,0.875,-4.626142933391001,4.108859487499165
6.600000000000003,-5.189744075828032,255.9032295322651,343.2123310454219,0.1745,27.482902873393904,5.888226370235354,0.875,-4.626142933391001,4.108859487499165
6.800000000000003,-4.26238556951008,261.4010767836481,344.2594305566209,0.057249999999999995,27.49556964043592,4.582768741754772,0.625,-4.626142933391001,4.108859487499165
7.0000000000000036,-4.54651679995745,266.9090656576992,345.04592497042796,0.017249999999999995,27.584319100075312,3.282175396316105,0.875,-4.626142933391001,4.108859487499165
7.200000000000004,-5.0135741708586234,272.3766978384688,345.73469420612173,0.13449999999999998,27.092002707620445,3.6055169606213933,0.125,-4.626142933391001,4.108859487499165
7.400000000000004,-5.30162240655133,277.744043845224,346.5114264679487,0.1745,26.581457359931953,4.161805657648297,0.875,-4.626142933391001,4.108859487499165
7.600000000000004,-5.472192641774991,283.0118833906252,347.37379308764406,0.1745,26.09693809408023,4.461860539305337,0.625,-4.626142933391001,4.108859487499165
7.800000000000004,-5.276056644347397,288.19241737837655,348.28109942909936,0.1745,25.708401783432965,4.611202875247565,0.875,-4.626142933391001,4.108859487499165
8.000000000000004,-5.421901193062295,293.31524461942234,349.17317150997377,0.13449999999999998,25.519870627025036,4.309517933496643,0.875,-4.626142933391001,4.108859487499165
8.200000000000003,-5.219977648312817,298.3663558976597,350.04395175313954,0.1745,24.991242155348125,4.3982844981609475,0.125,-4.362951878272598,4.273413343119487
8.400000000000002,-5.348095477912215,303.34551780876956,350.89354422677104,0.13449999999999998,24.80037695575093,4.097640238154138,0.875,-4.362951878272598,4.273413343119487
8.600000000000001,-5.414814354872414,308.2677346916456,351.7219984021946,0.1745,24.42179187300986,4.186901516080994,0.875,-4.362951878272598,4.273413343119487
8.8,-5.4393833840147865,313.1164335510953,352.56063447415397,0.1745,24.06519672148747,4.199459203513238,0.875,-4.362951878272598,4.273413343119487
9.0,-4.634186166211055,317.8902927938146,353.3958065225008,0.1745,23.67339570570486,4.1522612799548275,0.625,-4.362951878272598,4.273413343119487
9.2,-4.054655876037584,322.6237573728127,354.1276920586575,0.057249999999999995,23.661250084276396,3.166594081612504,0.625,-4.362951878272598,4.273413343119487
9.399999999999999,-3.916933572313115,327.35598687747955,354.690785015831,0.057249999999999995,23.6610449623921,2.4643354901228256,0.875,-4.362951878272598,4.273413343119487
9.599999999999998,-4.305349079129092,332.057614300421,355.16360648594997,0.09725,23.355229267022597,2.263879211066862,0.125,-4.362951878272598,4.273413343119487
9.799999999999997,-4.537409063121198,336.6642136356064,355.6541383719962,0.1745,22.71076408483179,2.641439649395618,0.125,-4.362951878272598,4.273413343119487
9.999999999999996,-4.410837659360344,341.1629539009021,356.20298233933784,0.1745,22.27663856812481,2.8470000240202364,0.875,-4.362951878272598,4.273413343119487
10.199999999999996,-4.556328016715479,345.59486834681644,356.75460372992995,0.13449999999999998,22.04250589101838,2.6692138819008298,0.875,-4.362951878272598,4.273413343119487
10.399999999999995,-4.624967661858795,349.96279789150435,357.2989156890837,0.1745,21.636789555860943,2.773905709636322,0.875,-4.362951878272598,4.273413343119487
10.599999999999994,-3.8987080940531293,354.2471517731142,357.8549899450918,0.1745,21.20674926023731,2.7868368504449723,0.625,-4.362951878272598,4.273413343119487
10.799999999999994,-3.3601270838539055,358.4845358560496,358.33344117521074,0.057249999999999995,21.16709156911695,1.9976754507441883,0.625,-4.362951878272598,4.273413343119487
10.999999999999993,-3.6814840420039068,362.71559118804834,358.6749831657602,0.057249999999999995,21.14346175087039,1.4177444547505047,0.875,-4.362951878272598,4.273413343119487
11.199999999999992,-3.864467144378124,366.88043147471933,358.98695954184717,0.1745,20.504941115839312,1.7020193061193016,0.125,-4.362951878272598,4.273413343119487
11.399999999999991,-3.7155124843322525,370.93767534447227,359.3417981333141,0.1745,20.067497581690226,1.8463666085500625,0.875,-4.362951878272598,4.273413343119487
11.59999999999999,-3.813558648753493,374.9260848835268,359.69346446787375,0.13449999999999998,19.816597808855185,1.6702967370462982,0.875,-4.362951878272598,4.273413343119487
11.79999999999999,-3.826548411930119,378.84802644063836,360.03321290070517,0.1745,19.402817762260064,1.7271875912681212,0.875,-4.362951878272598,4.273413343119487
11.99999999999999,-3.1025302768457887,382.6745426284671,360.3746821472553,0.1745,18.8623441160275,1.687504874233574,0.125,-4.362951878272598,4.273413343119487
12.199999999999989,-3.2173988176443853,386.4408304367536,360.6428701319582,0.057249999999999995,18.800533966837186,0.9943749727951288,0.625,-4.362951878272598,4.273413343119487
12.399999999999988,-3.246898301809808,390.1521271091918,360.84940952306346,0.1745,18.312432757545142,1.071018938257126,0.625,-4.362951878272598,4.273413343119487
12.599999999999987,-3.1930601656137654,393.7733477656219,361.06355195726746,0.1745,17.89977380675606,1.0704054037829676,0.875,-4.362951878272598,4.273413343119487
12.799999999999986,-3.093356752179316,397.2988256799061,361.2694077359481,0.1745,17.35500533608579,0.9881523830235626,0.125,-4.362951878272598,4.273413343119487
12.999999999999986,-2.748444251420483,400.731399408594,361.4561047856632,0.1745,16.970731950792793,0.8788181141271381,0.875,-4.362951878272598,4.273413343119487
13.199999999999985,-2.650267010351835,404.10132156692026,361.60147631760174,0.13449999999999998,16.728489632470097,0.5748972052583055,0.875,-4.362951878272598,4.273413343119487
13.399999999999984,-1.8948246249315357,407.4070745589944,361.7068520242691,0.1745,16.329040288271457,0.47885986141514875,0.875,-4.362951878272598,4.273413343119487
13.599999999999984,-1.2858441892604353,410.66377744512164,361.7408377383597,0.057249999999999995,16.237988573000912,-0.13900272050945434,0.625,-4.362951878272598,4.273413343119487
13.799999999999983,-0.7784665202273369,413.88912600480467,361.6643132823559,0.057249999999999995,16.015497023829578,-0.6262418395284561,0.125,-4.362951878272598,4.273413343119487
13.999999999999982,-0.3438954552768428,417.0674813812443,361.4998467718212,0.057249999999999995,15.76805674056655,-1.0184232658188335,0.125,-4.362951878272598,4.273413343119487
14.199999999999982,-0.040188334047900065,420.1943102827904,361.2639794396339,0.057249999999999995,15.500232274894548,-1.3402500560542645,0.125,-4.362951878272598,4.273413343119487
14.39999999999998,-0.39089344671551174,423.26590751173495,360.9688872561814,0.057249999999999995,15.215740014550814,-1.6106717784703743,0.125,-4.362951878272598,4.273413343119487
14.59999999999998,-0.7212951537294815,426.27922930332227,360.6234210356237,0.057249999999999995,14.917477901322535,-1.8439904271065406,0.125,-4.362951878272598,4.273413343119487
14.79999999999998,-1.0414295207503343,429.23174004303377,360.23393526067923,0.057249999999999995,14.607629495792178,-2.0508673223386094,0.125,-4.362951878272598,4.273413343119487
14.999999999999979,-1.3590901690830013,432.12128195369496,359.80493077722605,0.057249999999999995,14.287789610819896,-2.239177512193359,0.125,-4.362951878272598,4.273413343119487
15.199999999999978,-1.6630417061659497,434.9459693597797,359.33954305241747,0.057249999999999995,13.95908445002766,-2.4146997358925164,0.125,-4.362951878272598,4.273413343119487
15.399999999999977,-1.98506896129327,437.7090971018092,358.84019372227726,0.057249999999999995,13.672192970267425,-2.5787935655097867,0.375,-4.362951878272598,4.273413343119487
15.599999999999977,-2.479452327486921,440.4090470434087,358.30874823852236,0.057249999999999995,13.327306445727272,-2.73566127203951,0.125,-4.362951878272598,4.273413343119487
15.799999999999976,-3.048647295853955,443.05071745986186,357.73272071056306,0.017249999999999995,13.089397718804214,-3.024614007553641,0.125,-4.362951878272598,4.273413343119487
15.999999999999975,-3.5131658977015556,445.66346864009734,357.08977469128587,-0.022750000000000006,13.038114083550687,-3.404846185218501,0.625,-4.362951878272598,4.273413343119487
16.199999999999974,-4.025710433855227,448.2591679576099,356.3798431421383,-0.022750000000000006,12.918879091575018,-3.6944693062566323,0.375,-4.362951878272598,4.273413343119487
16.399999999999974,-4.4513084818364845,450.84926387437105,355.6030862616786,-0.06275,12.982080076036347,-4.073099498341,0.875,-4.362951878272598,4.273413343119487
16.599999999999973,-4.622185931927627,453.4356522402857,354.76153155203025,-0.06275,12.88180358311044,-4.342447598142227,0.125,-4.362951878272598,4.273413343119487
16.799999999999972,-4.8198058856756845,455.99518093671037,353.8868343703503,-0.02275,12.713483381135864,-4.404524218657083,0.375,-4.362951878272598,4.273413343119487
16.99999999999997,-4.956699448004816,458.51569853042304,352.99999524770976,-0.02275,12.491692555991023,-4.463867007748141,0.125,-4.362951878272598,4.273413343119487
17.19999999999997,-5.156338218465311,461.0065154656513,352.1005628042682,-0.02275,12.416476796291903,-4.530457426667683,0.875,-4.362951878272598,4.273413343119487
17.39999999999997,-5.755975982455088,463.4669082241125,351.1892561491091,-0.02275,12.187450788320064,-4.582609124922856,0.125,-4.362951878272598,4.273413343119487
17.59999999999997,-6.298078221047652,465.92347728392707,350.2230032407222,-0.13999999999999999,12.37823980982538,-5.079919958946058,0.875,-4.362951878272598,4.273413343119487
17.79999999999997,-6.53692513872773,468.42383389499497,349.1567877861057,-0.1745,12.625326300853878,-5.582234587218752,0.875,-4.626142933391001,4.108859487499165
17.999999999999968,-6.65270068492552,470.95633345148195,348.0192151181755,-0.13449999999999998,12.6996692640158,-5.793492092083292,0.375,-4.626142933391001,4.108859487499165
18.199999999999967,-6.871883424061007,473.5132845272033,346.84414250154106,-0.13449999999999998,12.86984149319804,-5.957234074261093,0.875,-4.626142933391001,4.108859487499165
18.399999999999967,-6.840245069207854,476.1125275032577,345.62388959983616,-0.1745,13.122588267345767,-6.245294942787883,0.875,-4.626142933391001,4.108859487499165
18.599999999999966,-6.349996484740981,478.74370069754553,344.374679812484,-0.13449999999999998,13.189143675532595,-6.246802930733862,0.375,-4.626142933391001,4.108859487499165
18.799999999999965,-5.734243854866275,481.35671449179046,343.17589154185856,-0.017249999999999988,12.940994266916572,-5.7410797755203475,0.625,-4.626142933391001,4.108859487499165
18.999999999999964,-5.438128350843659,483.8757458870916,342.103240764305,0.1,12.249319686094928,-4.98542800001535,0.625,-4.626142933391001,4.108859487499165
19.199999999999964,-5.341746777180642,486.2670355251086,341.15028292956663,0.1,11.663576694074727,-4.544150347368111,0.625,-4.626142933391001,4.108859487499165
19.399999999999963,-5.5353954146554205,488.55237419338715,340.26635456743907,0.1,11.189809988710845,-4.295133273907359,0.875,-4.626142933391001,4.108859487499165
19.599999999999962,-5.901585266623933,490.7317202939619,339.41822786311434,0.1,10.603651017036764,-4.186133769340039,0.125,-4.626142933391001,4.108859487499165
19.79999999999996,-6.274115795133735,492.79619142468204,338.5820199755095,0.1,10.041060290164273,-4.1759451067078635,0.125,-4.626142933391001,4.108859487499165
19.99999999999996,-6.936740644807575,494.764297740499,337.7424969437045,0.1,9.6400028680052,-4.219285211342113,0.875,-4.626142933391001,4.108859487499165
20.19999999999996,-7.822387020514792,496.6498939098977,336.8804900194924,0.060000000000000005,9.215958825981838,-4.400784030778641,0.125,-4.626142933391001,4.108859487499165
20.39999999999996,-8.786734174436614,498.4845818563909,335.95388801784725,-0.05724999999999999,9.130920638950004,-4.865235985673089,0.375,-4.626142933391001,4.108859487499165
20.59999999999996,-9.438808262513541,500.3323289439164,334.9102348106716,-0.1745,9.346550236305116,-5.571296086082865,0.875,-4.626142933391001,4.108859487499165
20.799999999999958,-9.819871977707137,502.2178661075666,333.7438203802893,-0.1745,9.508821400196588,-6.0928482177402605,0.625,-4.626142933391001,4.108859487499165
20.999999999999957,-10.061437847395338,504.1403833201743,332.4859516782893,-0.1745,9.716350725880492,-6.485838802259659,0.875,-4.626142933391001,4.108859487499165
21.199999999999957,-10.117406978439083,506.09925539553365,331.1614705425881,-0.1745,9.872370027712766,-6.758972554752613,0.625,-4.626142933391001,4.108859487499165
21.399999999999956,-10.225104228312139,508.07488279445397,329.8053111315224,-0.13449999999999998,9.88390396149061,-6.80262155590458,0.375,-4.626142933391001,4.108859487499165
21.599999999999955,-10.255310899873075,510.0670581100762,328.426712067625,-0.1745,10.037849194731615,-6.983369083069266,0.625,-4.626142933391001,4.108859487499165
21.799999999999955,-10.230528571907392,512.0899875696837,327.01760338687933,-0.1745,10.191445401343909,-7.107717724387064,0.625,-4.626142933391001,4.108859487499165
21.999999999999954,-10.166690824733466,514.1436875668787,325.587768895961,-0.1745,10.345554570606774,-7.190627184796375,0.625,-4.626142933391001,4.108859487499165
22.199999999999953,-10.075099712586024,516.2283279994691,324.1443738911238,-0.1745,10.500849755297631,-7.24332286357553,0.625,-4.626142933391001,4.108859487499165
22.399999999999952,-9.963786538033478,518.3441970092688,322.6926327927548,-0.1745,10.657840342698895,-7.274088120114275,0.625,-4.626142933391001,4.108859487499165
22.59999999999995,-9.838469917069837,520.4916714804771,321.23632759995064,-0.1745,10.816904369384321,-7.288963807927333,0.625,-4.626142933391001,4.108859487499165
22.79999999999995,-9.703231638265624,522.6711938298441,319.77819927666764,-0.1745,10.978319124286093,-7.292319424902577,0.625,-4.626142933391001,4.108859487499165
22.99999999999995,-9.469035947750406,524.883254418778,318.3202375477278,-0.1745,11.142286765052987,-7.287297864495645,0.625,-4.626142933391001,4.108859487499165
23.19999999999995,-9.390527703452102,527.113075785351,316.8809625892575,-0.13449999999999998,11.155926900677446,-7.1054517202074905,0.375,-4.626142933391001,4.108859487499165
23.39999999999995,-9.288630913156515,529.3612042698969,315.4558797742754,-0.1745,11.325357944780945,-7.145376429613215,0.625,-4.626142933391001,4.108859487499165
23.599999999999948,-9.170232271777735,531.6434281173492,314.0247179190433,-0.1745,11.496880529742176,-7.1662421227075335,0.625,-4.626142933391001,4.108859487499165
23.799999999999947,-9.040249083513498,533.9601944515468,312.5907649880277,-0.1745,11.670782812233545,-7.173287187449115,0.625,-4.626142933391001,4.108859487499165
23.999999999999947,-8.902200293261929,536.3120000767941,311.15640654604704,-0.1745,11.84727344023909,-7.170297232357466,0.625,-4.626142933391001,4.108859487499165
24.199999999999946,-8.589359606078048,538.6993776292345,309.7233772396274,-0.1745,12.026502084164358,-7.1599958318390975,0.625,-4.626142933391001,4.108859487499165
24.399999999999945,-8.503395472702298,541.1175866274491,308.30977868429017,-0.13449999999999998,12.155587897981215,-6.97598972153324,0.875,-4.626142933391001,4.108859487499165
24.599999999999945,-8.3971485043686,543.5673116188036,306.91150250849086,-0.1745,12.341662015564049,-7.0067720364597195,0.625,-4.626142933391001,4.108859487499165
24.799999999999944,-8.27675824735942,546.0544903379522,305.5087962371914,-0.1745,12.53012517592208,-7.02029067653484,0.625,-4.626142933391001,4.108859487499165
24.999999999999943,-8.146615333850995,548.5796216858511,304.10463772454744,-0.1745,12.721188303067219,-7.021294449904544,0.625,-4.626142933391001,4.108859487499165
25.199999999999942,-8.009865330465399,551.1432405344632,302.70118671380783,-0.1745,12.915000183053582,-7.013215657491426,0.625,-4.626142933391001,4.108859487499165
25.39999999999994,-7.868767828327964,553.7459069119476,301.3000125305292,-0.1745,13.11166359179107,-6.998526175294669,0.625,-4.626142933391001,4.108859487499165
25.59999999999994,-7.518631385665184,556.3881980359797,299.9022596418631,-0.1745,13.311247648529887,-6.979002711366255,0.625,-4.69240388753931,4.703342154964751
25.79999999999994,-7.229118657075362,559.0702380825899,298.5265332422401,-0.1745,13.509152817572009,-6.778261284864336,0.625,-4.69240388753931,4.703342154964751
25.99999999999994,-6.98273713230318,561.7923554003066,297.1859225002378,-0.1745,13.712020359595591,-6.627846135158512,0.625,-4.69240388753931,4.703342154964751
26.19999999999994,-6.767221634801645,564.5554713855431,295.87191017676577,-0.1745,13.919139492769169,-6.512277099561614,0.625,-4.69240388753931,4.703342154964751
26.399999999999938,-6.5739637576510335,567.3603916239907,294.5785834601844,-0.1745,14.130062891707354,-6.420990066252012,0.625,-4.69240388753931,4.703342154964751
26.599999999999937,-6.396919256786475,570.2078479950553,293.30181558103743,-0.1745,14.344500818938725,-6.346688725217767,0.625,-4.69240388753931,4.703342154964751
26.799999999999937,-6.2318453125455555,573.0985240775174,292.0387174251529,-0.1745,14.562260005681342,-6.284292833627545,0.625,-4.69240388753931,4.703342154964751
26.999999999999936,-6.075766393273287,576.0330707891324,290.7872634835543,-0.1745,14.783207110468005,-6.2302465823589825,0.625,-4.69240388753931,4.703342154964751
27.199999999999935,-5.926599224218747,579.0121161257582,289.54603347185395,-0.1745,15.007246255790122,-6.1820535346443,0.625,-4.69240388753931,4.703342154964751
27.399999999999935,-5.782888922543781,582.0362712432371,288.31403224013684,-0.1745,15.234304918999692,-6.1379587825268835,0.625,-4.69240388753931,4.703342154964751
27.599999999999934,-5.6436230557478755,585.106134228015,287.09056344815,-0.1745,15.46432492877888,-6.096729137341474,0.625,-4.69240388753931,4.703342154964751
27.799999999999933,-5.508100462929335,588.2222923866162,285.87514055283106,-0.1745,15.697256657233881,-6.057499815847935,0.625,-4.69240388753931,4.703342154964751
27.999999999999932,-5.147766188434923,591.3853235773711,284.6674238864132,-0.1745,15.933055250314293,-6.019666848330504,0.625,-4.69240388753931,4.703342154964751
28.199999999999932,-4.874524232425068,594.5910237181014,283.48974667482844,-0.13449999999999998,16.123946156988314,-5.757105267517176,0.875,-4.69240388753931,4.703342154964751
28.39999999999993,-4.648054653190038,597.830603358196,282.3584556171709,-0.13449999999999998,16.27185024395708,-5.555805309058393,0.625,-4.69240388753931,4.703342154964751
28.59999999999993,-3.858128934962624,601.1051868368061,281.26159132112565,-0.13449999999999998,16.47398454214447,-5.412837651394044,0.875,-4.69240388753931,4.703342154964751
28.79999999999993,-3.936665581811046,604.376634243402,280.2572737664097,-0.017249999999999988,16.240489523815235,-4.63033789576556,0.625,-4.69240388753931,4.703342154964751
28.99999999999993,-3.969319683045521,607.6460976228792,279.31847559942815,-0.13449999999999998,16.454144270957215,-4.7576437740497255,0.875,-4.69240388753931,4.703342154964751
29.19999999999993,-3.339844046514062,610.9533854534744,278.35961526131075,-0.13449999999999998,16.618734034994834,-4.830959607124485,0.625,-4.69240388753931,4.703342154964751
29.399999999999928,-2.9021729760258386,614.2575808788436,277.455005397716,-0.017249999999999988,16.4232202186968,-4.215139028823413,0.625,-4.69240388753931,4.703342154964751
29.599999999999927,-2.624929109933593,617.5314682465303,276.6528618124987,-0.017249999999999988,16.3156534581698,-3.806296823349049,0.875,-4.69240388753931,4.703342154964751
29.799999999999926,-2.464380285361047,620.7762054379224,275.9196334470997,-0.017249999999999988,16.13171845575179,-3.525986830641046,0.375,-4.69240388753931,4.703342154964751
29.999999999999925,-2.5626494522458416,623.9807289879731,275.23277716929294,-0.017249999999999988,15.913517044755485,-3.342575947426982,0.125,-4.69240388753931,4.703342154964751
30.199999999999925,-2.8539627666906995,627.1691451919565,274.5550679579182,-0.05724999999999999,15.970644995078983,-3.4345161663206487,0.875,-4.69240388753931,4.703342154964751
30.399999999999924,-3.041926343555861,630.3733156599764,273.8416639568068,-0.09724999999999999,16.071059685119177,-3.6995238447927874,0.625,-4.69240388753931,4.703342154964751
30.599999999999923,-3.4029831219721327,633.6020614077476,273.08258499309153,-0.09724999999999999,16.21639779259288,-3.8912657923603207,0.875,-4.69240388753931,4.703342154964751
30.799999999999923,-3.8459752961700486,636.8529702506283,272.2715411656821,-0.13724999999999998,16.292690636215507,-4.219172481734266,0.125,-4.69240388753931,4.703342154964751
30.999999999999922,-4.119549252025479,640.1400628803277,271.3812329947794,-0.1745,16.57823566077866,-4.683909227292856,0.875,-4.69240388753931,4.703342154964751
31.19999999999992,-3.6206495486076298,643.48480572655,270.41160258222095,-0.1745,16.869192801444314,-5.012394898291788,0.875,-4.69240388753931,4.703342154964751
31.39999999999992,-3.272155115581538,646.8528804269216,269.4565205952087,-0.057249999999999995,16.811554202272077,-4.53842497183093,0.625,-4.69240388753931,4.703342154964751
31.59999999999992,-3.6913530515257396,650.2114993895024,268.5813734368178,-0.057249999999999995,16.774635423535866,-4.213046612078338,0.625,-4.69240388753931,4.703342154964751
31.79999999999992,-3.9662031370134168,653.5953390862113,267.6936153838299,-0.1745,17.06376154355311,-4.664533917800037,0.875,-4.69240388753931,4.703342154964751
31.99999999999992,-4.122457316627153,657.0228074767642,266.73155671340976,-0.1745,17.210922361975708,-4.956052786401536,0.125,-4.69240388753931,4.703342154964751
32.19999999999992,-4.19279409344647,660.4947993935591,265.71734107237506,-0.1745,17.508996805972913,-5.186103623945425,0.875,-4.69240388753931,4.703342154964751
32.39999999999992,-4.209474462130462,664.0268109173089,264.6648056286894,-0.1745,17.81111843152501,-5.339250812911151,0.875,-4.69240388753931,4.703342154964751
32.59999999999992,-4.189244007702004,667.6146893459672,263.5880964228218,-0.1745,18.067665855057918,-5.427841245764528,0.625,-4.69240388753931,4.703342154964751
32.799999999999926,-3.449801300985129,671.254167660483,262.4972421696023,-0.1745,18.327117290098922,-5.480701286430719,0.625,-4.69240388753931,4.703342154964751
32.99999999999993,-2.3108508420878575,674.9121850647055,261.4765001734521,-0.057249999999999995,18.253056752125826,-4.726718675071206,0.625,-4.69240388753931,4.703342154964751
33.19999999999993,-1.5523748256193617,678.5070978106812,260.651965064821,0.06,17.69607070763175,-3.518632411239831,0.625,-4.69240388753931,4.703342154964751
33.399999999999935,-1.0760326301786973,682.0080762979995,260.02380784043385,0.06,17.313714165551783,-2.7629398326320596,0.875,-4.69240388753931,4.703342154964751
33.59999999999994,-0.7977319849235012,685.4297293464899,259.51903273134087,0.06,16.902816319352333,-2.284811258297773,0.375,-4.69240388753931,4.703342154964751
33.79999999999994,-0.8388682386733806,688.7686998668078,259.09109307061846,0.06,16.486888883826065,-1.994585348926618,0.125,-4.69240388753931,4.703342154964751
33.99999999999994,-1.126979772305706,692.0558094863835,258.6900680995528,0.019999999999999997,16.384207311931632,-2.0156643617299888,0.875,-4.69240388753931,4.703342154964751
34.199999999999946,-1.3640395352243895,695.318780413717,258.2649241844004,-0.020000000000000004,16.24550196140371,-2.2357747897938727,0.125,-4.69240388753931,4.703342154964751
34.39999999999995,-1.5565410460054299,698.5531037383228,257.8004323279716,-0.020000000000000004,16.097731284653587,-2.4091437744942863,0.125,-4.69240388753931,4.703342154964751
34.59999999999995,-1.9192049521704848,701.7621412277194,257.3045362836522,-0.020000000000000004,15.99264360931267,-2.549816668699422,0.375,-4.69240388753931,4.703342154964751
34.799999999999955,-2.4151740862135886,704.9696437781353,256.76329449754166,-0.060000000000000005,16.082381894845224,-2.862601192406239,0.875,-4.69240388753931,4.703342154964751
34.99999999999996,-2.776446538670667,708.1878252125538,256.1492761199634,-0.1,16.099432449339336,-3.2775825833761756,0.125,-4.69240388753931,4.703342154964751
35.19999999999996,-3.0312512480493474,711.4087431479908,255.4633534949138,-0.1,16.109746905030214,-3.581643667120002,0.125,-4.69240388753931,4.703342154964751
35.39999999999996,-3.191757781481081,714.636145081641,254.72439401626417,-0.1,16.164272431471765,-3.807951119376258,0.375,-4.69240388753931,4.703342154964751
35.599999999999966,-3.5330861251072716,717.8839852962955,253.94570789638811,-0.1,16.31412971507345,-3.978910079384222,0.875,-4.69240388753931,4.703342154964751
35.79999999999997,-3.945843543339762,721.1549653355388,253.1184744412219,-0.14,16.395670677359806,-4.293424472277927,0.125,-4.69240388753931,4.703342154964751
35.99999999999997,-3.558360542078376,724.4627876411886,252.2156425793609,-0.1745,16.68255237913787,-4.734894146332132,0.875,-4.69240388753931,4.703342154964751
36.199999999999974,-3.273122859921911,727.7897204576494,251.30627904884074,-0.057249999999999995,16.586775785471033,-4.358741158869326,0.375,-4.69240388753931,4.703342154964751
36.39999999999998,-3.3127943111424396,731.1090596936098,250.45955892158244,-0.057249999999999995,16.60661657413236,-4.108460113713623,0.875,-4.69240388753931,4.703342154964751
36.59999999999998,-3.7080066122231257,734.4294113136733,249.634923119131,-0.09725,16.596899626502935,-4.137897910800894,0.125,-4.282892244898132,4.265834338774906
36.79999999999998,-4.1861908764185465,737.7664082243326,248.76790910652508,-0.13725,16.77306948009059,-4.532242215258382,0.625,-4.282892244898132,4.265834338774906
36.999999999999986,-4.281972830681548,741.1347621320821,247.81447222926357,-0.1745,16.91046959740432,-5.002126557356693,0.125,-4.282892244898132,4.265834338774906
37.19999999999999,-4.316108549401073,744.528597571599,246.802129158088,-0.13449999999999998,17.02788479776449,-5.121304154399014,0.375,-4.282892244898132,4.265834338774906
37.39999999999999,-4.556070286894295,747.9558061665508,245.76860561841053,-0.13449999999999998,17.244201151753227,-5.213931242375674,0.875,-4.282892244898132,4.265834338774906
37.599999999999994,-4.684128214772991,751.4192449840675,244.699031555018,-0.1745,17.390187023413823,-5.481809391549728,0.125,-4.282892244898132,4.265834338774906
37.8,-4.090975578413124,754.9269362766614,243.58136818949913,-0.1745,17.686725902524902,-5.694824263638824,0.875,-4.282892244898132,4.265834338774906
38.0,-3.6709583586685612,758.462526849459,242.50076206049454,-0.057249999999999995,17.669179825451263,-5.111237026407177,0.875,-4.282892244898132,4.265834338774906
38.2,-3.36971550148248,761.9972296890169,241.5186838079736,-0.057249999999999995,17.67784857012815,-4.70954549880236,0.875,-4.282892244898132,4.265834338774906
38.400000000000006,-2.9614606358573523,765.5353469884602,240.6049242467268,-0.057249999999999995,17.703324424305723,-4.428050113665653,0.875,-4.282892244898132,4.265834338774906
38.60000000000001,-2.8869655971304695,769.0563707502989,239.76234621427955,-0.017249999999999995,17.506913194081594,-3.9977302108068455,0.375,-4.282892244898132,4.265834338774906
38.80000000000001,-3.0698014598385637,772.5629761894161,238.9687909220882,-0.057249999999999995,17.55914119709007,-3.9378227111067106,0.875,-4.282892244898132,4.265834338774906
39.000000000000014,-3.2019432375460175,776.075397283668,238.16450905162463,-0.09725,17.565069745429614,-4.104995993528873,0.125,-4.282892244898132,4.265834338774906
39.20000000000002,-3.2743553016801945,779.5886884857715,237.33151941883145,-0.09725,17.567842275604843,-4.224900334402962,0.125,-4.282892244898132,4.265834338774906
39.40000000000002,-3.3059244481934478,783.1172266972584,236.47649883528985,-0.09725,17.71753983926409,-4.32530550101305,0.875,-4.282892244898132,4.265834338774906
39.60000000000002,-3.3086544097455484,786.6755843944496,235.6051870609305,-0.09725,17.86603713264864,-4.387812242580596,0.875,-4.282892244898132,4.265834338774906
39.800000000000026,-3.740882535132731,790.2635974093207,234.7240999872475,-0.09725,18.014093016062265,-4.423058494249102,0.875,-4.282892244898132,4.265834338774906
40.00000000000003,-4.024973827241841,793.8956819617522,233.79053783075005,-0.1745,18.306752508252693,-4.912563070725569,0.875,-4.282892244898132,4.265834338774906
40.20000000000003,-4.201069316663189,797.5722371489137,232.77619908200413,-0.1745,18.458799363362026,-5.230824416733705,0.125,-4.282892244898132,4.265834338774906
40.400000000000034,-4.299710253370195,801.284534190259,231.70693072036346,-0.1745,18.66417105009099,-5.46185919967304,0.375,-4.282892244898132,4.265834338774906
40.60000000000004,-3.651824388774757,805.0382669817607,230.59886924088119,-0.1745,18.873156864925654,-5.6187555951498105,0.375,-4.282892244898132,4.265834338774906
40.80000000000004,-3.4482971393414905,808.8119246934851,229.5418214777946,-0.057249999999999995,18.86342025231939,-4.951722035715916,0.875,-4.282892244898132,4.265834338774906
41.00000000000004,-3.5388015032415754,812.5838587110198,228.5725758024604,-0.09725,18.85591992302724,-4.74073471762623,0.125,-4.282892244898132,4.265834338774906
41.200000000000045,-2.91126737017993,816.364092471457,227.61346980494324,-0.13725,18.946417681344226,-4.8503252575452835,0.125,-4.282892244898132,4.265834338774906
41.40000000000005,-2.2599953365667806,820.1370879383551,226.71029121584712,-0.020000000000000018,18.783536987637266,-4.181460633415904,0.625,-4.282892244898132,4.265834338774906
41.60000000000005,-1.8419323980042113,823.8705424798203,225.9424499323272,0.019999999999999983,18.551008427015116,-3.496952201783279,0.875,-4.282892244898132,4.265834338774906
41.800000000000054,-1.7787451530386336,827.5524616605203,225.28801796981963,0.019999999999999983,18.26818337998479,-3.0473674232924055,0.375,-4.282892244898132,4.265834338774906
42.00000000000006,-2.42293410851619,831.2042938874799,224.68497233808188,-0.020000000000000018,18.250138889612156,-2.9830888940850255,0.875,-4.282892244898132,4.265834338774906
42.20000000000006,-3.0884944318347634,834.8680181494741,224.02520917787223,-0.13725,18.38710373032917,-3.6145427080114754,0.375,-4.282892244898132,4.265834338774906
42.40000000000006,-3.5409723840082585,838.5689180918476,223.23320485998835,-0.1745,18.62189569340619,-4.305500470827427,0.625,-4.282892244898132,4.265834338774906
42.600000000000065,-3.140716646681241,842.3080251276097,222.32413740806925,-0.1745,18.769174664214034,-4.785174048363649,0.125,-4.282892244898132,4.265834338774906
42.80000000000007,-2.854144690052024,846.0644160568514,221.40672718858963,-0.057249999999999995,18.79473462820388,-4.388928146432559,0.875,-4.282892244898132,4.265834338774906
43.00000000000007,-3.351225649859369,849.8274628394557,220.5567233692779,-0.057249999999999995,18.835733197838724,-4.111110046684746,0.875,-4.282892244898132,4.265834338774906
43.200000000000074,-3.4384482878019633,853.6141184291125,219.6808067076938,-0.1745,19.030822698729317,-4.648056569156445,0.375,-4.282892244898132,4.265834338774906
43.40000000000008,-3.4732443046733974,857.4338973308265,218.73944630016706,-0.13449999999999998,19.166966318411276,-4.765547506110878,0.375,-4.282892244898132,4.265834338774906
43.60000000000008,-3.4706487722085084,861.2908569250629,217.77735380150924,-0.13449999999999998,19.402629623952826,-4.855377480467277,0.875,-4.282892244898132,4.265834338774906
43.80000000000008,-3.212869380894376,865.1950753634239,216.8010966707798,-0.13449999999999998,19.639554759657244,-4.907193826827034,0.875,-4.282892244898132,4.265834338774906
44.000000000000085,-3.0159326530283934,869.1270150004074,215.8459749887245,-0.09449999999999997,19.679841610176616,-4.644022993725961,0.375,-4.282892244898132,4.265834338774906
44.20000000000009,-3.359600840655016,873.07756726944,214.93472227720062,-0.09449999999999997,19.825681080149607,-4.468504121512827,0.875,-4.282892244898132,4.265834338774906
44.40000000000009,-3.3232460908304207,877.0731190716236,213.99813226770027,-0.1745,20.12983694168649,-4.8973959734907835,0.875,-4.282892244898132,4.265834338774906
44.600000000000094,-2.573038507067694,881.1133693738176,213.0195692977174,-0.13449999999999998,20.27266608025317,-4.888233726337983,0.375,-4.282892244898132,4.265834338774906
44.8000000000001,-2.3165357476615958,885.1499569612268,212.12574436727482,-0.017249999999999988,20.09320979383994,-4.050015578087725,0.625,-4.282892244898132,4.265834338774906
45.0000000000001,-2.141260904770003,889.1592343110542,211.34459476564243,-0.05724999999999999,19.999563704433676,-3.761480438236271,0.125,-4.282892244898132,4.265834338774906
45.2000000000001,-1.7856777638526709,893.1557252490683,210.61133765749952,-0.05724999999999999,19.965345675706804,-3.5710906431927296,0.375,-4.282892244898132,4.265834338774906
45.400000000000105,-1.7783247766747374,897.1331387443523,209.93642030772457,-0.017249999999999988,19.808789277134125,-3.1780828545567976,0.375,-4.282892244898132,4.265834338774906
45.60000000000011,-2.020876356197147,901.1032355863501,209.3004585992763,-0.05724999999999999,19.892179142843798,-3.1815342299259197,0.875,-4.282892244898132,4.265834338774906
45.80000000000011,-1.94412501503185,905.0844678495183,208.63914018609523,-0.09724999999999999,19.92014348883757,-3.4316499018849025,0.125,-4.282892244898132,4.265834338774906
46.000000000000114,-1.23016026458271,909.0661079063074,207.9613510388885,-0.05724999999999999,19.896257079052624,-3.346241570182353,0.375,-4.282892244898132,4.265834338774906
46.20000000000012,-0.7704232987278764,912.9944184024271,207.3716486210002,0.060000000000000005,19.386847882144,-2.5507826087006458,0.125,-4.282892244898132,4.265834338774906
46.40000000000012,-0.6945955114443156,916.8332106922395,206.91099972940265,0.060000000000000005,19.00107501598035,-2.055706307274877,0.375,-4.282892244898132,4.265834338774906
46.60000000000012,-0.8885534466446146,920.6236186580071,206.50825655617265,0.020000000000000004,18.903004641696175,-1.9717254250250393,0.875,-4.282892244898132,4.265834338774906
46.800000000000125,-1.2640230018781922,924.401762919384,206.0957374485819,-0.019999999999999997,18.878437972073883,-2.153465650882412,0.625,-4.282892244898132,4.265834338774906
47.00000000000013,-2.2206934698364575,928.1889807367187,205.62765865002245,-0.06,18.9937402012723,-2.5273223347121108,0.875,-4.282892244898132,4.265834338774906
47.20000000000013,-2.8875828441993443,932.0044875123974,205.02624045828136,-0.1745,19.161327555515516,-3.486859582698648,0.375,-4.282892244898132,4.265834338774906
47.400000000000134,-2.6288531826211003,935.8554220794257,204.25872910332802,-0.1745,19.348018114767385,-4.188253966834699,0.375,-4.282892244898132,4.265834338774906
47.600000000000136,-1.795840202838069,939.7250003239017,203.44758290333502,-0.057249999999999995,19.347764329992387,-3.923208033095351,0.625,-4.282892244898132,4.265834338774906
47.80000000000014,-1.2632448429386953,943.5494853706584,202.75366524085968,0.06,18.897086137575453,-3.0159685916580776,0.625,-4.282892244898132,4.265834338774906
48.00000000000014,-0.9405444652511114,947.2874064893276,202.20754735391372,0.06,18.482125049116572,-2.4452102778013685,0.375,-4.282892244898132,4.265834338774906
48.200000000000145,-0.9582089682781594,950.9425393882874,201.75369847757372,0.06,18.06920394048175,-2.0932784855987117,0.125,-4.282892244898132,4.265834338774906
48.40000000000015,-1.0073437955801332,954.5421185552411,201.3351959880444,0.019999999999999997,17.926587729056013,-2.0917464096945317,0.625,-4.282892244898132,4.265834338774906
48.60000000000015,-1.2948915237668615,958.1032988962834,200.91536495899715,0.019999999999999997,17.6852156813661,-2.1065638807780114,0.125,-4.282892244898132,4.265834338774906
48.80000000000015,-1.3053371674131065,961.6276702698384,200.4700370623285,-0.020000000000000004,17.55849805418432,-2.3467150859085524,0.125,-4.282892244898132,4.265834338774906
49.000000000000156,-1.542736664346847,965.1190754441237,200.00262106417455,0.019999999999999997,17.355553688669314,-2.327444895630785,0.375,-4.282892244898132,4.265834338774906
49.20000000000016,-2.3581846279146865,968.5917045276587,199.51605474529762,-0.020000000000000004,17.370737146680952,-2.538218293138324,0.875,-4.1991033900660115,4.372948022207017
49.40000000000016,-3.149143205928814,972.0790147463313,198.9333377815854,-0.13724999999999998,17.50236504004438,-3.2889513439837206,0.375,-4.1991033900660115,4.372948022207017
49.600000000000165,-3.6868544205790195,975.597279239674,198.1995463378632,-0.1745,17.680279893382895,-4.048963093238258,0.375,-4.1991033900660115,4.372948022207017
49.80000000000017,-4.032006586152431,979.1620388006924,197.3324217651736,-0.1745,17.967315716800407,-4.622282633657875,0.875,-4.1991033900660115,4.372948022207017
50.00000000000017,-4.024404197098569,982.7849951538036,196.36710561108055,-0.1745,18.262247814312005,-5.0308789072726245,0.875,-4.1991033900660115,4.372948022207017
50.20000000000017,-4.225180818158546,986.44515068065,195.360069602376,-0.13449999999999998,18.339307454152273,-5.039481179772973,0.125,-4.1991033900660115,4.372948022207017
50.400000000000176,-4.105973827532101,990.1431639850797,194.32424871940003,-0.1745,18.64082559014411,-5.3187276499866405,0.875,-4.1991033900660115,4.372948022207017
50.60000000000018,-3.786462054372253,993.884055095862,193.2695066060452,-0.13449999999999998,18.76808551767851,-5.228693483561427,0.375,-4.1991033900660115,4.372948022207017
50.80000000000018,-3.316158873929104,997.6350820059125,192.2571389343524,-0.09449999999999997,18.742183582827135,-4.894983233366462,0.125,-4.1991033900660115,4.372948022207017
51.000000000000185,-3.211505946380445,1001.3842171570737,191.32524209437187,-0.05449999999999997,18.74916792878521,-4.423985166439009,0.875,-4.1991033900660115,4.372948022207017
51.20000000000019,-2.9058365496724123,1005.1483146485523,190.44793271212333,-0.09449999999999997,18.891806986000045,-4.349108656046401,0.875,-4.1991033900660115,4.372948022207017
51.40000000000019,-2.4859057875118284,1008.9196653374565,189.61031132770157,-0.05449999999999997,18.821699903042372,-4.027105188171271,0.375,-4.1991033900660115,4.372948022207017
51.60000000000019,-2.8684544171453363,1012.6597417938791,188.85104211149113,-0.014499999999999971,18.579064661183626,-3.5655869739332804,0.125,-4.1991033900660115,4.372948022207017
51.800000000000196,-3.378462851313059,1016.3985441406797,188.0964150900307,-0.13174999999999998,18.80895880682317,-3.980683240670968,0.875,-4.1991033900660115,4.372948022207017
52.0000000000002,-3.481849995677253,1020.1797527457535,187.24567350835025,-0.1745,19.00312724391429,-4.526732576133272,0.375,-4.1991033900660115,4.372948022207017
52.2000000000002,-3.312040241788088,1023.9889660369014,186.32830949484733,-0.13449999999999998,19.089005667564418,-4.646907558896034,0.125,-4.1991033900660115,4.372948022207017
52.400000000000205,-2.9669837239703183,1027.805796850664,185.41675199094334,-0.09449999999999997,19.079302470060565,-4.468667480143787,0.125,-4.1991033900660115,4.372948022207017
52.60000000000021,-2.9484181460466097,1031.6092242754428,184.5607122301092,-0.05449999999999997,18.954971777728797,-4.091730128197554,0.125,-4.1991033900660115,4.372948022207017
52.80000000000021,-3.4028897275106287,1035.4152805939057,183.74136980771624,-0.09449999999999997,19.10559140689918,-4.101694095732071,0.875,-4.1991033900660115,4.372948022207017
53.00000000000021,-3.6890682828933166,1039.2659949557167,182.86877036309045,-0.1745,19.40155221121081,-4.624300350525783,0.875,-4.1991033900660115,4.372948022207017
53.200000000000216,-3.855488807783529,1043.1767763189648,181.90726438243576,-0.1745,19.70626142126944,-4.990759456021284,0.875,-4.1991033900660115,4.372948022207017
53.40000000000022,-3.6985327020567538,1047.1491496928309,180.88404331773407,-0.1745,20.017472317391974,-5.241451190995657,0.875,-4.1991033900660115,4.372948022207017
53.60000000000022,-3.8211665985495658,1051.166552753727,179.84956467824148,-0.13449999999999998,20.156558291569247,-5.103335203930173,0.375,-4.1991033900660115,4.372948022207017
53.800000000000225,-3.6316676350215165,1055.2245125653772,178.8094026919669,-0.1745,20.423039824932694,-5.298284658815602,0.625,-4.1991033900660115,4.372948022207017
54.00000000000023,-3.2399384091897176,1059.323312196101,177.76741100614916,-0.13449999999999998,20.564956482305536,-5.1216321993618,0.375,-4.1991033900660115,4.372948022207017
54.20000000000023,-2.723030918855105,1063.4400887610443,176.78534719756743,-0.09449999999999997,20.602809167127557,-4.699005886455468,0.375,-4.1991033900660115,4.372948022207017
54.40000000000023,-1.7003987090295323,1067.552631287107,175.90333077175578,-0.05449999999999997,20.52261609349933,-4.121158371661211,0.375,-4.1991033900660115,4.372948022207017
54.600000000000236,-1.7150603213346876,1071.600888893156,175.19591107351832,0.06275000000000003,19.95995996699096,-2.9530386107135143,0.375,-4.1991033900660115,4.372948022207017
54.80000000000024,-2.450644219580055,1075.5908561139643,174.60435658213703,-0.054499999999999965,19.93971224109099,-2.9625063030992247,0.375,-4.1991033900660115,4.372948022207017
55.00000000000024,-2.6927515635958894,1079.6065497817676,173.9315949817509,-0.17174999999999996,20.217224436942942,-3.7651097007622503,0.875,-4.1991033900660115,4.372948022207017
55.200000000000244,-3.1149056773675223,1083.6639449366955,173.1508160760689,-0.13174999999999995,20.356727112337023,-4.042679356057451,0.375,-4.1991033900660115,4.372948022207017
55.40000000000025,-3.381162012367418,1087.7654265119043,172.29123977641413,-0.1745,20.65808863975094,-4.553083640490419,0.875,-4.1991033900660115,4.372948022207017
55.60000000000025,-3.5428745915812465,1091.9232444926192,171.34609792030346,-0.1745,20.920091167398994,-4.898334920616327,0.625,-4.1991033900660115,4.372948022207017
55.80000000000025,-3.6337451206899947,1096.1292154713974,170.34381945761672,-0.1745,21.13961862038309,-5.124449706251103,0.375,-4.1991033900660115,4.372948022207017
56.000000000000256,-3.407283869730699,1100.3795581876097,169.3038370991129,-0.1745,21.363808541740873,-5.275373878787047,0.375,-4.1991033900660115,4.372948022207017
56.20000000000026,-2.503458081546568,1104.6771513167114,168.26915285352035,-0.13449999999999998,21.612122749276587,-5.0714685771385435,0.875,-4.1991033900660115,4.372948022207017
56.40000000000026,-1.6666100244669313,1108.974535109397,167.36209823934917,-0.017249999999999988,21.361715177580827,-3.9990775645733274,0.375,-4.1991033900660115,4.372948022207017
56.600000000000264,-1.8410646155301946,1113.2105833475744,166.65970971081833,0.022750000000000013,20.998767204193257,-3.0248077207348762,0.375,-4.1991033900660115,4.372948022207017
56.80000000000027,-1.7004318189331307,1117.4179787191065,166.03514656916528,-0.09449999999999997,21.075186511128518,-3.2208236957955934,0.375,-4.1991033900660115,4.372948022207017
57.00000000000027,-1.8540458165143,1121.6353028015847,165.40608981749904,-0.05449999999999997,21.09805431365406,-3.0697438208669334,0.625,-4.1991033900660115,4.372948022207017
57.20000000000027,-2.4702718004048356,1125.8675165143197,164.77393837526654,-0.09449999999999997,21.22408281369665,-3.2517706014579986,0.625,-4.1991033900660115,4.372948022207017
57.400000000000276,-2.612002036199029,1130.141216588338,164.051350676043,-0.1745,21.51291792648727,-3.9741063907774574,0.875,-4.1991033900660115,4.372948022207017
57.60000000000028,-2.960535843003942,1134.458940290267,163.23828622344456,-0.13449999999999998,21.664319092803314,-4.156538135206823,0.375,-4.1991033900660115,4.372948022207017
57.80000000000028,-2.9198259079144724,1138.8128768853571,162.3637836992407,-0.1745,21.87504685809867,-4.5884871068316055,0.375,-4.1991033900660115,4.372948022207017
58.000000000000284,-3.1431486037716083,1143.1983476781554,161.44910505218434,-0.13449999999999998,21.979661069884212,-4.558299363732178,0.125,-4.1991033900660115,4.372948022207017
58.20000000000029,-3.2743986598994574,1147.626103484381,160.50539408442435,-0.1745,22.297896992372557,-4.878810313867739,0.875,-4.1991033900660115,4.372948022207017
58.40000000000029,-3.074119902113021,1152.1034763598734,159.51088869925124,-0.1745,22.47583176255159,-5.06624353786326,0.125,-4.1991033900660115,4.372948022207017
58.60000000000029,-3.196746284166138,1156.6193668376056,158.5174149003043,-0.13449999999999998,22.683073014769903,-4.868494451606251,0.625,-4.1991033900660115,4.372948022207017
58.800000000000296,-3.2617705753222115,1161.1788830940966,157.52472347764999,-0.1745,22.912089550139445,-5.058419774936864,0.375,-4.1991033900660115,4.372948022207017
59.0000000000003,-3.006190216618588,1165.7846740899,156.50065433118363,-0.1745,23.145820407894266,-5.182271689726752,0.375,-4.1991033900660115,4.372948022207017
59.2000000000003,-2.034876819845885,1170.4399545649014,155.490339951766,-0.13449999999999998,23.406984342120264,-4.920872104449551,0.875,-4.1991033900660115,4.372948022207017
59.400000000000304,-1.661006086845482,1175.0966711980302,154.62822638713973,-0.017249999999999988,23.16018198916829,-3.7002635418131646,0.375,-4.1991033900660115,4.372948022207017
59.60000000000031,-2.2105947815694007,1179.7306305375434,153.9325506473131,-0.05724999999999999,23.17941140596493,-3.2564938564531687,0.625,-4.1991033900660115,4.372948022207017
59.80000000000031,-2.563430460080026,1184.3957810222062,153.21150028794546,-0.1745,23.47209344066244,-3.954009737223334,0.875,-4.1991033900660115,4.372948022207017
60.00000000000031,-2.505896870917586,1189.1114544395339,152.3745301725221,-0.1745,23.684640732613985,-4.41569141701018,0.375,-4.1991033900660115,4.372948022207017
60.200000000000315,-2.174558896272599,1193.8647964027784,151.49598211147116,-0.13449999999999998,23.848778899832702,-4.369789193499097,0.375,-4.1991033900660115,4.372948022207017
60.40000000000032,-2.224743678974442,1198.6464978213041,150.66127141562907,-0.09449999999999997,23.968235285424903,-3.977317764921761,0.625,-4.1991033900660115,4.372948022207017
60.60000000000032,-2.6492523266951706,1203.4614268848384,149.85653194923663,-0.13449999999999998,24.181055349916363,-4.070076899002856,0.625,-3.947328225285454,3.908699754484067
60.800000000000324,-2.637105673323152,1208.327954421547,148.98433839340487,-0.1745,24.48422001716948,-4.651858659314682,0.875,-3.947328225285454,3.908699754484067
61.00000000000033,-1.811606174213693,1213.2364194456745,148.05392939235765,-0.13449999999999998,24.600430224105263,-4.652231351157492,0.125,-3.947328225285454,3.908699754484067
61.20000000000033,-2.076154197476247,1218.145683153524,147.22999895420784,-0.017249999999999988,24.492206854389657,-3.587073030340493,0.875,-3.947328225285454,3.908699754484067
61.40000000000033,-2.5248540185572486,1223.0598072566995,146.47737187977427,-0.13449999999999998,24.64903417736405,-3.9391977139952354,0.375,-3.947328225285454,3.908699754484067
61.600000000000335,-1.9864237261885869,1228.0097887175643,145.6294691555601,-0.1745,24.850780431284253,-4.539829528146666,0.375,-3.947328225285454,3.908699754484067
61.80000000000034,-2.450891397978782,1232.9858797620052,144.78993832239112,-0.057249999999999995,24.910130013123947,-3.8554788035429866,0.875,-3.947328225285454,3.908699754484067
62.00000000000034,-1.916498530400591,1237.9878647767023,143.95636242609132,-0.1745,25.10972013384707,-4.4802801594550274,0.375,-3.947328225285454,3.908699754484067
62.200000000000344,-2.3907439028247444,1243.0159712988798,143.12882887204796,-0.057249999999999995,25.171345087927694,-3.795055380978557,0.875,-3.947328225285454,3.908699754484067
62.40000000000035,-2.4044629212976956,1248.0700374789837,142.30561844464157,-0.1745,25.369316713113125,-4.43704889308537,0.375,-3.947328225285454,3.908699754484067
62.60000000000035,-2.3958217743241765,1253.170619368856,141.4123399069782,-0.13449999999999998,25.636502185608553,-4.49573648354838,0.875,-3.947328225285454,3.908699754484067
62.80000000000035,-2.6669663102198395,1258.3247953478847,140.5102647295628,-0.13449999999999998,25.905257604676997,-4.525015290605333,0.875,-3.947328225285454,3.908699754484067
63.000000000000355,-2.5353089441053838,1263.5278709379375,139.56550965158488,-0.1745,26.12549829585184,-4.922535489173939,0.375,-3.947328225285454,3.908699754484067
63.20000000000036,-2.432371785245531,1268.7803925452768,138.5945254029821,-0.13449999999999998,26.39971777754117,-4.787306996853693,0.875,-3.947328225285454,3.908699754484067
63.40000000000036,-2.649070704997402,1274.087773718944,137.64695326184003,-0.13449999999999998,26.674093959130047,-4.6884144145671405,0.875,-3.947328225285454,3.908699754484067
63.600000000000364,-1.9026081502540664,1279.445222032497,136.67591871499235,-0.1745,26.900389176400765,-5.021931053909649,0.375,-3.947328225285454,3.908699754484067
63.80000000000037,-2.2927639714424606,1284.8299422066466,135.77472395208355,-0.057249999999999995,26.94681256509569,-3.9900165751783367,0.875,-3.947328225285454,3.908699754484067
64.00000000000037,-2.235349955899126,1290.239765225723,134.9200118593856,-0.1745,27.15141762566773,-4.557104351801282,0.375,-3.947328225285454,3.908699754484067
64.20000000000037,-1.8890947059567884,1295.6826982392179,134.01518424799488,-0.13449999999999998,27.27791250928019,-4.491171762105765,0.125,-3.947328225285454,3.908699754484067
64.40000000000038,-2.263950499455531,1301.1519203179148,133.16393123697358,-0.09449999999999997,27.414308277688477,-4.021358348107109,0.625,-3.947328225285454,3.908699754484067
64.60000000000038,-2.496136689423913,1306.655341901173,132.30424085946873,-0.1745,27.619907554894016,-4.575545426941281,0.375,-3.947328225285454,3.908699754484067
64.80000000000038,-2.6362011632383755,1312.1968015617074,131.35375560543886,-0.1745,27.794689050451353,-4.929307113357505,0.125,-3.947328225285454,3.908699754484067
65.00000000000038,-2.7081014977375473,1317.7891262695805,130.34244616792623,-0.1745,28.128558028279432,-5.1837872617689795,0.875,-3.947328225285454,3.908699754484067
65.20000000000039,-2.736642113430476,1323.4490654988172,129.2896662659697,-0.1745,28.470834264086246,-5.344011757796508,0.875,-3.947328225285454,3.908699754484067
65.40000000000039,-2.4265243387620967,1329.1730947527553,128.21192139502844,-0.1745,28.7694582752961,-5.433436951616003,0.625,-3.947328225285454,3.908699754484067
65.60000000000039,-2.540530993510406,1334.941167833406,127.16972596726492,-0.13449999999999998,28.9112725312108,-4.988517326019102,0.125,-3.947328225285454,3.908699754484067
65.8000000000004,-2.599124709874922,1340.7522216301084,126.15075443111022,-0.1745,29.199265435811515,-5.201198035528033,0.625,-3.947328225285454,3.908699754484067
66.0000000000004,-2.6270307150327814,1346.611762400711,125.09902271971592,-0.1745,29.39614227021545,-5.316119078414985,0.125,-3.947328225285454,3.908699754484067
66.2000000000004,-2.6286355798638583,1352.5258559808153,124.02614911254406,-0.1745,29.74479353082784,-5.412616993303528,0.875,-3.947328225285454,3.908699754484067
66.4000000000004,-1.6658492103759008,1358.505126515256,122.93883102693675,-0.1745,30.047911813578658,-5.46056386276949,0.625,-3.947328225285454,3.908699754484067
66.6000000000004,-2.019656684167916,1364.5182965902075,121.99527271684796,-0.057249999999999995,30.083788935934273,-3.975019238118392,0.875,-3.947328225285454,3.908699754484067
66.80000000000041,-1.9062080674902266,1370.5551629178149,121.1436534546752,-0.1745,30.28487434013883,-4.541173383609209,0.375,-3.947328225285454,3.908699754484067
67.00000000000041,-1.5027615609623184,1376.6257293199074,120.2517480084709,-0.13449999999999998,30.420789680785795,-4.377881078433876,0.125,-3.947328225285454,3.908699754484067
67.20000000000041,-1.2444085364764381,1382.7295644013393,119.43685351215343,-0.09449999999999997,30.617561133532636,-3.771063884740716,0.875,-3.947328225285454,3.908699754484067
67.40000000000042,-1.075706255626592,1388.8730492863049,118.72105725238148,-0.09449999999999997,30.817287716123488,-3.3868987129788257,0.875,-3.947328225285454,3.908699754484067
67.60000000000042,-0.6360984920404553,1395.0515841896424,118.06888274613505,-0.09449999999999997,30.968061317252623,-3.134846349485575,0.625,-3.947328225285454,3.908699754484067
67.80000000000042,-0.36164885775059674,1401.2492846821858,117.5105467921281,-0.05449999999999997,31.008943608180388,-2.4485131905839754,0.625,-3.947328225285454,3.908699754484067
68.00000000000043,-0.7644111557844423,1407.4615221452098,117.06313105611355,-0.05449999999999997,31.11343102205811,-2.0256441695615295,0.875,-3.947328225285454,3.908699754484067
68.20000000000043,-1.7606304319185526,1413.6352991544816,116.83381646398233,0.06275000000000003,30.624339070661073,-0.2675017517506362,0.625,-3.947328225285454,3.908699754484067
68.40000000000043,-1.4434129866515284,1419.7069204102806,116.9302790467925,0.10275000000000004,30.091873487330375,1.2321275798523486,0.875,-3.947328225285454,3.908699754484067
68.60000000000043,-0.30964560209833625,1425.7176881399369,117.12814968622006,-0.014499999999999957,30.015803809232136,0.7465788144231473,0.125,-3.947328225285454,3.908699754484067
68.80000000000044,-0.11257373641205812,1431.7194233908476,117.10698926708321,-0.13174999999999995,30.001548699875222,-0.9581830057915932,0.125,-3.947328225285454,3.908699754484067
69.00000000000044,-0.051094541972439705,1437.7380671855933,116.8508902414858,-0.09174999999999994,30.18488924758257,-1.602807250182468,0.875,-3.947328225285454,3.908699754484067
69.20000000000044,-0.3149713819973936,1443.7862116086608,116.53910420257199,-0.05174999999999994,30.296554983091315,-1.5150531389556194,0.875,-3.947328225285454,3.908699754484067
69.40000000000045,-0.3989170465826152,1449.8442285131036,116.29163194977254,-0.011749999999999941,30.283614061337467,-0.9596693890389442,0.875,-3.947328225285454,3.908699754484067
69.60000000000045,-0.5188389522141944,1455.9206262468317,115.99001424348299,-0.12899999999999995,30.48036327594433,-2.0565076738566015,0.875,-3.947328225285454,3.908699754484067
69.80000000000045,-0.25928808395979175,1462.035432942006,115.55914618408009,-0.08899999999999994,30.667703675799377,-2.2521729201723355,0.875,-3.947328225285454,3.908699754484067
70.00000000000045,-0.2326889172748843,1468.1781641498665,115.14828601958911,-0.04899999999999994,30.759608402805345,-1.8564287247375282,0.875,-3.947328225285454,3.908699754484067
70.20000000000046,-0.8620558046946946,1474.326120454482,114.85299052596436,-0.008999999999999939,30.719954643348537,-1.09652621150994,0.875,-3.947328225285454,3.908699754484067
70.40000000000046,-0.309557821831008,1480.4518877202072,114.73026837050347,0.031000000000000062,30.53771801390415,-0.13069534309904318,0.875,-3.947328225285454,3.908699754484067
70.60000000000046,-0.27894154327642834,1486.561344071925,114.61944892286112,-0.08624999999999994,30.556845503273657,-0.9774991333243835,0.125,-3.947328225285454,3.908699754484067
70.80000000000047,-0.5892384841792144,1492.6833818671232,114.41879412714547,-0.04624999999999994,30.663532448708327,-1.0290488238321744,0.875,-3.947328225285454,3.908699754484067
71.00000000000047,-0.16081381573355993,1498.8143630891757,114.26045259096871,-0.006249999999999936,30.646279771815525,-0.5543665379355012,0.875,-3.947328225285454,3.908699754484067
71.20000000000047,-0.3141893940647997,1504.9471756131422,114.03419607667175,-0.12349999999999993,30.681845467850106,-1.7081986050341817,0.125,-3.947328225285454,3.908699754484067
71.40000000000047,-0.0749051604500238,1511.101271360927,113.66791511455871,-0.08349999999999994,30.85911200999844,-1.9546110160961774,0.875,-3.947328225285454,3.908699754484067
71.60000000000048,-0.40504268633537793,1517.2811950076027,113.3136974945655,-0.043499999999999935,30.940124456757854,-1.5875651838359384,0.875,-3.947328225285454,3.908699754484067
71.80000000000048,-0.2548239722675033,1523.4639988733352,113.07062714588857,-0.0034999999999999337,30.887914200567355,-0.8431383029335053,0.875,-3.947328225285454,3.908699754484067
72.00000000000048,-0.3329623888402894,1529.6608519972926,112.79869185650736,-0.12074999999999993,31.08061703900656,-1.8762145908785925,0.875,-3.947328225285454,3.908699754484067
72.20000000000049,-0.04335689821345662,1535.894246875676,112.41027002095387,-0.08074999999999993,31.253331744826575,-2.0080037646562174,0.875,-3.947328225285454,3.908699754484067
72.40000000000049,-0.8280596352489773,1542.1519549664981,112.05380086438318,-0.04074999999999993,31.323749163395707,-1.556687801050796,0.875,-3.947328225285454,3.908699754484067
72.60000000000049,-1.3175869218582763,1548.4267055570233,111.61824966610934,-0.15799999999999992,31.423756741855637,-2.7988241816876576,0.375,-3.947328225285454,3.908699754484067
72.8000000000005,-1.2762524736321268,1554.7316586416798,110.9789403623381,-0.15799999999999992,31.625774104708555,-3.594268856024725,0.625,-3.947328225285454,3.908699754484067
73.0000000000005,-0.9059494200748165,1561.0765938016316,110.26506751250467,-0.11799999999999991,31.82357749480819,-3.5444596423094596,0.625,-3.947328225285454,3.908699754484067
73.2000000000005,-0.6736483400986979,1567.457208536203,109.61472131605746,-0.0779999999999999,31.98256985090766,-2.9590023221626627,0.875,-3.947328225285454,3.908699754484067
73.4000000000005,-0.863821204125027,1573.8701017937224,109.05937700332444,-0.0779999999999999,32.14636272428517,-2.5944408051674914,0.875,-3.947328225285454,3.908699754484067
73.6000000000005,-1.4542738831309139,1580.3175375314065,108.50840711880332,-0.11799999999999991,32.32799465255689,-2.9152580400437724,0.625,-3.947328225285454,3.908699754484067
73.80000000000051,-0.806776716492259,1586.7976111481773,107.82765288687597,-0.1745,32.472741515150595,-3.8922842792297305,0.375,-3.947328225285454,3.908699754484067
74.00000000000051,-0.41557262257466854,1593.295494206131,107.15569356681787,-0.057249999999999995,32.50608906438546,-2.82730892135125,0.625,-3.947328225285454,3.908699754484067
74.20000000000051,-0.16356367447249984,1599.8022555836872,106.65410445076793,-0.057249999999999995,32.561524711176276,-2.188582239148111,0.625,-3.947328225285454,3.908699754484067
74.40000000000052,-0.8507526249760533,1606.3068232884923,106.31129784948348,-0.017249999999999995,32.48415233687415,-1.2394837736964697,0.625,-3.947328225285454,3.908699754484067
74.60000000000052,-0.28265171847863757,1612.786728703198,106.17490770109679,0.022750000000000006,32.3149018101829,-0.12441771017050862,0.875,-3.947328225285454,3.908699754484067
74.80000000000052,-0.2652435595904228,1619.2516581976558,106.05787528058855,-0.09449999999999999,32.33439313439702,-1.0459064949118153,0.125,-3.947328225285454,3.908699754484067
75.00000000000053,-0.5990477292360029,1625.7307354790562,105.84534480184927,-0.054499999999999986,32.45637967960592,-1.0793982924809773,0.875,-3.947328225285454,3.908699754484067
75.20000000000053,-0.18962449504107207,1632.2222094905135,105.68346675716896,-0.014499999999999985,32.45836043496707,-0.5393821543220736,0.875,-3.947328225285454,3.908699754484067
75.40000000000053,-0.32852825080647674,1638.7311143508193,105.44634695983437,-0.13174999999999998,32.63068816809091,-1.8318158190238143,0.875,-3.947328225285454,3.908699754484067
75.60000000000053,-0.062144418682006514,1645.2762294896556,105.05616680030697,-0.09174999999999997,32.820463220271684,-2.069985776250221,0.875,-3.947328225285454,3.908699754484067
75.80000000000054,-0.44663244796008206,1651.8504083861478,104.68561621219101,-0.05174999999999997,32.92132574465048,-1.6355201049094572,0.875,-3.947328225285454,3.908699754484067
76.00000000000054,-0.754958516569323,1658.4315509980572,104.44236203040985,-0.011749999999999969,32.890100374444316,-0.7970217129020973,0.875,-3.947328225285454,3.908699754484067
76.20000000000054,-0.0593023442595067,1665.0094773755136,104.33338769099535,-0.011749999999999969,32.8891634001194,-0.292721681242861,0.875,-3.947328225285454,3.908699754484067
76.40000000000055,-0.206104731873034,1671.6035967806636,104.13983009142785,-0.12899999999999995,33.05203065137965,-1.6428543144321355,0.875,-3.947328225285454,3.908699754484067
76.60000000000055,-0.29682669756202695,1678.2174673698828,103.78679720318054,-0.08899999999999994,33.08667524081201,-1.8874745680409841,0.125,-3.947328225285454,3.908699754484067
76.80000000000055,-0.002569003216414817,1684.8533976972387,103.39322132377791,-0.08899999999999994,33.272628032747924,-2.048284225985394,0.875,-3.947328225285454,3.908699754484067
77.00000000000055,-0.18686441432908485,1691.5171410802348,103.03316434534752,-0.04899999999999994,33.36480579721212,-1.5522855583185204,0.875,-3.947328225285454,3.908699754484067
77.20000000000056,-0.6490327680682229,1698.2001189456107,102.75308464539421,-0.04899999999999994,33.46497285654707,-1.2485114412145975,0.875,-3.947328225285454,3.908699754484067
77.40000000000056,-0.9213159530493338,1704.8750224453051,102.58081520107595,-0.008999999999999939,33.28406214039835,-0.4741830019679524,0.125,-3.947328225285454,3.908699754484067
77.60000000000056,-0.07640004718372548,1711.5315976637132,102.53089912150288,-0.008999999999999939,33.28169004368259,-0.024977793762699596,0.875,-3.947328225285454,3.908699754484067
77.80000000000057,-0.43619003633902365,1718.2032168109465,102.38430247920788,-0.12624999999999992,33.43450142864918,-1.4409886291873497,0.875,-3.947328225285454,3.908699754484067
78.00000000000057,-0.3883308333018637,1724.9104010493363,102.0088392305233,-0.12624999999999992,33.63734095524932,-2.313643857658486,0.875,-3.947328225285454,3.908699754484067
78.20000000000057,-0.001290653079187437,1731.6562119801895,101.55319665860779,-0.08624999999999991,33.82076835328309,-2.2427818614965,0.875,-3.947328225285454,3.908699754484067
78.40000000000057,-0.22646045793672478,1738.413242804602,101.17073911492727,-0.04624999999999991,33.74953989084357,-1.5817935753086982,0.125,-3.947328225285454,3.908699754484067
78.60000000000058,-0.7170292715453918,1745.17225324687,100.89249584176099,-0.04624999999999991,33.8405645318362,-1.2006391563540795,0.875,-3.947328225285454,3.908699754484067
78.80000000000058,-1.3573955673080365,1751.9360835711072,100.73521903172575,-0.006249999999999908,33.79773871053592,-0.3721289439983253,0.875,-3.947328225285454,3.908699754484067
79.00000000000058,-0.7253768029624523,1758.661542472556,100.76776093621504,0.03375000000000009,33.45685030395187,0.697547988891247,0.125,-3.947328225285454,3.908699754484067
79.20000000000059,-0.45420392093106804,1765.3527066781996,100.80099005752673,-0.08349999999999991,33.454791752483494,-0.3652567757743521,0.125,-3.947328225285454,3.908699754484067
79.40000000000059,-0.8191170763026014,1772.0522196842,100.5295755166902,-0.1745,33.54033830752178,-2.3488886325909935,0.875,-3.947328225285454,3.908699754484067
79.60000000000059,-0.9579092807994112,1778.7685978228835,99.99782281754293,-0.13449999999999998,33.623443079312615,-2.9686383588818144,0.125,-4.433613326380947,4.230278951983253
79.8000000000006,-1.3969215286832553,1785.5093443480025,99.37951842357239,-0.13449999999999998,33.784022171877155,-3.21440558082356,0.375,-4.433613326380947,4.230278951983253
80.0000000000006,-1.6544553029401672,1792.2778179720135,98.66092153994319,-0.1745,33.90071406823277,-3.971563255468516,0.125,-4.433613326380947,4.230278951983253
80.2000000000006,-1.804651754664225,1799.0733778093413,97.82113792275516,-0.1745,34.05488430504611,-4.426272916411778,0.125,-4.433613326380947,4.230278951983253
80.4000000000006,-1.8850555328578418,1805.9117384336944,96.90707505202786,-0.1745,34.32872193848411,-4.714355790861144,0.625,-4.433613326380947,4.230278951983253
80.6000000000006,-1.925269358791672,1812.8061372566174,95.94716419362979,-0.1745,34.61526629074486,-4.884752793119642,0.625,-4.433613326380947,4.230278951983253
80.80000000000061,-0.8403154435120634,1819.7634931002367,94.9593450727874,-0.1745,34.9582921454485,-4.9934384153042615,0.875,-4.433613326380947,4.230278951983253
81.00000000000061,-0.5932179616075196,1826.7597192493472,94.15329156948478,-0.057249999999999995,35.00396934565538,-3.0670966177218815,0.875,-4.433613326380947,4.230278951983253
81.20000000000061,-0.07871361873563382,1833.7667445031916,93.5833665323539,-0.09725,35.06628319278864,-2.6321537535868322,0.125,-4.433613326380947,4.230278951983253
81.40000000000062,-1.2986409912518506,1840.785118598237,93.14744734863132,-0.05725,35.117457757664624,-1.7270380836390347,0.625,-4.433613326380947,4.230278951983253
81.60000000000062,-1.0124047738875075,1847.7470660962333,93.04246702937611,0.05999999999999999,34.50201722229939,0.6772348910869885,0.375,-4.433613326380947,4.230278951983253
81.80000000000062,-0.21833513877470623,1854.6551402610437,93.12789508106259,-0.05725,34.578724425804374,0.17704562577783833,0.625,-4.433613326380947,4.230278951983253
82.00000000000063,-0.5873573908868462,1861.5709357529256,92.95007409935856,-0.1745,34.57923049301567,-1.9552554428181834,0.625,-4.433613326380947,4.230278951983253
82.20000000000063,-0.27732350158519437,1868.4993980674499,92.49423505420377,-0.13449999999999998,34.70539265222712,-2.6031350087296525,0.375,-4.433613326380947,4.230278951983253
82.40000000000063,-0.7719822722180881,1875.4184697432477,92.12489218797658,-0.017249999999999988,34.485324105750244,-1.0902936535422325,0.125,-4.433613326380947,4.230278951983253
82.60000000000063,-0.6971107769656749,1882.3094467579217,91.99189612573483,-0.017249999999999988,34.42444604099125,-0.23966696887534755,0.625,-4.433613326380947,4.230278951983253
82.80000000000064,-0.40784141762302617,1889.2069413129514,91.9305057005327,-0.05724999999999999,34.550499509304565,-0.37423728314588955,0.875,-4.433613326380947,4.230278951983253
83.00000000000064,-0.700592620113239,1896.120941927709,91.66409948269893,-0.1745,34.58950663827185,-2.2898248951918037,0.625,-4.433613326380947,4.230278951983253
83.20000000000064,-0.8654141401591036,1903.0625269076993,91.15365058691602,-0.13449999999999998,34.826343161630604,-2.8146640626372887,0.875,-4.433613326380947,4.230278951983253
83.40000000000065,-1.3230222459065528,1910.0531487697967,90.56003700397511,-0.13449999999999998,35.07987545934412,-3.1214717667717564,0.875,-4.433613326380947,4.230278951983253
83.60000000000065,-1.5873281528697367,1917.079548669063,89.85418739801656,-0.1745,35.184123533317674,-3.937024292813665,0.125,-4.433613326380947,4.230278951983253
83.80000000000065,-1.7396108744389527,1924.1310991881578,89.01872099199235,-0.1745,35.33138165763059,-4.417639767428373,0.125,-4.433613326380947,4.230278951983253
84.00000000000065,-1.4401696159495747,1931.2243260107825,88.10535618102752,-0.1745,35.60088656861689,-4.716008342219968,0.625,-4.433613326380947,4.230278951983253
84.20000000000066,-0.15371493639965345,1938.3701179142813,87.21434114417087,-0.13449999999999998,35.85703246637161,-4.194142026346502,0.625,-4.433613326380947,4.230278951983253
84.40000000000066,-0.9344690148338071,1945.5162969661594,86.60972179540938,-0.017249999999999988,35.60475805240837,-1.8520514612683825,0.375,-4.433613326380947,4.230278951983253
84.60000000000066,-0.4647530456519239,1952.600451718123,86.43286364847764,0.022750000000000013,35.236789467226416,0.08346999195083793,0.375,-4.433613326380947,4.230278951983253
84.80000000000067,-0.17452396675454548,1959.65903176153,86.36610470493042,-0.09449999999999997,35.349010966844766,-0.7510594274230025,0.625,-4.433613326380947,4.230278951983253
85.00000000000067,-0.549151783060462,1966.7314422156608,86.10250470083919,-0.13449999999999998,35.375093574462454,-1.8849406134893412,0.125,-4.433613326380947,4.230278951983253
85.20000000000067,-0.32889709877982753,1973.8136135891593,85.65871315221501,-0.13449999999999998,35.446620160522286,-2.5529748727524746,0.125,-4.433613326380947,4.230278951983253
85.40000000000067,-0.8255681918683446,1980.880771261033,85.30484495332013,-0.017249999999999988,35.224956558213954,-0.9857071161963511,0.125,-4.433613326380947,4.230278951983253
85.60000000000068,-0.7429786773097679,1987.919657874861,85.19485210104435,-0.017249999999999988,35.16390958006653,-0.1142214065614251,0.625,-4.433613326380947,4.230278951983253
85.80000000000068,-0.3822826199658233,1994.9649194029282,85.15688430118009,-0.05724999999999999,35.288705700604396,-0.2654565920812495,0.875,-4.433613326380947,4.230278951983253
86.00000000000068,-1.04686125889398,2002.0248778890568,84.90468285014202,-0.1745,35.31087916068254,-2.25655791829943,0.625,-4.433613326380947,4.230278951983253
86.20000000000068,-1.054335674183693,2009.1021763495244,84.33427084138945,-0.1745,35.4621054439921,-3.447562169226221,0.625,-4.433613326380947,4.230278951983253
86.40000000000069,-1.0516710573868293,2016.221809518382,83.64148194370408,-0.13449999999999998,35.734226244584185,-3.480326807627578,0.875,-4.433613326380947,4.230278951983253
86.60000000000069,-1.4205271097683627,2023.3959436628554,82.94397562355678,-0.13449999999999998,36.00711520014911,-3.49473639384546,0.875,-4.433613326380947,4.230278951983253
86.8000000000007,-1.6297372304376259,2030.609294940715,82.17736276575792,-0.1745,36.12639757844719,-4.17139218414312,0.125,-4.433613326380947,4.230278951983253
87.0000000000007,-1.7498878404847003,2037.8501021711606,81.30388175836303,-0.1745,36.2816747260098,-4.56341788980581,0.125,-4.433613326380947,4.230278951983253
87.2000000000007,-1.8074248979464735,2045.1387090425683,80.36602550620856,-0.1745,36.60439398806558,-4.815144631739013,0.875,-4.433613326380947,4.230278951983253
87.4000000000007,-0.6979579298335667,2052.478258118149,79.39109837371312,-0.1745,36.79109676774244,-4.934126693215315,0.125,-4.433613326380947,4.230278951983253
87.6000000000007,-1.2143477155828644,2059.841298055468,78.61126802116155,-0.057249999999999995,36.83930260545053,-2.864176832300415,0.875,-4.433613326380947,4.230278951983253
87.80000000000071,-1.120220770865696,2067.216852538508,77.94244703326727,-0.1745,36.9162422249523,-3.82403304664241,0.125,-4.433613326380947,4.230278951983253
88.00000000000071,-1.452052281128387,2074.6233837457926,77.19378102574096,-0.13449999999999998,37.1490698478931,-3.6626270286207605,0.625,-4.433613326380947,4.230278951983253
88.20000000000071,-0.4862243866761652,2082.070304428004,76.39793755499089,-0.1745,37.320136974220546,-4.29580767887996,0.375,-4.433613326380947,4.230278951983253
88.40000000000072,-1.1714047467461963,2089.5258980944545,75.72182730133272,-0.057249999999999995,37.23579969028631,-2.4652948577016995,0.125,-4.433613326380947,4.230278951983253
88.60000000000072,-2.446172348626566,2096.899905040885,75.53627391011841,0.06,36.50426977402232,0.6097609455585649,0.375,-4.433613326380947,4.230278951983253
88.80000000000072,-2.787458772040657,2104.130858743915,75.88458825314655,0.1,35.805267256271804,2.873382484722823,0.625,-4.433613326380947,4.230278951983253
89.00000000000072,-2.981268904021789,2111.258379786319,76.51571727116064,0.060000000000000005,35.46994316777129,3.437907695418082,0.125,-4.433613326380947,4.230278951983253
89.20000000000073,-3.090712478254145,2118.327631379607,77.23335216019841,0.060000000000000005,35.222572765108964,3.738441194959643,0.375,-4.433613326380947,4.230278951983253
89.40000000000073,-2.091770943658957,2125.3594155185124,77.9969866940269,0.060000000000000005,35.095268623948506,3.8979041433253117,0.875,-4.433613326380947,4.230278951983253
89.60000000000073,-2.5702589982377964,2132.3823554621567,78.59837158056106,-0.05724999999999999,35.134130812494945,2.115944722016314,0.625,-4.433613326380947,4.230278951983253
89.80000000000074,-2.4804866728536363,2139.372036724162,79.10131437012961,0.060000000000000005,34.76268180756159,2.913483173669147,0.125,-4.433613326380947,4.230278951983253
90.00000000000074,-2.0683835863595466,2146.3184254664384,79.66607375861399,0.020000000000000004,34.70120561519918,2.7341107111746177,0.625,-4.433613326380947,4.230278951983253
90.20000000000074,-2.184908524498208,2153.2565315974693,80.13936468775513,-0.019999999999999997,34.679855695109985,1.9987985802368176,0.375,-4.433613326380947,4.230278951983253
90.40000000000074,-1.8964980194435506,2160.1831114012803,80.55734233618544,0.020000000000000004,34.58594234299854,2.1809779040662822,0.625,-4.433613326380947,4.230278951983253
90.60000000000075,-1.7222241988576599,2167.092599380375,80.94172986423577,-0.019999999999999997,34.50893744794566,1.6628973764369854,0.125,-4.433613326380947,4.230278951983253
90.80000000000075,-1.6164022287392172,2173.990979656447,81.24280282133202,-0.019999999999999997,34.474865312776586,1.347832194525489,0.375,-4.433613326380947,4.230278951983253
91.00000000000075,-0.49846690880786715,2180.8920321228516,81.4931552336166,-0.019999999999999997,34.53565935127041,1.1556919283203961,0.875,-4.433613326380947,4.230278951983253
91.20000000000076,-0.1683402180549748,2187.802627999306,81.53038125266411,-0.13724999999999998,34.570299413274505,-0.7834317378453339,0.625,-4.433613326380947,4.230278951983253
91.40000000000076,-0.19862909834666861,2194.7196006839927,81.25796815118785,-0.13724999999999998,34.59942743359109,-1.9406992769172027,0.125,-4.433613326380947,4.230278951983253
91.60000000000076,-0.8599805395050388,2201.6496016307483,80.86411886290377,-0.09724999999999998,34.70058203396516,-1.997793605923624,0.375,-4.433613326380947,4.230278951983253
91.80000000000076,-0.4016638663829586,2208.5497917630614,80.6484066772408,0.020000000000000018,34.30131928916774,-0.15932825070600254,0.125,-4.433613326380947,4.230278951983253
92.00000000000077,-0.5676619273601685,2215.4221505924347,80.5371379048626,-0.09724999999999998,34.42226900456702,-0.9533594730759055,0.625,-4.433613326380947,4.230278951983253
92.20000000000077,-0.07020365221529004,2222.30955512995,80.17898481207787,-0.1745,34.45177637058564,-2.6281714547713766,0.375,-4.433613326380947,4.230278951983253
92.40000000000077,-0.22004543095948556,2229.200091770071,79.73961302432915,-0.057249999999999995,34.453590030628924,-1.7655464227159365,0.375,-4.433613326380947,4.230278951983253
92.60000000000078,-0.02564623695093804,2236.0972358094577,79.43631244254671,-0.057249999999999995,34.51785036323649,-1.2674593951084046,0.625,-4.433613326380947,4.230278951983253
92.80000000000078,-0.7916885928821084,2243.0199238924265,79.14823407750642,-0.09725,34.70903046645123,-1.6133242552945082,0.875,-4.433613326380947,4.230278951983253
93.00000000000078,-0.9016565816775437,2249.97347592102,78.6823238816174,-0.1745,34.826489819483655,-3.0457777035955496,0.625,-4.433613326380947,4.230278951983253
93.20000000000078,-0.9585895136036199,2256.964843562696,78.0520769289287,-0.13449999999999998,35.087186597273,-3.2566918232915754,0.875,-4.433613326380947,4.230278951983253
93.40000000000079,-1.3564426123541589,2264.0089580719086,77.38882407096136,-0.13449999999999998,35.353958494856,-3.3758367563818004,0.875,-4.433613326380947,4.230278951983253
93.60000000000079,-1.5849861145890087,2271.091406773347,76.6421014727497,-0.1745,35.47052851952571,-4.091389225734757,0.125,-4.433613326380947,4.230278951983253
93.8000000000008,-1.3359044103938134,2278.20090966236,75.78191171237971,-0.1745,35.624500370605645,-4.510508377965181,0.125,-4.433613326380947,4.230278951983253
94.0000000000008,-1.187381196657654,2285.3509354772696,74.92313422341456,-0.13449999999999998,35.87575777849073,-4.077266511686218,0.625,-4.433613326380947,4.230278951983253
94.2000000000008,-0.7204325590150904,2292.5402031477806,74.13417603649204,-0.13449999999999998,36.0169189266178,-3.812315357539089,0.125,-4.433613326380947,4.230278951983253
94.4000000000008,-1.2158918587281038,2299.7545694359287,73.45642985688438,-0.09449999999999997,36.1267439548626,-2.9651464385373827,0.375,-4.433613326380947,4.230278951983253
94.6000000000008,-1.499016247610565,2306.9936740918965,72.77243416256593,-0.1745,36.264302604817786,-3.874810504647194,0.375,-4.433613326380947,4.230278951983253
94.80000000000081,-0.5230556315431398,2314.2702568006034,71.94374909886437,-0.1745,36.50152448225158,-4.412040132368392,0.625,-4.433613326380947,4.230278951983253
95.00000000000081,-0.36520698077809777,2321.566828966933,71.24227158341944,-0.057249999999999995,36.464197181044774,-2.602735022080959,0.375,-4.433613326380947,4.230278951983253
95.20000000000081,-1.0119506906758327,2328.880439825156,70.74969669486687,-0.09725,36.67191140118421,-2.3230138634447317,0.875,-4.433613326380947,4.230278951983253
95.40000000000082,-0.9912655455418933,2336.2291691222076,70.16497138885659,-0.1745,36.81538156933434,-3.5242391966580944,0.625,-4.433613326380947,4.230278951983253
95.60000000000082,-1.3594705528904756,2343.619569857381,69.46226900477818,-0.13449999999999998,37.088625782399305,-3.5027846441260047,0.875,-4.433613326380947,4.230278951983253
95.80000000000082,-1.177043687193608,2351.0485939461732,68.69248058572823,-0.1745,37.20161510552055,-4.195099546373435,0.125,-4.433613326380947,4.230278951983253
96.00000000000082,-1.4615401499349245,2358.518235811587,67.88592124586708,-0.13449999999999998,37.49480354862035,-3.870493852238084,0.875,-4.433613326380947,4.230278951983253
96.20000000000083,-1.6164991863859153,2366.0352838067724,67.05694544482716,-0.1745,37.67567640323225,-4.419264158161125,0.375,-4.433613326380947,4.230278951983253
96.40000000000083,-1.7048664746408488,2373.5865634458814,66.14291918994472,-0.1745,37.837119987859474,-4.72099839066327,0.125,-4.433613326380947,4.230278951983253
96.60000000000083,-1.747217743485232,2381.186475221974,65.17915020963265,-0.1745,38.16199777306534,-4.916691412457358,0.875,-4.433613326380947,4.230278951983253
96.80000000000084,-1.363056426653605,2388.847360112577,64.18558037546049,-0.1745,38.446851132967225,-5.01900692926429,0.625,-4.433613326380947,4.230278951983253
97.00000000000084,-1.556129477531572,2396.563430478843,63.25531041534559,-0.13449999999999998,38.71385252969577,-4.283692671884663,0.625,-4.433613326380947,4.230278951983253
97.20000000000084,-0.466837006668508,2404.3308817584284,62.359229003480685,-0.1745,38.960660266157014,-4.6771214467644215,0.625,-4.433613326380947,4.230278951983253
97.40000000000084,-0.5139697037556726,2412.1185756389186,61.63919813988513,-0.057249999999999995,38.91627853874692,-2.5231871891910815,0.375,-4.433613326380947,4.230278951983253
97.60000000000085,-2.2070025022469055,2419.8929470794164,61.32587171558405,-0.017249999999999995,38.82743586622981,-0.6100770538197038,0.875,-4.433613326380947,4.230278951983253
97.80000000000085,-1.9680931912001842,2427.562607934121,61.52501656274326,0.1,37.86917268081587,2.6015255254118035,0.375,-4.433613326380947,4.230278951983253
98.00000000000085,-1.4486788300604905,2435.1371396296267,61.99790237985167,-0.017249999999999988,37.87614427424231,2.1273326456723027,0.625,-4.433613326380947,4.230278951983253
98.20000000000086,-0.7710405173783845,2442.717953072613,62.323300894855535,-0.05724999999999999,37.931990155618415,1.126652504366317,0.625,-4.433613326380947,4.230278951983253
98.40000000000086,-0.7786603195793174,2450.306578125544,62.418969865406005,-0.09724999999999999,37.954260373692726,-0.1699627988616308,0.375,-4.433613326380947,4.230278951983253
98.60000000000086,-1.1783229632174321,2457.904233986753,62.38562231652518,-0.05724999999999999,38.022298238393894,-0.1635126899466177,0.625,-4.433613326380947,4.230278951983253
98.80000000000086,-2.5485394171979934,2465.5086819807557,62.427922577260844,-0.017249999999999988,38.02218170163252,0.5865152973032756,0.875,-4.433613326380947,4.230278951983253
99.00000000000087,-3.672504449272171,2473.02822347653,62.797498683075254,0.1,37.173233256110564,3.1092457608408153,0.125,-4.433613326380947,4.230278951983253
99.20000000000087,-4.300441233472009,2480.3837299385464,63.61682875614426,0.14,36.381831364053106,5.08405496984923,0.625,-4.433613326380947,4.230278951983253
99.40000000000087,-3.5746254848883385,2487.5949426926322,64.7357021157119,0.14,35.73029617680688,6.104678625827233,0.125,-4.433613326380947,4.230278951983253
99.60000000000088,-2.785941645672115,2494.741608823327,65.82038295407057,0.02275000000000002,35.73636513014446,4.742129757759345,0.625,-4.433613326380947,4.230278951983253
99.80000000000088,-2.3164050279675523,2501.881915845244,66.62251304700766,-0.01724999999999998,35.66670508902048,3.279171171611547,0.125,-4.433613326380947,4.230278951983253
100.00000000000088,-2.0380696142053174,2509.0127401500217,67.19156572457278,-0.01724999999999998,35.64153795875685,2.411355604039635,0.375,-4.433613326380947,4.230278951983253
100.20000000000088,-1.5103762837444645,2516.1476110529607,67.6224023740921,-0.01724999999999998,35.707171070632405,1.897010891153525,0.875,-4.433613326380947,4.230278951983253
100.40000000000089,-0.8340503379818187,2523.29566806315,67.90597198641134,-0.05724999999999998,35.77339903126329,0.9386852320389136,0.625,-4.433613326380947,4.230278951983253
100.60000000000089,-0.4352324163948524,2530.4541487623064,67.97159350724688,-0.09724999999999998,35.811407960302375,-0.28247002368362417,0.375,-4.433613326380947,4.230278951983253
100.80000000000089,-0.1622101730371099,2537.633365191488,67.84259248589822,-0.09724999999999998,35.98075633151391,-1.007540189802926,0.875,-4.433613326380947,4.230278951983253
101.0000000000009,-0.13266438223290336,2544.832652762256,67.53308386007657,-0.13724999999999998,36.0121193761686,-2.0875460684135363,0.125,-4.433613326380947,4.230278951983253
101.2000000000009,-0.8410451487616777,2552.0502633771866,67.12019711496768,-0.09724999999999998,36.163986773134404,-2.041321382675418,0.625,-4.433613326380947,4.230278951983253
101.4000000000009,-1.2503366062981192,2559.2862549392853,66.58330945640016,-0.1745,36.19592884785416,-3.3275552029997844,0.125,-4.433613326380947,4.230278951983253
101.6000000000009,-0.35967127448950337,2566.536312789135,65.8427698130397,-0.1745,36.304649650644336,-4.077841230604836,0.125,-4.433613326380947,4.230278951983253
101.8000000000009,-0.5168032980709122,2573.789359900165,65.19154394282525,-0.057249999999999995,36.22582145965524,-2.4344174715396187,0.125,-4.433613326380947,4.230278951983253
102.00000000000091,-0.09482743022506832,2581.01745876989,64.8640870551599,-0.017249999999999995,36.05516723759425,-0.8401514051138432,0.375,-4.433613326380947,4.230278951983253
102.20000000000091,-0.44960076736768884,2588.2360629524414,64.58500405329409,-0.13449999999999998,36.13087458792335,-1.9506786135442649,0.375,-4.433613326380947,4.230278951983253
102.40000000000092,-0.4696076476319718,2595.479287524877,64.12957335336193,-0.13449999999999998,36.30137113643164,-2.603628385777225,0.625,-4.433613326380947,4.230278951983253
102.60000000000092,-0.6061881931241292,2602.7217368545757,63.776563691450036,-0.017249999999999988,36.12312216055912,-0.9264682333417242,0.375,-4.433613326380947,4.230278951983253
102.80000000000092,-0.41770274988775935,2609.9582872568562,63.61518155926575,-0.05724999999999999,36.242381862244905,-0.6873530885011119,0.875,-4.433613326380947,4.230278951983253
103.00000000000092,-1.010277770837054,2617.210715463576,63.29138628781332,-0.1745,36.28190020495243,-2.550599626023188,0.625,-4.433613326380947,4.230278951983253
103.20000000000093,-1.350594864324603,2624.478261435537,62.672608946110984,-0.1745,36.393559514661035,-3.637173791000146,0.375,-4.433613326380947,4.230278951983253
103.40000000000093,-1.5416692954889955,2631.7793153850994,61.88116220824175,-0.1745,36.6169799809608,-4.277293587692241,0.625,-4.433613326380947,4.230278951983253
103.60000000000093,-1.6428331630342377,2639.133352084981,60.98791256415057,-0.1745,36.92338701785697,-4.655202853219521,0.875,-4.433613326380947,4.230278951983253
103.80000000000094,-1.6956537651384056,2646.5456112510005,60.03605393985616,-0.1745,37.199204642335324,-4.86338338972454,0.625,-4.433613326380947,4.230278951983253
104.00000000000094,-1.721425806198964,2654.0140157188966,59.051485289079,-0.1745,37.48484003662784,-4.982303118047091,0.625,-4.433613326380947,4.230278951983253
104.20000000000094,-1.3335868100380264,2661.540065467436,58.048207822726155,-0.1745,37.7756574487657,-5.050471545481353,0.625,-4.433613326380947,4.230278951983253
104.40000000000094,-1.5173450771410328,2669.121908214231,57.11126528746762,-0.13449999999999998,38.04277001918799,-4.318953807104062,0.625,-4.433613326380947,4.230278951983253
104.60000000000095,-1.2136975088830821,2676.755712075648,56.210663470456176,-0.1745,38.295268594978225,-4.687064363010324,0.625,-4.433613326380947,4.230278951983253
104.80000000000095,-1.046268024234944,2684.4405461755928,55.3310843818373,-0.13449999999999998,38.553072404470115,-4.108726523178396,0.625,-4.433613326380947,4.230278951983253
105.00000000000095,-0.9508392882454221,2692.1801709340934,54.54052562904103,-0.13449999999999998,38.8431751805354,-3.7968610047843185,0.875,-4.433613326380947,4.230278951983253
105.20000000000095,-0.8948782606366403,2699.976775227028,53.798535996926496,-0.13449999999999998,39.12286774880972,-3.6230353163610127,0.875,-4.433613326380947,4.230278951983253
105.40000000000096,-0.8606029367136419,2707.8286820860853,53.08371877833991,-0.13449999999999998,39.396200841763005,-3.5251368695049052,0.875,-4.433613326380947,4.230278951983253
105.60000000000096,-0.8382873601292189,2715.7348597083555,52.38430232869112,-0.13449999999999998,39.66557538093939,-3.4690276269829714,0.875,-4.433613326380947,4.230278951983253
105.80000000000096,-0.8226203969946709,2723.694653870049,51.693807824132236,-0.13449999999999998,39.93236623599585,-3.4359174186058383,0.875,-4.433613326380947,4.230278951983253
106.00000000000097,-0.3952419291968054,2731.7076247936016,51.00866818858854,-0.13449999999999998,40.197342999530846,-3.415478936831119,0.875,-4.433613326380947,4.230278951983253
106.20000000000097,-0.16542690108696745,2739.7680808755044,50.41146997319222,-0.09449999999999997,40.4072178195001,-2.5565032171320468,0.875,-4.433613326380947,4.230278951983253
106.40000000000097,-0.8578913889994051,2747.8695108037905,49.94612002241847,-0.09449999999999997,40.60708146336211,-2.0969962906054276,0.875,-4.405862269757896,4.285765809516521
106.60000000000097,-1.2259955323888672,2756.004991685887,49.38497297681528,-0.1745,40.74772735760236,-3.5144741654264973,0.875,-4.405862269757896,4.285765809516521
106.80000000000098,-1.4174283995005887,2764.1733654498967,48.605971543263884,-0.1745,40.93601028249529,-4.275540170087443,0.625,-4.405862269757896,4.285765809516521
107.00000000000098,-1.5224227971331508,2772.374304180252,47.71164625375868,-0.1745,41.07337702105472,-4.667712724964583,0.125,-4.405862269757896,4.285765809516521
107.20000000000098,-1.5782293248988628,2780.6149074680266,46.755436023361796,-0.1745,41.332655856692426,-4.894389579004239,0.625,-4.405862269757896,4.285765809516521
107.40000000000099,-0.3477286738905641,2788.9135207088625,45.763420230620206,-0.1745,41.65347655166812,-5.025768348411651,0.875,-4.405862269757896,4.285765809516521
107.60000000000099,-0.968717244837996,2797.2336670222826,45.018813636079514,-0.057249999999999995,41.54798658253139,-2.420297596995289,0.125,-4.405862269757896,4.285765809516521
107.80000000000099,-1.2959067335020835,2805.5536714739037,44.405154137990884,-0.1745,41.65205793367981,-3.7162973838910203,0.625,-4.405862269757896,4.285765809516521
108.000000000001,-1.4665263878984196,2813.903481662645,43.592895510363306,-0.1745,41.846043953732085,-4.4062888923847945,0.625,-4.405862269757896,4.285765809516521
108.200000000001,-1.5550610893607564,2822.2964688477805,42.675094862370564,-0.1745,42.083827897625646,-4.7717175875426,0.625,-4.405862269757896,4.285765809516521
108.400000000001,-1.1675096242962137,2830.7391777961416,41.70137794903315,-0.1745,42.343261585984806,-4.9654515458315505,0.625,-4.405862269757896,4.285765809516521
108.600000000001,-0.3070662340290445,2839.23958730455,40.79053561126241,-0.13449999999999998,42.660833498097034,-4.142971831875804,0.875,-4.405862269757896,4.285765809516521
108.800000000001,-2.2944471351889155,2847.7527050741887,40.278934714927104,-0.017249999999999988,42.47034419829267,-0.973037131477263,0.875,-4.405862269757896,4.285765809516521
109.00000000000101,-2.0669023005092173,2856.1327887803495,40.49613054919767,0.1,41.330492863313815,3.144995474182989,0.375,-4.405862269757896,4.285765809516521
109.20000000000101,-1.5374531734249146,2864.3933041029168,41.07392324493977,-0.017249999999999988,41.27466036236087,2.6329314832379627,0.375,-4.405862269757896,4.285765809516521
109.40000000000101,-0.8437486813049672,2872.6467842656457,41.48792940158902,-0.05724999999999999,41.260141264929786,1.50713008325456,0.375,-4.405862269757896,4.285765809516521
109.60000000000102,-0.32925673516088383,2880.8980809181226,41.644197241805045,-0.09724999999999999,41.25282525983814,0.05554831890567069,0.375,-4.405862269757896,4.285765809516521
109.80000000000102,-0.9615197047185644,2889.139846517546,41.41317227439678,-0.1745,41.164830734396084,-2.365797992988305,0.625,-4.405862269757896,4.285765809516521
110.00000000000102,-1.2974621884032471,2897.383261679944,40.80933613186076,-0.1745,41.26932088958353,-3.67256343237189,0.625,-4.405862269757896,4.285765809516521
110.20000000000103,-1.4742828684210052,2905.656558540962,40.004753290649035,-0.1745,41.46364772059595,-4.373264979745398,0.625,-4.405862269757896,4.285765809516521
110.40000000000103,-1.567065251155334,2913.9731247408404,39.09274131936843,-0.1745,41.702014278184635,-4.74685473306066,0.625,-4.405862269757896,4.285765809516521
110.60000000000103,-1.1844334499489146,2922.3395570595735,38.12344845427765,-0.1745,41.96230890914523,-4.946073917847151,0.625,-4.405862269757896,4.285765809516521
110.80000000000103,-1.4211301720709293,2930.7587712552454,37.21536751667243,-0.13449999999999998,42.22983304757269,-4.134735458205034,0.625,-4.405862269757896,4.285765809516521
111.00000000000104,-1.1094546156707716,2939.2264526990252,36.33798181639196,-0.1745,42.44698139022613,-4.639121544599671,0.625,-4.405862269757896,4.285765809516521
111.20000000000104,-1.386973691544646,2947.7415286358437,35.47701969028052,-0.13449999999999998,42.703777977958865,-3.970499716514683,0.625,-4.405862269757896,4.285765809516521
111.40000000000104,-0.24537938131301326,2956.302499771167,34.62336338989322,-0.1745,42.90593337527368,-4.566063287358282,0.625,-4.405862269757896,4.285765809516521
111.60000000000105,-0.949267627072104,2964.8842282317632,33.958183614566785,-0.057249999999999995,42.91135123068957,-2.085734465906062,0.625,-4.405862269757896,4.285765809516521
111.80000000000105,-1.3139453718107086,2973.472693703242,33.39000913928384,-0.1745,42.97330348409663,-3.5960102869233865,0.625,-4.405862269757896,4.285765809516521
112.00000000000105,-1.5019892433848268,2982.08472002872,32.59231101043729,-0.1745,43.146959770682635,-4.380971001542093,0.625,-4.405862269757896,4.285765809516521
112.20000000000105,-1.5968313641594734,2990.7367450135116,31.67551714886201,-0.1745,43.373290077236085,-4.786967614210729,0.625,-4.405862269757896,4.285765809516521
112.40000000000106,-1.6533618450193888,2999.4267227110186,30.698826007667627,-0.1745,43.526486897831944,-4.979943797733087,0.125,-4.405862269757896,4.285765809516521
112.60000000000106,-1.2366682565701117,3008.163271987129,29.690241735452073,-0.1745,43.839005863271986,-5.105898924422442,0.875,-4.405862269757896,4.285765809516521
112.80000000000106,-1.478708305748756,3016.963227410452,28.761564277003398,-0.13449999999999998,44.16054836995697,-4.180875660064321,0.875,-4.405862269757896,4.285765809516521
113.00000000000107,-0.2821198512644736,3025.815732174763,27.872303388256814,-0.1745,44.36449927315517,-4.711733227401525,0.625,-4.405862269757896,4.285765809516521
113.20000000000107,-1.009502940971842,3034.693722695204,27.198774937212452,-0.057249999999999995,44.41540593125656,-2.02355128304208,0.875,-4.405862269757896,4.285765809516521
113.40000000000107,-1.3777154990002742,3043.5804518835866,26.63304958965249,-0.1745,44.45188595257053,-3.6337021925575326,0.625,-4.405862269757896,4.285765809516521
113.60000000000107,-1.5643308052166942,3052.486984814105,25.824990429689745,-0.1745,44.61344335261586,-4.446889407069918,0.625,-4.405862269757896,4.285765809516521
113.80000000000108,-1.6621060122803153,3061.431545351544,24.894699224798284,-0.1745,44.832162021772604,-4.856022641844699,0.625,-4.405862269757896,4.285765809516521
114.00000000000108,-1.7141690524101807,3070.427443654189,23.901965138761952,-0.1745,45.126821004676806,-5.071318218518611,0.875,-4.405862269757896,4.285765809516521
114.20000000000108,-0.3942389328674285,3079.48352795247,22.876554359309534,-0.1745,45.43402197813301,-5.1827895760055664,0.875,-4.405862269757896,4.285765809516521
114.40000000000109,-1.104349212380313,3088.5741932741457,22.14441512011369,-0.057249999999999995,45.47263123862457,-2.138602815952889,0.875,-4.405862269757896,4.285765809516521
114.60000000000109,-0.9993504297335848,3097.6718074588907,21.556229722144685,-0.1745,45.503510608825295,-3.7432511637371393,0.625,-4.405862269757896,4.285765809516521
114.80000000000109,-0.9509043524095715,3106.788949108633,20.83312169321074,-0.13449999999999998,45.66790588859541,-3.487829125602331,0.375,-4.405862269757896,4.285765809516521
115.0000000000011,-0.47384180490632843,3115.9327852861124,20.148529021479714,-0.13449999999999998,45.77045588620059,-3.3580975917079305,0.125,-4.405862269757896,4.285765809516521
115.2000000000011,-1.0982485502479686,3125.0976308107233,19.58789976446469,-0.09449999999999997,45.87799935990922,-2.248194978442294,0.375,-4.405862269757896,4.285765809516521
115.4000000000011,-2.2961358175560393,3134.229553200245,19.496976688567216,0.02275000000000002,45.4412245353079,1.3389642194675382,0.875,-4.405862269757896,4.285765809516521
115.6000000000011,-2.43914585207082,3143.257680564176,20.028054575127634,0.06275000000000003,44.840049104005445,3.971814646136627,0.375,-4.405862269757896,4.285765809516521
115.8000000000011,-2.0817194985106395,3152.2078002042635,20.846683124211538,0.022750000000000027,44.66114729686958,4.2144708447024275,0.375,-4.405862269757896,4.285765809516521
116.00000000000111,-1.4719569432554747,3161.1332856475015,21.602569631029056,-0.017249999999999974,44.593707135507614,3.344394223472758,0.375,-4.405862269757896,4.285765809516521
116.20000000000111,-0.7299934504194396,3170.047571659737,22.129983384086792,-0.057249999999999975,44.5491529868462,1.92974330710462,0.375,-4.405862269757896,4.285765809516521
116.40000000000111,-0.08433347372171197,3178.9527472997884,22.34750767138358,-0.09724999999999998,44.50260341366627,0.2454995658632404,0.375,-4.405862269757896,4.285765809516521
116.60000000000112,-0.9104062674378856,3187.847860488772,22.21464301834965,-0.13724999999999998,44.44852847616973,-1.5741460962024993,0.375,-4.405862269757896,4.285765809516521
116.80000000000112,-0.8841460270745205,3196.7325034416053,21.71740613494234,-0.1745,44.3979010521638,-3.3982227378706087,0.375,-4.405862269757896,4.285765809516521
117.00000000000112,-0.4235407661696424,3205.6273879998344,21.045036961842413,-0.13449999999999998,44.550944530128575,-3.3254689931286636,0.375,-4.405862269757896,4.285765809516521
117.20000000000113,-0.20037227562621981,3214.54341898083,20.484549235465295,-0.09449999999999997,44.60936527983038,-2.279408270642537,0.125,-4.405862269757896,4.285765809516521
117.40000000000113,-0.08991618192071234,3223.4743229259593,20.07910379525036,-0.09449999999999997,44.69967417146013,-1.775046131506794,0.375,-4.405862269757896,4.285765809516521
117.60000000000113,-0.4828197566186795,3232.4221935313776,19.748976987197093,-0.09449999999999997,44.7790318827227,-1.5262219490258808,0.375,-4.405862269757896,4.285765809516521
117.80000000000113,-1.1319102671329337,3241.383752953401,19.356152701175002,-0.13449999999999998,44.83656233751491,-2.4020209111950406,0.375,-4.405862269757896,4.285765809516521
118.00000000000114,-1.4610578219686232,3250.3572160475223,18.73149103045349,-0.1745,44.89806860369713,-3.8445957960200916,0.625,-4.405862269757896,4.285765809516521
118.20000000000114,-0.2917270633454069,3259.354085964486,17.890395026399354,-0.1745,45.070630565940085,-4.566364244521283,0.625,-4.405862269757896,4.285765809516521
118.40000000000114,-0.26977417921588764,3268.373578919845,17.244660394843915,-0.057249999999999995,45.12429898764977,-1.890982071033097,0.875,-4.405862269757896,4.285765809516521
118.60000000000115,-0.09395159258144846,3277.397745657383,16.993302982912223,-0.057249999999999995,45.1173683877328,-0.6225920482838356,0.375,-4.405862269757896,4.285765809516521
118.80000000000115,-0.010713844453589944,3286.431003726631,16.828286138119008,-0.09725,45.21521230474632,-1.027576399648297,0.625,-4.405862269757896,4.285765809516521
119.00000000000115,-0.9001189213416511,3295.480053797612,16.60360360493833,-0.09725,45.2752884050645,-1.2192489321585027,0.375,-4.405862269757896,4.285765809516521
119.20000000000115,-1.3608944859142973,3304.5256741024127,16.155225580262464,-0.1745,45.18091464294265,-3.264531314600142,0.375,-4.405862269757896,4.285765809516521
119.40000000000116,-1.595404590495662,3313.569486145463,15.400725182028198,-0.1745,45.25720578756281,-4.280472667742504,0.375,-4.405862269757896,4.285765809516521
119.60000000000116,-0.3763142878350625,3322.631179883272,14.495235965196684,-0.1745,45.359731590529265,-4.7744195005726375,0.125,-4.405862269757896,4.285765809516521
119.80000000000116,-1.5390676739471196,3331.707993033352,13.821814245427912,-0.057249999999999995,45.40839991026789,-1.9597976971150768,0.875,-4.405862269757896,4.285765809516521
120.00000000000117,-2.010157472845001,3340.701289127379,13.858376164174379,0.06,44.52456102999926,2.3254168845797345,0.375,-4.405862269757896,4.285765809516521
120.20000000000117,-1.8197651703055011,3349.5832887608854,14.420703397682713,0.019999999999999997,44.29543530506639,3.2978554505036066,0.375,-4.405862269757896,4.285765809516521
120.40000000000117,-0.45588290790854413,3358.4357773637867,15.03057558051744,-0.020000000000000004,44.2294507239458,2.8008663778436502,0.375,-4.405862269757896,4.285765809516521
120.60000000000117,-0.1906850768746831,3367.2579437873287,15.28475617217086,-0.13724999999999998,43.99221351147547,-0.25906046130944205,0.375,-4.405862269757896,4.285765809516521
120.80000000000118,-1.3566114733643886,3376.0605174289335,15.173336196597235,-0.09724999999999998,44.03352290457084,-0.8551392944268078,0.375,-4.405862269757896,4.285765809516521
121.00000000000118,-0.6661059711658489,3384.8379500468623,15.255111584117907,0.020000000000000018,43.74080327471573,1.6728931696335279,0.875,-4.405862269757896,4.285765809516521
121.20000000000118,-0.12269646656653012,3393.583140150414,15.434798648880172,-0.09724999999999998,43.711097760797685,0.12397747798911118,0.375,-4.405862269757896,4.285765809516521
121.40000000000119,-0.09188894101461668,3402.321572603554,15.286230331516458,-0.13724999999999998,43.67322677060431,-1.6096606516262366,0.375,-4.405862269757896,4.285765809516521
121.60000000000119,-0.07185642353627848,3411.0692774600957,14.970990297842075,-0.09724999999999998,43.80382179480994,-1.5427396851175958,0.625,-4.405862269757896,4.285765809516521
121.80000000000119,-0.3773726781428976,3419.8329458652506,14.66706072754224,-0.09724999999999998,43.83286225674064,-1.4965560178807407,0.125,-4.405862269757896,4.285765809516521
122.0000000000012,-1.908888238861972,3428.609375735806,14.465525586228482,-0.057249999999999975,43.93143644881743,-0.5187953952568499,0.875,-4.405862269757896,4.285765809516521
122.2000000000012,-2.2454472207241754,3437.320040775278,14.689076228334168,0.06000000000000002,43.17521394589956,2.754301816313712,0.125,-4.405862269757896,4.285765809516521
122.4000000000012,-1.182203586719135,3445.9353782345206,15.302938599228499,0.020000000000000018,42.97816064652762,3.384321892629596,0.375,-4.405862269757896,4.285765809516521
122.6000000000012,-0.19889375794968508,3454.5205613400917,15.743363381171456,-0.09724999999999998,42.873670409181685,1.0199259267999699,0.375,-4.405862269757896,4.285765809516521
122.8000000000012,-0.11493929415906608,3463.086520353982,15.73386845562087,-0.13724999999999998,42.78591972972147,-1.1148751823058256,0.375,-4.405862269757896,4.285765809516521
123.00000000000121,-1.3451978526178765,3471.6458176944925,15.492190016566829,-0.09724999999999998,42.80705367538173,-1.3019092082345864,0.125,-4.405862269757896,4.285765809516521
123.20000000000121,-1.5529302301368357,3480.1666581562044,15.490849828200542,0.020000000000000018,42.40135094173634,1.2885073245717262,0.375,-4.405862269757896,4.285765809516521
123.40000000000121,-1.2502017589703163,3488.6388374661897,15.786063785947611,-0.019999999999999983,42.32044215811541,1.663632252898978,0.375,-4.405862269757896,4.285765809516521
123.60000000000122,0.0,3497.1025640887547,16.048496042283723,-0.059999999999999984,42.316824067534036,0.960690310462155,0.375,-4.405862269757896,4.285765809516521
123.80000000000122,0.0,3505.54216120538,15.950656845327828,-0.1745,42.07914709872076,-1.9390822800211054,0.375,-4.405862269757896,4.285765809516521
124.00000000000122,0.0,3513.9592091092513,15.409405625074676,-0.1745,42.091331939991825,-3.4734299225104026,0.375,-4.405862269757896,4.285765809516521
124.20000000000122,0.0,3522.3849740144383,14.634689224360766,-0.1745,42.166317111876744,-4.273734084628696,0.125,-4.405862269757896,4.285765809516521
124.40000000000123,0.0,3530.831071277644,13.73808320260284,-0.1745,42.29465552017913,-4.692326132950564,0.125,-4.405862269757896,4.285765809516521
124.60000000000123,0.0,3539.3202273151874,12.775147632703508,-0.1745,42.596904855254905,-4.937029566042759,0.875,-4.405862269757896,4.285765809516521
124.80000000000123,0.0,3547.829265091341,12.052689174244797,-0.057249999999999995,42.49347290627817,-2.287555018544344,0.125,-4.405862269757896,4.285765809516521
125.00000000000124,0.0,3556.3362446458473,11.455562833378142,-0.1745,42.57632263878581,-3.6837083901222067,0.625,-4.405862269757896,4.285765809516521
125.20000000000124,0.0,3564.8539448917645,10.918723601944642,-0.057249999999999995,42.60067982038582,-1.6846839242127924,0.625,-4.405862269757896,4.285765809516521
125.40000000000124,0.0,3573.356266156134,10.773221217421693,-0.017249999999999995,42.422532823309176,0.2296600789833061,0.375,-4.405862269757896,4.285765809516521
125.60000000000124,0.0,3581.843302051044,10.650259216725376,-0.13449999999999998,42.447826125788254,-1.459280085946482,0.625,-4.405862269757896,4.285765809516521
125.80000000000125,0.0,3590.3456562958486,10.36109390195813,-0.09449999999999997,42.57571632225864,-1.4323730617259682,0.625,-4.405862269757896,4.285765809516521
126.00000000000125,0.0,3598.8635411491705,10.077265640718846,-0.09449999999999997,42.60313221095861,-1.4059095506668813,0.125,-4.405862269757896,4.285765809516521
126.20000000000125,0.0,3607.395736603401,9.70493167667924,-0.13449999999999998,42.71882233134708,-2.317430089729165,0.625,-4.405862269757896,4.285765809516521
126.40000000000126,0.0,3615.9439696401155,9.288023386625877,-0.09449999999999997,42.763508035799205,-1.8516528108044703,0.125,-4.405862269757896,4.285765809516521
126.60000000000126,0.0,3624.5055683795795,9.0329285831614,-0.05449999999999997,42.852479358840874,-0.699295223840295,0.875,-4.405862269757896,4.285765809516521
126.80000000000126,0.0,3633.072189781615,8.682656181902319,-0.17174999999999996,42.8137346615162,-2.803428788750517,0.625,-4.405862269757896,4.285765809516521
127.00000000000126,0.0,3641.641797709423,8.00660046039417,-0.1745,42.88234461655986,-3.9571284263309776,0.375,-4.405862269757896,4.285765809516521
127.20000000000127,0.0,3650.2333113833583,7.155365727434212,-0.1745,43.03279212279214,-4.555218903268598,0.375,-4.405862269757896,4.285765809516521
127.40000000000127,0.0,3658.855270202493,6.30934869531101,-0.13449999999999998,43.18679606855675,-3.904951417963427,0.125,-4.405862269757896,4.285765809516521
127.60000000000127,0.0,3667.520375246159,5.558989102594338,-0.13449999999999998,43.46425436810073,-3.5986445092032877,0.875,-4.405862269757896,4.285765809516521
127.80000000000128,0.0,3676.230130484804,4.759383975717411,-0.1745,43.63329801834617,-4.39740675956598,0.625,-4.405862269757896,4.285765809516521
128.00000000000128,0.0,3684.957664721681,4.125731835875788,-0.057249999999999995,43.64204435042383,-1.9391146388502443,0.625,-4.405862269757896,4.285765809516521
128.20000000000127,0.0,3693.6856871642917,3.8574823742780717,-0.057249999999999995,43.63818007568541,-0.7433799771269198,0.375,-4.405862269757896,4.285765809516521
128.40000000000126,0.0,3702.4073667206108,3.4897036353313275,-0.1745,43.578615487505175,-2.9344074123405193,0.625,-4.405862269757896,4.285765809516521
128.60000000000124,0.0,3711.1300555094867,2.7909226512513494,-0.1745,43.64827240125241,-4.053402428459261,0.375,-4.405862269757896,4.285765809516521
128.80000000000123,0.0,3719.8796682863062,1.9222197985632568,-0.1745,43.847855366941054,-4.633626098421666,0.625,-4.405862269757896,4.285765809516521
129.00000000000122,9306.015146346132,3728.6631807210397,0.9675536311623854,-0.1745,43.987268980394184,-4.913035575587047,0.125,-4.405862269757896,4.285765809516521
