t,reward,x,y,theta,vx,vy,throttle,wind_vx,wind_vy
0.0,0.0,34.05891789801298,399.2735117858104,0.02600550433896348,48.96758438142145,7.877702976996469,0.5,-0.36188829275788365,5.760809817671165
0.1,-4.53102022068035,34.05891789801298,399.2735117858104,0.02600550433896348,48.96758438142145,7.877702976996469,0.5,-0.36188829275788365,5.760809817671165
0.2,-3.56572885572803,38.94827522840389,399.969974107696,-0.08624449566103651,48.81956222639676,6.051543460715356,0.165,-0.36188829275788365,5.760809817671165
0.30000000000000004,-2.8108881112987016,43.81211171352119,400.45414467818136,-0.1745,48.45716747594929,3.631867948992002,0.165,-0.3710170110042501,5.60185464231376
0.4,-2.2358072433317493,48.64632247737614,400.72468423870964,-0.1745,48.22704780114968,1.7789232615731216,0.165,-0.3710170110042501,5.60185464231376
0.5,-2.359877889663073,53.46228466490506,400.8327690771675,-0.1745,48.09219594942875,0.382773507583684,0.165,-0.3710170110042501,5.60185464231376
0.6,-1.8943183527066079,58.27411052124156,400.8856586271103,-0.06225,48.14432117730114,0.6750174912717033,0.8300000000000001,-0.3710170110042501,5.60185464231376
0.7,-1.5423609172421142,63.08436453449661,400.89684315533026,-0.1745,48.060759087799816,-0.4513269268724096,0.165,-0.3710170110042501,5.60185464231376
0.7999999999999999,-1.2772514053725752,67.88870063070065,400.80919697628775,-0.1745,48.02596283628099,-1.3015966539772266,0.165,-0.3710170110042501,5.60185464231376
0.8999999999999999,-1.0782166266250521,72.69127306417585,400.6469598316207,-0.1745,48.025485833222895,-1.9431462393646877,0.165,-0.3710170110042501,5.60185464231376
0.9999999999999999,-0.9292516475740813,77.49502278295506,400.42846098614024,-0.1745,48.049508542361515,-2.426830670244234,0.165,-0.3710170110042501,5.60185464231376
1.0999999999999999,-0.8181043550305211,82.30205850575749,400.16755839132605,-0.1745,48.09120591368698,-2.791221226038931,0.165,-0.3710170110042501,5.60185464231376
1.2,-0.7521015072027587,87.11390631537996,399.8747176348813,-0.1745,48.14575027876245,-3.065593902856798,0.165,-0.36188829275788365,5.760809817671165
1.3,-0.7033248345820833,91.93195454313981,399.55982751840867,-0.1745,48.21521427643437,-3.2322084265955398,0.165,-0.36188829275788365,5.760809817671165
1.4000000000000001,-0.6674617224710624,96.7572204707124,399.23032808751583,-0.1745,48.29010427501729,-3.357780191261522,0.165,-0.36188829275788365,5.760809817671165
1.5000000000000002,-0.6412654577935892,101.59017425297381,398.8898121219356,-0.1745,48.36897137021082,-3.4525391203431455,0.165,-0.36188829275788365,5.760809817671165
1.6000000000000003,-0.6222964437292311,106.43116009944707,398.5409755214728,-0.1745,48.45074555925424,-3.524192888913587,0.165,-0.36188829275788365,5.760809817671165
1.7000000000000004,-0.6087244624230135,111.28042906216253,398.185838876641,-0.1745,48.534633695054914,-3.5785400077215446,0.165,-0.36188829275788365,5.760809817671165
1.8000000000000005,-0.5991783052781805,116.13816305952493,397.82591503149524,-0.1745,48.620046252193,-3.6199368951938564,0.165,-0.36188829275788365,5.760809817671165
1.9000000000000006,-0.5926318497342448,121.00449258234893,397.46233555332776,-0.1745,48.70654420428714,-3.6516526681553203,0.165,-0.36188829275788365,5.760809817671165
2.0000000000000004,-0.5856374985468424,125.87950980083671,397.0959460229764,-0.1745,48.79380016546864,-3.6761379388718036,0.165,-0.36188829275788365,5.760809817671165
2.1000000000000005,-0.5839343270319899,130.76655280302072,396.7268004534962,-0.1745,48.947059878211405,-3.7067734507324688,0.8300000000000001,-0.36188829275788365,5.760809817671165
2.2000000000000006,-0.5832170309697743,135.66567165272605,396.35548542070995,-0.1745,49.03531711589539,-3.7195272049921333,0.165,-0.36188829275788365,5.760809817671165
2.3000000000000007,-0.5832296064035725,140.57362203471266,395.9830151488598,-0.1745,49.12369052383677,-3.729878232011143,0.165,-0.36188829275788365,5.760809817671165
2.400000000000001,-0.5837814285692524,145.49041146683396,395.60959906541933,-0.1745,49.212098118589424,-3.738443436797964,0.165,-0.36188829275788365,5.760809817671165
2.500000000000001,-0.5847306640254307,150.4160403042436,395.2353927384605,-0.1745,49.300478629603425,-3.745683102377869,0.165,-0.36188829275788365,5.760809817671165
2.600000000000001,-0.5859718645533213,155.3505035487723,394.8605115630147,-0.1745,49.38878626097055,-3.7519404065385165,0.165,-0.36188829275788365,5.760809817671165
2.700000000000001,-0.5874266964247554,160.29379220065505,394.4850409911058,-0.1745,49.47698677668407,-3.7574710316403666,0.165,-0.36188829275788365,5.760809817671165
2.800000000000001,-0.5890370180541284,165.24589426821126,394.1090441728691,-0.1745,49.565054574440026,-3.762465333092912,0.165,-0.36188829275788365,5.760809817671165
2.9000000000000012,-0.5907597149629416,170.2067955218525,393.7325676600182,-0.1745,49.65297049838485,-3.7670649239254965,0.165,-0.36188829275788365,5.760809817671165
3.0000000000000013,-0.5925628486476836,175.17648005699579,393.355645660174,-0.1745,49.74072020448072,-3.771375072959619,0.165,-0.36188829275788365,5.760809817671165
3.1000000000000014,-0.5944227870564425,180.15493071418052,392.9783032081813,-0.1745,49.82829293921431,-3.775473966894659,0.165,-0.36188829275788365,5.760809817671165
3.2000000000000015,-0.5963220678789669,185.1421293925145,392.6005585285911,-0.1745,49.9156806274652,-3.7794196249089826,0.165,-0.36188829275788365,5.760809817671165
3.3000000000000016,-0.5982478085290563,190.13805728346608,392.2224247944779,-0.1745,50.00287719156658,-3.7832550573546477,0.165,-0.36188829275788365,5.760809817671165
3.4000000000000017,-0.6001905236928538,195.14269504520448,391.8439114360121,-0.1745,50.089878043201374,-3.7870121119609985,0.165,-0.36188829275788365,5.760809817671165
3.5000000000000018,-0.6021432465221512,200.15602293258743,391.4650251134314,-0.1745,50.17667970445754,-3.790714339652238,0.165,-0.36188829275788365,5.760809817671165
3.600000000000002,-0.6041008759034316,205.17802089407832,391.0857704400221,-0.1745,50.263279525360105,-3.7943791285342607,0.165,-0.36188829275788365,5.760809817671165
3.700000000000002,-0.6060596919423435,210.2086686440179,390.70615051899813,-0.1745,50.34967547343181,-3.7980192919448266,0.165,-0.36188829275788365,5.760809817671165
3.800000000000002,-0.6080169965332107,215.24794571653956,390.3261673419258,-0.1745,50.43586597700132,-3.801644249502256,0.165,-0.36188829275788365,5.760809817671165
3.900000000000002,-0.6099708468840257,220.2958315058194,389.94582208420456,-0.1745,50.52184980859549,-3.8052609049222124,0.165,-0.36188829275788365,5.760809817671165
4.000000000000002,-0.611919858077675,225.35230529615959,389.5651153240556,-0.1745,50.60762599820857,-3.808874298056601,0.165,-0.36188829275788365,5.760809817671165
4.100000000000001,-0.6138630568736205,230.41734628451138,389.1840472047063,-0.1745,50.69319376882751,-3.8124880889293666,0.165,-0.36188829275788365,5.760809817671165
4.200000000000001,-0.6157997735183742,235.4909335973791,388.80261755441796,-0.1745,50.77855248852653,-3.8161049168372725,0.165,-0.36188829275788365,5.760809817671165
4.300000000000001,-0.6177295617327458,240.57304630354992,388.4208259752461,-0.1745,50.863701634889715,-3.819726666600427,0.165,-0.36188829275788365,5.760809817671165
4.4,-0.6196521395745369,245.66366342372444,388.03867190862354,-0.1745,50.948640768600754,-3.823354665849952,0.165,-0.36188829275788365,5.760809817671165
4.5,-0.6215673457579513,250.76276393784673,387.65615468377473,-0.1745,51.033369513844995,-3.8269898311261117,0.165,-0.36188829275788365,5.760809817671165
4.6,-0.623475107410675,255.87032679072752,387.2732735534183,-0.1745,51.117887543771,-3.830632776002812,0.165,-0.36188829275788365,5.760809817671165
4.699999999999999,-0.6253754162895089,260.98633089640145,386.8900277200652,-0.1745,51.20219456970743,-3.8342838910595214,0.165,-0.36188829275788365,5.760809817671165
4.799999999999999,-0.6272683112476254,266.1107551415451,386.5064163553625,-0.1745,51.28629033316566,-3.837943402994345,0.165,-0.36188829275788365,5.760809817671165
4.899999999999999,-0.62915386531957,271.2435783881988,386.1224386142982,-0.1745,51.37017459990749,-3.841611418291699,0.165,-0.36188829275788365,5.760809817671165
4.999999999999998,-0.631032176215075,276.3847794759713,385.7380936456106,-0.1745,51.45384715554304,-3.8452879554600217,0.165,-0.36188829275788365,5.760809817671165
5.099999999999998,-0.6329033593277587,281.53433722386154,385.3533805993968,-0.1745,51.53730780226154,-3.8489729688161556,0.165,-0.36188829275788365,5.760809817671165
5.1999999999999975,-0.6347675425980761,286.69223043179466,384.9682986326549,-0.1745,51.62055635640067,-3.8526663660215985,0.165,-0.36188829275788365,5.760809817671165
5.299999999999997,-0.636624862742598,291.8584378819465,384.5828469133037,-0.1745,51.70359264663602,-3.8563680210033557,0.165,-0.36188829275788365,5.760809817671165
5.399999999999997,-0.6384754624894831,297.0329383399097,384.19702462308015,-0.1745,51.78641651262893,-3.8600777834675055,0.165,-0.36188829275788365,5.760809817671165
5.4999999999999964,-0.6403194885544707,302.2157105557418,383.81083095961185,-0.1745,51.86902780401311,-3.863795485898868,0.165,-0.36188829275788365,5.760809817671165
5.599999999999996,-0.6421570901615264,307.406733264924,383.42426513788155,-0.1745,51.95142637963128,-3.867520948707036,0.165,-0.36188829275788365,5.760809817671165
5.699999999999996,-0.6439884179638378,312.60598518925343,383.03732639124587,-0.1745,52.03361210695651,-3.8712539840064233,0.165,-0.36188829275788365,5.760809817671165
5.799999999999995,-0.6458136232588909,317.8134450376837,382.65001397212603,-0.1745,52.1155848616497,-3.8749943983903,0.165,-0.36188829275788365,5.760809817671165
5.899999999999995,-0.6476328574194259,323.0290915071271,382.2623271524583,-0.1745,52.197344527217574,-3.878741994964362,0.165,-0.36188829275788365,5.760809817671165
5.999999999999995,-0.6494462714827574,328.2529032832252,381.8742652239683,-0.1745,52.278890994744714,-3.8824965748356175,0.165,-0.36188829275788365,5.760809817671165
6.099999999999994,-0.6499954593356514,333.48485904109646,381.48582749831644,-0.1745,52.360224162680254,-3.8862579382008393,0.165,-0.36188829275788365,5.760809817671165
6.199999999999994,-0.6522351490650913,338.72656238828904,381.0967268411576,-0.1745,52.47384278117084,-3.895755204975985,0.495,-0.36188829275788365,5.760809817671165
6.299999999999994,-0.6543482388751121,343.97799556862384,380.70702006852093,-0.1745,52.554820825525304,-3.898380247757215,0.165,-0.36188829275788365,5.760809817671165
6.399999999999993,-0.6563681157218387,349.2375137009102,380.31703470740047,-0.1745,52.635541820202064,-3.9013269746518993,0.165,-0.36188829275788365,5.760809817671165
6.499999999999993,-0.7963835454683785,354.50509166816846,379.92674290560524,-0.1745,52.71601752496315,-3.9045090612528357,0.165,-0.36188829275788365,5.760809817671165
6.5999999999999925,-0.7602576809575692,359.7847317840488,379.55415447544334,-0.1495,52.87678479264387,-3.547259541985549,0.8300000000000001,-0.36188829275788365,5.760809817671165
6.699999999999992,-0.7345970905545542,365.07570361736873,379.1942497418883,-0.1745,52.94265187375477,-3.6508351291152965,0.165,-0.36188829275788365,5.760809817671165
6.799999999999992,-0.7165250463885764,370.37344593185173,378.82536039466714,-0.1745,53.01219441590478,-3.72695181530762,0.165,-0.36188829275788365,5.760809817671165
6.8999999999999915,-0.7039501267973708,375.6782721923754,378.4498562174791,-0.1745,53.084330794568835,-3.7831317284525805,0.165,-0.36188829275788365,5.760809817671165
6.999999999999991,-0.6953537244942523,380.9904028385639,378.06945718928006,-0.1745,53.158282129201616,-3.824848835528296,0.165,-0.36188829275788365,5.760809817671165
7.099999999999991,-0.6896343242335732,386.3099912649869,377.68541062433434,-0.1745,53.233486399257345,-3.856082463386633,0.165,-0.36188829275788365,5.760809817671165
7.19999999999999,-0.6859936836966516,391.6371424610303,377.29862036501703,-0.1745,53.30953752161148,-3.8797227229599436,0.165,-0.36188829275788365,5.760809817671165
7.29999999999999,-0.683853813747334,396.9719264292997,376.909740883991,-0.1745,53.38614184377675,-3.8978668975610105,0.165,-0.36188829275788365,5.760809817671165
7.39999999999999,-0.8226953004453241,402.3143878676244,376.51924575050975,-0.1745,53.463086922717764,-3.9120357720642924,0.165,-0.36188829275788365,5.760809817671165
7.499999999999989,-0.7833865771845197,407.66866765020126,376.14600709308763,-0.1495,53.62250872881947,-3.552737376378597,0.8300000000000001,-0.36188829275788365,5.760809817671165
7.599999999999989,-0.7555609586511027,413.034036138201,375.78506138465445,-0.1745,53.684861031175274,-3.6661767922845208,0.165,-0.36188829275788365,5.760809817671165
7.699999999999989,-0.7360207478021665,418.4058475690007,375.4143000510859,-0.1745,53.751367584818425,-3.7490498790869675,0.165,-0.36188829275788365,5.760809817671165
7.799999999999988,-0.7224527780917417,423.78445574091865,375.03635542728324,-0.1745,53.82079585354057,-3.809842596965511,0.165,-0.36188829275788365,5.760809817671165
7.899999999999988,-0.7131858751979725,429.1701087138581,374.65312836505444,-0.1745,53.8922636052483,-3.854698647610018,0.165,-0.36188829275788365,5.760809817671165
7.999999999999988,-0.7070139798151089,434.56297878958844,374.2659903684951,-0.1745,53.96513790935861,-3.8880612835766253,0.165,-0.36188829275788365,5.760809817671165
8.099999999999987,-0.7030675101482329,439.9631838853975,373.8759302560593,-0.1745,54.03896400682269,-3.9131409651397058,0.165,-0.36188829275788365,5.760809817671165
8.199999999999987,-0.7007200082007248,445.3708028282846,373.4836604344297,-0.1745,54.113414850919646,-3.932255467452835,0.165,-0.36188829275788365,5.760809817671165
8.299999999999986,-0.6995205070983551,450.78588632692833,373.0896938198299,-0.1745,54.18825512195577,-3.9470768245424215,0.165,-0.36188829275788365,5.760809817671165
8.399999999999986,-0.6991446002589552,456.2084648564052,372.69439945939104,-0.1745,54.2633154675823,-3.9588103842346674,0.165,-0.36188829275788365,5.760809817671165
8.499999999999986,-0.6993590814870154,461.6385543305347,372.2980427158318,-0.1745,54.338474015007414,-3.9683244869498253,0.165,-0.36188829275788365,5.760809817671165
8.599999999999985,-0.6999964170523112,467.076160185242,371.90081427697464,-0.1745,54.41364307913762,-3.976244290192941,0.165,-0.36188829275788365,5.760809817671165
8.699999999999985,-0.7009363316686823,472.52128031898593,371.5028510828577,-0.1745,54.48875959574116,-3.98301959214611,0.165,-0.36188829275788365,5.760809817671165
8.799999999999985,-0.7020925361115016,477.97390721033497,371.1042514121977,-0.1745,54.56377823123957,-3.9889738210547185,0.165,-0.36188829275788365,5.760809817671165
8.899999999999984,-0.7034031675276617,483.4340294428322,370.7050857513974,-0.1745,54.63866641870507,-3.9943393949506665,0.165,-0.36188829275788365,5.760809817671165
8.999999999999984,-0.7048239084073277,488.90163280283394,370.30540462032513,-0.1745,54.71340078133008,-3.999283226494601,0.165,-0.36188829275788365,5.760809817671165
9.099999999999984,-0.7063230367354217,494.37670106969205,369.90524420361163,-0.1745,54.78796455583169,-4.003925107775928,0.165,-0.36188829275788365,5.760809817671165
9.199999999999983,-0.7078778674670105,499.85921658431636,369.50463040049215,-0.1745,54.86234573665449,-4.008350954613453,0.165,-0.36188829275788365,5.760809817671165
9.299999999999983,-0.7094721957368109,505.34916065813695,369.10358173566107,-0.1745,54.93653573975684,-4.012622342008213,0.165,-0.36188829275788365,5.760809817671165
9.399999999999983,-0.7110944608579837,510.84651386716865,368.702111450292,-0.1745,55.01052844087701,-4.016783365372198,0.165,-0.36188829275788365,5.760809817671165
9.499999999999982,-0.7127364286495985,516.3512562633938,368.3002290032878,-0.1745,55.08431948362525,-4.020865574711527,0.165,-0.36188829275788365,5.760809817671165
9.599999999999982,-0.7143922462845329,521.8633675266714,367.8979411485021,-0.1745,55.15790578192685,-4.024891521002651,0.165,-0.36188829275788365,5.760809817671165
9.699999999999982,-0.7160577647138624,527.3828270738875,367.4952527072677,-0.1745,55.23128516239556,-4.028877303685527,0.165,-0.36188829275788365,5.760809817671165
9.799999999999981,-0.7177300531802949,532.9096141373777,367.09216712210275,-0.1745,55.30445610740994,-4.032834399613814,0.165,-0.36188829275788365,5.760809817671165
9.89999999999998,-0.7194070515530537,538.4437078212796,366.6886868533513,-0.1745,55.37741757062736,-4.036770975414389,0.165,-0.36188829275788365,5.760809817671165
9.99999999999998,-0.7210873214936792,543.9850871420399,366.2848136631479,-0.1745,55.450168844577945,-4.040692828655063,0.165,-0.36188829275788365,5.760809817671165
10.09999999999998,-0.7227698684542685,549.5337310575529,365.88054881859296,-0.1745,55.52270946568284,-4.044604062443042,0.165,-0.36188829275788365,5.760809817671165
10.19999999999998,-0.7244540144140885,555.0896184881447,365.47589323703613,-0.1745,55.59503914615129,-4.048507568693401,0.165,-0.36188829275788365,5.760809817671165
10.29999999999998,-0.7261393069412589,560.6527283317108,365.0708475898942,-0.1745,55.667157725172466,-4.052405374145583,0.165,-0.36188829275788365,5.760809817671165
10.399999999999979,-0.7278254542466678,566.223039474667,364.66541237678814,-0.1745,55.73906513395039,-4.056298887974828,0.165,-0.36188829275788365,5.760809817671165
10.499999999999979,-0.7295122788265282,571.8005307998977,364.259587978445,-0.1745,55.81076137066546,-4.060189078888669,0.165,-0.36188829275788365,5.760809817671165
10.599999999999978,-0.7311996843917501,577.3851811925585,363.85337469441447,-0.1745,55.88224648255025,-4.064076601721347,0.165,-0.36188829275788365,5.760809817671165
10.699999999999978,-0.7316919154584614,582.9769695443391,363.44677276993446,-0.1745,55.953520553061374,-4.067961887878575,0.165,-0.36188829275788365,5.760809817671165
10.799999999999978,-0.7337893159296122,588.5774996988524,363.03949594905276,-0.1745,56.05708253720574,-4.077574529755345,0.495,-0.36188829275788365,5.760809817671165
10.899999999999977,-0.7357670902486652,594.1867538451065,362.63160182164955,-0.1745,56.128000387876895,-4.0803080183094265,0.165,-0.36188829275788365,5.760809817671165
10.999999999999977,-0.7376603888546462,599.8030868616544,362.2234176897794,-0.1745,56.198659943079164,-4.083374619093102,0.165,-0.36188829275788365,5.760809817671165
11.099999999999977,-0.739494160171321,605.4264736202609,361.814915113634,-0.1745,56.26907522905277,-4.086676903815082,0.165,-0.36188829275788365,5.760809817671165
11.199999999999976,-0.7400972851055212,611.0568901950426,361.4060739845321,-0.1745,56.33925626657896,-4.090145678223432,0.165,-0.36188829275788365,5.760809817671165
11.299999999999976,-0.7398765463222365,616.6959384620131,360.99659364384263,-0.1745,56.441709072833355,-4.09946113556628,0.495,-0.36188829275788365,5.760809817671165
11.399999999999975,-0.7427216732574624,622.3468737206656,360.5859442409394,-0.1745,56.576996100216626,-4.113526922498863,0.8300000000000001,-0.36188829275788365,5.760809817671165
11.499999999999975,-0.89315852828313,628.0080563914892,360.17456157220346,-0.1745,56.64665731625401,-4.114126452220224,0.165,-0.36188829275788365,5.760809817671165
11.599999999999975,-0.8518487884821074,633.6806072963493,359.78383965385694,-0.1495,56.804360780948386,-3.7003119147100443,0.8300000000000001,-0.36188829275788365,5.760809817671165
11.699999999999974,-0.8232490556228025,639.3635915171543,359.4075290255277,-0.1745,56.85532363515079,-3.8259006518749885,0.165,-0.36188829275788365,5.760809817671165
11.799999999999974,-0.8036189666863556,645.0519252499072,359.02045429267287,-0.1745,56.91135101990603,-3.9155940052216915,0.165,-0.36188829275788365,5.760809817671165
11.899999999999974,-0.7903132747652617,650.7460362735791,358.62567782123875,-0.1745,56.97086945353246,-3.9799354234600823,0.165,-0.36188829275788365,5.760809817671165
11.999999999999973,-1.4584746531125887,656.4462186737926,358.2253617928303,-0.1745,57.03277855073766,-4.026385144708236,0.165,-0.36188829275788365,5.760809817671165
12.099999999999973,-1.2535319578760618,662.1507427654814,357.9179486011453,-0.06225,57.05770328303718,-2.1218786889914645,0.8300000000000001,-0.36188829275788365,5.760809817671165
12.199999999999973,-1.1092379019911474,667.855430564184,357.6761858827492,-0.1745,57.03605269101555,-2.713375678931045,0.165,-0.36188829275788365,5.760809817671165
12.299999999999972,-1.0079596469360947,673.5593299082875,357.38390642025024,-0.1745,57.04193419105557,-3.1322135710483336,0.165,-0.36188829275788365,5.760809817671165
12.399999999999972,-0.9371196943860318,679.2647577647555,357.0558535935024,-0.1745,57.066622938304704,-3.4288429639093607,0.165,-0.36188829275788365,5.760809817671165
12.499999999999972,-0.8877785330255172,684.9733010559695,356.70245824435307,-0.1745,57.10424288597629,-3.6390640190767947,0.165,-0.36188829275788365,5.760809817671165
12.599999999999971,-0.8536000042450234,690.6860524305073,356.3310922160949,-0.1745,57.15078460477862,-3.7882565460876494,0.165,-0.36188829275788365,5.760809817671165
12.69999999999997,-0.8301028401233825,696.4037659900252,355.9469599012467,-0.1745,57.20348658558014,-3.8943897508756393,0.165,-0.36188829275788365,5.760809817671165
12.79999999999997,-0.8141230055701134,702.1269620291068,355.553731933752,-0.1745,57.260434196052664,-3.9701695990189667,0.165,-0.36188829275788365,5.760809817671165
12.89999999999997,-0.803429517934659,707.8559984312261,355.1539949580095,-0.1745,57.320293846333136,-4.02456991583108,0.165,-0.36188829275788365,5.760809817671165
12.99999999999997,-0.7964510258102886,713.5911198109118,354.7495703557444,-0.1745,57.38213374737989,-4.063922129470518,0.165,-0.36188829275788365,5.760809817671165
13.09999999999997,-0.7920817980028063,719.3324915737007,354.3417397821284,-0.1745,57.44530150840028,-4.0926893428499715,0.165,-0.36188829275788365,5.760809817671165
13.199999999999969,-1.4727106727410852,725.0802236376145,353.9314045563587,-0.1745,57.50933976987482,-4.1140151725435485,0.165,-0.36188829275788365,5.760809817671165
13.299999999999969,-1.2689413779226588,730.8290340496596,353.6179448625655,-0.06225,57.4668684710286,-2.1551787033213605,0.165,-0.36188829275788365,5.760809817671165
13.399999999999968,-1.12591939785489,736.5745570618843,353.3727982911951,-0.1745,57.443591773463915,-2.747752724085781,0.165,-0.36188829275788365,5.760809817671165
13.499999999999968,-1.0258530548941966,742.3191437681025,353.077105062182,-0.1745,57.44814235090118,-3.166111856176243,0.165,-0.36188829275788365,5.760809817671165
13.599999999999968,-0.9560915187711214,748.0651333554426,352.74572274542504,-0.1745,57.47164939590126,-3.461534478962625,0.165,-0.36188829275788365,5.760809817671165
13.699999999999967,-0.9076710603949325,753.8141235518336,352.389131252847,-0.1745,57.50815453191751,-3.670295372598639,0.165,-0.36188829275788365,5.760809817671165
13.799999999999967,-0.8742578152313768,759.5672114245792,352.01471490332483,-0.1745,57.553602922994884,-3.8180316178444484,0.165,-0.36188829275788365,5.760809817671165
13.899999999999967,-0.8513857004307843,765.3251520319167,351.6276713686575,-0.1745,57.60520922375305,-3.922839075502336,0.165,-0.36188829275788365,5.760809817671165
13.999999999999966,-0.8359108535693802,771.088464867203,351.2316556924874,-0.1745,57.661047481972865,-3.997474447900073,0.165,-0.36188829275788365,5.760809817671165
14.099999999999966,-0.8244420654557036,776.8575062359151,350.8292359567862,-0.1745,57.71977989226927,-4.05092026612331,0.165,-0.36188829275788365,5.760809817671165
14.199999999999966,-0.8181861617129582,782.6341438883944,350.4219287198393,-0.1745,57.81297315731739,-4.095224472814544,0.495,-0.36188829275788365,5.760809817671165
14.299999999999965,-0.8143578135047974,788.4185445241905,350.0110558049343,-0.1745,57.875039558602715,-4.122233825284803,0.165,-0.36188829275788365,5.760809817671165
14.399999999999965,-0.8567098269651876,794.2091921777134,349.59783070101145,-0.1745,57.93791351185506,-4.142268253172276,0.165,-0.8536630050032317,6.21451230719108
14.499999999999964,-0.8867082146028007,800.0069872037631,349.1892644488024,-0.1745,58.01798700913885,-4.029056791008803,0.165,-0.8536630050032317,6.21451230719108
14.599999999999964,-0.9081232152531229,805.8125263971614,348.79023889812487,-0.1745,58.092796858827064,-3.9514542225420652,0.165,-0.8536630050032317,6.21451230719108
14.699999999999964,-0.9235751739608098,811.6253590629153,348.39773452750006,-0.1745,58.1638564562516,-3.898633189953876,0.165,-0.8536630050032317,6.21451230719108
14.799999999999963,-0.9348857494722052,817.4451635100415,348.00965007726865,-0.1745,58.2322324862736,-3.8630558146747473,0.165,-0.8536630050032317,6.21451230719108
14.899999999999963,-0.9433214184970878,823.2717088415371,347.62452360195533,-0.1745,58.29867414363863,-3.839473691592053,0.165,-0.8536630050032317,6.21451230719108
14.999999999999963,-0.949762587391052,829.1048278636398,347.241338278126,-0.1745,58.36370629841369,-3.824232784994562,0.165,-0.8536630050032317,6.21451230719108
15.099999999999962,-0.9548211565162018,834.9443979776868,346.85938715893684,-0.1745,58.42769598252539,-3.8147895987893397,0.165,-0.8536630050032317,6.21451230719108
15.199999999999962,-1.1160540367556646,840.7903277520518,346.47817897101595,-0.1745,58.4908995047757,-3.8093741596281987,0.165,-0.8536630050032317,6.21451230719108
15.299999999999962,-1.0714235089990531,846.6439203969707,346.120359519513,-0.1495,58.58095339360252,-3.347014870430839,0.165,-0.8536630050032317,6.21451230719108
15.399999999999961,-1.0410844053271933,852.5040877418546,345.778669153174,-0.1745,58.62239350407576,-3.48679245634825,0.165,-0.8536630050032317,6.21451230719108
15.499999999999961,-1.0206706257722364,858.3687006753685,345.42508457503743,-0.1745,58.669865166201376,-3.5848991063837126,0.165,-0.8536630050032317,6.21451230719108
15.59999999999996,-1.0046311567895205,864.2382657247822,345.06313691517414,-0.1745,58.721435822073765,-3.6540540908821533,0.165,-0.8536630050032317,6.21451230719108
15.69999999999996,-0.9966690621347823,870.1164008795171,344.6947015070739,-0.1745,58.84126727262339,-3.7146540711234626,0.8300000000000001,-0.8536630050032317,6.21451230719108
15.79999999999996,-0.991778035563684,876.0033432744048,344.32159495472484,-0.1745,58.89758062513127,-3.7474769758576385,0.165,-0.8536630050032317,6.21451230719108
15.89999999999996,-0.9890142263619811,881.8959730834725,343.94565512287204,-0.1745,58.95501555622421,-3.7713196611984605,0.165,-0.8536630050032317,6.21451230719108
15.99999999999996,-1.1450714947165261,887.7943821533681,343.56764210249594,-0.1745,59.013165841686934,-3.788940746323064,0.165,-0.8536630050032317,6.21451230719108
16.09999999999996,-1.0962756423219053,893.7017196142294,343.2112069163301,-0.1495,59.13358337553793,-3.339762976993042,0.495,-0.8536630050032317,6.21451230719108
16.19999999999996,-1.0632026762228408,899.6169536800182,342.86955648519404,-0.1745,59.17109794023772,-3.4932456457289542,0.165,-0.8536630050032317,6.21451230719108
16.29999999999996,-1.0410071955273503,905.5362774736419,342.5148724132711,-0.1745,59.215377932236436,-3.6004357927298454,0.165,-0.8536630050032317,6.21451230719108
16.399999999999963,-1.026330705170289,911.4602584674896,342.15107110654753,-0.1745,59.264241944715884,-3.67559034174142,0.165,-0.8536630050032317,6.21451230719108
16.499999999999964,-1.016848341809324,917.3892804726473,341.7808620257471,-0.1745,59.31619815843933,-3.7285912742671776,0.165,-0.8536630050032317,6.21451230719108
16.599999999999966,-1.0109524264949812,923.323601533524,341.40611837293886,-0.1745,59.37022305909236,-3.7662817818985475,0.165,-0.8536630050032317,6.21451230719108
16.699999999999967,-1.007532178009307,929.2633933347208,341.0281344386311,-0.1745,59.42561296484508,-3.7933969042558044,0.165,-0.8536630050032317,6.21451230719108
16.79999999999997,-1.005820695857872,935.2087681563032,340.64780405999767,-0.1745,59.48188346680198,-3.813210668413498,0.165,-0.8536630050032317,6.21451230719108
16.89999999999997,-1.0052888440375813,941.1597973731859,340.265744253315,-0.1745,59.53870087085243,-3.8279854652391787,0.165,-0.8536630050032317,6.21451230719108
16.99999999999997,-1.0055717534208624,947.1165241789892,339.882380793225,-0.1745,59.59583524521269,-3.839283736560796,0.165,-0.8536630050032317,6.21451230719108
17.099999999999973,-1.006417967786811,953.0789723495964,339.49800740877555,-0.1745,59.65312816693087,-3.848183952428688,0.165,-0.8536630050032317,6.21451230719108
17.199999999999974,-1.0076542866616984,959.047152284028,339.112826703859,-0.1745,59.7104705217011,-3.8554301459019524,0.165,-0.8536630050032317,6.21451230719108
17.299999999999976,-1.0091614772149595,965.0210651703342,338.72697842794815,-0.1745,59.76778720442127,-3.8615353723157257,0.165,-0.8536630050032317,6.21451230719108
17.399999999999977,-1.7326034508019996,971.0007058589467,338.3405589970727,-0.1745,59.82502656783011,-3.866853245192914,0.165,-0.8536630050032317,6.21451230719108
17.49999999999998,-1.5113272704473688,976.9809195967637,338.06196798030714,-0.06225,59.779248188507765,-1.7049670901186094,0.165,-0.8536630050032317,6.21451230719108
17.59999999999998,-1.3591450603095567,982.9565293710075,337.8579620253341,-0.1745,59.73294729636913,-2.37515200934309,0.165,-0.8536630050032317,6.21451230719108
17.69999999999998,-1.2548642567730126,988.9291975149863,337.59727023070116,-0.1745,59.72041558320633,-2.83868388331564,0.165,-0.8536630050032317,6.21451230719108
17.799999999999983,-1.3432281780069855,994.9017378497739,337.29736761948305,-0.1745,59.73039111254463,-3.159368341046925,0.165,-0.8536630050032317,6.21451230719108
17.899999999999984,-1.2454432204489168,1000.8779653172189,336.9941068159069,-0.1495,59.794158236355564,-2.9058477304761885,0.165,-0.8536630050032317,6.21451230719108
17.999999999999986,-1.1788224631565831,1006.8580131940648,336.68843438437557,-0.1745,59.806799300561806,-3.2076009001498136,0.165,-0.8536630050032317,6.21451230719108
18.099999999999987,-1.133699511957084,1012.8400345059608,336.3572321397752,-0.1745,59.83362693735777,-3.416443991857951,0.165,-0.8536630050032317,6.21451230719108
18.19999999999999,-1.1033866976512534,1018.825217088137,336.0083487538774,-0.1745,59.87002470616603,-3.5612237260986905,0.165,-0.8536630050032317,6.21451230719108
18.29999999999999,-1.2416180686560128,1024.8143625532277,335.6471940955304,-0.1745,59.912884595649324,-3.6618694408411714,0.165,-0.8536630050032317,6.21451230719108
18.39999999999999,-1.1790162195356693,1030.8129668372299,335.3010175481021,-0.1495,60.05920108439151,-3.2616615077246913,0.8300000000000001,-0.8536630050032317,6.21451230719108
18.499999999999993,-1.136755768974982,1036.8202677403035,334.9649630840932,-0.1745,60.08681697708381,-3.459427772453304,0.165,-0.8536630050032317,6.21451230719108
18.599999999999994,-1.1084806885087097,1042.8307842878417,334.61217573468434,-0.1745,60.12351397367765,-3.596319215724248,0.165,-0.8536630050032317,6.21451230719108
18.699999999999996,-1.8144314018669592,1048.8452765732836,334.2477919497997,-0.1745,60.16633173516189,-3.6913564819682674,0.165,-0.8536630050032317,6.21451230719108
18.799999999999997,-1.5774202337458776,1054.8613334762097,333.9846095805917,-0.06225,60.15480632335713,-1.572290902191087,0.495,-0.8536630050032317,6.21451230719108
18.9,-1.4147914868757168,1060.8739945959492,333.79127136402917,-0.1745,60.09841607143337,-2.2944734290599516,0.165,-0.8536630050032317,6.21451230719108
19.0,-1.3036174212435638,1066.8828649324246,333.53691710218914,-0.1745,60.07899065807311,-2.7926118077409225,0.165,-0.8536630050032317,6.21451230719108
19.1,-1.227949629830528,1072.8910190130662,333.24047219230744,-0.1745,60.08409095475908,-3.1362863898932285,0.165,-0.8536630050032317,6.21451230719108
19.200000000000003,-1.1767366916188333,1078.9005038112778,332.9149804409165,-0.1745,60.10560500947109,-3.3735486379250363,0.165,-0.8536630050032317,6.21451230719108
19.300000000000004,-1.1423428618212936,1084.9126919909208,332.56942449453663,-0.1745,60.13815858339126,-3.5375702896724466,0.165,-0.8536630050032317,6.21451230719108
19.400000000000006,-1.1195040494577624,1090.928507499212,332.2099845849418,-0.1745,60.17815158243289,-3.651227902223625,0.165,-0.8536630050032317,6.21451230719108
19.500000000000007,-1.1045973019312871,1096.9485727709296,331.8409091712815,-0.1745,60.22315385192045,-3.730280370982678,0.165,-0.8536630050032317,6.21451230719108
19.60000000000001,-1.0951324180884126,1102.9733062840562,331.4651165437963,-0.1745,60.271516410612534,-3.7855721787215773,0.165,-0.8536630050032317,6.21451230719108
19.70000000000001,-1.0893995569715567,1109.0029879271137,331.0846099768357,-0.1745,60.32211645053833,-3.8245591604908284,0.165,-0.8536630050032317,6.21451230719108
19.80000000000001,-1.0862256914879076,1115.0378031357047,330.70076385158336,-0.1745,60.374187721282865,-3.8523633445560237,0.165,-0.8536630050032317,6.21451230719108
19.900000000000013,-1.0848066526958258,1121.0778728507785,330.3145206311839,-0.1745,60.42720658019187,-3.8725010634331065,0.165,-0.8536630050032317,6.21451230719108
20.000000000000014,-1.0845914923169186,1127.1232739251097,329.9265263353765,-0.1745,60.48081490643161,-3.887384852715072,0.165,-0.8536630050032317,6.21451230719108
20.100000000000016,-1.0852029663173803,1133.1740530556801,329.5372236414346,-0.1745,60.534767704977334,-3.8986690261231187,0.165,-0.8536630050032317,6.21451230719108
20.200000000000017,-1.0863829109794683,1139.2302363098904,329.1469158205063,-0.1745,60.58889737922939,-3.9074873924429854,0.165,-0.8536630050032317,6.21451230719108
20.30000000000002,-1.087954749432012,1145.291835644803,328.7558106184439,-0.1745,60.64308931902366,-3.91461664880559,0.165,-0.8536630050032317,6.21451230719108
20.40000000000002,-1.0897977741257696,1151.3588533706868,328.36405035542475,-0.1745,60.69726519865103,-3.9205886115771666,0.165,-0.8536630050032317,6.21451230719108
20.50000000000002,-1.091829517295262,1157.4312852076778,327.9717325619134,-0.1745,60.75137154116763,-3.9257672586496524,0.165,-0.8536630050032317,6.21451230719108
20.600000000000023,-1.0939936723551937,1163.5091223790084,327.5789241196198,-0.1745,60.80537188544508,-3.93040158722266,0.165,-0.8536630050032317,6.21451230719108
20.700000000000024,-1.0962518225896287,1169.592353044292,327.185670947232,-0.1745,60.859241420225366,-3.9346618605334713,0.165,-0.8536630050032317,6.21451230719108
20.800000000000026,-1.098577779722648,1175.6809632807203,326.79200463161413,-0.1745,60.91296330834318,-3.938664451823109,0.165,-0.8536630050032317,6.21451230719108
20.900000000000027,-1.1009537106237623,1181.774937754595,326.3979469657785,-0.1745,60.966526169149965,-3.942488864889959,0.165,-0.8536630050032317,6.21451230719108
21.00000000000003,-1.8383366805721137,1187.8742601807833,326.0035130530516,-0.1745,61.019922354617435,-3.946189389647768,0.165,-0.8536630050032317,6.21451230719108
21.10000000000003,-1.609425873341563,1193.975540040823,325.72115267692106,-0.06225,61.005674846179446,-1.7010181329637186,0.495,-0.8536630050032317,6.21451230719108
21.20000000000003,-1.4534924925770358,1200.0732384950895,325.5156229287091,-0.1745,60.94829423915052,-2.409576831276253,0.165,-0.8536630050032317,6.21451230719108
21.300000000000033,-1.3477047555317352,1206.1670376602306,325.25038492605495,-0.1745,60.927689063670115,-2.8951832218062323,0.165,-0.8536630050032317,6.21451230719108
21.400000000000034,-1.276292688804904,1212.259989883765,324.9442216487168,-0.1745,60.93135540701715,-3.228082324956741,0.165,-0.8536630050032317,6.21451230719108
21.500000000000036,-1.2284036046450528,1218.3541164941485,324.6099943134315,-0.1745,60.95117680065421,-3.456464380748435,0.165,-0.8536630050032317,6.21451230719108
21.600000000000037,-1.196589563100889,1224.4507654527504,324.2565022859158,-0.1745,60.98180237138406,-3.613376169565198,0.165,-0.8536630050032317,6.21451230719108
21.70000000000004,-1.1757499370397435,1230.550838883274,323.889760608444,-0.1745,61.0196662390914,-3.7214573798702637,0.165,-0.8536630050032317,6.21451230719108
21.80000000000004,-1.16239718835527,1236.6549409157758,323.5138776714815,-0.1745,61.06237441094186,-3.7962013593797233,0.165,-0.8536630050032317,6.21451230719108
21.90000000000004,-1.317711462421987,1242.7634752165216,323.13165758151774,-0.1745,61.108311603973625,-3.848200439895286,0.165,-0.8536630050032317,6.21451230719108
22.000000000000043,-1.260925281867663,1248.8784480253776,322.7699837406695,-0.1495,61.19114457314749,-3.3852763770692422,0.165,-0.8536630050032317,6.21451230719108
22.100000000000044,-1.2231304640280125,1254.9988385283375,322.42221220258205,-0.1745,61.216665486052875,-3.5701543846798285,0.165,-0.8536630050032317,6.21451230719108
22.200000000000045,-1.198282118507016,1261.1222148653424,322.05884966004754,-0.1745,61.2508612540463,-3.6970964660102235,0.165,-0.8536630050032317,6.21451230719108
22.300000000000047,-1.1822522807074367,1267.2493007936275,321.6847674855785,-0.1745,61.29085731165537,-3.7845470233701173,0.165,-0.8536630050032317,6.21451230719108
22.40000000000005,-1.1722258621901496,1273.3805797299935,321.30328528312447,-0.1745,61.33472141566628,-3.8450970257103094,0.165,-0.8536630050032317,6.21451230719108
22.50000000000005,-1.1650993018797229,1279.5163732794028,320.91666373875665,-0.1745,61.38114957251798,-3.887333861646117,0.165,-0.8536630050032317,6.21451230719108
22.60000000000005,-1.1623144314817677,1285.6585186751902,320.5261550893421,-0.1745,61.461758343229455,-3.9228391266447415,0.495,-0.8536630050032317,6.21451230719108
22.700000000000053,-1.1613024895813484,1291.8071569606836,320.13286343955366,-0.1745,61.51100736664203,-3.9429938691248387,0.165,-0.8536630050032317,6.21451230719108
22.800000000000054,-1.1614981597444842,1297.9607513641868,319.73782625552525,-0.1745,61.560880703419734,-3.9577498114435166,0.165,-0.8536630050032317,6.21451230719108
22.900000000000055,-1.162517503917202,1304.1193514221366,319.3414969318764,-0.1745,61.6111204555742,-3.968836661533762,0.165,-0.8536630050032317,6.21451230719108
23.000000000000057,-1.1640999075159908,1310.2829850274022,318.9441835884904,-0.1745,61.661551649740574,-3.9774302061870532,0.165,-0.8536630050032317,6.21451230719108
23.10000000000006,-1.166068560812563,1316.451665390577,318.54609561143883,-0.1745,61.71205561375476,-3.9843293348435123,0.165,-0.8536630050032317,6.21451230719108
23.20000000000006,-1.1683035758260352,1322.625395766892,318.14737531384816,-0.1745,61.76255191254748,-3.990076616969681,0.165,-0.8536630050032317,6.21451230719108
23.30000000000006,-1.1707237091455598,1328.8041726666213,317.74811946374797,-0.1745,61.812986082036026,-3.995040385033597,0.165,-0.8536630050032317,6.21451230719108
23.400000000000063,-1.173273942092611,1334.9879880355577,317.34839391531034,-0.1745,61.863321296690074,-3.9994705837190394,0.165,-0.8536630050032317,6.21451230719108
23.500000000000064,-1.1759170450982805,1341.1768307358138,316.94824354854353,-0.1745,61.91353270843372,-4.003536751617555,0.165,-0.8536630050032317,6.21451230719108
23.600000000000065,-1.1786278507364454,1347.3706875512642,316.54769901896043,-0.1745,61.96360360057127,-4.007353840044997,0.165,-0.8536630050032317,6.21451230719108
23.700000000000067,-1.1813893673313651,1353.5695438700525,316.14678133914134,-0.1745,62.01352277519427,-4.010999756336819,0.165,-0.8536630050032317,6.21451230719108
23.800000000000068,-1.1841901426947659,1359.773384147756,315.7455049873678,-0.1745,62.06328277887552,-4.014527279134071,0.165,-0.8536630050032317,6.21451230719108
23.90000000000007,-1.1870224765899664,1365.9821922216001,315.34388001601826,-0.1745,62.112878698008,-4.017972147856106,0.165,-0.8536630050032317,6.21451230719108
24.00000000000007,-1.1898812091649003,1372.1959515235585,314.9419134809974,-0.1745,62.162307341158446,-4.0213585525606454,0.165,-0.8536630050032317,6.21451230719108
24.100000000000072,-1.1927629000933275,1378.4146452248308,314.5396104104636,-0.1745,62.211566684287625,-4.024702858115928,0.165,-0.8536630050032317,6.21451230719108
24.200000000000074,-1.1956652726464603,1384.6382563337681,314.13697446107864,-0.1745,62.260655494459215,-4.028016129583508,0.165,-0.8536630050032317,6.21451230719108
24.300000000000075,-1.1985868373368715,1390.8667677622263,313.7340083623982,-0.1745,62.309573074703664,-4.03130584402561,0.165,-0.8536630050032317,6.21451230719108
24.400000000000077,-1.2015266372305131,1397.100162370516,313.33071421767755,-0.1745,62.35831909109079,-4.034577050386877,0.165,-0.8536630050032317,6.21451230719108
24.500000000000078,-1.2044840756622366,1403.3384229978487,312.92709370740323,-0.1745,62.40689345556434,-4.03783315509978,0.165,-0.8536630050032317,6.21451230719108
24.60000000000008,-1.2074587997401396,1409.5815324829562,312.52314822694916,-0.1745,62.45529624658561,-4.041076453981868,0.165,-0.8536630050032317,6.21451230719108
24.70000000000008,-1.2104506216055815,1415.8294736780556,312.118878979639,-0.1745,62.50352765540373,-4.044308492220454,0.165,-0.8536630050032317,6.21451230719108
24.800000000000082,-1.213459465235041,1422.0822294583102,311.71428703963227,-0.1745,62.55158794968874,-4.047530307914489,0.165,-0.8536630050032317,6.21451230719108
24.900000000000084,-1.2164853305145518,1428.3397827282408,311.30937339439777,-0.1745,62.5994774489242,-4.050742596775765,0.165,-0.8536630050032317,6.21451230719108
25.000000000000085,-1.217208010086994,1434.602116426075,310.9041389733855,-0.1745,62.64719650776118,-4.053945823469434,0.165,-0.8536630050032317,6.21451230719108
25.100000000000087,-1.221010798287013,1440.8724880314885,310.49800739499204,-0.1745,62.76023560050722,-4.0686857443996205,0.8300000000000001,-0.8536630050032317,6.21451230719108
25.200000000000088,-1.2245874777993992,1447.1508860830668,310.0910962550561,-0.1745,62.80772543105756,-4.069537054319967,0.165,-0.8536630050032317,6.21451230719108
25.30000000000009,-1.2280180496185553,1453.4340189740228,309.6840622953455,-0.1745,62.854932388065265,-4.071142139891265,0.165,-0.8536630050032317,6.21451230719108
25.40000000000009,-1.2313563559278087,1459.7218603070814,309.27684261903676,-0.1745,62.90189427310568,-4.0732513862827435,0.165,-0.8536630050032317,6.21451230719108
25.500000000000092,-1.2346386391645643,1466.0143868544874,308.86939520834585,-0.1745,62.94863667501499,-4.075696827535874,0.165,-0.8536630050032317,6.21451230719108
25.600000000000094,-1.2378893047961692,1472.3115775359374,308.46169209306447,-0.1745,62.995176953987034,-4.078365478092214,0.165,-0.8536630050032317,6.21451230719108
25.700000000000095,-1.9994850938697148,1478.6134127300647,308.0537147510628,-0.1745,63.041526928559584,-4.081181361941976,0.165,-0.8536630050032317,6.21451230719108
25.800000000000097,-1.7570387929369753,1484.9150817749467,307.7652984721916,-0.06225,62.99185396907729,-1.687144215482098,0.165,-0.8536630050032317,6.21451230719108
25.900000000000098,-1.5944763372370607,1491.2104321319125,307.5577459117761,-0.1745,62.9151531702391,-2.463906992827955,0.165,-0.8536630050032317,6.21451230719108
26.0000000000001,-1.4860109836060011,1497.5002240586607,307.2851351079408,-0.1745,62.88068536472338,-2.98830908387911,0.165,-0.8536630050032317,6.21451230719108
26.1000000000001,-1.4140944957737833,1503.7879404273087,306.96859757025544,-0.1745,62.87364200823764,-3.3424416698282178,0.165,-0.8536630050032317,6.21451230719108
26.200000000000102,-1.3668282004823962,1510.0758514512718,306.6223876443056,-0.1745,62.88457847102315,-3.5817568491679745,0.165,-0.8536630050032317,6.21451230719108
26.300000000000104,-2.091584694658458,1516.3654487901638,306.25611434465003,-0.1745,62.90736830681642,-3.7437091439435144,0.165,-0.8536630050032317,6.21451230719108
26.400000000000105,-1.8282355433726305,1522.655490267876,305.9952357480874,-0.06225,62.89346124743169,-1.47386278730899,0.495,-0.8536630050032317,6.21451230719108
26.500000000000107,-1.6513679848326503,1528.940465849043,305.8057560709555,-0.1745,62.806050375908654,-2.315730755328691,0.165,-0.8536630050032317,6.21451230719108
26.600000000000108,-1.533154632353244,1535.2190061350964,305.54573987019205,-0.1745,62.76475534515753,-2.8845932599405417,0.165,-0.8536630050032317,6.21451230719108
26.70000000000011,-1.4546235093640745,1541.4949116024707,305.2380563780276,-0.1745,62.753354002327455,-3.2690765833483924,0.165,-0.8536630050032317,6.21451230719108
26.80000000000011,-1.402889477051301,1547.7706561208067,304.8981478973442,-0.1745,62.761536364391745,-3.5290930303192893,0.165,-0.8536630050032317,6.21451230719108
26.900000000000112,-1.369226952522164,1554.0478643981803,304.5364356103215,-0.1745,62.78262918307813,-3.7051527101344064,0.165,-0.8536630050032317,6.21451230719108
27.000000000000114,-1.3477400586796326,1560.327608782311,304.15994666207405,-0.1745,62.81225849953718,-3.8246262548150787,0.165,-0.8536630050032317,6.21451230719108
27.100000000000115,-1.3344514743782128,1566.6105983480747,303.77341592007264,-0.1745,62.84753281573776,-3.9059885852131213,0.165,-0.8536630050032317,6.21451230719108
27.200000000000117,-1.3266814581155804,1572.8973014725061,303.3800315674146,-0.1745,62.8865296728889,-3.961698467947337,0.165,-0.8536630050032317,6.21451230719108
27.300000000000118,-1.3226262664625081,1579.1880262598752,302.9819391066139,-0.1745,62.92796607449187,-4.0001507480675365,0.165,-0.8536630050032317,6.21451230719108
27.40000000000012,-1.3210727409196876,1585.4829737496507,302.58058166893767,-0.1745,62.970983721019024,-4.02699800545641,0.165,-0.8536630050032317,6.21451230719108
27.50000000000012,-1.3212054737566374,1591.7822733149387,302.1769295658965,-0.1745,63.01500758474012,-4.046044055367162,0.165,-0.8536630050032317,6.21451230719108
27.600000000000122,-1.322476718174348,1598.0860062996137,301.7716349998925,-0.1745,63.05965210876145,-4.059847264712169,0.165,-0.8536630050032317,6.21451230719108
27.700000000000124,-1.3245187262268334,1604.3942218396662,301.3651362605873,-0.1745,63.10465869228706,-4.070127521392045,0.165,-0.8536630050032317,6.21451230719108
27.800000000000125,-1.3270847289647807,1610.7069474690031,300.95772785789984,-0.1745,63.149853894452114,-4.078040532356473,0.165,-0.8536630050032317,6.21451230719108
27.900000000000126,-1.330009228566431,1617.024196235386,300.5496077025297,-0.1745,63.19512143320254,-4.084362575045912,0.165,-0.8536630050032317,6.21451230719108
28.000000000000128,-1.3331812992000305,1623.3459714771684,300.1409088306273,-0.1745,63.24038340244536,-4.089614863001584,0.165,-0.8536630050032317,6.21451230719108
28.10000000000013,-1.29317459781377,1629.6722700304656,299.73172072648157,-0.1745,63.28558766349748,-4.094147219913814,0.165,-0.13435982649914374,5.74482145140509
28.20000000000013,-1.267372594441529,1636.0021905197536,299.3152795112378,-0.1745,63.312822122262396,-4.23467708496097,0.165,-0.13435982649914374,5.74482145140509
28.300000000000132,-1.251151751975201,1642.3351686095375,298.88702698880877,-0.1745,63.34673967341461,-4.330373363619216,0.165,-0.13435982649914374,5.74482145140509
28.400000000000134,-1.2413907703488112,1648.6717594605789,298.4507164464721,-0.1745,63.38507734741229,-4.395837483115008,0.165,-0.13435982649914374,5.74482145140509
28.500000000000135,-1.2359847047740238,1655.0123295609849,298.00887822427114,-0.1745,63.42632466070908,-4.440926960904154,0.165,-0.13435982649914374,5.74482145140509
28.600000000000136,-1.2335152120038841,1661.3571193168177,297.56321729391607,-0.1745,63.46947045594614,-4.4722916461969895,0.165,-0.13435982649914374,5.74482145140509
28.700000000000138,-1.233027258578242,1667.7062846698332,297.1148819815251,-0.1745,63.513836604363824,-4.494414601621815,0.165,-0.13435982649914374,5.74482145140509
28.80000000000014,-1.2338781695363332,1674.0599248920676,296.6646454301367,-0.1745,63.55896784032428,-4.510316426146285,0.165,-0.13435982649914374,5.74482145140509
28.90000000000014,-1.2356357080043048,1680.4181012021756,296.21302804288587,-0.1745,63.60455836183817,-4.5220313188702965,0.165,-0.13435982649914374,5.74482145140509
29.000000000000142,-1.2380093258020817,1686.7808492572829,295.76038004850034,-0.1745,63.65040274030535,-4.530928568840102,0.165,-0.13435982649914374,5.74482145140509
29.100000000000144,-1.2408038247285802,1693.1481875446498,295.3069371451488,-0.1745,63.69636300703172,-4.5379294981896825,0.165,-0.13435982649914374,5.74482145140509
29.200000000000145,-1.243888142974661,1699.5201230225655,294.8528579820103,-0.1745,63.7423465512813,-4.543653764580672,0.165,-0.13435982649914374,5.74482145140509
29.300000000000146,-1.2471743412198522,1705.896654913357,294.39824939523066,-0.1745,63.78829126454792,-4.548517971012128,0.165,-0.13435982649914374,5.74482145140509
29.400000000000148,-1.2506034623069477,1712.2777772540956,293.943183391793,-0.1745,63.834155550225276,-4.552802097740588,0.165,-0.13435982649914374,5.74482145140509
29.50000000000015,-1.2541360203882057,1718.6634806117913,293.4877085750848,-0.1745,63.87991160369249,-4.556694236423204,0.165,-0.13435982649914374,5.74482145140509
29.60000000000015,-1.2577456065356403,1725.0537532365795,293.0318578282286,-0.1745,63.92554089206996,-4.560320700700863,0.165,-0.13435982649914374,5.74482145140509
29.700000000000152,-2.0130214075096116,1731.4485818368785,292.5756534789167,-0.1745,63.97103111390823,-4.56376628553798,0.165,-0.13435982649914374,5.74482145140509
29.800000000000153,-1.7723796506437743,1737.8431884657102,292.2397301839948,-0.06225,63.92110146272652,-2.1546996128997824,0.165,-0.13435982649914374,5.74482145140509
29.900000000000155,-1.6115145830175182,1744.231356024739,291.9850372044015,-0.1745,63.84224971784757,-2.9391599789657707,0.165,-0.13435982649914374,5.74482145140509
30.000000000000156,-1.504573970721348,1750.6137812772647,291.66468373389154,-0.1745,63.80625533266867,-3.4679094312334993,0.165,-0.13435982649914374,5.74482145140509
30.100000000000158,-1.4340030339259802,1756.99399616224,291.3000679900313,-0.1745,63.79804236683506,-3.8244054459705494,0.165,-0.13435982649914374,5.74482145140509
30.20000000000016,-1.387921870880844,1763.3742989722607,290.90560121432316,-0.1745,63.80801383358023,-4.064930068192659,0.165,-0.13435982649914374,5.74482145140509
30.30000000000016,-1.3583119313560665,1769.7561974260107,290.4909828571009,-0.1745,63.829955241418475,-4.227437076251873,0.165,-0.13435982649914374,5.74482145140509
30.400000000000162,-1.5054937210481376,1776.1406849403638,290.0627360141414,-0.1745,63.859795045646564,-4.3374997829381154,0.165,-0.13435982649914374,5.74482145140509
30.500000000000163,-1.4401331409455516,1782.5320939689484,289.6515647458046,-0.1495,63.96838552604382,-3.885925583798663,0.495,-0.13435982649914374,5.74482145140509
30.600000000000165,-1.3976499088797623,1788.9295203152224,289.25173145899856,-0.1745,63.980141399433236,-4.1107401523220455,0.165,-0.13435982649914374,5.74482145140509
30.700000000000166,-1.3705314444962449,1795.328681467864,288.83307034648374,-0.1745,64.0030816534014,-4.262482097974271,0.165,-0.13435982649914374,5.74482145140509
30.800000000000168,-1.35372504436556,1801.7305052538782,288.4016875442053,-0.1745,64.03339406688185,-4.365173947594526,0.165,-0.13435982649914374,5.74482145140509
30.90000000000017,-1.3438371877671509,1808.1356030374375,287.9616807190022,-0.1745,64.06856160430658,-4.434962556467749,0.165,-0.13435982649914374,5.74482145140509
31.00000000000017,-1.3385911505009054,1814.5443768278976,287.5157980071386,-0.1745,64.10691420489823,-4.482691680804302,0.165,-0.13435982649914374,5.74482145140509
31.100000000000172,-1.3364607712470276,1820.9570895501738,287.06588151228686,-0.1745,64.14734024062511,-4.5156382162302116,0.165,-0.13435982649914374,5.74482145140509
31.200000000000173,-1.5031621180354118,1827.3739114774855,286.6131654849244,-0.1745,64.18909830561113,-4.538682331019031,0.165,-0.13435982649914374,5.74482145140509
31.300000000000175,-1.4496392870232013,1833.7985564945263,286.1851036432995,-0.1495,64.3038020352056,-4.022554501479143,0.495,-0.13435982649914374,5.74482145140509
31.400000000000176,-1.4152728358939566,1840.2297402066633,285.77341928483,-0.1745,64.31987220753322,-4.2111326679104675,0.165,-0.13435982649914374,5.74482145140509
31.500000000000178,-1.3937358058968574,1846.6629986062449,285.34595199259934,-0.1745,64.34529578409791,-4.338213176703365,0.165,-0.13435982649914374,5.74482145140509
31.60000000000018,-1.3807866974777205,1853.0991069000559,284.90783477704764,-0.1745,64.3768700921222,-4.424131134330498,0.165,-0.13435982649914374,5.74482145140509
31.70000000000018,-1.3735855528580985,1859.538574435183,284.46250251611355,-0.1745,64.41248061041972,-4.482514084350909,0.165,-0.13435982649914374,5.74482145140509
31.800000000000182,-1.3702326444814352,1865.981734744356,284.01225245219644,-0.1745,64.45072557303779,-4.522487193991761,0.165,-0.13435982649914374,5.74482145140509
31.900000000000183,-1.3694581653308844,1872.4288046879203,283.55862026204903,-0.1745,64.49067329825036,-4.5501566089567325,0.165,-0.13435982649914374,5.74482145140509
32.000000000000185,-1.370413907536421,1878.8799235307613,283.10263213687324,-0.1745,64.53170355856679,-4.569605894559007,0.165,-0.13435982649914374,5.74482145140509
32.100000000000186,-1.3725336128774932,1885.3351788634811,282.6449736122575,-0.1745,64.57340309583027,-4.583564597756228,0.165,-0.13435982649914374,5.74482145140509
32.20000000000019,-1.3754394602457989,1891.7946238407212,282.186102563402,-0.1745,64.61549644896915,-4.5938563793536895,0.165,-0.13435982649914374,5.74482145140509
32.30000000000019,-1.3788795004352352,1898.258288663496,281.72632478675285,-0.1745,64.65780000652451,-4.601699153629105,0.165,-0.13435982649914374,5.74482145140509
32.40000000000019,-1.38268582483484,1904.7261882348573,281.26584453026754,-0.1745,64.70019142070116,-4.6079059760766965,0.165,-0.13435982649914374,5.74482145140509
32.50000000000019,-1.38674661267867,1911.1983272668979,280.8047982602073,-0.1745,64.74258922010841,-4.613019425128407,0.165,-0.13435982649914374,5.74482145140509
32.60000000000019,-1.3909874614348783,1917.6747036884003,280.3432772163809,-0.1745,64.78493920993942,-4.6174014513993304,0.165,-0.13435982649914374,5.74482145140509
32.700000000000195,-1.3953589228528094,1924.1553109187064,279.8813424725337,-0.1745,64.82720539618421,-4.621293425545603,0.165,-0.13435982649914374,5.74482145140509
32.800000000000196,-1.399828185305846,1930.6401393849144,279.4190349886054,-0.1745,64.86936392797384,-4.624856253019865,0.165,-0.13435982649914374,5.74482145140509
32.9000000000002,-1.4043735252242544,1937.1291775340335,278.9563823178382,-0.1745,64.91139905440757,-4.628197162324735,0.165,-0.13435982649914374,5.74482145140509
33.0000000000002,-1.4089806070941928,1943.6224125080666,278.49340308035255,-0.1745,64.95330042625659,-4.631387587387747,0.165,-0.13435982649914374,5.74482145140509
33.1000000000002,-1.413640017031326,1950.1198305941564,278.03010994595274,-0.1745,64.99506129553924,-4.634475100607815,0.165,-0.13435982649914374,5.74482145140509
33.2000000000002,-1.4173023289687228,1956.6214175246573,277.56651162226757,-0.1745,65.03667731448111,-4.6374913730952665,0.165,-0.13435982649914374,5.74482145140509
33.3000000000002,-1.4224065356218487,1963.1287836193333,277.1023277134745,-0.1745,65.11064457903777,-4.646186802765787,0.495,-0.13435982649914374,5.74482145140509
33.400000000000205,-1.4274311040848275,1969.6419166643186,276.63762065988243,-0.1745,65.15201632066825,-4.647954269075286,0.165,-0.13435982649914374,5.74482145140509
33.500000000000206,-1.432414670314393,1976.1591764487544,276.1727187631763,-0.1745,65.19317936804761,-4.650083665046859,0.165,-0.13435982649914374,5.74482145140509
33.60000000000021,-1.4373830225587367,1982.680543064943,275.70759204951133,-0.1745,65.23415295572538,-4.652450608252976,0.165,-0.13435982649914374,5.74482145140509
33.70000000000021,-1.4423534143058676,1989.2059982134624,275.2422208966736,-0.1745,65.27495001465869,-4.654972448501654,0.165,-0.13435982649914374,5.74482145140509
33.80000000000021,-1.4473374318003471,1995.7355246783409,274.77659256006547,-0.1745,65.31557928290864,-4.657594283661211,0.165,-0.13435982649914374,5.74482145140509
33.90000000000021,-1.4523428999726884,2002.2691059780163,274.3106988630989,-0.1745,65.35604671060007,-4.660279655671034,0.165,-0.13435982649914374,5.74482145140509
34.00000000000021,-1.4573751488559719,2008.8067261332833,273.8445346621984,-0.1745,65.39635639473919,-4.663004362338332,0.165,-0.13435982649914374,5.74482145140509
34.100000000000215,-1.4624378548195889,2015.3483695130692,273.3780968269419,-0.1745,65.43651120097833,-4.6657523427913885,0.165,-0.13435982649914374,5.74482145140509
34.200000000000216,-1.467533599206863,2021.8940207319688,272.9113835626732,-0.1745,65.47651317701416,-4.668512942582258,0.165,-0.13435982649914374,5.74482145140509
34.30000000000022,-1.472664239205658,2028.443664582187,272.4443939607237,-0.1745,65.51636382735131,-4.671279096408201,0.165,-0.13435982649914374,5.74482145140509
34.40000000000022,-1.477831153999607,2034.9972859883476,271.9771276998555,-0.1745,65.5560642958604,-4.674046120955299,0.165,-0.13435982649914374,5.74482145140509
34.50000000000022,-1.483035408104254,2041.5548699774922,271.5095848481437,-0.1745,65.59561548703135,-4.676810913280604,0.165,-0.13435982649914374,5.74482145140509
34.60000000000022,-1.4882778597307575,2048.116401659168,271.0417657315465,-0.1745,65.63501814648157,-4.6795714186629365,0.165,-0.13435982649914374,5.74482145140509
34.70000000000022,-2.264742580452022,2054.6818662122114,270.5736708467408,-0.1745,65.67427291439192,-4.682326277450508,0.165,-0.13435982649914374,5.74482145140509
34.800000000000225,-2.0134781873495653,2061.246684437455,270.2322792184537,-0.06225,65.6220915904758,-2.1455062882920077,0.165,-0.13435982649914374,5.74482145140509
34.900000000000226,-1.8481438105622605,2067.80407661768,269.97542252100703,-0.1745,65.52575201402838,-2.991627660641278,0.165,-0.13435982649914374,5.74482145140509
35.00000000000023,-1.7401625434247503,2074.3542351600363,269.64811587216496,-0.1745,65.47741883309365,-3.5545053161998297,0.165,-0.13435982649914374,5.74482145140509
35.10000000000023,-1.839656028598586,2080.9010944727884,269.2739372403696,-0.1745,65.45976742194631,-3.9290673197074777,0.165,-0.13435982649914374,5.74482145140509
35.20000000000023,-1.7387519342329874,2087.451377600904,268.89607933210505,-0.1495,65.54589514036324,-3.628090845584266,0.495,-0.13435982649914374,5.74482145140509
35.30000000000023,-1.6737455561363037,2094.0052502254816,268.51566899833426,-0.1745,65.5315573511881,-3.9801158298318304,0.165,-0.13435982649914374,5.74482145140509
35.40000000000023,-1.632594004929913,2100.558618183297,268.1059424270124,-0.1745,65.53580180511591,-4.214415596605348,0.165,-0.13435982649914374,5.74482145140509
35.500000000000234,-1.6072801348033519,2107.113014685599,267.6766925324223,-0.1745,65.55212824093039,-4.370582295196137,0.165,-0.13435982649914374,5.74482145140509
35.600000000000236,-1.592476551742694,2113.66943760329,267.2344169744441,-0.1745,65.57633011289717,-4.474928864367342,0.165,-0.13435982649914374,5.74482145140509
35.70000000000024,-1.5846480249479131,2120.2285373032964,266.7834241479408,-0.1745,65.60566388722629,-4.54492766569844,0.165,-0.13435982649914374,5.74482145140509
35.80000000000024,-1.5814510276207097,2126.7907370482335,266.32656919490256,-0.1745,65.63833101151052,-4.592171395066743,0.165,-0.13435982649914374,5.74482145140509
35.90000000000024,-1.5813332957210757,2133.3563110248733,265.86574330755195,-0.1745,65.67314852128621,-4.624346351945655,0.165,-0.13435982649914374,5.74482145140509
36.00000000000024,-1.5832673721648416,2139.9254352877006,265.40219869984145,-0.1745,65.70933673525683,-4.646545802263917,0.165,-0.13435982649914374,5.74482145140509
36.10000000000024,-1.5865735908068426,2146.498221181836,264.9367642562053,-0.1745,65.74638114745626,-4.662143070458871,0.165,-0.13435982649914374,5.74482145140509
36.200000000000244,-1.590802617274075,2153.074737340617,264.4699885343861,-0.1745,65.7839420281647,-4.673371365925062,0.165,-0.13435982649914374,5.74482145140509
36.300000000000246,-1.5956575781926172,2159.6550241926034,264.0022345393176,-0.1745,65.82179501156176,-4.681708535445177,0.165,-0.13435982649914374,5.74482145140509
36.40000000000025,-1.6009424718193712,2166.2391035404853,263.53374250245724,-0.1745,65.85979194607431,-4.688132201761981,0.165,-0.13435982649914374,5.74482145140509
36.50000000000025,-1.6065280093760912,2172.826984890506,263.06467144943696,-0.1745,65.89783505434298,-4.6932888586438,0.165,-0.13435982649914374,5.74482145140509
36.60000000000025,-1.6123290084927575,2179.418669636278,262.5951267121582,-0.1745,65.93585986109765,-4.697605886931032,0.165,-0.13435982649914374,5.74482145140509
36.70000000000025,-1.6182894382259452,2186.014153824715,262.1251781314177,-0.1745,65.97382390763697,-4.701365727878843,0.165,-0.13435982649914374,5.74482145140509
36.80000000000025,-1.6243725296146694,2192.613429984576,261.6548720960437,-0.1745,66.01169928959048,-4.704754979601616,0.165,-0.13435982649914374,5.74482145140509
36.900000000000254,-1.6305542383083806,2199.2164883351747,261.18423950290384,-0.1745,66.0494677223797,-4.707896883195692,0.165,-0.13435982649914374,5.74482145140509
37.000000000000256,-1.6368189245386073,2205.8233175852115,260.7133010181999,-0.1745,66.08711727835392,-4.710872810883189,0.165,-0.13435982649914374,5.74482145140509
37.10000000000026,-1.6431564993033776,2212.433905460609,260.2420705539137,-0.1745,66.12464022959189,-4.713736474840033,0.165,-0.13435982649914374,5.74482145140509
37.20000000000026,-1.6495605397526374,2219.0482390531874,259.7705575641887,-0.1745,66.16203162197897,-4.716523319659454,0.165,-0.13435982649914374,5.74482145140509
37.30000000000026,-1.6560270450297911,2225.6663050509305,259.29876856174997,-0.1745,66.1992883328802,-4.719256729115244,0.165,-0.13435982649914374,5.74482145140509
37.40000000000026,-1.6625536151983664,2232.2880898900025,258.82670811897043,-0.1745,66.23640844855827,-4.721952126475191,0.165,-0.13435982649914374,5.74482145140509
37.50000000000026,-1.6691389095723383,2238.9135798550783,258.35437952852544,-0.1745,66.2733908529526,-4.724619682425114,0.165,-0.13435982649914374,5.74482145140509
37.600000000000264,-1.6757822895076036,2245.542761145533,257.8817852392596,-0.1745,66.31023495613967,-4.727266102891634,0.165,-0.13435982649914374,5.74482145140509
37.700000000000266,-1.6824835829377491,2252.175619919094,257.40892714366294,-0.1745,66.34694051507849,-4.729895809041661,0.165,-0.13435982649914374,5.74482145140509
37.80000000000027,-1.689242929237595,2258.8121423206135,256.9358067674172,-0.1745,66.38350751531098,-4.73251171587307,0.165,-0.13435982649914374,5.74482145140509
37.90000000000027,-1.6960606770725508,2265.4523145010244,256.4624253943339,-0.1745,66.41993609291123,-4.735115745793557,0.165,-0.13435982649914374,5.74482145140509
38.00000000000027,-1.702937317188874,2272.09612262982,255.98878414867968,-0.1745,66.45622648300413,-4.737709167290117,0.165,-0.13435982649914374,5.74482145140509
38.10000000000027,-1.7098734382393388,2278.743552903261,255.5148840494056,-0.1745,66.49237898581782,-4.740292818191812,0.165,-0.13435982649914374,5.74482145140509
38.20000000000027,-1.7158497212574546,2285.394591549767,255.04072604585556,-0.1745,66.52839394430373,-4.742867252808878,0.165,-0.13435982649914374,5.74482145140509
38.300000000000274,-1.723256969666627,2292.050849775677,254.56602457527964,-0.1745,66.59677057389203,-4.751162158709777,0.495,-0.13435982649914374,5.74482145140509
38.400000000000276,-1.7306063648156946,2298.7123164186987,254.09083885765088,-0.1745,66.6325622865477,-4.752552193865483,0.165,-0.13435982649914374,5.74482145140509
38.50000000000028,-1.7379397765389017,2305.377352396179,253.6154946236358,-0.1745,66.66815726305914,-4.7543324864357634,0.165,-0.13435982649914374,5.74482145140509
38.60000000000028,-1.7452849802558825,2312.0459390978194,253.1399596898491,-0.1745,66.7035767697476,-4.7563661892985305,0.165,-0.13435982649914374,5.74482145140509
38.70000000000028,-1.7526604995713564,2318.7180596824765,252.6642132093003,-0.1745,66.73883492339435,-4.758563421677136,0.165,-0.13435982649914374,5.74482145140509
38.80000000000028,-1.760078788532947,2325.393698485676,252.18824177983146,-0.1745,66.77394114059955,-4.7608651676996425,0.165,-0.13435982649914374,5.74482145140509
38.90000000000028,-1.7675483222966124,2332.0728406301546,251.71203688697554,-0.1745,66.80890174897227,-4.763232689418519,0.165,-0.13435982649914374,5.74482145140509
39.000000000000284,-1.7750749703119197,2338.7554717699327,251.23559322412473,-0.1745,66.84372104658722,-4.765640567597615,0.165,-0.13435982649914374,5.74482145140509
39.100000000000286,-1.7826628980503276,2345.4415779221827,250.75890758932326,-0.1745,66.87840199840828,-4.7680721284319745,0.165,-0.13435982649914374,5.74482145140509
39.20000000000029,-1.7903151590240176,2352.1311453567996,250.2819781609501,-0.1745,66.9129466939301,-4.770516439031049,0.165,-0.13435982649914374,5.74482145140509
39.30000000000029,-1.804654782688112,2358.824160523887,249.8048040222943,-0.1745,66.94735664781619,-4.77296633408539,0.165,-0.12016866616692502,5.808085181378195
39.40000000000029,-1.816797556808785,2365.5207785146463,249.32848475474836,-0.1745,66.98500316737447,-4.753419016833448,0.165,-0.12016866616692502,5.808085181378195
39.50000000000029,-1.8275286170633198,2372.2210966570083,248.85374011446817,-0.1745,67.02135967986763,-4.741473788770308,0.165,-0.12016866616692502,5.808085181378195
39.60000000000029,-1.8373621713643264,2378.925005924243,248.37994130462639,-0.1745,67.05682566482635,-4.734502408065267,0.165,-0.12016866616692502,5.808085181378195
39.700000000000294,-1.846635061432372,2385.6324303769147,247.90667700463737,-0.1745,67.09166338860395,-4.7307835917151815,0.165,-0.12016866616692502,5.808085181378195
39.800000000000296,-1.8545486290170206,2392.3433157936165,247.4336783115327,-0.1745,67.12604494542741,-4.729190270378138,0.165,-0.12016866616692502,5.808085181378195
39.9000000000003,-1.8636342923871516,2399.0592471451055,246.9604831007965,-0.1745,67.19258208435592,-4.734713944346222,0.495,-0.12016866616692502,5.808085181378195
40.0000000000003,-1.8725002915453526,2405.7801963146862,246.48703523146196,-0.1745,67.22640130726226,-4.734243442344356,0.165,-0.12016866616692502,5.808085181378195
40.1000000000003,-1.8812506664163597,2412.5045133204662,246.01358480848535,-0.1745,67.2599388083342,-4.734765017187844,0.165,-0.12016866616692502,5.808085181378195
40.2000000000003,-1.8899537945510922,2419.232172656117,245.54004994948798,-0.1745,67.29324790468198,-4.735932162759282,0.165,-0.12016866616692502,5.808085181378195
40.3000000000003,-1.8986547468642847,2425.9631532319336,245.06637742459355,-0.1745,67.32636361164492,-4.73751833512936,0.165,-0.12016866616692502,5.808085181378195
40.400000000000304,-1.9073833689679525,2432.697436860834,244.5925327348198,-0.1745,67.35930896636471,-4.73937546034601,0.165,-0.12016866616692502,5.808085181378195
40.500000000000306,-1.9161595656616526,2439.4350072676207,244.11849362277516,-0.1745,67.3920991693715,-4.741406780546874,0.165,-0.12016866616692502,5.808085181378195
40.60000000000031,-1.9249967557641632,2446.1758494408814,243.64424582935325,-0.1745,67.42474429584318,-4.743549087891058,0.165,-0.12016866616692502,5.808085181378195
40.70000000000031,-1.9339041302806328,2452.9199492091643,243.16978031977789,-0.1745,67.45725106981418,-4.745761103616161,0.165,-0.12016866616692502,5.808085181378195
40.80000000000031,-1.9428881280969692,2459.6672929638944,242.695091470666,-0.1745,67.48962402478735,-4.748015878621726,0.165,-0.12016866616692502,5.808085181378195
40.90000000000031,-1.9519534001616037,2466.4178674782693,242.22017588547592,-0.1745,67.52186626271406,-4.7502958251798315,0.165,-0.12016866616692502,5.808085181378195
41.00000000000031,-1.9611034393716495,2473.171659788914,241.74503162073455,-0.1745,67.55397995017849,-4.752589469647755,0.165,-0.12016866616692502,5.808085181378195
41.100000000000314,-1.9683007161108104,2479.928657118557,241.26965768072293,-0.1745,67.5859666426853,-4.754889330584423,0.165,-0.12016866616692502,5.808085181378195
41.200000000000315,-1.9783255817778198,2486.692121330306,240.7934764151862,-0.1745,67.68331759228954,-4.768735980149775,0.8300000000000001,-0.12016866616692502,5.808085181378195
41.30000000000032,-1.9882013794590851,2493.4620448671653,240.3166058021903,-0.1745,67.71515314489893,-4.768676279768112,0.165,-0.12016866616692502,5.808085181378195
41.40000000000032,-1.9980140734913465,2500.235139525922,239.83970043539935,-0.1745,67.74674003023443,-4.769431056050786,0.165,-0.12016866616692502,5.808085181378195
41.50000000000032,-2.0078201302825063,2507.011382656051,239.36269321506583,-0.1745,67.7781225723471,-4.770713350619639,0.165,-0.12016866616692502,5.808085181378195
41.60000000000032,-2.0176568168754287,2513.7907552740903,238.8855407336126,-0.1745,67.80932978844224,-4.772336278444745,0.165,-0.12016866616692502,5.808085181378195
41.70000000000032,-2.027548910708998,2520.5732407993855,238.40821501170285,-0.1745,67.84038071746424,-4.774178159750424,0.165,-0.12016866616692502,5.808085181378195
41.800000000000324,-2.037513070312427,2527.358824230052,237.93069811418255,-0.1745,67.87128789586791,-4.776159790655749,0.165,-0.12016866616692502,5.808085181378195
41.900000000000325,-2.047560681786788,2534.14749160604,237.452978643143,-0.1745,67.90205962389379,-4.778229630134922,0.165,-0.12016866616692502,5.808085181378195
42.00000000000033,-2.0576997122824126,2540.93922965937,236.97504945421252,-0.1745,67.93270144270328,-4.7803541484748555,0.165,-0.12016866616692502,5.808085181378195
42.10000000000033,-2.0679359167004523,2547.734025586348,236.49690616977495,-0.1745,67.9632170968534,-4.7825115402764515,0.165,-0.12016866616692502,5.808085181378195
42.20000000000033,-2.0782736232318273,2554.5318668992527,236.0185462112551,-0.1745,67.99360916124333,-4.784687630119925,0.165,-0.12016866616692502,5.808085181378195
42.30000000000033,-2.0887162447163603,2561.3327413297843,235.53996816940742,-0.1745,68.02387944938681,-4.786873206834188,0.165,-0.12016866616692502,5.808085181378195
42.40000000000033,-2.099266611555986,2568.136636766214,235.06117139464936,-0.1745,68.05402927921074,-4.789062288326813,0.165,-0.12016866616692502,5.808085181378195
42.500000000000334,-2.1099271885211617,2574.943541212477,234.5821557306125,-0.1745,68.08405964605294,-4.791250992410262,0.165,-0.12016866616692502,5.808085181378195
42.600000000000335,-2.1207002160340864,2581.7534427615415,234.10292134088374,-0.1745,68.11397133523043,-4.793436802165063,0.165,-0.12016866616692502,5.808085181378195
42.70000000000034,-2.1315878023429233,2588.5663295780664,233.62346859637026,-0.1745,68.14376499526766,-4.795618088104637,0.165,-0.12016866616692502,5.808085181378195
42.80000000000034,-2.142591983774761,2595.382189887106,233.14379800209255,-0.1745,68.17344118552077,-4.7977937974494225,0.165,-0.12016866616692502,5.808085181378195
42.90000000000034,-2.1537147642488703,2602.2010119667393,232.6639101496142,-0.1745,68.20300040714214,-4.7999632521177125,0.165,-0.12016866616692502,5.808085181378195
43.00000000000034,-2.164958141322791,2609.022784143257,232.18380568613696,-0.1745,68.23244312320755,-4.802126017427177,0.165,-0.12016866616692502,5.808085181378195
43.10000000000034,-2.1763241235003634,2615.847494788007,231.7034852944268,-0.1745,68.26176977179536,-4.804281816776228,0.165,-0.12016866616692502,5.808085181378195
43.200000000000344,-2.1878147418763207,2622.675132315321,231.22294967977714,-0.1745,68.29098077448319,-4.806430476216611,0.165,-0.12016866616692502,5.808085181378195
43.300000000000345,-2.1994320581161046,2629.5056851811387,230.74219956154366,-0.1745,68.32007654186582,-4.808571888453376,0.165,-0.12016866616692502,5.808085181378195
43.40000000000035,-2.2111781700700077,2636.339141882089,230.26123566764758,-0.1745,68.34905747713728,-4.810705989468336,0.165,-0.12016866616692502,5.808085181378195
43.50000000000035,-2.22305521586602,2643.1754909548663,229.78005873100696,-0.1745,68.3779239784154,-4.812832743344004,0.165,-0.12016866616692502,5.808085181378195
43.60000000000035,-2.2350653770302977,2650.0147209757997,229.2986694872191,-0.1745,68.40667644024933,-4.81495213241347,0.165,-0.12016866616692502,5.808085181378195
43.70000000000035,-2.2472108809922418,2656.856820560542,228.817068673055,-0.1745,68.43531525459662,-4.817064150868444,0.165,-0.12016866616692502,5.808085181378195
43.80000000000035,-2.259494003206462,2663.701778363845,228.33525702548096,-0.1745,68.46384081145597,-4.8191688006121955,0.165,-0.12016866616692502,5.808085181378195
43.900000000000354,-2.2719170690430417,2670.5495830793816,227.85323528102188,-0.1745,68.49225349927639,-4.8212660885694225,0.165,-0.12016866616692502,5.808085181378195
44.000000000000355,-2.2844824555449708,2677.4002234396066,227.37100417534634,-0.1745,68.52055370522137,-4.823356024941459,0.165,-0.12016866616692502,5.808085181378195
44.10000000000036,-2.2971925931175647,2684.2536882156346,226.88856444299554,-0.1745,68.54874181533906,-4.825438622074707,0.165,-0.12016866616692502,5.808085181378195
44.20000000000036,-2.310049967192635,2691.109966217135,226.40591681720548,-0.1745,68.57681821467125,-4.82751389372678,0.165,-0.12016866616692502,5.808085181378195
44.30000000000036,-2.323057119895868,2697.969046292235,225.9230620297896,-0.1745,68.60478328732307,-4.829581854590523,0.165,-0.12016866616692502,5.808085181378195
44.40000000000036,-2.33621665173667,2704.8309173274265,225.44000081106083,-0.1745,68.63263741650694,-4.831642519985194,0.165,-0.12016866616692502,5.808085181378195
44.50000000000036,-2.349531223333746,2711.6955682474804,224.95673388977877,-0.1745,68.66038098456993,-4.833695905655998,0.165,-0.12016866616692502,5.808085181378195
44.600000000000364,-2.363003557185908,2718.562988015359,224.4732619931138,-0.1745,68.68801437301047,-4.835742027643816,0.165,-0.12016866616692502,5.808085181378195
44.700000000000365,-2.3766364394951203,2725.433165632134,223.9895858466216,-0.1745,68.71553796248814,-4.837780902200425,0.165,-0.12016866616692502,5.808085181378195
44.80000000000037,-2.3904327220473043,2732.3060901369,223.5057061742249,-0.1745,68.74295213282886,-4.8398125457331655,0.165,-0.12016866616692502,5.808085181378195
44.90000000000037,-2.404395324155435,2739.1817506066927,223.02162369819982,-0.1745,68.7702572630274,-4.841836974768707,0.165,-0.12016866616692502,5.808085181378195
45.00000000000037,-2.418527234668914,2746.0601361564063,222.5373391391649,-0.1745,68.79745373124793,-4.843854205929152,0.165,-0.12016866616692502,5.808085181378195
45.10000000000037,-2.4328315140528707,2752.9412359387097,222.05285321607266,-0.1745,68.8245419148234,-4.84586425591615,0.165,-0.12016866616692502,5.808085181378195
45.20000000000037,-2.4473112965408954,2759.8250391439637,221.56816664620186,-0.1745,68.85152219025427,-4.847867141500191,0.165,-0.12016866616692502,5.808085181378195
45.300000000000374,-2.461969792364677,2766.711535000137,221.08328014515118,-0.1745,68.87839493320666,-4.849862879513261,0.165,-0.12016866616692502,5.808085181378195
45.400000000000375,-2.4768102900639994,2773.6007127727225,220.59819442683335,-0.1745,68.90516051851036,-4.851851486843661,0.165,-0.12016866616692502,5.808085181378195
45.50000000000038,-2.4918361588806848,2780.492561764656,220.11291020346954,-0.1745,68.9318193201565,-4.853832980432251,0.165,-0.12016866616692502,5.808085181378195
45.60000000000038,-2.5070508512401464,2787.3870713162287,219.62742818558445,-0.1745,68.95837171129538,-4.855807377269598,0.165,-0.12016866616692502,5.808085181378195
45.70000000000038,-2.522457905324378,2794.2842308050053,219.14174908200127,-0.1745,68.98481806423402,-4.8577746943937345,0.165,-0.12016866616692502,5.808085181378195
45.80000000000038,-2.5380609477403664,2801.1840296457385,218.65587359983718,-0.1745,69.01115875043386,-4.859734948888294,0.165,-0.12016866616692502,5.808085181378195
45.90000000000038,-2.553863696288064,2808.0864572902856,218.1698024444987,-0.1745,69.03739414050844,-4.861688157880908,0.165,-0.12016866616692502,5.808085181378195
46.000000000000384,-2.5698699628323087,2814.991503227522,217.6835363196776,-0.1745,69.06352460422107,-4.8636343385417815,0.165,-0.12016866616692502,5.808085181378195
46.100000000000385,-2.5860836562832477,2821.8991569832574,217.1970759273464,-0.1745,69.08955051048261,-4.865573508082365,0.165,-0.12016866616692502,5.808085181378195
46.20000000000039,-2.6025087856900555,2828.809408120149,216.71042196775457,-0.1745,69.11547222734919,-4.867505683754121,0.165,-0.12016866616692502,5.808085181378195
46.30000000000039,-2.619149463452981,2835.722246237617,216.2235751394245,-0.1745,69.14129012202008,-4.869430882847336,0.165,-0.12016866616692502,5.808085181378195
46.40000000000039,-2.636009908659007,2842.63766097176,215.73653613914763,-0.1745,69.16700456083558,-4.871349122689972,0.165,-0.12016866616692502,5.808085181378195
46.50000000000039,-2.6530944505466856,2849.5556419952654,215.2493056619808,-0.1745,69.19261590927486,-4.873260420646554,0.165,-0.12016866616692502,5.808085181378195
46.60000000000039,-2.670407532105969,2856.476179017327,214.7618844012426,-0.1745,69.21812453195402,-4.87516479411707,0.165,-0.12016866616692502,5.808085181378195
46.700000000000394,-2.6879537138191907,2863.399261783556,214.27427304850997,-0.1745,69.24353079262404,-4.877062260535902,0.165,-0.12016866616692502,5.808085181378195
46.800000000000395,-2.7057376775496533,2870.3248800758956,213.78647229361462,-0.1745,69.26883505416887,-4.878952837370766,0.165,-0.12016866616692502,5.808085181378195
46.9000000000004,-2.7237642305846057,2877.2530237125343,213.29848282464,-0.1745,69.29403767860357,-4.880836542121667,0.165,-0.12016866616692502,5.808085181378195
47.0000000000004,-3.5550958710121554,2884.183682547818,212.81030532791792,-0.1745,69.31913902707242,-4.882713392319871,0.165,-0.12016866616692502,5.808085181378195
47.1000000000004,-3.2911252150359775,2891.116046381599,212.46282533792373,-0.06225,69.32813764854777,-2.0668864075638003,0.8300000000000001,-0.12016866616692502,5.808085181378195
47.2000000000004,-3.127161756795404,2898.0420054151114,212.20663700955458,-0.1745,69.19104302170163,-3.056880159819313,0.165,-0.12016866616692502,5.808085181378195
47.3000000000004,-3.028162380187541,2904.9572882780067,211.868965543879,-0.1745,69.1146142362086,-3.6965491536924375,0.165,-0.12016866616692502,5.808085181378195
47.400000000000404,-2.9713065749762873,2911.8668068718557,211.4786389434622,-0.1745,69.07575764077328,-4.109982854644008,0.165,-0.12016866616692502,5.808085181378195
47.500000000000405,-2.9417820523551734,2918.7736186024367,211.0542741554019,-0.1745,69.06047697085117,-4.377312906561696,0.165,-0.12016866616692502,5.808085181378195
47.600000000000406,-2.929999010616309,2925.679647804816,210.60789180943814,-0.1745,69.06010707673155,-4.550334012713581,0.165,-0.12016866616692502,5.808085181378195
47.70000000000041,-2.9297607623609623,2932.5861135353825,210.14724945707985,-0.1745,69.06920753460585,-4.662513034452311,0.165,-0.12016866616692502,5.808085181378195
47.80000000000041,-2.9370691513981217,2939.493790470293,209.6773508076789,-0.1745,69.08433116360034,-4.735459953566708,0.165,-0.12016866616692502,5.808085181378195
47.90000000000041,-2.949347786967854,2946.4031710697054,209.20142183825223,-0.1745,69.10328082464977,-4.783119434966506,0.165,-0.12016866616692502,5.808085181378195
48.00000000000041,-2.964938481659312,2953.3145676541935,208.72154162873613,-0.1745,69.12465086511591,-4.81448475535567,0.165,-0.12016866616692502,5.808085181378195
48.10000000000041,-2.982775488893907,2960.228177192648,208.23904972920636,-0.1745,69.14753990397583,-4.83535323524008,0.165,-0.12016866616692502,5.808085181378195
48.200000000000415,-3.002175071234685,2967.1441226441602,207.75480903919103,-0.1745,69.17136912626056,-4.849460565066178,0.165,-0.12016866616692502,5.808085181378195
48.300000000000416,-3.0226997097849595,2974.062479429096,207.26937535198365,-0.1745,69.19576657245317,-4.859213179081458,0.165,-0.12016866616692502,5.808085181378195
48.40000000000042,-3.0440705454470978,2980.9832924148304,206.7831066529643,-0.1745,69.22049314223413,-4.866160801305561,0.165,-0.12016866616692502,5.808085181378195
48.50000000000042,-3.066110952938618,2987.9065868293255,206.2962335535335,-0.1745,69.24539514767145,-4.87130118731045,0.165,-0.12016866616692502,5.808085181378195
48.60000000000042,-3.088710194787688,2994.832375278687,205.80890466571884,-0.1745,69.27037383955168,-4.875276568982735,0.165,-0.12016866616692502,5.808085181378195
48.70000000000042,-3.111800019055435,3001.7606622614394,205.3212158250387,-0.1745,69.29536581550133,-4.878500244620255,0.165,-0.12016866616692502,5.808085181378195
48.80000000000042,-3.1353395970170004,3008.691447073062,204.8332289063019,-0.1745,69.32033041695405,-4.8812381301157,0.165,-0.12016866616692502,5.808085181378195
48.900000000000425,-3.1593058325921874,3015.624725674885,204.34498393572161,-0.1745,69.34524161951161,-4.883661281490427,0.165,-0.12016866616692502,5.808085181378195
49.000000000000426,-3.1836871307071872,3022.5604918965637,203.85650688597505,-0.1745,69.37008281405518,-4.8858797134410885,0.165,-0.12016866616692502,5.808085181378195
49.10000000000043,-3.2084793923623964,3029.498738209675,203.36781469182193,-0.1745,69.39484344817228,-4.887964169621243,0.165,-0.12016866616692502,5.808085181378195
49.20000000000043,-3.2336834428680135,3036.4394562253306,202.87891847664616,-0.1745,69.4195168649322,-4.889960133894217,0.165,-0.12016866616692502,5.808085181378195
49.30000000000043,-3.259303382363089,3043.382637014193,202.38982562765295,-0.1745,69.44409891231575,-4.891896845969688,0.165,-0.12016866616692502,5.808085181378195
49.40000000000043,-3.2853455297945864,3050.3282713122403,201.90054113028683,-0.1745,69.4685870486318,-4.893793101352686,0.165,-0.12016866616692502,5.808085181378195
49.50000000000043,-3.311817748768107,3057.2763496530274,201.41106842612933,-0.1745,69.49297976710977,-4.895660981796931,0.165,-0.12016866616692502,5.808085181378195
49.600000000000435,-3.518483403722714,3064.226862452676,200.92140996432994,-0.1745,69.51727622585689,-4.897508254191127,0.165,-0.12016866616692502,5.808085181378195
49.700000000000436,-3.482809563259318,3071.185687999897,200.46246413530625,-0.1495,69.65923471855922,-4.281408326282849,0.8300000000000001,-0.12016866616692502,5.808085181378195
49.80000000000044,-3.4702106684658975,3078.151066479376,200.02311715860614,-0.1745,69.64833487102162,-4.505531207719265,0.165,-0.12016866616692502,5.808085181378195
49.90000000000044,-3.448177422809521,3085.115982604025,199.56534333314394,-0.1745,69.64998762195334,-4.649945301524491,0.165,-0.25162384236283086,5.581358308975981
50.00000000000044,-3.4445272813643957,3092.0807780450373,199.09147793261428,-0.1745,69.64592119829229,-4.827362709068479,0.165,-0.25162384236283086,5.581358308975981
50.10000000000044,-4.272817481358758,3099.045660333205,198.60302668292348,-0.1745,69.651724565058,-4.941662284747409,0.165,-0.25162384236283086,5.581358308975981
50.20000000000044,-4.003833927136452,3106.009652303696,198.24784001006208,-0.06225,69.62811484476008,-2.162071172480483,0.495,-0.25162384236283086,5.581358308975981
50.300000000000445,-3.841262584916528,3112.964956110992,197.97896925435407,-0.1745,69.4779613011617,-3.215343941679828,0.165,-0.25162384236283086,5.581358308975981
50.400000000000446,-3.7476896917226403,3119.9085158162356,197.62352105220447,-0.1745,69.39323280371498,-3.893620101311949,0.165,-0.25162384236283086,5.581358308975981
50.50000000000045,-3.6988312225596243,3126.8456178960146,197.212312797227,-0.1745,69.34880879186076,-4.330544998237009,0.165,-0.25162384236283086,5.581358308975981
50.60000000000045,-3.6789776874266664,3133.7795365619677,196.76518023743998,-0.1745,69.32956452720543,-4.612106197503659,0.165,-0.25162384236283086,5.581358308975981
50.70000000000045,-3.6779938106797747,3140.7123240776673,196.29488997627868,-0.1745,69.32618578678823,-4.793699025722293,0.165,-0.25162384236283086,5.581358308975981
50.80000000000045,-3.6893546172588474,3147.6452759100202,195.80965492368236,-0.1745,69.33285086027468,-4.911002026203945,0.165,-0.25162384236283086,5.581358308975981
50.90000000000045,-3.7088670767179224,3154.579212734995,195.31475581305767,-0.1745,69.34588563921763,-4.98698018628958,0.165,-0.25162384236283086,5.581358308975981
51.000000000000455,-3.9139113931507694,3161.514654862118,194.81358651904594,-0.1745,69.36295690323821,-5.03640569394505,0.165,-0.25162384236283086,5.581358308975981
51.100000000000456,-3.8797130587913866,3168.4578743581555,194.33918374048437,-0.1495,69.50143301751535,-4.451649877286399,0.8300000000000001,-0.25162384236283086,5.581358308975981
51.20000000000046,-3.870717624663025,3175.4073264215,193.88185202067623,-0.1745,69.48760824937165,-4.6949845188761605,0.165,-0.25162384236283086,5.581358308975981
51.30000000000046,-3.878158111906067,3182.3560793757397,193.40451403197912,-0.1745,69.48745083542182,-4.851775255066116,0.165,-0.25162384236283086,5.581358308975981
51.40000000000046,-4.078381929753957,3189.305249079364,192.91427571754244,-0.1745,69.49594323706555,-4.95299103366767,0.165,-0.25162384236283086,5.581358308975981
51.50000000000046,-4.04024546191426,3196.2582767096073,192.44714657241275,-0.1495,69.56460936780607,-4.389591868926383,0.165,-0.25162384236283086,5.581358308975981
51.60000000000046,-4.029785575324984,3203.2138440416734,191.9948284447688,-0.1745,69.54673727351496,-4.656770683952195,0.165,-0.25162384236283086,5.581358308975981
51.700000000000465,-4.037375808088173,3210.1683783760363,191.52055023168043,-0.1745,69.54394941374365,-4.828793577815456,0.165,-0.25162384236283086,5.581358308975981
51.800000000000466,-4.056833874957974,3217.123110791279,191.0321238949387,-0.1745,69.55069889111198,-4.939733157018987,0.165,-0.25162384236283086,5.581358308975981
51.90000000000047,-4.084197587972897,3224.078820127474,190.53456324299697,-0.1745,69.56348783278722,-5.011479881816093,0.165,-0.25162384236283086,5.581358308975981
52.00000000000047,-4.116933284245375,3231.035999390495,190.0310848087862,-0.1745,69.58009742762738,-5.058088802399023,0.165,-0.25162384236283086,5.581358308975981
52.10000000000047,-4.1515118179668375,3237.994960009322,189.52375140133498,-0.1745,69.59911494891374,-5.088579346625447,0.165,-0.25162384236283086,5.581358308975981
52.20000000000047,-4.191439803828691,3244.9591722028213,189.01330831345643,-0.1745,69.68512892107788,-5.12028241094557,0.8300000000000001,-0.25162384236283086,5.581358308975981
52.30000000000047,-4.233214112000435,3251.9287624462,188.50072151295393,-0.1745,69.7066759464989,-5.131453599104287,0.165,-0.25162384236283086,5.581358308975981
52.400000000000475,-4.27651627930742,3258.90052902437,187.98718783830884,-0.1745,69.72865561690502,-5.139219893797524,0.165,-0.25162384236283086,5.581358308975981
52.500000000000476,-4.321153490531506,3265.874505748238,187.47298662666933,-0.1745,69.75087886045449,-5.144804338992878,0.165,-0.25162384236283086,5.581358308975981
52.60000000000048,-4.367013843652508,3272.850710931176,186.95829690397645,-0.1745,69.77322479830626,-5.148990114864799,0.165,-0.25162384236283086,5.581358308975981
52.70000000000048,-4.414037718045125,3279.8291529805897,186.44323346671192,-0.1745,69.79561618996645,-5.152278630425645,0.165,-0.25162384236283086,5.581358308975981
52.80000000000048,-4.462199464769958,3286.809833976339,185.92786999335937,-0.1745,69.81800372502674,-5.154990836625439,0.165,-0.25162384236283086,5.581358308975981
52.90000000000048,-4.511495711598593,3293.792751961093,185.41225384472776,-0.1745,69.8403559700483,-5.157332136006498,0.165,-0.25162384236283086,5.581358308975981
53.00000000000048,-4.561937906376401,3300.777902406266,184.89641553994227,-0.1745,69.86265293341745,-5.159433959703281,0.165,-0.25162384236283086,5.581358308975981
53.100000000000485,-4.613547576092209,3307.765279150231,184.38037482229083,-0.1745,69.88488194587687,-5.16138039332544,0.165,-0.25162384236283086,5.581358308975981
53.200000000000486,-4.666353326415629,3314.754874998701,183.86414454139037,-0.1745,69.90703502351792,-5.16322522468362,0.165,-0.25162384236283086,5.581358308975981
53.30000000000049,-4.720388957290589,3321.746682108871,183.3477331373176,-0.1745,69.92910717988966,-5.165002856772182,0.165,-0.25162384236283086,5.581358308975981
53.40000000000049,-4.775692294955871,3328.740692235153,182.8311462298641,-0.1745,69.95109534574712,-5.166735292298107,0.165,-0.25162384236283086,5.581358308975981
53.50000000000049,-4.832304484752006,3335.7368968863298,182.31438763509533,-0.1745,69.97299767778861,-5.168436603076897,0.165,-0.25162384236283086,5.581358308975981
53.60000000000049,-4.890269581291708,3342.735287426038,181.79746001546832,-0.1745,69.99481311638013,-5.170115789463528,0.165,-0.25162384236283086,5.581358308975981
53.70000000000049,-4.949634331625587,3349.735855136989,181.28036529552404,-0.1745,70.01654110263078,-5.1717786094220495,0.165,-0.25162384236283086,5.581358308975981
53.800000000000495,-5.010448084850998,3356.7385912619925,180.76310492763804,-0.1745,70.0381813974366,-5.17342874829772,0.165,-0.25162384236283086,5.581358308975981
53.900000000000496,-5.0727627858304105,3363.7434870301527,180.24568006188304,-0.1745,70.05973396576248,-5.175068566802585,0.165,-0.25162384236283086,5.581358308975981
54.0000000000005,-5.136633026201149,3370.7505336735735,179.7280916545823,-0.1745,70.08119890265586,-5.1766995792120465,0.165,-0.25162384236283086,5.581358308975981
54.1000000000005,-5.202116135804999,3377.759722438004,179.21034053767036,-0.1745,70.10257638595066,-5.178322759026795,0.165,-0.25162384236283086,5.581358308975981
54.2000000000005,-5.269272304051564,3384.771044589603,178.6924274630032,-0.1745,70.12386664603838,-5.179938734315946,0.165,-0.25162384236283086,5.581358308975981
54.3000000000005,-5.338164724837956,3391.784491419233,178.17435313066068,-0.1745,70.14506994655105,-5.181547912535024,0.165,-0.25162384236283086,5.581358308975981
54.4000000000005,-5.40885976130242,3398.8000542451614,177.6561182070206,-0.1745,70.16618657201924,-5.183150560266369,0.165,-0.25162384236283086,5.581358308975981
54.500000000000504,-5.481427128417038,3405.817724414762,177.13772333629964,-0.1745,70.187216819988,-5.184746854152499,0.165,-0.25162384236283086,5.581358308975981
54.600000000000506,-5.555940092562216,3412.83749330556,176.61916914792084,-0.1745,70.20816099598139,-5.186336913423423,0.165,-0.25162384236283086,5.581358308975981
54.70000000000051,-5.632475687988693,3419.8593523258737,176.10045626121638,-0.1745,70.22901941028697,-5.187920820665701,0.165,-0.25162384236283086,5.581358308975981
54.80000000000051,-5.711114950600137,3426.883292915183,175.58158528842904,-0.1745,70.24979237590281,-5.189498635081305,0.165,-0.25162384236283086,5.581358308975981
54.90000000000051,-5.791943169869032,3433.9093065443394,175.06255683662744,-0.1745,70.27048020722701,-5.191070400950478,0.165,-0.25162384236283086,5.581358308975981
55.00000000000051,-5.875050159988201,3440.9373847156617,174.5433715089283,-0.1745,70.29108321922125,-5.192636153032381,0.165,-0.25162384236283086,5.581358308975981
55.10000000000051,-5.960530551596127,3447.9675189629666,174.02402990527614,-0.1745,70.31160172687717,-5.194195920010899,0.165,-0.25162384236283086,5.581358308975981
55.200000000000514,-6.048484105620243,3454.9997008515543,173.50453262294096,-0.1745,70.33203604487589,-5.195749726692741,0.165,-0.25162384236283086,5.581358308975981
55.300000000000516,-6.139016050973904,3462.0339219781667,172.98488025683585,-0.1745,70.3523864873709,-5.197297595409308,0.165,-0.25162384236283086,5.581358308975981
55.40000000000052,-6.232237448030061,3469.070173970928,172.46507339971987,-0.1745,70.37265336784962,-5.198839546910536,0.165,-0.25162384236283086,5.581358308975981
55.50000000000052,-6.328265579984476,3476.1084484892726,171.94511264232762,-0.1745,70.39283699904529,-5.200375600934644,0.165,-0.25162384236283086,5.581358308975981
55.60000000000052,-6.427224374418012,3483.148737223869,171.4249985734523,-0.1745,70.41293769288075,-5.20190577657118,0.165,-0.25162384236283086,5.581358308975981
55.70000000000052,-6.5292448575744135,3490.1910318965347,170.90473177999914,-0.1745,70.43295576043282,-5.203430092492246,0.165,-0.25162384236283086,5.581358308975981
55.80000000000052,0.0,3497.2353242601516,170.38431284701954,-0.1745,70.45289151190966,-5.204948567099673,0.165,-0.25162384236283086,5.581358308975981
55.900000000000524,0.0,3504.281606098579,169.86374235773363,-0.1745,70.47274525663641,-5.206461218618623,0.165,-0.25162384236283086,5.581358308975981
56.000000000000526,0.0,3511.329869226563,169.34302089354483,-0.1745,70.49251730304628,-5.207968065157039,0.165,-0.25162384236283086,5.581358308975981
56.10000000000053,0.0,3518.380105489649,168.8221490340498,-0.1745,70.51220795867492,-5.209469124743341,0.165,-0.25162384236283086,5.581358308975981
56.20000000000053,0.0,3525.4355812688777,168.30055008466778,-0.1745,70.59730762590395,-5.2225098628969,0.8300000000000001,-0.25162384236283086,5.581358308975981
56.30000000000053,0.0,3532.4962930909483,167.77834369458708,-0.1745,70.61692881550928,-5.221617938717051,0.165,-0.25162384236283086,5.581358308975981
56.40000000000053,0.0,3539.5589563768162,167.25618370166933,-0.1745,70.63633690185287,-5.221581919637673,0.165,-0.25162384236283086,5.581358308975981
56.50000000000053,0.0,3546.623552267233,166.73400022151705,-0.1745,70.65558090648932,-5.222087683407938,0.165,-0.25162384236283086,5.581358308975981
56.600000000000534,0.0,3553.6900659176467,166.21174905765795,-0.1745,70.67469210178213,-5.222935593774004,0.165,-0.25162384236283086,5.581358308975981
56.700000000000536,0.0,3560.758485046345,165.68940233816951,-0.1745,70.69369047217953,-5.223998795994839,0.165,-0.25162384236283086,5.581358308975981
56.80000000000054,0.0,3567.8287990112062,165.16694256349726,-0.1745,70.71258882504546,-5.2251966974505,0.165,-0.25162384236283086,5.581358308975981
56.90000000000054,0.0,3574.900998222722,164.6443588232907,-0.1745,70.73139540527083,-5.226478106680558,0.165,-0.25162384236283086,5.581358308975981
57.00000000000054,0.0,3581.975073770877,164.12164439221593,-0.1745,70.75011555782359,-5.2278105148149745,0.165,-0.25162384236283086,5.581358308975981
57.10000000000054,0.0,3589.0510171880023,163.59879520233648,-0.1745,70.76875278468226,-5.22917328277413,0.165,-0.25162384236283086,5.581358308975981
57.20000000000054,0.0,3596.1288202980677,163.07580887261446,-0.1745,70.7873094166294,-5.230553311665941,0.165,-0.25162384236283086,5.581358308975981
57.300000000000544,0.0,3603.2084751209077,162.55268409244601,-0.1745,70.80578704017059,-5.231942291702718,0.165,-0.25162384236283086,5.581358308975981
57.400000000000546,0.0,3610.2899738113556,162.02942023014097,-0.1745,70.82418676879136,-5.233334954398273,0.165,-0.25162384236283086,5.581358308975981
57.50000000000055,0.0,3617.3733086205593,161.50601708430435,-0.1745,70.84250941528073,-5.234727962334488,0.165,-0.25162384236283086,5.581358308975981
57.60000000000055,0.0,3624.4584718713827,160.98247472598607,-0.1745,70.86075560118707,-5.23611920403105,0.165,-0.25162384236283086,5.581358308975981
57.70000000000055,0.0,3631.5454559427585,160.45879339847588,-0.1745,70.87892582633098,-5.237507346172531,0.165,-0.25162384236283086,5.581358308975981
57.80000000000055,0.0,3638.6358782019474,159.93468698771017,-0.1745,70.92951935745067,-5.244620869141585,0.495,-0.25162384236283086,5.581358308975981
57.90000000000055,0.0,3645.7297333845504,159.4102150583235,-0.1745,70.94758429460855,-5.244817718591678,0.165,-0.25162384236283086,5.581358308975981
58.000000000000554,0.0,3652.8253880064813,158.88570218865172,-0.1745,70.96550814400469,-5.245439674843707,0.165,-0.25162384236283086,5.581358308975981
58.100000000000556,0.0,3659.9228291978825,158.36111375124165,-0.1745,70.98331568402243,-5.246329073358045,0.165,-0.25162384236283086,5.581358308975981
58.20000000000056,0.0,3667.0220461183944,157.83642799832978,-0.1745,71.00102272621713,-5.2473859848794815,0.165,-0.25162384236283086,5.581358308975981
58.30000000000056,0.0,3674.123029224486,157.31163134485175,-0.1745,71.0186393956131,-5.248547084681159,0.165,-0.25162384236283086,5.581358308975981
58.40000000000056,0.0,3681.2257698048443,156.78671537800597,-0.1745,71.03617221155768,-5.24977225223467,0.165,-0.25162384236283086,5.581358308975981
58.50000000000056,0.0,3688.330259685793,156.26167496167344,-0.1745,71.05362540741673,-5.251036074415886,0.165,-0.25162384236283086,5.581358308975981
58.60000000000056,0.0,3695.4364910445324,155.73650703501863,-0.1745,71.07100176737444,-5.2523224586799655,0.165,-0.25162384236283086,5.581358308975981
58.700000000000564,0.0,3702.5444562907483,155.21120985116488,-0.1745,71.08830315694222,-5.253621218395075,0.165,-0.25162384236283086,5.581358308975981
58.800000000000566,0.0,3709.654147991557,154.6857824948139,-0.1745,71.105530859232,-5.254925908624147,0.165,-0.25162384236283086,5.581358308975981
58.90000000000057,0.0,3716.765558823922,154.16022457665073,-0.1745,71.122685788076,-5.256232454639528,0.165,-0.25162384236283086,5.581358308975981
59.00000000000057,0.0,3723.8786815444796,153.6345360397725,-0.1745,71.139768623075,-5.257538282925168,0.165,-0.25162384236283086,5.581358308975981
59.10000000000057,0.0,3730.9935089703913,153.1087170370941,-0.1745,71.1567798951623,-5.258841770643154,0.165,-0.25162384236283086,5.581358308975981
59.20000000000057,0.0,3738.11003396719,152.58276785371663,-0.1745,71.17372004080745,-5.260141896905971,0.165,-0.25162384236283086,5.581358308975981
59.30000000000057,0.0,3745.2282494410474,152.05668885777575,-0.1745,71.19058943634883,-5.26143802191135,0.165,-0.25162384236283086,5.581358308975981
59.400000000000574,0.0,3752.348148333852,151.53048046932628,-0.1745,71.20738841973694,-5.262729747078228,0.165,-0.25162384236283086,5.581358308975981
59.500000000000576,0.0,3759.469723620054,151.0041431406479,-0.1745,71.22411730430288,-5.264016826489615,0.165,-0.25162384236283086,5.581358308975981
59.60000000000058,0.0,3766.592968304643,150.47767734378195,-0.1745,71.24077638747583,-5.265299110829152,0.165,-0.25162384236283086,5.581358308975981
59.70000000000058,0.0,3773.7178754218316,149.9510835626458,-0.1745,71.25736595630202,-5.2665765118936285,0.165,-0.18634042494822148,5.752761928823025
59.80000000000058,0.0,3780.8476546599813,149.46061994380315,-0.1495,71.33821880669485,-4.542695864959186,0.165,-0.18634042494822148,5.752761928823025
59.90000000000058,0.0,3787.9807298885767,148.996226854848,-0.1745,71.32328576521319,-4.745165914143678,0.165,-0.18634042494822148,5.752761928823025
60.00000000000058,0.0,3795.1128968142175,148.51528349498685,-0.1745,71.3200527476041,-4.8737012830793764,0.165,-0.18634042494822148,5.752761928823025
60.100000000000584,0.0,3802.2451062379314,148.02382607126623,-0.1745,71.32413572667647,-4.955447191332772,0.165,-0.18634042494822148,5.752761928823025
60.200000000000585,0.0,3809.377952846882,147.52567407887642,-0.1745,71.33279645233895,-5.0075926564632836,0.165,-0.18634042494822148,5.752761928823025
60.30000000000059,0.0,3816.51180851841,147.02324360164366,-0.1745,71.34431697821589,-5.041016888191795,0.165,-0.18634042494822148,5.752761928823025
60.40000000000059,0.0,3823.646905192091,146.51806261603042,-0.1745,71.35761649539953,-5.062602824073065,0.165,-0.18634042494822148,5.752761928823025
60.50000000000059,0.0,3830.783386711592,146.01109728807216,-0.1745,71.37201389462533,-5.076703735092313,0.165,-0.18634042494822148,5.752761928823025
60.60000000000059,0.0,3837.921341383188,145.5029584884226,-0.1745,71.38707953729599,-5.086072257899384,0.165,-0.18634042494822148,5.752761928823025
60.70000000000059,0.0,3845.0608224740517,144.9940324474632,-0.1745,71.40254227997433,-5.092448561288278,0.165,-0.18634042494822148,5.752761928823025
60.800000000000594,0.0,3852.2018611371795,144.4845633918607,-0.1745,71.41823098258187,-5.09693255076195,0.165,-0.18634042494822148,5.752761928823025
60.900000000000595,0.0,3859.3444745684465,143.97470579785232,-0.1745,71.43403764275264,-5.10021932940553,0.165,-0.18634042494822148,5.752761928823025
61.0000000000006,0.0,3866.488671157307,143.4645574256868,-0.1745,71.44989413446409,-5.102748113905069,0.165,-0.18634042494822148,5.752761928823025
61.1000000000006,0.0,3873.6344537400782,142.95418020022967,-0.1745,71.46575752095777,-5.104796395237546,0.165,-0.18634042494822148,5.752761928823025
61.2000000000006,0.0,3880.7850961598133,142.4430361347902,-0.1745,71.5470908737426,-5.118084913552298,0.8300000000000001,-0.18634042494822148,5.752761928823025
61.3000000000006,0.0,3887.9406000720514,141.9312696304954,-0.1745,71.56298737101848,-5.117245172343913,0.165,-0.18634042494822148,5.752761928823025
61.4000000000006,0.0,3895.097684496466,141.41954961034892,-0.1745,71.57870111727382,-5.117155230585642,0.165,-0.18634042494822148,5.752761928823025
61.500000000000604,0.0,3902.2596078433494,140.9072377488052,-0.1745,71.65976582038755,-5.129082000289303,0.8300000000000001,-0.18634042494822148,5.752761928823025
61.600000000000605,0.0,3909.4263620895504,140.39441520817888,-0.1745,71.67531910363202,-5.127368812236702,0.165,-0.18634042494822148,5.752761928823025
61.70000000000061,0.0,3916.594660193384,139.88171092418546,-0.1745,71.69064297303507,-5.126716867632122,0.165,-0.18634042494822148,5.752761928823025
61.80000000000061,0.0,3923.764482293819,139.36903847636552,-0.1745,71.70579903567497,-5.126732088766406,0.165,-0.18634042494822148,5.752761928823025
61.90000000000061,0.0,3930.9358135571247,138.8563435692721,-0.1745,71.72082623043995,-5.127166053102112,0.165,-0.18634042494822148,5.752761928823025
62.00000000000061,0.0,3938.108642328517,138.34359215771153,-0.1745,71.73574919740706,-5.127862178109426,0.165,-0.18634042494822148,5.752761928823025
62.10000000000061,0.0,3945.2829589663447,137.83076295967567,-0.1745,71.75058355914508,-5.128721782607649,0.165,-0.18634042494822148,5.752761928823025
62.200000000000614,0.0,3952.458755106919,137.31784273626727,-0.1745,71.765339252342,-5.129682685560621,0.165,-0.18634042494822148,5.752761928823025
62.300000000000615,0.0,3959.6376481432117,136.8045368503809,-0.1745,71.81252147351562,-5.1364350321662515,0.495,-0.18634042494822148,5.752761928823025
62.40000000000062,0.0,3966.8196332733964,136.29089963599947,-0.1745,71.82718113017799,-5.136309255462712,0.165,-0.18634042494822148,5.752761928823025
62.50000000000062,0.0,3974.0030777222896,135.7772521092275,-0.1745,71.84170784768992,-5.136641279976502,0.165,-0.18634042494822148,5.752761928823025
62.60000000000062,0.0,3981.187969542616,135.26355705340123,-0.1745,71.85612855883687,-5.13725983654919,0.165,-0.18634042494822148,5.752761928823025
62.70000000000062,0.0,3988.3742989861635,134.74979120680004,-0.1745,71.87046031211099,-5.138057095474567,0.165,-0.18634042494822148,5.752761928823025
62.80000000000062,-1000.0,3995.562057698261,134.2359400931246,-0.1745,71.88471392984061,-5.1389651780340655,0.165,-0.18634042494822148,5.752761928823025
