t,reward,x,y,theta,vx,vy,throttle,wind_vx,wind_vy
0.0,0.0,32.26290367580781,396.2914611903291,-0.018575043493909885,40.7339420683249,6.88259493040565,0.5,-1.0519071201508294,5.902997248656262
0.1,-4.893841755195007,32.26290367580781,396.2914611903291,-0.018575043493909885,40.7339420683249,6.88259493040565,0.5,-1.0519071201508294,5.902997248656262
0.2,-4.037828831170427,36.33762924561758,396.92761274721056,-0.043575043493909886,40.76056932787037,5.840436207224195,0.8300000000000001,-1.0519071201508294,5.902997248656262
0.30000000000000004,-3.273517887587502,40.40427310072323,397.42170655663836,-0.15582504349390988,40.57230777424266,4.04143998133166,0.165,-1.0519071201508294,5.902997248656262
0.4,-2.661904996746963,44.45377238688816,397.74695663016456,-0.1745,40.41767794905601,2.4635614891928586,0.165,-1.0519071201508294,5.902997248656262
0.5,-2.1751592944332416,48.491207108445856,397.93093669355176,-0.1745,40.33101648209785,1.216039778550631,0.165,-1.0519071201508294,5.902997248656262
0.6,-1.7896544886143806,52.52238861827433,398.00318065155403,-0.1745,40.292613714471585,0.22883938149520722,0.165,-1.0519071201508294,5.902997248656262
0.7,-1.4856380540537095,56.55147708299909,397.9870248425488,-0.1745,40.28915558002375,-0.5519555615996652,0.165,-1.0519071201508294,5.902997248656262
0.7999999999999999,-1.2468121237808245,60.58150450495329,397.90098903998904,-0.1745,40.31139285906013,-1.1687604895950356,0.165,-1.0519071201508294,5.902997248656262
0.8999999999999999,-1.0598752142558403,64.61471191211285,397.759785770274,-0.1745,40.35275528413123,-1.6553049047054071,0.165,-1.0519071201508294,5.902997248656262
0.9999999999999999,-0.9140673949410004,68.65277416632799,397.5750943461726,-0.1745,40.40848980017158,-2.038523577323157,0.165,-1.0519071201508294,5.902997248656262
1.0999999999999999,-0.8007470092626292,72.69695393593588,397.356171373922,-0.1745,40.47510559198616,-2.3399358676882973,0.165,-1.0519071201508294,5.902997248656262
1.2,-0.7130138269938868,76.74820953346874,397.1103390635189,-0.1745,40.55000635867098,-2.576710340373647,0.165,-1.0519071201508294,5.902997248656262
1.3,-0.6453839361579911,80.807271888811,396.8433778675831,-0.1745,40.63124074817432,-2.762513578341886,0.165,-1.0519071201508294,5.902997248656262
1.4000000000000001,-0.5935156395571075,84.87470039653601,396.55984233023764,-0.1745,40.71732940632604,-2.9081971685680563,0.165,-1.0519071201508294,5.902997248656262
1.5000000000000002,-0.5539822701734293,88.95092401008705,396.26331466102084,-0.1745,40.8071428646948,-3.0223562157679935,0.165,-1.0519071201508294,5.902997248656262
1.6000000000000003,-0.5240863115427291,93.03627184663587,395.95660770316715,-0.1745,40.89981386628155,-3.1117829413057057,0.165,-1.0519071201508294,5.902997248656262
1.7000000000000004,-0.5017088111566503,97.13099621326563,395.64192686740006,-0.1745,40.994673466313785,-3.1818337740358302,0.165,-1.0519071201508294,5.902997248656262
1.8000000000000005,-0.48518831768819964,101.23529007860887,395.32099892225995,-0.1745,41.09120384055097,-3.236725128766836,0.165,-1.0519071201508294,5.902997248656262
1.9000000000000006,-0.473224136189139,105.34930042215038,394.99517413210805,-0.1745,41.189003030279224,-3.2797706742713006,0.165,-1.0519071201508294,5.902997248656262
2.0000000000000004,-0.46479938273325333,109.47313849097856,394.66550705383514,-0.1745,41.28775834628442,-3.3135708911872026,0.165,-1.0519071201508294,5.902997248656262
2.1000000000000005,-0.45912001826137944,113.60688771534302,394.3328203107812,-0.1745,41.387226141004746,-3.340163969892384,0.165,-1.0519071201508294,5.902997248656262
2.2000000000000006,-0.45556669121429305,117.75060983845441,393.99775483423355,-0.1745,41.48721632122292,-3.361145561059917,0.165,-1.0519071201508294,5.902997248656262
2.3000000000000007,-0.4536567932526167,121.90434967585222,393.66080937833624,-0.1745,41.5875804267331,-3.3777635568866198,0.165,-1.0519071201508294,5.902997248656262
2.400000000000001,-0.4530146242856495,126.06813881794736,393.32237155346706,-0.1745,41.68820241516965,-3.3909929404968873,0.165,-1.0519071201508294,5.902997248656262
2.500000000000001,-0.453347974787712,130.2419985144797,392.9827421673727,-0.1745,41.788991515477235,-3.401594781390949,0.165,-1.0519071201508294,5.902997248656262
2.600000000000001,-0.45442977260040457,134.42594192385394,392.64215429539934,-0.1745,41.8898766720079,-3.4101626580766977,0.165,-1.0519071201508294,5.902997248656262
2.700000000000001,-0.4560837176450569,138.61997586832427,392.30078820575363,-0.1745,41.99080221739887,-3.4171591348368127,0.165,-1.0519071201508294,5.902997248656262
2.800000000000001,-0.4581730509461526,142.82410220410134,391.9587830296494,-0.1745,42.091724498142646,-3.4229443872479717,0.165,-1.0519071201508294,5.902997248656262
2.9000000000000012,-0.4605917831652015,147.03831889104998,391.6162458782363,-0.1745,42.19260924083012,-3.4277986410137835,0.165,-1.0519071201508294,5.902997248656262
3.0000000000000013,-0.46325785048093954,151.2626208278619,391.27325895902277,-0.1745,42.293429495408404,-3.4319397432579337,0.165,-1.0519071201508294,5.902997248656262
3.1000000000000014,-0.4661077789793361,155.49700050406307,390.92988512639573,-0.1745,42.394164028615236,-3.4355369092827117,0.165,-1.0519071201508294,5.902997248656262
3.2000000000000015,-0.46909252846734,159.74144850894308,390.5861722075382,-0.1745,42.49479606898508,-3.4387214678681546,0.165,-1.0519071201508294,5.902997248656262
3.3000000000000016,-0.4721742575166432,163.99595392872203,390.24215637146665,-0.1745,42.59531232659365,-3.441595253562638,0.165,-1.0519071201508294,5.902997248656262
3.4000000000000017,-0.47532380742000085,168.26050465643036,389.8978647509829,-0.1745,42.695702227572596,-3.4442371561130622,0.165,-1.0519071201508294,5.902997248656262
3.5000000000000018,-0.4785187467041094,172.5350876336357,389.5533174817834,-0.1745,42.7959573165345,-3.4467082278763534,0.165,-1.0519071201508294,5.902997248656262
3.600000000000002,-0.4817418523774028,176.81968903897564,389.2085292871987,-0.1745,42.896070790264076,-3.4490556638172287,0.165,-1.0519071201508294,5.902997248656262
3.700000000000002,-0.4849799311839656,181.1142944351892,388.8635107089696,-0.1745,42.996037134007544,-3.4513159007640306,0.165,-1.0519071201508294,5.902997248656262
3.800000000000002,-0.48532481713316006,185.418888883786,388.5182690624739,-0.1745,43.09585183792797,-3.4535170291505533,0.165,-1.0519071201508294,5.902997248656262
3.900000000000002,-0.4896586786240628,189.73673153927845,388.17223190521526,-0.1745,43.261001271921245,-3.4672261160224984,0.8300000000000001,-1.0519071201508294,5.902997248656262
4.000000000000002,-0.4937234063702528,194.06781577569143,387.82552066906464,-0.1745,43.360683456338414,-3.466998606989241,0.165,-1.0519071201508294,5.902997248656262
4.100000000000001,-0.4975752756444335,198.40885676126592,387.47880479633017,-0.1745,43.46013625515133,-3.46731884770004,0.165,-1.0519071201508294,5.902997248656262
4.200000000000001,-0.5012576525548682,202.75983221879912,387.13203544262194,-0.1745,43.55937289551252,-3.4680682264644758,0.165,-1.0519071201508294,5.902997248656262
4.300000000000001,-0.5048039558764378,207.1207210325087,386.7851742704094,-0.1745,43.65840337867914,-3.4691552177859646,0.165,-1.0519071201508294,5.902997248656262
4.4,-0.5082399436291138,211.49150296196018,386.43819104860427,-0.1745,43.75723521035054,-3.47050921831674,0.165,-1.0519071201508294,5.902997248656262
4.5,-0.5115854773519721,215.87215842087076,386.0910617988907,-0.1745,43.85587396786108,-3.472075775955541,0.165,-1.0519071201508294,5.902997248656262
4.6,-0.5148558825869529,220.2626683062776,385.7437673651243,-0.1745,43.954323740275484,-3.4738128993714454,0.165,-1.0519071201508294,5.902997248656262
4.699999999999999,-0.5180629973659436,224.66301386677017,385.3962923099066,-0.1745,44.052587469575954,-3.4756882049833635,0.165,-1.0519071201508294,5.902997248656262
4.799999999999999,-0.52121597976469,229.07317660099667,385.0486240640225,-0.1745,44.15066721495426,-3.477676712699038,0.165,-1.0519071201508294,5.902997248656262
4.899999999999999,-0.5243219295100404,233.49313817961325,384.7007522711905,-0.1745,44.248564357377255,-3.47975914394073,0.165,-1.0519071201508294,5.902997248656262
4.999999999999998,-0.5273863661638439,237.92288038537214,384.35266828357743,-0.1745,44.34627975780065,-3.481920608320843,0.165,-1.0519071201508294,5.902997248656262
5.099999999999998,-0.5304135967497545,242.3623850672342,384.0043647736186,-0.1745,44.44381387944021,-3.4841495908554894,0.165,-1.0519071201508294,5.902997248656262
5.1999999999999975,-0.533406998210211,246.81163410531587,383.65583543550406,-0.1745,44.54116688219351,-3.4864371714355276,0.165,-1.0519071201508294,5.902997248656262
5.299999999999997,-0.5363692342920068,251.27060938420053,383.30707475574854,-0.1745,44.6383386954997,-3.488776423674632,0.165,-1.0519071201508294,5.902997248656262
5.399999999999997,-0.5393024219806533,255.73929277270136,382.95807783695454,-0.1745,44.73532907451707,-3.491161952205881,0.165,-1.0519071201508294,5.902997248656262
5.4999999999999964,-0.5422082591415922,260.21766610859737,382.6088402625058,-0.1745,44.83213764340358,-3.49358953676884,0.165,-1.0519071201508294,5.902997248656262
5.599999999999996,-0.5450881223512211,264.7057111871992,382.25935799273657,-0.1745,44.92876392863348,-3.496055858615278,0.165,-1.0519071201508294,5.902997248656262
5.699999999999996,-0.5479431418351053,269.20340975286194,381.9096272852894,-0.1745,45.0252073846216,-3.498558290328778,0.165,-1.0519071201508294,5.902997248656262
5.799999999999995,-0.5507742588367235,273.7107434927637,381.5596446340498,-0.1745,45.121467413413114,-3.5010947344634844,0.165,-1.0519071201508294,5.902997248656262
5.899999999999995,-0.5535822695107842,278.22769403242427,381.2094067223395,-0.1745,45.21754337979803,-3.503663499741971,0.165,-1.0519071201508294,5.902997248656262
5.999999999999995,-0.5563678584877196,282.75424293255924,380.85891038704585,-0.1745,45.313434622900864,-3.5062632061305883,0.165,-1.0519071201508294,5.902997248656262
6.099999999999994,-0.5591316245262281,287.2903716869571,380.50815259113415,-0.1745,45.409140465056524,-3.508892712102994,0.165,-1.0519071201508294,5.902997248656262
6.199999999999994,-0.5618741001090272,291.83606172113986,380.15713040258197,-0.1745,45.504660218598346,-3.511551058941055,0.165,-1.0519071201508294,5.902997248656262
6.299999999999994,-0.5645957664049515,296.39129439162184,379.8058409782294,-0.1745,45.59999319104091,-3.5142374281095448,0.165,-1.0519071201508294,5.902997248656262
6.399999999999993,-0.5672970646883507,300.9560509856254,379.4542815513911,-0.1745,45.695138689029534,-3.5169511086566114,0.165,-1.0519071201508294,5.902997248656262
6.499999999999993,-1.1377129491047369,305.530312721144,379.1024494223434,-0.1745,45.790096021342954,-3.519691472297646,0.165,-1.0519071201508294,5.902997248656262
6.5999999999999925,-1.0005676419155536,310.1075323546636,378.8160009561928,-0.06225,45.754296649048946,-2.2092778507143693,0.165,-1.0519071201508294,5.902997248656262
6.699999999999992,-0.8973079513484368,314.68557086701867,378.5790437945413,-0.1745,45.80647359805285,-2.52986538231593,0.165,-1.0519071201508294,5.902997248656262
6.799999999999992,-0.8198330717893948,319.2693578580757,378.31386400787125,-0.1745,45.869266223087585,-2.7737303510844438,0.165,-1.0519071201508294,5.902997248656262
6.8999999999999915,-0.7619361810033618,323.8598164755977,378.0272182293429,-0.1745,45.93990612735226,-2.9591852194820873,0.165,-1.0519071201508294,5.902997248656262
6.999999999999991,-0.7188773258602393,328.4576297382158,377.72424691128595,-0.1745,46.01635912500983,-3.100241141657129,0.165,-1.0519071201508294,5.902997248656262
7.099999999999991,-0.6870464104528345,333.06330366954893,377.40885501580664,-0.1745,46.097119501652045,-3.207596767928577,0.165,-1.0519071201508294,5.902997248656262
7.19999999999999,-0.6636998613713896,337.67721296594465,377.0840048725716,-0.1745,46.18106642626227,-3.289406096771971,0.165,-1.0519071201508294,5.902997248656262
7.29999999999999,-0.6467563969399039,342.29963438785154,376.7519409041535,-0.1745,46.267362011875164,-3.3518732715898536,0.165,-1.0519071201508294,5.902997248656262
7.39999999999999,-0.6346395467551971,346.93077138363157,376.4143616489631,-0.1745,46.35537790372543,-3.399711832218002,0.165,-1.0519071201508294,5.902997248656262
7.499999999999989,-0.626156764008676,351.5707723683231,376.0725511497697,-0.1745,46.444641790105074,-3.436498151649889,0.165,-1.0519071201508294,5.902997248656262
7.599999999999989,-0.6204069544413532,356.2197443609486,375.72747911084747,-0.1745,46.53479806240472,-3.464942626794795,0.165,-1.0519071201508294,5.902997248656262
7.699999999999989,-0.6167099401138176,360.8777631974562,375.3798771184979,-0.1745,46.62557866774755,-3.487097220196575,0.165,-1.0519071201508294,5.902997248656262
7.799999999999988,-0.6145527762942069,365.5448812003719,375.03029656061267,-0.1745,46.716781390566695,-3.5045139375083583,0.165,-1.0519071201508294,5.902997248656262
7.899999999999988,-0.6135489702967536,370.221132949909,374.6791525831963,-0.1745,46.80825360017629,-3.5183656108191,0.165,-1.0519071201508294,5.902997248656262
7.999999999999988,-0.613407549242877,374.9065396324221,374.3267574124046,-0.1745,46.89988005008474,-3.5295378050144506,0.165,-1.0519071201508294,5.902997248656262
8.099999999999987,-0.613909628932042,379.60111231982677,373.9733455894463,-0.1745,46.99157369800816,-3.53869865415234,0.165,-1.0519071201508294,5.902997248656262
8.199999999999987,-0.6148906849947949,384.3048544441123,373.6190930635604,-0.1745,47.08326878770345,-3.546351863565203,0.165,-1.0519071201508294,5.902997248656262
8.299999999999986,-0.616227152122622,389.01776366498916,373.26413162574863,-0.1745,47.1749156298332,-3.552876892670033,0.165,-1.0519071201508294,5.902997248656262
8.399999999999986,-0.6178263039978169,393.7398332795839,372.90855981162844,-0.1745,47.26647666206054,-3.558559389733927,0.165,-1.0519071201508294,5.902997248656262
8.499999999999986,-0.6196186171565077,398.47105328637934,372.5524511309849,-0.1745,47.35792347384859,-3.5636142231369807,0.165,-1.0519071201508294,5.902997248656262
8.599999999999985,-0.6215520136165411,403.2114111880491,372.1958602750347,-0.1745,47.449234559546774,-3.5682028958660332,0.165,-1.0519071201508294,5.902997248656262
8.699999999999985,-0.623587523239487,407.9608925971085,371.83882779509594,-0.1745,47.54039362164077,-3.5724467029087608,0.165,-1.0519071201508294,5.902997248656262
8.799999999999985,-0.6256960180459592,412.7194816926778,371.48138362670346,-0.1745,47.631388289744564,-3.576436664940301,0.165,-1.0519071201508294,5.902997248656262
8.899999999999984,-0.6278557552601336,417.4871615648542,371.1235497423138,-0.1745,47.722209153783716,-3.5802410228529156,0.165,-1.0519071201508294,5.902997248656262
8.999999999999984,-0.6300505300411938,422.26391447427346,370.76534214676246,-0.1745,47.81284903460148,-3.5839108881743105,0.165,-1.0519071201508294,5.902997248656262
9.099999999999984,-0.7618798733765322,427.0497220477003,370.40677237733945,-0.1745,47.903302433934826,-3.5874845002855418,0.165,-1.0519071201508294,5.902997248656262
9.199999999999983,-0.7310132180978643,431.84820733609627,370.06322001534426,-0.1495,48.06640333398444,-3.2835627396177722,0.8300000000000001,-1.0519071201508294,5.902997248656262
9.299999999999983,-0.7086335882144013,436.6588181078794,369.7307346465809,-0.1745,48.14581210167824,-3.366144635648886,0.165,-1.0519071201508294,5.902997248656262
9.399999999999983,-0.6925779230694096,441.47749577552594,369.39100104403366,-0.1745,48.22774125125215,-3.4285274152960934,0.165,-1.0519071201508294,5.902997248656262
9.499999999999982,-0.6812292668798375,446.3044573829296,369.0457831209404,-0.1745,48.31149089682185,-3.4758310465689344,0.165,-1.0519071201508294,5.902997248656262
9.599999999999982,-0.673380395747659,451.13985901619884,368.69639713888574,-0.1745,48.39654176856257,-3.5118885945244895,0.165,-1.0519071201508294,5.902997248656262
9.699999999999982,-0.6681309698231688,455.983811503776,368.34382438243193,-0.1745,48.48250798298109,-3.5395665345515748,0.165,-1.0519071201508294,5.902997248656262
9.799999999999981,-0.6648101713028607,460.8363920263288,367.98879573631046,-0.1745,48.56910246807477,-3.561006387877991,0.165,-1.0519071201508294,5.902997248656262
9.89999999999998,-0.662918634656894,465.6976527252857,367.6318550852488,-0.1745,48.656111511063365,-3.5778066333551295,0.165,-1.0519071201508294,5.902997248656262
9.99999999999998,-0.6620849325985456,470.5676270980408,367.27340678255933,-0.1745,48.74337594403847,-3.5911594204342867,0.165,-1.0519071201508294,5.902997248656262
10.09999999999998,-0.6620330157081669,475.44633475497164,366.9137511534132,-0.1745,48.83077719457848,-3.601953162488452,0.165,-1.0519071201508294,5.902997248656262
10.19999999999998,-0.6625578779161934,480.3337849607725,366.55311102387486,-0.1745,48.918226921438254,-3.610849428279034,0.165,-1.0519071201508294,5.902997248656262
10.29999999999998,-0.6635073888901541,485.2299792719865,366.1916515271256,-0.1745,49.005659302841885,-3.6183405067056835,0.165,-1.0519071201508294,5.902997248656262
10.399999999999979,-0.6647687432076741,490.13491350178805,365.8294948787765,-0.1745,49.09302529318914,-3.6247924602766175,0.165,-1.0519071201508294,5.902997248656262
10.499999999999979,-0.666258361681654,495.04857918362075,365.46673139092366,-0.1745,49.180288343464866,-3.6304772967796826,0.165,-1.0519071201508294,5.902997248656262
10.599999999999978,-1.274602607984554,499.9709646613721,365.10342767659046,-0.1745,49.267421211562215,-3.6355969898838985,0.165,-1.0519071201508294,5.902997248656262
10.699999999999978,-1.1176102676237034,504.89585316889116,364.81496688061696,-0.06225,49.23034893881981,-2.1336189295861328,0.165,-1.0519071201508294,5.902997248656262
10.799999999999978,-1.0018253756694553,509.8205014646684,364.5819438573871,-0.1745,49.26261697672501,-2.526841535010686,0.165,-1.0519071201508294,5.902997248656262
10.899999999999977,-0.9167087924157997,514.7491129782908,364.3146341748342,-0.1745,49.30961329572308,-2.819352116047161,0.165,-1.0519071201508294,5.902997248656262
10.999999999999977,-0.8543657215869632,519.6829551711949,364.0218197860042,-0.1745,49.367230562358785,-3.036935660553048,0.165,-1.0519071201508294,5.902997248656262
11.099999999999977,-0.8089025389344889,524.6229432863869,363.7100302055162,-0.1745,49.4325317414811,-3.1988559492066555,0.165,-1.0519071201508294,5.902997248656262
11.199999999999976,-0.7759315595873137,529.5697397706169,363.3841134272843,-0.1745,49.5033979431205,-3.3194796154310393,0.165,-1.0519071201508294,5.902997248656262
11.299999999999976,-0.7521934073927067,534.523824183895,363.0476643137358,-0.1745,49.57829032244261,-3.409502655538521,0.165,-1.0519071201508294,5.902997248656262
11.399999999999975,-0.7352711895458292,539.4855429896093,362.70334539317076,-0.1745,49.656085791842486,-3.4768757557630297,0.165,-1.0519071201508294,5.902997248656262
11.499999999999975,-0.7233753816857152,544.4551453675614,362.35312657120596,-0.1745,49.73596176719967,-3.52750068353303,0.165,-1.0519071201508294,5.902997248656262
11.599999999999975,-0.7151826342385494,549.432809167608,361.99846389074577,-0.1745,49.8173142337308,-3.5657529256713008,0.165,-1.0519071201508294,5.902997248656262
11.699999999999974,-1.3233242554568758,554.4186598238424,361.64043259998346,-0.1745,49.899698890958135,-3.5948728895743893,0.165,-1.0519071201508294,5.902997248656262
11.799999999999974,-1.157654211993294,559.406794207892,361.35694826331314,-0.06225,49.86298879003228,-2.0748138438319024,0.165,-1.0519071201508294,5.902997248656262
11.899999999999974,-1.0359176599093267,564.3944146646485,361.1284750541817,-0.1745,49.88942034509914,-2.49465033879674,0.165,-1.0519071201508294,5.902997248656262
11.999999999999973,-0.9467511019000607,569.3854839616268,360.86345981966394,-0.1745,49.93196559446787,-2.8056543515590278,0.165,-1.0519071201508294,5.902997248656262
12.099999999999973,-0.8816747675805423,574.3813858386559,360.5713758078593,-0.1745,49.986071946113945,-3.036025884534007,0.165,-1.0519071201508294,5.902997248656262
12.199999999999973,-0.834383179756446,579.3831146281457,360.259237370614,-0.1745,50.04850384368084,-3.2067428603710337,0.165,-1.0519071201508294,5.902997248656262
12.299999999999972,-0.8002007927423954,584.3913868188791,359.9322310064118,-0.1745,50.116939970989016,-3.3333844236733006,0.165,-1.0519071201508294,5.902997248656262
12.399999999999972,-0.7756684361404415,589.4067189742727,359.594186749401,-0.1745,50.18970313688187,-3.4275007165439666,0.165,-1.0519071201508294,5.902997248656262
12.499999999999972,-0.7582315133831861,594.4294828925458,359.2479296417037,-0.1745,50.265575228580204,-3.4976414374013842,0.165,-1.0519071201508294,5.902997248656262
12.599999999999971,-0.7460062782683385,599.4599450648714,358.8955412464354,-0.1745,50.34366821793011,-3.550126467964728,0.165,-1.0519071201508294,5.902997248656262
12.69999999999997,-0.7376054145931277,604.4982951249879,358.53855383810594,-0.1745,50.42333298439888,-3.5896216986249683,0.165,-1.0519071201508294,5.902997248656262
12.79999999999997,-0.7320083173510039,609.5446664824929,358.1780943444463,-0.1745,50.504094165700614,-3.6195681745672186,0.165,-1.0519071201508294,5.902997248656262
12.89999999999997,-0.7284648770056934,614.5991513517056,357.81499087646796,-0.1745,50.58560321855352,-3.6425011849995115,0.165,-1.0519071201508294,5.902997248656262
12.99999999999997,-0.7264242650748964,619.6618117320704,357.44985146479263,-0.1745,50.66760438874284,-3.660287048507602,0.165,-1.0519071201508294,5.902997248656262
13.09999999999997,-0.7254823146622438,624.73268744787,357.0831221859884,-0.1745,50.749909927249114,-3.6742985275780615,0.165,-1.0519071201508294,5.902997248656262
13.199999999999969,-0.7253426953525827,629.8118020432788,356.715130029958,-0.1745,50.8323819809265,-3.6855445930296855,0.165,-1.0519071201508294,5.902997248656262
13.299999999999969,-0.7257883002548049,634.8991671088146,356.3461144852552,-0.1745,50.914919329788624,-3.6947663010256733,0.165,-1.0519071201508294,5.902997248656262
13.399999999999968,-0.7266601807092801,639.9947854582409,355.9762507923573,-0.1745,50.99744765873761,-3.702507556932904,0.165,-1.0519071201508294,5.902997248656262
13.499999999999968,-0.7278420517438542,645.0986534619159,355.6056670497702,-0.1745,51.07991241476222,-3.709167294808856,0.165,-1.0519071201508294,5.902997248656262
13.599999999999968,-0.729248904406832,650.2107627606274,355.23445678900015,-0.1745,51.162273559468694,-3.7150379205922177,0.165,-1.0519071201508294,5.902997248656262
13.699999999999967,-0.7308186427429311,655.3311015242513,354.86268821232005,-0.1745,51.24450171300861,-3.7203336130095157,0.165,-1.0519071201508294,5.902997248656262
13.799999999999967,-0.7325059463838233,660.4596553759202,354.49041097452874,-0.1745,51.32657532036947,-3.7252111428162835,0.165,-1.0519071201508294,5.902997248656262
13.899999999999967,-0.7342777694848568,665.5964080704009,354.1176611585046,-0.1745,51.408478569245936,-3.729785177666935,0.165,-1.0519071201508294,5.902997248656262
13.999999999999966,-0.7361100418602609,670.7413419918903,353.74446492333357,-0.1745,51.49019986054215,-3.7341395257533354,0.165,-1.0519071201508294,5.902997248656262
14.099999999999966,-0.7379852527352957,675.8944385191782,353.37084117751647,-0.1745,51.57173068521512,-3.738335390589006,0.165,-1.0519071201508294,5.902997248656262
14.199999999999966,-0.7398906820549045,681.0556782934311,352.9968035366037,-0.1745,51.653064799843925,-3.7424174276660067,0.165,-1.0519071201508294,5.902997248656262
14.299999999999965,-0.741817106583818,686.2250414145108,352.62236175594103,-0.1745,51.7341976217478,-3.746418185586936,0.165,-1.0519071201508294,5.902997248656262
14.399999999999965,-0.7437578539076312,691.4025075848683,352.2475227786307,-0.1745,51.81512578540253,-3.7503613606202655,0.165,-1.0519071201508294,5.902997248656262
14.499999999999964,-0.7457081112000561,696.5880562150038,351.87229150158566,-0.1745,51.89584681730829,-3.7542641802806,0.165,-1.0519071201508294,5.902997248656262
14.599999999999964,-0.7463724538366181,701.7816665007593,351.4966713351723,-0.1745,51.976358897802825,-3.758139147986366,0.165,-1.0519071201508294,5.902997248656262
14.699999999999964,-0.7487730256251888,706.9849424222078,351.1203781458159,-0.1745,52.08915953116732,-3.767724639141841,0.495,-1.0519071201508294,5.902997248656262
14.799999999999963,-0.7510527475408981,712.1978664601908,350.7434709339926,-0.1745,52.1693212284905,-3.770419597322919,0.165,-1.0519071201508294,5.902997248656262
14.899999999999963,-0.7532442104092529,717.4187938755986,350.3662787501981,-0.1745,52.249227079664585,-3.773424078568272,0.165,-1.0519071201508294,5.902997248656262
14.999999999999963,-0.7457350301160126,722.6476996567665,349.98877482549614,-0.1745,52.32888854369377,-3.7766544154709583,0.165,-0.9224656452527887,5.8054131670578375
15.099999999999962,-0.7408493557952431,727.8844039754514,349.60968283759166,-0.1745,52.40519783000458,-3.8051853426185476,0.165,-0.9224656452527887,5.8054131670578375
15.199999999999962,-0.7378628201831618,733.1287759868283,349.2280785345108,-0.1745,52.48224239753386,-3.826900718997996,0.165,-0.9224656452527887,5.8054131670578375
15.299999999999962,-0.7362499979367687,738.3808761502834,348.84454978811453,-0.1745,52.55976087156869,-3.8436742089276072,0.165,-0.9224656452527887,5.8054131670578375
15.399999999999961,-0.7356300546757677,743.6407423813642,348.4595227308785,-0.1745,52.63756375004833,-3.856866935792296,0.165,-0.9224656452527887,5.8054131670578375
15.499999999999961,-0.7357271545939359,748.9083962502393,348.0733060346082,-0.1745,52.71551362745421,-3.8674669896139053,0.165,-0.9224656452527887,5.8054131670578375
15.59999999999996,-0.7363416503759632,754.1838474757246,347.68612312620064,-0.1745,52.793510882251894,-3.8761911785372902,0.165,-0.9224656452527887,5.8054131670578375
15.69999999999996,-0.7373291387471897,759.4670971850384,347.29813560875186,-0.1745,52.871483304022725,-3.883559170437874,0.165,-0.9224656452527887,5.8054131670578375
15.79999999999996,-0.738585246905892,764.7581402787077,346.90946027673584,-0.1745,52.949378569364896,-3.8899474698829914,0.165,-0.9224656452527887,5.8054131670578375
15.89999999999996,-0.7400345901037914,770.056967146257,346.52018146904237,-0.1745,53.02715878162008,-3.8956286839867595,0.165,-0.9224656452527887,5.8054131670578375
15.99999999999996,-0.7416227623794508,775.3635649107177,346.13036003154576,-0.1745,53.10479650759538,-3.9008000659453854,0.165,-0.9224656452527887,5.8054131670578375
16.09999999999996,-0.7433105311301652,780.6779183311439,345.7400398157429,-0.1745,53.18227190092805,-3.905604250112405,0.165,-0.9224656452527887,5.8054131670578375
16.19999999999996,-0.7450696317672822,786.0000104569164,345.3492523879881,-0.1745,53.259570614521245,-3.910144304983775,0.165,-0.9224656452527887,5.8054131670578375
16.29999999999996,-0.746879723298976,791.329823101944,344.95802044002056,-0.1745,53.336682286032364,-3.9144946543664365,0.165,-0.9224656452527887,5.8054131670578375
16.399999999999963,-0.7487261856633312,796.6673371882207,344.56636025749947,-0.1745,53.413599439501176,-3.9187089960555017,0.165,-0.9224656452527887,5.8054131670578375
16.499999999999964,-0.7505985270040805,802.012532994651,344.1742835056929,-0.1745,53.49031668910583,-3.9228260400758153,0.165,-0.9224656452527887,5.8054131670578375
16.599999999999966,-0.7524892326498356,807.3653903372164,343.7817985204664,-0.1745,53.566830162202145,-3.926873664455225,0.165,-0.9224656452527887,5.8054131670578375
16.699999999999967,-0.7543929337730781,812.7258886993993,343.38891124108346,-0.1745,53.643137081456544,-3.9308719232037426,0.165,-0.9224656452527887,5.8054131670578375
16.79999999999997,-0.7563058072804307,818.0940073265898,342.9956258838098,-0.1745,53.7192354623536,-3.9348352222696326,0.165,-0.9224656452527887,5.8054131670578375
16.89999999999997,-0.758225142861513,823.4697252944242,342.60194542806016,-0.1745,53.79512389433346,-3.9387738927235643,0.165,-0.9224656452527887,5.8054131670578375
16.99999999999997,-0.7601490308092096,828.8530215582667,342.2078719670486,-0.1745,53.87080138251861,-3.9426953275074683,0.165,-0.9224656452527887,5.8054131670578375
17.099999999999973,-0.7620761370476614,834.2438749890584,341.813406960555,-0.1745,53.946267233314494,-3.946604802364457,0.165,-0.9224656452527887,5.8054131670578375
17.199999999999974,-0.7640055410967725,839.6422643993124,341.4185514170187,-0.1745,54.02152097176308,-3.9505060683616176,0.165,-0.9224656452527887,5.8054131670578375
17.299999999999976,-0.7659366194318009,845.0481685619937,341.0233060246348,-0.1745,54.09656228186477,-3.9544017793171102,0.165,-0.9224656452527887,5.8054131670578375
17.399999999999977,-0.7678689615675321,850.4615662242622,340.6276712456709,-0.1745,54.17139096350521,-3.958293799960997,0.165,-0.9224656452527887,5.8054131670578375
17.49999999999998,-0.7698023097200555,855.8824361175065,340.2316473842736,-0.1745,54.2460069013801,-3.962183427985549,0.165,-0.9224656452527887,5.8054131670578375
17.59999999999998,-0.7717365154465267,861.3107569647048,339.8352346351764,-0.1745,54.320410042584335,-3.966071553958252,0.165,-0.9224656452527887,5.8054131670578375
17.69999999999998,-0.7736715085038823,866.7465074858567,339.43843311865743,-0.1745,54.39460038045481,-3.9699587764215134,0.165,-0.9224656452527887,5.8054131670578375
17.799999999999983,-0.7756072744966571,872.1896664020256,339.0412429056018,-0.1745,54.468577942924256,-3.9738454846910325,0.165,-0.9224656452527887,5.8054131670578375
17.899999999999984,-0.9230764694916138,877.6402124383782,338.643664035448,-0.1745,54.54234278412747,-3.9777319183843285,0.165,-0.9224656452527887,5.8054131670578375
17.999999999999986,-0.8832669146549257,883.1023890384859,338.2653650451358,-0.1495,54.70118921802726,-3.5882478878598043,0.8300000000000001,-0.9224656452527887,5.8054131670578375
18.099999999999987,-0.8554791824073293,888.5753527275355,337.9006551993533,-0.1745,54.758084562965905,-3.705949027790664,0.165,-0.9224656452527887,5.8054131670578375
18.19999999999999,-0.8362679557135912,894.054232252742,337.5258092909771,-0.1745,54.819505941165005,-3.7909691397326655,0.165,-0.9224656452527887,5.8054131670578375
18.29999999999999,-0.8231697383204528,899.539411404136,337.1436282098094,-0.1745,54.884077086713376,-3.852652483622295,0.165,-0.9224656452527887,5.8054131670578375
18.39999999999999,-0.8144252537569772,905.0311564781821,336.756111336344,-0.1745,54.9508243942096,-3.897684985685166,0.165,-0.9224656452527887,5.8054131670578375
18.499999999999993,-0.8087794434215895,910.5296505718612,336.36468480241126,-0.1745,55.01905747937335,-3.930845692970218,0.165,-0.9224656452527887,5.8054131670578375
18.599999999999994,-0.805337757004701,916.0350177476745,335.9703651373939,-0.1745,55.088286036893,-3.955547607376739,0.165,-0.9224656452527887,5.8054131670578375
18.699999999999996,-0.8034631043050757,921.5473401260734,335.5738764454933,-0.1745,55.15816153108632,-3.9742262306362335,0.165,-0.9224656452527887,5.8054131670578375
18.799999999999997,-0.8027020836173824,927.0666700067759,335.1757342201555,-0.1745,55.2284360829621,-3.988618276119106,0.165,-0.9224656452527887,5.8054131670578375
18.9,-0.8027322380980101,932.5930384795835,334.77630523942435,-0.1745,55.298933373189406,-3.999961338504332,0.165,-0.9224656452527887,5.8054131670578375
19.0,-0.8033243870110113,938.1264615480533,334.3758503333921,-0.1745,55.36952799620757,-4.009136782140018,0.165,-0.9224656452527887,5.8054131670578375
19.1,-0.8043157479465313,943.6669444871627,333.9745548992978,-0.1745,55.44013078598174,-4.016771899746806,0.165,-0.9224656452527887,5.8054131670578375
19.200000000000003,-0.8055907741103028,949.2144849452135,333.5725506597475,-0.1745,55.510678375034466,-4.023312891259581,0.165,-0.9224656452527887,5.8054131670578375
19.300000000000004,-0.8046387238730888,954.7690751520147,333.1699311672313,-0.1745,55.58112576098892,-4.0290769590643665,0.165,-0.9224656452527887,5.8054131670578375
19.400000000000006,-0.8070883359357697,960.3339779954922,332.7661855733751,-0.1745,55.71693110856017,-4.0458349180601205,0.8300000000000001,-0.9224656452527887,5.8054131670578375
19.500000000000007,-0.8093959753403501,965.9091856947489,332.3614766913247,-0.1745,55.78722287657427,-4.048342722947411,0.165,-0.9224656452527887,5.8054131670578375
19.60000000000001,-0.8116041261884466,971.4914092089514,331.95649708710465,-0.1745,55.85724740747591,-4.0512493614534035,0.165,-0.9224656452527887,5.8054131670578375
19.70000000000001,-0.813742892603812,977.0806226578554,331.55121273246795,-0.1745,55.92702157060492,-4.05443773128107,0.165,-0.9224656452527887,5.8054131670578375
19.80000000000001,-0.9660297409003554,982.6768016059472,331.145599605614,-0.1745,55.99655739122945,-4.057824805797822,0.165,-0.9224656452527887,5.8054131670578375
19.900000000000013,-0.9239106352456694,988.2826801449007,330.7605930667581,-0.1495,56.12101338784074,-3.642305971320466,0.495,-0.9224656452527887,5.8054131670578375
20.000000000000014,-0.8947995405495113,993.8973369472222,330.38999998310925,-0.1745,56.17212265859022,-3.7695557016559635,0.165,-0.9224656452527887,5.8054131670578375
20.100000000000016,-0.8748771846324657,999.5173607553888,330.00849723582496,-0.1745,56.22835350474199,-3.860499244030258,0.165,-0.9224656452527887,5.8054131670578375
20.200000000000017,-0.8614400005824194,1005.1431843442466,329.61918339986966,-0.1745,56.28811827241297,-3.925777475075594,0.165,-0.9224656452527887,5.8054131670578375
20.30000000000002,-0.8525765825946616,1010.77510555038,329.22424819699506,-0.1745,56.35030585025424,-3.972926582416281,0.165,-0.9224656452527887,5.8054131670578375
20.40000000000002,-0.8469369695971471,1016.4133276736817,328.8252379334286,-0.1745,56.41413661577975,-4.007278688913564,0.165,-0.9224656452527887,5.8054131670578375
20.50000000000002,-0.8435685662885567,1022.0579876354624,328.4232438377766,-0.1745,56.47906261983391,-4.032603224125548,0.165,-0.9224656452527887,5.8054131670578375
20.600000000000023,-0.8417996950583508,1027.7091756839711,328.01903553288025,-0.1745,56.54469835033949,-4.051562873801994,0.165,-0.9224656452527887,5.8054131670578375
20.700000000000024,-0.8411570844902225,1033.3669492231793,327.6131555274895,-0.1745,56.61077243382346,-4.066037234013779,0.165,-0.9224656452527887,5.8054131670578375
20.800000000000026,-0.8413074790958628,1039.0313425353459,327.2059860522258,-0.1745,56.67709380950906,-4.077352271259836,0.165,-0.9224656452527887,5.8054131670578375
20.900000000000027,-0.8420163620734755,1044.7023736246003,326.7977962970526,-0.1745,56.74352797557928,-4.086442832203861,0.165,-0.9224656452527887,5.8054131670578375
21.00000000000003,-0.8431188014340718,1050.3800490373278,326.3887757737236,-0.1745,56.80998027896808,-4.093967634377504,0.165,-0.9224656452527887,5.8054131670578375
21.10000000000003,-0.8444988746311675,1056.064367258631,325.97905786355375,-0.1745,56.87638414709434,-4.100390569019121,0.165,-0.9224656452527887,5.8054131670578375
21.20000000000003,-0.8460751574548458,1061.7553211057218,325.56873642785456,-0.1745,56.94269279472294,-4.106038144964893,0.165,-0.9224656452527887,5.8054131670578375
21.300000000000033,-0.8477904962823007,1067.4528994143582,325.15787751815077,-0.1745,57.00887337800426,-4.1111400491110075,0.165,-0.9224656452527887,5.8054131670578375
21.400000000000034,-0.849604803570885,1073.1570882269236,324.7465276272699,-0.1745,57.07490287330529,-4.115857768506304,0.165,-0.9224656452527887,5.8054131670578375
21.500000000000036,-0.8514899857817604,1078.8678716292013,324.3347195000215,-0.1745,57.140765172249445,-4.120304776462163,0.165,-0.9224656452527887,5.8054131670578375
21.600000000000037,-0.8534263744855436,1084.5852323395386,323.92247622313414,-0.1745,57.20644903449743,-4.12456076128507,0.165,-0.9224656452527887,5.8054131670578375
21.70000000000004,-0.8554002164735195,1090.3091521235356,323.50981410254684,-0.1745,57.27194664544108,-4.128681650460761,0.165,-0.9224656452527887,5.8054131670578375
21.80000000000004,-1.0099652618838357,1096.0396120858293,323.09674468657124,-0.1745,57.33725260043442,-4.132706669051527,0.165,-0.9224656452527887,5.8054131670578375
21.90000000000004,-0.9661568989869984,1101.7811490716842,322.70495593767106,-0.1495,57.49348711666397,-3.7030683089520617,0.8300000000000001,-0.9224656452527887,5.8054131670578375
22.000000000000043,-0.9361942802189713,1107.5327723082755,322.32788153068554,-0.1745,57.538977615162615,-3.838419830758486,0.165,-0.9224656452527887,5.8054131670578375
22.100000000000044,-0.9159176790990686,1113.2892284244397,321.93925279679945,-0.1745,57.590144708122445,-3.934154846963148,0.165,-0.9224656452527887,5.8054131670578375
22.200000000000045,-0.9024114726415409,1119.0509954173428,321.5424370508197,-0.1745,57.64519514994166,-4.0021600726318916,0.165,-0.9224656452527887,5.8054131670578375
22.300000000000047,-0.8936345727173911,1124.8183995214192,321.1397905468496,-0.1745,57.702886931587706,-4.05077000676878,0.165,-0.9224656452527887,5.8054131670578375
22.40000000000005,-0.888159555247606,1130.5916617397997,320.7329608998231,-0.1745,57.76235743602152,-4.085822933761171,0.165,-0.9224656452527887,5.8054131670578375
22.50000000000005,-0.8849890105738503,1136.3709299350935,320.3230994947112,-0.1745,57.82300646985488,-4.111405168478056,0.165,-0.9224656452527887,5.8054131670578375
22.60000000000005,-0.8834265192702223,1142.1563010573732,319.9110105011241,-0.1745,57.88441597573867,-4.1303747032636835,0.165,-0.9224656452527887,5.8054131670578375
22.700000000000053,-0.8829861476270586,1147.9478365859184,319.49725530998427,-0.1745,57.946294595165945,-4.144729119532651,0.165,-0.9224656452527887,5.8054131670578375
22.800000000000054,-1.584802147592717,1153.7455732773299,319.08222566532515,-0.1745,58.00843923306622,-4.155863773649722,0.165,-0.9224656452527887,5.8054131670578375
22.900000000000055,-2.76238659579423,1159.547547302341,318.76830708722855,-0.06225,58.03104126715708,-2.122507788281831,0.8300000000000001,-0.9224656452527887,5.8054131670578375
23.000000000000057,-2.888035525764301,1165.3235175278385,318.7256968691614,0.04999999999999999,57.48836324279445,1.2703034269398774,0.8300000000000001,-0.9224656452527887,5.8054131670578375
23.10000000000006,-2.3034822124617027,1171.0706439160365,318.8699025392347,-0.06225,57.45416452116771,1.6138099745255587,0.165,-0.9224656452527887,5.8054131670578375
23.20000000000006,-1.889631760284463,1176.8048222683901,318.9465386668322,-0.1745,57.22940252590339,-0.08108742257504509,0.165,-0.9224656452527887,5.8054131670578375
23.30000000000006,-1.5977129570106954,1182.521354725112,318.8787263547646,-0.1745,57.10124660853213,-1.275158818777627,0.165,-0.9224656452527887,5.8054131670578375
23.400000000000063,-1.3925107612980194,1188.2282035523795,318.7091024118121,-0.1745,57.03572993681856,-2.117320040271801,0.165,-0.9224656452527887,5.8054131670578375
23.500000000000064,-1.2487542638099594,1193.9305777656893,318.4676685782569,-0.1745,57.01175432937824,-2.711356630832088,0.165,-0.9224656452527887,5.8054131670578375
23.600000000000065,-1.148408882744795,1199.6319533998455,318.1755829975775,-0.1745,57.01575835374636,-3.1303549827550703,0.165,-0.9224656452527887,5.8054131670578375
23.700000000000067,-1.0786624678888201,1205.3346815735947,317.84776756901294,-0.1745,57.03880512123572,-3.4259535885365904,0.165,-0.9224656452527887,5.8054131670578375
23.800000000000068,-1.0304453538210971,1211.0403667026042,317.4947375776586,-0.1745,57.074897458954446,-3.634646238550528,0.165,-0.9224656452527887,5.8054131670578375
23.90000000000007,-0.9973548241120687,1216.7501094656488,317.1238952749505,-0.1745,57.119957801939876,-3.7821998156117393,0.165,-0.9224656452527887,5.8054131670578375
24.00000000000007,-0.97488050440522,1222.4646667395725,316.74044606800084,-0.1745,57.171187676532206,-3.886784323381007,0.165,-0.9224656452527887,5.8054131670578375
24.100000000000072,-0.9598503523409768,1228.1845588116325,316.34804702627406,-0.1745,57.226653764669166,-3.9611965111548106,0.165,-0.9224656452527887,5.8054131670578375
24.200000000000074,-0.9500364901107641,1233.91014221669,315.9492652721987,-0.1745,57.28501433647924,-4.014438570351959,0.165,-0.9224656452527887,5.8054131670578375
24.300000000000075,-0.9438758565190033,1239.6416597010361,315.54590149415213,-0.1745,57.34533535044343,-4.052836990579572,0.165,-0.9224656452527887,5.8054131670578375
24.400000000000077,-0.9402728110825262,1245.3792747316409,315.13921794548156,-0.1745,57.40696526164951,-4.080833982832215,0.165,-0.9224656452527887,5.8054131670578375
24.500000000000078,-1.6337951884918511,1251.1230954453495,314.7300989312787,-0.1745,57.46944901252328,-4.10154630122542,0.165,-0.9224656452527887,5.8054131670578375
24.60000000000008,-1.4255093813327682,1256.8712084333742,314.4194428688655,-0.06225,57.49281074797162,-2.1115749470387817,0.8300000000000001,-0.9224656452527887,5.8054131670578375
24.70000000000008,-1.2800844370100328,1262.6190950587154,314.17788478724566,-0.1745,57.464921758853606,-2.71958668535784,0.165,-0.9224656452527887,5.8054131670578375
24.800000000000082,-1.178927926951559,1268.3656421566614,313.88455423707677,-0.1745,57.46602020006388,-3.147024318020469,0.165,-0.9224656452527887,5.8054131670578375
24.900000000000084,-1.1088745502543265,1274.1132819928987,313.55482391724865,-0.1745,57.48677652468103,-3.4475820785419105,0.165,-0.9224656452527887,5.8054131670578375
25.000000000000085,-1.755146547734937,1279.8636685510219,313.1994909775976,-0.1745,57.520954637782566,-3.659076714479571,0.165,-0.9224656452527887,5.8054131670578375
25.100000000000087,-1.5152229635253855,1285.617120563421,312.92624322147884,-0.06225,57.548085610200644,-1.8058784078956374,0.8300000000000001,-0.9224656452527887,5.8054131670578375
25.200000000000088,-1.3475338276979754,1291.3697701810495,312.71066762477864,-0.1745,57.50490674237179,-2.5056335261079448,0.165,-0.9224656452527887,5.8054131670578375
25.30000000000009,-1.2307574009641562,1297.119799880253,312.43551357026894,-0.1745,57.49568724169644,-2.9974475640858698,0.165,-0.9224656452527887,5.8054131670578375
25.40000000000009,-1.149774223245625,1302.8700545429272,312.1184840533787,-0.1745,57.50940601178932,-3.3431427737190003,0.165,-0.9224656452527887,5.8054131670578375
25.500000000000092,-1.0939050069797882,1308.6224621967885,311.77201428296854,-0.1745,57.53874706543784,-3.586252634484217,0.165,-0.9224656452527887,5.8054131670578375
25.600000000000094,-1.055629654130552,1314.3783385032882,311.4048308310453,-0.1745,57.578779064554524,-3.757416403981385,0.165,-0.9224656452527887,5.8054131670578375
25.700000000000095,-1.0296651215260861,1320.1385845299026,311.023051335566,-0.1745,57.62614146773331,-3.8781735056043334,0.165,-0.9224656452527887,5.8054131670578375
25.800000000000097,-1.0123066990251623,1325.9038179243612,310.63096030568784,-0.1745,57.678526421440814,-3.96364709195913,0.165,-0.9224656452527887,5.8054131670578375
25.900000000000098,-1.0009601917043307,1331.6744612693715,310.231555807577,-0.1745,57.734340478763414,-4.024442870257108,0.165,-0.9224656452527887,5.8054131670578375
26.0000000000001,-1.6932664392471322,1337.4508022644834,309.8269341244499,-0.1745,57.79247942347386,-4.067990792285278,0.165,-0.9224656452527887,5.8054131670578375
26.1000000000001,-1.479300039116997,1343.227907129018,309.52009149425675,-0.06225,57.74961786721541,-2.068861811578392,0.165,-0.9224656452527887,5.8054131670578375
26.200000000000102,-2.023638161171636,1349.0012673517056,309.2818212745465,-0.1745,57.71758658653733,-2.696542582627016,0.165,-0.9224656452527887,5.8054131670578375
26.300000000000104,-1.7142614621156356,1354.7746905845652,309.0902016135971,-0.06225,57.75087807065562,-1.1358506363603114,0.8300000000000001,-0.9224656452527887,5.8054131670578375
26.400000000000105,-1.497755985724583,1360.5458571138386,308.9314456429835,-0.1745,57.67245251481395,-2.0392687759128125,0.165,-0.9224656452527887,5.8054131670578375
26.500000000000107,-1.346786969509382,1366.3114605185501,308.69580323434116,-0.1745,57.639615579415285,-2.6735793969337087,0.165,-0.9224656452527887,5.8054131670578375
26.600000000000108,-1.2419256730815318,1372.0753052201028,308.40617739727196,-0.1745,57.63727845163996,-3.1189373444496677,0.165,-0.9224656452527887,5.8054131670578375
26.70000000000011,-1.1694265518565143,1377.839948088977,308.0786461824974,-0.1745,57.655578925847,-3.4316869510420807,0.165,-0.9224656452527887,5.8054131670578375
26.80000000000011,-1.119600286244934,1383.6071242781575,307.7244888040253,-0.1745,57.68794485776064,-3.6514606183991596,0.165,-0.9224656452527887,5.8054131670578375
26.900000000000112,-1.085636058983392,1389.3780182736352,307.3516100644918,-0.1745,57.72993505179278,-3.8061141722713927,0.165,-0.9224656452527887,5.8054131670578375
27.000000000000114,-1.0627568030936865,1395.153440944154,306.9655442257228,-0.1745,57.7785183585825,-3.9152026031091003,0.165,-0.9224656452527887,5.8054131670578375
27.100000000000115,-1.047617564012588,1400.9339474378999,306.5701622638024,-0.1745,57.83161151633665,-3.992436635298513,0.165,-0.9224656452527887,5.8054131670578375
27.200000000000117,-1.193693315810183,1406.7199168047575,306.16816950760875,-0.1745,57.8877758208168,-4.047418488574136,0.165,-0.9224656452527887,5.8054131670578375
27.300000000000118,-1.1405384000772099,1412.5130006446418,305.78401392602655,-0.1495,57.97390097686719,-3.635693143070273,0.165,-0.9224656452527887,5.8054131670578375
27.40000000000012,-1.104344867141018,1418.3123642365483,305.4121855750224,-0.1745,58.01337086126099,-3.800873877011906,0.165,-0.9224656452527887,5.8054131670578375
27.50000000000012,-1.0799817315586602,1424.116031325943,305.0262879083563,-0.1745,58.05997092663271,-3.9170794563100504,0.165,-0.9224656452527887,5.8054131670578375
27.600000000000122,-1.0638629967233357,1429.9246019131317,304.6304781872865,-0.1745,58.11144081714112,-3.999114965087165,0.165,-0.9224656452527887,5.8054131670578375
27.700000000000124,-1.0534858973608798,1435.738485152654,304.2276560165329,-0.1745,58.166223973306096,-4.057328449985347,0.165,-0.9224656452527887,5.8054131670578375
27.800000000000125,-1.0471056232623555,1441.557958587735,303.81984232211414,-0.1745,58.223244728314135,-4.098945438389583,0.165,-0.9224656452527887,5.8054131670578375
27.900000000000126,-1.043506894187308,1447.3832087252022,303.4084447124211,-0.1745,58.28175802102944,-4.129006755471652,0.165,-0.9224656452527887,5.8054131670578375
28.000000000000128,-1.0418439212799744,1453.2143589780949,302.9944430545009,-0.1745,58.341247036825,-4.151026402932446,0.165,-0.9224656452527887,5.8054131670578375
28.10000000000013,-1.0415284797767543,1459.05148897934,302.5785191165413,-0.1745,58.40135298807797,-4.167452356259223,0.165,-0.9224656452527887,5.8054131670578375
28.20000000000013,-1.0421517374766454,1464.8946479637868,302.16114705336236,-0.1745,58.46182670085679,-4.179988907320113,0.165,-0.9224656452527887,5.8054131670578375
28.300000000000132,-1.0434297187815043,1470.7438640549235,301.7426565123647,-0.1745,58.52249512187861,-4.189821912633286,0.165,-0.9224656452527887,5.8054131670578375
28.400000000000134,-1.0451652924468313,1476.599150715766,301.3232766141485,-0.1745,58.583238094972465,-4.19777605169075,0.165,-0.9224656452527887,5.8054131670578375
28.500000000000135,-1.047221696969808,1482.4605112322604,300.90316658493776,-0.1745,58.64397223491682,-4.204424532523828,0.165,-0.9224656452527887,5.8054131670578375
28.600000000000136,-1.0495041141067953,1488.3279418299992,300.48243707974,-0.1745,58.70463971985897,-4.210165571431126,0.165,-0.9224656452527887,5.8054131670578375
28.700000000000138,-1.0519468517371775,1494.2014338409167,300.06116501732856,-0.1745,58.765200498490934,-4.2152756767978525,0.165,-0.9224656452527887,5.8054131670578375
28.80000000000014,-1.040972518938451,1500.08097520937,299.63940389593876,-0.1745,58.82562687057696,-4.219946750997886,0.165,-1.3041719145987805,5.700607185581406
28.90000000000014,-1.034264225745061,1505.9662007208785,299.21521637815613,-0.1745,58.8788833595915,-4.263803604654399,0.165,-1.3041719145987805,5.700607185581406
29.000000000000142,-1.0305026591620312,1511.856834241253,298.7872671351816,-0.1745,58.933787047895535,-4.295181254836703,0.165,-1.3041719145987805,5.700607185581406
29.100000000000144,-1.028776607346035,1517.753011882134,298.35661105385987,-0.1745,58.98976576972522,-4.317940371597814,0.165,-1.3041719145987805,5.700607185581406
29.200000000000145,-1.0284571521828276,1523.654821442021,297.9239765461632,-0.1745,59.046425428019354,-4.334749782335717,0.165,-1.3041719145987805,5.700607185581406
29.300000000000146,-1.0291104856038877,1529.562317436251,297.489866391572,-0.1745,59.1034944565822,-4.347453309488581,0.165,-1.3041719145987805,5.700607185581406
29.400000000000148,-1.0304375574926594,1535.4755314445993,297.0546275210912,-0.1745,59.16078571038344,-4.3573241001270535,0.165,-1.3041719145987805,5.700607185581406
29.50000000000015,-1.0322323345367748,1541.3944792427087,296.6184992761664,-0.1745,59.218170251806974,-4.365240798368974,0.165,-1.3041719145987805,5.700607185581406
29.60000000000015,-1.0343529524970165,1547.3191657198843,296.18164676189724,-0.1745,59.27555929170398,-4.37180948701384,0.165,-1.3041719145987805,5.700607185581406
29.700000000000152,-1.0367017922302237,1553.2495882713083,295.74418388572525,-0.1745,59.33289173677497,-4.377448036425557,0.165,-1.3041719145987805,5.700607185581406
29.800000000000153,-1.039211727033604,1559.1857391380697,295.3061892631398,-0.1745,59.39012559845462,-4.382444415283456,0.165,-1.3041719145987805,5.700607185581406
29.900000000000155,-1.0418366348899457,1565.1276070212223,294.8677171934251,-0.1745,59.447232064598175,-4.3869969790106635,0.165,-1.3041719145987805,5.700607185581406
30.000000000000156,-1.0445448563143247,1571.075178194882,294.42880522988435,-0.1745,59.504191408597165,-4.391242291804954,0.165,-1.3041719145987805,5.700607185581406
30.100000000000158,-1.0473146854796325,1577.0284372736517,293.9894793987785,-0.1745,59.56099016679585,-4.395274330312518,0.165,-1.3041719145987805,5.700607185581406
30.20000000000016,-1.050131264137063,1582.9873677415633,293.54975779564535,-0.1745,59.61761919143596,-4.399157732350643,0.165,-1.3041719145987805,5.700607185581406
30.30000000000016,-1.0529844428723738,1588.9519523165322,293.1096530623751,-0.1745,59.67407230794371,-4.402936933053767,0.165,-1.3041719145987805,5.700607185581406
30.400000000000162,-1.0558673090984751,1594.922173201394,292.6691740926132,-0.1745,59.73034538928921,-4.40664246218378,0.165,-1.3041719145987805,5.700607185581406
30.500000000000163,-1.0587751743840592,1600.8980122567634,292.2283272053659,-0.1745,59.78643571810061,-4.41029528276277,0.165,-1.3041719145987805,5.700607185581406
30.600000000000165,-1.0617048780905212,1606.8794511200308,291.7871169522817,-0.1745,59.842341547246996,-4.413909778920601,0.165,-1.3041719145987805,5.700607185581406
30.700000000000166,-1.064654308728306,1612.8664712872562,291.3455466727054,-0.1745,59.89806179725899,-4.417495812605865,0.165,-1.3041719145987805,5.700607185581406
30.800000000000168,-1.0676220751066812,1618.859054169522,290.90361887513893,-0.1745,59.953595848058264,-4.421060138723096,0.165,-1.3041719145987805,5.700607185581406
30.90000000000017,-1.0706072804981024,1624.8571811317079,290.4613354992824,-0.1745,60.00894339565883,-4.424607378407033,0.165,-1.3041719145987805,5.700607185581406
31.00000000000017,-1.0736093676162237,1630.8608335191714,290.0186980959565,-0.1745,60.06410435361074,-4.428140688111894,0.165,-1.3041719145987805,5.700607185581406
31.100000000000172,-1.0766280122512308,1636.869992676114,289.57570795058155,-0.1745,60.11907878524243,-4.431662219386662,0.165,-1.3041719145987805,5.700607185581406
31.200000000000173,-1.0796630503241906,1642.8846399582308,289.13236616787816,-0.1745,60.17386685709454,-4.435173434681033,0.165,-1.3041719145987805,5.700607185581406
31.300000000000175,-1.0827144278846434,1648.9047567414318,288.6886737299356,-0.1745,60.22846880692864,-4.438675324169928,0.165,-1.3041719145987805,5.700607185581406
31.400000000000176,-1.0857821668528136,1654.930324427866,288.2446315359993,-0.1745,60.28288492175591,-4.442168554555871,0.165,-1.3041719145987805,5.700607185581406
31.500000000000178,-1.0877677285495493,1660.9613244500913,287.8002404297143,-0.1745,60.33711552275145,-4.44565357114519,0.165,-1.3041719145987805,5.700607185581406
31.60000000000018,-1.091249499980071,1666.999363216199,287.35521475177325,-0.1745,60.42365979940433,-4.454859987675712,0.495,-1.3041719145987805,5.700607185581406
31.70000000000018,-1.0946264868497066,1673.044425096695,286.90961299267605,-0.1745,60.47757781051246,-4.4571751942684,0.165,-1.3041719145987805,5.700607185581406
31.800000000000182,-1.0979375518456014,1679.0948668552317,286.4637617824542,-0.1745,60.53125736022203,-4.459849010169062,0.165,-1.3041719145987805,5.700607185581406
31.900000000000183,-1.1012092598355296,1685.150665526905,286.01763107927314,-0.1745,60.584716073242625,-4.462765053452188,0.165,-1.3041719145987805,5.700607185581406
32.000000000000185,-1.1044597824144171,1691.2117996362317,285.5712006330599,-0.1745,60.637966113290894,-4.465843870812635,0.165,-1.3041719145987805,5.700607185581406
32.100000000000186,-1.1077015652126692,1697.2782487374732,285.12445687758134,-0.1745,60.691015911539985,-4.469031238758101,0.165,-1.3041719145987805,5.700607185581406
32.20000000000019,-1.110943149302159,1703.3499931005142,284.67739080744025,-0.1745,60.743871349281946,-4.472290164063707,0.165,-1.3041719145987805,5.700607185581406
32.30000000000019,-1.114190414478509,1709.4270134963153,284.22999652844004,-0.1745,60.796536566739555,-4.475595415940157,0.165,-1.3041719145987805,5.700607185581406
32.40000000000019,-1.1174474275849602,1715.5092910504495,283.7822702681341,-0.1745,60.84901451594306,-4.4789297901792855,0.165,-1.3041719145987805,5.700607185581406
32.50000000000019,-1.1207170211184068,1721.596807143171,283.33420970074053,-0.1745,60.901307338485594,-4.482281557692114,0.165,-1.3041719145987805,5.700607185581406
32.60000000000019,-1.1240011877182419,1727.6895433412708,282.8858134867233,-0.1745,60.95341662351104,-4.4856427226523365,0.165,-1.3041719145987805,5.700607185581406
32.700000000000195,-1.1251107337821549,1733.7874813516378,282.4370809588992,-0.1745,61.005343583829166,-4.489007833830284,0.165,-1.3041719145987805,5.700607185581406
32.800000000000196,-1.129188082096274,1739.893877494421,281.9874346361424,-0.1745,61.12257927183456,-4.503918621305857,0.8300000000000001,-1.3041719145987805,5.700607185581406
32.9000000000002,-1.1330384134435785,1746.0087193615766,281.5369910834176,-0.1745,61.17425807127573,-4.5049524331898105,0.165,-1.3041719145987805,5.700607185581406
33.0000000000002,-1.136741204125572,1752.1287145812648,281.0864070017091,-0.1745,61.22564632249025,-4.506729200980405,0.165,-1.3041719145987805,5.700607185581406
33.1000000000002,-1.1403504403040607,1758.253835913406,280.63562016487174,-0.1745,61.27678032033459,-4.509007535767382,0.165,-1.3041719145987805,5.700607185581406
33.2000000000002,-1.1439028029245177,1764.3840591721803,280.18458861173355,-0.1745,61.32768485514987,-4.5116235269962495,0.165,-1.3041719145987805,5.700607185581406
33.3000000000002,-1.147423229023485,1770.5193622596603,279.7332841396582,-0.1745,61.37837689445125,-4.514465914510395,0.165,-1.3041719145987805,5.700607185581406
33.400000000000205,-1.1509286890523416,1776.6597245088378,279.2816878837711,-0.1745,61.42886808910149,-4.517459203232484,0.165,-1.3041719145987805,5.700607185581406
33.500000000000206,-1.1544307515530114,1782.8051262372094,278.82978731441693,-0.1745,61.47916647833114,-4.520552183850551,0.165,-1.3041719145987805,5.700607185581406
33.60000000000021,-1.1579373238392652,1788.9555484435818,278.37757419864056,-0.1745,61.52927764911861,-4.523710131677258,0.165,-1.3041719145987805,5.700607185581406
33.70000000000021,-1.161453832979361,1795.1109726022464,277.92504321669867,-0.1745,61.57920552417166,-4.5269095071605205,0.165,-1.3041719145987805,5.700607185581406
33.80000000000021,-1.1649840267454794,1801.2713805233172,277.4721910234802,-0.1745,61.62895289724396,-4.53013435720833,0.165,-1.3041719145987805,5.700607185581406
33.90000000000021,-1.1685305166200277,1807.4367542580117,277.0190156119991,-0.1745,61.67852179664552,-4.533373872413643,0.165,-1.3041719145987805,5.700607185581406
34.00000000000021,-1.1720951457929776,1813.607076034443,276.56551588190126,-0.1745,61.72791373198229,-4.536620729543488,0.165,-1.3041719145987805,5.700607185581406
34.100000000000215,-1.1746040959662651,1819.7823282141203,276.11169134705943,-0.1745,61.777129861565214,-4.5398699672926215,0.165,-1.3041719145987805,5.700607185581406
34.200000000000216,-1.1785817839557242,1825.9641182047212,275.6572554715015,-0.1745,61.85866995045318,-4.548847543865868,0.495,-1.3041719145987805,5.700607185581406
34.30000000000022,-1.1824591924550922,1832.1524313249663,275.2022663277208,-0.1745,61.9075924544501,-4.550935331748403,0.165,-1.3041719145987805,5.700607185581406
34.40000000000022,-1.1862764865388453,1838.3456252314108,274.7470498827674,-0.1745,61.95628567443894,-4.553393567320253,0.165,-1.3041719145987805,5.700607185581406
34.50000000000022,-1.1900608461805886,1844.5436779362922,274.29157524788127,-0.1745,62.004768423187286,-4.5560991304020995,0.165,-1.3041719145987805,5.700607185581406
34.60000000000022,-1.1938306852472211,1850.7465690347838,273.8358218472279,-0.1745,62.05305354664667,-4.558968882664452,0.165,-1.3041719145987805,5.700607185581406
34.70000000000022,-1.1975985021641073,1856.9542792049704,273.37977606793686,-0.1745,62.1011498570851,-4.561946703156256,0.165,-1.3041719145987805,5.700607185581406
34.800000000000225,-1.2013728053515536,1863.1667898698813,272.923428996729,-0.1745,62.149063441135866,-4.564994721001272,0.165,-1.3041719145987805,5.700607185581406
34.900000000000226,-1.2051594132647652,1869.384082969162,272.46677489124744,-0.1745,62.19679854447431,-4.568087388630426,0.165,-1.3041719145987805,5.700607185581406
35.00000000000023,-1.208962331856525,1875.6061408048802,272.0098101479799,-0.1745,62.24435816989228,-4.5712074767197,0.165,-1.3041719145987805,5.700607185581406
35.10000000000023,-1.2127843466104118,1881.8329459374472,271.5525326057069,-0.1745,62.29174448144902,-4.574343368740007,0.165,-1.3041719145987805,5.700607185581406
35.20000000000023,-1.2166274218516544,1888.064481115393,271.09494107556577,-0.1745,62.33895907746609,-4.577487234083415,0.165,-1.3041719145987805,5.700607185581406
35.30000000000023,-1.2204929699795943,1894.300729228009,270.637035024116,-0.1745,62.386003174855,-4.580633794911891,0.165,-1.3041719145987805,5.700607185581406
35.40000000000023,-1.2243820329359214,1900.5416732734282,270.1788143596664,-0.1745,62.43287773352646,-4.583779494080866,0.165,-1.3041719145987805,5.700607185581406
35.500000000000234,-1.228295404480138,1906.7872963371208,269.7202792882674,-0.1745,62.47958354032484,-4.5869219338980205,0.165,-1.3041719145987805,5.700607185581406
35.600000000000236,-1.2322337125571692,1913.0375815774187,269.2614302166874,-0.1745,62.526121265632504,-4.590059497701678,0.165,-1.3041719145987805,5.700607185581406
35.70000000000024,-1.2361974747690543,1919.2925122157767,268.8022676870623,-0.1745,62.57249150152708,-4.593191094800447,0.165,-1.3041719145987805,5.700607185581406
35.80000000000024,-1.2401871357269447,1925.5520715302277,268.3427923328911,-0.1745,62.618694787492075,-4.596315988622426,0.165,-1.3041719145987805,5.700607185581406
35.90000000000024,-1.2442030922004967,1931.816242850989,267.8830048494115,-0.1745,62.66473162773269,-4.59943368097008,0.165,-1.3041719145987805,5.700607185581406
36.00000000000024,-1.248245710052672,1938.0850095575172,267.42290597365843,-0.1745,62.71060250283189,-4.602543834091477,0.165,-1.3041719145987805,5.700607185581406
36.10000000000024,-1.2523153356467405,1944.3583550765384,266.9624964710423,-0.1745,62.7563078775919,-4.605646218231136,0.165,-1.3041719145987805,5.700607185581406
36.200000000000244,-1.2564123035350363,1950.6362628807333,266.50177712631364,-0.1745,62.801848206305976,-4.608740676342007,0.165,-1.3041719145987805,5.700607185581406
36.300000000000246,-1.2605369416476728,1956.9187164878635,266.04074873747896,-0.1745,62.847223936299486,-4.61182710035167,0.165,-1.3041719145987805,5.700607185581406
36.40000000000025,-1.2646895748011155,1963.2056994601937,265.5794121117011,-0.1745,62.892435510305994,-4.6149054152048965,0.165,-1.3041719145987805,5.700607185581406
36.50000000000025,-1.2688705270781666,1969.497195404112,265.11776806253397,-0.1745,62.93748336805935,-4.617975568138051,0.165,-1.3041719145987805,5.700607185581406
36.60000000000025,-1.2730801234503009,1975.7931879698829,264.65581740805345,-0.1745,62.98236794735838,-4.621037521472142,0.165,-1.3041719145987805,5.700607185581406
36.70000000000025,-1.2773186908917509,1982.0936608514896,264.19356096959126,-0.1745,63.02708968477705,-4.624091247771466,0.165,-1.3041719145987805,5.700607185581406
36.80000000000025,-1.281586559152907,1988.3985977865352,263.7309995708731,-0.1745,63.07164901613628,-4.627136726592079,0.165,-1.3041719145987805,5.700607185581406
36.900000000000254,-1.2858840613056772,1994.7079825561827,263.2681340374286,-0.1745,63.11604637681559,-4.63017394229834,0.165,-1.3041719145987805,5.700607185581406
37.000000000000256,-1.290211534136387,2001.0217989851214,262.80496519618384,-0.1745,63.160282201957386,-4.63320288259677,0.165,-1.3041719145987805,5.700607185581406
37.10000000000026,-1.2945693184370433,2007.3400309415492,262.3414938751764,-0.1745,63.20435692659896,-4.6362235375514755,0.165,-1.3041719145987805,5.700607185581406
37.20000000000026,-1.2989577592290293,2013.662662337167,261.8777209033527,-0.1745,63.24827098575622,-4.639235898922755,0.165,-1.3041719145987805,5.700607185581406
37.30000000000026,-1.3033772059421187,2019.9896771271785,261.41364711042047,-0.1745,63.29202481447493,-4.642239959722528,0.165,-1.3041719145987805,5.700607185581406
37.40000000000026,-1.3078280125641824,2026.3210593102954,260.9492733267386,-0.1745,63.33561884786028,-4.6452357139151905,0.165,-1.3041719145987805,5.700607185581406
37.50000000000026,-1.3123105377718827,2032.656792928743,260.484600383232,-0.1745,63.37905352109199,-4.648223156215963,0.165,-1.3041719145987805,5.700607185581406
37.600000000000264,-1.3168251450492954,2038.9968620682691,260.01962911132347,-0.1745,63.422329269429646,-4.651202281954583,0.165,-1.3041719145987805,5.700607185581406
37.700000000000266,-1.3213722027991106,2045.3412508581512,259.5543603428766,-0.1745,63.4654465282117,-4.6541730869828,0.165,-1.3041719145987805,5.700607185581406
37.80000000000027,-1.3249045501009933,2051.689943471204,259.0887949101469,-0.1745,63.508405732850136,-4.657135567611196,0.165,-1.3041719145987805,5.700607185581406
37.90000000000027,-1.3298820718262157,2058.044549066013,258.62264717974625,-0.1745,63.58370616332836,-4.665819040400832,0.495,-1.3041719145987805,5.700607185581406
38.00000000000027,-1.3347716851096636,2064.4050545561718,258.15597606184366,-0.1745,63.626403639844625,-4.667603317651286,0.165,-1.3041719145987805,5.700607185581406
38.10000000000027,-1.3396144391564857,2070.769819057351,257.6891076124333,-0.1745,63.66888638374235,-4.669765670555921,0.165,-1.3041719145987805,5.700607185581406
38.20000000000027,-1.3444378021436458,2077.138822091792,257.22201047903786,-0.1745,63.71117430507405,-4.672176997353145,0.165,-1.3041719145987805,5.700607185581406
38.300000000000274,-1.3492601954721017,2083.51204484805,256.754664065501,-0.1745,63.75328082009405,-4.67475127338441,0.165,-1.3041719145987805,5.700607185581406
38.400000000000276,-1.3540940167919033,2089.889469639731,256.287054942017,-0.1745,63.79521501352282,-4.677431196296086,0.165,-1.3041719145987805,5.700607185581406
38.50000000000028,-1.3589476548551902,2096.2710795445037,255.8191744517742,-0.1745,63.83698308192636,-4.680178608559925,0.165,-1.3041719145987805,5.700607185581406
38.60000000000028,-2.1414175585719244,2102.6568581634406,255.3510171158723,-0.1745,63.878589296815534,-4.682968109477731,0.165,-1.3041719145987805,5.700607185581406
38.70000000000028,-1.8897384391048133,2109.0437967357793,255.00709955491553,-0.06225,63.86018214996102,-2.1953831096580974,0.495,-1.3041719145987805,5.700607185581406
38.80000000000028,-1.8933079002982012,2115.4253143190294,254.74638787031944,-0.1745,63.770169515039726,-3.0188505822637755,0.165,-1.3041719145987805,5.700607185581406
38.90000000000028,-1.7277774858515904,2121.8048427094586,254.44388278304564,-0.1495,63.820398293540656,-3.0312511632119588,0.495,-1.3041719145987805,5.700607185581406
39.000000000000284,-1.6190850672410906,2128.18469820415,254.1133681142851,-0.1745,63.77671160029489,-3.5790422119989223,0.165,-1.3041719145987805,5.700607185581406
39.100000000000286,-2.322856660170234,2134.561659998206,253.73716118384698,-0.1745,63.76252428082281,-3.94509639676364,0.165,-1.3041719145987805,5.700607185581406
39.20000000000029,-3.5561640235643965,2140.935621684307,253.45400538166936,-0.06225,63.716709441199804,-1.7180196467887012,0.165,-1.3041719145987805,5.700607185581406
39.30000000000029,-3.616078275184038,2147.2741914090752,253.4759251736646,0.04999999999999999,63.05468505416386,2.156415486693127,0.165,-1.3041719145987805,5.700607185581406
39.40000000000029,-2.918456315043299,2153.576785149422,253.69890978142354,-0.06225,62.99718975276836,2.303276668485652,0.165,-1.3041719145987805,5.700607185581406
39.50000000000029,-2.445696132586642,2159.8587000755333,253.81746860208392,-0.1745,62.641108769456885,0.06789974472180926,0.165,-1.3041719145987805,5.700607185581406
39.60000000000029,-2.1267726388841943,2166.1123937964953,253.7489581104314,-0.1745,62.43276564977993,-1.438109577772302,0.165,-1.3041719145987805,5.700607185581406
39.700000000000294,-1.91271518752739,2172.349775637861,253.55428004267478,-0.1745,62.31487117753178,-2.4554517773600173,0.165,-1.3041719145987805,5.700607185581406
39.800000000000296,-1.7699044565206032,2178.578222449972,253.27434739937794,-0.1745,62.25406506468678,-3.1432010885766566,0.165,-1.3041719145987805,5.700607185581406
39.9000000000003,-1.6753705469527533,2184.802426885233,252.93677508709243,-0.1745,62.23002364053847,-3.608245157133404,0.165,-1.3041719145987805,5.700607185581406
40.0000000000003,-1.6134839639342926,2191.0254266569614,252.56022197251716,-0.1745,62.22997179402399,-3.922817134371974,0.165,-1.3041719145987805,5.700607185581406
40.1000000000003,-1.5736440536399574,2197.249210367707,252.1572915306278,-0.1745,62.24570242088565,-4.1357917034152765,0.165,-1.3041719145987805,5.700607185581406
40.2000000000003,-2.3075224447521028,2203.4750886349425,251.7364907156722,-0.1745,62.27186292382607,-4.280224595696458,0.165,-1.3041719145987805,5.700607185581406
40.3000000000003,-2.0486723827495092,2209.6999313209644,251.4219971334958,-0.06225,62.224990796610015,-2.009647047831388,0.165,-1.3041719145987805,5.700607185581406
40.400000000000304,-1.8753598441676889,2215.9182269512094,251.17965963410663,-0.1745,62.140921808288944,-2.83710293995195,0.165,-1.3041719145987805,5.700607185581406
40.500000000000306,-1.7601385670783425,2222.130368754208,250.86794705638636,-0.1745,62.10191425168963,-3.397148614453629,0.165,-1.3041719145987805,5.700607185581406
40.60000000000031,-1.6842781523208146,2228.3400732970035,250.5092747971025,-0.1745,62.09217660421765,-3.776296571223219,0.165,-1.3041719145987805,5.700607185581406
40.70000000000031,-1.635042894435267,2234.5497645718633,250.1188034238944,-0.1745,62.10164889298198,-4.033130892938747,0.165,-1.3041719145987805,5.700607185581406
40.80000000000031,-1.6473482840278395,2240.7610373294533,249.70678042978443,-0.1745,62.12380625881807,-4.2073289892606365,0.165,-1.394232946158717,6.121286923826115
40.90000000000031,-1.65768252297995,2246.975934204663,249.28684650063568,-0.1745,62.17413124537784,-4.1913495937144525,0.165,-1.394232946158717,6.121286923826115
41.00000000000031,-1.6667086470322259,2253.1958081907205,248.86819686373926,-0.1745,62.22334847576921,-4.181643144214162,0.165,-1.394232946158717,6.121286923826115
41.100000000000314,-1.6748728234416201,2259.4205638447474,248.45030699064299,-0.1745,62.271764604769636,-4.176154317711175,0.165,-1.394232946158717,6.121286923826115
41.200000000000315,-1.6824752800305274,2265.650131405796,248.03282430330108,-0.1745,62.31958661619714,-4.173499429126637,0.165,-1.394232946158717,6.121286923826115
41.30000000000032,-1.6897180562412228,2271.8844584439644,247.61551197048763,-0.1745,62.36695414716696,-4.172747227142372,0.165,-1.394232946158717,6.121286923826115
41.40000000000032,-1.6967371476978803,2278.1235042204485,247.19821105133622,-0.1745,62.41396138251543,-4.173271155885753,0.165,-1.394232946158717,6.121286923826115
41.50000000000032,-1.7036241412283988,2284.3672358825297,246.78081500353508,-0.1745,62.46067185911333,-4.174649800136797,0.165,-1.394232946158717,6.121286923826115
41.60000000000032,-1.710440772997436,2290.61562589865,246.36325252275657,-0.1745,62.50712846329055,-4.176599815433432,0.165,-1.394232946158717,6.121286923826115
41.70000000000032,-1.7172287219407374,2296.868650330592,245.94547599419033,-0.1745,62.55336017555306,-4.17893075589123,0.165,-1.394232946158717,6.121286923826115
41.800000000000324,-1.7240161959525553,2303.126287670237,245.52745372340976,-0.1745,62.59938661734828,-4.181514659720209,0.165,-1.394232946158717,6.121286923826115
41.900000000000325,-1.7308223597677168,2309.3885180568136,245.10916471153357,-0.1745,62.64522111418002,-4.18426557780393,0.165,-1.394232946158717,6.121286923826115
42.00000000000033,-1.7376603108542723,2315.655322750426,244.690595142672,-0.1745,62.69087275806818,-4.187125799427035,0.165,-1.394232946158717,6.121286923826115
42.10000000000033,-1.744539078799681,2321.926683778108,244.27173602333036,-0.1745,62.73634779556848,-4.190056587405736,0.165,-1.394232946158717,6.121286923826115
42.20000000000033,-1.7514649681859824,2328.2025836959606,243.8525815965341,-0.1745,62.78165056148142,-4.193031948519466,0.165,-1.394232946158717,6.121286923826115
42.30000000000033,-1.7584424602399482,2334.483005429369,243.43312827679247,-0.1745,62.82678410668689,-4.196034446313,0.165,-1.394232946158717,6.121286923826115
42.40000000000033,-1.7654748180499897,2340.76793216571,243.01337393509326,-0.1745,62.87175062013634,-4.199052387671547,0.165,-1.394232946158717,6.121286923826115
42.500000000000334,-1.7725644926973492,2347.0573472823357,242.59331741905373,-0.1745,62.916551712379665,-4.202077933118931,0.165,-1.394232946158717,6.121286923826115
42.600000000000335,-1.779713395728228,2353.351234298254,242.17295823099752,-0.1745,62.96118860598731,-4.205105828005171,0.165,-1.394232946158717,6.121286923826115
42.70000000000034,-1.7869230819244328,2359.649576841723,241.75229631205315,-0.1745,63.005662263392765,-4.208132550882331,0.165,-1.394232946158717,6.121286923826115
42.80000000000034,-1.7941948718954561,2365.9523586285272,241.33133189740414,-0.1745,63.04997347268851,-4.211155742097786,0.165,-1.394232946158717,6.121286923826115
42.90000000000034,-1.8015299343133082,2372.2595634474205,240.9100654192724,-0.1745,63.094122905181955,-4.214173820537242,0.165,-1.394232946158717,6.121286923826115
43.00000000000034,-1.8089293410932035,2378.571175150379,240.4884974419128,-0.1745,63.13811115399134,-4.217185726654539,0.165,-1.394232946158717,6.121286923826115
43.10000000000034,-1.8163941044453598,2384.8871776460746,240.0666286180683,-0.1745,63.18193875991657,-4.220190750235524,0.165,-1.394232946158717,6.121286923826115
43.200000000000344,-1.8239252017839602,2391.207554895509,239.64445965980676,-0.1745,63.22560622877281,-4.223188414995489,0.165,-1.394232946158717,6.121286923826115
43.300000000000345,-1.8315235925065867,2397.532290909098,239.22199131899282,-0.1745,63.26911404299847,-4.226178401283041,0.165,-1.394232946158717,6.121286923826115
43.40000000000035,-1.8391902293339923,2403.861369744719,238.79922437421243,-0.1745,63.31246266942456,-4.229160494325062,0.165,-1.394232946158717,6.121286923826115
43.50000000000035,-1.8469260660123974,2410.194775506414,238.37615962201693,-0.1745,63.35565256447156,-4.23213454958476,0.165,-1.394232946158717,6.121286923826115
43.60000000000035,-1.8547320625854027,2416.5324923435187,237.9527978710586,-0.1745,63.39868417762275,-4.235100469581833,0.165,-1.394232946158717,6.121286923826115
43.70000000000035,-1.8603619387934232,2422.874504450087,237.52913993816014,-0.1745,63.44155795374339,-4.238058188387182,0.165,-1.394232946158717,6.121286923826115
43.80000000000035,-1.86904838796046,2429.224070569293,237.10460937330075,-0.1745,63.54976443037424,-4.252553108800987,0.8300000000000001,-1.394232946158717,6.121286923826115
43.900000000000354,-1.8775632736188093,2435.5811803301276,236.67932407778807,-0.1745,63.59243078632288,-4.253152801452389,0.165,-1.394232946158717,6.121286923826115
44.000000000000355,-1.8859895873868429,2441.942543050602,236.2539402477161,-0.1745,63.63482362316554,-4.254523799987454,0.165,-1.394232946158717,6.121286923826115
44.10000000000036,-1.8943829194894364,2448.308133366986,235.82839378798093,-0.1745,63.67698270451294,-4.256405394715856,0.165,-1.394232946158717,6.121286923826115
44.20000000000036,-1.9027806186147207,2454.6779292357437,235.40264232099676,-0.1745,63.7189346706354,-4.258623944967374,0.165,-1.394232946158717,6.121286923826115
44.30000000000036,-1.9112078958386782,2461.051910839817,234.97665793186005,-0.1745,63.76069741083035,-4.261063837766892,0.165,-1.394232946158717,6.121286923826115
44.40000000000036,-1.9196818909886546,2467.430059859434,234.55042233393132,-0.1745,63.802282981509805,-4.263648120807653,0.165,-1.394232946158717,6.121286923826115
44.50000000000036,-1.9282143808304333,2473.812358986147,234.12392364833937,-0.1745,63.84369955274765,-4.266325591031304,0.165,-1.394232946158717,6.121286923826115
44.600000000000364,-1.9368135822052954,2480.198791599093,233.69715425930252,-0.1745,63.884952706176705,-4.269062189705723,0.165,-1.394232946158717,6.121286923826115
44.700000000000365,-1.945485352254365,2486.589341549404,233.27010938634484,-0.1745,63.92604630003598,-4.271835269448124,0.165,-1.394232946158717,6.121286923826115
44.80000000000037,-1.9542339871313044,2492.983993016681,232.84278613407741,-0.1745,63.966983045504634,-4.274629775900318,0.165,-1.394232946158717,6.121286923826115
44.90000000000037,-1.9630627534139353,2499.3827304134834,232.4151828600103,-0.1745,64.00776489054192,-4.277435705441891,0.165,-1.394232946158717,6.121286923826115
45.00000000000037,-1.971974241622575,2505.785538321782,231.9872987540855,-0.1745,64.04839327543488,-4.2802464130545985,0.165,-1.394232946158717,6.121286923826115
45.10000000000037,-1.980970601387471,2512.1924014506976,231.5591335591123,-0.1745,64.08886930287396,-4.283057486409383,0.165,-1.394232946158717,6.121286923826115
45.20000000000037,-1.9878312771951832,2518.6033046083967,231.13068738494437,-0.1745,64.12919385110484,-4.2858659969491235,0.165,-1.394232946158717,6.121286923826115
45.300000000000374,-1.9977338926627233,2525.0215071881985,230.70138331262476,-0.1745,64.23485774492929,-4.3002154494430345,0.8300000000000001,-1.394232946158717,6.121286923826115
45.400000000000375,-2.0074818522474893,2531.4469994034907,230.27133912628025,-0.1745,64.27498656091399,-4.300668277447241,0.165,-1.394232946158717,6.121286923826115
45.50000000000038,-2.0171594964519244,2537.876491084252,229.8412105530569,-0.1745,64.31484705431153,-4.301903187019672,0.165,-1.394232946158717,6.121286923826115
45.60000000000038,-2.026823138877871,2544.3099574416983,229.41093273833945,-0.1745,64.35448009461233,-4.303653107329371,0.165,-1.394232946158717,6.121286923826115
45.70000000000038,-2.0365105369647356,2550.7473770921597,228.98046302767088,-0.1745,64.39391291461722,-4.305741106041908,0.165,-1.394232946158717,6.121286923826115
45.80000000000038,-2.046247169393703,2557.1887309230233,228.54977347222652,-0.1745,64.43316370265698,-4.308050002845502,0.165,-1.394232946158717,6.121286923826115
45.90000000000038,-2.0560503958029117,2563.6340013406952,228.11884586135074,-0.1745,64.47224465077944,-4.310502214669994,0.165,-1.394232946158717,6.121286923826115
46.000000000000384,-2.065932212507018,2570.083171772089,227.68766843105072,-0.1745,64.5111639770894,-4.313046391330144,0.165,-1.394232946158717,6.121286923826115
46.100000000000385,-2.075901077650978,2576.5362263342895,227.25623368366092,-0.1745,64.5499272669189,-4.31564855646575,0.165,-1.394232946158717,6.121286923826115
46.20000000000039,-2.085963119767862,2582.9931496157315,226.8245369439992,-0.1745,64.58853836191908,-4.318286236768833,0.165,-1.394232946158717,6.121286923826115
46.30000000000039,-2.09612293790213,2589.4539265312897,226.39257540352597,-0.1745,64.62699994924655,-4.320944572695506,0.165,-1.394232946158717,6.121286923826115
46.40000000000039,-2.106384131269326,2595.918542226346,225.9603474877578,-0.1745,64.66531395187266,-4.323613742668147,0.165,-1.394232946158717,6.121286923826115
46.50000000000039,-2.116749649873325,2602.3869820132923,225.5278524377394,-0.1745,64.70348178705913,-4.326287257699369,0.165,-1.394232946158717,6.121286923826115
46.60000000000039,-2.1272220266397106,2608.859231329519,225.09509003322202,-0.1745,64.74150453747265,-4.328960832648215,0.165,-1.394232946158717,6.121286923826115
46.700000000000394,-2.137803531168024,2615.335275709614,224.6620604096215,-0.1745,64.77938306442825,-4.331631639362689,0.165,-1.394232946158717,6.121286923826115
46.800000000000395,-2.1484962716514695,2621.815100766976,224.22876393702055,-0.1745,64.81711808280895,-4.334297812656278,0.165,-1.394232946158717,6.121286923826115
46.9000000000004,-2.1593022625343776,2628.298692181647,223.79520114020644,-0.1745,64.85471021061481,-4.336958123625767,0.165,-1.394232946158717,6.121286923826115
47.0000000000004,-2.170223469532324,2634.786035692264,223.36137264584056,-0.1745,64.89216000172156,-4.339611763691941,0.165,-1.394232946158717,6.121286923826115
47.1000000000004,-2.1812618397039776,2641.2771170907263,222.92727914756202,-0.1745,64.92946796753087,-4.342258201878643,0.165,-1.394232946158717,6.121286923826115
47.2000000000004,-2.1924193216590413,2647.7719222186665,222.49292138294203,-0.1745,64.96663459127367,-4.344897090521005,0.165,-1.394232946158717,6.121286923826115
47.3000000000004,-2.203697879263476,2654.270436965103,222.05830011826657,-0.1745,65.00366033745584,-4.3475282029879585,0.165,-1.394232946158717,6.121286923826115
47.400000000000404,-2.215099501063453,2660.77264726488,221.6234161384891,-0.1745,65.04054565809297,-4.350151392561433,0.165,-1.394232946158717,6.121286923826115
47.500000000000405,-2.2266262068959923,2667.278539097626,221.18827024059638,-0.1745,65.07729099682359,-4.352766565292794,0.165,-1.394232946158717,6.121286923826115
47.600000000000406,-2.238280052656166,2673.788098487048,220.75286322922722,-0.1745,65.11389679162095,-4.355373662090602,0.165,-1.394232946158717,6.121286923826115
47.70000000000041,-2.2500631338616555,2680.3013115004583,220.3171959137775,-0.1745,65.15036347657922,-4.357972646903389,0.165,-1.394232946158717,6.121286923826115
47.80000000000041,-2.261977588438139,2686.8181642484415,219.88126910648606,-0.1745,65.18669148308882,-4.360563498925512,0.165,-1.394232946158717,6.121286923826115
47.90000000000041,-2.274025599005369,2693.3386428846266,219.4450836211669,-0.1745,65.22288124060859,-4.363146207457687,0.165,-1.394232946158717,6.121286923826115
48.00000000000041,-2.2862093948491857,2699.8627336055156,219.00864027236807,-0.1745,65.25893317717185,-4.36572076851871,0.165,-1.394232946158717,6.121286923826115
48.10000000000041,-2.298531253702115,2706.39042265036,218.57193987481153,-0.1745,65.29484771971723,-4.368287182612056,0.165,-1.394232946158717,6.121286923826115
48.200000000000415,-2.310993503414064,2712.9216963010613,218.13498324301824,-0.1745,65.33062529430366,-4.370845453253864,0.165,-1.394232946158717,6.121286923826115
48.300000000000416,-2.3235985235674317,2719.456540882089,217.6977711910554,-0.1745,65.3662663262494,-4.373395586002726,0.165,-1.394232946158717,6.121286923826115
48.40000000000042,-2.336348747073109,2725.9949427604124,217.26030453236427,-0.1745,65.40177124022075,-4.375937587820143,0.165,-1.394232946158717,6.121286923826115
48.50000000000042,-2.3492466617720447,2732.536888345438,216.82258407964082,-0.1745,65.43714046028775,-4.378471466648779,0.165,-1.394232946158717,6.121286923826115
48.60000000000042,-2.362294812059402,2739.0823640889503,216.38461064475166,-0.1745,65.47237440995818,-4.380997231134143,0.165,-1.394232946158717,6.121286923826115
48.70000000000042,-2.3754958005432005,2745.631356485058,215.94638503867293,-0.1745,65.50747351219731,-4.38351489044071,0.165,-1.394232946158717,6.121286923826115
48.80000000000042,-2.5648370692239,2752.18385207014,215.50790807144438,-0.1745,65.54243818943827,-4.386024454130194,0.165,-1.394232946158717,6.121286923826115
48.900000000000425,-2.5185501678642295,2758.745387837237,215.0977399897106,-0.1495,65.68827715250612,-3.817337180545521,0.8300000000000001,-1.394232946158717,6.121286923826115
49.000000000000426,-2.493060400898089,2765.3144119381604,214.70599209801247,-0.1745,65.69220486595927,-4.017620653416614,0.165,-1.394232946158717,6.121286923826115
49.10000000000043,-2.481267626229191,2771.8843566082164,214.29762658872326,-0.1745,65.70668853515835,-4.149689532367716,0.165,-1.394232946158717,6.121286923826115
49.20000000000043,-2.478509436764105,2778.456090323542,213.87829080894824,-0.1745,65.72798577135376,-4.237026063133038,0.165,-1.394232946158717,6.121286923826115
49.30000000000043,-2.481728161415338,2785.030173433791,213.451687305948,-0.1745,65.75367643362655,-4.295043996871646,0.165,-1.394232946158717,6.121286923826115
49.40000000000043,-2.4889206771455394,2791.606966687046,213.02024241170432,-0.1745,65.78218863148376,-4.333853888002447,0.165,-1.394232946158717,6.121286923826115
49.50000000000043,-2.498775992500732,2798.186701048662,212.585545526913,-0.1745,65.81249860083885,-4.36008380782411,0.165,-1.394232946158717,6.121286923826115
49.600000000000435,-2.5104369723381574,2804.7695229011824,212.14863750077407,-0.1745,65.84393844956355,-4.378076714954505,0.165,-1.394232946158717,6.121286923826115
49.700000000000436,-2.5233438932527448,2811.355523425679,211.7101998110457,-0.1745,65.87607204037478,-4.390677079612969,0.165,-1.394232946158717,6.121286923826115
49.80000000000044,-2.537131828385971,2817.9447577502588,211.2706785955296,-0.1745,65.90861445121656,-4.399747230709039,0.165,-1.394232946158717,6.121286923826115
49.90000000000044,-2.551563390315341,2824.537257449818,210.8303659308574,-0.1745,65.94137953996382,-4.406506062735017,0.165,-1.394232946158717,6.121286923826115
50.00000000000044,-2.5664846745991077,2831.133038713563,210.38945307296254,-0.1745,65.9742457349389,-4.411751095162252,0.165,-1.394232946158717,6.121286923826115
50.10000000000044,-2.581796414786525,2837.7321076846856,209.94806531868937,-0.1745,66.00713368750871,-4.416003990300896,0.165,-1.394232946158717,6.121286923826115
50.20000000000044,-2.5974351047500925,2844.3344639521933,209.50628482541552,-0.1745,66.03999166264877,-4.419605875176212,0.165,-1.394232946158717,6.121286923826115
50.300000000000445,-2.613360648921581,2850.9401028345424,209.0641655436329,-0.1745,66.0727859843306,-4.422779760476045,0.165,-1.394232946158717,6.121286923826115
50.400000000000446,-2.6295482860985695,2857.5490168730453,208.6217429855724,-0.1745,66.10549478572499,-4.425671400733601,0.165,-1.394232946158717,6.121286923826115
50.50000000000045,-2.6459833099958714,2864.1611968083844,208.17904061384664,-0.1745,66.13810392105614,-4.428376033781611,0.165,-1.394232946158717,6.121286923826115
50.60000000000045,-2.662657619479293,2870.77663221902,207.73607401844075,-0.1745,66.17060429166003,-4.430955874336015,0.165,-1.394232946158717,6.121286923826115
50.70000000000045,-2.67956746546112,2877.3953119384673,207.29285364694923,-0.1745,66.20299009728686,-4.433451555494223,0.165,-1.394232946158717,6.121286923826115
50.80000000000045,-2.696711980234015,2884.0172243279667,206.84938658868097,-0.1745,66.23525769270472,-4.4358896098708405,0.165,-1.394232946158717,6.121286923826115
50.90000000000045,-2.714092218277403,2890.642357454614,206.40567774019308,-0.1745,66.26740484024168,-4.43828735988716,0.165,-1.394232946158717,6.121286923826115
51.000000000000455,-2.7317105313361734,2897.2706992076896,205.96173056651804,-0.1745,66.2994302212716,-4.440656113613651,0.165,-1.394232946158717,6.121286923826115
51.100000000000456,-2.92855645111246,2903.902237374604,205.51754759820116,-0.1745,66.33133311701341,-4.443003252724095,0.165,-1.394232946158717,6.121286923826115
51.20000000000046,-2.8853452639957995,2910.540951028691,205.1026127399745,-0.1495,66.44293996472787,-3.855693911809369,0.495,-1.394232946158717,6.121286923826115
51.30000000000046,-2.863774005218047,2917.185229883457,204.70665000059412,-0.1745,66.44263713059023,-4.063560875798059,0.165,-1.394232946158717,6.121286923826115
51.40000000000046,-2.856402914680425,2923.8300360109447,204.29348437433293,-0.1745,66.45348541916448,-4.19975164942601,0.165,-1.394232946158717,6.121286923826115
51.50000000000046,-2.858376077062015,2930.476284912537,203.86903595681562,-0.1745,66.47149261268086,-4.289216700920035,0.165,-1.394232946158717,6.121286923826115
51.60000000000046,-2.8665284463968788,2937.124564199408,203.4371633095568,-0.1745,66.49409312473566,-4.348236244256187,0.165,-1.394232946158717,6.121286923826115
51.700000000000465,-2.87879957465187,2943.7752503905267,203.00038019579154,-0.1745,66.51963069763859,-4.387426031049155,0.165,-1.394232946158717,6.121286923826115
51.800000000000466,-2.893849739085819,2950.428583577378,202.56032367778596,-0.1745,66.54703303938888,-4.413704329062232,0.165,-1.394232946158717,6.121286923826115
51.90000000000047,-2.9108090689993125,2957.084715465027,202.11805957882507,-0.1745,66.57560471358572,-4.431577650155726,0.165,-1.394232946158717,6.121286923826115
52.00000000000047,-2.929113811472272,2963.743740412996,201.67428167941316,-0.1745,66.60489424579977,-4.443980338082764,0.165,-1.394232946158717,6.121286923826115
52.10000000000047,-2.9483995727602834,2970.405715545492,201.22944154343094,-0.1745,66.63460840412563,-4.452822381561483,0.165,-1.394232946158717,6.121286923826115
52.20000000000047,-2.968431759909669,2977.070673801777,200.78383309331326,-0.1745,66.66455672157205,-4.459346620791846,0.165,-1.394232946158717,6.121286923826115
52.30000000000047,-2.9890602861091917,2983.7386324135823,200.337647684945,-0.1745,66.69461551453034,-4.4643615465733255,0.165,-1.394232946158717,6.121286923826115
52.400000000000475,-2.979446665817571,2990.409598415083,199.89100995984822,-0.1745,66.72470451548462,-4.46839295536254,0.165,-1.028791814716623,5.800065544278173
52.500000000000476,-2.9807888112866223,2997.0828675883627,199.4389137959093,-0.1745,66.74067895010592,-4.573530323416326,0.165,-1.028791814716623,5.800065544278173
52.60000000000048,-2.989385210350929,3003.758006155434,198.9780965669527,-0.1745,66.76209239132103,-4.642814255715537,0.165,-1.028791814716623,5.800065544278173
52.70000000000048,-3.0028241327826826,3010.43546035358,198.5115195343962,-0.1745,66.78699157159458,-4.688726395414227,0.165,-1.028791814716623,5.800065544278173
52.80000000000048,-3.019536314184897,3017.1155155434367,198.04111279250782,-0.1745,66.81411222554372,-4.719408442353492,0.165,-1.028791814716623,5.800065544278173
52.90000000000048,-3.0385022541352247,3023.7983528701607,197.56813394567237,-0.1745,66.8426343089319,-4.740168494355584,0.165,-1.028791814716623,5.800065544278173
53.00000000000048,-3.0590609727806606,3030.4840858480547,197.0934022324947,-0.1745,66.8720252489491,-4.75446576919802,0.165,-1.028791814716623,5.800065544278173
53.100000000000485,-3.080785192491953,3037.172784057767,196.61745125576127,-0.1745,66.90193894529101,-4.7645537654707555,0.165,-1.028791814716623,5.800065544278173
53.200000000000486,-3.103399938552027,3043.8644885266417,196.14062856550942,-0.1745,66.93215043220376,-4.771900039566008,0.165,-1.028791814716623,5.800065544278173
53.30000000000049,-3.126729488590063,3050.559221723368,195.6631605620358,-0.1745,66.96251350232491,-4.777460029905832,0.165,-1.028791814716623,5.800065544278173
53.40000000000049,-3.150662815838351,3057.2569940574467,195.18519478093486,-0.1745,66.9929331792472,-4.781855592112855,0.165,-1.028791814716623,5.800065544278173
53.50000000000049,-3.3540794993476437,3063.957808107349,194.7068274333572,-0.1745,67.02334781880066,-4.785491359440121,0.165,-1.028791814716623,5.800065544278173
53.60000000000049,-3.317676005927954,3070.6656949646053,194.25788368115107,-0.1495,67.13438932632197,-4.193383684682483,0.495,-1.028791814716623,5.800065544278173
53.70000000000049,-3.3032561963746385,3077.3790254878772,193.82798095334115,-0.1745,67.13222113911225,-4.404670871515744,0.165,-1.028791814716623,5.800065544278173
53.800000000000495,-3.303285016947079,3084.0927102131645,193.38061158044252,-0.1745,67.14147336663216,-4.542716586457095,0.165,-1.028791814716623,5.800065544278173
53.900000000000496,-3.312859300090907,3090.807685887742,192.9218188371309,-0.1745,67.15804012491854,-4.63313827977518,0.165,-1.028791814716623,5.800065544278173
54.0000000000005,-3.3287935578653585,3097.524552391601,192.45553151159876,-0.1745,67.17928995226093,-4.692608230867748,0.165,-1.028791814716623,5.800065544278173
54.1000000000005,-3.3490214812240273,3104.243693316361,191.98430260457312,-0.1745,67.20352854293675,-4.731969909645338,0.165,-1.028791814716623,5.800065544278173
54.2000000000005,-3.3722051466813086,3110.965352833999,191.50979051389453,-0.1745,67.22966180982453,-4.7582719039266355,0.165,-1.028791814716623,5.800065544278173
54.3000000000005,-3.3974803157205646,3117.68968502423,191.03307222305276,-0.1745,67.25698199479966,-4.77609391290891,0.165,-1.028791814716623,5.800065544278173
54.4000000000005,-3.4242906501413506,3124.416785663399,190.55484700914747,-0.1745,67.28503078857946,-4.788410365196854,0.165,-1.028791814716623,5.800065544278173
54.500000000000504,-3.4522799059014533,3131.146712766291,190.075568868597,-0.1745,67.31351126925705,-4.79715244581223,0.165,-1.028791814716623,5.800065544278173
54.600000000000506,-3.481221880253047,3137.8794998825247,189.59553256516898,-0.1745,67.34223105542047,-4.803573622747948,0.165,-1.028791814716623,5.800065544278173
54.70000000000051,-3.5109749181560623,3144.615164711832,189.11492952128654,-0.1745,67.37106553073266,-4.808487254900628,0.165,-1.028791814716623,5.800065544278173
54.80000000000051,-3.5414523834954648,3151.353714689462,188.63388410939478,-0.1745,67.39993402185769,-4.81242098293449,0.165,-1.028791814716623,5.800065544278173
54.90000000000051,-3.5726035026064604,3158.0951506083184,188.15247720963413,-0.1745,67.42878435527439,-4.81571701227887,0.165,-1.028791814716623,5.800065544278173
55.00000000000051,-3.6044009438209352,3164.839468968167,187.67076149750264,-0.1745,67.45758284169851,-4.818597230351117,0.165,-1.028791814716623,5.800065544278173
55.10000000000051,-3.6368327700783,3171.5866634992176,187.18877136212342,-0.1745,67.48630777932131,-4.8212054772331285,0.165,-1.028791814716623,5.800065544278173
55.200000000000514,-3.669897229808324,3178.3367261501544,186.70652933935366,-0.1745,67.5149452394191,-4.823634978161915,0.165,-1.028791814716623,5.800065544278173
55.300000000000516,-3.7035993895984616,3185.0896477287592,186.22405028335248,-0.1745,67.5434863326736,-4.825946141861958,0.165,-1.028791814716623,5.800065544278173
55.40000000000052,-3.7379489618884665,3191.8454183172016,185.741344070994,-0.1745,67.57192543617326,-4.828178105308007,0.165,-1.028791814716623,5.800065544278173
55.50000000000052,-3.772958908061483,3198.604027541194,185.25841735471218,-0.1745,67.60025904367326,-4.830356220328199,0.165,-1.028791814716623,5.800065544278173
55.60000000000052,-3.808644544754949,3205.3654647443855,184.77527469832637,-0.1745,67.62848502015925,-4.832496907387885,0.165,-1.028791814716623,5.800065544278173
55.70000000000052,-3.845022976916199,3212.1297191013255,184.29191931287227,-0.1745,67.65660211863987,-4.834610801693958,0.165,-1.028791814716623,5.800065544278173
55.80000000000052,-3.8821127432237974,3218.8967796906068,183.80835353319037,-0.1745,67.68460966698767,-4.836704791944113,0.165,-1.028791814716623,5.800065544278173
55.900000000000524,-3.9199335997775075,3225.6666355422076,183.32457912653436,-0.1745,67.71250736502967,-4.8387833411760495,0.165,-1.028791814716623,5.800065544278173
56.000000000000526,-3.9585063940852323,3232.439275668114,182.84059749236002,-0.1745,67.74029515310242,-4.840849342310732,0.165,-1.028791814716623,5.800065544278173
56.10000000000053,-3.9978529983163824,3239.2146890821155,182.35640979163554,-0.1745,67.76797312692077,-4.842904672178865,0.165,-1.028791814716623,5.800065544278173
56.20000000000053,-4.037996281775657,3245.9928648125842,181.87201703051605,-0.1745,67.79554148245384,-4.844950550210882,0.165,-1.028791814716623,5.800065544278173
56.30000000000053,-4.078960109673165,3252.773791910719,181.3874201144751,-0.1745,67.82300048023929,-4.846987770608239,0.165,-1.028791814716623,5.800065544278173
56.40000000000053,-4.120769359885318,3259.557459455845,180.9026198833153,-0.1745,67.85035042228593,-4.849016852587932,0.165,-1.028791814716623,5.800065544278173
56.50000000000053,-4.163449952396929,3266.343856558816,180.41761713380652,-0.1745,67.87759163712741,-4.8510381375877225,0.165,-1.028791814716623,5.800065544278173
56.600000000000534,-4.207028888060203,3273.1329723641798,179.93241263432006,-0.1745,67.90472447015209,-4.8530518521416735,0.165,-1.028791814716623,5.800065544278173
56.700000000000536,-4.251534294571177,3279.924796051555,179.44700713428594,-0.1745,67.93174927734778,-4.855058148540804,0.165,-1.028791814716623,5.800065544278173
56.80000000000054,-4.2969954783888555,3286.719316836485,178.9614013703028,-0.1745,67.95866642125593,-4.857057131121705,0.165,-1.028791814716623,5.800065544278173
56.90000000000054,-4.341448622986327,3293.516523970966,178.47559607008375,-0.1745,67.98547626835523,-4.859048873259143,0.165,-1.028791814716623,5.800065544278173
57.00000000000054,-4.38963808198153,3300.3196812485394,177.9890146826261,-0.1745,68.07766928311653,-4.872578875893919,0.8300000000000001,-1.028791814716623,5.800065544278173
57.10000000000054,-4.438639155528853,3307.1287828188556,177.50177633477375,-0.1745,68.10436212320883,-4.872188081153146,0.165,-1.028791814716623,5.800065544278173
57.20000000000054,-4.488572608704655,3313.9405419679774,177.01453559056353,-0.1745,68.1308208592234,-4.872626803051413,0.165,-1.028791814716623,5.800065544278173
57.300000000000544,-4.539530107081982,3320.754937594446,176.52722437511218,-0.1745,68.15709167014487,-4.873597505975398,0.165,-1.028791814716623,5.800065544278173
57.400000000000546,-4.591585186433939,3327.5719524009496,176.0397990788953,-0.1745,68.183204459934,-4.874908418362416,0.165,-1.028791814716623,5.800065544278173
57.50000000000055,-4.643814855961824,3334.3915715556454,175.55223185974899,-0.1745,68.20917863398141,-4.876435964563617,0.165,-1.028791814716623,5.800065544278173
57.60000000000055,-4.698607331695079,3341.215406770935,175.06421856891427,-0.1745,68.26752567180277,-4.883829852130958,0.495,-1.028791814716623,5.800065544278173
57.70000000000055,-4.754550107753389,3348.043448242471,174.5758068553961,-0.1745,68.29330375892681,-4.8844044182320525,0.165,-1.028791814716623,5.800065544278173
57.80000000000055,-4.811737297254885,3354.8740587233497,174.08731422503882,-0.1745,68.31890585863908,-4.885448188913754,0.165,-1.028791814716623,5.800065544278173
57.90000000000055,-4.870247668141284,3361.7072219415077,173.59870224703204,-0.1745,68.34435850451833,-4.8867913712222295,0.165,-1.028791814716623,5.800065544278173
58.000000000000554,-4.930150984090476,3368.542923811997,173.1099464436756,-0.1745,68.36967890526736,-4.888324695906497,0.165,-1.028791814716623,5.800065544278173
58.100000000000556,-4.989535845151671,3375.381151670467,172.62103131589018,-0.1745,68.3948782641319,-4.889977859801786,0.165,-1.028791814716623,5.800065544278173
58.20000000000056,-5.053150596924462,3382.22516828434,172.1313698684392,-0.1745,68.48545401332971,-4.903251089217655,0.8300000000000001,-1.028791814716623,5.800065544278173
58.30000000000056,-5.118110128596633,3389.0749673015325,171.64107465816625,-0.1745,68.51052633052647,-4.902653116241779,0.165,-1.028791814716623,5.800065544278173
58.40000000000056,-5.18456418228557,3395.927261818791,171.150795778515,-0.1745,68.53536401464332,-4.902924476783226,0.165,-1.028791814716623,5.800065544278173
58.50000000000056,-5.25263332305726,3402.782030807656,170.66046196754274,-0.1745,68.5600157626544,-4.903751742661683,0.165,-1.028791814716623,5.800065544278173
58.60000000000056,-5.322420619262543,3409.6392572455425,170.17002770246285,-0.1745,68.58451299507414,-4.904933558936301,0.165,-1.028791814716623,5.800065544278173
58.700000000000564,-5.394019223918289,3416.4989266965244,169.67946399467976,-0.1745,68.60887602456405,-4.906340596725548,0.165,-1.028791814716623,5.800065544278173
58.800000000000566,-5.4675173275471085,3423.361026398954,169.18875247447613,-0.1745,68.63311802402214,-4.907889807346813,0.165,-1.028791814716623,5.800065544278173
58.90000000000057,-5.543001428169896,3430.2255446790664,168.6978815904264,-0.1745,68.65724757822463,-4.909527873648213,0.165,-1.028791814716623,5.800065544278173
59.00000000000057,-5.620558526801491,3437.0924705741845,168.20684416799222,-0.1745,68.68127032413874,-4.911220575035163,0.165,-1.028791814716623,5.800065544278173
59.10000000000057,-5.700277639955317,3443.961793590647,167.71563584152844,-0.1745,68.70519000511129,-4.912945954240206,0.165,-1.028791814716623,5.800065544278173
59.20000000000057,-5.7822508813135896,3450.8335035483133,167.22425404743342,-0.1745,68.72900914820617,-4.914689927660126,0.165,-1.028791814716623,5.800065544278173
59.30000000000057,-5.86657427520645,3457.707590480689,166.7326973777509,-0.1745,68.7527294993089,-4.916443465990489,0.165,-1.028791814716623,5.800065544278173
59.400000000000574,-5.953348407076935,3464.5840445707827,166.2409651652626,-0.1745,68.77635230256662,-4.918200783775619,0.165,-1.028791814716623,5.800065544278173
59.500000000000576,-6.0426789792490965,3471.462856109902,165.74905721722087,-0.1745,68.79987847981705,-4.919958177059158,0.165,-1.028791814716623,5.800065544278173
59.60000000000058,-6.966941940781291,3478.3440154711816,165.25697364450414,-0.1745,68.82330874577654,-4.9217132772754555,0.165,-1.028791814716623,5.800065544278173
59.70000000000058,-6.777456774370709,3485.2234465260517,164.90745929210786,-0.06225,68.76531235162248,-2.0685737706500604,0.165,-1.028791814716623,5.800065544278173
59.80000000000058,-6.691673942218052,3492.0929063928647,164.65030238322174,-0.1745,68.6238849846354,-3.074564407072546,0.165,-1.028791814716623,5.800065544278173
59.90000000000058,0.0,3498.951327755938,164.31043568663108,-0.1745,68.54454227683227,-3.722769524740699,0.165,-1.028791814716623,5.800065544278173
60.00000000000058,0.0,3505.803731519696,163.91726921271305,-0.1745,68.50353299832669,-4.140559953619628,0.165,-1.028791814716623,5.800065544278173
60.100000000000584,0.0,3512.6532336694095,163.48974359911483,-0.1745,68.48650999593521,-4.409952318344842,0.165,-1.028791814716623,5.800065544278173
60.200000000000585,0.0,3519.5017900403086,163.04005532839065,-0.1745,68.48461742204812,-4.583813096138808,0.165,-1.028791814716623,5.800065544278173
60.30000000000059,0.0,3526.3506364490277,162.5760542558592,-0.1745,68.49231075233342,-4.6962083544901425,0.165,-1.028791814716623,5.800065544278173
60.40000000000059,0.0,3533.2005563061584,162.102790071104,-0.1745,68.5060863902789,-4.769075340613238,0.165,-1.028791814716623,5.800065544278173
60.50000000000059,0.0,3540.0520464855645,161.6235097173148,-0.1745,68.52371719784217,-4.816531735171375,0.165,-1.028791814716623,5.800065544278173
60.60000000000059,0.0,3546.905421450298,161.14030023161718,-0.1745,68.54378209682895,-4.847657978780905,0.165,-1.028791814716623,5.800065544278173
60.70000000000059,0.0,3553.758588468888,160.79597807596943,-0.06225,68.5195582749689,-2.038785134173741,0.495,-1.028791814716623,5.800065544278173
60.800000000000594,0.0,3560.6122787820354,160.64964132143712,-0.08725,68.55424798798275,-0.8879499564723854,0.495,-1.028791814716623,5.800065544278173
60.900000000000595,0.0,3567.4570405075183,160.4904276411808,-0.1745,68.34098652167555,-2.2963236486539476,0.165,-1.028791814716623,5.800065544278173
61.0000000000006,0.0,3574.2850017885576,160.21530385656993,-0.1745,68.21823909910792,-3.2061520435630553,0.165,-1.028791814716623,5.800065544278173
61.1000000000006,0.0,3581.10344766961,159.8652821231505,-0.1745,68.1506785219365,-3.794282624825294,0.165,-1.028791814716623,5.800065544278173
61.2000000000006,0.0,3587.9168521964675,159.4668394690089,-0.1745,68.11741201521335,-4.174570458006633,0.165,-1.028791814716623,5.800065544278173
61.3000000000006,0.0,3594.7280083903693,159.03708129286633,-0.1745,68.10571186282428,-4.420593064844665,0.165,-1.028791814716623,5.800065544278173
61.4000000000006,0.0,3601.537543482509,158.72644592707678,-0.06225,68.08498997997728,-1.7921142509464958,0.495,-1.028791814716623,5.800065544278173
61.500000000000604,0.0,3608.3385123773523,158.49349762450746,-0.1745,67.93438791689128,-2.866851800440207,0.165,-1.028791814716623,5.800065544278173
61.600000000000605,0.0,3615.127728319628,158.1719898969807,-0.1745,67.84993092862295,-3.5633027500948087,0.165,-1.028791814716623,5.800065544278173
61.70000000000061,0.0,3621.910545687423,157.79308654172095,-0.1745,67.80641642727467,-4.014764355100061,0.165,-1.028791814716623,5.800065544278173
61.80000000000061,0.0,3628.690296944349,157.376971802949,-0.1745,67.78860871124017,-4.30753042033922,0.165,-1.028791814716623,5.800065544278173
61.90000000000061,0.0,3635.469081533176,156.93671802961788,-0.1745,67.78708306530328,-4.497545046282849,0.165,-1.028791814716623,5.800065544278173
62.00000000000061,0.0,3642.248231683442,156.48078733971997,-0.1745,67.79591994001902,-4.621068751675112,0.165,-1.028791814716623,5.800065544278173
62.10000000000061,0.0,3649.0285958815557,156.0146544792035,-0.1745,67.81136402225145,-4.701588458654368,0.165,-1.028791814716623,5.800065544278173
62.200000000000614,0.0,3655.812339900192,155.54157325132854,-0.1745,67.86351635047104,-4.760036098844892,0.495,-1.028791814716623,5.800065544278173
62.300000000000615,0.0,3662.5998101054715,155.0638900031357,-0.1745,67.88588775512174,-4.793628865011837,0.165,-1.028791814716623,5.800065544278173
62.40000000000062,0.0,3669.389598554821,154.58340777713934,-0.1745,67.90988123187023,-4.816015654915406,0.165,-1.028791814716623,5.800065544278173
62.50000000000062,0.0,3676.181836735244,154.10104871999582,-0.1745,67.9348823765867,-4.831165487955097,0.165,-1.028791814716623,5.800065544278173
62.60000000000062,0.0,3682.976605622167,153.617408347589,-0.1745,67.9604953618757,-4.841641960181596,0.165,-1.028791814716623,5.800065544278173
62.70000000000062,0.0,3689.773953644718,153.1328712292346,-0.1745,67.9864650891411,-4.849100406906011,0.165,-1.028791814716623,5.800065544278173
62.80000000000062,0.0,3696.5739082570863,152.64768573868082,-0.1745,68.01262715822648,-4.854609404169658,0.165,-1.028791814716623,5.800065544278173
62.900000000000624,0.0,3703.3764833978407,152.16201233930528,-0.1745,68.03887565686661,-4.858858583341326,0.165,-1.028791814716623,5.800065544278173
63.000000000000625,0.0,3710.1816843007036,151.67595476459795,-0.1745,68.06514240039022,-4.862292910805265,0.165,-1.028791814716623,5.800065544278173
63.10000000000063,0.0,3716.9895105978712,151.18958014777473,-0.1745,68.09138354296341,-4.865199425659186,0.165,-1.028791814716623,5.800065544278173
63.20000000000063,0.0,3723.7999583220235,150.70293201389026,-0.1745,68.11757094007719,-4.867763252030414,0.165,-1.028791814716623,5.800065544278173
63.30000000000063,0.0,3730.61719117337,150.24675260127566,-0.1495,68.22708608685538,-4.2558250002617894,0.495,-1.028791814716623,5.800065544278173
63.40000000000063,0.0,3737.439491680786,149.8101357098683,-0.1745,68.21892406146146,-4.476512827885798,0.165,-1.0507528623143125,5.751796362646782
63.50000000000063,0.0,3744.26144536165,149.35446213898499,-0.1745,68.22014955582416,-4.636958589780496,0.165,-1.0507528623143125,5.751796362646782
63.600000000000634,0.0,3751.083960133689,148.8855669004888,-0.1745,68.23014588494847,-4.740946180143002,0.165,-1.0507528623143125,5.751796362646782
63.700000000000635,0.0,3757.9077532698857,148.40809171863177,-0.1745,68.24571683898893,-4.80855745699817,0.165,-1.0507528623143125,5.751796362646782
63.80000000000064,0.0,3764.7332803661607,147.92502683433798,-0.1745,68.26482508651138,-4.852740228877532,0.165,-1.0507528623143125,5.751796362646782
63.90000000000064,0.0,3771.5608299951236,147.4382979171295,-0.1745,68.28616749274683,-4.881838115292466,0.165,-1.0507528623143125,5.751796362646782
64.00000000000064,0.0,3778.3905838075407,146.94914474137775,-0.1745,68.30890875558975,-4.90122539974215,0.165,-1.0507528623143125,5.751796362646782
64.10000000000063,0.0,3785.2226548842395,146.45836534682357,-0.1745,68.33251277838804,-4.9143624913415795,0.165,-1.0507528623143125,5.751796362646782
64.20000000000063,0.0,3792.058737228762,145.96618691658963,-0.1745,68.38913411205543,-4.929206113337035,0.495,-1.0507528623143125,5.751796362646782
64.30000000000062,0.0,3798.8988739853307,145.47299876204306,-0.1745,68.41360101932578,-4.934556977594226,0.165,-1.0507528623143125,5.751796362646782
64.40000000000062,0.0,3805.7414620095856,144.97933809440363,-0.1745,68.43815946577355,-4.938656375194513,0.165,-1.0507528623143125,5.751796362646782
64.50000000000061,0.0,3812.589090845436,144.5165677509445,-0.1495,68.51441725124194,-4.3167504939881765,0.165,-1.0507528623143125,5.751796362646782
64.6000000000006,0.0,3819.440023826425,144.0736306576618,-0.1745,68.50424236853839,-4.541991371665456,0.165,-1.0507528623143125,5.751796362646782
64.7000000000006,0.0,3826.2905674939,143.61216164667619,-0.1745,68.50663098096491,-4.687388848046943,0.165,-1.0507528623143125,5.751796362646782
64.8000000000006,0.0,3833.14174825341,143.13872007391905,-0.1745,68.51698420922594,-4.781442607096089,0.165,-1.0507528623143125,5.751796362646782
64.90000000000059,0.0,3839.99421691146,142.65752323795607,-0.1745,68.5323889517847,-4.842494112163465,0.165,-1.0507528623143125,5.751796362646782
65.00000000000058,0.0,3846.848385898429,142.17128152294825,-0.1745,68.55099078759605,-4.882340187992923,0.165,-1.0507528623143125,5.751796362646782
65.10000000000058,0.0,3853.704515715294,141.6817362898337,-0.1745,68.57160554969649,-4.908564474298168,0.165,-1.0507528623143125,5.751796362646782
65.20000000000057,0.0,3860.562769774257,141.19000605907434,-0.1745,68.5934756295686,-4.926040140889237,0.165,-1.0507528623143125,5.751796362646782
65.30000000000057,0.0,3867.423249345142,140.6968091736185,-0.1745,68.61611578812779,-4.937897568227557,0.165,-1.0507528623143125,5.751796362646782
65.40000000000056,0.0,3874.286015887702,140.20260694349523,-0.1745,68.6392150630758,-4.946147034237823,0.165,-1.0507528623143125,5.751796362646782
65.50000000000055,0.0,3881.1511053481236,139.7076956330844,-0.1745,68.6625741453539,-4.952079173978455,0.165,-1.0507528623143125,5.751796362646782
65.60000000000055,0.0,3888.0185373209747,139.21226555411667,-0.1745,68.68606531166645,-4.9565224053761385,0.165,-1.0507528623143125,5.751796362646782
65.70000000000054,0.0,3894.8883209242667,138.71643901641795,-0.1745,68.70960675417443,-4.960008348598205,0.165,-1.0507528623143125,5.751796362646782
65.80000000000054,0.0,3901.760458568026,138.22029469447105,-0.1745,68.73314612101507,-4.962878090339609,0.165,-1.0507528623143125,5.751796362646782
65.90000000000053,0.0,3908.6349483719778,137.72388326850563,-0.1745,68.75664995802315,-4.965350428968649,0.165,-1.0507528623143125,5.751796362646782
66.00000000000053,0.0,3915.5117857166015,137.2272374624394,-0.1745,68.78009693445448,-4.967565692355978,0.165,-1.0507528623143125,5.751796362646782
66.10000000000052,0.0,3922.3909642381373,136.7303784845501,-0.1745,68.80347349626389,-4.969613865429934,0.165,-1.0507528623143125,5.751796362646782
66.20000000000051,0.0,3929.2724764668055,136.23332015918075,-0.1745,68.82677107710083,-4.9715526419570475,0.165,-1.0507528623143125,5.751796362646782
66.30000000000051,0.0,3936.153898761765,135.87881528753005,-0.06225,68.80167482209177,-2.1185447910571433,0.495,-1.0507528623143125,5.751796362646782
66.4000000000005,0.0,3943.0269666738245,135.6165741015625,-0.1745,68.65968341909497,-3.126278928293969,0.165,-1.0507528623143125,5.751796362646782
66.5000000000005,0.0,3949.888948431078,135.27149506678353,-0.1745,68.57995172597127,-3.7753017672851135,0.165,-1.0507528623143125,5.751796362646782
66.60000000000049,0.0,3956.7448781659164,134.8730588708755,-0.1745,68.53864297079973,-4.1934221508754765,0.165,-1.0507528623143125,5.751796362646782
66.70000000000049,0.0,3963.5978785943416,134.44024279803236,-0.1745,68.52136559770678,-4.462899305987426,0.165,-1.0507528623143125,5.751796362646782
66.80000000000048,0.0,3970.449908900459,133.98526127656345,-0.1745,68.51924052464011,-4.636731123390621,0.165,-1.0507528623143125,5.751796362646782
66.90000000000047,0.0,3977.3022064866523,133.51597209940013,-0.1745,68.52671119922454,-4.749052419875494,0.165,-1.0507528623143125,5.751796362646782
67.00000000000047,0.0,3984.1520745131243,133.178897599947,-0.06225,68.47064933021477,-1.9924375691870067,0.165,-1.0507528623143125,5.751796362646782
67.10000000000046,0.0,3990.991841734426,132.92773125852887,-0.1745,68.32469509582423,-3.030889259175404,0.165,-1.0507528623143125,5.751796362646782
67.20000000000046,-1000.0,3997.820216047368,132.5911093353261,-0.1745,68.24279116301145,-3.7015492048794574,0.165,-1.0507528623143125,5.751796362646782
