t,reward,x,y,theta,vx,vy,throttle,wind_vx,wind_vy
0.0,0.0,20.40954247979224,358.0600601087484,0.0010353144708622475,45.51363362590978,6.947020002770573,0.5,1.2532207123158174,6.664848697421824
0.1,-4.215391614479603,20.40954247979224,358.0600601087484,0.0010353144708622475,45.51363362590978,6.947020002770573,0.5,1.2532207123158174,6.664848697421824
0.2,-3.438604252781601,24.95511279346315,358.6775938703119,-0.11121468552913774,45.39777264750846,5.403655228498958,0.165,1.2532207123158174,6.664848697421824
0.30000000000000004,-2.8255119842385397,29.48437321855332,359.1275706434732,-0.1745,45.18743585429492,3.5958802347266197,0.165,1.2532207123158174,6.664848697421824
0.4,-2.3440949836243257,33.99691656670168,359.41689516208453,-0.1745,45.06343110867232,2.1906101375003946,0.165,1.2532207123158174,6.664848697421824
0.5,-1.9625291328310452,38.50005295362786,359.5812297577017,-0.1745,44.99929662985131,1.09608177484236,0.165,1.2532207123158174,6.664848697421824
0.6,-1.670672803164869,43.00217493037912,359.6476321494808,-0.1745,45.04314290517398,0.23196606073969805,0.8300000000000001,1.2532207123158174,6.664848697421824
0.7,-1.4444236320017612,47.506943942179106,359.63772064503064,-0.1745,45.052237330825726,-0.4301961497430091,0.165,1.2532207123158174,6.664848697421824
0.7999999999999999,-1.269619791601232,52.01374539486781,359.5689748743546,-0.1745,45.08379172294832,-0.9447192637783363,0.165,1.2532207123158174,6.664848697421824
0.8999999999999999,-1.1349908274338998,56.52453308033264,359.45453771765955,-0.1745,45.13196198634818,-1.344023870122467,0.165,1.2532207123158174,6.664848697421824
0.9999999999999999,-1.0316284345201936,61.04075733768824,359.3046586159764,-0.1745,45.19252316076383,-1.6535581635409096,0.165,1.2532207123158174,6.664848697421824
1.0999999999999999,-0.9525305883553198,65.5635024325262,359.1273167959871,-0.1745,45.26237873599537,-1.8932782362445801,0.165,1.2532207123158174,6.664848697421824
1.2,-0.8922185521557668,70.09358306093654,358.9287127291382,-0.1745,45.33923383221112,-2.0788031007324683,0.165,1.2532207123158174,6.664848697421824
1.3,-0.846421285634052,74.6316133684694,358.7136560883147,-0.1745,45.42137231844623,-2.222329715738767,0.165,1.2532207123158174,6.664848697421824
1.4000000000000001,-0.8118192535891676,79.17805706559987,358.4858715348294,-0.1745,45.507501624163176,-2.3333613539661795,0.165,1.2532207123158174,6.664848697421824
1.5000000000000002,-0.7858388427391731,83.73326428119519,358.24823911500357,-0.1745,45.596642687743156,-2.4192870425512334,0.165,1.2532207123158174,6.664848697421824
1.6000000000000003,-0.7664888603685263,88.29749894832592,358.002982705465,-0.1745,45.68805065487145,-2.4858411482207012,0.165,1.2532207123158174,6.664848697421824
1.7000000000000004,-0.7522314052266983,92.8709593282036,357.75181732233057,-0.1745,45.78115694268202,-2.5374665144677886,0.165,1.2532207123158174,6.664848697421824
1.8000000000000005,-0.7418804415526328,97.45379349625811,357.496063981942,-0.1745,45.87552641840824,-2.577600293304355,0.165,1.2532207123158174,6.664848697421824
1.9000000000000006,-0.7345224769545318,102.04611108935904,357.23673906038755,-0.1745,45.97082544361039,-2.608898137783565,0.165,1.2532207123158174,6.664848697421824
2.0000000000000004,-0.729454740971281,106.64799225355088,356.97462367825875,-0.1745,46.06679784022645,-2.6334095047925508,0.165,1.2532207123158174,6.664848697421824
2.1000000000000005,-0.7261371372950082,111.25949448066976,356.7103174847296,-0.1745,46.163246702151035,-2.652714365790538,0.165,1.2532207123158174,6.664848697421824
2.2000000000000006,-0.724154985890064,115.88065784396738,356.44428028742266,-0.1745,46.2600205638014,-2.6680295803481555,0.165,1.2532207123158174,6.664848697421824
2.3000000000000007,-0.7231901864856459,120.51150901430431,356.1768642331439,-0.1745,46.35700284293715,-2.6802915052274767,0.165,1.2532207123158174,6.664848697421824
2.400000000000001,-0.7229989354588189,125.15206434446424,355.9083386557641,-0.1745,46.45410376026124,-2.690220042367738,0.165,1.2532207123158174,6.664848697421824
2.500000000000001,-0.7217521328352211,129.80233223958817,355.6389092423754,-0.1745,46.55125414221749,-2.6983682254061043,0.165,1.2532207123158174,6.664848697421824
2.600000000000001,-0.7230937917332805,134.4639399219904,355.36844633700974,-0.1745,46.68089950582731,-2.710889881906916,0.495,1.2532207123158174,6.664848697421824
2.700000000000001,-0.7246488385632971,139.1368892918558,355.09712762902404,-0.1745,46.77808789148039,-2.7154842778070742,0.165,1.2532207123158174,6.664848697421824
2.800000000000001,-0.8429083967506323,143.81955191119857,354.82537455376627,-0.1745,46.87516449537501,-2.7195772273489034,0.165,1.2532207123158174,6.664848697421824
2.9000000000000012,-0.8167142339721233,148.51361397336336,354.5668613932414,-0.1495,47.006076747920915,-2.4506859831473715,0.495,1.2532207123158174,6.664848697421824
3.0000000000000013,-0.7973316811891213,153.2186455764463,354.3183470023345,-0.1745,47.09455531373793,-2.5196018349901905,0.165,1.2532207123158174,6.664848697421824
3.1000000000000014,-0.7831355082809233,157.93261735135712,354.06373231282384,-0.1745,47.184880184478274,-2.5726919552233123,0.165,1.2532207123158174,6.664848697421824
3.2000000000000015,-0.772883609449081,162.6556895968401,353.804412311609,-0.1745,47.27656472518107,-2.613708069074028,0.165,1.2532207123158174,6.664848697421824
3.3000000000000016,-0.7656278946772967,167.38797979665162,353.54145079199293,-0.1745,47.36923927104969,-2.64552232324702,0.165,1.2532207123158174,6.664848697421824
3.4000000000000017,-0.7606455076911709,172.12957289123864,353.2756581252512,-0.1745,47.46262262069051,-2.670331011587211,0.165,1.2532207123158174,6.664848697421824
3.5000000000000018,-0.7557612101408057,176.8805290549329,353.0076509800062,-0.1745,47.55650065319471,-2.689811893312826,0.165,1.2532207123158174,6.664848697421824
3.600000000000002,-0.7542950431666682,181.6425145403348,352.737611648673,-0.1745,47.68320905484286,-2.7109747333502896,0.495,1.2532207123158174,6.664848697421824
3.700000000000002,-0.7536940423094319,186.41556047733076,352.46595399322155,-0.1745,47.777709685076786,-2.7221783756789413,0.165,1.2532207123158174,6.664848697421824
3.800000000000002,-0.7537452051521877,191.19806029549966,352.19327825867646,-0.1745,47.87228667830098,-2.731336315222471,0.165,1.2532207123158174,6.664848697421824
3.900000000000002,-0.75428690797345,195.99001843863033,351.9197640702371,-0.1745,47.96687618431259,-2.738947453564751,0.165,1.2532207123158174,6.664848697421824
4.000000000000002,-0.7551966130432333,200.79143372045567,351.64554713772566,-0.1745,48.061429452194446,-2.745391196663822,0.165,1.2532207123158174,6.664848697421824
4.100000000000001,-0.7563814940846838,205.60230065495605,351.3707297850886,-0.1745,48.155909237813006,-2.7509558560769984,0.165,1.2532207123158174,6.664848697421824
4.200000000000001,-0.7577712934990438,210.42261047009274,351.0953889746763,-0.1745,48.250287064920656,-2.7558603521689697,0.165,1.2532207123158174,6.664848697421824
4.300000000000001,-0.7593128845270264,215.2523518801763,350.81958241782775,-0.1745,48.34454113675066,-2.760270784803004,0.165,1.2532207123158174,6.664848697421824
4.4,-0.7609661345980616,220.09151167419844,350.54335322482905,-0.1745,48.43865474369257,-2.7643130751711307,0.165,1.2532207123158174,6.664848697421824
4.5,-0.7627007608387204,224.94007516385534,350.2667334409225,-0.1745,48.53261504944529,-2.7680826029597583,0.165,1.2532207123158174,6.664848697421824
4.6,-0.7074294958441946,229.79802652462604,349.98974673339285,-0.1745,48.62641216596877,-2.7716515476331662,0.165,1.590659632203504,6.089411969151347
4.699999999999999,-0.6662483012382786,234.66448068975328,349.7054928480789,-0.1745,48.7026711365762,-2.913426158646048,0.165,1.590659632203504,6.089411969151347
4.799999999999999,-0.6357283255865565,239.53877763654083,349.4087566100051,-0.1745,48.783267799175114,-3.02129860282991,0.165,1.590659632203504,6.089411969151347
4.899999999999999,-0.7339970428606523,244.42129465640963,349.10251773769147,-0.1745,48.86707259820112,-3.1034788434431406,0.165,1.590659632203504,6.089411969151347
4.999999999999998,-0.6876320841527759,249.31262785119793,348.8038365930549,-0.1495,48.959591297564984,-2.870144049288598,0.165,1.590659632203504,6.089411969151347
5.099999999999998,-0.6532486183749303,254.2125011851235,348.510771187639,-0.1745,49.037875380946176,-2.9911640590288906,0.165,1.590659632203504,6.089411969151347
5.1999999999999975,-0.6279064213379384,259.12038679048277,348.2070553529826,-0.1745,49.11983672623899,-3.0831526340998248,0.165,1.590659632203504,6.089411969151347
5.299999999999997,-0.6093779703199667,264.03660399138323,347.8952378346853,-0.1745,49.20450729177018,-3.1531977318461415,0.165,1.590659632203504,6.089411969151347
5.399999999999997,-0.7166396536661135,268.96138753501435,347.5772441755742,-0.1745,49.29116358085271,-3.2066754503756276,0.165,1.590659632203504,6.089411969151347
5.4999999999999964,-0.6769551665480631,273.89685397437324,347.2693552729054,-0.1495,49.418165206325064,-2.9511026030004146,0.495,1.590659632203504,6.089411969151347
5.599999999999996,-0.6476840680603713,278.8426354864154,346.9689616440351,-0.1745,49.49746503451878,-3.056769974405057,0.165,1.590659632203504,6.089411969151347
5.699999999999996,-0.6262443480309612,283.79650724226576,346.6592750513998,-0.1745,49.57997008248841,-3.1369618783014266,0.165,1.590659632203504,6.089411969151347
5.799999999999995,-0.6106870347780002,288.75874696494554,346.34252883301997,-0.1745,49.664824371107,-3.197962489295064,0.165,1.590659632203504,6.089411969151347
5.899999999999995,-0.5995431729618481,293.72955763284,346.0204046446994,-0.1745,49.751388986782175,-3.2445212771164935,0.165,1.590659632203504,6.089411969151347
5.999999999999995,-0.5917070076122819,298.70908638052657,345.694167418238,-0.1745,49.839185966949465,-3.280223252111319,0.165,1.590659632203504,6.089411969151347
6.099999999999994,-0.5863471093707873,303.697438538208,345.3647676849337,-0.1745,49.92785718667964,-3.3077714139749412,0.165,1.590659632203504,6.089411969151347
6.199999999999994,-0.5828389399043654,308.69468809846603,345.0329190298659,-0.1745,50.017134018480405,-3.329201687381283,0.165,1.590659632203504,6.089411969151347
6.299999999999994,-1.1369639882768088,313.7008855403311,344.69915663875344,-0.1745,50.10681481882081,-3.3460461348682164,0.165,1.590659632203504,6.089411969151347
6.399999999999993,-0.9951654327890304,318.70977374943874,344.4340840182027,-0.06225,50.07094936333202,-1.955406276146031,0.165,1.590659632203504,6.089411969151347
6.499999999999993,-0.8893312347714477,323.71896797948136,344.2204776804338,-0.1745,50.11293523752071,-2.316720479232247,0.165,1.590659632203504,6.089411969151347
6.5999999999999925,-0.8105845396108802,328.7329981739672,343.97520812345283,-0.1745,50.16766865219596,-2.5886706603873515,0.165,1.590659632203504,6.089411969151347
6.699999999999992,-0.7521940939414267,333.75296719927144,343.70610839959386,-0.1745,50.231711853889536,-2.7933238167919967,0.165,1.590659632203504,6.089411969151347
6.799999999999992,-0.7090729454840207,338.77968144265026,343.4190734708543,-0.1745,50.302573013686505,-2.947374757999662,0.165,1.590659632203504,6.089411969151347
6.8999999999999915,-0.6773873007625629,343.8137316474324,343.11853322974224,-0.1745,50.378431081956506,-3.0634300642416505,0.165,1.590659632203504,6.089411969151347
6.999999999999991,-0.654254244272179,348.8555505471082,342.80781212841276,-0.1745,50.457946911558714,-3.1509919623481606,0.165,1.590659632203504,6.089411969151347
7.099999999999991,-0.6360812365490187,353.90545444955274,342.489401980338,-0.1745,50.54013113733194,-3.2172109991462174,0.165,1.590659632203504,6.089411969151347
7.19999999999999,-0.6245602164143551,358.96529846395015,342.1648819535927,-0.1745,50.656749150615944,-3.2731895357594034,0.495,1.590659632203504,6.089411969151347
7.29999999999999,-0.616476496105627,364.0352526257059,341.83570408972366,-0.1745,50.7423340844982,-3.31036774162232,0.165,1.590659632203504,6.089411969151347
7.39999999999999,-0.610951479526699,369.1138125903452,341.50323992620145,-0.1745,50.828865208288974,-3.3389155288223216,0.165,1.590659632203504,6.089411969151347
7.499999999999989,-0.6073291329087899,374.201058327229,341.16824286634045,-0.1745,50.916049529387394,-3.361025668398099,0.165,1.590659632203504,6.089411969151347
7.599999999999989,-0.6051200480288264,379.2970442292199,340.8312746699415,-0.1745,51.00366851043027,-3.378338259581785,0.165,1.590659632203504,6.089411969151347
7.699999999999989,-0.6039594273489282,384.40180560838013,340.4927538073533,-0.1745,51.09155907277349,-3.3920789921810917,0.165,1.590659632203504,6.089411969151347
7.799999999999988,-0.6035755728671031,389.5153635364986,340.15299170117703,-0.1745,51.17959948959609,-3.403163131345251,0.165,1.590659632203504,6.089411969151347
7.899999999999988,-0.7294669520400278,394.6377284553166,339.8122198635664,-0.1745,51.26769888676409,-3.412273620867627,0.165,1.590659632203504,6.089411969151347
7.999999999999988,-0.6974678489575881,399.77096130956295,339.48667787843266,-0.1495,51.39695819816306,-3.0985660818064766,0.495,1.590659632203504,6.089411969151347
8.099999999999987,-0.6742417170605817,404.91449489804893,339.1723216324126,-0.1745,51.47371357155702,-3.18855883859449,0.165,1.590659632203504,6.089411969151347
8.199999999999987,-0.6575254329220265,410.06584594020114,338.8500835465849,-0.1745,51.55330727148671,-3.2562028779592644,0.165,1.590659632203504,6.089411969151347
8.299999999999986,-0.645634469950882,415.22525859143013,338.52191152658554,-0.1745,51.634945753093554,-3.307237522028018,0.165,1.590659632203504,6.089411969151347
8.399999999999986,-0.6373165832668598,420.3929080488114,338.18925265006715,-0.1745,51.71804339453192,-3.34594000834,0.165,1.590659632203504,6.089411969151347
8.499999999999986,-0.6316419129090117,425.56891858103137,337.85318092904345,-0.1745,51.80216724986749,-3.375494412134087,0.165,1.590659632203504,6.089411969151347
8.599999999999985,-0.6279206668781045,430.753376786596,337.514492774441,-0.1745,51.88699686142448,-3.3982686799141697,0.165,1.590659632203504,6.089411969151347
8.699999999999985,-0.6256415974884975,435.94634137215627,337.1737782289018,-0.1745,51.97229484978134,-3.4160222308698645,0.165,1.590659632203504,6.089411969151347
8.799999999999985,-0.6244261003403959,441.1478503793729,336.8314740546214,-0.1745,52.05788529455173,-3.4300612547377685,0.165,1.590659632203504,6.089411969151347
8.899999999999984,-0.6239940192417956,446.3579265336253,336.48790325636446,-0.1745,52.14363779049504,-3.4413547104018405,0.165,1.590659632203504,6.089411969151347
8.999999999999984,-0.6241382034222356,451.5765812062555,336.14330447787245,-0.1745,52.22945566211017,-3.450620859438054,0.165,1.590659632203504,6.089411969151347
9.099999999999984,-1.2054827054851556,456.80381735128395,335.7978538475359,-0.1745,52.3152672384583,-3.4583917472930232,0.165,1.590659632203504,6.089411969151347
9.199999999999983,-1.0536282656922513,462.03513038247667,335.5280813748371,-0.06225,52.310993385395456,-1.9370577066834942,0.495,1.590659632203504,6.089411969151347
9.299999999999983,-0.9418595703244523,467.2677016778041,335.31419298493483,-0.1745,52.34043252115292,-2.3407100913616836,0.165,1.590659632203504,6.089411969151347
9.399999999999983,-0.859843552996074,472.5039840357579,335.06515201354483,-0.1745,52.38521463792375,-2.6401093364385337,0.165,1.590659632203504,6.089411969151347
9.499999999999982,-0.799861321079756,477.7452960482652,334.7900377307519,-0.1745,52.44102561222165,-2.862176319420169,0.165,1.590659632203504,6.089411969151347
9.599999999999982,-0.7561664805243341,482.9925869016726,334.495580814571,-0.1745,52.504791455926686,-3.026962004198194,0.165,1.590659632203504,6.089411969151347
9.699999999999982,-0.7244927740496326,488.24654156630606,334.1867639653955,-0.1745,52.574301836742734,-3.1493749793104326,0.165,1.590659632203504,6.089411969151347
9.799999999999981,-0.7016798032740144,493.50765448778793,333.86727114259287,-0.1745,52.64795659289449,-3.2404814767422274,0.165,1.590659632203504,6.089411969151347
9.89999999999998,-0.6853905743232724,498.7762818914823,333.5398229253656,-0.1745,52.724591480993055,-3.3084828678030296,0.165,1.590659632203504,6.089411969151347
9.99999999999998,-0.6725282349049105,504.0526792829402,333.20642633567934,-0.1745,52.803356348164776,-3.359448925923216,0.165,1.590659632203504,6.089411969151347
10.09999999999998,-0.6649978329720957,509.33865348258524,332.86827410428805,-0.1745,52.91612764473665,-3.4035957019031176,0.495,1.590659632203504,6.089411969151347
10.19999999999998,-0.6599402077120433,514.6343360429113,332.5265122045696,-0.1745,52.997523561784035,-3.4316422924654524,0.165,1.590659632203504,6.089411969151347
10.29999999999998,-0.6566958155929536,519.9381919550502,332.18227028054565,-0.1745,53.07959468099556,-3.453196188013103,0.165,1.590659632203504,6.089411969151347
10.399999999999979,-0.6547798176013262,525.2502769603872,331.83611143811595,-0.1745,53.16210542574348,-3.469980660581244,0.165,1.590659632203504,6.089411969151347
10.499999999999979,-0.6538360845987425,530.5706263637533,331.4884491798095,-0.1745,53.24488264157877,-3.4832645055481724,0.165,1.590659632203504,6.089411969151347
10.599999999999978,-0.6536032256239077,535.899260447643,331.13958689431007,-0.1745,53.327799036214586,-3.4939812044405274,0.165,1.590659632203504,6.089411969151347
10.699999999999978,-0.6538895254585819,541.23618845106,330.789746981488,-0.1745,53.410761032126615,-3.502817052001092,0.165,1.590659632203504,6.089411969151347
10.799999999999978,-0.6532178797960755,546.5814114948392,330.4390923157303,-0.1745,53.49369984345714,-3.51027626315319,0.165,1.590659632203504,6.089411969151347
10.899999999999977,-0.6545874922212408,551.9365496750179,330.0874555851448,-0.1745,53.609063760115504,-3.522458348556342,0.495,1.590659632203504,6.089411969151347
10.999999999999977,-0.6560406254697524,557.3015974151896,329.73498130564826,-0.1745,53.69189104331722,-3.527027241375389,0.165,1.590659632203504,6.089411969151347
11.099999999999977,-0.6575537466091969,562.6749188508417,329.3820613916756,-0.1745,53.774537669724246,-3.5313710380772148,0.165,1.590659632203504,6.089411969151347
11.199999999999976,-0.6591096887518128,568.0564954821705,329.0287152282677,-0.1745,53.856994956851835,-3.535552230081213,0.165,1.590659632203504,6.089411969151347
11.299999999999976,-0.6606959465434672,573.4463080555413,328.6749567904644,-0.1745,53.93925651056365,-3.539616525983983,0.165,1.590659632203504,6.089411969151347
11.399999999999975,-0.6623034259520402,578.8443367619919,328.32079609793414,-0.1745,54.02131761845036,-3.543597324622069,0.165,1.590659632203504,6.089411969151347
11.499999999999975,-0.6639255278235107,584.2505613831055,327.96624028163194,-0.1745,54.10317480382156,-3.547519001421354,0.165,1.590659632203504,6.089411969151347
11.599999999999975,-0.6655574765003647,589.6649613981942,327.6112943654902,-0.1745,54.18482549795318,-3.551399321413286,0.165,1.590659632203504,6.089411969151347
11.699999999999974,-0.6671958282622612,595.08751606306,327.2559618389224,-0.1745,54.26626779936204,-3.5552512099422007,0.165,1.590659632203504,6.089411969151347
11.799999999999974,-0.6688381116374218,600.5182044678827,326.9002450758621,-0.1745,54.347500297093276,-3.5590840512644095,0.165,1.590659632203504,6.089411969151347
11.899999999999974,-0.6704825643623082,605.9570055797907,326.5441456412814,-0.1745,54.42852194106745,-3.5629046403499736,0.165,1.590659632203504,6.089411969151347
11.999999999999973,-0.6721279411330272,611.4038982741943,326.18766451525937,-0.1745,54.50933194700505,-3.5667178800902004,0.165,1.590659632203504,6.089411969151347
12.099999999999973,-0.6737733731788822,616.8588613578817,325.8308022566693,-0.1745,54.58992972674266,-3.5705272917115285,0.165,1.590659632203504,6.089411969151347
12.199999999999973,-0.6754182657494137,622.321873586078,325.4735591226726,-0.1745,54.67031483718473,-3.5743353882219813,0.165,1.590659632203504,6.089411969151347
12.299999999999972,-0.6770622233230633,627.7929136750835,325.11593515588726,-0.1745,54.750486942924624,-3.578143947484902,0.165,1.590659632203504,6.089411969151347
12.399999999999972,-0.6787049950735966,633.271960311674,324.757930247924,-0.1745,54.830445788886315,-3.5819542117807357,0.165,1.590659632203504,6.089411969151347
12.499999999999972,-0.6803464351314124,638.7589921601336,324.3995441856569,-0.1745,54.910191180307805,-3.5857670335610154,0.165,1.590659632203504,6.089411969151347
12.599999999999971,-0.6819864736438077,644.2539878675541,324.04077668488685,-0.1745,54.989722968100324,-3.589582981840276,0.165,1.590659632203504,6.089411969151347
12.69999999999997,-0.6836250957129392,649.7569260678662,323.6816274148043,-0.1745,55.06904103814157,-3.5934024198102072,0.165,1.590659632203504,6.089411969151347
12.79999999999997,-0.685262326077182,655.2677853849456,323.3220960157425,-0.1745,55.148145303446256,-3.597225561426554,0.165,1.590659632203504,6.089411969151347
12.89999999999997,-0.6868982179773936,660.7865444350399,322.9621821120391,-0.1745,55.227035698439856,-3.6010525126407824,0.165,1.590659632203504,6.089411969151347
12.99999999999997,-0.6885328450707517,666.3131818287003,322.6018853213358,-0.1745,55.305712174768836,-3.604883301425069,0.165,1.590659632203504,6.089411969151347
13.09999999999997,-0.6901662955626511,671.8476761723504,322.2412052612834,-0.1745,55.38417469823274,-3.6087178996230596,0.165,1.590659632203504,6.089411969151347
13.199999999999969,-0.6917986679519847,677.3900060695887,321.8801415543602,-0.1745,55.46242324653495,-3.6125562388417323,0.165,1.590659632203504,6.089411969151347
13.299999999999969,-0.6934300679493179,682.9401501222969,321.518693831318,-0.1745,55.54045780763046,-3.6163982220018345,0.165,1.590659632203504,6.089411969151347
13.399999999999968,-0.6950606062472195,688.4980869316039,321.15686173363156,-0.1745,55.61827837850901,-3.620243731727121,0.165,1.590659632203504,6.089411969151347
13.499999999999968,-0.696690396909368,694.0637950987441,320.79464491522356,-0.1745,55.695884964295246,-3.624092636433113,0.165,1.590659632203504,6.089411969151347
13.599999999999968,-0.6957226644799821,699.6372532258379,320.43204304366475,-0.1745,55.773277577579854,-3.6279447947427053,0.165,1.590659632203504,6.089411969151347
13.699999999999967,-0.698178454029787,705.2217144214002,320.068478528616,-0.1745,55.915946333665815,-3.64334550623221,0.8300000000000001,1.590659632203504,6.089411969151347
13.799999999999967,-0.7003991844347437,710.8171642590204,319.7040667898924,-0.1745,55.99305041873836,-3.644889268240291,0.165,1.590659632203504,6.089411969151347
13.899999999999967,-0.702451042938411,716.420309255524,319.3394679432488,-0.1745,56.06984951133378,-3.6470876646322186,0.165,1.590659632203504,6.089411969151347
13.999999999999966,-0.7043816847696954,722.0311201887006,318.9746256746777,-0.1745,56.14636915219714,-3.6497577067889466,0.165,1.590659632203504,6.089411969151347
14.099999999999966,-0.7049451946739658,727.6495700353867,318.6094994144237,-0.1745,56.2226277815237,-3.6527674982920453,0.165,1.590659632203504,6.089411969151347
14.199999999999966,-0.7071339260614138,733.2772583022548,318.2437734731083,-0.1745,56.331137555840755,-3.6617513280154554,0.495,1.590659632203504,6.089411969151347
14.299999999999965,-0.7091618491310823,738.9141641192219,317.87748421492836,-0.1745,56.40697878350039,-3.6640338355835693,0.165,1.590659632203504,6.089411969151347
14.399999999999965,-0.7110747591310501,744.5586402166205,317.51094406922795,-0.1745,56.48254316446903,-3.6667690784242173,0.165,1.590659632203504,6.089411969151347
14.499999999999964,-0.7129055431574729,750.2106598056452,317.1441141396937,-0.1745,56.557848616023755,-3.6698295122599154,0.165,1.590659632203504,6.089411969151347
14.599999999999964,-0.7146778152107789,755.8701976388674,316.7769664909749,-0.1745,56.63290804842133,-3.6731234621162607,0.165,1.590659632203504,6.089411969151347
14.699999999999964,-0.7164085309914214,761.5372295796586,316.4094810649506,-0.1745,56.70773076740346,-3.676585058370039,0.165,1.590659632203504,6.089411969151347
14.799999999999963,-0.7181098678366857,767.2117322923212,316.041643462693,-0.1745,56.78232348584827,-3.6801669867828726,0.165,1.590659632203504,6.089411969151347
14.899999999999963,-0.7197905756235854,772.8936830192632,315.67344334993214,-0.1745,56.856691052990335,-3.683835268434289,0.165,1.590659632203504,6.089411969151347
14.999999999999963,-0.7214569470066443,778.5830594208985,315.30487331135055,-0.1745,56.93083697971531,-3.6875655031973236,0.165,1.590659632203504,6.089411969151347
15.099999999999962,-0.7231135138905289,784.2798394607203,314.93592802779733,-0.1745,57.0047638167192,-3.691340167866676,0.165,1.590659632203504,6.089411969151347
15.199999999999962,-0.7247635471205316,789.9840013228851,314.5666036857098,-0.1745,57.07847342657835,-3.695146673883978,0.165,1.590659632203504,6.089411969151347
15.299999999999962,-0.726409414800985,795.6955233531827,314.19689755342273,-0.1745,57.1519671793747,-3.6989759718584065,0.165,1.590659632203504,6.089411969151347
15.399999999999961,-1.364464658130925,801.414384016815,313.82680767735553,-0.1745,57.225246093270954,-3.7028215494855554,0.165,1.590659632203504,6.089411969151347
15.499999999999961,-1.184454126869168,807.134868543753,313.5478236205588,-0.06225,57.184444445488786,-1.8768595864494215,0.165,1.590659632203504,6.089411969151347
15.59999999999996,-1.05614474506795,812.8531030123409,313.33403989505433,-0.1745,57.18024492626957,-2.398814923640357,0.165,1.590659632203504,6.089411969151347
15.69999999999996,-0.9649701303020275,818.5720682427643,313.075437142067,-0.1745,57.199059682199255,-2.7732401361055423,0.165,1.590659632203504,6.089411969151347
15.79999999999996,-0.9004068986452607,824.2937127049659,312.78468117154864,-0.1745,57.23382956183248,-3.0418792742625396,0.165,1.590659632203504,6.089411969151347
15.89999999999996,-0.8548790544295268,830.019390185844,312.47084949168794,-0.1745,57.279720055730614,-3.2347543229518423,0.165,1.590659632203504,6.089411969151347
15.99999999999996,-0.8229474713044759,835.7500452695339,312.140440261276,-0.1745,57.33338161806666,-3.373430285286213,0.165,1.590659632203504,6.089411969151347
16.09999999999996,-0.8007156109652064,841.4863380488144,311.79809997586557,-0.1745,57.39247396754431,-3.4733754229229983,0.165,1.590659632203504,6.089411969151347
16.19999999999996,-0.7853968203971711,847.228729354343,311.4471477164903,-0.1745,57.45535214302828,-3.5456697645825774,0.165,1.590659632203504,6.089411969151347
16.29999999999996,-1.4136784435751648,852.9775397135285,311.08995221255896,-0.1745,57.52085504068051,-3.5982403140436627,0.165,1.590659632203504,6.089411969151347
16.399999999999963,-1.2236694189899149,858.7309484373146,310.82034284931115,-0.06225,57.54731943504322,-1.7939469509123316,0.8300000000000001,1.590659632203504,6.089411969151347
16.499999999999964,-1.0885254549624666,864.4851524153081,310.6132399422222,-0.1745,57.536760124825854,-2.348111190866603,0.165,1.590659632203504,6.089411969151347
16.599999999999966,-0.9927036867687336,870.239540595616,310.3586027091228,-0.1745,57.55100348133014,-2.744633471121321,0.165,1.590659632203504,6.089411969151347
16.699999999999967,-0.9249981151642122,875.9962097270419,310.06995137082237,-0.1745,57.582379147188,-3.028393294887506,0.165,1.590659632203504,6.089411969151347
16.79999999999997,-0.8773585872341867,881.7566116281475,309.75695241344994,-0.1745,57.62565887492534,-3.2315858525607686,0.165,1.590659632203504,6.089411969151347
16.89999999999997,-0.8440184147313599,887.5217563226494,309.42650907529645,-0.1745,57.67723501511017,-3.3772809105093837,0.165,1.590659632203504,6.089411969151347
16.99999999999997,-0.8208558365360032,893.2923478713922,309.0835457148383,-0.1745,57.73459595974592,-3.4819862986537884,0.165,1.590659632203504,6.089411969151347
17.099999999999973,-0.8049299875021955,899.0688767706637,308.7315714851175,-0.1745,57.795982025683855,-3.557498295761474,0.165,1.590659632203504,6.089411969151347
17.199999999999974,-0.7941455327328167,904.8516836141215,308.373084769704,-0.1745,57.86015484347324,-3.6122360125088537,0.165,1.590659632203504,6.089411969151347
17.299999999999976,-0.7870113008463719,910.6410033687316,308.0098628807281,-0.1745,57.926240248728234,-3.652201767009167,0.165,1.590659632203504,6.089411969151347
17.399999999999977,-0.7824671190660946,916.4369963767992,307.6431692516294,-0.1745,57.993619912624624,-3.6816708149652193,0.165,1.590659632203504,6.089411969151347
17.49999999999998,-0.7797598796049526,922.2397701676333,307.2739014236332,-0.1745,58.06185590405754,-3.703685744958574,0.165,1.590659632203504,6.089411969151347
17.59999999999998,-0.7783550075787954,928.0493948542065,306.9026966229861,-0.1745,58.13063782740658,-3.720410267982967,0.165,1.590659632203504,6.089411969151347
17.69999999999998,-0.7778733122257029,933.8659140258675,306.5300070078675,-0.1745,58.19974560581333,-3.73338203438994,0.165,1.590659632203504,6.089411969151347
17.799999999999983,-0.778045998115634,939.6893524658651,306.1561532519957,-0.1745,58.26902319413924,-3.743693083045495,0.165,1.590659632203504,6.089411969151347
17.899999999999984,-0.7786826462544174,945.5197216241278,305.7813626724233,-0.1745,58.338359971114315,-3.7521185084028463,0.165,1.590659632203504,6.089411969151347
17.999999999999986,-0.779648445624743,951.3570235001168,305.4057963407454,-0.1745,58.407677548667905,-3.759208125155617,0.165,1.590659632203504,6.089411969151347
18.099999999999987,-0.7808480149647381,957.2012533982156,305.02956834841893,-0.1745,58.476920413307916,-3.7653517213736327,0.165,1.590659632203504,6.089411969151347
18.19999999999999,-0.7822139151613658,963.0524018830419,304.6527594884662,-0.1745,58.546049283217464,-3.770825477681111,0.165,1.590659632203504,6.089411969151347
18.29999999999999,-0.7836984974668146,968.9104561668114,304.2754269662228,-0.1745,58.61503639217306,-3.7758249671860886,0.165,1.590659632203504,6.089411969151347
18.39999999999999,-0.7852681223221247,974.775401093494,303.89761128780054,-0.1745,58.68386214147802,-3.7804886012591905,0.165,1.590659632203504,6.089411969151347
18.499999999999993,-0.7868990617354923,980.6472198367421,303.5193411438565,-0.1745,58.75251272348388,-3.7849142776223066,0.165,1.590659632203504,6.089411969151347
18.599999999999994,-0.7885745965440369,986.5258943946766,303.1406368702255,-0.1745,58.82097843520474,-3.78917119499773,0.165,1.590659632203504,6.089411969151347
18.699999999999996,-0.7902829612320367,992.4114059405388,302.76151289882375,-0.1745,58.889252482038785,-3.79330823303638,0.165,1.590659632203504,6.089411969151347
18.799999999999997,-0.7920158895998786,998.3037350711152,302.38197949252805,-0.1745,58.95733012948932,-3.797359892877856,0.165,1.590659632203504,6.089411969151347
18.9,-0.7937675861555288,1004.2028619826849,302.00204397257346,-0.1745,59.02520810190566,-3.8013505062141317,0.165,1.590659632203504,6.089411969151347
19.0,-0.7955339989829391,1010.1087665956053,301.6217115864637,-0.1745,59.09288415650099,-3.8052972159819527,0.165,1.590659632203504,6.089411969151347
19.1,-0.7960890968649292,1016.0214286425148,301.24098612136055,-0.1745,59.16035678168933,-3.8092120860802714,0.165,1.590659632203504,6.089411969151347
19.200000000000003,-0.798264436885012,1021.9424526730025,300.8595838713723,-0.1745,59.26012382806552,-3.8188329136849455,0.495,1.590659632203504,6.089411969151347
19.300000000000004,-0.8003324470679557,1027.8718213875463,300.4775643085772,-0.1745,59.327250462811804,-3.821558342216945,0.165,1.590659632203504,6.089411969151347
19.400000000000006,-0.8023267844689721,1033.807890038756,300.09525576934954,-0.1745,59.39412256138426,-3.8246124423363583,0.165,1.590659632203504,6.089411969151347
19.500000000000007,-0.8553673503874591,1039.750633894922,299.7126303253379,-0.1745,59.46075456193399,-3.827896437896836,0.165,1.5786151208553587,6.59722216696028
19.60000000000001,-0.8930384203289905,1045.7010900181533,299.33722926965197,-0.1745,59.548367902694,-3.6801246758217356,0.165,1.5786151208553587,6.59722216696028
19.70000000000001,-0.9199675609372876,1051.6599785277672,298.9743307004487,-0.1745,59.629402289582345,-3.577846708243185,0.165,1.5786151208553587,6.59722216696028
19.80000000000001,-1.6050715302377647,1057.6267349093102,298.62006719392656,-0.1745,59.705725341278146,-3.507423422200174,0.165,1.5786151208553587,6.59722216696028
19.900000000000013,-1.4215996408011389,1063.5967152357632,298.37139350495556,-0.06225,59.693881187780796,-1.4660503572199328,0.495,1.5786151208553587,6.59722216696028
20.000000000000014,-1.2932382139094227,1069.5651766759772,298.19694264928563,-0.1745,59.675347616498826,-2.022966756178477,0.165,1.5786151208553587,6.59722216696028
20.100000000000016,-1.2037625423344078,1075.533091373624,297.975028381151,-0.1745,59.68294633643743,-2.415318606514394,0.165,1.5786151208553587,6.59722216696028
20.200000000000017,-1.141662203065364,1081.5026555493052,297.71967163119086,-0.1745,59.708337177186344,-2.691816392687835,0.165,1.5786151208553587,6.59722216696028
20.30000000000002,-1.098799853258166,1087.4753681010009,297.4407389306778,-0.1745,59.74591385672709,-2.8868376175735264,0.165,1.5786151208553587,6.59722216696028
20.40000000000002,-1.0694383893128199,1093.4522568466866,297.1451660798762,-0.1745,59.79186105699024,-3.024619398458575,0.165,1.5786151208553587,6.59722216696028
20.50000000000002,-1.0495414655381172,1099.434027870149,296.8378237172117,-0.1745,59.84355941226039,-3.122227854832359,0.165,1.5786151208553587,6.59722216696028
20.600000000000023,-1.0336128320203184,1105.4211658176055,296.5221290775869,-0.1745,59.89919953686598,-3.191664937663369,0.165,1.5786151208553587,6.59722216696028
20.700000000000024,-1.025757277976447,1111.417276612135,296.1999004670211,-0.1745,60.023016353724145,-3.2529072736522835,0.8300000000000001,1.5786151208553587,6.59722216696028
20.800000000000026,-1.020919150479296,1117.4225912816435,295.87293008302174,-0.1745,60.08327703644341,-3.28650040633449,0.165,1.5786151208553587,6.59722216696028
20.900000000000027,-1.0181909591901581,1123.4339873536653,295.54305028600794,-0.1745,60.14464440399538,-3.3110955339420918,0.165,1.5786151208553587,6.59722216696028
21.00000000000003,-1.016938202585602,1129.4515557325144,295.211025518347,-0.1745,60.20672317298665,-3.3293998192759218,0.165,1.5786151208553587,6.59722216696028
21.10000000000003,-1.0167175502254042,1135.4753537641907,294.87739013250695,-0.1745,60.26923746053855,-3.343307897525956,0.165,1.5786151208553587,6.59722216696028
21.20000000000003,-1.017219440472719,1141.5054153717526,294.5425174902601,-0.1745,60.331994690698856,-3.35414494741185,0.165,1.5786151208553587,6.59722216696028
21.300000000000033,-1.0182278490885868,1147.5417581292395,294.20666837678596,-0.1745,60.39486045903882,-3.362837322070254,0.165,1.5786151208553587,6.59722216696028
21.400000000000034,-1.019592116571795,1153.5843882021238,293.8700248992998,-0.1745,60.45774099864624,-3.3700322276531214,0.165,1.5786151208553587,6.59722216696028
21.500000000000036,-1.0212072344711416,1159.633303798847,293.5327142077794,-0.1745,60.52057093581894,-3.3761816027543903,0.165,1.5786151208553587,6.59722216696028
21.600000000000037,-1.023000059936138,1165.688497582366,293.194825084223,-0.1745,60.58330473456023,-3.3816008683739045,0.165,1.5786151208553587,6.59722216696028
21.70000000000004,-1.1729586564338998,1171.7499583549406,292.8564195382019,-0.1745,60.64591071693585,-3.3865100520475337,0.165,1.5786151208553587,6.59722216696028
21.80000000000004,-1.1298994183336417,1177.822316446142,292.53981996437085,-0.1495,60.80125110708883,-2.945481424573404,0.8300000000000001,1.5786151208553587,6.59722216696028
21.90000000000004,-1.7775754892822366,1183.9045389713801,292.23821371763273,-0.1745,60.84319939767406,-3.0866435101888223,0.165,1.5786151208553587,6.59722216696028
22.000000000000043,-1.5541721635987107,1189.9884295343438,292.0277070111826,-0.06225,60.834611861600884,-1.1234906188137512,0.495,1.5786151208553587,6.59722216696028
22.100000000000044,-1.398913805673876,1196.0696692101449,291.8808616598352,-0.1745,60.79018165441954,-1.813416408134418,0.165,1.5786151208553587,6.59722216696028
22.200000000000045,-1.2914173670225004,1202.1481634273457,291.6754147656682,-0.1745,60.779702689595084,-2.295521475204754,0.165,1.5786151208553587,6.59722216696028
22.300000000000047,-1.2173116046698724,1208.2267508528846,291.42901585315826,-0.1745,60.79204582118471,-2.632456774993983,0.165,1.5786151208553587,6.59722216696028
22.40000000000005,-1.1665035451158696,1214.3073458866465,291.1539892968235,-0.1745,60.81985485405438,-2.86807435170082,0.165,1.5786151208553587,6.59722216696028
22.50000000000005,-1.1319264231728845,1220.3912483015254,290.85893300060343,-0.1745,60.85819344352294,-3.0330515727006273,0.165,1.5786151208553587,6.59722216696028
22.60000000000005,-1.1086439119287193,1226.479343640888,290.5498391648266,-0.1745,60.9037133437289,-3.1488251428356904,0.165,1.5786151208553587,6.59722216696028
22.700000000000053,-1.0932140892887787,1232.5722356258307,290.2308800881655,-0.1745,60.95412635512677,-3.2303563903864543,0.165,1.5786151208553587,6.59722216696028
22.800000000000054,-1.0832404259194557,1238.6703349731563,289.9049584917965,-0.1745,61.00786059138432,-3.288075536994187,0.165,1.5786151208553587,6.59722216696028
22.900000000000055,-1.077056166504051,1244.7739196254017,289.57409237608977,-0.1745,61.063832453524796,-3.3292467771405345,0.165,1.5786151208553587,6.59722216696028
23.000000000000057,-1.0735031867222413,1250.8831759096877,289.2396837890113,-0.1745,61.12129323219292,-3.3589249644295722,0.165,1.5786151208553587,6.59722216696028
23.10000000000006,-1.071777417930219,1256.9982268145943,288.90270629461327,-0.1745,61.179724865941,-3.380624923531184,0.165,1.5786151208553587,6.59722216696028
23.20000000000006,-1.0713209983074645,1263.1191514876443,288.56383559798587,-0.1745,61.23876859505901,-3.396789009017279,0.165,1.5786151208553587,6.59722216696028
23.30000000000006,-1.0717471316379499,1269.2459987117504,288.2235404817106,-0.1745,61.29817588706447,-3.4091133164889813,0.165,1.5786151208553587,6.59722216696028
23.400000000000063,-1.072787793020966,1275.3787962344743,287.8821460639469,-0.1745,61.35777456741465,-3.4187750387850504,0.165,1.5786151208553587,6.59722216696028
23.500000000000064,-1.0742573681950192,1281.5175572324476,287.5398777727861,-0.1745,61.41744539205256,-3.4265907844309185,0.165,1.5786151208553587,6.59722216696028
23.600000000000065,-1.076027391229303,1287.6622847930278,287.19689189665434,-0.1745,61.47710581954869,-3.4331267382042547,0.165,1.5786151208553587,6.59722216696028
23.700000000000067,-1.0780090048864572,1293.8129750220419,286.85329679668035,-0.1745,61.53669876073512,-3.4387752612758495,0.165,1.5786151208553587,6.59722216696028
23.800000000000068,-1.0801407902262279,1299.9696191988583,286.5091676274751,-0.1745,61.59618477559067,-3.443808122829264,0.165,1.5786151208553587,6.59722216696028
23.90000000000007,-1.0823803265294643,1306.132205270646,286.16455654775854,-0.1745,61.65553666016174,-3.4484134715017754,0.165,1.5786151208553587,6.59722216696028
24.00000000000007,-1.084698341240078,1312.3007188882314,285.8194997991864,-0.1745,61.714735691545265,-3.4527214999408864,0.165,1.5786151208553587,6.59722216696028
24.100000000000072,-1.0870746571531615,1318.4751441239816,285.47402261161744,-0.1745,61.77376902345969,-3.456822251438724,0.165,1.5786151208553587,6.59722216696028
24.200000000000074,-1.0894953860614396,1324.6554639691692,285.1281426006189,-0.1745,61.8326278802925,-3.460777968532131,0.165,1.5786151208553587,6.59722216696028
24.300000000000075,-1.091950986425101,1330.8416606784444,284.781872119569,-0.1745,61.891306305211074,-3.4646316524655365,0.165,1.5786151208553587,6.59722216696028
24.400000000000077,-1.0944349196726928,1337.0337160083377,284.43521988727446,-0.1745,61.94980029265631,-3.4684129934256855,0.165,1.5786151208553587,6.59722216696028
24.500000000000078,-1.0969427210598586,1343.2316113823417,284.0881921137394,-0.1745,62.00810718742572,-3.472142477275399,0.165,1.5786151208553587,6.59722216696028
24.60000000000008,-1.0994713574788832,1349.4353280051423,283.74079327846573,-0.1745,62.066225268587345,-3.475834228197876,0.165,1.5786151208553587,6.59722216696028
24.70000000000008,-1.7949538022565394,1355.6448469416462,283.393026668283,-0.1745,62.12415346149178,-3.479497975456576,0.165,1.5786151208553587,6.59722216696028
24.800000000000082,-2.952303442140031,1361.8549791676512,283.1527670824913,-0.06225,62.078491058607575,-1.3256937403779059,0.165,1.5786151208553587,6.59722216696028
24.900000000000084,-3.065643183065138,1368.032993729187,283.1979028131884,0.04999999999999999,61.48180017210892,2.2284083543197735,0.495,1.5786151208553587,6.59722216696028
25.000000000000085,-2.4855279560986654,1374.17924146197,283.4369952048215,-0.06225,61.44315448354964,2.553439478342147,0.165,1.5786151208553587,6.59722216696028
25.100000000000087,-2.079036008234063,1380.3109356859409,283.60197628317275,-0.1745,61.19072999587082,0.7461820886819841,0.165,1.5786151208553587,6.59722216696028
25.200000000000088,-1.7953040427632434,1386.4227329173889,283.6136285178311,-0.1745,61.04521463308979,-0.5131373955147205,0.165,1.5786151208553587,6.59722216696028
25.30000000000009,-1.5980094690049889,1392.5233980406008,283.5183772545352,-0.1745,60.96808783114943,-1.3918878704028574,0.165,1.5786151208553587,6.59722216696028
25.40000000000009,-1.4599022756134659,1398.6185914075581,283.3485209562154,-0.1745,60.93577950799932,-2.005238095993197,0.165,1.5786151208553587,6.59722216696028
25.500000000000092,-1.366038184395793,1404.7136718650845,283.12630461275046,-0.1745,60.96582964252923,-2.43908877330572,0.495,1.5786151208553587,6.59722216696028
25.600000000000094,-1.3016753115791746,1410.811139951849,282.8674994528481,-0.1745,60.98353209276163,-2.737014424741874,0.165,1.5786151208553587,6.59722216696028
25.700000000000095,-1.2578578249324448,1416.911058443221,282.5833914712625,-0.1745,61.0148377346769,-2.9451452069713273,0.165,1.5786151208553587,6.59722216696028
25.800000000000097,-1.9071791752615563,1423.0145703996247,282.281595378896,-0.1745,61.05540139339723,-3.090776640358799,0.165,1.5786151208553587,6.59722216696028
25.900000000000098,-1.6825062379593754,1429.121344777267,282.07114000657174,-0.06225,61.080086159449344,-1.118330806126278,0.8300000000000001,1.5786151208553587,6.59722216696028
26.0000000000001,-1.5268012487195586,1435.2270141220351,281.92437535993355,-0.1745,61.033300735912405,-1.8169621266377955,0.165,1.5786151208553587,6.59722216696028
26.1000000000001,-1.4193520706872724,1441.3297348420438,281.71831354599556,-0.1745,61.021113664261776,-2.304274152121557,0.165,1.5786151208553587,6.59722216696028
26.200000000000102,-1.3455812960767666,1447.4323974057054,281.4708878902434,-0.1745,61.03213760897101,-2.6442389629221825,0.165,1.5786151208553587,6.59722216696028
26.300000000000104,-1.2952693153656403,1453.536947389062,281.19459845513273,-0.1745,61.05886205816211,-2.8815497392907505,0.165,1.5786151208553587,6.59722216696028
26.400000000000105,-1.2612733900735558,1459.6447033491527,280.89815020665736,-0.1745,61.096257143651016,-3.0474152302172057,0.165,1.5786151208553587,6.59722216696028
26.500000000000107,-1.2386129651932631,1465.756562086105,280.5875992394494,-0.1745,61.140917595396644,-3.163604113942463,0.165,1.5786151208553587,6.59722216696028
26.600000000000108,-1.2238214211771523,1471.873133989053,280.26715492408914,-0.1745,61.19052046356208,-3.24528219326298,0.165,1.5786151208553587,6.59722216696028
26.70000000000011,-1.2144892904536246,1477.9948336534276,279.93974064450254,-0.1745,61.24347282392751,-3.3030033984691403,0.165,1.5786151208553587,6.59722216696028
26.80000000000011,-1.208943768791168,1484.1219412197563,279.6073852222415,-0.1745,61.29867850264733,-3.3441050467524187,0.165,1.5786151208553587,6.59722216696028
26.900000000000112,-1.2060245713572229,1490.2546442160806,279.2714957768598,-0.1745,61.35538142383676,-3.3736838608814694,0.165,1.5786151208553587,6.59722216696028
27.000000000000114,-1.2049275444517042,1496.3930662542627,278.93304770638935,-0.1745,61.4130593398083,-3.3952775485279916,0.165,1.5786151208553587,6.59722216696028
27.100000000000115,-1.2050957484928757,1502.5372867823191,278.5927168259208,-0.1745,61.47135122131843,-3.4113400608436386,0.165,1.5786151208553587,6.59722216696028
27.200000000000117,-1.2061437084719149,1508.6873547133519,278.2509711941633,-0.1745,61.53000739933488,-3.4235725743057577,0.165,1.5786151208553587,6.59722216696028
27.300000000000118,-1.2078047901148448,1514.8432978440123,277.9081348776305,-0.1745,61.58885521387428,-3.4331537563498022,0.165,1.5786151208553587,6.59722216696028
27.40000000000012,-1.2098946748178747,1521.0051293694137,277.5644321986822,-0.1745,61.64777529415344,-3.4408998226167595,0.165,1.5786151208553587,6.59722216696028
27.50000000000012,-1.2122860278082888,1527.1728523919514,277.22001842210165,-0.1745,61.706685156599434,-3.4473757089946746,0.165,1.5786151208553587,6.59722216696028
27.600000000000122,-1.214890941060453,1533.3464630424555,276.8750010247508,-0.1745,61.76552785348442,-3.4529722380221592,0.165,1.5786151208553587,6.59722216696028
27.700000000000124,-1.2176487720599838,1539.525952640802,276.5294544303825,-0.1745,61.824264113444926,-3.4579596493443203,0.165,1.5786151208553587,6.59722216696028
27.800000000000125,-1.2205177247478807,1545.7113091914139,276.183430212249,-0.1745,61.88286689879111,-3.462524713325248,0.165,1.5786151208553587,6.59722216696028
27.900000000000126,-1.2234690241459147,1551.9025184181796,275.836964154125,-0.1745,61.9413176365232,-3.46679644915513,0.165,1.5786151208553587,6.59722216696028
28.000000000000128,-1.9172031627274877,1558.099564480444,275.4900811347931,-0.1745,61.9996036087664,-3.470863937481942,0.165,1.5786151208553587,6.59722216696028
28.10000000000013,-1.708155895185295,1564.3005676052985,275.25003057731556,-0.06225,62.020458888323944,-1.3301472120696394,0.8300000000000001,1.5786151208553587,6.59722216696028
28.20000000000013,-1.5645343568494368,1570.500401054494,275.0839086948902,-0.1745,61.97621009558469,-1.9922904364368574,0.165,1.5786151208553587,6.59722216696028
28.300000000000132,-1.4663428461292318,1576.6974693974864,274.8617487673602,-0.1745,61.96515676426468,-2.450908114163711,0.165,1.5786151208553587,6.59722216696028
28.400000000000134,-1.399622690756722,1582.8945404245749,274.60077127214726,-0.1745,61.97626377750272,-2.7686417900959546,0.165,1.5786151208553587,6.59722216696028
28.500000000000135,-1.3546651705350055,1589.0934675411977,274.31289237417826,-0.1745,62.00227855495518,-2.9889361692836167,0.165,1.5786151208553587,6.59722216696028
28.600000000000136,-1.3247366028662857,1595.2954997029417,274.00635038242655,-0.1745,62.0383646799237,-3.141903665751129,0.165,1.5786151208553587,6.59722216696028
28.700000000000138,-1.9960340543664856,1601.5014811303852,273.6868355498492,-0.1745,62.08126386894612,-3.2483929857961593,0.165,1.5786151208553587,6.59722216696028
28.80000000000014,-1.771555790128713,1607.7107445571316,273.4656113812755,-0.06225,62.10400466598404,-1.1760903856776248,0.8300000000000001,1.5786151208553587,6.59722216696028
28.90000000000014,-1.6173280858019328,1613.9185056396977,273.31242141366727,-0.1745,62.05121698533968,-1.8877089664872846,0.165,1.5786151208553587,6.59722216696028
29.000000000000142,-1.511881300119702,1620.1227893477378,273.0990195032374,-0.1745,62.034457175462535,-2.3803292421095437,0.165,1.5786151208553587,6.59722216696028
29.100000000000144,-1.4402237519423433,1626.3265966783356,272.8439322282844,-0.1745,62.04168943649327,-2.7214162569500973,0.165,1.5786151208553587,6.59722216696028
29.200000000000145,-1.3919271758458083,1632.5319328808232,272.5599746980889,-0.1745,62.065034613257744,-2.957734346959468,0.165,1.5786151208553587,6.59722216696028
29.300000000000146,-1.359759140895268,1638.7401472992128,272.2560037167617,-0.1745,62.099253754535205,-3.121685279584398,0.165,1.5786151208553587,6.59722216696028
29.400000000000148,-1.3387150369435021,1644.9521512402673,271.9381346550477,-0.1745,62.14082506655265,-3.235695954696049,0.165,1.5786151208553587,6.59722216696028
29.50000000000015,-1.3253378615835736,1651.1685606450014,271.61058628931863,-0.1745,62.18736302812854,-3.3152713598854606,0.165,1.5786151208553587,6.59722216696028
29.60000000000015,-1.314695947815809,1657.3897909652649,271.27626674231993,-0.1745,62.23724337714189,-3.3711195800888962,0.165,1.5786151208553587,6.59722216696028
29.700000000000152,-1.310984161500222,1663.619395455638,270.936602042537,-0.1745,62.35484643032056,-3.422174415569215,0.8300000000000001,1.5786151208553587,6.59722216696028
29.800000000000153,-1.309549497385396,1669.857565117913,270.5930861965745,-0.1745,62.408546815184046,-3.448142503679935,0.165,1.5786151208553587,6.59722216696028
29.900000000000155,-1.3096850522728354,1676.1011471731074,270.2473248742821,-0.1745,62.46309428870296,-3.4670839421683297,0.165,1.5786151208553587,6.59722216696028
30.000000000000156,-1.3109051162573633,1682.3502100761305,269.8999108963323,-0.1745,62.51816377175702,-3.4811956168284692,0.165,1.5786151208553587,6.59722216696028
30.100000000000158,-2.010967577570029,1688.6047948737937,269.55125169304864,-0.1745,62.573532181506515,-3.491988448844735,0.165,1.5786151208553587,6.59722216696028
30.20000000000016,-1.797585745573306,1694.85984666403,269.3110557757458,-0.06225,62.52750362322027,-1.3119298972120093,0.165,1.5786151208553587,6.59722216696028
30.30000000000016,-1.6516429148528289,1701.1101176593718,269.14572436973884,-0.1745,62.47791628361498,-1.9946982229269539,0.165,1.5786151208553587,6.59722216696028
30.400000000000162,-1.5523607908222616,1707.3571642080615,268.92269807745913,-0.1745,62.463014690180266,-2.4658276226674003,0.165,1.5786151208553587,6.59722216696028
30.500000000000163,-1.4852871234654752,1713.6038734731255,268.65985643798336,-0.1745,62.47117061110184,-2.7910051668474574,0.165,1.5786151208553587,6.59722216696028
30.600000000000165,-1.4404065804513682,1719.8521708849107,268.36952559625735,-0.1745,62.49477762460242,-3.015611667673332,0.165,1.5786151208553587,6.59722216696028
30.700000000000166,-1.4107982343879821,1726.1033490187956,268.0601958762568,-0.1745,62.52878505309422,-3.1709827323374955,0.165,1.5786151208553587,6.59722216696028
30.800000000000168,-1.544356517613179,1732.358278467019,267.73771009269444,-0.1745,62.569803911376965,-3.2787329389088042,0.165,1.5786151208553587,6.59722216696028
30.90000000000017,-1.484688363391352,1738.6225349869042,267.4297793456309,-0.1495,62.71532648632309,-2.879882002362163,0.8300000000000001,1.5786151208553587,6.59722216696028
31.00000000000017,-1.445011924978524,1744.8953724264256,267.13166404022496,-0.1745,62.74142230410743,-3.0824241057558956,0.165,1.5786151208553587,6.59722216696028
31.100000000000172,-1.41906466934138,1751.1712876693693,266.8164246210364,-0.1745,62.776882554766324,-3.2223642780151014,0.165,1.5786151208553587,6.59722216696028
31.200000000000173,-1.402538340791054,1757.4510640447938,266.4893397482649,-0.1745,62.81864495372343,-3.319333177414769,0.165,1.5786151208553587,6.59722216696028
31.300000000000175,-1.3924736419566726,1763.7352282975721,266.15403170057255,-0.1745,62.86464010184289,-3.386827776432714,0.165,1.5786151208553587,6.59722216696028
31.400000000000176,-1.3855925956789261,1770.024133473098,265.8129843722186,-0.1745,62.913463408674225,-3.43411879064656,0.165,1.5786151208553587,6.59722216696028
31.500000000000178,-1.3833649030903366,1776.3196395236928,265.4676135348086,-0.1745,62.99665760322321,-3.4732979575526466,0.495,1.5786151208553587,6.59722216696028
31.60000000000018,-1.3806143995861215,1782.621903867249,265.11914227505576,-0.1745,63.04862926790458,-3.496127237504552,0.165,1.5786151208553587,6.59722216696028
31.70000000000018,-1.3799652488521033,1788.9326759874627,264.76811732867924,-0.1745,63.166813136367416,-3.524371690025551,0.8300000000000001,1.5786151208553587,6.59722216696028
31.800000000000182,-1.3832381943279113,1795.2552939712293,264.4145934395472,-0.1745,63.285546538965676,-3.5461060926151804,0.8300000000000001,1.5786151208553587,6.59722216696028
31.900000000000183,-1.386766164620753,1801.586523080536,264.05969637176753,-0.1745,63.33903564716824,-3.55183526297892,0.165,1.5786151208553587,6.59722216696028
32.000000000000185,-1.3904768810957422,1807.9230972200921,263.704262769625,-0.1745,63.39244714395385,-3.5568367798715634,0.165,1.5786151208553587,6.59722216696028
32.100000000000186,-1.3943211332642602,1814.265006952264,263.3483539519492,-0.1745,63.44574749948382,-3.561339573645152,0.165,1.5786151208553587,6.59722216696028
32.20000000000019,-1.3982654617120371,1820.6122400245029,262.9920119763891,-0.1745,63.49891394529223,-3.5654999375567975,0.165,1.5786151208553587,6.59722216696028
32.30000000000019,-1.4022871577338432,1826.9647822751297,262.6352657531322,-0.1745,63.55193106724203,-3.569424527581246,0.165,1.5786151208553587,6.59722216696028
32.40000000000019,-1.4063708477005255,1833.3226182522753,262.278135222053,-0.1745,63.60478847566972,-3.5731860940030726,0.165,1.5786151208553587,6.59722216696028
32.50000000000019,-2.12056275202137,1839.6857316366863,261.9206342055066,-0.1745,63.65747921255095,-3.5768342369244195,0.165,1.5786151208553587,6.59722216696028
32.60000000000019,-1.9015058282366342,1846.0507549998133,261.6759425883476,-0.06225,63.642988049989555,-1.316998106255288,0.495,1.5786151208553587,6.59722216696028
32.700000000000195,-1.753090421921542,1852.4120882276861,261.5084755071323,-0.1745,63.583676507467096,-2.0323435180507707,0.165,1.5786151208553587,6.59722216696028
32.800000000000196,-1.653155909984216,1858.7693557944142,261.2807660059709,-0.1745,63.56167482709499,-2.5218465051763994,0.165,1.5786151208553587,6.59722216696028
32.9000000000002,-1.5864164385353763,1865.1256523625111,261.01182863459104,-0.1745,63.564256534842634,-2.8569009224214583,0.165,1.5786151208553587,6.59722216696028
33.0000000000002,-1.5423666109272873,1871.483023967372,260.71466321294747,-0.1745,63.58317556237439,-3.086407510450453,0.165,1.5786151208553587,6.59722216696028
33.1000000000002,-1.5138067058745375,1877.8428329761753,260.39815042853314,-0.1745,63.613004613689476,-3.2438481778358526,0.165,1.5786151208553587,6.59722216696028
33.2000000000002,-1.4958129979136783,1884.2059898358075,260.0683517480364,-0.1745,63.65013257895542,-3.3521254320994647,0.165,1.5786151208553587,6.59722216696028
33.3000000000002,-1.4850237198733458,1890.5731034050611,259.72940104971434,-0.1745,63.6921388061188,-3.4268885343410473,0.165,1.5786151208553587,6.59722216696028
33.400000000000205,-1.4791464429362653,1896.9445799693615,259.3841156153766,-0.1745,63.73739247988967,-3.4788201524137654,0.165,1.5786151208553587,6.59722216696028
33.500000000000206,-1.476619497109476,1903.3206891562331,259.03441428782367,-0.1745,63.78479125754426,-3.5152063986446884,0.165,1.5786151208553587,6.59722216696028
33.60000000000021,-1.47637990844872,1909.7016081408524,258.6816033117039,-0.1745,63.833588434841445,-3.5410131237511777,0.165,1.5786151208553587,6.59722216696028
33.70000000000021,-1.4777046678957706,1916.0874514407212,258.32657152318933,-0.1745,63.883277562535035,-3.5596226465398337,0.165,1.5786151208553587,6.59722216696028
33.80000000000021,-1.4801023251968641,1922.478291064327,257.9699235201532,-0.1745,63.93351490958333,-3.573337414182722,0.165,1.5786151208553587,6.59722216696028
33.90000000000021,-1.4832390394470805,1928.874170166165,257.6120704510828,-0.1745,63.98406712717524,-3.5837239672261556,0.165,1.5786151208553587,6.59722216696028
34.00000000000021,-1.4868881810817405,1935.2751123134667,257.2532918706635,-0.1745,64.03477581886027,-3.591847641159986,0.165,1.5786151208553587,6.59722216696028
34.100000000000215,-1.4884520462157913,1941.6811277799181,256.89377785876803,-0.1745,64.08553351016964,-3.5984325967493502,0.165,1.5786151208553587,6.59722216696028
34.200000000000216,-1.4934396296458052,1948.0954923267602,256.5330804131661,-0.1745,64.20175742667314,-3.6155163152894887,0.8300000000000001,1.5786151208553587,6.59722216696028
34.30000000000022,-1.4983778475356166,1954.518206750299,256.1714039182925,-0.1745,64.2525310441039,-3.6180135821820594,0.165,1.5786151208553587,6.59722216696028
34.40000000000022,-1.5032943224672062,1960.945987656237,255.80946455644025,-0.1745,64.30308707465822,-3.62077365486339,0.165,1.5786151208553587,6.59722216696028
34.50000000000022,-1.5082078963068652,1967.378813956448,255.44724041176775,-0.1745,64.35343892956006,-3.6237092385867746,0.165,1.5786151208553587,6.59722216696028
34.60000000000022,-1.5131314596307788,1973.8166656949186,255.08471689281632,-0.1745,64.40359583984811,-3.6267611404420586,0.165,1.5786151208553587,6.59722216696028
34.70000000000022,-1.5180738715407007,1980.2595236968664,254.72188437398603,-0.1745,64.45356419910608,-3.62988923616394,0.165,1.5786151208553587,6.59722216696028
34.800000000000225,-2.2431998135392215,1986.7073693306108,254.35873659539237,-0.1745,64.50334847578303,-3.633066335708946,0.165,1.5786151208553587,6.59722216696028
34.900000000000226,-2.019203027166017,1993.1552813659678,254.111580682709,-0.06225,64.45489223135412,-1.310051917958949,0.165,1.5786151208553587,6.59722216696028
35.00000000000023,-1.8685781459250483,1999.597411587099,253.94341239522174,-0.1745,64.38771219126991,-2.053313831786003,0.165,1.5786151208553587,6.59722216696028
35.10000000000023,-1.9242180800831221,2006.034799731434,253.712806049753,-0.1745,64.3600506954332,-2.558813077589087,0.165,1.5786151208553587,6.59722216696028
35.20000000000023,-1.8077188393013863,2012.4764164493959,253.4646501460922,-0.1495,64.4722836638035,-2.40430499562712,0.8300000000000001,1.5786151208553587,6.59722216696028
35.30000000000023,-1.7278663992860306,2018.9231214506096,253.20441348225333,-0.1745,64.46181636047228,-2.800428281150111,0.165,1.5786151208553587,6.59722216696028
35.40000000000023,-1.6780100334288848,2025.3730503608565,252.91032488951288,-0.1745,64.53676184446682,-3.0813435736591748,0.8300000000000001,1.5786151208553587,6.59722216696028
35.500000000000234,-1.6460349744723122,2031.8278634525113,252.59312830786928,-0.1745,64.55949998863126,-3.2625880592128818,0.165,1.5786151208553587,6.59722216696028
35.600000000000236,-1.7861032327439408,2038.285384024629,252.26068971682957,-0.1745,64.59091145372172,-3.386183761581452,0.165,1.5786151208553587,6.59722216696028
35.70000000000024,-1.7230337140499556,2044.74828321323,251.94361249091708,-0.1495,64.66707231830246,-2.9553607566687896,0.165,1.5786151208553587,6.59722216696028
35.80000000000024,-1.6821966753246331,2051.215769098915,251.63683529197957,-0.1745,64.68264539540435,-3.1801832220813897,0.165,1.5786151208553587,6.59722216696028
35.90000000000024,-1.6564147607507325,2057.68535922613,251.3111695452413,-0.1745,64.70915714889509,-3.333131712683663,0.165,1.5786151208553587,6.59722216696028
36.00000000000024,-1.6408215077203985,2064.1579636230035,250.9726400328131,-0.1745,64.74293078857426,-3.43745853588028,0.165,1.5786151208553587,6.59722216696028
36.10000000000024,-1.6321223912431368,2070.6341861885626,250.62532127856173,-0.1745,64.78152052260344,-3.508916549147145,0.165,1.5786151208553587,6.59722216696028
36.200000000000244,-1.7887599960084375,2077.1144267851905,250.2719670448723,-0.1745,64.82329140995496,-3.5581681246413117,0.165,1.5786151208553587,6.59722216696028
36.300000000000246,-1.7304726471948084,2083.6008299208215,249.94042667000033,-0.1495,64.90477130266709,-3.0726393727981813,0.165,1.1840737237493588,6.5721158357559535
36.40000000000025,-1.6931455960832258,2090.09207613799,249.6226283937802,-0.1745,64.920153040702,-3.2833261516049923,0.165,1.1840737237493588,6.5721158357559535
36.50000000000025,-1.6699433235592442,2096.5853782124095,249.28716163272207,-0.1745,64.94588844769311,-3.4260090695570407,0.165,1.1840737237493588,6.5721158357559535
36.60000000000025,-1.6562550450871716,2103.081595994745,248.93971541573154,-0.1745,64.97846719901439,-3.5229152702536086,0.165,1.1840737237493588,6.5721158357559535
36.70000000000025,-1.64897511017812,2109.5812974940836,248.58411829312595,-0.1745,65.01556278775833,-3.5890271818579964,0.165,1.1840737237493588,6.5721158357559535
36.80000000000025,-1.6460139999119976,2116.084856944452,248.22294517925837,-0.1745,65.0556262196116,-3.634435095493478,0.165,1.1840737237493588,6.5721158357559535
36.900000000000254,-1.6459671187872131,2122.5925194106744,247.85792694958778,-0.1745,65.09762310484133,-3.665929497918473,0.165,1.1840737237493588,6.5721158357559535
37.000000000000256,-1.647890997556587,2129.1044436366683,247.49022661073147,-0.1745,65.14086141503988,-3.688077279207826,0.165,1.1840737237493588,6.5721158357559535
37.10000000000026,-1.651152337258972,2135.620730590857,247.12062533866066,-0.1745,65.184877668731,-3.7039481622081816,0.165,1.1840737237493588,6.5721158357559535
37.20000000000026,-1.6553263184444489,2142.1414425387165,246.74964770540873,-0.1745,65.22936128846374,-3.7156045028302387,0.165,1.1840737237493588,6.5721158357559535
37.30000000000026,-1.660128165731165,2148.666615809814,246.3776459178773,-0.1745,65.27410413348925,-3.724431247798837,0.165,1.1840737237493588,6.5721158357559535
37.40000000000026,-1.6653671285867755,2155.196269353729,246.00485645297638,-0.1745,65.31896674480399,-3.7313580502192707,0.165,1.1840737237493588,6.5721158357559535
37.50000000000026,-1.6709155557900424,2161.730410477602,245.63143811560155,-0.1745,65.36385573266465,-3.7370086972772345,0.165,1.1840737237493588,6.5721158357559535
37.600000000000264,-1.6766881244722325,2168.269038694943,245.2574976015633,-0.1745,65.40870861415037,-3.7418015834877902,0.165,1.1840737237493588,6.5721158357559535
37.700000000000266,-1.6826278961963559,2174.812148307699,244.88310666062404,-0.1745,65.45348364096742,-3.746017235297283,0.165,1.1840737237493588,6.5721158357559535
37.80000000000027,-1.6863272363752109,2181.3597301384243,244.50831361525195,-0.1745,65.49815297353953,-3.749843672144418,0.165,1.1840737237493588,6.5721158357559535
37.90000000000027,-1.6932130336924835,2187.9150471969087,244.13257381595835,-0.1745,65.60818819615085,-3.764952313727277,0.8300000000000001,1.1840737237493588,6.5721158357559535
38.00000000000027,-1.6999512328028445,2194.4780918628494,243.75602628635943,-0.1745,65.65270512266244,-3.765998278251424,0.165,1.1840737237493588,6.5721158357559535
38.10000000000027,-1.7066090692355493,2201.045575213012,243.3793416539557,-0.1745,65.69696188058435,-3.7676943698231087,0.165,1.1840737237493588,6.5721158357559535
38.20000000000027,-1.7132316965932244,2207.6174728951632,243.0024658274284,-0.1745,65.74099176243809,-3.7698221607225566,0.165,1.1840737237493588,6.5721158357559535
38.300000000000274,-1.7198495068165787,2214.193763342513,242.62536294019458,-0.1745,65.78481718456494,-3.772235583954242,0.165,1.1840737237493588,6.5721158357559535
38.400000000000276,-1.7264830282251942,2220.7744268658194,242.24800931130338,-0.1745,65.82845328155568,-3.7748369938696995,0.165,1.1840737237493588,6.5721158357559535
38.50000000000028,-1.733146201827838,2227.3594450456403,241.8703894048098,-0.1745,65.87191031485958,-3.777561136001696,0.165,1.1840737237493588,6.5721158357559535
38.60000000000028,-1.7398485721733128,2233.948800325683,241.49249312718234,-0.1745,65.91519528599655,-3.780364416547387,0.165,1.1840737237493588,6.5721158357559535
38.70000000000028,-1.7465967519076364,2240.542475740811,241.11431402026471,-0.1745,65.95831301656159,-3.783217721805028,0.165,1.1840737237493588,6.5721158357559535
38.80000000000028,-1.7533954005171561,2247.140454735187,240.73584805343663,-0.1745,66.00126687096463,-3.786101614756473,0.165,1.1840737237493588,6.5721158357559535
38.90000000000028,-2.5060937460148613,2253.7427210407304,240.3570928165528,-0.1745,66.0440592399005,-3.789003122920147,0.165,1.1840737237493588,6.5721158357559535
39.000000000000284,-2.2690211901149944,2260.3478997263533,240.1012565228533,-0.06225,66.0595144725525,-1.3277227510701772,0.8300000000000001,1.1840737237493588,6.5721158357559535
39.100000000000286,-2.1125660002545317,2266.9495058950542,239.92787357899655,-0.1745,65.97260890146413,-2.139936126064566,0.165,1.1840737237493588,6.5721158357559535
39.20000000000029,-2.010308041648055,2273.544680919672,239.68667916868839,-0.1745,65.93089159088858,-2.6839520800987557,0.165,1.1840737237493588,6.5721158357559535
39.30000000000029,-1.9444052441613005,2280.137138996076,239.40005966135695,-0.1745,65.91826993718757,-3.0484380665301036,0.165,1.1840737237493588,6.5721158357559535
39.40000000000029,-1.902851952832324,2286.7292811802085,239.08299757001356,-0.1745,65.92457374546916,-3.2928037603376317,0.165,1.1840737237493588,6.5721158357559535
39.50000000000029,-1.8775920544201508,2293.322672925318,238.74551444262823,-0.1745,65.94326115671848,-3.456858787368626,0.165,1.1840737237493588,6.5721158357559535
39.60000000000029,-1.8632308529707324,2299.9183396473773,238.39430854829425,-0.1745,65.9700732844674,-3.5672590993112268,0.165,1.1840737237493588,6.5721158357559535
39.700000000000294,-1.8561614397928607,2306.51695406081,238.03385375649518,-0.1745,66.00221498418232,-3.6418367366699633,0.165,1.1840737237493588,6.5721158357559535
39.800000000000296,-1.8539750859260227,2313.1189569058265,237.6671363928277,-0.1745,66.03784191615163,-3.692510536679671,0.165,1.1840737237493588,6.5721158357559535
39.9000000000003,-1.855064738360125,2319.7246356450637,237.29614881363256,-0.1745,66.07573286859343,-3.727241047223433,0.165,1.1840737237493588,6.5721158357559535
40.0000000000003,-1.858359060721308,2326.3341761609113,236.9222196753313,-0.1745,66.11507744835853,-3.7513417188017204,0.165,1.1840737237493588,6.5721158357559535
40.1000000000003,-1.8631443692706835,2332.947696892035,236.5462347291134,-0.1745,66.15533717410968,-3.768357205556307,0.165,1.1840737237493588,6.5721158357559535
40.2000000000003,-1.868945578652087,2339.565271450428,236.1687843162781,-0.1745,66.19615399375436,-3.7806510511492166,0.165,1.1840737237493588,6.5721158357559535
40.3000000000003,-1.8754466833468504,2346.1869436386696,235.79026183532594,-0.1745,66.23728977107683,-3.789798567894178,0.165,1.1840737237493588,6.5721158357559535
40.400000000000304,-1.8824376880319902,2352.8127374344117,235.41092944232057,-0.1745,66.2785861437673,-3.7968492922133996,0.165,1.1840737237493588,6.5721158357559535
40.500000000000306,-1.889779212323295,2359.4426636339495,235.03096186738307,-0.1745,66.31993784699118,-3.8025022065366643,0.165,1.1840737237493588,6.5721158357559535
40.60000000000031,-1.8973788963168516,2366.0767242746037,234.65047562400306,-0.1745,66.36127496609139,-3.8072226610635442,0.165,1.1840737237493588,6.5721158357559535
40.70000000000031,-1.9051756799263324,2372.714915579025,234.26954847308338,-0.1745,66.40255112233304,-3.8113203573303363,0.165,1.1840737237493588,6.5721158357559535
40.80000000000031,-1.9131293328696346,2379.357229915434,233.88823238824583,-0.1745,66.44373560584725,-3.815001339420896,0.165,1.1840737237493588,6.5721158357559535
40.90000000000031,-1.921213484363801,2386.003657102552,233.50656218913562,-0.1745,66.48480813651548,-3.818402642783454,0.165,1.1840737237493588,6.5721158357559535
41.00000000000031,-1.92941098447003,2392.654185278134,233.12456128814856,-0.1745,66.52575537511879,-3.821615376957694,0.165,1.1840737237493588,6.5721158357559535
41.100000000000314,-1.9377108182653795,2399.308801476908,232.74224551441912,-0.1745,66.5665686003608,-3.824700097630803,0.165,1.1840737237493588,6.5721158357559535
41.200000000000315,-1.9461060537779284,2405.9674920150496,232.35962565752737,-0.1745,66.60724216247839,-3.827697040204369,0.165,1.1840737237493588,6.5721158357559535
41.30000000000032,-1.9545924778852675,2412.6302427458772,231.9767091590054,-0.1745,66.64777245407305,-3.8306329302351347,0.165,1.1840737237493588,6.5721158357559535
41.40000000000032,-1.9631676898916388,2419.2970392298485,231.59350123677996,-0.1745,66.68815722535335,-3.833525514273577,0.165,1.1840737237493588,6.5721158357559535
41.50000000000032,-1.9718304994818292,2425.9678668475494,231.21000563240938,-0.1745,66.72839512866219,-3.836386573138199,0.165,1.1840737237493588,6.5721158357559535
41.60000000000032,-1.980580527033538,2432.642710874763,230.82622510748925,-0.1745,66.76848541560484,-3.839223925264514,0.165,1.1840737237493588,6.5721158357559535
41.70000000000032,-1.9894179384210644,2439.321556532329,230.44216177331697,-0.1745,66.80842773571149,-3.8420427581809897,0.165,1.1840737237493588,6.5721158357559535
41.800000000000324,-1.998343269177203,2446.0043890192464,230.05781730975016,-0.1745,66.8482220026364,-3.8448465131550895,0.165,1.1840737237493588,6.5721158357559535
41.900000000000325,-2.007357308008881,2452.6911935346416,229.67319311045384,-0.1745,66.88786830526617,-3.8476374727716993,0.165,1.1840737237493588,6.5721158357559535
42.00000000000033,-2.016461019726151,2459.3819552923387,229.2882903792615,-0.1745,66.92736684868093,-3.85041715107514,0.165,1.1840737237493588,6.5721158357559535
42.10000000000033,-2.025655494336976,2466.0766595305204,228.90311019408105,-0.1745,66.9667179149543,-3.8531865525338564,0.165,1.1840737237493588,6.5721158357559535
42.20000000000033,-2.034941913509521,2472.7752915181245,228.51765354926044,-0.1745,67.0059218371325,-3.855946343878538,0.165,1.1840737237493588,6.5721158357559535
42.30000000000033,-2.044321528560655,2479.4778365590796,228.131921383662,-0.1745,67.04497898196622,-3.8586969680902983,0.165,1.1840737237493588,6.5721158357559535
42.40000000000033,-2.0537956460937976,2486.1842799951005,227.74591459925796,-0.1745,67.08388973845334,-3.8614387199901126,0.165,1.1840737237493588,6.5721158357559535
42.500000000000334,-2.0633656187139615,2492.894607207535,227.35963407344101,-0.1745,67.12265451023842,-3.8641717963486673,0.165,1.1840737237493588,6.5721158357559535
42.600000000000335,-2.0730328391141186,2499.6088036185756,226.97308066716886,-0.1745,67.16127371057114,-3.866896329094509,0.165,1.1840737237493588,6.5721158357559535
42.70000000000034,-2.082798736401921,2506.326854692052,226.58625523034843,-0.1745,67.19974775896196,-3.869612407314116,0.165,1.1840737237493588,6.5721158357559535
42.80000000000034,-2.092664773917351,2513.0487459339483,226.19915860539163,-0.1745,67.23807707896327,-3.87232009182187,0.165,1.1840737237493588,6.5721158357559535
42.90000000000034,-2.1026324480448912,2519.774462892731,225.81179162956025,-0.1745,67.2762620966966,-3.8750194248059766,0.165,1.1840737237493588,6.5721158357559535
43.00000000000034,-2.1127032876916347,2526.50399115956,225.42415513650934,-0.1745,67.3143032398742,-3.877710436212169,0.165,1.1840737237493588,6.5721158357559535
43.10000000000034,-2.122878854214002,2533.237316368411,225.03624995730038,-0.1745,67.35220093714827,-3.880393147966839,0.165,1.1840737237493588,6.5721158357559535
43.200000000000344,-2.133160741649442,2539.974424196152,224.64807692106356,-0.1745,67.38995561767695,-3.883067576769657,0.165,1.1840737237493588,6.5721158357559535
43.300000000000345,-2.143550577158366,2546.7153003625776,224.2596368554281,-0.1745,67.42756771083421,-3.885733735939374,0.165,1.1840737237493588,6.5721158357559535
43.40000000000035,-2.154050021613938,2553.45993063042,223.8709305867995,-0.1745,67.46503764601472,-3.8883916366331133,0.165,1.1840737237493588,6.5721158357559535
43.50000000000035,-2.1646607702987444,2560.2083008053455,223.48195894053526,-0.1745,67.50236585250168,-3.8910412886512553,0.165,1.1840737237493588,6.5721158357559535
43.60000000000035,-2.175384553681635,2566.9603967359394,223.09272274105427,-0.1745,67.53955275937639,-3.893682700968284,0.165,1.1840737237493588,6.5721158357559535
43.70000000000035,-2.18622313825737,2573.716204313681,222.70322281190172,-0.1745,67.57659879545544,-3.896315882082481,0.165,1.1840737237493588,6.5721158357559535
43.80000000000035,-2.3650591178491425,2580.475709472916,222.3134599757853,-0.1745,67.61350438924607,-3.898940840245912,0.165,1.1840737237493588,6.5721158357559535
43.900000000000354,-2.319395129423889,2587.2443867006414,221.95156590721416,-0.1495,67.76004016525819,-3.338940531177017,0.8300000000000001,1.1840737237493588,6.5721158357559535
44.000000000000355,-2.2932825184449044,2594.020721365564,221.60787146925588,-0.1745,67.76665313319192,-3.5349482279883486,0.165,1.1840737237493588,6.5721158357559535
44.10000000000036,-2.280085861923362,2600.798227746675,221.2478864883213,-0.1745,67.78347448902544,-3.6647513907030804,0.165,1.1840737237493588,6.5721158357559535
44.20000000000036,-2.2754299330511865,2607.5777469109444,220.87710048483143,-0.1745,67.80690879636751,-3.7509686790944454,0.165,1.1840737237493588,6.5721158357559535
44.30000000000036,-2.2764335420354334,2614.35982341621,220.499126737483,-0.1745,67.83462130894728,-3.808506267874235,0.165,1.1840737237493588,6.5721158357559535
44.40000000000036,-2.281201323708733,2621.1448089552837,220.1163423923434,-0.1745,67.86508947252949,-3.8471806349178808,0.165,1.1840737237493588,6.5721158357559535
44.50000000000036,-2.4580421149028613,2627.932929314408,219.73031073362438,-0.1745,67.89731770995287,-3.8734525394624155,0.165,1.1840737237493588,6.5721158357559535
44.600000000000364,-2.4096029424306487,2634.7282241028693,219.37066888639458,-0.1495,68.00857805927684,-3.3193844051335804,0.495,1.1840737237493588,6.5721158357559535
44.700000000000365,-2.3820587293792124,2641.5292594781627,219.02826439571174,-0.1745,68.01212944659427,-3.528705408523295,0.165,1.1840737237493588,6.5721158357559535
44.80000000000037,-2.3682960116146115,2648.3311998099584,218.6684793561773,-0.1745,68.02667718932203,-3.6669953821654246,0.165,1.1840737237493588,6.5721158357559535
44.90000000000037,-2.363632579584606,2655.134950441899,218.2971991569883,-0.1745,68.04833544948717,-3.7586086016140636,0.165,1.1840737237493588,6.5721158357559535
45.00000000000037,-2.3626998974788265,2661.9410966061714,217.9182904567263,-0.1745,68.07458783595756,-3.8195654036259135,0.165,1.1840737237493588,6.5721158357559535
45.10000000000037,-2.3687513384198327,2668.753290369669,217.53371509168758,-0.1745,68.1692874339934,-3.8719418971485897,0.8300000000000001,1.1840737237493588,6.5721158357559535
45.20000000000037,-2.377245028747647,2675.5717789523414,217.14525618435866,-0.1745,68.20048421945721,-3.89723624943011,0.165,1.1840737237493588,6.5721158357559535
45.300000000000374,-2.3873915369632934,2682.393440762783,216.7546616357841,-0.1745,68.23275198937546,-3.914654722061062,0.165,1.1840737237493588,6.5721158357559535
45.400000000000375,-2.3986743891744986,2689.218362132601,216.3625834361116,-0.1745,68.26567540698541,-3.9269092713883516,0.165,1.1840737237493588,6.5721158357559535
45.50000000000038,-2.410756159758729,2696.0465950389507,215.96944906618359,-0.1745,68.29898272000216,-3.935778127172303,0.165,1.1840737237493588,6.5721158357559535
45.60000000000038,-2.423416824861092,2702.8781689811244,215.57553881577732,-0.1745,68.33249612346815,-3.9424268809528416,0.165,1.1840737237493588,6.5721158357559535
45.70000000000038,-2.4342538144411634,2709.7130987533424,215.18103650606426,-0.1745,68.36609932088764,-3.9476193133083486,0.165,1.1840737237493588,6.5721158357559535
45.80000000000038,-2.4483845557120967,2716.5546640391203,214.7854854800036,-0.1745,68.46520639466793,-3.9634012079053913,0.8300000000000001,1.1840737237493588,6.5721158357559535
45.90000000000038,-2.4625637909762603,2723.402868773782,214.38908267451203,-0.1745,68.49888829856009,-3.964654901926049,0.165,1.1840737237493588,6.5721158357559535
46.000000000000384,-2.4768351839700484,2730.2544321408104,213.9925346722895,-0.1745,68.53237904201517,-3.966305142524213,0.165,1.1840737237493588,6.5721158357559535
46.100000000000385,-2.4912283631664742,2737.109336114586,213.59580882291434,-0.1745,68.56570043349421,-3.968211844979061,0.165,1.1840737237493588,6.5721158357559535
46.20000000000039,-2.5057638053072906,2743.9675644803588,213.19888406064464,-0.1745,68.59886688196474,-3.9702834004147642,0.165,1.1840737237493588,6.5721158357559535
46.30000000000039,-2.5204560311830515,2750.8291022221133,212.80174689472076,-0.1745,68.63188795312864,-3.972459918062597,0.165,1.1840737237493588,6.5721158357559535
46.40000000000039,-2.535315696725866,2757.6939351219444,212.40438878606017,-0.1745,68.66477004349578,-3.9747022551492868,0.165,1.1840737237493588,6.5721158357559535
46.50000000000039,-2.5503509612362274,2764.5620494979366,212.00680443143276,-0.1745,68.6975174763536,-3.976984837398735,0.165,1.1840737237493588,6.5721158357559535
46.60000000000039,-2.5655683827239995,2771.433432032706,211.60899064148447,-0.1745,68.7301332190384,-3.9792909615672407,0.165,1.1840737237493588,6.5721158357559535
46.700000000000394,-2.5809735039874893,2778.308069661269,211.21094560726846,-0.1745,68.76261935222084,-3.9816097227527782,0.165,1.1840737237493588,6.5721158357559535
46.800000000000395,-2.59657123650382,2785.185949497723,210.81266842087956,-0.1745,68.79497737685385,-3.983934005025177,0.165,1.1840737237493588,6.5721158357559535
46.9000000000004,-2.612366112180475,2792.0670587873096,210.41415876224056,-0.1745,68.82720841488272,-3.9862591677549966,0.165,1.1840737237493588,6.5721158357559535
47.0000000000004,-2.628362448784917,2798.951384875076,210.015416694503,-0.1745,68.8593133404507,-3.988582186996727,0.165,1.1840737237493588,6.5721158357559535
47.1000000000004,-2.644564459012155,2805.838915185381,209.61644253043102,-0.1745,68.89129286564533,-3.9909010944429215,0.165,1.1840737237493588,6.5721158357559535
47.2000000000004,-2.660976322776627,2812.7296372084893,209.2172367451631,-0.1745,68.92314759652025,-3.9932146109157465,0.165,1.1840737237493588,6.5721158357559535
47.3000000000004,-2.6776022355303404,2819.6235384917995,208.8177999192671,-0.1745,68.95487806968647,-3.9955219070041292,0.165,1.1840737237493588,6.5721158357559535
47.400000000000404,-2.693336824080741,2826.5206066340943,208.41813270157795,-0.1745,68.98648477620532,-3.99782244677879,0.165,1.1840737237493588,6.5721158357559535
47.500000000000405,-2.7107450705067166,2833.422454223989,208.01794931895842,-0.1745,69.05046702169119,-4.005845205611949,0.495,1.1840737237493588,6.5721158357559535
47.600000000000406,-2.728263669548463,2840.3290714184304,207.6173090245713,-0.1745,69.08187686713615,-4.0069606821301,0.165,1.1840737237493588,6.5721158357559535
47.70000000000041,-2.7459379792800727,2847.238820383902,207.21653723287528,-0.1745,69.11310244229031,-4.008475151790471,0.165,1.1840737237493588,6.5721158357559535
47.80000000000041,-2.7637991914350186,2854.151683801372,206.81560114786646,-0.1745,69.14416590712071,-4.0102465483861325,0.165,1.1840737237493588,6.5721158357559535
47.90000000000041,-2.781869321979371,2861.067646188249,206.414479700595,-0.1745,69.17508183041579,-4.012182397043167,0.165,1.1840737237493588,6.5721158357559535
48.00000000000041,-2.8001644623899242,2867.9866932715413,206.0131594547539,-0.1745,69.205859835426,-4.014222519779098,0.165,1.1840737237493588,6.5721158357559535
48.10000000000041,-2.8186968978971016,2874.908811579529,205.61163194040557,-0.1745,69.23650632432553,-4.016327767187449,0.165,1.1840737237493588,6.5721158357559535
48.200000000000415,-2.837476487822204,2881.8339881758384,205.20989191813283,-0.1745,69.26702560186807,-4.018472678267657,0.165,1.1840737237493588,6.5721158357559535
48.300000000000416,-2.8565115654809192,2888.7622104862985,204.80793624920867,-0.1745,69.2974206073373,-4.020640700215544,0.165,1.1840737237493588,6.5721158357559535
48.40000000000042,-2.875809525388631,2895.6934661862256,204.40576316039153,-0.1745,69.32769339120499,-4.022821076127092,0.165,1.1840737237493588,6.5721158357559535
48.50000000000042,-2.895377207017995,2902.6277431270587,204.0033717656279,-0.1745,69.35784542545372,-4.025006819145461,0.165,1.1840737237493588,6.5721158357559535
48.60000000000042,-2.9152211462505906,2909.5650292886094,203.60076175496465,-0.1745,69.3878778055556,-4.027193394119374,0.165,1.1840737237493588,6.5721158357559535
48.70000000000042,-2.935347740839054,2916.5053127479823,203.1979331922641,-0.1745,69.41779138189905,-4.029377859891621,0.165,1.1840737237493588,6.5721158357559535
48.80000000000042,-2.954662522158653,2923.4485816593415,202.794886383699,-0.1745,69.4475868452856,-4.031558311409806,0.165,1.1840737237493588,6.5721158357559535
48.900000000000425,-2.975714311289071,2930.396449182958,202.39133532628966,-0.1745,69.50976362703972,-4.039462836777083,0.495,1.1840737237493588,6.5721158357559535
49.000000000000426,-2.9969514913097193,2937.3489060297507,201.9873391949986,-0.1745,69.53937330881266,-4.040459789043715,0.165,1.1840737237493588,6.5721158357559535
49.10000000000043,-3.018421821361516,2944.3043148961606,201.58322321451718,-0.1745,69.56880401938582,-4.041859820585244,0.165,1.1840737237493588,6.5721158357559535
49.20000000000043,-3.215169168831741,2951.262659012579,201.178954295875,-0.1745,69.59807830898781,-4.043518552258194,0.165,1.1840737237493588,6.5721158357559535
49.30000000000043,-3.526681775773323,2958.226368341719,200.80483305911824,-0.1495,69.67610827381398,-3.4389061828768144,0.165,1.1840737237493588,6.5721158357559535
49.40000000000043,-3.38984738568373,2965.1975577823728,200.5109197597257,-0.1245,69.74768053925929,-2.4393598049736056,0.165,1.1840737237493588,6.5721158357559535
49.50000000000043,-3.306747482796392,2972.1692998487006,200.23881672970313,-0.1745,69.68716078729622,-3.0027007954780283,0.165,1.1840737237493588,6.5721158357559535
49.600000000000435,-3.2537289589602154,2979.139882414694,199.91965547904252,-0.1745,69.72449053257108,-3.3805242177342274,0.8300000000000001,1.008886502137988,6.491055701390494
49.700000000000436,-3.2278288764212837,2986.1116509623325,199.56813043878907,-0.1745,69.71088042019493,-3.649976587334721,0.165,1.008886502137988,6.491055701390494
49.80000000000044,-3.2196308343196294,2993.0828031337746,199.19437818099317,-0.1745,69.71216300864457,-3.825068568583117,0.165,1.008886502137988,6.491055701390494
49.90000000000044,-3.2230260941060314,3000.054558140519,198.80617224504593,-0.1745,69.72293712624642,-3.939050150361784,0.165,1.008886502137988,6.491055701390494
50.00000000000044,-3.234058384638602,3007.0276934096087,198.40854597421793,-0.1745,69.7397682555453,-4.013475266198271,0.165,1.008886502137988,6.491055701390494
50.10000000000044,-3.250169234713151,3014.0027047934195,198.00475688772866,-0.1745,69.76045942067553,-4.062306463587352,0.165,1.008886502137988,6.491055701390494
50.20000000000044,-3.2697065803171825,3020.979907761384,197.59691239846353,-0.1745,69.78359993860985,-4.094583321715246,0.165,1.008886502137988,6.491055701390494
50.300000000000445,-3.291605534736324,3027.9595018517875,197.18637546364556,-0.1745,69.80828186946333,-4.116155374643931,0.165,1.008886502137988,6.491055701390494
50.400000000000446,-3.3151813361627487,3034.9416119465563,196.77402737760488,-0.1745,69.83392002590985,-4.130806346169783,0.165,1.008886502137988,6.491055701390494
50.50000000000045,-3.33999520675364,3041.926314795611,196.36043791685486,-0.1745,69.86013695518257,-4.140982868830494,0.165,1.008886502137988,6.491055701390494
50.60000000000045,-3.36576752063771,3048.9136560994953,195.9459754479438,-0.1745,69.88668912250374,-4.148266509390953,0.165,1.008886502137988,6.491055701390494
50.70000000000045,-3.392321631918966,3055.9036615259643,195.5308781546683,-0.1745,69.91341940687752,-4.1536793561187935,0.165,1.008886502137988,6.491055701390494
50.80000000000045,-3.419547555872422,3062.8963438202013,195.1153000984584,-0.1745,69.94022647785978,-4.157881768079188,0.165,1.008886502137988,6.491055701390494
50.90000000000045,-3.447378497556308,3069.8917073958046,194.69934099533322,-0.1745,69.96704503421032,-4.1613002944242705,0.165,1.008886502137988,6.491055701390494
51.000000000000455,-3.4757756902809063,3076.8897512997296,194.28306546080273,-0.1745,69.99383304428572,-4.164210396185202,0.165,1.008886502137988,6.491055701390494
51.100000000000456,-3.504718606966409,3083.890471127187,193.86651544474435,-0.1745,70.02056350486643,-4.166789924982461,0.165,1.008886502137988,6.491055701390494
51.20000000000046,-3.534198644390308,3090.8938602583166,193.44971826412595,-0.1745,70.04721911772852,-4.169153687385324,0.165,1.008886502137988,6.491055701390494
51.30000000000046,-3.5642150516740885,3097.8999106567508,193.03269179080465,-0.1745,70.0737888509574,-4.17137577904075,0.165,1.008886502137988,6.491055701390494
51.40000000000046,-3.5926067423788153,3104.9086133851933,192.61544780121807,-0.1745,70.10026571789372,-4.1735040126911285,0.165,1.008886502137988,6.491055701390494
51.50000000000046,-3.624401730136163,3111.923233443012,192.19741686637428,-0.1745,70.19213543848214,-4.187114684184801,0.8300000000000001,1.008886502137988,6.491055701390494
51.60000000000046,-3.656521290060053,3118.9437657857998,191.7787227272423,-0.1745,70.21851141727193,-4.186768098455067,0.165,1.008886502137988,6.491055701390494
51.700000000000465,-3.6890617279328097,3125.966924243771,191.3600228765335,-0.1745,70.24465774214612,-4.187228915720919,0.165,1.008886502137988,6.491055701390494
51.800000000000466,-3.7220907731934396,3132.99268810292,190.9412510725478,-0.1745,70.27061944084362,-4.1882071639928995,0.165,1.008886502137988,6.491055701390494
51.90000000000047,-3.7556579567794772,3140.0210403577767,190.52236491126183,-0.1745,70.29642565628836,-4.189516061726496,0.165,1.008886502137988,6.491055701390494
52.00000000000047,-3.789801306362055,3147.0519664051403,190.10333734204167,-0.1745,70.32209529098336,-4.191035322676482,0.165,1.008886502137988,6.491055701390494
52.10000000000047,-3.8245516687206083,3154.085453202071,189.6841512008478,-0.1745,70.34764064763918,-4.192687501201191,0.165,1.008886502137988,6.491055701390494
52.20000000000047,-3.8599355036418848,3161.1214887232795,189.26479568844917,-0.1745,70.37306977653026,-4.19442274677129,0.165,1.008886502137988,6.491055701390494
52.30000000000047,-3.895976693650574,3168.1600616115325,188.84526410210097,-0.1745,70.398387988528,-4.196208980192531,0.165,1.008886502137988,6.491055701390494
52.400000000000475,-3.932697720399055,3175.2011609524634,188.42555237485536,-0.1745,70.42359883008977,-4.198025564719626,0.165,1.008886502137988,6.491055701390494
52.500000000000476,-3.970120433812143,3182.2447761295366,188.00565813514137,-0.1745,70.44870471137871,-4.199859229560231,0.165,1.008886502137988,6.491055701390494
52.60000000000048,-4.008266559685339,3189.2908967306466,187.5855801014281,-0.1745,70.47370731082395,-4.2017014447052725,0.165,1.008886502137988,6.491055701390494
52.70000000000048,-4.047158039624638,3196.3395124879694,187.1653176926564,-0.1745,70.49860783563166,-4.203546730728272,0.165,1.008886502137988,6.491055701390494
52.80000000000048,-4.086817263835188,3203.390613239226,186.74487077758084,-0.1745,70.5234071895006,-4.205391570783161,0.165,1.008886502137988,6.491055701390494
52.90000000000048,-4.127267235765131,3210.4441889027294,186.3242395135223,-0.1745,70.54810608057345,-4.207233710388251,0.165,1.008886502137988,6.491055701390494
53.00000000000048,-4.16746645385129,3217.500229461303,185.90342424265918,-0.1745,70.57270509090537,-4.2090717068737336,0.165,1.008886502137988,6.491055701390494
53.100000000000485,-4.209914013080157,3224.560349894132,185.48213895934705,-0.1745,70.62970356566507,-4.216633959368992,0.495,1.008886502137988,6.491055701390494
53.200000000000486,-4.253110087698082,3231.6245426462156,185.06044304243773,-0.1745,70.65415147600793,-4.2172843788175784,0.165,1.008886502137988,6.491055701390494
53.30000000000049,-4.297123027682898,3238.691172055487,184.6386614488594,-0.1745,70.67843670942517,-4.218347492748988,0.165,1.008886502137988,6.491055701390494
53.40000000000049,-4.342007220690038,3245.7602230314624,184.21676042181429,-0.1745,70.70258281007573,-4.219673048153373,0.165,1.008886502137988,6.491055701390494
53.50000000000049,-4.387808530368242,3252.8316824229214,183.79471853925602,-0.1745,70.72660501910305,-4.221164603011988,0.165,1.008886502137988,6.491055701390494
53.60000000000049,-4.434567810065279,3259.905538336098,183.37252229566334,-0.1745,70.75051324442275,-4.2227602688415855,0.165,1.008886502137988,6.491055701390494
53.70000000000049,-4.482323181917404,3266.981779696769,182.95016326518643,-0.1745,70.7743139690062,-4.224420340696599,0.165,1.008886502137988,6.491055701390494
53.800000000000495,-4.531111524670958,3274.0603959690566,182.5276362805102,-0.1745,70.79801147674227,-4.226119352827893,0.165,1.008886502137988,6.491055701390494
53.900000000000496,-4.580969455100327,3281.1413769748797,182.104938263989,-0.1745,70.8216086397243,-4.227840977595863,0.165,1.008886502137988,6.491055701390494
54.0000000000005,-4.631933986068001,3288.224712778054,181.68206747757523,-0.1745,70.84510742375512,-4.22957475067928,0.165,1.008886502137988,6.491055701390494
54.1000000000005,-4.684042978873816,3295.310393609884,181.2590230415845,-0.1745,70.86850921285387,-4.231313969135135,0.165,1.008886502137988,6.491055701390494
54.2000000000005,-4.737335465545082,3302.398409821403,180.83580462600176,-0.1745,70.89181501752812,-4.233054342519843,0.165,1.008886502137988,6.491055701390494
54.3000000000005,-4.791851889762124,3309.4887518527007,180.41241225250374,-0.1745,70.91502560841819,-4.234793127440245,0.165,1.008886502137988,6.491055701390494
54.4000000000005,-4.847634297817231,3316.5814102132235,179.98884616751258,-0.1745,70.93814160203684,-4.236528572383331,0.165,1.008886502137988,6.491055701390494
54.500000000000504,-4.904726499914375,3323.6763754691137,179.56510676081078,-0.1745,70.9611635157648,-4.23825956165279,0.165,1.008886502137988,6.491055701390494
54.600000000000506,-4.9631742150126,3330.773638235058,179.14119451337572,-0.1745,70.98409180311928,-4.239985387048268,0.165,1.008886502137988,6.491055701390494
54.70000000000051,-5.023025207871871,3337.8731891690322,178.717109963949,-0.1745,71.00692687636722,-4.241705601485781,0.165,1.008886502137988,6.491055701390494
54.80000000000051,-5.084329424060695,3344.9750189689016,178.29285368761626,-0.1745,71.02966912102117,-4.243419925169535,0.165,1.008886502137988,6.491055701390494
54.90000000000051,-5.147139126842526,3352.079118370209,177.86842628208478,-0.1745,71.05231890513019,-4.245128185460123,0.165,1.008886502137988,6.491055701390494
55.00000000000051,-5.2115090386950875,3359.1854781447273,177.44382835889454,-0.1745,71.07487658523313,-4.2468302783449605,0.165,1.008886502137988,6.491055701390494
55.10000000000051,-5.277496489491887,3366.294089099498,177.01906053778953,-0.1745,71.09734251017272,-4.248526143754964,0.165,1.008886502137988,6.491055701390494
55.200000000000514,-5.345161572932594,3373.4049420761835,176.59412344311406,-0.1745,71.11971702353854,-4.250215749754477,0.165,1.008886502137988,6.491055701390494
55.300000000000516,-5.414567312549816,3380.518027950622,176.1690177015055,-0.1745,71.14200046523139,-4.251899082416435,0.165,1.008886502137988,6.491055701390494
55.40000000000052,-5.4857798384800285,3387.633337632507,175.74374394041772,-0.1745,71.16419317246485,-4.25357613933954,0.165,1.008886502137988,6.491055701390494
55.50000000000052,-5.557819502858303,3394.7508620651506,175.31830278717584,-0.1745,71.18629548040633,-4.255246925498018,0.165,1.008886502137988,6.491055701390494
55.60000000000052,-5.632164338239365,3401.8722171675254,174.8924084023799,-0.1745,71.24080656709322,-4.262640770420283,0.495,1.008886502137988,6.491055701390494
55.70000000000052,-5.7098231512596485,3408.9990212169514,174.46583390398717,-0.1745,71.29527442142808,-4.26884919743444,0.495,1.008886502137988,6.491055701390494
55.80000000000052,-5.789401691237489,3416.1296417148933,174.03896317385974,-0.1745,71.31713553740782,-4.268565405114064,0.165,1.008886502137988,6.491055701390494
55.900000000000524,-5.871053830363624,3423.2624385505032,173.61208644052414,-0.1745,71.33880117478702,-4.2689692615979125,0.165,1.008886502137988,6.491055701390494
56.000000000000526,-5.954912978997716,3430.397394134074,173.18514748677342,-0.1745,71.36031049663032,-4.269809813416307,0.165,1.008886502137988,6.491055701390494
56.10000000000053,-6.041101392716447,3437.5344940903924,172.75811065399887,-0.1745,71.38168862973586,-4.27092684207463,0.165,1.008886502137988,6.491055701390494
56.20000000000053,-6.129736238937883,3444.673726108548,172.33095340801896,-0.1745,71.40295173337918,-4.272218077523888,0.165,1.008886502137988,6.491055701390494
56.30000000000053,-6.220933603616244,3451.815079207165,171.90366159151077,-0.1745,71.42411023895964,-4.273618252639704,0.165,1.008886502137988,6.491055701390494
56.40000000000053,-6.314811192838584,3458.958543265112,171.47622639265552,-0.1745,71.4451709199743,-4.275085724465004,0.165,1.008886502137988,6.491055701390494
56.50000000000053,-6.410450374725234,3466.1041087218255,171.04864240992788,-0.1745,71.46613821429217,-4.276593930087683,0.165,1.008886502137988,6.491055701390494
56.600000000000534,-6.510420322360457,3473.2533913281964,170.62061995088138,-0.1745,71.51951391312242,-4.2838552508424455,0.495,1.008886502137988,6.491055701390494
56.700000000000536,-6.613336650072067,3480.4063844490865,170.19221618883475,-0.1745,71.54034850468588,-4.284219990090165,0.165,1.008886502137988,6.491055701390494
56.80000000000054,-6.719380361193634,3487.561453408433,169.76375439336093,-0.1745,71.56103068223914,-4.28501591938641,0.165,1.008886502137988,6.491055701390494
56.90000000000054,0.0,3494.718584209377,169.33519937631112,-0.1745,71.58158533663345,-4.286084421609632,0.165,1.008886502137988,6.491055701390494
57.00000000000054,0.0,3501.877764898587,168.90652893449612,-0.1745,71.6020284475673,-4.287324414690595,0.165,1.008886502137988,6.491055701390494
57.10000000000054,0.0,3509.03898483658,168.47772913901576,-0.1745,71.62237031229454,-4.288671494916554,0.165,1.008886502137988,6.491055701390494
57.20000000000054,0.0,3516.2022342324526,168.0487913324175,-0.1745,71.64261760516129,-4.290084637049055,0.165,1.008886502137988,6.491055701390494
57.300000000000544,0.0,3523.367503847262,167.61971021483328,-0.1745,71.66277469102513,-4.291537714635447,0.165,1.008886502137988,6.491055701390494
57.400000000000546,0.0,3530.534784804947,167.19048262437911,-0.1745,71.68284446267303,-4.293014094447571,0.165,1.008886502137988,6.491055701390494
57.50000000000055,0.0,3537.7040684718127,166.7611067600988,-0.1745,71.70282887464094,-4.294503191158712,0.165,1.008886502137988,6.491055701390494
57.60000000000055,0.0,3544.8753463797166,166.33158168695215,-0.1745,71.72272928343791,-4.295998271774469,0.165,1.008886502137988,6.491055701390494
57.70000000000055,0.0,3552.0486101771057,165.9019070205277,-0.1745,71.74254666434526,-4.297495056714761,0.165,1.008886502137988,6.491055701390494
57.80000000000055,0.0,3559.2238515978,165.47208272626025,-0.1745,71.76228174954213,-4.298990828633796,0.165,1.008886502137988,6.491055701390494
57.90000000000055,0.0,3566.4010624410816,165.04210899158917,-0.1745,71.78193511609211,-4.300483864788074,0.165,1.008886502137988,6.491055701390494
58.000000000000554,0.0,3573.5802345589855,164.61198614457246,-0.1745,71.80150724198175,-4.301973075546023,0.165,1.008886502137988,6.491055701390494
58.100000000000556,0.0,3580.761359848175,164.18171460208444,-0.1745,71.82099854180534,-4.303457774214509,0.165,1.008886502137988,6.491055701390494
58.20000000000056,0.0,3587.9438046405885,163.89771447676335,-0.06225,71.82789730647174,-1.3765447322073041,0.8300000000000001,1.008886502137988,6.491055701390494
58.30000000000056,0.0,3595.1189246216854,163.70765883486936,-0.1745,71.67450231546708,-2.424568105672343,0.165,1.008886502137988,6.491055701390494
58.40000000000056,0.0,3602.282004475171,163.43171607726,-0.1745,71.58709475424814,-3.0942870465146486,0.165,1.008886502137988,6.491055701390494
58.50000000000056,0.0,3609.4383626632375,163.10088263042385,-0.1745,71.54006900707894,-3.5223818902085453,0.165,1.008886502137988,6.491055701390494
58.60000000000056,0.0,3616.5912713324315,162.73495749504735,-0.1745,71.51810437679958,-3.796120817321601,0.165,1.008886502137988,6.491055701390494
58.700000000000564,0.0,3623.742767841413,162.34658685087848,-0.1745,71.51182580282656,-3.971292066055795,0.165,1.008886502137988,6.491055701390494
58.800000000000566,0.0,3630.8941297226074,161.94384466448128,-0.1745,71.51541182106635,-4.0835516618885705,0.165,1.008886502137988,6.491055701390494
58.90000000000057,0.0,3638.0477859154807,161.53159686188232,-0.1745,71.5577120364037,-4.161404390090522,0.495,1.008886502137988,6.491055701390494
59.00000000000057,0.0,3645.2042450427793,161.11318806844562,-0.1745,71.57147050956527,-4.206771478643647,0.165,1.008886502137988,6.491055701390494
59.10000000000057,0.0,3652.3621996937204,160.6910380714753,-0.1745,71.58762250925709,-4.2362284607625496,0.165,1.008886502137988,6.491055701390494
59.20000000000057,0.0,3659.52184413709,160.26644934002277,-0.1745,71.60526635812768,-4.255546168287871,0.165,1.008886502137988,6.491055701390494
59.30000000000057,0.0,3666.6832989139316,159.84025188251982,-0.1745,71.62382917870399,-4.268402981771179,0.165,1.008886502137988,6.491055701390494
59.400000000000574,0.0,3673.8466377090435,159.41297458842644,-0.1745,71.64294672353236,-4.277142900096589,0.165,1.008886502137988,6.491055701390494
59.500000000000576,0.0,3681.011904411435,158.98495448054538,-0.1745,71.66238732429639,-4.283259257524507,0.165,1.008886502137988,6.491055701390494
59.60000000000058,0.0,3688.179123959613,158.55640635552635,-0.1745,71.68200363926684,-4.28770324285595,0.165,1.008886502137988,6.491055701390494
59.70000000000058,0.0,3695.3543335979907,158.1592834014483,-0.1495,71.82218912828587,-3.6547558387046992,0.8300000000000001,1.008886502137988,6.491055701390494
59.80000000000058,0.0,3702.535702304481,157.78206245614643,-0.1745,71.80518500152802,-3.889663067332818,0.165,1.008886502137988,6.491055701390494
59.90000000000058,0.0,3709.7160433285735,157.3855959162971,-0.1745,71.80163548032218,-4.039667729653806,0.165,1.008886502137988,6.491055701390494
60.00000000000058,0.0,3716.896451963717,156.97683156564935,-0.1745,71.80653722254577,-4.135619283300838,0.165,1.008886502137988,6.491055701390494
60.100000000000584,0.0,3724.0776165015714,156.56019201229537,-0.1745,71.81675353454285,-4.197171783778452,0.165,1.008886502137988,6.491055701390494
60.200000000000585,0.0,3731.2599695655263,156.13849143155423,-0.1745,71.83030774455902,-4.236839831044718,0.165,1.008886502137988,6.491055701390494
60.30000000000059,0.0,3738.443782460212,155.71352002031503,-0.1745,71.8459501491532,-4.262588393739344,0.165,1.008886502137988,6.491055701390494
60.40000000000059,0.0,3745.629224421713,155.2864163528044,-0.1745,71.86288908086983,-4.2794849564731186,0.165,1.008886502137988,6.491055701390494
60.50000000000059,0.0,3752.816399998099,154.85790447472863,-0.1745,71.88062244684767,-4.290752605042089,0.165,1.008886502137988,6.491055701390494
60.60000000000059,0.0,3760.005372701165,154.42844480355896,-0.1745,71.89883161447104,-4.298440818351148,0.165,1.008886502137988,6.491055701390494
60.70000000000059,0.0,3767.19617999855,153.99833013623447,-0.1745,71.91731433323015,-4.303852528138521,0.165,1.008886502137988,6.491055701390494
60.800000000000594,0.0,3774.388842827156,153.5677467149049,-0.1745,71.9359422388924,-4.307815898452931,0.165,1.008886502137988,6.491055701390494
60.900000000000595,0.0,3781.58337163384,153.13681305844884,-0.1745,71.95463389478913,-4.3108572306685735,0.165,1.008886502137988,6.491055701390494
61.0000000000006,0.0,3788.7797702123717,152.70560465009885,-0.1745,71.97333767583872,-4.313310936330945,0.165,1.008886502137988,6.491055701390494
61.1000000000006,0.0,3795.9780381410005,152.27416962990304,-0.1745,71.99202089673507,-4.3153894675851,0.165,1.008886502137988,6.491055701390494
61.2000000000006,0.0,3803.1781723310737,151.8425387677125,-0.1745,72.01066290473285,-4.317227776225504,0.165,1.008886502137988,6.491055701390494
61.3000000000006,0.0,3810.380168010854,151.4107318002097,-0.1745,72.0292506908732,-4.318911573830676,0.165,1.008886502137988,6.491055701390494
61.4000000000006,0.0,3817.5840193504678,150.97876145691666,-0.1745,72.04777610139989,-4.320495292030032,0.165,1.008886502137988,6.491055701390494
61.500000000000604,0.0,3824.789719858839,150.5466360175676,-0.1745,72.06623406602104,-4.3220134949511975,0.165,1.008886502137988,6.491055701390494
61.600000000000605,0.0,3831.9972626357567,150.11436093632884,-0.1745,72.08462147233213,-4.323488129824111,0.165,1.008886502137988,6.491055701390494
61.70000000000061,0.0,3839.2066405319147,149.6819398732011,-0.1745,72.10293645082459,-4.32493313273096,0.165,1.7047397308685381,6.214101695710305
61.80000000000061,0.0,3846.4173716651544,149.24535449524964,-0.1745,72.11168621397059,-4.406774426298132,0.165,1.7047397308685381,6.214101695710305
61.90000000000061,0.0,3853.6292006367034,148.80203815631785,-0.1745,72.12489321700619,-4.459552352337826,0.165,1.7047397308685381,6.214101695710305
62.00000000000061,0.0,3860.8424904647018,148.35437139419594,-0.1745,72.14090334295584,-4.493782890100547,0.165,1.7047397308685381,6.214101695710305
62.10000000000061,0.0,3868.060210684976,147.93596038384985,-0.1495,72.21350106252773,-3.8744373168212074,0.165,1.7047397308685381,6.214101695710305
62.200000000000614,0.0,3875.2806861844897,147.53620608348683,-0.1745,72.1960089277447,-4.120648690438917,0.165,1.7047397308685381,6.214101695710305
62.300000000000615,0.0,3882.5001146290547,147.11626024413823,-0.1745,72.1925599635534,-4.27826809653328,0.165,1.7047397308685381,6.214101695710305
62.40000000000062,0.0,3889.7196400989255,146.6833797285651,-0.1745,72.19794943386236,-4.379342214929561,0.165,1.7047397308685381,6.214101695710305
62.50000000000062,0.0,3896.939983009635,146.24219558790134,-0.1745,72.20890878032375,-4.444340598345396,0.165,1.7047397308685381,6.214101695710305
62.60000000000062,0.0,3904.1615971573765,145.7956620345787,-0.1745,72.22337417450943,-4.486330468107473,0.165,1.7047397308685381,6.214101695710305
62.70000000000062,0.0,3911.3880422718225,145.34508575929806,-0.1745,72.3055281144148,-4.525195037505435,0.8300000000000001,1.7047397308685381,6.214101695710305
62.80000000000062,0.0,3918.6189714798293,145.03731222149705,-0.06225,72.31305604571604,-1.6302757185147971,0.8300000000000001,1.7047397308685381,6.214101695710305
62.900000000000624,0.0,3925.8426583067494,144.82190579466027,-0.1745,72.16068049268824,-2.6778528182205923,0.165,1.7047397308685381,6.214101695710305
63.000000000000625,0.0,3933.054395002084,144.52059089424483,-0.1745,72.07405341400523,-3.3484451900878933,0.165,1.7047397308685381,6.214101695710305
63.10000000000063,0.0,3940.259483893418,144.1642765247282,-0.1745,72.02772441267024,-3.777842200245023,0.165,1.7047397308685381,6.214101695710305
63.20000000000063,0.0,3947.461192253622,143.77273975183076,-0.1745,72.00644279140991,-4.052893257703877,0.165,1.7047397308685381,6.214101695710305
63.30000000000063,0.0,3954.6615575121664,143.35863433687925,-0.1745,72.0008623794832,-4.229215041326508,0.165,1.7047397308685381,6.214101695710305
63.40000000000063,0.0,3961.8618591741442,142.93005282195486,-0.1745,72.00517086007675,-4.342415257161067,0.165,1.7047397308685381,6.214101695710305
63.50000000000063,0.0,3969.0629036722266,142.49216818336143,-0.1745,72.015719101569,-4.415277514707446,0.165,1.7047397308685381,6.214101695710305
63.600000000000634,0.0,3976.265199732565,142.0482857527339,-0.1745,72.0302021052027,-4.462371097843131,0.165,1.7047397308685381,6.214101695710305
63.700000000000635,0.0,3983.4690677527788,141.6005168108155,-0.1745,72.04715829906972,-4.49300774052514,0.165,1.7047397308685381,6.214101695710305
63.80000000000064,0.0,3990.6747086032738,141.15020960323096,-0.1745,72.06565871083066,-4.513136411165222,0.165,1.7047397308685381,6.214101695710305
63.90000000000064,-1000.0,3997.8822471412354,140.69822496142265,-0.1745,72.08511204839867,-4.526556425000957,0.165,1.7047397308685381,6.214101695710305
