t,reward,x,y,theta,vx,vy,throttle,wind_vx,wind_vy
0.0,0.0,122.29681927126572,952.0384444363128,0.029714798908939355,46.95971982526433,3.97716643077986,0.5,-0.4593202522765725,2.521596979895709
0.1,-1.6617273318840609,122.29681927126572,952.0384444363128,0.029714798908939355,46.95971982526433,3.97716643077986,0.5,-0.4593202522765725,2.521596979895709
0.2,-0.716693271408218,126.98722531193748,952.3571282222425,-0.08253520109106063,46.84840098817083,2.3965092878131355,0.165,-0.4593202522765725,2.521596979895709
0.30000000000000004,-0.00987237644582542,131.6565165999466,952.4859097923318,-0.1745,46.537424772011796,0.1791221139729,0.165,-0.4593202522765725,2.521596979895709
0.4,-0.566386710114462,136.30077996440843,952.4195657166226,-0.1745,46.34784251722485,-1.5060036281560625,0.165,-0.4593202522765725,2.521596979895709
0.5,-0.9911109768577016,140.93014736820928,952.2046713362887,-0.1745,46.23950555879189,-2.791883978523317,0.165,-0.4593202522765725,2.521596979895709
0.6,-1.3141430990655376,145.5514809144292,951.876363609415,-0.1745,46.187165365606376,-3.7742705589507404,0.165,-0.4593202522765725,2.521596979895709
0.7,-1.559017507422928,150.16955248741726,951.4614188544134,-0.1745,46.17426609415511,-4.524624541081233,0.165,-0.4593202522765725,2.521596979895709
0.7999999999999999,-1.744028084131892,154.78774597063708,950.9803235620931,-0.1745,46.1896035702413,-5.0972813053260975,0.165,-0.4593202522765725,2.521596979895709
0.8999999999999999,-1.8833205864722506,159.40849647584565,950.44876451941,-0.1745,46.22540653393026,-5.533899548334034,0.165,-0.4593202522765725,2.521596979895709
0.9999999999999999,-1.987784447931222,164.03357573401374,949.8787443301983,-0.1745,46.27617862943128,-5.866504235900867,0.165,-0.4593202522765725,2.521596979895709
1.0999999999999999,-2.0657712342326384,168.66428324053604,949.2794336272735,-0.1745,46.337971501014735,-6.119709822594974,0.165,-0.4593202522765725,2.521596979895709
1.2,-2.123666467119241,173.30157749015444,948.6578277912107,-0.1745,46.40791349135348,-6.312406898661562,0.165,-0.4593202522765725,2.521596979895709
1.3,-2.166340098181367,177.94616794214681,948.0192542064211,-0.1745,46.48389554849383,-6.459064797129817,0.165,-0.4593202522765725,2.521596979895709
1.4000000000000001,-2.1974984301928644,182.59858056357663,947.3677637698371,-0.1745,46.56435688010257,-6.570743934550831,0.165,-0.4593202522765725,2.521596979895709
1.5000000000000002,-1.6677849465231442,187.25920519031834,946.7064324308171,-0.1745,46.64813565473131,-6.655882845848302,0.165,-0.4593202522765725,2.521596979895709
1.6000000000000003,-1.8225968172735807,191.9240134234865,946.1036911925936,-0.06225,46.64802900863229,-5.3989419186234056,0.495,-0.4593202522765725,2.521596979895709
1.7000000000000004,-1.9385815265422273,196.59102547346453,945.5452438595362,-0.1745,46.69221199092816,-5.770004742524291,0.165,-0.4593202522765725,2.521596979895709
1.8000000000000005,-2.0251119332467264,201.2630868069321,944.9541553243512,-0.1745,46.74901467842345,-6.0517659611761525,0.165,-0.4593202522765725,2.521596979895709
1.9000000000000006,-2.0893407314154975,205.94129301932244,944.3382854843693,-0.1745,46.81510956938338,-6.26563083846248,0.165,-0.4593202522765725,2.521596979895709
2.0000000000000004,-2.136711657619771,210.6264518855956,943.7036061109042,-0.1745,46.88806775607982,-6.427956630840537,0.165,-0.4593202522765725,2.521596979895709
2.1000000000000005,-2.171358592174916,215.319160337039,943.0546473734477,-0.1745,46.96610127278798,-6.551218118289381,0.165,-0.4593202522765725,2.521596979895709
2.2000000000000006,-2.1964149186159543,220.01985967093577,942.3948409290513,-0.1745,47.047885405147404,-6.64491076963942,0.165,-0.4593202522765725,2.521596979895709
2.3000000000000007,-2.214251957051212,224.72887563234565,941.7267829128288,-0.1745,47.13243382304987,-6.716249554810161,0.165,-0.4593202522765725,2.521596979895709
2.400000000000001,-2.2266619012949564,229.44644779537217,941.052435032056,-0.1745,47.219009437480565,-6.770708060645203,0.165,-0.4593202522765725,2.521596979895709
2.500000000000001,-2.2349976708790047,234.1727512635947,940.3732779765043,-0.1745,47.30705992697043,-6.812433050390213,0.165,-0.4593202522765725,2.521596979895709
2.600000000000001,-2.240279516379706,238.9079127906295,939.6904282111726,-0.1745,47.39617061372521,-6.844562256243175,0.165,-0.4593202522765725,2.521596979895709
2.700000000000001,-1.6806589408582548,243.65202280796393,939.0047267323047,-0.1745,47.48602973296372,-6.869467321115592,0.165,-0.4593202522765725,2.521596979895709
2.800000000000001,-0.7206632473457422,248.40217551675266,938.3852078125924,-0.06225,47.51702444281078,-5.5209110731291915,0.8300000000000001,-0.4593202522765725,2.521596979895709
2.9000000000000012,-0.5539137608418349,253.131636347872,937.9496735670149,0.04999999999999999,47.07219217957567,-3.1897738384214036,0.495,-0.4593202522765725,2.521596979895709
3.0000000000000013,-0.980579803777434,257.8382006213059,937.6504496361428,-0.06225,47.059093289102556,-2.794704779020505,0.165,-0.4593202522765725,2.521596979895709
3.1000000000000014,-1.3034347397050905,262.5411819794034,937.3207853484008,-0.1745,47.000533872847946,-3.7985809758181652,0.165,-0.4593202522765725,2.521596979895709
3.2000000000000015,-1.5469448399909398,267.24037134496996,936.9027957884457,-0.1745,46.98325343848342,-4.561210223284388,0.165,-0.4593202522765725,2.521596979895709
3.3000000000000016,-1.7300141004667327,271.9393021404062,936.4177281064356,-0.1745,46.99536247024177,-5.140143416919153,0.165,-0.4593202522765725,2.521596979895709
3.4000000000000017,-1.8671744797483525,276.6405033317709,935.8817591293177,-0.1745,47.02866135705231,-5.579236125437065,0.165,-0.4593202522765725,2.521596979895709
3.5000000000000018,-1.969548495877943,281.34580544063436,935.3071972097047,-0.1745,47.07738082021659,-5.912002266823679,0.165,-0.4593202522765725,2.521596979895709
3.600000000000002,-2.0456182969975796,286.0565443124952,934.7033945827648,-0.1745,47.137396616999794,-6.164050271974451,0.165,-0.4593202522765725,2.521596979895709
3.700000000000002,-2.101833123689075,290.7737003071198,934.0774460621857,-0.1745,47.20572327549187,-6.354920139607082,0.165,-0.4593202522765725,2.521596979895709
3.800000000000002,-2.143084459328541,295.49799538780246,933.4347253949581,-0.1745,47.28017833816142,-6.49949320494342,0.165,-0.4593202522765725,2.521596979895709
3.900000000000002,-2.1730747284724075,300.229962015042,932.7792967036573,-0.1745,47.35915420663029,-6.609080621073464,0.165,-0.4593202522765725,2.521596979895709
4.000000000000002,-2.1946015633512688,304.9699927173216,932.1142294703652,-0.1745,47.44145983896095,-6.692264044769835,0.165,-0.4593202522765725,2.521596979895709
4.100000000000001,-2.209775857484019,309.71837615714804,931.4418390933416,-0.1745,47.5262089575687,-6.755543495702852,0.165,-0.4593202522765725,2.521596979895709
4.200000000000001,-2.2201883519427,314.4753236018037,930.7638701648733,-0.1745,47.61273993554491,-6.803835073663197,0.165,-0.4593202522765725,2.521596979895709
4.300000000000001,-2.2270364910099456,319.2409884833006,930.0816358053129,-0.1745,47.700557694392636,-6.840852117544692,0.165,-0.4593202522765725,2.521596979895709
4.4,-2.231220771966744,324.0154809261096,929.39612338681,-0.1745,47.78929116178729,-6.869396252513491,0.165,-0.4593202522765725,2.521596979895709
4.5,-2.2334177703408606,328.79887857866214,928.7080746210128,-0.1745,47.878661889263945,-6.891579063431771,0.165,-0.4593202522765725,2.521596979895709
4.6,-1.666713437663994,333.591234711607,928.0180461396988,-0.1745,47.9684607696329,-6.908990562849186,0.165,-0.4593202522765725,2.521596979895709
4.699999999999999,-1.8128047674667822,338.3879370271605,927.3963084809533,-0.06225,47.9655855414372,-5.525762612060888,0.495,-0.4593202522765725,2.521596979895709
4.799999999999999,-1.9213399410744805,343.1866131677599,926.8257410168696,-0.1745,48.00793727055068,-5.885586669612981,0.165,-0.4593202522765725,2.521596979895709
4.899999999999999,-2.0016412885338477,347.99015791691716,926.2236361102802,-0.1745,48.06295771259479,-6.156511462177727,0.165,-0.4593202522765725,2.521596979895709
4.999999999999998,-2.060755299904517,352.79966750978457,925.5977872909226,-0.1745,48.12723414475389,-6.360464924972924,0.165,-0.4593202522765725,2.521596979895709
5.099999999999998,-2.1039948215943207,357.6159438037614,924.9540619007051,-0.1745,48.19829173478237,-6.514042879375325,0.165,-0.4593202522765725,2.521596979895709
5.1999999999999975,-2.1353572699542984,362.43957444413746,924.296870666595,-0.1745,48.274321072739,-6.629781802825708,0.165,-0.4593202522765725,2.521596979895709
5.299999999999997,-2.157845127445966,367.2709900490274,923.6295248481981,-0.1745,48.353991025059415,-6.717134565113408,0.165,-0.4593202522765725,2.521596979895709
5.399999999999997,-2.045855635628887,372.11050548819054,922.9545072607119,-0.1745,48.43631775820337,-6.783217184611244,0.165,-0.4593202522765725,2.521596979895709
5.4999999999999964,-2.089292817107974,376.9620741102806,922.2889784943522,-0.1495,48.59505468359689,-6.527358142582074,0.8300000000000001,-0.4593202522765725,2.521596979895709
5.599999999999996,-2.120748594267589,381.8253261527203,921.6303997873302,-0.1745,48.66998616519838,-6.6442159978576445,0.165,-0.4593202522765725,2.521596979895709
5.699999999999996,-2.143274865349504,386.6962575647536,920.9615788948907,-0.1745,48.74864207546695,-6.732201850931725,0.165,-0.4593202522765725,2.521596979895709
5.799999999999995,-2.159154515561259,391.5751901113864,920.2850382712571,-0.1745,48.83000885718956,-6.798610621741659,0.165,-0.4593202522765725,2.521596979895709
5.899999999999995,-2.1700930663855353,396.46235739714206,919.60266219067,-0.1745,48.913336857923305,-6.848910990001378,0.165,-0.4593202522765725,2.521596979895709
5.999999999999995,-2.1773633093087046,401.3579277519565,918.9158567727322,-0.1745,48.99807023836492,-6.887197368753203,0.165,-0.4593202522765725,2.521596979895709
6.099999999999994,-2.1819141755123797,406.26202107113426,918.2256703140954,-0.1745,49.0837961451903,-6.9165318039838635,0.165,-0.4593202522765725,2.521596979895709
6.199999999999994,-2.1844525134941266,411.1747212566078,917.5328836253711,-0.1745,49.17020756428103,-6.9392019705011005,0.165,-0.4593202522765725,2.521596979895709
6.299999999999994,-2.1855044108860673,416.0960854353394,916.8380777546666,-0.1745,49.2570760103505,-6.956915443589204,0.165,-0.4593202522765725,2.521596979895709
6.399999999999993,-2.1854611112488422,421.0261508038163,916.1416846962778,-0.1745,49.34423135918779,-6.970945724186222,0.165,-0.4593202522765725,2.521596979895709
6.499999999999993,-2.1846133537593957,425.9649397170911,915.4440253184546,-0.1745,49.4315469063089,-6.98224183227751,0.165,-0.4593202522765725,2.521596979895709
6.5999999999999925,-2.183177027410476,430.9124634760162,914.7453377043203,-0.1745,49.5189282721939,-6.99151045040905,0.165,-0.4593202522765725,2.521596979895709
6.699999999999992,-2.1813123183989465,435.8687251471686,914.045798310665,-0.1745,49.60630515085343,-6.999277422697922,0.165,-0.4593202522765725,2.521596979895709
6.799999999999992,-2.1791379888063265,440.83372166304935,913.3455377519582,-0.1745,49.69362516676058,-7.005933751438386,0.165,-0.4593202522765725,2.521596979895709
6.8999999999999915,-2.1767420161365623,445.8074453863198,912.6446525659912,-0.1745,49.78084929864826,-7.011769967900419,0.165,-0.4593202522765725,2.521596979895709
6.999999999999991,-2.1741895153185533,450.7898852747281,911.9432139778739,-0.1745,49.867948469517714,-7.0170017944457586,0.165,-0.4593202522765725,2.521596979895709
7.099999999999991,-2.171528633120387,455.7810277484791,911.2412744236672,-0.1745,49.95490100550315,-7.0217892896898775,0.165,-0.4593202522765725,2.521596979895709
7.19999999999999,-2.1687949309494354,460.78085733587557,910.5388724031196,-0.1745,50.0416907424254,-7.026251121260941,0.165,-0.4593202522765725,2.521596979895709
7.29999999999999,-2.1660146415456194,465.7893571537615,909.83603608712,-0.1745,50.12830561529307,-7.030475198731956,0.165,-0.4593202522765725,2.521596979895709
7.39999999999999,-2.163207087351944,470.8065092649224,909.1327859977032,-0.1745,50.21473660792488,-7.03452658960294,0.165,-0.4593202522765725,2.521596979895709
7.499999999999989,-1.5655354622162125,475.83229494387206,908.429136997788,-0.1745,50.300976971068195,-7.038453408700873,0.165,-0.4593202522765725,2.521596979895709
7.599999999999989,-1.7223711876179515,480.8638439707909,907.8015072407676,-0.06225,50.33000356730924,-5.5141417317060455,0.8300000000000001,-0.4593202522765725,2.521596979895709
7.699999999999989,-1.7046265126262177,485.89831486978557,907.2299680487472,-0.1745,50.35941441258394,-5.91664210870077,0.165,-0.4593202522765725,2.521596979895709
7.799999999999988,-1.8238877931962985,490.93757216112095,906.6402195823073,-0.1495,50.42573141412336,-5.878327220097823,0.165,-0.4593202522765725,2.521596979895709
7.899999999999988,-1.9109990075069427,495.9822917118687,906.0369129448376,-0.1745,50.468659600830954,-6.187805529296206,0.165,-0.4593202522765725,2.521596979895709
7.999999999999988,-1.9743605867728515,501.03187813087726,905.4066659970051,-0.1745,50.523068779340626,-6.417133427351996,0.165,-0.4593202522765725,2.521596979895709
8.099999999999987,-2.02020531601521,506.08731903099226,904.7564522658461,-0.1745,50.585749222958974,-6.587141195828034,0.165,-0.4593202522765725,2.521596979895709
8.199999999999987,-2.0531479937300503,511.1493263434985,904.0914299931018,-0.1745,50.654397027165444,-6.713304259058581,0.165,-0.4593202522765725,2.521596979895709
8.299999999999986,-2.076599554035223,516.2184135362116,903.4154097687069,-0.1745,50.72734682709637,-6.807100228838078,0.165,-0.4593202522765725,2.521596979895709
8.399999999999986,-2.0930774871046722,521.2949503065388,902.7312033402616,-0.1745,50.80338857944633,-6.877028340068201,0.165,-0.4593202522765725,2.521596979895709
8.499999999999986,-2.1044375892304963,526.3792017242024,902.0408832455604,-0.1745,50.88163977382479,-6.929373553955136,0.165,-0.4593202522765725,2.521596979895709
8.599999999999985,-2.112046429159556,531.4713564660399,901.3459756810374,-0.1745,50.96145506292564,-6.9687777365046575,0.165,-0.4593202522765725,2.521596979895709
8.699999999999985,-2.1169093712331586,536.5715473022044,900.6476035187337,-0.1745,51.042361660365515,-6.998665509570154,0.165,-0.4593202522765725,2.521596979895709
8.799999999999985,-2.114748442950216,541.6798660240032,899.9465921925351,-0.1745,51.12401277560956,-7.021561014401568,0.165,-0.5949287662185397,2.575831390371364
8.899999999999984,-2.1124854332199408,546.7964445243529,899.2441926672614,-0.1745,51.20755723138373,-7.026429491074195,0.165,-0.5949287662185397,2.575831390371364
8.999999999999984,-2.1101540879497676,551.9213690560073,898.5413218858018,-0.1745,51.29093340170533,-7.030986138116689,0.165,-0.5949287662185397,2.575831390371364
9.099999999999984,-2.1087648613759575,557.0546221999477,897.8380067545712,-0.1745,51.374129477102926,-7.035316486496098,0.165,-0.5949287662185397,2.575831390371364
9.199999999999983,-2.105477149331162,562.1994600159366,897.1336894955438,-0.1745,51.52262684267395,-7.051028694051997,0.8300000000000001,-0.5949287662185397,2.575831390371364
9.299999999999983,-2.10242268286219,567.3558706714172,896.42850007483,-0.1745,51.60558626693913,-7.052759720221953,0.165,-0.5949287662185397,2.575831390371364
9.399999999999983,-2.099544473849453,572.5205629719509,895.7231103365268,-0.1745,51.68825974373481,-7.055035045841172,0.165,-0.5949287662185397,2.575831390371364
9.499999999999982,-2.096800831016996,577.693509299985,895.0174730841802,-0.1745,51.77066681694693,-7.057710001090284,0.165,-0.5949287662185397,2.575831390371364
9.599999999999982,-2.094161256254668,582.874683729718,894.3115536510243,-0.1745,51.85282177771303,-7.060678662029672,0.165,-0.5949287662185397,2.575831390371364
9.699999999999982,-2.0916034374430876,588.0640615717949,893.605326542794,-0.1745,51.93473506382516,-7.063863502574971,0.165,-0.5949287662185397,2.575831390371364
9.799999999999981,-2.0891110460000863,593.2616190394223,892.8987729777318,-0.1745,52.01641428872156,-7.067207798669848,0.165,-0.5949287662185397,2.575831390371364
9.89999999999998,-2.0866721246980706,598.4673330037349,892.1918790850115,-0.1745,52.097864997531914,-7.0706700557367315,0.165,-0.5949287662185397,2.575831390371364
9.99999999999998,-2.0842779082154106,603.6811808147203,891.4846345860869,-0.1745,52.17909122217531,-7.074219922754277,0.165,-0.5949287662185397,2.575831390371364
10.09999999999998,-2.082928512900912,608.9031401702609,890.7770318300464,-0.1745,52.26009588863865,-7.077835198055539,0.165,-0.5949287662185397,2.575831390371364
10.19999999999998,-2.079734381679649,614.1364635252602,890.0684878159465,-0.1745,52.40637121134575,-7.093045083943565,0.8300000000000001,-0.5949287662185397,2.575831390371364
10.29999999999998,-2.0768154871848488,619.3811362199906,889.3591140474547,-0.1745,52.487082683261555,-7.094430285893106,0.165,-0.5949287662185397,2.575831390371364
10.399999999999979,-2.0741017865652807,624.6338648199024,888.649568440994,-0.1745,52.567489314975525,-7.096481843319194,0.165,-0.5949287662185397,2.575831390371364
10.499999999999979,-2.0715423669191795,629.894620081899,887.9397934138984,-0.1745,52.647615924955005,-7.099018698592589,0.165,-0.5949287662185397,2.575831390371364
10.599999999999978,-2.0691002271628975,635.163374906913,887.2297470230291,-0.1745,52.72748057532431,-7.101909118794489,0.165,-0.5949287662185397,2.575831390371364
10.699999999999978,-2.0667484779390386,640.4401037557811,886.5193987022138,-0.1745,52.80709640203847,-7.105057297510514,0.165,-0.5949287662185397,2.575831390371364
10.799999999999978,-2.064467575674872,645.724782223494,885.8087261582427,-0.1745,52.8864729522179,-7.108393581910634,0.165,-0.5949287662185397,2.575831390371364
10.899999999999977,-2.062243310443968,651.0173867291345,885.0977131117481,-0.1745,52.965617160591066,-7.11186734798033,0.165,-0.5949287662185397,2.575831390371364
10.999999999999977,-2.060065342994318,656.3178942902598,884.3863476538912,-0.1745,53.04453406191427,-7.115441809157889,0.165,-0.5949287662185397,2.575831390371364
11.099999999999977,-2.0579261416443853,661.6262823588754,883.6746210516433,-0.1745,53.123227310398924,-7.119090235801814,0.165,-0.5949287662185397,2.575831390371364
11.199999999999976,-2.0558202101785334,666.9425287023041,882.9625268796731,-0.1745,53.2016995581757,-7.1227932036021935,0.165,-0.5949287662185397,2.575831390371364
11.299999999999976,-1.4225294783229248,672.2666113167566,882.2500603898926,-0.1745,53.27995273087204,-7.126536592007024,0.165,-0.5949287662185397,2.575831390371364
11.399999999999975,-1.5993457369866415,677.5926372521358,881.6231795298362,-0.06225,53.24056597671328,-5.411080609120566,0.165,-0.5949287662185397,2.575831390371364
11.499999999999975,-1.7266372638992753,682.9171327595052,881.05826059361,-0.1745,53.24934417067434,-5.887298115403373,0.165,-0.5949287662185397,2.575831390371364
11.599999999999975,-1.8180057892463821,688.2435035704381,880.4522389257537,-0.1745,53.27807204798249,-6.2331352417228585,0.165,-0.5949287662185397,2.575831390371364
11.699999999999974,-1.8833636918684327,693.573447941434,879.8163663464837,-0.1745,53.32081537193505,-6.484316343677556,0.165,-0.5949287662185397,2.575831390371364
11.799999999999974,-1.9299164923843657,698.9081612334853,879.1588072752428,-0.1745,53.37345046909217,-6.6668650811408,0.165,-0.5949287662185397,2.575831390371364
11.899999999999974,-1.9628913145174345,704.2484878179038,878.4854784395658,-0.1745,53.43308121927677,-6.799711632400466,0.165,-0.5949287662185397,2.575831390371364
11.999999999999973,-1.9860737614935295,709.5950247655029,877.8006625989963,-0.1745,53.49765773270578,-6.89660517898875,0.165,-0.5949287662185397,2.575831390371364
12.099999999999973,-2.0022016827048597,714.9481936974324,877.1074564626226,-0.1745,53.565720905884824,-6.967517548485037,0.165,-0.5949287662185397,2.575831390371364
12.199999999999973,-2.013252876579446,720.3082911429642,876.408096999903,-0.1745,53.63622800475029,-7.019671705907906,0.165,-0.5949287662185397,2.575831390371364
12.299999999999972,-2.0206546701284522,725.675524132478,875.7041987333421,-0.1745,53.708431785524986,-7.05829362531008,0.165,-0.5949287662185397,2.575831390371364
12.399999999999972,-2.025436229897444,731.0500355098337,874.9969260183537,-0.1745,53.781795761589066,-7.087160674457038,0.165,-0.5949287662185397,2.575831390371364
12.499999999999972,-2.028339046391321,736.4319220129539,874.2871179466501,-0.1745,53.85593430081482,-7.10900075961428,0.165,-0.5949287662185397,2.575831390371364
12.599999999999971,-2.0298969571170034,741.8212472286222,873.5753787920524,-0.1745,53.93057001254981,-7.125782332339771,0.165,-0.5949287662185397,2.575831390371364
12.69999999999997,-2.0304940345500255,747.2180508941624,872.8621434361345,-0.1745,54.00550329825375,-7.13892478602,0.165,-0.5949287662185397,2.575831390371364
12.79999999999997,-2.030406417784183,752.6223555853481,872.1477246516338,-0.1745,54.080590525460806,-7.1494509039935945,0.165,-0.5949287662185397,2.575831390371364
12.89999999999997,-2.0298325138897444,758.0341715290942,871.4323472463927,-0.1745,54.15572834946071,-7.158097200826322,0.165,-0.5949287662185397,2.575831390371364
12.99999999999997,-2.028914784904758,763.4535000683323,870.7161727007489,-0.1745,54.23084243530241,-7.1653937120515705,0.165,-0.5949287662185397,2.575831390371364
13.09999999999997,-2.0277554532569884,768.8803361570044,869.9993169329676,-0.1745,54.30587933813812,-7.171721643573305,0.165,-0.5949287662185397,2.575831390371364
13.199999999999969,-2.0264278155219766,774.3146701566468,869.2818631011435,-0.1745,54.38080065470849,-7.177354992909346,0.165,-0.5949287662185397,2.575831390371364
13.299999999999969,-2.024984387328092,779.7564891298797,868.5638708226171,-0.1745,54.45557880994945,-7.182490577618625,0.165,-0.5949287662185397,2.575831390371364
13.399999999999968,-2.023462763379419,785.2057777714598,867.845382809452,-0.1745,54.53019402165197,-7.187269685685031,0.165,-0.5949287662185397,2.575831390371364
13.499999999999968,-2.021889831078792,790.6625190782511,867.1264296413868,-0.1745,54.604632114173036,-7.191793675617026,0.165,-0.5949287662185397,2.575831390371364
13.599999999999968,-2.0202847985681127,796.1266948311667,866.4070331970925,-0.1745,54.67888294413901,-7.196135210271429,0.165,-0.5949287662185397,2.575831390371364
13.699999999999967,-1.8736306664460183,801.5982859417352,865.6872091194923,-0.1745,54.752939267232215,-7.200346341730498,0.165,-0.5949287662185397,2.575831390371364
13.799999999999967,-1.914076764373861,807.0782380643361,864.9870501996154,-0.1495,54.84610318478567,-6.802832055808164,0.165,-0.5949287662185397,2.575831390371364
13.899999999999967,-1.9435780748699247,812.565712335918,864.300823470206,-0.1745,54.90338224685127,-6.921702532380307,0.165,-0.5949287662185397,2.575831390371364
13.999999999999966,-1.9624778522512443,818.0624166829575,863.6037779364492,-0.1745,55.030704693940756,-7.019208142754087,0.8300000000000001,-0.5949287662185397,2.575831390371364
14.099999999999966,-1.9754637583154164,823.568743684903,862.898847925583,-0.1745,55.095835344969316,-7.0793920745703804,0.165,-0.5949287662185397,2.575831390371364
14.199999999999966,-1.984239905226314,829.0816890703884,862.1887088417972,-0.1745,55.163072364738625,-7.123389601146478,0.165,-0.5949287662185397,2.575831390371364
14.299999999999965,-1.9905593987024583,834.6014300367185,861.4747475032237,-0.1745,55.23174696186378,-7.155837170321072,0.165,-0.5949287662185397,2.575831390371364
14.399999999999965,-1.9938061270720744,840.1297115126042,860.7576667470452,-0.1745,55.33388255585099,-7.1857779532511366,0.495,-0.5949287662185397,2.575831390371364
14.499999999999964,-1.9956649248046272,845.6666160571464,860.0382288255979,-0.1745,55.4042083349928,-7.2029804756930895,0.165,-0.5949287662185397,2.575831390371364
14.599999999999964,-1.9976115683083349,851.2105700105417,859.3172633176479,-0.1745,55.474870732912976,-7.216329683308626,0.165,-0.5949287662185397,2.575831390371364
14.699999999999964,-1.9969728119334822,856.7648736358293,858.5945227338325,-0.1745,55.61120177283855,-7.238481992999871,0.8300000000000001,-0.5949287662185397,2.575831390371364
14.799999999999963,-1.9960888862420596,862.3295457670587,857.8703571492522,-0.1745,55.682240851747835,-7.244829698606985,0.165,-0.5949287662185397,2.575831390371364
14.899999999999963,-1.995035177578603,867.9013163502232,857.1455926809715,-0.1745,55.753170811542084,-7.25045966700762,0.165,-0.5949287662185397,2.575831390371364
14.999999999999963,-1.9938651808856833,873.4801730044985,856.4202907191677,-0.1745,55.823962273965776,-7.2555795690681055,0.165,-0.5949287662185397,2.575831390371364
15.099999999999962,-1.992616827154804,879.0661008379969,855.6944948893515,-0.1745,55.89459439600259,-7.260337027256595,0.165,-0.5949287662185397,2.575831390371364
15.199999999999962,-1.9913169879955746,884.6590831784715,854.9682361922828,-0.1745,55.965052413488614,-7.264836914118444,0.165,-0.5949287662185397,2.575831390371364
15.299999999999962,-1.9899846807082633,890.259102093656,854.2415366623757,-0.1745,56.03532589020004,-7.269153684023845,0.165,-0.5949287662185397,2.575831390371364
15.399999999999961,-1.9886333475092766,895.866138761677,853.5144119702092,-0.1745,56.105407470220214,-7.27334015930745,0.165,-0.5949287662185397,2.575831390371364
15.499999999999961,-1.9872724754937527,901.4801737346514,852.786873272904,-0.1745,56.17529198926903,-7.277433786794781,0.165,-0.5949287662185397,2.575831390371364
15.59999999999996,-1.9859087474186903,907.1011871262141,852.0589285290338,-0.1745,56.24497584198471,-7.281461090609443,0.165,-0.5949287662185397,2.575831390371364
15.69999999999996,-1.9845468587642787,912.7291587448954,851.3305834325247,-0.1745,56.31445653164167,-7.285440839571622,0.165,-0.5949287662185397,2.575831390371364
15.79999999999996,-1.9837233433245285,918.36406818897,850.6018420755931,-0.1745,56.38373234985028,-7.289386299060323,0.165,-0.5949287662185397,2.575831390371364
15.89999999999996,-1.9819723347170928,924.0075198561291,849.8724209530916,-0.1745,56.48530099333085,-7.299036150969573,0.495,-0.5949287662185397,2.575831390371364
15.99999999999996,-1.980351017084131,929.6594963284,849.1423796423728,-0.1745,56.55422845208827,-7.30179006340597,0.165,-0.5949287662185397,2.575831390371364
16.09999999999996,-1.9788248372193604,935.3183527638772,848.4120466974404,-0.1745,56.62290025745528,-7.304868835242588,0.165,-0.5949287662185397,2.575831390371364
16.19999999999996,-1.9773693829190369,940.9840642972036,847.6813944532624,-0.1745,56.69133040907434,-7.308176048314979,0.165,-0.5949287662185397,2.575831390371364
16.29999999999996,-1.9759674062064274,946.6566072612595,846.9504034730876,-0.1745,56.75952887204418,-7.3116435551814085,0.165,-0.5949287662185397,2.575831390371364
16.399999999999963,-1.9746067179638653,952.3359588426885,846.2190601350619,-0.1745,56.82750275653485,-7.315223205332228,0.165,-0.5949287662185397,2.575831390371364
16.499999999999964,-1.973278699607421,958.0220968382116,845.4873549254985,-0.1745,56.895257153929045,-7.318880985936448,0.165,-0.5949287662185397,2.575831390371364
16.599999999999966,-1.9719772514774832,963.7149994823652,844.7552812324748,-0.1745,56.96279572914215,-7.322592874538794,0.165,-0.5949287662185397,2.575831390371364
16.699999999999967,-1.9706980501665539,969.4146453258212,844.0228344934994,-0.1745,57.0301211399765,-7.3263419049689205,0.165,-0.5949287662185397,2.575831390371364
16.79999999999997,-1.9694380242844758,975.1210131495126,843.2900115936212,-0.1745,57.097235333850726,-7.330116092595818,0.165,-0.5949287662185397,2.575831390371364
16.89999999999997,-1.96819498459565,980.8340819040874,842.5568104405928,-0.1745,57.16413975764482,-7.333906967972177,0.165,-0.5949287662185397,2.575831390371364
16.99999999999997,-1.9669673631982896,986.5538306672706,841.8232296651449,-0.1745,57.23083550601924,-7.337708540984326,0.165,-0.5949287662185397,2.575831390371364
17.099999999999973,-1.9657540296881737,992.280238613881,841.0892684096217,-0.1745,57.29732342618935,-7.341516569481087,0.165,-0.5949287662185397,2.575831390371364
17.199999999999974,-1.9645541616469773,998.0132849947854,840.3549261789907,-0.1745,57.363604191897785,-7.345328043139708,0.165,-0.5949287662185397,2.575831390371364
17.299999999999976,-1.963367153446003,1003.7529491221608,839.6202027358634,-0.1745,57.42967835561003,-7.349140819407009,0.165,-0.5949287662185397,2.575831390371364
17.399999999999977,-1.962192552060575,1009.4992103592074,838.8850980265513,-0.1745,57.49554638532212,-7.352953366834828,0.165,-0.5949287662185397,2.575831390371364
17.49999999999998,-1.9610300119162742,1015.2520481129985,838.1496121289987,-0.1745,57.561208690500536,-7.356764584218394,0.165,-0.5949287662185397,2.575831390371364
17.59999999999998,-1.9598792631385233,1021.0114418295411,837.4137452161272,-0.1745,57.62666564035062,-7.360573673212429,0.165,-0.5949287662185397,2.575831390371364
17.69999999999998,-1.9587400892369007,1026.7773709903922,836.6774975300337,-0.1745,57.691917576672616,-7.364380048656022,0.165,-0.5949287662185397,2.575831390371364
17.799999999999983,-1.9576123114274164,1032.549815110371,835.9408693638272,-0.1745,57.75696482290098,-7.368183275473845,0.165,-0.5949287662185397,2.575831390371364
17.899999999999984,-1.9564957776227323,1038.3287537360386,835.2038610488386,-0.1745,57.82180769045379,-7.371983024298482,0.165,-0.5949287662185397,2.575831390371364
17.999999999999986,-1.9553903547033618,1044.1141664447207,834.46647294561,-0.1745,57.886446483187115,-7.375779040273872,0.165,-0.5949287662185397,2.575831390371364
18.099999999999987,-1.269408957863774,1049.906032843906,833.7287054375396,-0.1745,57.950881500515315,-7.379571121134687,0.165,-0.5949287662185397,2.575831390371364
18.19999999999999,-1.4772894854742784,1055.698944471514,833.0915921771792,-0.06225,57.90735105165017,-5.362694086073656,0.165,-0.5949287662185397,2.575831390371364
18.29999999999999,-1.6225330971303524,1061.4883020204188,832.5251222899951,-0.1745,57.87979992644429,-5.966703657607629,0.165,-0.5949287662185397,2.575831390371364
18.39999999999999,-1.7237906257154154,1067.276345812044,831.9072343290707,-0.1745,57.88107590605748,-6.391055560882546,0.165,-0.5949287662185397,2.575831390371364
18.499999999999993,-1.7942128851451633,1073.0654942417748,831.2532187310912,-0.1745,57.90189268856187,-6.689256398705999,0.165,-0.5949287662185397,2.575831390371364
18.599999999999994,-1.8430498084349298,1078.857391113855,830.5738076522523,-0.1745,57.936044753046424,-6.898965178073351,0.165,-0.5949287662185397,2.575831390371364
18.699999999999996,-1.8767946548419465,1084.6531598355239,829.8765261989645,-0.1745,57.979329680330814,-7.046663887683224,0.165,-0.5949287662185397,2.575831390371364
18.799999999999997,-1.8999983262840636,1090.4535700431015,829.1666454114747,-0.1745,58.02887447122127,-7.150951862111256,0.165,-0.5949287662185397,2.575831390371364
18.9,-1.9158463163654815,1096.2591488616004,828.4478540177671,-0.1745,58.08270189875392,-7.2248760120426905,0.165,-0.5949287662185397,2.575831390371364
19.0,-1.9265660371627449,1102.0702562051656,827.7227313094265,-0.1745,58.13944497255299,-7.277578154768366,0.165,-0.5949287662185397,2.575831390371364
19.1,-1.9337136041633567,1107.887136237821,826.993079521725,-0.1745,58.198155680556965,-7.315457599263027,0.165,-0.5949287662185397,2.575831390371364
19.200000000000003,-1.9383753243581727,1113.7099527843577,826.2601571377381,-0.1745,58.2581752501744,-7.342990080474675,0.165,-0.5949287662185397,2.575831390371364
19.300000000000004,-1.9413090235402648,1119.5388138135356,825.5248424523447,-0.1745,58.31904533338355,-7.363303627393813,0.165,-0.5949287662185397,2.575831390371364
19.400000000000006,-1.943043046373094,1125.3737884208363,824.7877481254058,-0.1745,58.380446812627994,-7.378582911384711,0.165,-0.5949287662185397,2.575831390371364
19.500000000000007,-1.9439455327458333,1131.2149186338704,824.0493013392886,-0.1745,58.442157448055994,-7.390352810957549,0.165,-0.5949287662185397,2.575831390371364
19.60000000000001,-1.9442728518652492,1137.0622276300533,823.3097998453841,-0.1745,58.504022475601964,-7.3996770671330365,0.165,-0.5949287662185397,2.575831390371364
19.70000000000001,-1.9442034389595644,1142.9157254615711,822.5694511254118,-0.1745,58.565934154753165,-7.4072973323120825,0.165,-0.5949287662185397,2.575831390371364
19.80000000000001,-1.9438614182165912,1148.7754130454969,821.8283997376179,-0.1745,58.62781752376221,-7.4137304235658155,0.165,-0.5949287662185397,2.575831390371364
19.900000000000013,-1.94333308500204,1154.64128494523,821.0867464015699,-0.1745,58.68962047089946,-7.41933629739409,0.165,-0.5949287662185397,2.575831390371364
20.000000000000014,-1.9426783993582453,1160.5133313093456,820.3445613101408,-0.1745,58.75130681141534,-7.424365531190201,0.165,-0.5949287662185397,2.575831390371364
20.100000000000016,-1.9419389964567113,1166.3915392229026,819.6018934100374,-0.1745,58.81285145972123,-7.428992470876857,0.165,-0.5949287662185397,2.575831390371364
20.200000000000017,-1.941143766666523,1172.2758936490327,818.8587768685258,-0.1745,58.87423706288285,-7.433338359356413,0.165,-0.5949287662185397,2.575831390371364
20.30000000000002,-1.9403127406918494,1178.1663780848537,818.1152355772672,-0.1745,58.93545165353926,-7.437487465815362,0.165,-0.5949287662185397,2.575831390371364
20.40000000000002,-1.9394597932967892,1184.0629750182304,817.3712862875602,-0.1745,58.99648701399299,-7.441498328324303,0.165,-0.5949287662185397,2.575831390371364
20.50000000000002,-1.9385945239697597,1189.965666245748,816.6269407918231,-0.1745,59.05733753636003,-7.445411586417831,0.165,-0.5949287662185397,2.575831390371364
20.600000000000023,-1.9377235644646682,1195.8744330939987,815.882207440736,-0.1745,59.11799942865187,-7.449255435324729,0.165,-0.5949287662185397,2.575831390371364
20.700000000000024,-1.9368514874508291,1201.7892565735324,815.1370921978587,-0.1745,59.178470162021966,-7.453049422222292,0.165,-0.5949287662185397,2.575831390371364
20.800000000000026,-1.9359814376684414,1207.7101174859374,814.3915993723846,-0.1745,59.23874808607824,-7.456807087260221,0.165,-0.5949287662185397,2.575831390371364
20.900000000000027,-1.935115570131944,1213.636996498305,813.6457321280195,-0.1745,59.29883216127389,-7.460537800040092,0.165,-0.5949287662185397,2.575831390371364
21.00000000000003,-1.9342553542292584,1219.56987419501,812.8994928362151,-0.1745,59.35872177282355,-7.464248036047462,0.165,-0.5949287662185397,2.575831390371364
21.10000000000003,-1.9334017846602458,1225.5087311137195,812.1528833212419,-0.1745,59.41841660136365,-7.467942263416122,0.165,-0.5949287662185397,2.575831390371364
21.20000000000003,-1.9325555276871296,1231.4535477704421,811.4059050301362,-0.1745,59.47791653309125,-7.471623558697637,0.165,-0.5949287662185397,2.575831390371364
21.300000000000033,-1.775326047136078,1237.4043046769646,810.6585591504885,-0.1745,59.53722159735668,-7.475294034255256,0.165,-0.5949287662185397,2.575831390371364
21.400000000000034,-1.8230859816209168,1243.365741308453,809.9339298430972,-0.1495,59.69151103241009,-7.017292113570451,0.8300000000000001,-0.5949287662185397,2.575831390371364
21.500000000000036,-1.8557352096514408,1249.3367584874647,809.2248061306262,-0.1745,59.72883254782795,-7.165182135848128,0.165,-0.5949287662185397,2.575831390371364
21.600000000000037,-1.8779641444274173,1255.3118351961346,808.5031332646531,-0.1745,59.772701625567684,-7.268275183613781,0.165,-0.5949287662185397,2.575831390371364
21.70000000000004,-1.8930135100357126,1261.291520115725,807.7726976061258,-0.1745,59.82099676623927,-7.340437986932287,0.165,-0.5949287662185397,2.575831390371364
21.80000000000004,-1.9042462117783556,1267.2761834364496,807.0361127230664,-0.1745,59.87226964825542,-7.391259674255986,0.165,-0.5949287662185397,2.575831390371364
21.90000000000004,-1.9101871093763032,1273.2693478470012,806.2946042000139,-0.1745,59.99101856277474,-7.43891078679445,0.8300000000000001,-0.5949287662185397,2.575831390371364
22.000000000000043,-1.9140316621940225,1279.2711836990889,805.5495298549745,-0.1745,60.04569847897945,-7.462576113992763,0.165,-0.5949287662185397,2.575831390371364
22.100000000000044,-1.9164378579371257,1285.2785242305497,804.8024029042244,-0.1745,60.10111215023625,-7.479962901008784,0.165,-0.5949287662185397,2.575831390371364
22.200000000000045,-1.9178584013798514,1291.2914283684727,804.0537533602655,-0.1745,60.156970608222316,-7.493027978169312,0.165,-0.5949287662185397,2.575831390371364
22.300000000000047,-1.9186045965364076,1297.3099306610786,803.3039460095514,-0.1745,60.21307524389623,-7.503119036114339,0.165,-0.5949287662185397,2.575831390371364
22.40000000000005,-1.9188904042381112,1303.3340489022507,802.5532318693114,-0.1745,60.26928957954661,-7.5111637686850505,0.165,-0.5949287662185397,2.575831390371364
22.50000000000005,-1.9188628072283966,1309.3637893750852,801.8017836584231,-0.1745,60.32551987713978,-7.5178004490813475,0.165,-0.5949287662185397,2.575831390371364
22.60000000000005,-1.9186227258884228,1315.399150459121,801.0497202352346,-0.1745,60.3817018035767,-7.523468014688312,0.165,-0.5949287662185397,2.575831390371364
22.700000000000053,-1.9182394173975472,1321.4401251120958,800.2971234254932,-0.1745,60.43779125591776,-7.52846818014146,0.165,-0.5949287662185397,2.575831390371364
22.800000000000054,-1.917760383652574,1327.4867025772544,799.5440496044469,-0.1745,60.49375804725608,-7.533008240784563,0.165,-0.5949287662185397,2.575831390371364
22.900000000000055,-1.7575510767051625,1333.538869557675,798.7905376646836,-0.1745,60.54958156115559,-7.5372305544798275,0.165,-0.5949287662185397,2.575831390371364
23.000000000000057,-1.8077395699998564,1339.5981953501805,798.0609699330403,-0.1495,60.636934288954,-7.054124078385603,0.165,-0.5949287662185397,2.575831390371364
23.10000000000006,-1.8418639340504173,1345.6635214552123,797.3477085503873,-0.1745,60.66958781167973,-7.211103574674411,0.165,-0.5949287662185397,2.575831390371364
23.20000000000006,-1.8649861473329206,1351.7324700827749,796.6211683175845,-0.1745,60.709384739572265,-7.3197010813815435,0.165,-0.5949287662185397,2.575831390371364
23.30000000000006,-1.880579458086045,1357.8056383874425,795.8854270055882,-0.1745,60.75398135378309,-7.395125158544519,0.165,-0.5949287662185397,2.575831390371364
23.400000000000063,-1.891024687963482,1363.883426938001,795.1432797990491,-0.1745,60.80178965739042,-7.447818972237521,0.165,-0.5949287662185397,2.575831390371364
23.500000000000064,-1.8979525114483289,1369.9661029277127,794.3966414938692,-0.1745,60.8517301368402,-7.484947131360458,0.165,-0.5949287662185397,2.575831390371364
23.600000000000065,-1.902479044223893,1376.0538428037771,793.6468230763572,-0.1745,60.903067384447226,-7.511421218879204,0.165,-0.5949287662185397,2.575831390371364
23.700000000000067,-1.905367750766676,1382.146761161257,792.8947217127773,-0.1745,60.95529976515252,-7.530606052720058,0.165,-0.5949287662185397,2.575831390371364
23.800000000000068,-1.9071405832268187,1388.2449303928804,792.1409511384966,-0.1745,61.0080848673132,-7.544805432894584,0.165,-0.5949287662185397,2.575831390371364
23.90000000000007,-1.9081541986719073,1394.3483940814697,791.3859310738036,-0.1745,61.06118890447085,-7.555595860965156,0.165,-0.5949287662185397,2.575831390371364
24.00000000000007,-1.908652186809072,1400.4571761401949,790.6299485004768,-0.1745,61.11445227003423,-7.564055605572458,0.165,-0.5949287662185397,2.575831390371364
24.100000000000072,-1.908800835114422,1406.5712870558295,789.8731996295271,-0.1745,61.16776604265854,-7.570921813420583,0.165,-0.5949287662185397,2.575831390371364
24.200000000000074,-1.9087136061726675,1412.6907281550423,789.1158186289927,-0.1745,61.22105594159534,-7.576698197268701,0.165,-0.5949287662185397,2.575831390371364
24.300000000000075,-1.9084678808752078,1418.8154945202248,788.3578972788787,-0.1745,61.274271362053305,-7.581728805011542,0.165,-0.5949287662185397,2.575831390371364
24.400000000000077,-1.908116405615068,1424.9455769823057,787.5994984122988,-0.1745,61.3273778795641,-7.586248526586387,0.165,-0.5949287662185397,2.575831390371364
24.500000000000078,-1.9076951150066181,1431.0809634825484,786.8406651031162,-0.1745,61.380352125288496,-7.590417657065494,0.165,-0.5949287662185397,2.575831390371364
24.60000000000008,-1.9072284753453983,1437.2216400029388,786.0814269433657,-0.1745,61.433178282520494,-7.594345537942633,0.165,-0.5949287662185397,2.575831390371364
24.70000000000008,-1.9067331329797632,1443.3675912016615,785.3218043304391,-0.1745,61.48584569193354,-7.598106720589195,0.165,-0.5949287662185397,2.575831390371364
24.800000000000082,-1.9062204042650248,1449.518800847013,784.5618113937937,-0.1745,61.538347215092756,-7.601752012317798,0.165,-0.5949287662185397,2.575831390371364
24.900000000000084,-1.9056979742070341,1455.6752521135911,783.8014579920776,-0.1745,61.590678116472006,-7.605316022003818,0.165,-0.5949287662185397,2.575831390371364
25.000000000000085,-1.9051710547964622,1461.836927784412,783.0407510753591,-0.1745,61.642835299946306,-7.608822312366365,0.165,-0.5949287662185397,2.575831390371364
25.100000000000087,-1.9046431745737336,1468.0038103887869,782.2796956139123,-0.1745,61.694816787551744,-7.612286916570273,0.165,-0.5949287662185397,2.575831390371364
25.200000000000088,-1.904116716607938,1474.175882296353,781.5182952312122,-0.1745,61.746621363770146,-7.615720737432685,0.165,-0.5949287662185397,2.575831390371364
25.30000000000009,-1.9035932849065507,1480.3531257811846,780.7565526351598,-0.1745,61.798248332865505,-7.619131183614255,0.165,-0.5949287662185397,2.575831390371364
25.40000000000009,-1.903073953871281,1486.5355230654982,779.9944699117291,-0.1745,61.84969735340502,-7.622523285000557,0.165,-0.5949287662185397,2.575831390371364
25.500000000000092,-1.9025594380621431,1492.7230563494413,779.232048724842,-0.1745,61.90096832545679,-7.625900452742125,0.165,-0.5949287662185397,2.575831390371364
25.600000000000094,-1.9020502076818848,1498.9157078314004,778.4692904523574,-0.1745,61.95206131372401,-7.629264996949333,0.165,-0.5949287662185397,2.575831390371364
25.700000000000095,-1.9015465671043499,1505.1134597218459,777.7061962785513,-0.1745,62.00297649518576,-7.632618479173667,0.165,-0.5949287662185397,2.575831390371364
25.800000000000097,-1.9010487082515342,1511.3162942527772,776.9427672569774,-0.1745,62.05371412344316,-7.635961952303927,0.165,-0.5949287662185397,2.575831390371364
25.900000000000098,-1.9005567468601714,1517.5241936841717,776.1790043531736,-0.1745,62.10427450444853,-7.639296123772135,0.165,-0.5949287662185397,2.575831390371364
26.0000000000001,-1.9000707471126763,1523.7371403083935,775.4149084736579,-0.1745,62.15465797998794,-7.642621466540895,0.165,-0.5949287662185397,2.575831390371364
26.1000000000001,-1.899590738358621,1529.955116453215,774.6504804856033,-0.1745,62.20486491644249,-7.64593829454933,0.165,-0.5949287662185397,2.575831390371364
26.200000000000102,-1.899116726461802,1536.1781044838942,773.885721230177,-0.1745,62.254895697142494,-7.649246813978177,0.165,-0.5949287662185397,2.575831390371364
26.300000000000104,-1.8986487014968711,1542.4060868046097,773.1206315315745,-0.1745,62.30475071716575,-7.652547158069877,0.165,-0.5949287662185397,2.575831390371364
26.400000000000105,-1.1627427887877686,1548.6390458594578,772.3552122031326,-0.1745,62.354430379798124,-7.655839410769107,0.165,-0.5949287662185397,2.575831390371364
26.500000000000107,-1.4020017164225829,1554.8720646804181,771.7058640080472,-0.06225,62.30594603940596,-5.331124490939782,0.165,-0.5949287662185397,2.575831390371364
26.600000000000108,-1.5642039197989788,1561.0992879125909,771.1355438525495,-0.1745,62.23851860404698,-6.075278619014313,0.165,-0.5949287662185397,2.575831390371364
26.70000000000011,-1.673988992219304,1567.3217478515674,770.5027154010733,-0.1745,62.210680175485145,-6.581290410511548,0.165,-0.5949287662185397,2.575831390371364
26.80000000000011,-1.7481764200789378,1573.5427193232674,769.8273775300703,-0.1745,62.20874925851628,-6.925467009546705,0.165,-0.5949287662185397,2.575831390371364
26.900000000000112,-1.7982209811527994,1579.7643531133622,769.123117383656,-0.1745,62.22392654337764,-7.159735918740343,0.165,-0.5949287662185397,2.575831390371364
27.000000000000114,-1.8319092532425012,1585.9880724403697,768.3991592948177,-0.1745,62.250459996774765,-7.319425858026238,0.165,-0.5949287662185397,2.575831390371364
27.100000000000115,-1.8545264928723002,1592.2148227968992,767.661760459186,-0.1745,62.2845471338165,-7.428550854607758,0.165,-0.5949287662185397,2.575831390371364
27.200000000000117,-1.8707966760140877,1598.445232901455,766.915162050504,-0.1745,62.32365495729995,-7.503417319030723,0.165,-0.5949287662185397,2.575831390371364
27.300000000000118,-1.880126237867853,1604.6829945267023,766.1616595395544,-0.1745,62.4315775476435,-7.566632899961622,0.8300000000000001,-0.5949287662185397,2.575831390371364
27.40000000000012,-1.8862775711528235,1610.9283885338261,765.4033125197811,-0.1745,62.47630259483391,-7.600307495503657,0.165,-0.5949287662185397,2.575831390371364
27.50000000000012,-1.8902852227882063,1617.1783204864646,764.6420923839834,-0.1745,62.52233645793621,-7.624095220452731,0.165,-0.5949287662185397,2.575831390371364
27.600000000000122,-1.8928482133965538,1623.4328971727223,763.8788275903647,-0.1745,62.569197267219,-7.641200651920499,0.165,-0.5949287662185397,2.575831390371364
27.700000000000124,-1.894438623810934,1629.6921850395665,763.114078017885,-0.1745,62.616560069665795,-7.653790797672175,0.165,-0.5949287662185397,2.575831390371364
27.800000000000125,-1.7307472342610768,1635.956223327725,762.3482219613047,-0.1745,62.664205693503476,-7.663330333934757,0.165,-0.5949287662185397,2.575831390371364
27.900000000000126,-1.7851244998784717,1642.228496834352,761.6072880725397,-0.1495,62.78126443903514,-7.155347441365079,0.495,-0.5949287662185397,2.575831390371364
28.000000000000128,-1.8216137782443418,1648.507735776343,760.8830377056022,-0.1745,62.803514400785375,-7.32965989738573,0.165,-0.5949287662185397,2.575831390371364
28.10000000000013,-1.846043969991145,1654.7896197414432,760.1441458202398,-0.1745,62.834164901220305,-7.448177809861453,0.165,-0.5949287662185397,2.575831390371364
28.20000000000013,-1.8623509704016583,1661.0748469642565,759.3952844531892,-0.1745,62.870379555044074,-7.5290495311517756,0.165,-0.5949287662185397,2.575831390371364
28.300000000000132,-1.8731899297562644,1667.3638793904433,758.639605174674,-0.1745,62.9102689686947,-7.584536039153903,0.165,-0.5949287662185397,2.575831390371364
28.400000000000134,-1.8803506371588061,1673.6570213325745,757.8792326732087,-0.1745,62.952569873926755,-7.622913990152894,0.165,-0.5949287662185397,2.575831390371364
28.500000000000135,-1.8850387858650235,1679.9544716074329,757.1155986478,-0.1745,62.99643562324277,-7.649766518020965,0.165,-0.5949287662185397,2.575831390371364
28.600000000000136,-1.8880661437972701,1686.25635828693,756.3496674463012,-0.1745,63.041297966700526,-7.6688575119559586,0.165,-0.5949287662185397,2.575831390371364
28.700000000000138,-1.8899789875266237,1692.5627619455036,755.5820884179868,-0.1745,63.086775204772486,-7.6827230543319684,0.165,-0.5949287662185397,2.575831390371364
28.80000000000014,-1.8911447648468416,1698.8737312489347,754.8132987093913,-0.1745,63.132610863852086,-7.6930711175768325,0.165,-0.5949287662185397,2.575831390371364
28.90000000000014,-1.8918105294850531,1705.189293423199,754.0435925806198,-0.1745,63.17863262142991,-7.701051457853608,0.165,-0.5949287662185397,2.575831390371364
29.000000000000142,-1.89214231857898,1711.5094612911928,753.2731681210316,-0.1745,63.22472473844523,-7.70743773390977,0.165,-0.5949287662185397,2.575831390371364
29.100000000000144,-1.8922516740934934,1717.8342380048052,752.5021587180985,-0.1745,63.27080953380436,-7.712750324753627,0.165,-0.5949287662185397,2.575831390371364
29.200000000000145,-1.8922134970319733,1724.1636202278034,751.7306542462247,-0.1745,63.31683492615933,-7.717339112722432,0.165,-0.5949287662185397,2.575831390371364
29.300000000000146,-1.8920780616578694,1730.4976002767487,750.9587153278009,-0.1745,63.36276605274662,-7.7214392557560325,0.165,-0.5949287662185397,2.575831390371364
29.400000000000148,-1.891879096631707,1736.8361675609008,750.1863829277268,-0.1745,63.4085796302934,-7.725208745726818,0.165,-0.5949287662185397,2.575831390371364
29.50000000000015,-1.8916392184981143,1743.1793095504647,749.4136848059063,-0.1745,63.45426016098546,-7.728753690681473,0.165,-0.5949287662185397,2.575831390371364
29.60000000000015,-1.8913735835894083,1749.5270124275223,748.6406398550341,-0.1745,63.49979738016521,-7.732145326763472,0.165,-0.5949287662185397,2.575831390371364
29.700000000000152,-1.8910923415935954,1755.8792615235168,747.8672610156553,-0.1745,63.5451845397241,-7.735431460812287,0.165,-0.5949287662185397,2.575831390371364
29.800000000000153,-1.890802283404108,1762.236041613196,747.0935572344135,-0.1745,63.590417253860245,-7.738644164022746,0.165,-0.5949287662185397,2.575831390371364
29.900000000000155,-1.890507947437094,1768.5973371120488,746.3195347790614,-0.1745,63.63549272319529,-7.741804943018522,0.165,-0.5949287662185397,2.575831390371364
30.000000000000156,-1.891319649698274,1774.9631322088778,745.5451981212019,-0.1745,63.68040921338739,-7.744928214171956,0.165,-0.5949287662185397,2.575831390371364
30.100000000000158,-1.8902993700649373,1781.3366854595783,744.7699732562625,-0.1745,63.79065580062404,-7.759569084617325,0.8300000000000001,-0.5949287662185397,2.575831390371364
30.20000000000016,-1.890630865620571,1787.7179862578312,743.9939795696282,-0.1745,63.83536016443159,-7.760304648068607,0.165,-0.5949287662185397,2.575831390371364
30.30000000000016,-1.8892977741611938,1794.1070181808443,743.2172972953143,-0.1745,63.94527829583224,-7.7733408382086395,0.8300000000000001,-0.5949287662185397,2.575831390371364
30.400000000000162,-1.8883204272980052,1800.5037609283065,742.4399805904092,-0.1745,63.98957665341175,-7.772993259894482,0.165,-0.5949287662185397,2.575831390371364
30.500000000000163,-1.88758196907726,1806.9049171126974,741.6626432574022,-0.1745,64.03354703440718,-7.773753400244634,0.165,-0.5949287662185397,2.575831390371364
30.600000000000165,-1.8870043721918874,1813.3104567487235,740.8851930695531,-0.1745,64.07724568611347,-7.775250356737493,0.165,-0.5949287662185397,2.575831390371364
30.700000000000166,-1.8865355495905813,1819.720354550602,740.107568735352,-0.1745,64.12071035145654,-7.777236327286692,0.165,-0.5949287662185397,2.575831390371364
30.800000000000168,-1.8861407386454148,1826.134588387855,739.3297296286012,-0.1745,64.16396639360464,-7.779545807729926,0.165,-0.5949287662185397,2.575831390371364
30.90000000000017,-1.8857967432780267,1832.5531382524066,738.5516489234191,-0.1745,64.2070308974258,-7.782068295911966,0.165,-0.5949287662185397,2.575831390371364
31.00000000000017,-1.8854880872526092,1838.9759855680038,737.7733090067703,-0.1745,64.24991541451826,-7.784730037063436,0.165,-0.5949287662185397,2.575831390371364
31.100000000000172,-1.8852044451087893,1845.4031127287044,736.9946984139356,-0.1745,64.29262779949235,-7.787481819632066,0.165,-0.5949287662185397,2.575831390371364
31.200000000000173,-1.8849389269427448,1851.8345027905689,736.2158097820125,-0.1745,64.33517343779806,-7.790290818830956,0.165,-0.5949287662185397,2.575831390371364
31.300000000000175,-1.8846869336312075,1858.2701392657773,735.4366384837101,-0.1745,64.37755606637212,-7.793135147215777,0.165,-0.5949287662185397,2.575831390371364
31.400000000000176,-1.884445393034506,1864.710005985192,734.6571817155957,-0.1745,64.41977832192326,-7.796000215072983,0.165,-0.5949287662185397,2.575831390371364
31.500000000000178,-1.88421225055811,1871.1540870066437,733.8774378898233,-0.1745,64.46184210711185,-7.798876300373394,0.165,-0.5949287662185397,2.575831390371364
31.60000000000018,-1.8839861294788116,1877.6023665537502,733.097406228462,-0.1745,64.50374883501891,-7.801756926853993,0.165,-0.5949287662185397,2.575831390371364
31.70000000000018,-1.8837661045379934,1884.0548289751162,732.3170864930272,-0.1745,64.54549959229979,-7.804637781840802,0.165,-0.5949287662185397,2.575831390371364
31.800000000000182,-1.883551551081647,1890.5114587171327,731.5364788042133,-0.1745,64.58709524803078,-7.8075159944385835,0.165,-0.5949287662185397,2.575831390371364
31.900000000000183,-1.883342044571743,1896.9722403058493,730.7555835217792,-0.1745,64.62853652629902,-7.810389654244488,0.165,-0.5949287662185397,2.575831390371364
32.000000000000185,-1.8831372936719455,1903.4371583348939,729.9744011645397,-0.1745,64.66982405459511,-7.8132574905436565,0.165,-0.5949287662185397,2.575831390371364
32.100000000000186,-1.8829370957044425,1909.9061974574267,729.1929323570853,-0.1745,64.7109583960622,-7.816118658545482,0.165,-0.5949287662185397,2.575831390371364
32.20000000000019,-1.882741307008111,1916.3793423807788,728.4111777943084,-0.1745,64.75194007097843,-7.818972596991623,0.165,-0.5949287662185397,2.575831390371364
32.30000000000019,-1.8825498232191327,1922.8565778628808,727.6291382177919,-0.1745,64.79276957106129,-7.821818933336911,0.165,-0.5949287662185397,2.575831390371364
32.40000000000019,-1.8823625661565933,1929.3378887098834,726.8468144000936,-0.1745,64.83344736898766,-7.82465742062946,0.165,-0.5949287662185397,2.575831390371364
32.50000000000019,-1.8821794751033152,1935.8232597745691,726.0642071342869,-0.1745,64.87397392472676,-7.8274878955059135,0.165,-0.5949287662185397,2.575831390371364
32.60000000000019,-1.8820005010105172,1942.312675955293,725.2813172269992,-0.1745,64.91434968974977,-7.83031025024704,0.165,-0.5949287662185397,2.575831390371364
32.700000000000195,-1.8818256026468445,1948.8061221952717,724.4981454937772,-0.1745,64.95457510982634,-7.833124414192894,0.165,-0.5949287662185397,2.575831390371364
32.800000000000196,-1.8816547440400224,1955.303583482107,723.7146927559983,-0.1745,64.99465062688012,-7.83593034138633,0.165,-0.5949287662185397,2.575831390371364
32.9000000000002,-1.881487892777562,1961.8050448474619,722.930959838811,-0.1745,65.03457668021846,-7.838728002359846,0.165,-0.5949287662185397,2.575831390371364
33.0000000000002,-1.1142669108225198,1968.31049136684,722.146947569759,-0.1745,65.07435370734585,-7.84151737867783,0.165,-0.5949287662185397,2.575831390371364
33.1000000000002,-1.3740101688493582,1974.8186456553308,721.4889018272436,-0.06225,65.08873206246727,-5.319397471630971,0.8300000000000001,-0.5949287662185397,2.575831390371364
33.2000000000002,-1.5466224977683642,1981.322752992853,720.9148658014291,-0.1745,64.99341468797704,-6.161323044658971,0.165,-0.5949287662185397,2.575831390371364
33.3000000000002,-1.4915206810369726,1987.819712758469,720.2707134275987,-0.1745,64.94578062434152,-6.721724431949229,0.165,-0.5949287662185397,2.575831390371364
33.400000000000205,-1.6246087455908729,1994.317859908358,719.607279682297,-0.1495,65.01716237344144,-6.546950474085965,0.495,-0.5949287662185397,2.575831390371364
33.500000000000206,-1.712836095270287,2000.8182235757708,718.9309229866993,-0.1745,64.9901109748151,-6.980183437866082,0.165,-0.5949287662185397,2.575831390371364
33.60000000000021,-1.7712602531767967,2007.3170392768002,718.2184836485401,-0.1745,64.98620304577192,-7.2686033253188205,0.165,-0.5949287662185397,2.575831390371364
33.70000000000021,-1.8099061969272936,2013.8162151614715,717.4820128632118,-0.1745,64.997314647654,-7.460812381246083,0.165,-0.5949287662185397,2.575831390371364
33.80000000000021,-1.835438215359218,2020.3169915660783,716.7295148931863,-0.1745,65.01821344448119,-7.589147019264556,0.165,-0.5949287662185397,2.575831390371364
33.90000000000021,-1.8522813345454598,2026.8201770852863,715.9663023745109,-0.1745,65.04549693967776,-7.675103354244727,0.165,-0.5949287662185397,2.575831390371364
34.00000000000021,-1.8633710699525268,2033.3262988527642,715.1958992549351,-0.1745,65.07693840988027,-7.732959037271701,0.165,-0.5949287662185397,2.575831390371364
34.100000000000215,-1.870653417873665,2039.8356995001727,714.4206417985599,-0.1745,65.11107453828811,-7.772190090230806,0.165,-0.5949287662185397,2.575831390371364
34.200000000000216,-1.8754176552688808,2046.3486002843363,713.6420782096698,-0.1745,65.14694114498069,-7.799081687572571,0.165,-0.5949287662185397,2.575831390371364
34.30000000000022,-1.8785175428891046,2052.8651424368904,712.861234108325,-0.1745,65.18390190609966,-7.817800339322833,0.165,-0.5949287662185397,2.575831390371364
34.40000000000022,-1.8805181974067533,2059.385414356797,712.0787887528561,-0.1745,65.22153649203217,-7.831106770055897,0.165,-0.5949287662185397,2.575831390371364
34.50000000000022,-1.881793530617234,2065.90946953843,711.2951919409533,-0.1745,65.2595671406295,-7.840829468000643,0.165,-0.5949287662185397,2.575831390371364
34.60000000000022,-1.882590851575969,2072.4373384104642,710.5107415165784,-0.1745,65.29781030004833,-7.848179019497834,0.165,-0.5949287662185397,2.575831390371364
34.70000000000022,-1.8830736749093084,2078.9690361612074,709.7256347339962,-0.1745,65.33614471481867,-7.853956632144592,0.165,-0.5949287662185397,2.575831390371364
34.800000000000225,-1.8833500745604812,2085.5045679137743,708.9400022827008,-0.1745,65.37449033651764,-7.858692393765331,0.165,-0.5949287662185397,2.575831390371364
34.900000000000226,-1.8834914560322384,2092.0439321494505,708.153930817887,-0.1745,65.41279437700318,-7.862736902508848,0.165,-0.5949287662185397,2.575831390371364
35.00000000000023,-1.8835449803499558,2098.5871229723753,707.3674778742795,-0.1745,65.45102208149605,-7.8663219696414854,0.165,-0.5949287662185397,2.575831390371364
35.10000000000023,-1.8835417836953514,2105.1341316076127,706.580681734855,-0.1745,65.4891506232582,-7.869600818847325,0.165,-0.5949287662185397,2.575831390371364
35.20000000000023,-1.8835024136623697,2111.684947391965,705.7935679590033,-0.1745,65.52716506378553,-7.872674698187078,0.165,-0.5949287662185397,2.575831390371364
35.30000000000023,-1.8834404234971782,2118.2395584291544,705.0061536995269,-0.1745,65.5650556799999,-7.875610491342104,0.165,-0.5949287662185397,2.575831390371364
35.40000000000023,-1.8839134966062732,2124.7979520229633,704.2184505565301,-0.1745,65.60281619617598,-7.878452368592955,0.165,-0.5949287662185397,2.575831390371364
35.500000000000234,-1.883478745146524,2131.3617399057275,703.4301799974961,-0.1745,65.6729414591133,-7.886958812086141,0.495,-0.5949287662185397,2.575831390371364
35.600000000000236,-1.8831611603791032,2137.9309111075563,702.641405809517,-0.1745,65.71048257746011,-7.888524947495776,0.165,-0.5949287662185397,2.575831390371364
35.70000000000024,-1.8829219253445115,2144.503826529216,701.8524568706899,-0.1745,65.7478258557329,-7.8904538290449295,0.165,-0.5949287662185397,2.575831390371364
35.80000000000024,-1.8827354588811385,2151.0804673696857,701.0633032341806,-0.1745,65.78499095365873,-7.892618901143251,0.165,-0.5949287662185397,2.575831390371364
35.90000000000024,-1.882584904847441,2157.6608164663958,700.2739254521559,-0.1745,65.8219909805434,-7.894936739350245,0.165,-0.5949287662185397,2.575831390371364
36.00000000000024,-1.8824591569958857,2164.2448577516016,699.4843109967982,-0.1745,65.85883472357034,-7.897352367804417,0.165,-0.5949287662185397,2.575831390371364
36.10000000000024,-1.8823508972592573,2170.8325758937303,698.694451899936,-0.1745,65.8955281190045,-7.899829569438854,0.165,-0.5949287662185397,2.575831390371364
36.200000000000244,-1.882255302623689,2177.4239560608394,697.9043431968122,-0.1745,65.93207522317259,-7.9023444930360895,0.165,-0.5949287662185397,2.575831390371364
36.300000000000246,-1.8821691929679516,2184.0189837646517,697.1139819003287,-0.1745,65.96847885307831,-7.904881436634272,0.165,-0.5949287662185397,2.575831390371364
36.40000000000025,-1.8820904696581957,2190.6176447577513,696.323366325137,-0.1745,66.00474100891574,-7.907430067199096,0.165,-0.5949287662185397,2.575831390371364
36.50000000000025,-1.8820177457996636,2197.2199249658293,695.5324956423835,-0.1745,66.04086315264621,-7.909983587871901,0.165,-0.5949287662185397,2.575831390371364
36.60000000000025,-1.8819501027860819,2203.8258104430424,694.74136958648,-0.1745,66.07684639161553,-7.912537530198224,0.165,-0.5949287662185397,2.575831390371364
36.70000000000025,-1.8818869300522758,2210.4352873426005,693.9499882620478,-0.1745,66.11269159954337,-7.9150889584457955,0.165,-0.5949287662185397,2.575831390371364
36.80000000000025,-1.8818278196240712,2217.0483418973886,693.1583520168475,-0.1745,66.14839949622105,-7.917635945559809,0.165,-0.5949287662185397,2.575831390371364
36.900000000000254,-1.881772496747003,2223.6649604071995,692.3664613581635,-0.1745,66.18397069999345,-7.920177228121151,0.165,-0.5949287662185397,2.575831390371364
37.000000000000256,-1.881720774262667,2230.2851292303144,691.574316897796,-0.1745,66.219405762308,-7.922711979229188,0.165,-0.5949287662185397,2.575831390371364
37.10000000000026,-1.8816725226116189,2236.9088347779525,690.7819193158822,-0.1745,66.2547051904507,-7.925239659048935,0.165,-0.5949287662185397,2.575831390371364
37.20000000000026,-1.8816276501160165,2243.5360635106003,689.9892693371052,-0.1745,66.28986946250319,-7.927759916492656,0.165,-0.5949287662185397,2.575831390371364
37.30000000000026,-1.8815860900227188,2250.1668019355843,689.1963677150526,-0.1745,66.32489903717865,-7.930272524558782,0.165,-0.5949287662185397,2.575831390371364
37.40000000000026,-1.8815477919911343,2256.8010366054577,688.4032152219337,-0.1745,66.35979436028714,-7.932777337818083,0.165,-0.5949287662185397,2.575831390371364
37.50000000000026,-1.881512716502503,2263.4387541169212,687.6098126418193,-0.1745,66.39455586898349,-7.935274264469053,0.165,-0.5949287662185397,2.575831390371364
37.600000000000264,-1.8814808311888114,2270.0799411100984,686.8161607661971,-0.1745,66.4291839945565,-7.937763247974671,0.165,-0.5949287662185397,2.575831390371364
37.700000000000266,-1.8814521084227376,2276.724584268039,686.0222603910485,-0.1745,66.46367916425909,-7.940244254998498,0.165,-0.5949287662185397,2.575831390371364
37.80000000000027,-1.881426523735742,2283.3726703163775,685.2281123149245,-0.1745,66.49804180250796,-7.942717267481147,0.165,-0.5949287662185397,2.575831390371364
37.90000000000027,-1.7070003613624403,2290.0241860230863,684.4337173376786,-0.1745,66.53227233166885,-7.945182277437348,0.165,-0.5949287662185397,2.575831390371364
38.00000000000027,-1.7674007796184408,2296.683035669757,683.6680470101013,-0.1495,66.64472060174579,-7.368224274107618,0.495,-0.5949287662185397,2.575831390371364
38.10000000000027,-1.806905358251654,2303.347653693759,682.9210892614248,-0.1745,66.64763987829797,-7.570930699424439,0.165,-0.5949287662185397,2.575831390371364
38.20000000000027,-1.832730260494271,2310.013099927557,682.1573219288052,-0.1745,66.66128479766233,-7.704415952966308,0.165,-0.5949287662185397,2.575831390371364
38.300000000000274,-1.8496056072815206,2316.680256418745,681.3824729248387,-0.1745,66.68184502609891,-7.792564126364678,0.165,-0.5949287662185397,2.575831390371364
38.400000000000276,-1.8606292768883412,2323.34969166115,680.6002930446392,-0.1745,66.7068598219962,-7.851033477623715,0.165,-0.5949287662185397,2.575831390371364
38.50000000000028,-1.867828797181156,2330.021771302158,679.8132372524502,-0.1745,66.73473299816278,-7.890082366156856,0.165,-0.5949287662185397,2.575831390371364
38.60000000000028,-1.872530456336377,2336.696729265937,679.0229117567006,-0.1745,66.76442627741578,-7.916427548834803,0.165,-0.5949287662185397,2.575831390371364
38.70000000000028,-1.8756014495910989,2343.374713736703,678.2303671422886,-0.1745,66.7952631379088,-7.934464739404262,0.165,-0.5949287662185397,2.575831390371364
38.80000000000028,-1.8776085770317184,2350.05581701094,677.4362904318331,-0.1745,66.82680234682014,-7.947069469706516,0.165,-0.5949287662185397,2.575831390371364
38.90000000000028,-1.8789221729741716,2356.7400949283756,676.6411308518165,-0.1745,66.85875600189583,-7.956122130626272,0.165,-0.5949287662185397,2.575831390371364
39.000000000000284,-1.8797841283945944,2363.4275795404483,675.8451821474506,-0.1745,66.89093623955686,-7.9628519566918206,0.165,-0.5949287662185397,2.575831390371364
39.100000000000286,-1.8803523909180797,2370.1182873779117,675.0486364362043,-0.1745,66.92322050970802,-7.968062268233871,0.165,-0.5949287662185397,2.575831390371364
39.20000000000029,-1.8807300648363057,2376.8122248493646,674.2516194280869,-0.1745,66.95552891934908,-7.972277894115626,0.165,-0.5949287662185397,2.575831390371364
39.30000000000029,-1.8809844338524102,2383.5093917672943,673.4542134522036,-0.1745,66.98780943924814,-7.975841623551197,0.165,-0.5949287662185397,2.575831390371364
39.40000000000029,-1.8811593922968584,2390.2097836512985,672.6564725066168,-0.1745,67.02002824083618,-7.978977288186223,0.165,-0.5949287662185397,2.575831390371364
39.50000000000029,-1.8812835663941998,2396.9133932324958,671.8584320918891,-0.1745,67.05216338310527,-7.981831006367798,0.165,-0.5949287662185397,2.575831390371364
39.60000000000029,-1.0916404437846392,2403.620211436053,671.0601156345012,-0.1745,67.0842006880411,-7.984498141387923,0.165,-0.5949287662185397,2.575831390371364
39.700000000000294,-1.3670076756086162,2410.3258923221133,670.395692505472,-0.06225,67.02941703316307,-5.303964439198355,0.165,-0.5949287662185397,2.575831390371364
39.800000000000296,-1.547413207616105,2417.0230040104307,669.8194021537618,-0.1745,66.91281673318619,-6.2218425950069385,0.165,-0.5949287662185397,2.575831390371364
39.9000000000003,-1.6654796542500558,2423.711165440063,669.1671306338827,-0.1745,66.85041185946059,-6.823587802573215,0.165,-0.5949287662185397,2.575831390371364
40.0000000000003,-1.7426836561208976,2430.3947910766515,668.4650413008505,-0.1745,66.82210087231219,-7.21819885806999,0.165,-0.5949287662185397,2.575831390371364
40.1000000000003,-1.7931350591802218,2437.0766708595706,667.730275482144,-0.1745,66.81549478606674,-7.47711751606221,0.165,-0.5949287662185397,2.575831390371364
40.2000000000003,-1.8260880608250685,2443.7585858563325,666.974059746283,-0.1745,66.82280514917142,-7.64719720115704,0.165,-0.5949287662185397,2.575831390371364
40.3000000000003,-1.8476042021864114,2450.4416796348596,666.2037423882338,-0.1745,66.83907042137368,-7.759149959828498,0.165,-0.5949287662185397,2.575831390371364
40.400000000000304,-1.8616498533669747,2457.1266882634923,665.4241303007672,-0.1745,66.86110215128261,-7.833091789502573,0.165,-0.5949287662185397,2.575831390371364
40.500000000000306,-1.8708184279114872,2463.8140853520886,664.6383662789456,-0.1745,66.8868396206457,-7.882188646929905,0.165,-0.5949287662185397,2.575831390371364
40.60000000000031,-1.8768046180452014,2470.5041746380766,663.8485042373359,-0.1745,66.9149460991129,-7.915052185262956,0.165,-0.5949287662185397,2.575831390371364
40.70000000000031,-1.0924682328955437,2477.1971495684033,663.0558860202449,-0.1745,66.9445525074174,-7.937312156557446,0.165,-0.5949287662185397,2.575831390371364
40.80000000000031,-1.3691916752030073,2483.8905373163416,662.3948648895354,-0.06225,66.92320245134648,-5.283110457633438,0.495,-0.5949287662185397,2.575831390371364
40.90000000000031,-1.5506378297259005,2490.5770234227125,661.8205059430594,-0.1745,66.80651967606998,-6.204068471885627,0.165,-0.5949287662185397,2.575831390371364
41.00000000000031,-1.6694833147036432,2497.2545564615134,661.1698850595179,-0.1745,66.74414109995169,-6.808349198943612,0.165,-0.5949287662185397,2.575831390371364
41.100000000000314,-1.7472595861572393,2503.927560864069,660.4692195132735,-0.1745,66.71594695116086,-7.204961725943871,0.165,-0.5949287662185397,2.575831390371364
41.200000000000315,-1.7987194597131515,2510.598834724282,659.7357006584076,-0.1745,66.70953025309191,-7.465415371373817,0.165,-0.5949287662185397,2.575831390371364
41.30000000000032,-1.6572956934039709,2517.2717905044224,658.980310999053,-0.1745,66.74958534971273,-7.642377815719033,0.495,-0.5949287662185397,2.575831390371364
41.40000000000032,-1.7391607702568908,2523.95338614912,658.2393228367034,-0.1495,66.882327544239,-7.1773854312734535,0.8300000000000001,-0.5949287662185397,2.575831390371364
41.50000000000032,-1.7926411199695718,2530.6411528015205,657.5078546684495,-0.1745,66.8730055037734,-7.451977933805248,0.165,-0.5949287662185397,2.575831390371364
41.60000000000032,-1.8275617229986039,2537.3287282618685,656.7536442096035,-0.1745,66.87850370318894,-7.632231243113439,0.165,-0.5949287662185397,2.575831390371364
41.70000000000032,-1.850356081121817,2544.01733001411,655.9844935570729,-0.1745,66.89353134164216,-7.750781807499164,0.165,-0.5949287662185397,2.575831390371364
41.800000000000324,-1.8652325578852345,2550.70774124581,655.2055045404993,-0.1745,66.91469329236499,-7.828998523974527,0.165,-0.5949287662185397,2.575831390371364
41.900000000000325,-1.0868273408152214,2557.400465793142,654.4200114987805,-0.1745,66.93979765426697,-7.880862310403038,0.165,-0.5949287662185397,2.575831390371364
42.00000000000033,-1.3671852416829378,2564.093400584768,653.7636032843199,-0.06225,66.9188981782583,-5.247301978810298,0.495,-0.5949287662185397,2.575831390371364
42.10000000000033,-1.551034859908159,2570.7793530068875,653.1922266641916,-0.1745,66.80015026413278,-6.180230423754914,0.165,-0.5949287662185397,2.575831390371364
42.20000000000033,-1.6714672527147345,2577.4561849194047,652.5435949729865,-0.1745,66.73648798621392,-6.792403400345827,0.165,-0.5949287662185397,2.575831390371364
42.30000000000033,-1.7502900186234827,2584.1283837332144,651.844263773177,-0.1745,66.70748828997674,-7.194220595844678,0.165,-0.5949287662185397,2.575831390371364
42.40000000000033,-1.8018449825871867,2590.798786435054,651.1116475001162,-0.1745,66.70056574681388,-7.458104865370804,0.165,-0.5949287662185397,2.575831390371364
42.500000000000334,-1.8355478016031723,2597.469205075414,650.3571623622422,-0.1745,66.70780706038434,-7.631597892108899,0.165,-0.5949287662185397,2.575831390371364
42.600000000000335,-1.8575717391956523,2604.14080388719,649.5882878257524,-0.1745,66.72416917514126,-7.745892837685588,0.165,-0.5949287662185397,2.575831390371364
42.70000000000034,-1.8719601038814748,2610.814332819,648.8099211636323,-0.1745,66.74640946105332,-7.821440404716403,0.165,-0.5949287662185397,2.575831390371364
42.80000000000034,-1.8813590857097793,2617.4902748314166,648.0252672276931,-0.1745,66.77243078727992,-7.871638314068662,0.165,-0.5949287662185397,2.575831390371364
42.90000000000034,-1.8874994605508586,2624.16893996031,647.2364224102432,-0.1745,66.80087179059242,-7.9052580349286306,0.165,-0.5949287662185397,2.575831390371364
43.00000000000034,-1.891512707785121,2630.8505258833306,646.4447575523168,-0.1745,66.83084666981792,-7.928039123600855,0.165,-0.5949287662185397,2.575831390371364
43.10000000000034,-1.8941382151823283,2637.535157129584,645.6511688207229,-0.1745,66.86177825525155,-7.943735508277379,0.165,-0.5949287662185397,2.575831390371364
43.200000000000344,-1.8969642520121908,2644.222910552043,644.8562419722689,-0.1745,66.89329019391906,-7.954801460801554,0.165,-0.5949287662185397,2.575831390371364
43.300000000000345,-1.8973990129456686,2650.9171064169827,644.0597825771547,-0.1745,66.99062710488414,-7.974386441482056,0.8300000000000001,-0.5949287662185397,2.575831390371364
43.40000000000035,-1.8976945932910043,2657.6177751906343,643.2621585768347,-0.1745,67.02274836814837,-7.978093564916378,0.165,-0.5949287662185397,2.575831390371364
43.50000000000035,-1.8979004348454276,2664.321653433703,642.4641879215407,-0.1745,67.05481649322613,-7.981319540965011,0.165,-0.5949287662185397,2.575831390371364
43.60000000000035,-1.7222438903915585,2671.028734593173,641.6659104927658,-0.1745,67.08680669616916,-7.984229034533055,0.165,-0.5949287662185397,2.575831390371364
43.70000000000035,-1.7849572182338225,2677.7429966626846,640.8967967087858,-0.1495,67.19843469406736,-7.398046645065508,0.495,-0.5949287662185397,2.575831390371364
43.80000000000035,-1.824334664285119,2684.4661095584684,640.1460288339255,-0.1745,67.26382322160329,-7.617310852141693,0.8300000000000001,-0.5949287662185397,2.575831390371364
43.900000000000354,-1.8499757884223178,2691.1930474913656,639.3776019987602,-0.1745,67.27493543634543,-7.75122585116427,0.165,-0.5949287662185397,2.575831390371364
44.000000000000355,-1.8666732959709278,2697.921448482158,638.5980811354929,-0.1745,67.29308437950411,-7.839191414182464,0.165,-0.5949287662185397,2.575831390371364
44.10000000000036,-1.8775508434830077,2704.6518900624637,637.8112604184593,-0.1745,67.31574722660488,-7.897222926490044,0.165,-0.5949287662185397,2.575831390371364
44.20000000000036,-1.8846429714749868,2711.3847421922096,637.0196112023543,-0.1745,67.341295368312,-7.9357613956087505,0.165,-0.5949287662185397,2.575831390371364
44.30000000000036,-1.8892741672037883,2718.120240685451,636.2247426374864,-0.1745,67.36867449651261,-7.9616099017485125,0.165,-0.5949287662185397,2.575831390371364
44.40000000000036,-1.8923063101827655,2724.8585344561357,635.4277021878304,-0.1745,67.39720091718564,-7.979199091372469,0.165,-0.5949287662185397,2.575831390371364
44.50000000000036,-1.1006589191170884,2731.5997160440515,634.6291715644331,-0.1745,67.42643084113364,-7.991413376571838,0.165,-0.5949287662185397,2.575831390371364
44.600000000000364,-1.3799140809012613,2738.3396025392985,633.9650675464035,-0.06225,67.37129906380808,-5.290666984021648,0.165,-0.5949287662185397,2.575831390371364
44.700000000000365,-1.5624090993536282,2745.0706773779248,633.3892342362217,-0.1745,67.25019770871211,-6.2259992196135965,0.165,-0.5949287662185397,2.575831390371364
44.80000000000037,-1.681549598330897,2751.792424381003,632.7360574113981,-0.1745,67.18474235284917,-6.837537276859161,0.165,-0.5949287662185397,2.575831390371364
44.90000000000037,-1.759269580305736,2758.509370819446,632.0323059864771,-0.1745,67.15418641600452,-7.237491221559979,0.165,-0.5949287662185397,2.575831390371364
45.00000000000037,-1.8099415910364618,2765.2243694626472,631.2954712474218,-0.1745,67.14578644802201,-7.499203559545613,0.165,-0.5949287662185397,2.575831390371364
45.10000000000037,-1.8429675099927834,2771.93923655096,630.5369788228357,-0.1745,67.15155531823017,-7.670644932174749,0.165,-0.5949287662185397,2.575831390371364
45.20000000000037,-1.8644895867490894,2778.655135277907,629.7642877623294,-0.1745,67.16641922071416,-7.783176277952424,0.165,-0.5949287662185397,2.575831390371364
45.300000000000374,-1.8785165843384932,2785.3728125561306,628.9822647230359,-0.1745,67.1871263437624,-7.857284507918051,0.165,-0.5949287662185397,2.575831390371364
45.400000000000375,-1.887662867788521,2792.0927479006045,628.1940833366875,-0.1745,67.21158054571757,-7.906343219048197,0.165,-0.5949287662185397,2.575831390371364
45.50000000000038,-1.8936324280480754,2798.815248210138,627.4018123218955,-0.1745,67.23842564495199,-7.939077076793782,0.165,-0.5949287662185397,2.575831390371364
45.60000000000038,-1.8975353671345179,2805.5405086016285,626.6067997223395,-0.1745,67.2667821848583,-7.961174914326219,0.165,-0.5949287662185397,2.575831390371364
45.70000000000038,-1.9006434611134586,2812.26865166457,625.8099237536932,-0.1745,67.29607907396952,-7.976344458599995,0.165,-0.5949287662185397,2.575831390371364
45.80000000000038,-1.901985464402968,2819.0013778200964,625.0114699981597,-0.1745,67.35844403655757,-7.992730652068894,0.495,-0.5949287662185397,2.575831390371364
45.90000000000038,-1.9028818167836192,2825.7387343709606,624.2118694738745,-0.1745,67.38868698072989,-7.999279833635884,0.165,-0.5949287662185397,2.575831390371364
46.000000000000384,-1.9034894402313804,2832.479120690827,623.4116895241963,-0.1745,67.41903941660124,-8.004319159928462,0.165,-0.5949287662185397,2.575831390371364
46.100000000000385,-1.9039103687842855,2839.222543720063,622.6110548649974,-0.1745,67.44942116811632,-8.008374024049202,0.165,-0.5949287662185397,2.575831390371364
46.20000000000039,-1.1097774079390033,2845.969003789748,621.8100468523635,-0.1745,67.47978022558081,-8.011786228629521,0.165,-0.5949287662185397,2.575831390371364
46.30000000000039,-1.3884194607011648,2852.7158615699495,621.1443119562031,-0.06225,67.45737537844872,-5.302911694578686,0.495,-0.5949287662185397,2.575831390371364
46.40000000000039,-1.5703934045295467,2859.4555334243223,620.5672992887788,-0.1745,67.33606170901066,-6.237341653906659,0.165,-0.5949287662185397,2.575831390371364
46.50000000000039,-1.6891170821923094,2866.185857058292,619.913038847473,-0.1745,67.27041097038516,-6.84786717221084,0.165,-0.5949287662185397,2.575831390371364
46.60000000000039,-1.7665168732865402,2872.9113601022436,619.2083013549154,-0.1745,67.23964990864611,-7.246882678940127,0.165,-0.5949287662185397,2.575831390371364
46.700000000000394,-1.8169502094174765,2879.634893875474,618.4705672075045,-0.1745,67.23102555595973,-7.507800269277915,0.165,-0.5949287662185397,2.575831390371364
46.800000000000395,-1.6742458584493431,2886.358272616542,617.7112470638947,-0.1745,67.23654926539578,-7.6786026029176755,0.165,-0.5949287662185397,2.575831390371364
46.9000000000004,-1.7568710922924644,2893.0885259508786,616.9670361809447,-0.1495,67.36851742133558,-7.205615056083551,0.8300000000000001,-0.5949287662185397,2.575831390371364
47.0000000000004,-1.810664050564099,2899.824778573748,616.2325331897712,-0.1745,67.35653503604952,-7.4844447673855194,0.165,-0.5949287662185397,2.575831390371364
47.1000000000004,-1.0529684964206785,2906.5605933288525,615.4749737585615,-0.1745,67.35976006604102,-7.666743856807267,0.165,-0.5949287662185397,2.575831390371364
47.2000000000004,-1.3526130690585079,2913.297256742552,614.8370630127758,-0.06225,67.37350820793986,-5.0914710589071674,0.8300000000000001,-0.5949287662185397,2.575831390371364
47.3000000000004,-1.548510307759271,2920.0279567124703,614.2777499895275,-0.1745,67.24049119043406,-6.094789406060617,0.165,-0.5949287662185397,2.575831390371364
47.400000000000404,-1.6764461909884814,2926.7483636395655,613.6354669987076,-0.1745,67.16764735146808,-6.750870410336937,0.165,-0.5949287662185397,2.575831390371364
47.500000000000405,-1.759930736146103,2933.463368528874,612.9389224861255,-0.1745,67.13245043470184,-7.180019841302978,0.165,-0.5949287662185397,2.575831390371364
47.600000000000406,-1.8143772259590003,2940.1760470071176,612.2068784869717,-0.1745,67.12111913016902,-7.460860141772457,0.165,-0.5949287662185397,2.575831390371364
47.70000000000041,-1.8498729286864033,2946.888354886568,611.4515941751056,-0.1745,67.12503845883178,-7.6448260955499405,0.165,-0.5949287662185397,2.575831390371364
47.80000000000041,-1.8730104461138897,2953.601544057684,610.6810751755822,-0.1745,67.13874496349284,-7.765553894915923,0.165,-0.5949287662185397,2.575831390371364
47.90000000000041,-1.8880939458280144,2960.316418342566,609.9005462807241,-0.1745,67.15874073414675,-7.845024002245317,0.165,-0.5949287662185397,2.575831390371364
48.00000000000041,-1.8979313113901415,2967.033493996887,609.1134156059436,-0.1745,67.18277235227018,-7.8975894933645305,0.165,-0.5949287662185397,2.575831390371364
48.10000000000041,-1.904353185171478,2973.753101731259,608.3219052920086,-0.1745,67.20938233516888,-7.932616785335706,0.165,-0.5949287662185397,2.575831390371364
48.200000000000415,-1.9085524975968096,2980.475452130302,607.52746371005,-0.1745,67.23762564569141,-7.95621485383658,0.165,-0.5949287662185397,2.575831390371364
48.300000000000416,-1.9113062991913812,2987.2006778424793,606.7310346519785,-0.1745,67.2668885978558,-7.97236630759435,0.165,-0.5949287662185397,2.575831390371364
48.40000000000042,-1.9131205651711316,2993.9288608898532,605.9332330107227,-0.1745,67.29677234961949,-7.983666517521692,0.165,-0.5949287662185397,2.575831390371364
48.50000000000042,-1.91432465496342,3000.6600503873415,605.1344593723168,-0.1745,67.32701760014689,-7.991806250597514,0.165,-0.5949287662185397,2.575831390371364
48.60000000000042,-1.9156800763912918,3007.3942740560683,604.3349747284662,-0.1745,67.35745577439155,-7.997886626412376,0.165,-0.5949287662185397,2.575831390371364
48.70000000000042,-1.915888050499799,3014.1331706529777,603.5346627036841,-0.1745,67.4204761637987,-8.008353869229968,0.495,-0.5949287662185397,2.575831390371364
48.80000000000042,-1.9160516910426375,3020.8767474088004,602.7336927302558,-0.1745,67.45105895265067,-8.011045599337207,0.165,-0.5949287662185397,2.575831390371364
48.900000000000425,-1.9161874477777263,3027.6233776494714,601.9324618464296,-0.1745,67.48154586076916,-8.013572077186334,0.165,-0.5949287662185397,2.575831390371364
49.000000000000426,-1.9163060064300084,3034.3730513840696,601.1309838181372,-0.1745,67.51192883119386,-8.015988488663098,0.165,-0.5949287662185397,2.575831390371364
49.10000000000043,-1.916414304996785,3041.125757963823,600.3292678576438,-0.1745,67.5422027638753,-8.01833072120547,0.165,-0.5949287662185397,2.575831390371364
49.20000000000043,-1.9190041656329022,3047.8814863261246,599.5273202161536,-0.1745,67.57236448215036,-8.020622108599339,0.165,-0.7034009659726473,2.559797107225936
49.30000000000043,-1.9207175852409422,3054.6401404098942,598.7247290417807,-0.1745,67.60071719324488,-8.031201378857654,0.165,-0.7034009659726473,2.559797107225936
49.40000000000043,-1.9224072644232013,3061.401646632317,597.9212280505885,-0.1745,67.62940725520438,-8.038818444986807,0.165,-0.7034009659726473,2.559797107225936
49.50000000000043,-1.9228436333161714,3068.1676557101987,597.1167750862109,-0.1745,67.69077430242984,-8.050240842565783,0.495,-0.7034009659726473,2.559797107225936
49.600000000000435,-1.923164789044212,3074.938182727088,596.3115874287265,-0.1745,67.71976603535934,-8.053512307121903,0.165,-0.7034009659726473,2.559797107225936
49.700000000000436,-1.9234121878643151,3081.711606209337,595.5060928176379,-0.1745,67.74870360961569,-8.056379914650924,0.165,-0.7034009659726473,2.559797107225936
49.80000000000044,-1.9236126876186503,3088.4879196891316,594.7003246609905,-0.1745,67.7775659862805,-8.05898321829519,0.165,-0.7034009659726473,2.559797107225936
49.90000000000044,-1.9237836827418748,3095.2671149715816,593.8943048655834,-0.1745,67.80633966271866,-8.06141268984674,0.165,-0.7034009659726473,2.559797107225936
50.00000000000044,-1.9239364344961432,3102.049182755895,593.0880478825898,-0.1745,67.8350160235483,-8.063726970027082,0.165,-0.7034009659726473,2.559797107225936
50.10000000000044,-1.9240782302208526,3108.834113038175,592.2815633310444,-0.1745,67.86358962205206,-8.065964060880079,0.165,-0.7034009659726473,2.559797107225936
50.20000000000044,-1.9242137830065835,3115.621895372548,591.474857698706,-0.1745,67.8920570654043,-8.068148585886924,0.165,-0.7034009659726473,2.559797107225936
50.300000000000445,-1.9243461387805305,3122.4125190404034,590.6679354445009,-0.1745,67.92041629170325,-8.070296498215837,0.165,-0.7034009659726473,2.559797107225936
50.400000000000446,-1.9244772640228738,3129.2059731600484,589.8607997129233,-0.1745,67.94866610119716,-8.072418133337832,0.165,-0.7034009659726473,2.559797107225936
50.50000000000045,-1.924608426469854,3136.0022467577282,589.0534527968695,-0.1745,67.97680585239507,-8.074520187737752,0.165,-0.7034009659726473,2.559797107225936
50.60000000000045,-1.9247404416635319,3142.8013288136035,588.2458964374217,-0.1745,68.00483526510945,-8.076607001218031,0.165,-0.7034009659726473,2.559797107225936
50.70000000000045,-1.7461245499354725,3149.603208291501,587.4381320179757,-0.1745,68.03275429283187,-8.078681387702206,0.165,-0.7034009659726473,2.559797107225936
50.80000000000045,-1.809611234634318,3156.4119916566265,586.6605164862069,-0.1495,68.14291300967828,-7.473629247674543,0.495,-0.7034009659726473,2.559797107225936
50.90000000000045,-1.672345039983808,3163.2259909599475,585.9023156762917,-0.1745,68.13707305674342,-7.690386950631563,0.165,-0.7034009659726473,2.559797107225936
51.000000000000455,-1.7619901219780636,3170.046050644507,585.1563433163225,-0.1495,68.26412063444894,-7.229060248752413,0.8300000000000001,-0.7034009659726473,2.559797107225936
51.100000000000456,-1.8199349443941326,3176.871441061948,584.4181482984957,-0.1745,68.24368771437547,-7.534840107783637,0.165,-0.7034009659726473,2.559797107225936
51.20000000000046,-1.8573887091343477,3183.6956424205227,583.6547530023118,-0.1745,68.2403394571129,-7.733065815893994,0.165,-0.7034009659726473,2.559797107225936
51.30000000000046,-1.8816068906661796,3190.52005192173,582.8750116734013,-0.1745,68.24785056703404,-7.861760762316204,0.165,-0.7034009659726473,2.559797107225936
51.40000000000046,-1.897280973270449,3197.345558395191,582.0846471502264,-0.1745,68.26227890218523,-7.94552970118228,0.165,-0.7034009659726473,2.559797107225936
51.50000000000046,-1.1016401449839517,3204.172727899095,581.2873565011897,-0.1745,68.2811111759022,-8.000283279550386,0.165,-0.7034009659726473,2.559797107225936
51.60000000000046,-1.3940888326874967,3210.9980420905576,580.624725452545,-0.06225,68.2251726533494,-5.252337693343142,0.165,-0.7034009659726473,2.559797107225936
51.700000000000465,-1.5838517541612473,3217.813807108559,580.0499291295342,-0.1745,68.09012770667906,-6.243588766871521,0.165,-0.7034009659726473,2.559797107225936
51.800000000000466,-1.7068723935925294,3224.6190808348438,579.3934109843028,-0.1745,68.01534681901728,-6.886774137756603,0.165,-0.7034009659726473,2.559797107225936
51.90000000000047,-1.786575516771335,3231.4187495618403,578.683860385216,-0.1745,67.97802772091279,-7.304237843979687,0.165,-0.7034009659726473,2.559797107225936
52.00000000000047,-1.838197324836064,3238.2158660451078,577.9398825643152,-0.1745,67.9643019444325,-7.575318574036606,0.165,-0.7034009659726473,2.559797107225936
52.10000000000047,-1.8716314728554573,3245.012358787709,577.1735408378352,-0.1745,67.96555290759747,-7.7515159555652025,0.165,-0.7034009659726473,2.559797107225936
52.20000000000047,-1.8932941882624914,3251.809453982989,576.3926526975357,-0.1745,67.97635099800162,-7.86624685042455,0.165,-0.7034009659726473,2.559797107225936
52.30000000000047,-1.9073425158958202,3258.607933685667,575.602281373892,-0.1745,67.99324305555795,-7.941179622449974,0.165,-0.7034009659726473,2.559797107225936
52.400000000000475,-1.9164678374697475,3265.408296825516,574.8057046446913,-0.1745,68.01401974143042,-7.990354961562223,0.165,-0.7034009659726473,2.559797107225936
52.500000000000476,-1.9224116562386804,3272.210860918466,574.0050436161508,-0.1745,68.03726211757241,-8.02286560924674,0.165,-0.7034009659726473,2.559797107225936
52.60000000000048,-1.9263003423338811,3279.0158268599257,573.2016704782416,-0.1745,68.06205671162347,-8.044597148937703,0.165,-0.7034009659726473,2.559797107225936
52.70000000000048,-1.928862142740211,3285.823320426621,572.3964727368067,-0.1745,68.087814622287,-8.059357679760284,0.165,-0.7034009659726473,2.559797107225936
52.80000000000048,-1.9305677512987385,3292.633418952871,571.59002433909,-0.1745,68.11415590270772,-8.069610274574957,0.165,-0.7034009659726473,2.559797107225936
52.90000000000048,-1.9317213085791063,3299.4461685152055,570.782696447175,-0.1745,68.1408353439794,-8.076947563724453,0.165,-0.7034009659726473,2.559797107225936
53.00000000000048,-1.9325192838550576,3306.2615950175264,569.9747291157047,-0.1745,68.16769470243548,-8.082399065682687,0.165,-0.7034009659726473,2.559797107225936
53.100000000000485,-1.9336306729563302,3313.079711347434,569.1662776564027,-0.1745,68.19463189571992,-8.086630120357544,0.165,-0.7034009659726473,2.559797107225936
53.200000000000486,-1.9337125852259738,3319.9021469404324,568.3571561538868,-0.1745,68.25407996424569,-8.095799929961448,0.495,-0.7034009659726473,2.559797107225936
53.30000000000049,-1.9338224605203436,3326.728903277894,567.5474884803433,-0.1745,68.2810467849897,-8.09755354090859,0.165,-0.7034009659726473,2.559797107225936
53.40000000000049,-1.9339511541684942,3333.558350257567,566.7376414366133,-0.1745,68.30789280847071,-8.099387333690633,0.165,-0.7034009659726473,2.559797107225936
53.50000000000049,-1.9340927630808502,3340.3904760569553,565.9276085532382,-0.1745,68.33462317929705,-8.101270333811762,0.165,-0.7034009659726473,2.559797107225936
53.60000000000049,-1.934243476081754,3347.225269283413,565.1173859086325,-0.1745,68.36124134985936,-8.103182558302027,0.165,-0.7034009659726473,2.559797107225936
53.70000000000049,-1.9344008317072046,3354.0627188348863,564.306971224706,-0.1745,68.38774967960475,-8.105111120228532,0.165,-0.7034009659726473,2.559797107225936
53.800000000000495,-1.9345632391569076,3360.9028138099734,563.4963632830538,-0.1745,68.41414982214033,-8.107047712815868,0.165,-0.7034009659726473,2.559797107225936
53.900000000000496,-1.9347296691633424,3367.7455434498415,562.6855615481664,-0.1745,68.44044297522471,-8.108986984931992,0.165,-0.7034009659726473,2.559797107225936
54.0000000000005,-1.9348994545514646,3374.5908971007116,561.8745659243018,-0.1745,68.46663004217567,-8.110925492359895,0.165,-0.7034009659726473,2.559797107225936
54.1000000000005,-1.935072161594373,3381.4388641896235,561.0633765986377,-0.1745,68.49271173605949,-8.112861020922459,0.165,-0.7034009659726473,2.559797107225936
54.2000000000005,-1.9352475070519004,3388.289434208773,560.2519939401063,-0.1745,68.51868864693074,-8.114792149704732,0.165,-0.7034009659726473,2.559797107225936
54.3000000000005,-1.935425304680958,3395.14259670538,559.4404184341577,-0.1745,68.54456128521622,-8.116717969268121,0.165,-0.7034009659726473,2.559797107225936
54.4000000000005,-1.9356054307551225,3401.9983412751258,558.6286506406994,-0.1745,68.57033010970069,-8.118637899896033,0.165,-0.7034009659726473,2.559797107225936
54.500000000000504,-1.9357878018425474,3408.85665755789,557.8166911669854,-0.1745,68.59599554557543,-8.120551574385612,0.165,-0.7034009659726473,2.559797107225936
54.600000000000506,-1.9359723604871146,3415.7175352349723,557.0045406501421,-0.1745,68.6215579960754,-8.122458762479422,0.165,-0.7034009659726473,2.559797107225936
54.70000000000051,-1.9361590659839012,3422.580964027275,556.1921997459104,-0.1745,68.64701784998067,-8.124359322154088,0.165,-0.7034009659726473,2.559797107225936
54.80000000000051,-1.9363478884376917,3429.4469336940965,555.3796691213913,-0.1745,68.67237548645076,-8.126253168227445,0.165,-0.7034009659726473,2.559797107225936
54.90000000000051,-1.9365388049368113,3436.315434032326,554.5669494503734,-0.1745,68.69763127813913,-8.128140252131027,0.165,-0.7034009659726473,2.559797107225936
55.00000000000051,-1.9367317970895943,3443.1864548758927,553.7540414103229,-0.1745,68.72278559319913,-8.130020548879406,0.165,-0.7034009659726473,2.559797107225936
55.10000000000051,-1.9369268494384642,3450.059986095381,552.940945680445,-0.1745,68.74783879657554,-8.13189404867737,0.165,-0.7034009659726473,2.559797107225936
55.200000000000514,-1.9371239484391194,3456.9360175977517,552.1276629404354,-0.1745,68.77279125083555,-8.13376075151529,0.165,-0.7034009659726473,2.559797107225936
55.300000000000516,-1.9373230818035165,3463.814539326129,551.3141938696751,-0.1745,68.79764331670341,-8.135620663689338,0.165,-0.7034009659726473,2.559797107225936
55.40000000000052,-1.937524238077015,3470.6955412596344,550.5005391467126,-0.1745,68.82239535340389,-8.137473795561379,0.165,-0.7034009659726473,2.559797107225936
55.50000000000052,-1.937727406366215,3477.579013413249,549.6866994489287,-0.1745,68.84704771888282,-8.13932016011707,0.165,-0.7034009659726473,2.559797107225936
55.60000000000052,-1.9379325761637398,3484.4649458376907,548.872675452321,-0.1745,68.87160076994847,-8.141159772037824,0.165,-0.7034009659726473,2.559797107225936
55.70000000000052,-1.938139737235387,3491.3533286193065,548.0584678313639,-0.1745,68.89605486236199,-8.14299264710351,0.165,-0.7034009659726473,2.559797107225936
55.80000000000052,-1.9383488795473915,3498.244151879969,547.2440772589184,-0.1745,68.92041035089508,-8.144818801807986,0.165,-0.7034009659726473,2.559797107225936
55.900000000000524,-1.9385599932194773,3505.137405776982,546.4295044061724,-0.1745,68.94466758936655,-8.14663825311156,0.165,-0.7034009659726473,2.559797107225936
56.000000000000526,-1.9387730684944946,3512.033080502984,545.6147499426028,-0.1745,68.96882693066539,-8.14845101828153,0.165,-0.7034009659726473,2.559797107225936
56.10000000000053,-1.9389880957187162,3518.9311662858554,544.7998145359493,-0.1745,68.99288872676514,-8.150257114789385,0.165,-0.7034009659726473,2.559797107225936
56.20000000000053,-1.939205065328986,3525.8316533886305,543.9846988521975,-0.1745,69.01685332873274,-8.152056560244413,0.165,-0.7034009659726473,2.559797107225936
56.30000000000053,-1.9394239678442733,3532.734532109404,543.1694035555678,-0.1745,69.04072108673361,-8.153849372350749,0.165,-0.7034009659726473,2.559797107225936
56.40000000000053,-1.9396447938600505,3539.6397927812422,542.3539293085063,-0.1745,69.06449235003473,-8.155635568879465,0.165,-0.7034009659726473,2.559797107225936
56.50000000000053,-1.9398675340445029,3546.5474257720944,541.5382767716798,-0.1745,69.08816746700606,-8.157415167650344,0.165,-0.7034009659726473,2.559797107225936
56.600000000000534,-1.940092179135899,3553.4574214847007,540.7224466039712,-0.1745,69.11174678512116,-8.159188186519875,0.165,-0.7034009659726473,2.559797107225936
56.700000000000536,-1.9414063801634245,3560.3697703565044,539.9064394624766,-0.1745,69.13523065095713,-8.160954643373254,0.165,-0.7034009659726473,2.559797107225936
56.80000000000054,-1.9409558992283245,3567.287737364349,539.0896787301247,-0.1745,69.22410950594131,-8.174260003665575,0.8300000000000001,-0.7034009659726473,2.559797107225936
56.90000000000054,-1.9407535372730944,3574.21131774159,538.2722837758861,-0.1745,69.24749803887782,-8.173639081105849,0.165,-0.7034009659726473,2.559797107225936
57.00000000000054,-1.9407106029102477,3581.137225744915,537.4549088227442,-0.1745,69.27066202762352,-8.173859981731848,0.165,-0.7034009659726473,2.559797107225936
57.10000000000054,-1.9407703219550467,3588.0654412952867,536.6374849518734,-0.1745,69.29364897980692,-8.174617435684251,0.165,-0.7034009659726473,2.559797107225936
57.20000000000054,-1.9408963567817619,3594.9959482165236,535.8199682810605,-0.1745,69.3164894449311,-8.175715980573948,0.165,-0.7034009659726473,2.559797107225936
57.300000000000544,-1.9410654530065985,3601.928732844072,535.0023309576393,-0.1745,69.33920310603378,-8.177030487849942,0.165,-0.7034009659726473,2.559797107225936
57.400000000000546,-1.9412627305023418,3608.8637831336205,534.1845553896871,-0.1745,69.36180268494113,-8.178480871193939,0.165,-0.7034009659726473,2.559797107225936
57.50000000000055,-1.941478668340001,3615.801088090118,533.366630551906,-0.1745,69.38429644500575,-8.180015884428599,0.165,-0.7034009659726473,2.559797107225936
57.60000000000055,-1.9417071746574546,3622.7406374020966,532.5485496204791,-0.1745,69.40668979456584,-8.181602744110856,0.165,-0.7034009659726473,2.559797107225936
57.70000000000055,-1.94194435128145,3629.682421207525,531.7303084590724,-0.1745,69.4289863139967,-8.183220484022375,0.165,-0.7034009659726473,2.559797107225936
57.80000000000055,-1.9421877031686083,3636.6264299438953,530.9119046498574,-0.1745,69.45118841341122,-8.184855700276213,0.165,-0.7034009659726473,2.559797107225936
57.90000000000055,-1.9424356325924939,3643.5726542522534,530.093336873466,-0.1745,69.4732977537474,-8.18649982755173,0.165,-0.7034009659726473,2.559797107225936
58.000000000000554,-1.9426871155746495,3650.5210849157565,529.2746045122984,-0.1745,69.4953155163119,-8.18814739579879,0.165,-0.7034009659726473,2.559797107225936
58.100000000000556,-1.9429414949347203,3657.4717128203365,528.4557073967746,-0.1745,69.51724257528464,-8.189794914677528,0.165,-0.7034009659726473,2.559797107225936
58.20000000000056,-1.9431983479522674,3664.424528929506,527.6366456430495,-0.1745,69.53907960809853,-8.191440159825598,0.165,-0.7034009659726473,2.559797107225936
58.30000000000056,-1.9434574017557116,3671.3795242682136,526.8174195492434,-0.1745,69.56082716605448,-8.193081716296858,0.165,-0.7034009659726473,2.559797107225936
58.40000000000056,-1.9437184792355047,3678.336689912491,525.9980295291004,-0.1745,69.58248571948856,-8.194718686560757,0.165,-0.7034009659726473,2.559797107225936
58.50000000000056,-1.9439814644757716,3685.296016982798,525.1784760695833,-0.1745,69.60405568665682,-8.196350503782739,0.165,-0.7034009659726473,2.559797107225936
58.60000000000056,-1.9442462806646186,3692.257496639741,524.3587597037717,-0.1745,69.62553745220397,-8.19797681244799,0.165,-0.7034009659726473,2.559797107225936
58.700000000000564,-1.9445128759809513,3699.2211200813,523.5388809935466,-0.1745,69.64693137896991,-8.19959739205376,0.165,-0.7034009659726473,2.559797107225936
58.800000000000566,-1.9447812145790517,3706.186878541025,522.7188405185269,-0.1745,69.668237815536,-8.201212108340624,0.165,-0.7034009659726473,2.559797107225936
58.90000000000057,-1.9450512708305434,3713.154763286854,521.8986388690034,-0.1745,69.68945710104747,-8.202820882129542,0.165,-0.7034009659726473,2.559797107225936
59.00000000000057,-1.9453230256473966,3720.1247656203213,521.0782766414263,-0.1745,69.71058956829447,-8.204423669412416,0.165,-0.7034009659726473,2.559797107225936
59.10000000000057,-1.9455964641342165,3727.09687687602,520.257754435524,-0.1745,69.73163554568042,-8.206020448634435,0.165,-0.7034009659726473,2.559797107225936
59.20000000000057,-1.945871574089466,3734.071088421228,519.4370728524638,-0.1745,69.75259535847911,-8.207611212571754,0.165,-0.7034009659726473,2.559797107225936
59.30000000000057,-1.9461483450487642,3741.047391655634,518.6162324936779,-0.1745,69.7734693296375,-8.209195963144861,0.165,-0.7034009659726473,2.559797107225936
59.400000000000574,-1.946426767674262,3748.02577801113,517.7952339601153,-0.1745,69.7942577802883,-8.210774708107088,0.165,-0.7034009659726473,2.559797107225936
59.500000000000576,-1.9467068333649058,3755.0062389516484,516.9740778517634,-0.1745,69.81496103007717,-8.212347458930644,0.165,-0.7034009659726473,2.559797107225936
59.60000000000058,-1.9469885340076956,3761.9887659730207,516.1527647673439,-0.1745,69.83557939737162,-8.213914229457243,0.165,-0.7034009659726473,2.559797107225936
59.70000000000058,-1.9472718618188976,3768.9733506028588,515.3312953041192,-0.1745,69.85611319939437,-8.215475035036903,0.165,-0.7034009659726473,2.559797107225936
59.80000000000058,-1.9475568092426465,3775.959984400444,514.5096700577684,-0.1745,69.87656275230847,-8.217029891978301,0.165,-0.7034009659726473,2.559797107225936
59.90000000000058,-1.9483817863144737,3782.9486589566227,513.6878896223096,-0.1745,69.89692837127161,-8.218578817197972,0.165,-0.7034009659726473,2.559797107225936
60.00000000000058,-1.9483358121936276,3789.9409908359353,512.8656681240582,-0.1745,69.94970921497692,-8.225851147831566,0.495,-0.7034009659726473,2.559797107225936
60.100000000000584,-1.948413819610836,3796.936973992917,512.043065193544,-0.1745,69.96995392466198,-8.226207462452253,0.165,-0.7034009659726473,2.559797107225936
60.200000000000585,-1.9485712756877307,3803.9349741938195,511.220405621357,-0.1745,69.99005009338572,-8.226983981287386,0.165,-0.7034009659726473,2.559797107225936
60.30000000000059,-1.9487798376616718,3810.934977800658,510.3976551318802,-0.1745,70.0100220433859,-8.228025808248267,0.165,-0.7034009659726473,2.559797107225936
60.40000000000059,-1.9490214688643939,3817.9369731714205,509.5747921241358,-0.1745,70.02988537186258,-8.229234346639972,0.165,-0.7034009659726473,2.559797107225936
60.50000000000059,-1.9492846921231375,3824.9409499459516,508.75180306437073,-0.1745,70.04965011875613,-8.230546848661788,0.165,-0.7034009659726473,2.559797107225936
60.60000000000059,-1.9495622045159693,3831.946898591141,507.9286795524464,-0.1745,70.06932278502994,-8.231923389824694,0.165,-0.7034009659726473,2.559797107225936
60.70000000000059,-1.9498493590623702,3838.9548101113055,507.10541645426304,-0.1745,70.08890761826831,-8.233338573842467,0.165,-0.7034009659726473,2.559797107225936
60.800000000000594,-1.9501431984084703,3845.9646758637887,506.28201071302675,-0.1745,70.1084074313981,-8.234776250882893,0.165,-0.7034009659726473,2.559797107225936
60.900000000000595,-1.950441839922622,3852.9764874415578,505.4584605927297,-0.1745,70.12782412398313,-8.236226155057729,0.165,-0.7034009659726473,2.559797107225936
61.0000000000006,-1.9507440844698243,3859.990236598461,504.63476519677187,-0.1745,70.14715901408067,-8.237681764099273,0.165,-0.7034009659726473,2.559797107225936
61.1000000000006,-1.9521324488112173,3867.005915201638,503.8109241617064,-0.1745,70.16641304946494,-8.239138937209695,0.165,-0.7034009659726473,2.559797107225936
61.2000000000006,-1.9517686396791896,3874.0267897060007,502.98636019005374,-0.1745,70.25107703779278,-8.252140495843598,0.8300000000000001,-0.7034009659726473,2.559797107225936
61.3000000000006,-1.9516537239935525,3881.0528567330966,502.1611925865551,-0.1745,70.27026350412591,-8.251211574129087,0.165,-0.7034009659726473,2.559797107225936
61.4000000000006,-1.9516973101433956,3888.080831805123,501.3360749050941,-0.1745,70.2892379363999,-8.25114205509127,0.165,-0.7034009659726473,2.559797107225936
61.500000000000604,-1.951842011871767,3895.110696183785,500.5109369968793,-0.1745,70.30804963683248,-8.251616109204779,0.165,-0.7034009659726473,2.559797107225936
61.600000000000605,-1.952051401264784,3902.142435167007,499.68573453205624,-0.1745,70.32673002760856,-8.252433187255948,0.165,-0.7034009659726473,2.559797107225936
61.70000000000061,-1.9523023570388542,3909.1760366268695,498.8604395745343,-0.1745,70.3452991696413,-8.253465963181883,0.165,-0.7034009659726473,2.559797107225936
61.80000000000061,-1.1226124573831773,3916.211490080669,498.03503459569026,-0.1745,70.36376990635516,-8.254633613699761,0.165,-0.7034009659726473,2.559797107225936
61.90000000000061,-1.4258182767531933,3923.2465201841455,497.3570732065182,-0.06225,70.33683216317044,-5.304594169742455,0.495,-0.7034009659726473,2.559797107225936
62.00000000000061,-1.6194052895172641,3930.272393018516,496.77369809324057,-0.1745,70.18062452423827,-6.362908095809635,0.165,-0.7034009659726473,2.559797107225936
62.10000000000061,-1.7429252372405717,3937.285991479151,496.1036531621732,-0.1745,70.09134468846389,-7.0379905255372766,0.165,-0.7034009659726473,2.559797107225936
62.200000000000614,-1.8217187056285375,3944.292705790391,495.37831663967773,-0.1745,70.04294153633569,-7.468739924371601,0.165,-0.7034009659726473,2.559797107225936
62.300000000000615,-1.8719923394395768,3951.2958459117226,494.6176957662072,-0.1745,70.01986089028793,-7.743677545039687,0.165,-0.7034009659726473,2.559797107225936
62.40000000000062,-1.9040952089407281,3958.297469108901,493.83454731554417,-0.1745,70.01260305328232,-7.9192914682211795,0.165,-0.7034009659726473,2.559797107225936
62.50000000000062,-1.9246281431048404,3965.2988632524407,493.0370016806967,-0.1745,70.01527981750998,-8.031621228728348,0.165,-0.7034009659726473,2.559797107225936
62.60000000000062,-1.937797639224121,3972.300837571179,492.2302382746959,-0.1745,70.02420655724922,-8.103646891287173,0.165,-0.7034009659726473,2.559797107225936
62.70000000000062,-1.9462826738473304,3979.303901074182,491.4175552901465,-0.1745,70.03706350281149,-8.150012799702147,0.165,-0.7034009659726473,2.559797107225936
62.80000000000062,-1.951788597542981,3986.3083734774596,490.601052317894,-0.1745,70.05238456274337,-8.180046645347263,0.165,-0.7034009659726473,2.559797107225936
62.900000000000624,-1.9554005908705685,3993.3144547541096,489.7820656195807,-0.1745,70.0692409702564,-8.199687320919214,0.165,-0.7034009659726473,2.559797107225936
63.000000000000625,-1.9578089966700094,4000.322268978604,488.9614455099175,-0.1745,70.08704351962815,-8.212714872344334,0.165,-0.7034009659726473,2.559797107225936
63.10000000000063,-1.959452873137726,4007.3318920610504,488.1397330352839,-0.1745,70.10541812929984,-8.22153462032797,0.165,-0.7034009659726473,2.559797107225936
63.20000000000063,-1.9606114016584908,4014.3433693283946,487.31727246573575,-0.1745,70.1241272175805,-8.22767677063469,0.165,-0.7034009659726473,2.559797107225936
63.30000000000063,-1.9614620688814768,4021.3567266840055,486.49428289691303,-0.1745,70.1430198946327,-8.232114605819735,0.165,-0.7034009659726473,2.559797107225936
63.40000000000063,-1.9621176891046517,4028.3719776966577,485.6709038133568,-0.1745,70.1620003584081,-8.235467065304501,0.165,-0.7034009659726473,2.559797107225936
63.50000000000063,-1.9626499564585802,4035.389128105668,484.8472240758961,-0.1745,70.18100782179623,-8.238127683909529,0.165,-0.7034009659726473,2.559797107225936
63.600000000000634,-1.9631044246351836,4042.4081786845823,484.0233003597324,-0.1745,70.20000375648995,-8.240346639365422,0.165,-0.7034009659726473,2.559797107225936
63.700000000000635,-1.9635100324790473,4049.4291270616136,483.1991688802299,-0.1745,70.21896378413818,-8.242282950684825,0.165,-0.7034009659726473,2.559797107225936
63.80000000000064,-1.1354855284317353,4056.4519688768714,482.3748528486834,-0.1745,70.23787252101424,-8.244037680244631,0.165,-0.7034009659726473,2.559797107225936
63.90000000000064,-1.4376723509961273,4063.4727726513183,481.69751956593893,-0.06225,70.17820296792829,-5.30262797464469,0.165,-0.7034009659726473,2.559797107225936
64.00000000000064,-1.6308475766517794,4070.4828700752764,481.11463456060665,-0.1745,70.02374551123671,-6.355072132000988,0.165,-0.7034009659726473,2.559797107225936
64.10000000000063,-1.7542558912306379,4077.480839686099,480.4455170788165,-0.1745,69.93564670521349,-7.027277503801567,0.165,-0.7034009659726473,2.559797107225936
64.20000000000063,-1.8330734931903754,4084.4720286293627,479.7213159215815,-0.1745,69.88813216005818,-7.456745640898949,0.165,-0.7034009659726473,2.559797107225936
64.30000000000062,-1.8834223772889893,4091.459724775138,478.96191748715927,-0.1745,69.86579075545049,-7.731223047545786,0.165,-0.7034009659726473,2.559797107225936
64.40000000000062,-1.9156105650703865,4098.445974198768,478.18001755440264,-0.1745,69.8591977171579,-7.906775607586365,0.165,-0.7034009659726473,2.559797107225936
64.50000000000061,-1.9362209602308353,4105.432059279377,477.3837178174148,-0.1745,69.86250389503041,-8.019219132170875,0.165,-0.7034009659726473,2.559797107225936
64.6000000000006,-1.9494538750178658,4112.418786703114,476.57818586260584,-0.1745,69.87204457970482,-8.091419964008304,0.165,-0.7034009659726473,2.559797107225936
64.7000000000006,-1.9579876688539737,4119.406664417854,475.76671644817674,-0.1745,69.88550971509193,-8.137968324573306,0.165,-0.7034009659726473,2.559797107225936
64.8000000000006,-1.9635294056634336,4126.3960117819715,474.95140957855205,-0.1745,69.90143756725736,-8.168169067920317,0.165,-0.7034009659726473,2.559797107225936
64.90000000000059,-1.9671666915119297,4133.387028710414,474.1336034289207,-0.1745,69.91890100159173,-8.187953924705914,0.165,-0.7034009659726473,2.559797107225936
65.00000000000058,-1.9695922586447911,4140.379839317096,473.3141505796447,-0.1745,69.93731113206411,-8.201103060814376,0.165,-0.7034009659726473,2.559797107225936
65.10000000000058,-1.9712472214197478,4147.374519555002,472.4935941846125,-0.1745,69.9562936260414,-8.210024839830073,0.165,-0.7034009659726473,2.559797107225936
65.20000000000057,-1.9724124086881405,4154.371114759036,471.67228027840605,-0.1745,69.9756104546302,-8.216253284299132,0.165,-0.7034009659726473,2.559797107225936
65.30000000000057,-1.1475343242501534,4161.369650794863,470.8504293493395,-0.1745,69.99511026192687,-8.220765297032303,0.165,-0.7034009659726473,2.559797107225936
65.40000000000056,-1.4480695673290576,4168.36784587655,470.17423897222744,-0.06225,69.96879137179863,-5.303042245208758,0.495,-0.7034009659726473,2.559797107225936
65.50000000000055,-0.8198501008551886,4175.357126573813,469.5917513480893,-0.1745,69.81682257346385,-6.3467102375543964,0.165,-0.7034009659726473,2.559797107225936
65.60000000000055,-1.2378491832019891,4182.337983721965,469.06746151631205,-0.06225,69.80032038959017,-4.139086397990175,0.495,-0.7034009659726473,2.559797107225936
65.70000000000054,-0.6898166457943217,4189.306793128134,468.58120378455084,-0.1745,69.57586773378648,-5.586068237233609,0.165,-0.7034009659726473,2.559797107225936
65.80000000000054,-1.1537040873940405,4196.261984303118,468.11852128211405,-0.06225,69.52795576589999,-3.6675818115018357,0.165,-0.7034009659726473,2.559797107225936
65.90000000000053,-1.4526276494374404,4203.202182577129,467.67179361514167,-0.1745,69.27600971431833,-5.266971527945364,0.165,-0.7034009659726473,2.559797107225936
66.00000000000053,-1.645058100403605,4210.122476243374,467.09369037400796,-0.1745,69.12986361057371,-6.295093294728149,0.165,-0.7034009659726473,2.559797107225936
66.10000000000052,-1.7688408856650422,4217.0313445123775,466.43110597963914,-0.1745,69.04750176948998,-6.956594592647874,0.165,-0.7034009659726473,2.559797107225936
66.20000000000051,-1.8484335441775592,4223.93394158348,465.71415942888143,-0.1745,69.00443965256041,-7.382336422506445,0.165,-0.7034009659726473,2.559797107225936
66.30000000000051,-1.8996120555019083,4230.833459801428,464.96222003058057,-0.1745,68.98592470639247,-7.656451543510429,0.165,-0.7034009659726473,2.559797107225936
66.4000000000005,-1.932536174440172,4237.731899532107,464.1877428465447,-0.1745,68.98286990717395,-7.833092137206527,0.165,-0.7034009659726473,2.559797107225936
66.5000000000005,-1.9537407313271755,4244.630522843276,463.39873305364034,-0.1745,68.9895963162044,-7.947103720880518,0.165,-0.7034009659726473,2.559797107225936
66.60000000000049,-1.9674251286503752,4251.530128723548,462.60033315478904,-0.1745,69.00252128924433,-8.020894256145843,0.165,-0.7034009659726473,2.559797107225936
66.70000000000049,-1.9762861464255808,4258.431223334645,461.7958452232979,-0.1745,69.01937093271228,-8.068864373677341,0.165,-0.7034009659726473,2.559797107225936
66.80000000000048,-1.9820547172949303,4265.334126704443,460.98738881890955,-0.1745,69.03869646323805,-8.100263714088927,0.165,-0.7034009659726473,2.559797107225936
66.90000000000047,-1.9858413958227785,4272.239040157871,460.1763240953429,-0.1745,69.0595726053293,-8.121030757243252,0.165,-0.7034009659726473,2.559797107225936
67.00000000000047,-1.9883584718435223,4279.146089167389,459.36352371984714,-0.1745,69.08140758502246,-8.134976752672465,0.165,-0.7034009659726473,2.559797107225936
67.10000000000046,-1.1744252214056503,4286.055350678161,458.54954753382447,-0.1745,69.10382263042054,-8.144546967780684,0.165,-0.7034009659726473,2.559797107225936
67.20000000000046,-1.4682774366903428,4292.966160584836,457.8770999259163,-0.06225,69.11237550309221,-5.30440519038263,0.8300000000000001,-0.7034009659726473,2.559797107225936
67.30000000000045,-1.6576676244121682,4299.870300675399,457.29623879248095,-0.1745,68.97042630817442,-6.312817478324025,0.165,-0.7034009659726473,2.559797107225936
67.40000000000045,-1.7796387651541024,4306.763359412274,456.63247431134994,-0.1745,68.89074842932389,-6.96247214429657,0.165,-0.7034009659726473,2.559797107225936
67.50000000000044,-1.8581587421166277,4313.650372331389,455.9152944239598,-0.1745,68.8495099529591,-7.38112560350626,0.165,-0.7034009659726473,2.559797107225936
67.60000000000043,-1.728682991699705,4320.534463785917,455.16368675253415,-0.1745,68.83231913760318,-7.651027825005802,0.165,-0.7034009659726473,2.559797107225936
67.70000000000043,-1.8255177501946795,4327.423795691579,454.4205700927833,-0.1495,68.95431897561822,-7.211305370011241,0.8300000000000001,-0.7034009659726473,2.559797107225936
67.80000000000042,-1.887811439641258,4334.317842812078,453.6827908748474,-0.1745,68.92662343437476,-7.544278988707118,0.165,-0.7034009659726473,2.559797107225936
67.90000000000042,-1.9278950988552603,4341.210066744766,452.9176335142016,-0.1745,68.91785521938246,-7.758868224208256,0.165,-0.7034009659726473,2.559797107225936
68.00000000000041,-1.1407642232761992,4348.102011921317,452.1348233175732,-0.1745,68.9210483116435,-7.897335708360474,0.165,-0.7034009659726473,2.559797107225936
68.1000000000004,-1.4480751813947879,4354.991327134981,451.4822294328131,-0.06225,68.8652559616211,-5.15454198684159,0.165,-0.7034009659726473,2.559797107225936
68.2000000000004,-1.6465692192037995,4361.87043557316,450.9142361934965,-0.1745,68.71691280195917,-6.205322799489712,0.165,-0.7034009659726473,2.559797107225936
68.3000000000004,-1.7746725505194816,4368.73795698047,450.25978480950795,-0.1745,68.63351534423627,-6.8837048802811225,0.165,-0.7034009659726473,2.559797107225936
68.40000000000039,-1.8573072670529445,4375.599143773112,449.54950936458323,-0.1745,68.59022050860813,-7.321804018213744,0.165,-0.7034009659726473,2.559797107225936
68.50000000000038,-1.9106060342559352,4382.457256614224,448.8031771734657,-0.1745,68.57203631363609,-7.604839804136685,0.165,-0.7034009659726473,2.559797107225936
68.60000000000038,-1.9449946093783919,4389.314343908546,448.0335425841203,-0.1745,68.56970957280028,-7.787851982771619,0.165,-0.7034009659726473,2.559797107225936
68.70000000000037,-1.9672020084405226,4396.171701572961,447.24883100905413,-0.1745,68.577443715495,-7.90637951855162,0.165,-0.7034009659726473,2.559797107225936
68.80000000000037,-1.981567126790704,4403.03015236725,446.4543442871146,-0.1745,68.59157217028267,-7.983354920238097,0.165,-0.7034009659726473,2.559797107225936
68.90000000000036,-1.9908857022732622,4409.890219032176,445.6534982295402,-0.1745,68.6097611282362,-8.033566231249756,0.165,-0.7034009659726473,2.559797107225936
69.00000000000036,-1.996958171625392,4416.752233047364,444.8484927134072,-0.1745,68.63051917552663,-8.06654409141062,0.165,-0.7034009659726473,2.559797107225936
69.10000000000035,-2.0009435095683923,4423.616403549348,444.0407441113104,-0.1745,68.6528908641605,-8.088427950525437,0.165,-0.7034009659726473,2.559797107225936
69.20000000000034,-2.0035875090472723,4430.482861252233,443.23116415425625,-0.1745,68.67626319354093,-8.103171190557253,0.165,-0.7034009659726473,2.559797107225936
69.30000000000034,-1.8253365440568698,4437.3516865394295,442.42033966042067,-0.1745,68.70024255037461,-8.113318686154873,0.165,-0.7034009659726473,2.559797107225936
69.40000000000033,-1.8908466484314186,4444.228795682258,441.6393354061495,-0.1495,68.84194030620326,-7.5067663992691545,0.8300000000000001,-0.7034009659726473,2.559797107225936
69.50000000000033,-1.9330256843446967,4451.112484189076,440.8773907434405,-0.1745,68.83182983015371,-7.732126854910805,0.165,-0.7034009659726473,2.559797107225936
69.60000000000032,-1.9602025536364454,4457.995789919278,440.096903109919,-0.1745,68.83428477388226,-7.877625815519102,0.165,-0.7034009659726473,2.559797107225936
69.70000000000032,-1.1653035511904517,4464.879739491846,439.304433758775,-0.1745,68.84470667747163,-7.971761207360858,0.165,-0.7034009659726473,2.559797107225936
69.80000000000031,-1.4669289522226112,4471.7647157775455,438.64537598447424,-0.06225,68.85481903653123,-5.209394278655055,0.8300000000000001,-0.7034009659726473,2.559797107225936
69.9000000000003,-1.6617477694435177,4478.642955604137,438.0728745524105,-0.1745,68.70997749528462,-6.240634362620393,0.165,-0.7034009659726473,2.559797107225936
70.0000000000003,-1.7874795550804625,4485.5098908019045,437.4155215278303,-0.1745,68.62872646006456,-6.906426128982712,0.165,-0.7034009659726473,2.559797107225936
70.10000000000029,-1.8685865194441291,4492.370665676398,436.70337984908986,-0.1745,68.58677102980099,-7.336407445826674,0.165,-0.7034009659726473,2.559797107225936
70.20000000000029,-1.9209026889058276,4499.228475861795,435.95584893981567,-0.1745,68.56943267814461,-7.614210739656582,0.165,-0.7034009659726473,2.559797107225936
70.30000000000028,-1.954660371605953,4506.085329722866,435.1854457970254,-0.1745,68.56764454326402,-7.793852116149119,0.165,-0.7034009659726473,2.559797107225936
70.40000000000028,-1.9764635354804572,4512.942498140371,434.4002427220145,-0.1745,68.57572380683847,-7.910209384068419,0.165,-0.7034009659726473,2.559797107225936
70.50000000000027,-1.1809995045048454,4519.800788061217,433.6054428442437,-0.1745,68.59007461008224,-7.985788171347244,0.165,-0.7034009659726473,2.559797107225936
70.60000000000026,-1.4784570357318665,4526.660308148388,432.94458518331356,-0.06225,68.60032713333838,-5.231365047256299,0.8300000000000001,-0.7034009659726473,2.559797107225936
70.70000000000026,-1.6709484469167688,4533.513312007302,432.3707791786975,-0.1745,68.45975004494665,-6.244755045064886,0.165,-0.7034009659726473,2.559797107225936
70.80000000000025,-1.795411484047686,4540.355364320195,431.7135240818705,-0.1745,68.38129621291084,-6.90034689147512,0.165,-0.7034009659726473,2.559797107225936
70.90000000000025,-1.8758485720933227,4547.191495423076,431.0022769028688,-0.1745,68.34132584471678,-7.324596688558687,0.165,-0.7034009659726473,2.559797107225936
71.00000000000024,-1.9278264683308324,4554.024837539984,430.25608423934625,-0.1745,68.32551649344124,-7.599256581892617,0.165,-0.7034009659726473,2.559797107225936
71.10000000000024,-1.7821400926310893,4560.85736335657,429.4872596640497,-0.1745,68.32499983827636,-7.777234924037989,0.165,-0.7034009659726473,2.559797107225936
71.20000000000023,-1.8675837189261346,4567.694692839631,428.7342960771681,-0.1495,68.42158982293446,-7.282036813593829,0.495,-0.7034009659726473,2.559797107225936
71.30000000000022,-1.922765847561934,4574.535907192918,427.99149486900603,-0.1745,68.4026972427957,-7.573987349647282,0.165,-0.7034009659726473,2.559797107225936
71.40000000000022,-1.9584136009398252,4581.376048609122,427.2246446237314,-0.1745,68.40013108129119,-7.763017555844588,0.165,-0.7034009659726473,2.559797107225936
71.50000000000021,-1.9814605805340813,4588.216451858813,426.44221363725967,-0.1745,68.40793391253074,-7.885602173590543,0.165,-0.7034009659726473,2.559797107225936
71.60000000000021,-1.9963839742188414,4595.057965283587,425.64966796182404,-0.1745,68.42233458293319,-7.965311335122657,0.165,-0.7034009659726473,2.559797107225936
71.7000000000002,-2.0060726743166466,4601.901128534263,424.8505341013246,-0.1745,68.4409304305896,-8.0173658748658,0.165,-0.7034009659726473,2.559797107225936
71.8000000000002,-2.0123896847628613,4608.746284274309,424.0470863496956,-0.1745,68.46218437032834,-8.051589157714726,0.165,-0.7034009659726473,2.559797107225936
71.90000000000019,-2.0165358999488276,4615.593649019507,423.2407909912538,-0.1745,68.4851105336354,-8.074318011121115,0.165,-0.7034009659726473,2.559797107225936
72.00000000000018,-2.0198285188583096,4622.443358327061,422.4325931634323,-0.1745,68.50907561744982,-8.089638545309453,0.165,-0.7034009659726473,2.559797107225936
72.10000000000018,-2.0213398963894957,4629.29712067269,421.6228155363101,-0.1745,68.56617129512955,-8.105913997134182,0.495,-0.7034009659726473,2.559797107225936
72.20000000000017,-2.0223954899068612,4636.154988500037,420.8119093304598,-0.1745,68.59118525180702,-8.11221011987225,0.165,-0.7034009659726473,2.559797107225936
72.30000000000017,-1.8425459596256082,4643.0153646224435,420.0004519745434,-0.1745,68.61633719631948,-8.116936998455724,0.165,-0.7034009659726473,2.559797107225936
72.40000000000016,-1.907768440977391,4649.880821592551,419.2196834232662,-0.1495,68.69280220583215,-7.498434027088902,0.165,-0.7034009659726473,2.559797107225936
72.50000000000016,-1.9498106135573279,4656.749638732247,418.4586428782493,-0.1745,68.6835405880843,-7.722376873249248,0.165,-0.7034009659726473,2.559797107225936
72.60000000000015,-1.9769300759132546,4663.618151989778,417.67916668669494,-0.1745,68.68672456253204,-7.867146957837988,0.165,-0.7034009659726473,2.559797107225936
72.70000000000014,-1.9950042806862989,4670.487378627365,416.8877625419043,-0.1745,68.69780818920417,-7.960935937975308,0.165,-0.7034009659726473,2.559797107225936
72.80000000000014,-2.006010115563736,4677.3595893733545,416.0883336920889,-0.1745,68.74640673059841,-8.0276410583326,0.495,-0.7034009659726473,2.559797107225936
72.90000000000013,-2.013167611653463,4684.235196172852,415.28363431625746,-0.1745,68.7657292593559,-8.066346458296545,0.165,-0.7034009659726473,2.559797107225936
73.00000000000013,-2.0189498326620257,4691.112832243723,414.47572317491347,-0.1745,68.78699215806392,-8.091876368583593,0.165,-0.7034009659726473,2.559797107225936
73.10000000000012,-2.021366626467413,4697.995929587835,413.6651053213287,-0.1745,68.8749547241957,-8.120480703111625,0.8300000000000001,-0.7034009659726473,2.559797107225936
73.20000000000012,-2.0230099360159945,4704.884590435273,412.8525947161141,-0.1745,68.8982622245543,-8.129731401180855,0.165,-0.7034009659726473,2.559797107225936
73.30000000000011,-2.0241576071681657,4711.775597635165,412.0392922620233,-0.1745,68.92188177328516,-8.136317680634857,0.165,-0.7034009659726473,2.559797107225936
73.4000000000001,-2.024988001978143,4718.668975055327,411.22541682028475,-0.1745,68.94566662996682,-8.141191154136596,0.165,-0.7034009659726473,2.559797107225936
73.5000000000001,-2.0256155931789945,4725.564734523184,410.411109115573,-0.1745,68.96952272717363,-8.14496294009785,0.165,-0.7034009659726473,2.559797107225936
73.6000000000001,-2.0261138328283264,4732.462880150015,409.59645969798976,-0.1745,68.99338980945373,-8.148025411567971,0.165,-0.7034009659726473,2.559797107225936
73.70000000000009,-2.0265298410984585,4739.36341110688,408.7815269051955,-0.1745,69.01722932785067,-8.15063044431703,0.165,-0.7034009659726473,2.559797107225936
73.80000000000008,-2.0268938388266067,4746.266323406682,407.96634839826794,-0.1745,69.0410166681768,-8.152939694234348,0.165,-0.7034009659726473,2.559797107225936
73.90000000000008,-2.027225203378288,4753.171611048143,407.150948568808,-0.1745,69.06473616103568,-8.155056894964162,0.165,-0.7034009659726473,2.559797107225936
74.00000000000007,-2.027536355795095,4760.079266750091,406.3353432940109,-0.1745,69.08837787792763,-8.157048600978598,0.165,-0.7034009659726473,2.559797107225936
74.10000000000007,-2.02783525537141,4766.989282422702,405.5195429886147,-0.1745,69.11193557428749,-8.158957506945491,0.165,-0.7034009659726473,2.559797107225936
74.20000000000006,-2.0281270002271494,4773.901649469868,404.70355456334295,-0.1745,69.13540536902954,-8.16081099848987,0.165,-0.7034009659726473,2.559797107225936
74.30000000000005,-2.028414854065645,4780.81635898317,403.88738268139343,-0.1745,69.15878489701147,-8.16262664050055,0.165,-0.7034009659726473,2.559797107225936
74.40000000000005,-2.028700904703871,4787.733401866277,403.07103056441343,-0.1745,69.18207276513067,-8.164415699099303,0.165,-0.7034009659726473,2.559797107225936
74.50000000000004,-2.0289864863510925,4794.652768914701,402.25450050939236,-0.1745,69.20526820333609,-8.166185401322458,0.165,-0.7034009659726473,2.559797107225936
74.60000000000004,-2.0292724503404065,4801.574450866905,401.4377942200942,-0.1745,69.22837084074537,-8.167940384640662,0.165,-0.7034009659726473,2.559797107225936
74.70000000000003,-2.0295593386670423,4808.498438437045,400.620913019532,-0.1745,69.25138056204591,-8.169683626603106,0.165,-0.7034009659726473,2.559797107225936
74.80000000000003,-2.0298474952047623,4815.424722335917,399.8038579861545,-0.1745,69.2742974154073,-8.171417040946434,0.165,-0.7034009659726473,2.559797107225936
74.90000000000002,-2.030137136968161,4822.353293284359,398.9866300411192,-0.1745,69.29712155343827,-8.173141859759813,0.165,-0.7034009659726473,2.559797107225936
75.00000000000001,-2.030428399765536,4829.284142021798,398.16923000420906,-0.1745,69.3198531953375,-8.174858878443885,0.165,-0.7034009659726473,2.559797107225936
75.10000000000001,-2.030721367440017,4836.217259311697,397.35165862965215,-0.1745,69.34249260263519,-8.176568612693815,0.165,-0.7034009659726473,2.559797107225936
75.2,-2.031016090595229,4843.152635945011,396.5339166290633,-0.1745,69.36504006364808,-8.178271399083451,0.165,-0.7034009659726473,2.559797107225936
75.3,-2.0313125985846976,4850.090262742369,395.7160046861341,-0.1745,69.38749588352,-8.179967459500626,0.165,-0.7034009659726473,2.559797107225936
75.39999999999999,-1.8497720807214555,4857.030130555438,394.8979234660382,-0.1745,69.409860377842,-8.181656942417279,0.165,-0.7034009659726473,2.559797107225936
75.49999999999999,-1.5505323797647985,4863.978179007366,394.1109915886052,-0.1495,69.55110866071833,-7.556980606242884,0.8300000000000001,-0.7034009659726473,2.559797107225936
75.59999999999998,-1.7259603357437379,4870.938430115358,393.4074599303404,-0.1245,69.65391349911904,-6.513652559053771,0.495,-0.7034009659726473,2.559797107225936
75.69999999999997,-1.836769118946508,4877.903354739827,392.725381615217,-0.1745,69.64457899025354,-7.127913743414817,0.8300000000000001,-0.7034009659726473,2.559797107225936
75.79999999999997,-1.9077000757600004,4884.865867607842,391.9933813983428,-0.1745,69.60567837004857,-7.51209059406868,0.165,-0.7034009659726473,2.559797107225936
75.89999999999996,-1.9531204461312206,4891.82560408097,391.2298656201906,-0.1745,69.5890510925074,-7.758224968975947,0.165,-0.7034009659726473,2.559797107225936
75.99999999999996,-1.9822340130286524,4898.784377011057,390.4461511169756,-0.1745,69.58640750922685,-7.916065095324177,0.165,-0.7034009659726473,2.559797107225936
76.09999999999995,-2.0009302264938533,4905.743326274076,389.6494749173275,-0.1745,69.59257775116299,-8.01745889763874,0.165,-0.7034009659726473,2.559797107225936
76.19999999999995,-2.0129746229841605,4912.70317066508,388.84446286228336,-0.1745,69.60431006891656,-8.08278220324415,0.165,-0.7034009659726473,2.559797107225936
76.29999999999994,-2.0207733170001663,4919.664363570426,388.0340705761972,-0.1745,69.61954803801568,-8.125063518479234,0.165,-0.7034009659726473,2.559797107225936
76.39999999999993,-2.0258630737610086,4926.627190308018,387.22018593404067,-0.1745,69.63698671381675,-8.152629324651917,0.165,-0.7034009659726473,2.559797107225936
76.49999999999993,-2.0297665282948456,4933.591829457534,386.4040145205727,-0.1745,69.6557962765081,-8.170798944708412,0.165,-0.7034009659726473,2.559797107225936
76.59999999999992,-2.0316919813370204,4940.560016632958,385.58603963252847,-0.1745,69.70794723196823,-8.188698816175592,0.495,-0.7034009659726473,2.559797107225936
76.69999999999992,-2.033037528307891,4947.531821551375,384.76681156579036,-0.1745,69.72815113638848,-8.195862518586845,0.165,-0.7034009659726473,2.559797107225936
76.79999999999991,-2.0340140161378617,4954.505658185983,383.94696831073605,-0.1745,69.74858155576572,-8.20100258249987,0.165,-0.7034009659726473,2.559797107225936
76.8999999999999,-2.0347558945036472,4961.481543536818,383.12667567895846,-0.1745,69.76912546095393,-8.204850053051766,0.165,-0.7034009659726473,2.559797107225936
76.9999999999999,-2.035348880381843,4968.459485354462,382.30603961388,-0.1745,69.78971089192414,-8.207871248517565,0.165,-0.7034009659726473,2.559797107225936
77.0999999999999,-2.0358476110039097,4975.439485502994,381.48512787290883,-0.1745,69.8102920787094,-8.210363570905026,0.165,-0.7034009659726473,2.559797107225936
77.19999999999989,-2.036286905907603,4982.421542104606,380.6639838612851,-0.1745,69.83083995351552,-8.2125166615697,0.165,-0.7034009659726473,2.559797107225936
77.29999999999988,-2.0372275379011464,4989.405650907258,379.84263545678584,-0.1745,69.85133609952543,-8.214451428415737,0.165,-0.7034009659726473,2.559797107225936
77.39999999999988,-2.037272186461246,4996.393431099028,379.0208141720394,-0.1745,69.90426773586884,-8.22197426651232,0.495,-0.7034009659726473,2.559797107225936
77.49999999999987,-2.0374250753624756,5003.384878282681,378.19859070312333,-0.1745,69.92467593718028,-8.222495111809582,0.165,-0.7034009659726473,2.559797107225936
77.59999999999987,-2.0376474481747935,5010.378359253276,377.37629690499557,-0.1745,69.94494347472558,-8.223380850745196,0.165,-0.7034009659726473,2.559797107225936
77.69999999999986,-1.2123852748490078,5017.373861004067,376.55390302395125,-0.1745,69.96509154108459,-8.224496770141476,0.165,-0.7034009659726473,2.559797107225936
77.79999999999986,-0.5093107429234918,5024.37072596926,375.87722647933634,-0.06225,69.97220776277979,-5.309034122156363,0.8300000000000001,-0.7034009659726473,2.559797107225936
77.89999999999985,-0.8799210661804131,5031.362678179667,375.46999824995316,-0.03725,69.86683644534432,-2.83553046550674,0.495,-0.7034009659726473,2.559797107225936
77.99999999999984,-1.2988033620624746,5038.3400632520625,375.1221331369377,-0.1495,69.68086500256749,-4.12177179480295,0.165,-0.7034009659726473,2.559797107225936
78.09999999999984,-1.5681990731099082,5045.296948359464,374.6375805721454,-0.1745,69.45683714546058,-5.5692795010432095,0.165,-0.7034009659726473,2.559797107225936
78.19999999999983,-1.7412982790545377,5052.236152971415,374.0341973027197,-0.1745,69.32725509355471,-6.498385887471036,0.165,-0.7034009659726473,2.559797107225936
78.29999999999983,-1.8524553885765918,5059.165258423761,373.3545205421213,-0.1745,69.25485395336489,-7.0951493244967745,0.165,-0.7034009659726473,2.559797107225936
78.39999999999982,-1.9238213569932536,5066.088889046867,372.6258353955306,-0.1745,69.21775850874998,-7.478553607317097,0.165,-0.7034009659726473,2.559797107225936
78.49999999999982,-1.9696526505661105,5073.0099135275295,371.86565800718574,-0.1745,69.20273110450178,-7.724994159579577,0.165,-0.7034009659726473,2.559797107225936
78.59999999999981,-1.999111040065034,5079.930130027346,371.0852305930598,-0.1745,69.20159889184197,-7.88355412293874,0.165,-0.7034009659726473,2.559797107225936
78.6999999999998,-2.018077546593487,5086.85067244268,370.2917650879127,-0.1745,69.20924941483128,-7.985755980002939,0.165,-0.7034009659726473,2.559797107225936
78.7999999999998,-2.0303240773106035,5093.772257781171,369.4898857229105,-0.1745,69.22245735499365,-8.051831320041414,0.165,-0.7034009659726473,2.559797107225936
78.89999999999979,-1.221168885193363,5100.695339491715,368.68255629675923,-0.1745,69.23917685587071,-8.09475720298399,0.165,-0.7034009659726473,2.559797107225936
78.99999999999979,-1.5199975574080593,5107.619697618912,368.01451231306135,-0.06225,69.24798568808953,-5.2661224709741585,0.8300000000000001,-0.7034009659726473,2.559797107225936
79.09999999999978,-1.7124220518222084,5114.537202455186,367.43653580511216,-0.1745,69.10211103739783,-6.293407688010135,0.165,-0.7034009659726473,2.559797107225936
79.19999999999978,-1.8362409747924369,5121.4433047976745,366.77413939652837,-0.1745,69.0199358123717,-6.954520483665954,0.165,-0.7034009659726473,2.559797107225936
79.29999999999977,-1.9158871351360536,5128.343152445985,366.05740793595623,-0.1745,68.9770171538353,-7.380108727776637,0.165,-0.7034009659726473,2.559797107225936
79.39999999999976,-1.9671240954951257,5135.239934506353,365.3056931231175,-0.1745,68.9586240535325,-7.6541875289977055,0.165,-0.7034009659726473,2.559797107225936
79.49999999999976,-2.0001058739138715,5142.13564974469,364.5314414668504,-0.1745,68.95568071321466,-7.830845596344278,0.165,-0.7034009659726473,2.559797107225936
79.59999999999975,-2.0213650550318363,5149.031559479149,363.74265441610834,-0.1745,68.96251397596102,-7.944895418497476,0.165,-0.7034009659726473,2.559797107225936
79.69999999999975,-2.0351005207950896,5155.92846238186,362.9444732097224,-0.1745,68.97554407826404,-8.01872870922132,0.165,-0.7034009659726473,2.559797107225936
79.79999999999974,-2.0440093061080935,5162.826864509294,362.14019983194885,-0.1745,68.99249847040237,-8.06673884624959,0.165,-0.7034009659726473,2.559797107225936
79.89999999999974,-2.049822883407326,5169.7270858786405,361.33195424721714,-0.1745,69.01192891652835,-8.098172848384488,0.165,-0.7034009659726473,2.559797107225936
79.99999999999973,-2.0536523937742395,5176.6293278391395,360.52109716414395,-0.1745,69.0329102934492,-8.118968813079075,0.165,-0.7034009659726473,2.559797107225936
80.09999999999972,-2.0562106565716536,5183.5337158937255,359.7085017947282,-0.1745,69.0548507982721,-8.132938575235878,0.165,-0.7034009659726473,2.559797107225936
80.19999999999972,-2.057954830800867,5190.440327011626,358.89472845054564,-0.1745,69.07737155974269,-8.14252830841563,0.165,-0.7034009659726473,2.559797107225936
80.29999999999971,-2.0591780367307426,5197.3492070869615,358.08013666615085,-0.1745,69.10022994695743,-8.14930737948056,0.165,-0.7034009659726473,2.559797107225936
80.39999999999971,-2.0600681728793804,5204.260382113439,357.264957177654,-0.1745,69.1232705825853,-8.154282390456276,0.165,-0.7034009659726473,2.559797107225936
80.4999999999997,-2.060745660817171,5211.173865342567,356.4493381161106,-0.1745,69.14639399998656,-8.158098840412542,0.165,-0.7034009659726473,2.559797107225936
80.5999999999997,-2.0612876602056676,5218.089661871019,355.63337464507174,-0.1745,69.1695365690609,-8.161170580364514,0.165,-0.7034009659726473,2.559797107225936
80.69999999999969,-2.061743599899767,5225.0077715810685,354.81712797143547,-0.1745,69.19265763191926,-8.163762892361243,0.165,-0.7034009659726473,2.559797107225936
80.79999999999968,-2.0621451370132102,5231.928191025485,354.0006375371613,-0.1745,69.21573125640576,-8.166045793121713,0.165,-0.7034009659726473,2.559797107225936
80.89999999999968,-2.0625125416217203,5238.850914635763,353.18392883621084,-0.1745,69.23874094915914,-8.16812822588766,0.165,-0.7034009659726473,2.559797107225936
80.99999999999967,-2.062858789115087,5245.775935496523,352.3670184255056,-0.1745,69.26167626604,-8.170079988217,0.165,-0.7034009659726473,2.559797107225936
81.09999999999967,-2.063192182714273,5252.703245841782,351.5499171365081,-0.1745,69.2845306391343,-8.171945791733217,0.165,-0.7034009659726473,2.559797107225936
81.19999999999966,-2.0635180337399763,5259.63283737293,350.73263213316125,-0.1745,69.30729998383292,-8.17375427520424,0.165,-0.7034009659726473,2.559797107225936
81.29999999999966,-2.064926672460785,5266.564701462426,349.91516823033646,-0.1745,69.3299818060729,-8.175523781291245,0.165,-0.7034009659726473,2.559797107225936
81.39999999999965,-2.0645690425614847,5273.502103789028,349.0969514659785,-0.1745,69.41806472598134,-8.188811505868138,0.8300000000000001,-0.7034009659726473,2.559797107225936
81.49999999999964,-2.0644571617373573,5280.445040115667,348.27810297504067,-0.1745,69.44066180679293,-8.188158312888921,0.165,-0.7034009659726473,2.559797107225936
81.59999999999964,-2.0645029526470555,5287.390225106512,347.45927799243003,-0.1745,69.46303801009094,-8.188341339324115,0.165,-0.7034009659726473,2.559797107225936
81.69999999999963,-2.0646501217964417,5294.337639041196,346.64040809792766,-0.1745,69.48524068358175,-8.189056550722857,0.165,-0.7034009659726473,2.559797107225936
81.79999999999963,-2.0648626950532347,5301.287266086589,345.82144979138195,-0.1745,69.50730022426954,-8.190109580191047,0.165,-0.7034009659726473,2.559797107225936
81.89999999999962,-1.882190344075683,5308.239092907035,345.0023755026536,-0.1745,69.52923618465174,-8.191376194376518,0.165,-0.7034009659726473,2.559797107225936
81.99999999999962,-1.9487714031863574,5315.195783460286,344.2150873815219,-0.1495,69.60457488036667,-7.554386228256452,0.165,-0.7034009659726473,2.559797107225936
82.09999999999961,-1.9914167463523804,5322.155529519927,343.44809770502593,-0.1745,69.59034631244296,-7.78540730166402,0.165,-0.7034009659726473,2.559797107225936
82.1999999999996,-2.018763724863801,5329.114507328643,342.6621483065854,-0.1745,69.58920986188636,-7.933580667147375,0.165,-0.7034009659726473,2.559797107225936
82.2999999999996,-2.036338490244813,5336.073784214042,341.8640295626799,-0.1745,69.59632784607804,-8.028794210962088,0.165,-0.7034009659726473,2.559797107225936
82.3999999999996,-2.0476738841422,5343.034033340071,341.0580814674344,-0.1745,69.60865467450938,-8.090167693946837,0.165,-0.7034009659726473,2.559797107225936
82.49999999999959,-2.055027125581936,5349.995679233683,340.24707681694844,-0.1745,69.62426319774383,-8.129925315772915,0.165,-0.7034009659726473,2.559797107225936
82.59999999999958,-2.0598397733261424,5356.9589888975315,339.4327866064091,-0.1745,69.64193007922594,-8.155878895014238,0.165,-0.7034009659726473,2.559797107225936
82.69999999999958,-2.063032151309306,5363.924129263334,338.61634173065687,-0.1745,69.66087723682435,-8.173018620029445,0.165,-0.7034009659726473,2.559797107225936
82.79999999999957,-2.065191647905909,5370.891203586213,337.7984642387612,-0.1745,69.68060922075347,-8.18453121788438,0.165,-0.7034009659726473,2.559797107225936
82.89999999999957,-2.0666930663422103,5377.860274565462,336.9796151185351,-0.1745,69.70081036421652,-8.192451186637836,0.165,-0.7034009659726473,2.559797107225936
82.99999999999956,-2.067775509812779,5384.83137905906,336.1600887038676,-0.1745,69.72127950774808,-8.198077106712146,0.165,-0.7034009659726473,2.559797107225936
83.09999999999955,-2.0685914811606665,5391.804537458407,335.3400729653613,-0.1745,69.74188847920152,-8.20223766341389,0.165,-0.7034009659726473,2.559797107225936
83.19999999999955,-2.0692382292002582,5398.779759664784,334.5196880032945,-0.1745,69.76255564834246,-8.2054615779219,0.165,-0.7034009659726473,2.559797107225936
83.29999999999954,-2.069777755876442,5405.757048900672,333.6990106180891,-0.1745,69.78322906942302,-8.20808612618619,0.165,-0.7034009659726473,2.559797107225936
83.39999999999954,-2.070249583228914,5412.736404140679,332.8780899906322,-0.1745,69.80387573070858,-8.21032642295268,0.165,-0.7034009659726473,2.559797107225936
83.49999999999953,-2.070678898584854,5419.717821662067,332.0569576871532,-0.1745,69.82447469704711,-8.212319646626392,0.165,-0.7034009659726473,2.559797107225936
83.59999999999953,-2.0710817501129357,5426.701296033687,331.23563404167777,-0.1745,69.84501273534975,-8.214153262882686,0.165,-0.7034009659726473,2.559797107225936
83.69999999999952,-2.0714683602901585,5433.686820746655,330.4141322268785,-0.1745,69.86548152401026,-8.215883033102578,0.165,-0.7034009659726473,2.559797107225936
83.79999999999951,-2.0718452386900883,5440.674388616499,329.5924608500845,-0.1745,69.88587587286885,-8.217544502778413,0.165,-0.7034009659726473,2.559797107225936
83.89999999999951,-2.0722165289390633,5447.663992039536,328.7706256084863,-0.1745,69.90619258789533,-8.21916032918532,0.165,-0.7034009659726473,2.559797107225936
83.9999999999995,-2.072584867287261,5454.65562315629,327.9486303443078,-0.1745,69.92642974717131,-8.220744954384472,0.165,-0.7034009659726473,2.559797107225936
84.0999999999995,-2.072951929782228,5461.649273955611,327.12647771734976,-0.1745,69.94658623923364,-8.222307584775672,0.165,-0.7034009659726473,2.559797107225936
84.19999999999949,-2.073318780927648,5468.64493634101,326.3041696335828,-0.1745,69.96666146875275,-8.223854090563885,0.165,-0.7034009659726473,2.559797107225936
84.29999999999949,-2.073686095811301,5475.642602172894,325.48170751823136,-0.1745,69.98665516892231,-8.22538821646449,0.165,-0.7034009659726473,2.559797107225936
84.39999999999948,-2.0740543015975432,5482.6422632954345,324.65909248974475,-0.1745,70.0065672818896,-8.226912353267148,0.165,-0.7034009659726473,2.559797107225936
84.49999999999947,-2.0744236676411094,5489.643911553657,323.8363254706085,-0.1745,70.02639788256275,-8.228428029458977,0.165,-0.7034009659726473,2.559797107225936
84.59999999999947,-2.0747943628693117,5496.647538804288,323.01340725791437,-0.1745,70.04614713006679,-8.22993622442345,0.165,-0.7034009659726473,2.559797107225936
84.69999999999946,-2.075166492315547,5503.653136922632,322.19033856829634,-0.1745,70.06581523682058,-8.231437567937098,0.165,-0.7034009659726473,2.559797107225936
84.79999999999946,-2.0755401203752126,5510.660697806916,321.36712006653846,-0.1745,70.08540244884162,-8.23293246722082,0.165,-0.7034009659726473,2.559797107225936
84.89999999999945,-2.075915285607132,5517.670213381018,320.54375238378543,-0.1745,70.10490903320421,-8.234421187840285,0.165,-0.7034009659726473,2.559797107225936
84.99999999999945,-2.0762920101524798,5524.681675596181,319.72023612913284,-0.1745,70.12433527005419,-8.23590390521104,0.165,-0.7034009659726473,2.559797107225936
85.09999999999944,-2.076670305727524,5531.69507643206,318.8965718970031,-0.1745,70.14368144752575,-8.237380737383749,0.165,-0.7034009659726473,2.559797107225936
85.19999999999943,-2.0770501774358134,5538.710407897362,318.07276027183843,-0.1745,70.16294785850612,-8.238851765909944,0.165,-0.7034009659726473,2.559797107225936
85.29999999999943,-2.077431626192819,5545.7276620302155,317.24880183108695,-0.1745,70.1821347985769,-8.240317049119584,0.165,-0.7034009659726473,2.559797107225936
85.39999999999942,-1.8935769195615566,5552.74683089838,316.42469714710256,-0.1745,70.20124256470436,-8.241776630568555,0.165,-0.7034009659726473,2.559797107225936
85.49999999999942,-1.9612390786259808,5559.7723011143025,315.63272145829416,-0.1495,70.30816175374278,-7.597737145599906,0.495,-0.7034009659726473,2.559797107225936
85.59999999999941,-2.004357571988805,5566.802210118776,314.8611120308929,-0.1745,70.29001833572642,-7.834451402425444,0.165,-0.7034009659726473,2.559797107225936
85.6999999999994,-2.03187671973587,5573.830985525753,314.07012205739284,-0.1745,70.28548980380585,-7.985348067576238,0.165,-0.7034009659726473,2.559797107225936
85.7999999999994,-2.049486797970241,5580.859735043876,313.26676983683035,-0.1745,70.28950055864308,-8.081696343673874,0.165,-0.7034009659726473,2.559797107225936
85.8999999999994,-2.0608051348978678,5587.8891537671125,312.4555157397597,-0.1745,70.29887390609292,-8.143385597739654,0.165,-0.7034009659726473,2.559797107225936
85.99999999999939,-2.068129998886348,5594.919678023135,311.6391934619503,-0.1745,70.31161121435169,-8.183059958448338,0.165,-0.7034009659726473,2.559797107225936
86.09999999999938,-2.072920987502857,5601.951581129568,310.81960276441737,-0.1745,70.32645091430221,-8.208753992209722,0.165,-0.7034009659726473,2.559797107225936
86.19999999999938,-2.0771918386570487,5608.98503342956,309.9978864976349,-0.1745,70.34259508554038,-8.225571343439546,0.165,-0.7034009659726473,2.559797107225936
86.29999999999937,-2.0786866608835886,5616.023414611817,309.1741930099147,-0.1745,70.42502855960625,-8.248298410964308,0.8300000000000001,-0.7034009659726473,2.559797107225936
86.39999999999937,-2.0797820427524045,5623.066793137127,308.34910189070547,-0.1745,70.44254194659763,-8.253523973219698,0.165,-0.7034009659726473,2.559797107225936
86.49999999999936,-2.080624794140247,5630.111930167903,307.52355874888286,-0.1745,70.46019866890498,-8.25733886323194,0.165,-0.7034009659726473,2.559797107225936
86.59999999999935,-1.8967684849372608,5637.1588360542755,306.69767893361313,-0.1745,70.47791905854491,-8.260257442162823,0.165,-0.7034009659726473,2.559797107225936
86.69999999999935,-1.96488623646961,5644.213603284552,305.90380944736654,-0.1495,70.61742554698928,-7.617132282769067,0.8300000000000001,-0.7034009659726473,2.559797107225936
86.79999999999934,-2.008197278971568,5651.27435234247,305.1301374998212,-0.1745,70.59755561137177,-7.8563066681379485,0.165,-0.7034009659726473,2.559797107225936
86.89999999999934,-2.0357807257622254,5658.333806657726,304.3369042055867,-0.1745,70.59153069376252,-8.008359216552723,0.165,-0.7034009659726473,2.559797107225936
86.99999999999933,-2.053398200754712,5665.393091661488,303.53122761006813,-0.1745,70.5941693814807,-8.105172693817785,0.165,-0.7034009659726473,2.559797107225936
87.09999999999933,-2.0647032891534005,5672.452911986546,302.7176201947028,-0.1745,70.60223711966435,-8.166975613488829,0.165,-0.7034009659726473,2.559797107225936
87.19999999999932,-2.072011552876166,5679.513709042639,301.89894164086667,-0.1745,70.61370400220024,-8.206595463234292,0.165,-0.7034009659726473,2.559797107225936
87.29999999999932,-2.07678995042543,5686.57575883801,301.07700371847847,-0.1745,70.62729190522901,-8.232162984529515,0.165,-0.7034009659726473,2.559797107225936
87.39999999999931,-2.079967542800491,5693.639233154814,300.25295406491944,-0.1745,70.64219443084819,-8.248830086651239,0.165,-0.7034009659726473,2.559797107225936
87.4999999999993,-2.0955174817032223,5700.704237986235,299.42751954647264,-0.1745,70.65790219757115,-8.259860282284604,0.165,-0.5460055101809088,2.417612042367571
87.5999999999993,-2.1055203300132104,5707.770507019914,298.5988023124216,-0.1745,70.66747847600722,-8.314484398737031,0.165,-0.5460055101809088,2.417612042367571
87.69999999999929,-2.1120085807870654,5714.837882507948,297.76559845766786,-0.1745,70.6800312846773,-8.349592696336947,0.165,-0.5460055101809088,2.417612042367571
87.79999999999929,-2.1162707295234306,5721.906606048973,296.9295023582795,-0.1745,70.69443953581552,-8.372329291431306,0.165,-0.5460055101809088,2.417612042367571
87.89999999999928,-2.1191233770771793,5728.976827779786,296.0915246891805,-0.1745,70.70999508044495,-8.387224090547642,0.165,-0.5460055101809088,2.417612042367571
87.99999999999928,-1.9367461701448787,5736.048640041562,295.2523060532497,-0.1745,70.72625015508181,-8.397148628068857,0.165,-0.5460055101809088,2.417612042367571
88.09999999999927,-2.006837848693686,5743.128207544526,294.4446053340482,-0.1495,70.86509990419903,-7.756865755960599,0.8300000000000001,-0.5460055101809088,2.417612042367571
88.19999999999926,-2.0499747076164616,5750.216949854777,293.65619956327157,-0.1745,70.90974630082522,-8.011249659572112,0.8300000000000001,-0.5460055101809088,2.417612042367571
88.29999999999926,-2.077420995194733,5757.307590330658,292.84747399773573,-0.1745,70.90306321679334,-8.16326165114409,0.165,-0.5460055101809088,2.417612042367571
88.39999999999925,-2.094937293631998,5764.397996987328,292.0263152410739,-0.1745,70.90506991661404,-8.259913482092134,0.165,-0.5460055101809088,2.417612042367571
88.49999999999925,-2.1061718531348514,5771.488876294076,291.1972434572528,-0.1745,70.91251621834476,-8.321522194330461,0.165,-0.5460055101809088,2.417612042367571
88.59999999999924,-2.1144908323365526,5778.58067035139,290.36311959524505,-0.1745,70.92336492791802,-8.360955045824866,0.165,-0.5460055101809088,2.417612042367571
88.69999999999924,-2.118576316205361,5785.676929848235,289.52517668645413,-0.1745,71.00182500898026,-8.397903129993443,0.8300000000000001,-0.5460055101809088,2.417612042367571
88.79999999999923,-2.1213198232573376,5792.777830988248,288.6846786574538,-0.1745,71.01619779128342,-8.412057450013673,0.165,-0.5460055101809088,2.417612042367571
88.89999999999922,-2.1232160681695715,5799.880202981152,287.8430028332568,-0.1745,71.03124206681177,-8.421459033926995,0.165,-0.5460055101809088,2.417612042367571
88.99999999999922,-2.124577661740085,5806.984099359599,287.00053709980455,-0.1745,71.04668550212658,-8.42785563511723,0.165,-0.5460055101809088,2.417612042367571
89.09999999999921,-2.1256021091293236,5814.089551445283,286.1575267221164,-0.1745,71.0623562115575,-8.432351918645443,0.165,-0.5460055101809088,2.417612042367571
89.1999999999992,-2.126414172620554,5821.196576542129,285.3141268274983,-0.1745,71.07814572536374,-8.43564597371681,0.165,-0.5460055101809088,2.417612042367571
89.2999999999992,-2.1270926512858286,5828.30518310962,284.4704355843061,-0.1745,71.09398562445864,-8.438178890127158,0.165,-0.5460055101809088,2.417612042367571
89.3999999999992,-2.1276873064865374,5835.415374030257,283.6265151731202,-0.1745,71.1098327882781,-8.440229333589903,0.165,-0.5460055101809088,2.417612042367571
89.49999999999919,-2.128229557425672,5842.527148673535,282.7824050397744,-0.1745,71.12566007727688,-8.441973333326123,0.165,-0.5460055101809088,2.417612042367571
89.59999999999918,-2.128739238811436,5849.640504199742,281.9381302695292,-0.1745,71.14145044686893,-8.443522071578126,0.165,-0.5460055101809088,2.417612042367571
89.69999999999918,-2.129228869852575,5856.755436383527,281.0937068776879,-0.1745,71.15719322883028,-8.444945765248008,0.165,-0.5460055101809088,2.417612042367571
89.79999999999917,-2.1297063507136333,5863.87194013407,280.2491451516239,-0.1745,71.17288178204052,-8.446288756031583,0.165,-0.5460055101809088,2.417612042367571
89.89999999999917,-2.130176665461242,5870.990009823592,279.4044517616174,-0.1745,71.18851200839524,-8.447579044098635,0.165,-0.5460055101809088,2.417612042367571
89.99999999999916,-2.130642957414732,5878.109639494779,278.5596310938888,-0.1745,71.20408141534666,-8.448834310472956,0.165,-0.5460055101809088,2.417612042367571
90.09999999999916,-2.1311072081018563,5885.230822991736,277.71468609232386,-0.1745,71.21958852379449,-8.450065720825663,0.165,-0.5460055101809088,2.417612042367571
90.19999999999915,-2.131570665881985,5892.353554042633,276.8696187898992,-0.1745,71.23503249414549,-8.451280327666575,0.165,-0.5460055101809088,2.417612042367571
90.29999999999914,-2.1320341164996193,5899.47782631185,276.0244306441565,-0.1745,71.25041289018358,-8.45248258718781,0.165,-0.5460055101809088,2.417612042367571
90.39999999999914,-2.132498053839749,5906.603633432858,275.1791227489503,-0.1745,71.26572952998069,-8.453675316936147,0.165,-0.5460055101809088,2.417612042367571
90.49999999999913,-2.132962787683355,5913.730969028946,274.33369596808507,-0.1745,71.28098239177596,-8.454860300368862,0.165,-0.5460055101809088,2.417612042367571
90.59999999999913,-2.1334285116979887,5920.859826726263,273.4881510196443,-0.1745,71.29617155456458,-8.456038668445919,0.165,-0.5460055101809088,2.417612042367571
90.69999999999912,-2.133895346332337,5927.990200162021,272.6424885291991,-0.1745,71.31129716060092,-8.457211140457678,0.165,-0.5460055101809088,2.417612042367571
90.79999999999912,-2.1343633658745103,5935.122082989638,271.7967090633765,-0.1745,71.32635939173605,-8.458378175994765,0.165,-0.5460055101809088,2.417612042367571
90.89999999999911,-2.1348326155184756,5942.255468881949,270.9508131510351,-0.1745,71.34135845448763,-8.459540070833567,0.165,-0.5460055101809088,2.417612042367571
90.9999999999991,-2.135303122126953,5949.390351533205,270.10480129662204,-0.1745,71.35629457062082,-8.460697017427519,0.165,-0.5460055101809088,2.417612042367571
91.0999999999991,-2.1357749010181335,5956.526724660296,269.2586739885974,-0.1745,71.37116797120709,-8.461849143064377,0.165,-0.5460055101809088,2.417612042367571
91.1999999999991,-2.1362479602445896,5963.6645820035,268.4124317047476,-0.1745,71.38597889287739,-8.462996533932378,0.165,-0.5460055101809088,2.417612042367571
91.29999999999909,-2.136722303290692,5970.803917326917,267.5660749155361,-0.1745,71.40072757545975,-8.464139250297054,0.165,-0.5460055101809088,2.417612042367571
91.39999999999908,-2.1371979307728237,5977.944724418715,266.7196040862177,-0.1745,71.4154142604901,-8.46527733607096,0.165,-0.5460055101809088,2.417612042367571
91.49999999999908,-2.1376748415108797,5985.086997091254,265.87301967817183,-0.1745,71.4300391902739,-8.46641082484708,0.165,-0.5460055101809088,2.417612042367571
91.59999999999907,-2.138153033203438,5992.230729181132,265.0263221497444,-0.1745,71.44460260729525,-8.467539743702199,0.165,-0.5460055101809088,2.417612042367571
91.69999999999906,-2.138632502853117,5999.3759145491895,264.17951195677955,-0.1745,71.45910475384488,-8.468664115594189,0.165,-0.5460055101809088,2.417612042367571
91.79999999999906,-2.1391132470344902,6006.522547080471,263.3325895529562,-0.1745,71.47354587178637,-8.469783960872817,0.165,-0.5460055101809088,2.417612042367571
91.89999999999905,-2.1395952620627927,6013.670620684181,262.48555539000097,-0.1745,71.48792620240938,-8.470899298231744,0.165,-0.5460055101809088,2.417612042367571
91.99999999999905,-2.1400785441001133,6020.820129293618,261.638409917824,-0.1745,71.50224598633778,-8.472010145308317,0.165,-0.5460055101809088,2.417612042367571
92.09999999999904,-2.1405630892222054,6027.971066866109,260.7911535846055,-0.1745,71.51650546347237,-8.4731165190614,0.165,-0.5460055101809088,2.417612042367571
92.19999999999904,-2.141048893460492,6035.1234273829305,259.943786836852,-0.1745,71.5307048729554,-8.474218436009316,0.165,-0.5460055101809088,2.417612042367571
92.29999999999903,-2.1415359528284448,6042.277204849236,259.09631011943253,-0.1745,71.54484445314881,-8.47531591237969,0.165,-0.5460055101809088,2.417612042367571
92.39999999999903,-2.1420242633381266,6049.432393293974,258.24872387560333,-0.1745,71.55892444162123,-8.47640896420375,0.165,-0.5460055101809088,2.417612042367571
92.49999999999902,-2.1425138210105326,6056.588986769812,257.40102854702434,-0.1745,71.57294507514028,-8.47749760737568,0.165,-0.5460055101809088,2.417612042367571
92.59999999999901,-2.1430046218820427,6063.746979353053,256.55322457377105,-0.1745,71.58690658966844,-8.478581857689926,0.165,-0.5460055101809088,2.417612042367571
92.69999999999901,-2.1434966620084035,6070.9063651435545,255.7053123943433,-0.1745,71.60080922036104,-8.479661730864665,0.165,-0.5460055101809088,2.417612042367571
92.799999999999,-2.14398993746718,6078.067138264651,254.85729244567224,-0.1745,71.61465320156563,-8.48073724255651,0.165,-0.5460055101809088,2.417612042367571
92.899999999999,-2.144484444359227,6085.2292928630695,254.00916516312594,-0.1745,71.6284387668222,-8.481808408369734,0.165,-0.5460055101809088,2.417612042367571
92.99999999999899,-2.1449801788095546,6092.392823108854,253.16093098051437,-0.1745,71.64216614886395,-8.482875243862042,0.165,-0.5460055101809088,2.417612042367571
93.09999999999899,-2.145477136967803,6099.557723195278,252.31259033009385,-0.1745,71.65583557961843,-8.483937764548152,0.165,-0.5460055101809088,2.417612042367571
93.19999999999898,-2.1459753150084837,6106.72398733877,251.46414364257134,-0.1745,71.66944729020888,-8.48499598590201,0.165,-0.5460055101809088,2.417612042367571
93.29999999999897,-2.1464747091310663,6113.891609778828,250.61559134710834,-0.1745,71.68300151095572,-8.486049923358156,0.165,-0.5460055101809088,2.417612042367571
93.39999999999897,-2.146975315559968,6121.060584777944,249.7669338713248,-0.1745,71.69649847137812,-8.487099592312532,0.165,-0.5460055101809088,2.417612042367571
93.49999999999896,-2.14747713054449,6128.230906621523,248.91817164130302,-0.1745,71.70993840019565,-8.488145008122967,0.165,-0.5460055101809088,2.417612042367571
93.59999999999896,-2.1479801503587126,6135.4025696178,248.0693050815914,-0.1745,71.72332152532998,-8.489186186109443,0.165,-0.5460055101809088,2.417612042367571
93.69999999999895,-2.1484843713013686,6142.575568097762,247.22033461520823,-0.1745,71.73664807390652,-8.490223141554223,0.165,-0.5460055101809088,2.417612042367571
93.79999999999895,-2.148989789695705,6149.74989641507,246.37126066364542,-0.1745,71.74991827225624,-8.491255889701907,0.165,-0.5460055101809088,2.417612042367571
93.89999999999894,-2.149496401889335,6156.925548945978,245.52208364687235,-0.1745,71.76313234591731,-8.492284445759429,0.165,-0.5460055101809088,2.417612042367571
93.99999999999893,-2.1500042042540852,6164.102520089256,244.67280398333958,-0.1745,71.77629051963696,-8.493308824896026,0.165,-0.5460055101809088,2.417612042367571
94.09999999999893,-2.150513193185842,6171.280804266107,243.8234220899826,-0.1745,71.78939301737316,-8.494329042243189,0.165,-0.5460055101809088,2.417612042367571
94.19999999999892,-2.1510233651043937,6178.46039592009,242.97393838222573,-0.1745,71.80244006229643,-8.495345112894602,0.165,-0.5460055101809088,2.417612042367571
94.29999999999892,-2.151534716453277,6185.641289517045,242.1243532739857,-0.1745,71.8154318767916,-8.496357051906076,0.165,-0.5460055101809088,2.417612042367571
94.39999999999891,-2.15204724369962,6192.823479545008,241.2746671776756,-0.1745,71.82836868245964,-8.497364874295476,0.165,-0.5460055101809088,2.417612042367571
94.4999999999989,-2.152560943333986,6200.006960514137,240.42488050420872,-0.1745,71.84125070011937,-8.498368595042658,0.165,-0.5460055101809088,2.417612042367571
94.5999999999989,-2.1530758118702225,6207.191726956634,239.57499366300212,-0.1745,71.85407814980934,-8.499368229089388,0.165,-0.5460055101809088,2.417612042367571
94.6999999999989,-2.153591845845305,6214.377773426664,238.72500706198068,-0.1745,71.86685125078957,-8.500363791339284,0.165,-0.5460055101809088,2.417612042367571
94.79999999999889,-2.1541090418191873,6221.565094500281,237.87492110758083,-0.1745,71.87957022154339,-8.50135529665774,0.165,-0.5460055101809088,2.417612042367571
94.89999999999888,-2.154627396374648,6228.753684775347,237.02473620475436,-0.1745,71.89223527977926,-8.502342759871865,0.165,-0.5460055101809088,2.417612042367571
94.99999999999888,-2.1551469061171447,6235.943538871457,236.17445275697224,-0.1745,71.90484664243256,-8.503326195770416,0.165,-0.5460055101809088,2.417612042367571
95.09999999999887,-2.1556675676746604,6243.134651429862,235.32407116622855,-0.1745,71.91740452566744,-8.504305619103741,0.165,-0.5460055101809088,2.417612042367571
95.19999999999887,-2.15618937769756,6250.327017113389,234.47359183304417,-0.1745,71.92990914487861,-8.50528104458371,0.165,-0.5460055101809088,2.417612042367571
95.29999999999886,-2.156712332858441,6257.520630606367,233.62301515647079,-0.1745,71.94236071469321,-8.506252486883662,0.165,-0.5460055101809088,2.417612042367571
95.39999999999885,-2.157236429851992,6264.715486614551,232.7723415340947,-0.1745,71.95475944897265,-8.507219960638357,0.165,-0.5460055101809088,2.417612042367571
95.49999999999885,-2.1577616653948435,6271.91157986504,231.92157136204057,-0.1745,71.96710556081442,-8.50818348044391,0.165,-0.5460055101809088,2.417612042367571
95.59999999999884,-2.158288036225431,6279.108905106208,231.07070503497548,-0.1745,71.97939926255395,-8.509143060857742,0.165,-0.5460055101809088,2.417612042367571
95.69999999999884,-2.158815539103846,6286.307457107624,230.21974294611266,-0.1745,71.99164076576648,-8.51009871639854,0.165,-0.5460055101809088,2.417612042367571
95.79999999999883,-2.1593441708117043,6293.507230659976,229.36868548721543,-0.1745,72.00383028126885,-8.511050461546194,0.165,-0.5460055101809088,2.417612042367571
95.89999999999883,-1.314903347842955,6300.708220574996,228.51753304860102,-0.1745,72.01596801912144,-8.51199831074177,0.165,-0.5460055101809088,2.417612042367571
95.99999999999882,-1.6300380248684398,6307.908351515399,227.8200225814693,-0.06225,71.98665078894355,-5.43821103189317,0.495,-0.5460055101809088,2.417612042367571
96.09999999999881,-1.8289557768000344,6315.098278677606,227.21997157755095,-0.1745,71.81189245519134,-6.562809046473376,0.165,-0.5460055101809088,2.417612042367571
96.19999999999881,-1.9544744068170097,6322.2743889410285,226.52825760002887,-0.1745,71.71031281326711,-7.271470503968391,0.165,-0.5460055101809088,2.417612042367571
96.2999999999988,-2.033692450388457,6329.442546594038,225.7787762127041,-0.1745,71.65284024690841,-7.718157242527162,0.165,-0.5460055101809088,2.417612042367571
96.3999999999988,-2.083732932477219,6336.606306669318,224.99287976595645,-0.1745,71.62236125870203,-7.999771692425651,0.165,-0.5460055101809088,2.417612042367571
96.49999999999879,-2.1154001775974995,6343.7678525881765,224.18402106446155,-0.1745,71.60855711847604,-8.17740233747222,0.165,-0.5460055101809088,2.417612042367571
96.59999999999879,-2.135504107301803,6350.928535903376,223.36067305198088,-0.1745,71.60510918550058,-8.289557912140909,0.165,-0.5460055101809088,2.417612042367571
96.69999999999878,-2.1493961135286623,6358.089196857188,222.52817007825655,-0.1745,71.60810989074147,-8.360501562345615,0.165,-0.5460055101809088,2.417612042367571
96.79999999999878,-2.156990294969031,6365.253633235626,221.68929208206865,-0.1745,71.68061767802749,-8.417058361412328,0.8300000000000001,-0.5460055101809088,2.417612042367571
96.89999999999877,-1.975193886646949,6372.422175067113,220.8462697531681,-0.1745,71.690218951724,-8.44338821659888,0.165,-0.5460055101809088,2.417612042367571
96.99999999999876,-2.047823943365509,6379.598002914497,220.03430713413573,-0.1495,71.82633799594055,-7.79586416404835,0.8300000000000001,-0.5460055101809088,2.417612042367571
97.09999999999876,-2.093653973929664,6386.779257960553,219.24178678205507,-0.1745,71.79876292518864,-8.054542877564872,0.165,-0.5460055101809088,2.417612042367571
97.19999999999875,-2.122634650512252,6393.958521584624,218.42818611208332,-0.1745,71.78650955622733,-8.21747052187017,0.165,-0.5460055101809088,2.417612042367571
97.29999999999875,-2.1410274756843988,6401.137035344601,217.60130254062761,-0.1745,71.7837656433177,-8.320200907243956,0.165,-0.5460055101809088,2.417612042367571
97.39999999999874,-2.152769652181224,6408.315570476426,216.76603751469474,-0.1745,71.78693699318883,-8.38509961141324,0.165,-0.5460055101809088,2.417612042367571
97.49999999999874,-2.1603355914702322,6415.494606737821,215.92547107984953,-0.1745,71.79378823472759,-8.426229085491329,0.165,-0.5460055101809088,2.417612042367571
97.59999999999873,-1.977472470347754,6422.674442355402,215.08153824551692,-0.1745,71.80292411687402,-8.452427601160629,0.165,-0.5460055101809088,2.417612042367571
97.69999999999872,-2.050793063396733,6429.858244263853,214.26927576509033,-0.1495,71.87311405214923,-7.792822007371358,0.165,-0.5460055101809088,2.417612042367571
97.79999999999872,-2.097042495137367,6437.044145813194,213.47692962854953,-0.1745,71.84491693466458,-8.054100723444806,0.165,-0.5460055101809088,2.417612042367571
97.89999999999871,-2.1262782574944143,6444.228002383138,212.66329475318494,-0.1745,71.83221446422462,-8.218596783846808,0.165,-0.5460055101809088,2.417612042367571
97.9999999999987,-2.1448267914178727,6451.411069346938,211.83625143855602,-0.1745,71.82912481178508,-8.322269508731772,0.165,-0.5460055101809088,2.417612042367571
98.0999999999987,-2.1566646884502547,6458.594126219994,211.00075140354267,-0.1745,71.83201264931942,-8.387731191535286,0.165,-0.5460055101809088,2.417612042367571
98.1999999999987,-2.1642902035184433,6465.777657755838,210.15990513622413,-0.1745,71.83861806756727,-8.42919415483572,0.165,-0.5460055101809088,2.417612042367571
98.29999999999869,-2.1692722544381384,6472.961965214201,209.31566605015317,-0.1745,71.84753109970252,-8.455587566583672,0.165,-0.5460055101809088,2.417612042367571
98.39999999999868,-1.3294780661409948,6480.1472352743995,208.46926069214894,-0.1745,71.8578701042592,-8.47251959350101,0.165,-0.5460055101809088,2.417612042367571
98.49999999999868,-1.6449877754695725,6487.331579441592,207.7745123835983,-0.06225,71.82901323960279,-5.422446577511776,0.495,-0.5460055101809088,2.417612042367571
98.59999999999867,-1.8443967059802948,6494.505788550102,207.17609208829398,-0.1745,71.65516893058876,-6.545959328574669,0.165,-0.5460055101809088,2.417612042367571
98.69999999999867,-1.970384470229909,6501.666259962933,206.48605079835778,-0.1745,71.55425932602931,-7.254866470149524,0.165,-0.5460055101809088,2.417612042367571
98.79999999999866,-2.049997999818819,6508.818841058611,205.73819262235057,-0.1745,71.49736258753148,-7.7022970499946135,0.165,-0.5460055101809088,2.417612042367571
98.89999999999866,-2.100350145445511,6515.967080854654,204.95383998167065,-0.1745,71.46743333333774,-7.984755763603903,0.165,-0.5460055101809088,2.417612042367571
98.99999999999865,-2.132252850533598,6523.1131616217235,204.146444193406,-0.1745,71.4541820080452,-8.163160001689064,0.165,-0.5460055101809088,2.417612042367571
99.09999999999864,-2.1525296222774974,6530.25843574706,203.32448815817207,-0.1745,71.45130049866749,-8.275960702989838,0.165,-0.5460055101809088,2.417612042367571
99.19999999999864,-2.1654834032390387,6537.403744928956,202.4933193235209,-0.1745,71.45488313927282,-8.347415990033994,0.165,-0.5460055101809088,2.417612042367571
99.29999999999863,-2.174350462753086,6544.549613913407,201.65630742451475,-0.1745,71.46249654973573,-8.392821990088839,0.165,-0.5460055101809088,2.417612042367571
99.39999999999863,-2.1794622675025,6551.697994617168,200.81528888039603,-0.1745,71.50511752548125,-8.427548892285623,0.495,-0.5460055101809088,2.417612042367571
99.49999999999862,-2.182869148766952,6558.849092361728,199.9716597356609,-0.1745,71.51683736572231,-8.4450340024169,0.165,-0.5460055101809088,2.417612042367571
99.59999999999862,-2.185203776263955,6566.00140651508,199.12658596025796,-0.1745,71.52944570130336,-8.456441505641843,0.165,-0.5460055101809088,2.417612042367571
99.69999999999861,-2.186864317980385,6573.155008337468,198.28056275309933,-0.1745,71.5425907464557,-8.464022637530801,0.165,-0.5460055101809088,2.417612042367571
99.7999999999986,-2.188101318355737,6580.309940444306,197.43390189730835,-0.1745,71.5560513903161,-8.469194478289063,0.165,-0.5460055101809088,2.417612042367571
99.8999999999986,-2.189072407499502,6587.466227446414,196.58679972850618,-0.1745,71.5696886518478,-8.472848897754506,0.165,-0.5460055101809088,2.417612042367571
99.9999999999986,-2.0029791796964287,6594.623882638747,195.73937992679927,-0.1745,71.58341519480747,-8.475547136383424,0.165,-0.5460055101809088,2.417612042367571
100.09999999999859,-2.073066993505442,6601.787468892071,194.92510470069453,-0.1495,71.6883098716691,-7.809957385711277,0.495,-0.5460055101809088,2.417612042367571
100.19999999999858,-2.1184587630179244,6608.955027548318,194.1316511650459,-0.1745,71.66286325326723,-8.05911332726155,0.165,-0.5460055101809088,2.417612042367571
100.29999999999858,-2.145836270407225,6616.124051066637,193.31730622738965,-0.1745,71.71760711310652,-8.22778542586329,0.8300000000000001,-0.5460055101809088,2.417612042367571
100.39999999999857,-2.163234290147503,6623.295735061735,192.4896824889067,-0.1745,71.71607278885973,-8.3246893437955,0.165,-0.5460055101809088,2.417612042367571
100.49999999999856,-1.987178649851429,6630.467543666582,191.65414961279046,-0.1745,71.72009930807417,-8.385968178529506,0.165,-0.5460055101809088,2.417612042367571
100.59999999999856,-2.063957301943352,6637.644572422669,190.84709381784512,-0.1495,71.82047581365387,-7.7551477203776,0.495,-0.5460055101809088,2.417612042367571
100.69999999999855,-2.1124057059535586,6644.825124681927,190.0579081572174,-0.1745,71.79056937151148,-8.028565492176314,0.165,-0.5460055101809088,2.417612042367571
100.79999999999855,-2.143039866262978,6652.003497477738,189.24644101828457,-0.1745,71.77688654471244,-8.200777286480506,0.165,-0.5460055101809088,2.417612042367571
100.89999999999854,-2.162478297561053,6659.181005276176,188.4209344613177,-0.1745,71.77326942404726,-8.309353852857187,0.165,-0.5460055101809088,2.417612042367571
100.99999999999854,-2.17488336240475,6666.358464402585,187.58657011332718,-0.1745,71.77591310414523,-8.377933106953162,0.165,-0.5460055101809088,2.417612042367571
101.09999999999853,-2.182871343311952,6673.536382671621,186.74660447809606,-0.1745,71.78245227657862,-8.421379597669057,0.165,-0.5460055101809088,2.417612042367571
101.19999999999852,-2.188086084940729,6680.71507583399,185.9030836516331,-0.1745,71.79141097079881,-8.449036931590335,0.165,-0.5460055101809088,2.417612042367571
101.29999999999852,-2.1915601397195266,6687.894739683417,185.05729298292334,-0.1745,71.80186601774903,-8.466776442604838,0.165,-0.5460055101809088,2.417612042367571
101.39999999999851,-2.1939419435644734,6695.075494944222,184.2100398294247,-0.1745,71.81323919833926,-8.478286627368282,0.165,-0.5460055101809088,2.417612042367571
101.49999999999851,-2.195638636477964,6702.257415307327,183.36183128752347,-0.1745,71.82516806377906,-8.485884210655835,0.165,-0.5460055101809088,2.417612042367571
101.5999999999985,-2.196905814239862,6709.44054497714,182.51298587340548,-0.1745,71.83742533248265,-8.491024071703846,0.165,-0.5460055101809088,2.417612042367571
101.6999999999985,-2.197903913575905,6716.6249096674,181.66370368340597,-0.1745,71.84986847270964,-8.49461972828628,0.165,-0.5460055101809088,2.417612042367571
101.79999999999849,-1.3554034492049163,6723.810523496963,180.81411046177664,-0.1745,71.86240811854795,-8.497244704300309,0.165,-0.5460055101809088,2.417612042367571
101.89999999999849,-1.6694876143249704,6730.996983683635,180.1172751128764,-0.06225,71.8667956149134,-5.439462273704422,0.8300000000000001,-0.5460055101809088,2.417612042367571
101.99999999999848,-1.8679365533670147,6738.175002917464,179.5173801875632,-0.1745,71.69358906165577,-6.558436232559829,0.165,-0.5460055101809088,2.417612042367571
102.09999999999847,-1.9932836341297555,6745.339333840992,178.82624593306835,-0.1745,71.59302940892398,-7.26424885733723,0.165,-0.5460055101809088,2.417612042367571
102.19999999999847,-2.072473698378168,6752.495800483066,178.07755455518847,-0.1745,71.53630343254223,-7.709578700260452,0.165,-0.5460055101809088,2.417612042367571
102.29999999999846,-2.122549101453076,6759.647937162376,177.2925447399541,-0.1745,71.50643015367373,-7.9906176044269746,0.165,-0.5460055101809088,2.417612042367571
102.39999999999846,-2.154273584515755,6766.797916673604,176.4846105773028,-0.1745,71.4931600708723,-8.16806564859928,0.165,-0.5460055101809088,2.417612042367571
102.49999999999845,-1.9875024040554337,6773.947085215078,175.66219610243263,-0.1745,71.49021075860021,-8.280223848803868,0.165,-0.5460055101809088,2.417612042367571
102.59999999999845,-2.069749036864861,6781.0993236867525,174.86412232094466,-0.1495,71.55455867489361,-7.681251780955793,0.165,-0.5460055101809088,2.417612042367571
102.69999999999844,-2.121746499625167,6788.253194345091,174.0813990390287,-0.1745,71.52285449188847,-7.973213857363676,0.165,-0.5460055101809088,2.417612042367571
102.79999999999843,-2.154679217354653,6795.404758509407,173.2748621337437,-0.1745,71.50842879441173,-8.157524248336106,0.165,-0.5460055101809088,2.417612042367571
102.89999999999843,-2.17560310867902,6802.555416897826,172.453286358096,-0.1745,71.50473897398186,-8.273991264618088,0.165,-0.5460055101809088,2.417612042367571
102.99999999999842,-2.188965923276606,6809.706040757571,171.6222008410092,-0.1745,71.50773822090856,-8.347719077117722,0.165,-0.5460055101809088,2.417612042367571
103.09999999999842,-2.19756970502258,6816.857173028646,170.78508834772376,-0.1745,71.51490720058558,-8.394530788590957,0.165,-0.5460055101809088,2.417612042367571
103.19999999999841,-2.2031789780643,6824.009151945042,169.944142044783,-0.1745,71.52467112733952,-8.424395270224052,0.165,-0.5460055101809088,2.417612042367571
103.2999999999984,-2.2069045663893454,6831.162187659554,169.100742735056,-0.1745,71.53604316290166,-8.443590924315984,0.165,-0.5460055101809088,2.417612042367571
103.3999999999984,-2.2094456007647265,6838.316410016279,168.25575964813453,-0.1745,71.54840397160478,-8.456070814113554,0.165,-0.5460055101809088,2.417612042367571
103.4999999999984,-2.2112420143503897,6845.471898441202,167.40973993952974,-0.1745,71.56136452685273,-8.4643233579823,0.165,-0.5460055101809088,2.417612042367571
103.59999999999839,-2.2125705921031016,6852.628700685791,166.56302803618325,-0.1745,71.57468036492412,-8.4699147089476,0.165,-0.5460055101809088,2.417612042367571
103.69999999999838,-2.2136054479077143,6859.786844596568,165.7158407800695,-0.1745,71.58819785061897,-8.473830413327647,0.165,-0.5460055101809088,2.417612042367571
103.79999999999838,-2.2144560943190483,6866.946345511516,164.8683147310155,-0.1745,71.6018204483377,-8.476690567752355,0.165,-0.5460055101809088,2.417612042367571
103.89999999999837,-2.215191402298908,6874.107210910405,164.02053593854126,-0.1745,71.61548752946388,-8.47888528173214,0.165,-0.5460055101809088,2.417612042367571
103.99999999999837,-2.215854678079054,6881.269443339319,163.17255867702212,-0.1745,71.62916104880688,-8.480659948650526,0.165,-0.5460055101809088,2.417612042367571
104.09999999999836,-2.216473148991167,6888.433042250035,162.3244172339166,-0.1745,71.64281716551541,-8.48216891346021,0.165,-0.5460055101809088,2.417612042367571
104.19999999999835,-2.217063930804021,6895.598005156945,161.47613332599084,-0.1745,71.65644097268314,-8.483509245054808,0.165,-0.5460055101809088,2.417612042367571
104.29999999999835,-2.2176377811700885,6902.764328364685,160.62772076444188,-0.1745,71.67002318210926,-8.484741985924295,0.165,-0.5460055101809088,2.417612042367571
104.39999999999834,-2.2182014602485234,6909.932007425737,159.77918838910622,-0.1745,71.68355803892419,-8.48590552078859,0.165,-0.5460055101809088,2.417612042367571
104.49999999999834,-2.218759215174572,6917.101037428178,158.93054191376308,-0.1745,71.69704200989459,-8.487023986074083,0.165,-0.5460055101809088,2.417612042367571
104.59999999999833,-2.219313713453887,6924.271413176594,158.08178508649817,-0.1745,71.71047295842995,-8.488112559224138,0.165,-0.5460055101809088,2.417612042367571
104.69999999999833,-2.219866629788086,6931.443129305803,157.23292041928056,-0.1745,71.72384962574677,-8.489180785128001,0.165,-0.5460055101809088,2.417612042367571
104.79999999999832,-2.220419014970289,6938.616180352321,156.38394964663124,-0.1745,71.73717130460622,-8.490234667858202,0.165,-0.5460055101809088,2.417612042367571
104.89999999999831,-2.2209715277573157,6945.79056079926,155.53487401394563,-0.1745,71.75043763417021,-8.491277985853912,0.165,-0.5460055101809088,2.417612042367571
104.99999999999831,-2.221524580598402,6952.96626510452,154.6856944587154,-0.1745,71.76364847102703,-8.492313118750596,0.165,-0.5460055101809088,2.417612042367571
105.0999999999983,-2.2220784312136015,6960.143287718477,153.83641172442125,-0.1745,71.77680380811393,-8.493341567132628,0.165,-0.5460055101809088,2.417612042367571
105.1999999999983,-1.3802532919809893,6967.32162309507,152.98702643210373,-0.1745,71.78990372375527,-8.4943642792178,0.165,-0.5460055101809088,2.417612042367571
105.29999999999829,-1.6935156042877426,6974.4991658943,152.29033393021086,-0.06225,71.76095226084236,-5.439485758639437,0.495,-0.5460055101809088,2.417612042367571
105.39999999999829,-1.8916142778111975,6981.666665627248,151.6906646805597,-0.1745,71.58904239812692,-6.553899234383636,0.165,-0.5460055101809088,2.417612042367571
105.49999999999828,-2.0168473801670257,6988.820584761954,151.0000973522963,-0.1745,71.48934029598139,-7.257447330884605,0.165,-0.5460055101809088,2.417612042367571
105.59999999999827,-2.096033871982051,6995.966714161396,150.25213822601776,-0.1745,71.43324769287224,-7.7017351946863455,0.165,-0.5460055101809088,2.417612042367571
105.69999999999827,-2.1461509900198004,7003.108571220073,149.46793329417793,-0.1745,71.40389348066401,-7.98236344211068,0.165,-0.5460055101809088,2.417612042367571
105.79999999999826,-2.177930449618019,7010.248320156154,148.66082955154482,-0.1745,71.39108524095604,-8.159711410551234,0.165,-0.5460055101809088,2.417612042367571
105.89999999999826,-2.198148575607299,7017.38730292629,147.8392484605333,-0.1745,71.38857016177406,-8.27191040967935,0.165,-0.5460055101809088,2.417612042367571
105.99999999999825,-2.2110807354810227,7024.52635515674,147.00850147034177,-0.1745,71.39247444721245,-8.343029394151198,0.165,-0.5460055101809088,2.417612042367571
106.09999999999825,-2.219422837661362,7031.665998038904,146.17193734830437,-0.1745,71.4003831960754,-8.388253046596931,0.165,-0.5460055101809088,2.417612042367571
106.19999999999824,-1.38703713588498,7038.806556453407,145.33166684998656,-0.1745,71.41078509398089,-8.417156919759341,0.165,-0.5460055101809088,2.417612042367571
106.29999999999824,-1.7000755260208975,7045.944589058058,144.64030217740265,-0.06225,71.34986699904216,-5.410136531918908,0.165,-0.5460055101809088,2.417612042367571
106.39999999999823,-1.8986788333327604,7053.071136101214,144.04391759742754,-0.1745,71.18107386406261,-6.517555067583339,0.165,-0.5460055101809088,2.417612042367571
106.49999999999822,-2.024634171371427,7060.184367753568,143.35708642615074,-0.1745,71.08355918302507,-7.219068357952547,0.165,-0.5460055101809088,2.417612042367571
106.59999999999822,-1.2721006756373927,7067.290007392068,142.61295379588603,-0.1745,71.02923358698744,-7.663584247341721,0.165,-0.5460055101809088,2.417612042367571
106.69999999999821,-1.627677633511816,7074.390150562711,141.98158359717354,-0.06225,70.97362982587501,-4.96381972690811,0.165,-0.5460055101809088,2.417612042367571
106.7999999999982,-1.8540988605762836,7081.477865995298,141.4226437146553,-0.1745,70.78067882587703,-6.214977923456806,0.165,-0.5460055101809088,2.417612042367571
106.8999999999982,-1.1708630654724088,7088.550349881141,140.76138015224322,-0.1745,70.66899889098022,-7.010293324784703,0.165,-0.5460055101809088,2.417612042367571
106.9999999999982,-1.56328142680351,7095.614644423601,140.1821351725248,-0.06225,70.61689195820767,-4.574606269584063,0.165,-0.5460055101809088,2.417612042367571
107.09999999999819,-1.8140220116570682,7102.665644128844,139.655986378296,-0.1745,70.4031021466468,-5.948369614991979,0.165,-0.5460055101809088,2.417612042367571
107.19999999999818,-1.974130654951116,7109.699760182642,139.01734695399338,-0.1745,70.27921892931386,-6.824418871060713,0.165,-0.5460055101809088,2.417612042367571
107.29999999999818,-2.076339642718668,7116.7242014216545,138.30695646574938,-0.1745,70.20960585091963,-7.383390893819429,0.165,-0.5460055101809088,2.417612042367571
107.39999999999817,-2.1421780769421876,7123.743350132439,137.55078009753746,-0.1745,70.17336836478827,-7.740136470419184,0.165,-0.5460055101809088,2.417612042367571
107.49999999999817,-2.1835588307398863,7130.761538265866,136.76509068574737,-0.1745,70.19039430374443,-7.9736517653824235,0.495,-0.5460055101809088,2.417612042367571
107.59999999999816,-2.210052630509355,7137.780456255572,135.96050190091452,-0.1745,70.18796549036898,-8.118123931274404,0.165,-0.5460055101809088,2.417612042367571
107.69999999999816,-2.227071058694536,7144.799537267892,135.14406553135524,-0.1745,70.19365475604053,-8.21060345991105,0.165,-0.5460055101809088,2.417612042367571
107.79999999999815,-2.238061149445026,7151.819442560058,134.32003634165218,-0.1745,70.20445108727364,-8.269980334149947,0.165,-0.5460055101809088,2.417612042367571
107.89999999999814,-2.2452173771884345,7158.840587888505,133.49112292771795,-0.1745,70.21845548166931,-8.308287944534406,0.165,-0.5460055101809088,2.417612042367571
107.99999999999814,-2.249936229753622,7165.863233988911,132.65904910973853,-0.1745,70.23446652643868,-8.333188415054074,0.165,-0.5460055101809088,2.417612042367571
108.09999999999813,-1.428271122258915,7172.887543449906,131.82491175133669,-0.1745,70.2517226934561,-8.349558752982716,0.165,-0.5460055101809088,2.417612042367571
108.19999999999813,-1.7304474727252797,7179.913071876628,131.13574659874809,-0.06225,70.25884584099515,-5.433744298789388,0.8300000000000001,-0.5460055101809088,2.417612042367571
108.29999999999812,-1.9237794504010042,7186.931244037908,130.539712065063,-0.1745,70.10459738459544,-6.486946374912685,0.165,-0.5460055101809088,2.417612042367571
108.39999999999812,-2.0474141062036506,7193.937308137818,129.8573616575994,-0.1745,70.01668461361189,-7.160061774359276,0.165,-0.5460055101809088,2.417612042367571
108.49999999999811,-1.9445897640944612,7200.936610555475,129.11983934047214,-0.1745,69.96936373953898,-7.590384568186104,0.165,-0.5460055101809088,2.417612042367571
108.5999999999981,-2.0609450844652994,7207.938959353003,128.37853940823544,-0.1495,70.0776122110235,-7.235614076547834,0.8300000000000001,-0.5460055101809088,2.417612042367571
108.6999999999981,-2.1353176441991457,7214.94454429797,127.63471080740919,-0.1745,70.03408668831445,-7.640957939977148,0.165,-0.5460055101809088,2.417612042367571
108.7999999999981,-2.18288912873337,7221.946960786358,126.85766036619053,-0.1745,70.01424307943967,-7.900050884396112,0.165,-0.5460055101809088,2.417612042367571
108.89999999999809,-2.213364709599213,7228.948134321164,126.05936794504133,-0.1745,70.00922761667282,-8.0657975385879,0.165,-0.5460055101809088,2.417612042367571
108.99999999999808,-2.2329416590623103,7235.949272557395,125.24747836532043,-0.1745,70.01353710794105,-8.171994055830126,0.165,-0.5460055101809088,2.417612042367571
109.09999999999808,-2.2455740115568608,7242.951135419766,124.42686781581878,-0.1745,70.0237201394838,-8.24021693420293,0.165,-0.5460055101809088,2.417612042367571
109.19999999999807,-2.2537830270681876,7249.954201410529,123.60064530654725,-0.1745,70.03759967578597,-8.284233251227615,0.165,-0.5460055101809088,2.417612042367571
109.29999999999806,-2.076560688505112,7256.958771272256,122.77079249766113,-0.1745,70.0537975587462,-8.312822926494837,0.165,-0.5460055101809088,2.417612042367571
109.39999999999806,-2.146440867391532,7263.9710770758775,121.97031269237866,-0.1495,70.19231851368751,-7.696773179154614,0.8300000000000001,-0.5460055101809088,2.417612042367571
109.49999999999805,-2.1910941606909597,7270.989403396214,121.18843983576811,-0.1745,70.17420789304076,-7.940683953056437,0.165,-0.5460055101809088,2.417612042367571
109.59999999999805,-2.219678061136945,7278.006617133762,120.38657934839934,-0.1745,70.17006685793093,-8.096525794318966,0.165,-0.5460055101809088,2.417612042367571
109.69999999999804,-2.238031683595854,7285.023855660729,119.57193998717024,-0.1745,70.17470368140741,-8.196261430262894,0.165,-0.5460055101809088,2.417612042367571
109.79999999999804,-2.249875330380857,7292.041834014241,118.74911351118016,-0.1745,70.18486338884667,-8.260268089538766,0.165,-0.5460055101809088,2.417612042367571
109.89999999999803,-2.2575779763673083,7299.061001895833,117.92102362817525,-0.1745,70.19849424299528,-8.301529570559493,0.165,-0.5460055101809088,2.417612042367571
109.99999999999802,-2.262647463368668,7306.0816415367935,117.08953140353607,-0.1745,70.2142985762086,-8.328314922223974,0.165,-0.5460055101809088,2.417612042367571
110.09999999999802,-2.2660432044037773,7313.103929162832,116.25582123180783,-0.1745,70.23145394456992,-8.345888512340858,0.165,-0.5460055101809088,2.417612042367571
110.19999999999801,-2.2683754904930087,7320.127973782948,115.42064676614471,-0.1745,70.24943845774263,-8.357600800921352,0.165,-0.5460055101809088,2.417612042367571
110.29999999999801,-2.270032442776368,7327.153841742338,114.58448754533032,-0.1745,70.2679207300464,-8.365583615366583,0.165,-0.5460055101809088,2.417612042367571
110.399999999998,-2.2712608398677943,7334.18157229334,113.74764870985501,-0.1745,70.28669028998085,-8.371193094139516,0.165,-0.5460055101809088,2.417612042367571
110.499999999998,-2.2722175605646218,7341.211187481468,112.91032446713835,-0.1745,70.3056134725894,-8.375291760193589,0.165,-0.5460055101809088,2.417612042367571
110.59999999999799,-2.2730023153932426,7348.242698426283,112.07263847456083,-0.1745,70.3246054237102,-8.378428091356698,0.165,-0.5460055101809088,2.417612042367571
110.69999999999798,-2.273678467814326,7355.276109313251,111.23466952970153,-0.1745,70.34361231566281,-8.38095080582938,0.165,-0.5460055101809088,2.417612042367571
110.79999999999798,-2.274286276248734,7362.311419931251,110.39646791034995,-0.1745,70.36260004433382,-8.383081581202076,0.165,-0.5460055101809088,2.417612042367571
110.89999999999797,-2.2748513142371594,7369.348627285657,109.55806576551076,-0.1745,70.38154704377439,-8.384961315581759,0.165,-0.5460055101809088,2.417612042367571
110.99999999999797,-2.275389823582557,7376.3877266237405,108.71948372214827,-0.1745,70.4004397178983,-8.386679551668104,0.165,-0.5460055101809088,2.417612042367571
111.09999999999796,-2.2759121170473047,7383.428712086438,107.88073508514371,-0.1745,70.41926953605295,-8.388293188423026,0.165,-0.5460055101809088,2.417612042367571
111.19999999999796,-2.2764247409029688,7390.471577122568,107.04182850680408,-0.1745,70.43803118654591,-8.389838378369735,0.165,-0.5460055101809088,2.417612042367571
111.29999999999795,-2.2769318490949804,7397.516314752039,106.20276968334002,-0.1745,70.45672140286841,-8.391338090911523,0.165,-0.5460055101809088,2.417612042367571
111.39999999999795,-2.2774360762992125,7404.562917733064,105.3635624328102,-0.1745,70.47533821762894,-8.392806919684865,0.165,-0.5460055101809088,2.417612042367571
111.49999999999794,-2.277939092519222,7411.611378668365,104.5242093799413,-0.1745,70.49388048840662,-8.394254137693093,0.165,-0.5460055101809088,2.417612042367571
111.59999999999793,-2.2784419553316284,7418.6616900726085,103.68471239112787,-0.1745,70.51234759645936,-8.395685638575369,0.165,-0.5460055101809088,2.417612042367571
111.69999999999793,-2.278945333575644,7425.713844415196,102.84507285070316,-0.1745,70.53073925529912,-8.397105169919001,0.165,-0.5460055101809088,2.417612042367571
111.79999999999792,-2.2794496493827374,7432.767834147416,102.00529183637342,-0.1745,70.54905538908874,-8.398515116675949,0.165,-0.5460055101809088,2.417612042367571
111.89999999999792,-2.095254065151377,7439.82365171964,101.1653702306035,-0.1745,70.56729605540505,-8.399916998722333,0.165,-0.5460055101809088,2.417612042367571
111.99999999999791,-2.1635080585417903,7446.88407962503,100.3580170127279,-0.1495,70.6412620523841,-7.747147358789626,0.165,-0.5460055101809088,2.417612042367571
112.0999999999979,-2.2069861166813993,7453.947238834829,99.57132851544932,-0.1745,70.62192214359173,-7.986622586781886,0.165,-0.5460055101809088,2.417612042367571
112.1999999999979,-2.234739483835625,7461.009155403103,98.76504523727579,-0.1745,70.6164092219041,-8.139042976688794,0.165,-0.5460055101809088,2.417612042367571
112.2999999999979,-2.2525182000567434,7468.070953714182,97.94628275768511,-0.1745,70.61955699967105,-8.236206615124788,0.165,-0.5460055101809088,2.417612042367571
112.39999999999789,-2.2639723953278974,7475.133338415234,97.11955690116676,-0.1745,70.62813702136233,-8.298310515242369,0.165,-0.5460055101809088,2.417612042367571
112.49999999999788,-2.2714179117494675,7482.196751321223,96.28773256490844,-0.1745,70.64012109842031,-8.338176209924125,0.165,-0.5460055101809088,2.417612042367571
112.59999999999788,-2.2763234496647646,7489.261468918725,95.45262677893199,-0.1745,70.65423085162122,-8.363939509604863,0.165,-0.5460055101809088,2.417612042367571
112.69999999999787,-2.2796201624750507,7496.327663405035,94.61539174777128,-0.1745,70.66965887459108,-8.380761113609118,0.165,-0.5460055101809088,2.417612042367571
112.79999999999787,-2.2818982501665035,7503.395441079373,93.77675801100872,-0.1745,70.68589461216652,-8.391913621642189,0.165,-0.5460055101809088,2.417612042367571
112.89999999999786,-2.284580408821582,7510.464866560736,92.93718873857384,-0.1745,70.70261501507471,-8.399471827055603,0.165,-0.5460055101809088,2.417612042367571
112.99999999999785,-2.285139636321333,7517.539252597665,92.09640033182951,-0.1745,70.78510572351254,-8.416296307830734,0.8300000000000001,-0.5460055101809088,2.417612042367571
113.09999999999785,-2.285687567474257,7524.618625290225,91.25469818601272,-0.1745,70.80234812770132,-8.417746608505151,0.165,-0.5460055101809088,2.417612042367571
113.19999999999784,-2.2862289315576563,7531.699718985458,90.41285354220138,-0.1745,70.81952577696428,-8.419146267721722,0.165,-0.5460055101809088,2.417612042367571
113.29999999999784,-2.2867667198913413,7538.782527092104,89.57087062985686,-0.1745,70.83663635595478,-8.42051197916859,0.165,-0.5460055101809088,2.417612042367571
113.39999999999783,-2.287302823543365,7545.867042834883,88.72875231501625,-0.1745,70.85367849962313,-8.421854317643373,0.165,-0.5460055101809088,2.417612042367571
113.49999999999783,-2.2878384371468394,7552.953259332084,87.88650059997302,-0.1745,70.87065144439403,-8.423179983221335,0.165,-0.5460055101809088,2.417612042367571
113.59999999999782,-2.2883743145738493,7560.0411696446645,87.04411693967712,-0.1745,70.88755480721478,-8.424493222696604,0.165,-0.5460055101809088,2.417612042367571
113.69999999999781,-2.288910930790671,7567.130766807306,86.20160244205309,-0.1745,70.90438844561888,-8.425796729784137,0.165,-0.5460055101809088,2.417612042367571
113.79999999999781,-2.2894485843062733,7574.222043848043,85.35895799480697,-0.1745,70.92115236911171,-8.42709221513814,0.165,-0.5460055101809088,2.417612042367571
113.8999999999978,-2.2899874620093734,7581.314993800652,84.5161843456879,-0.1745,70.93784668306392,-8.428380767243095,0.165,-0.5460055101809088,2.417612042367571
113.9999999999978,-2.2905276801963965,7588.409609712465,83.67328215328229,-0.1745,70.95447155319218,-8.42966308086932,0.165,-0.5460055101809088,2.417612042367571
114.09999999999779,-2.291069310529737,7595.505884649278,82.83025201915521,-0.1745,70.97102718307652,-8.430939601672254,0.165,-0.5460055101809088,2.417612042367571
114.19999999999779,-2.2916123964591577,7602.603811698429,81.98709450818646,-0.1745,70.98751379993162,-8.432210617702658,0.165,-0.5460055101809088,2.417612042367571
114.29999999999778,-2.2921569636086367,7609.7033839707055,81.14381016143577,-0.1745,71.00393164560326,-8.43347631731107,0.165,-0.5460055101809088,2.417612042367571
114.39999999999777,-2.2927030263453,7616.804594601529,80.30039950428109,-0.1745,71.02028097087192,-8.43473682578259,0.165,-0.5460055101809088,2.417612042367571
114.49999999999777,-2.2932505919332096,7623.907436751665,79.45686305156637,-0.1745,71.03656203184968,-8.435992228511608,0.165,-0.5460055101809088,2.417612042367571
114.59999999999776,-2.2937996631595587,7631.011903607643,78.6132013108578,-0.1745,71.05277508770149,-8.437242585659817,0.165,-0.5460055101809088,2.417612042367571
114.69999999999776,-2.294350239994823,7638.117988381989,77.76941478450351,-0.1745,71.06892039920446,-8.438487941426073,0.165,-0.5460055101809088,2.417612042367571
114.79999999999775,-2.2949023206420276,7645.225684313341,76.92550397093682,-0.1745,71.08499822783726,-8.439728329907934,0.165,-0.5460055101809088,2.417612042367571
114.89999999999775,-2.29545590219982,7652.334984666493,76.08146936550105,-0.1745,71.10100883520492,-8.440963778807491,0.165,-0.5460055101809088,2.417612042367571
114.99999999999774,-2.2960109810813907,7659.445882732387,75.23731146097198,-0.1745,71.11695248267563,-8.442194311773957,0.165,-0.5460055101809088,2.417612042367571
115.09999999999773,-2.296567553279079,7666.558371828079,74.39303074788907,-0.1745,71.13282943115162,-8.443419949884266,0.165,-0.5460055101809088,2.417612042367571
115.19999999999773,-2.297125614531451,7673.672445296683,73.54862771476593,-0.1745,71.14863994092498,-8.444640712578725,0.165,-0.5460055101809088,2.417612042367571
115.29999999999772,-2.297685160428766,7680.788096507308,72.70410284822438,-0.1745,71.16438427158691,-8.445856618252154,0.165,-0.5460055101809088,2.417612042367571
115.39999999999772,-2.298246186479492,7687.905318854986,71.85945663308041,-0.1745,71.180062681971,-8.44706768462733,0.165,-0.5460055101809088,2.417612042367571
115.49999999999771,-2.298808688152237,7695.024105760591,71.0146895523995,-0.1745,71.19567543011783,-8.448273928990798,0.165,-0.5460055101809088,2.417612042367571
115.5999999999977,-2.299372660902141,7702.144450670759,70.16980208753287,-0.1745,71.21122277325325,-8.449475368341766,0.165,-0.5460055101809088,2.417612042367571
115.6999999999977,-2.2999381001874566,7709.266347057811,69.32479471814148,-0.1745,71.22670496777506,-8.450672019486062,0.165,-0.5460055101809088,2.417612042367571
115.7999999999977,-2.300505001479938,7716.389788419662,68.4796679222124,-0.1745,71.24212226924521,-8.451863899095391,0.165,-0.5460055101809088,2.417612042367571
115.89999999999769,-2.30107336027132,7723.514768279743,67.6344221760704,-0.1745,71.25747493238539,-8.453051023744685,0.165,-0.5460055101809088,2.417612042367571
115.99999999999768,-2.3016431720773207,7730.641280186916,66.7890579543864,-0.1745,71.27276321107476,-8.454233409935604,0.165,-0.5460055101809088,2.417612042367571
116.09999999999768,-2.302214432440098,7737.769317715388,65.94357573018405,-0.1745,71.28798735834914,-8.45541107411131,0.165,-0.5460055101809088,2.417612042367571
116.19999999999767,-2.302787136929717,7744.898874464625,65.0979759748452,-0.1745,71.30314762640097,-8.456584032665722,0.165,-0.5460055101809088,2.417612042367571
116.29999999999767,-2.3033612811449995,7752.029944059274,64.25225915811444,-0.1745,71.31824426657988,-8.457752301949284,0.165,-0.5460055101809088,2.417612042367571
116.39999999999766,-2.303936860713986,7759.162520149073,63.40642574810335,-0.1745,71.33327752939358,-8.458915898272549,0.165,-0.5460055101809088,2.417612042367571
116.49999999999766,-2.304513871294146,7766.296596408769,62.56047621129431,-0.1745,71.34824766450902,-8.460074837908373,0.165,-0.5460055101809088,2.417612042367571
116.59999999999765,-2.30509230857244,7773.432166538032,61.714411012544225,-0.1745,71.36315492075366,-8.461229137093232,0.165,-0.5460055101809088,2.417612042367571
116.69999999999764,-2.3056721682652865,7780.569224261376,60.868230615088166,-0.1745,71.37799954611685,-8.462378812027998,0.165,-0.5460055101809088,2.417612042367571
116.79999999999764,-2.3062534461184594,7787.70776332807,60.02193548054285,-0.1745,71.3927817877513,-8.463523878878368,0.165,-0.5460055101809088,2.417612042367571
116.89999999999763,-2.3068361379069553,7794.8477775120555,59.17552606891018,-0.1745,71.40750189197452,-8.464664353775069,0.165,-0.5460055101809088,2.417612042367571
116.99999999999763,-2.3074202394348386,7801.989260611867,58.32900283858073,-0.1745,71.42216010427038,-8.465800252813935,0.165,-0.5460055101809088,2.417612042367571
117.09999999999762,-2.308005746535067,7809.132206450546,57.482366246337236,-0.1745,71.43675666929063,-8.4669315920559,0.165,-0.5460055101809088,2.417612042367571
117.19999999999762,-2.3085926550693134,7816.276608875553,56.63561674735809,-0.1745,71.4512918308565,-8.468058387526934,0.165,-0.5460055101809088,2.417612042367571
117.29999999999761,-2.309180960927782,7823.422461758694,55.78875479522085,-0.1745,71.46576583196024,-8.46918065521795,0.165,-0.5460055101809088,2.417612042367571
117.3999999999976,-2.309770660029021,7830.569758996031,54.94178084190571,-0.1745,71.48017891476673,-8.4702984110847,0.165,-0.5460055101809088,2.417612042367571
117.4999999999976,-2.3103617483197376,7837.7184945078,54.094695337799095,-0.1745,71.49453132061505,-8.47141167104764,0.165,-0.5460055101809088,2.417612042367571
117.59999999999759,-2.3109542217746055,7844.868662238331,53.24749873169712,-0.1745,71.50882329002015,-8.472520450991812,0.165,-0.5460055101809088,2.417612042367571
117.69999999999759,-2.311548076396086,7852.020256155965,52.4001914708092,-0.1745,71.52305506267442,-8.47362476676671,0.165,-0.5460055101809088,2.417612042367571
117.79999999999758,-2.3121433082142353,7859.173270252972,51.55277400076155,-0.1745,71.53722687744936,-8.47472463418615,0.165,-0.5460055101809088,2.417612042367571
117.89999999999758,-2.312739913286524,7866.327698545464,50.70524676560084,-0.1745,71.55133897239718,-8.475820069028146,0.165,-0.5460055101809088,2.417612042367571
117.99999999999757,-2.31333788769765,7873.483535073322,49.85761020779769,-0.1745,71.56539158475248,-8.476911087034768,0.165,-0.5460055101809088,2.417612042367571
118.09999999999756,-2.3139372275593626,7880.640773900106,49.00986476825035,-0.1745,71.57938495093391,-8.47799770391203,0.165,-0.5460055101809088,2.417612042367571
118.19999999999756,-2.3145379290102754,7887.79940911298,48.162010886288265,-0.1745,71.59331930654582,-8.479079935329759,0.165,-0.5460055101809088,2.417612042367571
118.29999999999755,-2.31513998821569,7894.9594348226265,47.314048999675705,-0.1745,71.60719488637994,-8.480157796921477,0.165,-0.5460055101809088,2.417612042367571
118.39999999999755,-2.3157434013674196,7902.120845163166,46.465979544615415,-0.1745,71.62101192441705,-8.481231304284275,0.165,-0.5460055101809088,2.417612042367571
118.49999999999754,-2.3163481646836086,7909.283634292079,45.61780295575227,-0.1745,71.63477065382868,-8.48230047297871,0.165,-0.5460055101809088,2.417612042367571
118.59999999999754,-2.316954274408563,7916.447796390119,44.7695196661769,-0.1745,71.64847130697883,-8.483365318528683,0.165,-0.5460055101809088,2.417612042367571
118.69999999999753,-2.317561726812572,7923.613325661239,43.9211301074294,-0.1745,71.66211411542564,-8.48442585642133,0.165,-0.5460055101809088,2.417612042367571
118.79999999999752,-2.3181705181917374,7930.780216332507,43.072634709502985,-0.1745,71.67569930992309,-8.485482102106914,0.165,-0.5460055101809088,2.417612042367571
118.89999999999752,-2.3187806448678034,7937.948462654024,42.2240339008477,-0.1745,71.68922712042279,-8.48653407099872,0.165,-0.5460055101809088,2.417612042367571
118.99999999999751,-2.3193921031879876,7945.118058898849,41.37532810837412,-0.1745,71.70269777607562,-8.487581778472954,0.165,-0.5460055101809088,2.417612042367571
119.09999999999751,-2.3200048895248115,7952.288999362914,40.52651775745704,-0.1745,71.71611150523354,-8.488625239868645,0.165,-0.5460055101809088,2.417612042367571
119.1999999999975,-2.133348046535329,7959.461278364948,39.67760327193923,-0.1745,71.72946853545128,-8.48966447048754,0.165,-0.5460055101809088,2.417612042367571
119.2999999999975,-1.1754301390600694,7966.639464303561,38.862103655701034,-0.1495,71.83425023680576,-7.820327854276514,0.495,-0.5460055101809088,2.417612042367571
119.39999999999749,-1.4146978494565234,7973.813706134959,38.25402123597481,-0.037250000000000005,71.65058639114869,-4.341320540247919,0.165,-0.5460055101809088,2.417612042367571
119.49999999999748,-1.7514123383637348,7980.972417016306,37.77737641811287,-0.1495,71.52363123580389,-5.191575816990918,0.165,-0.5460055101809088,2.417612042367571
119.59999999999748,-1.9648463846551723,7988.11552827342,37.19853553101906,-0.1745,71.33859390646907,-6.385241924885252,0.165,-0.5460055101809088,2.417612042367571
119.69999999999747,-2.100088653848393,7995.244020378006,36.522250304222176,-0.1745,71.23124818525362,-7.140462611052456,0.165,-0.5460055101809088,2.417612042367571
119.79999999999747,-2.185799571162286,8002.364121779062,35.784304558515146,-0.1745,71.1707798358641,-7.618452303088166,0.165,-0.5460055101809088,2.417612042367571
119.89999999999746,-2.24016771052644,8009.479613666534,35.00732968932438,-0.1745,71.13905791356775,-7.9210450807271435,0.165,-0.5460055101809088,2.417612042367571
119.99999999999746,-2.2747186403837585,8016.592823564264,34.20564257399988,-0.1745,71.12514004104901,-8.112697225762778,0.165,-0.5460055101809088,2.417612042367571
120.09999999999745,-2.296747237644654,8023.705196210483,33.3882972747316,-0.1745,71.12231288333318,-8.234208759602833,0.165,-0.5460055101809088,2.417612042367571
120.19999999999744,-2.3108666989674913,8030.81763255581,32.561017187336375,-0.1745,71.12641402320278,-8.311392988301687,0.165,-0.5460055101809088,2.417612042367571
120.29999999999744,-2.3199925617482444,8037.930695522179,31.72741891081148,-0.1745,71.13484530418908,-8.36057254219625,0.165,-0.5460055101809088,2.417612042367571
120.39999999999743,-2.325966619606999,8045.044736693328,30.889787086109656,-0.1745,71.14597811877356,-8.392063951840194,0.165,-0.5460055101809088,2.417612042367571
120.49999999999743,-2.3299519751296778,8052.159975045952,30.049564626964298,-0.1745,71.15878893371213,-8.412385231066956,0.165,-0.5460055101809088,2.417612042367571
120.59999999999742,-2.33268294240891,8059.2765461662975,29.20766270210216,-0.1745,71.17263347320015,-8.42565326617582,0.165,-0.5460055101809088,2.417612042367571
120.69999999999742,-2.3346230250781934,8066.394533131224,28.364656652161482,-0.1745,71.18710582533254,-8.434467732637707,0.165,-0.5460055101809088,2.417612042367571
120.79999999999741,-2.3360647359935065,8073.513985929587,27.52090976992674,-0.1745,71.2019501419128,-8.44046991205713,0.165,-0.5460055101809088,2.417612042367571
120.8999999999974,-1.5015175122034077,8080.634933693899,26.67665148260573,-0.1745,71.21700514433043,-8.444695834363,0.165,-0.5460055101809088,2.417612042367571
120.9999999999974,-1.8103203141164723,8087.753587737335,25.982546104182138,-0.06225,71.15607572438877,-5.437411734108865,0.165,-0.5460055101809088,2.417612042367571
121.0999999999974,-2.006547225234982,8094.8609600850905,25.384335668866857,-0.1745,70.99137123072954,-6.526796972196758,0.165,-0.5460055101809088,2.417612042367571
121.19999999999739,-2.131200134810544,8101.955351587767,24.69709758249871,-0.1745,70.89645882279922,-7.217964755166159,0.165,-0.5460055101809088,2.417612042367571
121.29999999999738,-2.210404702860872,8109.042370586557,23.953368996238623,-0.1745,70.8439211529936,-7.656606970035572,0.165,-0.5460055101809088,2.417612042367571
121.39999999999738,-2.260780099906879,8116.1254412583685,23.173785529694,-0.1745,70.8174922832471,-7.935062360856893,0.165,-0.5460055101809088,2.417612042367571
121.49999999999737,-2.2928826756516436,8123.206680610069,22.37143544848827,-0.1745,70.80729475076694,-8.111939263257733,0.165,-0.5460055101809088,2.417612042367571
121.59999999999737,-2.3134101786672816,8130.287407311168,21.554616885437667,-0.1745,70.8072392712057,-8.22443199775435,0.165,-0.5460055101809088,2.417612042367571
121.69999999999736,-2.326608672133805,8137.368446041392,20.728588668458983,-0.1745,70.81353533328078,-8.29613234181931,0.165,-0.5460055101809088,2.417612042367571
121.79999999999735,-2.335168360751428,8144.450313247683,19.896682254800897,-0.1745,70.82380879252854,-8.341995931342407,0.165,-0.5460055101809088,2.417612042367571
121.89999999999735,-2.3407929482520733,8151.533332030165,19.061007495977062,-0.1745,70.83656685710908,-8.371499245134272,0.165,-0.5460055101809088,2.417612042367571
121.99999999999734,-2.3445610300606528,8158.617703805753,18.2229002976249,-0.1745,70.85086865465101,-8.390644721908972,0.165,-0.5460055101809088,2.417612042367571
122.09999999999734,-2.3471552730381724,8165.703553254731,17.383206401384655,-0.1745,70.8661203249049,-8.403233202895917,0.165,-0.5460055101809088,2.417612042367571
122.19999999999733,-2.3490076576639622,8172.79095660774,16.542461198285512,-0.1745,70.88194673527383,-8.411670859086959,0.165,-0.5460055101809088,2.417612042367571
122.29999999999733,-2.350391482089609,8179.879959486209,15.701003623562467,-0.1745,70.89811083412417,-8.417480635373932,0.165,-0.5460055101809088,2.417612042367571
122.39999999999732,-2.3514796220512633,8186.970588168926,14.859048277770084,-0.1745,70.91446282020728,-8.421626280473753,0.165,-0.5460055101809088,2.417612042367571
122.49999999999731,-2.352381412857781,8194.062856712611,14.016731085044892,-0.1745,70.93090805349577,-8.424717574030101,0.165,-0.5460055101809088,2.417612042367571
122.59999999999731,-2.3531659926581026,8201.156771454178,13.17413819254882,-0.1745,70.94738677785172,-8.427140275891322,0.165,-0.5460055101809088,2.417612042367571
122.6999999999973,-2.3538770739676544,8208.252333858094,12.331324259148591,-0.1745,70.96386130047641,-8.429138392113257,0.165,-0.5460055101809088,2.417612042367571
122.7999999999973,-2.3545422894199346,8215.349542317294,11.488324027304941,-0.1745,70.98030788352325,-8.430866244759745,0.165,-0.5460055101809088,2.417612042367571
122.89999999999729,-2.355179103758479,8222.44839329223,10.645159643886261,-0.1745,70.99671161520517,-8.43242142361386,0.165,-0.5460055101809088,2.417612042367571
122.99999999999729,-2.355798553115447,8229.548882031262,9.801845290907659,-0.1745,71.01306316543184,-8.433865635958183,0.165,-0.5460055101809088,2.417612042367571
123.09999999999728,-2.3564076097254407,8236.651003026212,8.958390114258457,-0.1745,71.02935673359086,-8.435237897025859,0.165,-0.5460055101809088,2.417612042367571
123.19999999999727,-1.523296855201983,8243.754750300417,8.114800075726063,-0.1745,71.04558875050597,-8.436562873622021,0.165,-0.5460055101809088,2.417612042367571
123.29999999999727,-1.830359337393538,8250.856274378204,7.4208965975534324,-0.06225,70.98489280523926,-5.441506689830581,0.165,-0.5460055101809088,2.417612042367571
123.39999999999726,-2.025742380464128,8257.946644333671,6.822711076734992,-0.1745,70.8225063041125,-6.522203726538237,0.165,-0.5460055101809088,2.417612042367571
123.49999999999726,-2.1500250704181982,8265.024225667994,6.13616006803459,-0.1745,70.72912038234654,-7.208816447469797,0.165,-0.5460055101809088,2.417612042367571
123.59999999999725,-2.2290993614847574,8272.094566374715,5.393460436087375,-0.1745,70.6776937520733,-7.645176191474497,0.165,-0.5460055101809088,2.417612042367571
123.69999999999725,-2.2794582350389514,8279.161058889727,4.615072957913182,-0.1745,70.65215654817716,-7.922573372009362,0.165,-0.5460055101809088,2.417612042367571
123.79999999999724,-2.3115920962160295,8286.225803498708,3.813992710328516,-0.1745,70.64273563144198,-8.099031579683968,0.165,-0.5460055101809088,2.417612042367571
123.89999999999723,-2.3321658365787896,8293.290110155089,2.998469900325386,-0.1745,70.64339749618134,-8.211424620378637,0.165,-0.5460055101809088,2.417612042367571
123.99999999999723,-2.3454103644596453,8300.354799090757,2.173740026450259,-0.1745,70.65038121717264,-8.283172857123905,0.165,-0.5460055101809088,2.417612042367571
124.09999999999722,-2.3540098656439765,8307.420384552572,1.3431242145909794,-0.1745,70.66132801912158,-8.329143380061684,0.165,-0.5460055101809088,2.417612042367571
124.19999999999722,-10000.0,8314.487188593646,0.5087285826064454,-0.1745,70.67475280238534,-8.358769259628994,0.165,-0.5460055101809088,2.417612042367571
