t,reward,x,y,theta,vx,vy,throttle,wind_vx,wind_vy
0.0,0.0,253.37502434376484,969.7985181978363,0.03456587897579741,45.64099685455062,3.6855402212340564,0.5,-2.42743910160535,1.464575883956656
0.1,-1.5160717662554553,253.37502434376484,969.7985181978363,0.03456587897579741,45.64099685455062,3.6855402212340564,0.5,-2.42743910160535,1.464575883956656
0.2,-0.4609679977607836,257.932834997438,970.0809156777517,-0.07768412102420258,45.515216218913054,1.9624093770744935,0.165,-2.42743910160535,1.464575883956656
0.30000000000000004,-0.34626977395743413,262.4665476592945,970.1571920634008,-0.1745,45.15903701821649,-0.4368816640937001,0.165,-2.42743910160535,1.464575883956656
0.4,-0.9616049255249249,266.97151647279594,970.0228215982395,-0.1745,44.94033925181143,-2.250527639132499,0.165,-2.42743910160535,1.464575883956656
0.5,-1.4290062651320146,271.45916000131524,969.7288618137453,-0.1745,44.812531318574074,-3.628668050750323,0.165,-2.42743910160535,1.464575883956656
0.6,-1.782843103490543,275.9371254930724,969.3135427200119,-0.1745,44.746778516569954,-4.677713823917181,0.165,-2.42743910160535,1.464575883956656
0.7,-2.0509779119080456,280.4106845455549,968.805842458339,-0.1745,44.72440253307987,-5.476291409539715,0.165,-2.42743910160535,1.464575883956656
0.7999999999999999,-2.2506850319784673,284.8868234100013,968.2272615017582,-0.1745,44.7983747558481,-6.095327722076181,0.8300000000000001,-2.42743910160535,1.464575883956656
0.8999999999999999,-2.400230723154977,289.3682011183878,967.5947288149814,-0.1745,44.82917941188177,-6.555326013459663,0.165,-2.42743910160535,1.464575883956656
0.9999999999999999,-2.5117375491168747,293.853467002694,966.9217382603247,-0.1745,44.87613827424271,-6.904485079675445,0.165,-2.42743910160535,1.464575883956656
1.0999999999999999,-2.594808512651554,298.3440207142149,966.2180466962437,-0.1745,44.934935956175124,-7.169346201943782,0.165,-2.42743910160535,1.464575883956656
1.2,-2.6547512640482718,302.844164549311,965.4904921097461,-0.1745,45.06794074574734,-7.381745528008216,0.8300000000000001,-2.42743910160535,1.464575883956656
1.3,-2.6985199784569054,307.3546630185413,964.7448079215474,-0.1745,45.14202863885886,-7.531938235967336,0.165,-2.42743910160535,1.464575883956656
1.4000000000000001,-2.730108299955884,311.8728048052894,963.985917153181,-0.1745,45.22080709610247,-7.64587713135985,0.165,-2.42743910160535,1.464575883956656
1.5000000000000002,-2.752535831656344,316.3989974223257,963.217002242052,-0.1745,45.30304524462429,-7.732421091222297,0.165,-2.42743910160535,1.464575883956656
1.6000000000000003,-2.768082640007332,320.9335410209192,962.4404667391146,-0.1745,45.38782672724616,-7.7982889675254805,0.165,-2.42743910160535,1.464575883956656
1.7000000000000004,-2.7784683627612554,325.4766557089314,961.6581238457013,-0.1745,45.474467032997616,-7.848568900740585,0.165,-2.42743910160535,1.464575883956656
1.8000000000000005,-2.7849886104928374,330.0285017395192,960.8713399504162,-0.1745,45.56245357875884,-7.887109004962667,0.165,-2.42743910160535,1.464575883956656
1.9000000000000006,-2.7886186011279412,334.58919451099354,960.0811436920727,-0.1745,45.65140185072827,-7.916816161906339,0.165,-2.42743910160535,1.464575883956656
2.0000000000000004,-2.790091747650517,339.15881575612366,959.2883086870593,-0.1745,45.741023051874514,-7.939883938362016,0.165,-2.42743910160535,1.464575883956656
2.1000000000000005,-2.7899591570734654,343.7374219134311,958.4934161876779,-0.1745,45.83110009427401,-7.957966049266511,0.165,-2.42743910160535,1.464575883956656
2.2000000000000006,-2.78863461618512,348.32505040332506,957.6969024789727,-0.1745,45.92146970360593,-7.972308124837331,0.165,-2.42743910160535,1.464575883956656
2.3000000000000007,-2.7864285643308313,352.92172434027054,956.8990946906371,-0.1745,46.01200903530337,-7.983847641873927,0.165,-2.42743910160535,1.464575883956656
2.400000000000001,-2.7835737228080792,357.5274560740818,956.1002378282728,-0.1745,46.102625640921914,-7.993289605409969,0.165,-2.42743910160535,1.464575883956656
2.500000000000001,-2.7802444119760485,362.14224985280424,955.3005151582113,-0.1745,46.19324993352669,-8.001163795821716,0.165,-2.42743910160535,1.464575883956656
2.600000000000001,-2.7765710983637897,366.7661038256499,954.5000635671504,-0.1745,46.28382952338694,-8.007868025396855,0.165,-2.42743910160535,1.464575883956656
2.700000000000001,-2.7726513409775344,371.39901154965935,953.6989851262742,-0.1745,46.374324956801544,-8.013700792125436,0.165,-2.42743910160535,1.464575883956656
2.800000000000001,-2.7685580219550876,376.04096312296605,952.897355791268,-0.1745,46.46470650933205,-8.018885907999355,0.165,-2.42743910160535,1.464575883956656
2.9000000000000012,-2.7643455308774776,380.691946037046,952.0952319429086,-0.1745,46.55495177226688,-8.023591059187124,0.165,-2.42743910160535,1.464575883956656
3.0000000000000013,-2.76005440831274,385.35194581747123,951.2926553008243,-0.1745,46.64504383623733,-8.027941782499619,0.165,-2.42743910160535,1.464575883956656
3.1000000000000014,-2.7557148301283227,390.0209465055097,950.4896566125748,-0.1745,46.73496992453196,-8.032031982492052,0.165,-2.42743910160535,1.464575883956656
3.2000000000000015,-2.7513492202548813,394.69893101999133,949.6862584214556,-0.1745,46.82472036510062,-8.035931839890946,0.165,-2.42743910160535,1.464575883956656
3.3000000000000016,-2.7469742086441338,399.3858814291274,948.8824771417432,-0.1745,46.91428781762008,-8.0396937543571,0.165,-2.42743910160535,1.464575883956656
3.4000000000000017,-2.742602097593391,404.08177915463835,948.0783246136659,-0.1745,47.00366669259916,-8.043356807186292,0.165,-2.42743910160535,1.464575883956656
3.5000000000000018,-2.7382419591910874,408.78660512501955,947.273809267788,-0.1745,47.09285271502514,-8.046950110372164,0.165,-2.42743910160535,1.464575883956656
3.600000000000002,-2.733900456166764,413.50033989060864,946.4689369963537,-0.1745,47.18184259675682,-8.050495318312912,0.165,-2.42743910160535,1.464575883956656
3.700000000000002,-2.729582455474788,418.2229637099813,945.663711804922,-0.1745,47.270633790695754,-8.054008510322648,0.165,-2.42743910160535,1.464575883956656
3.800000000000002,-2.7252914866618614,422.9544566148372,944.8581362993722,-0.1745,47.359224306423506,-8.057501600671985,0.165,-2.42743910160535,1.464575883956656
3.900000000000002,-2.721030084070274,427.69479845875907,944.0522120496348,-0.1745,47.447612572013284,-8.06098339407456,0.165,-2.42743910160535,1.464575883956656
4.000000000000002,-2.7168000421577525,432.44396895388513,943.2459398611672,-0.1745,47.535797330508586,-8.064460375278033,0.165,-2.42743910160535,1.464575883956656
4.100000000000001,-2.7126026058744994,437.2019476985313,942.4393199774346,-0.1745,47.62377756241443,-8.067937299375416,0.165,-2.42743910160535,1.464575883956656
4.200000000000001,-2.7084386125274107,441.96871419803676,941.6323522308229,-0.1745,47.71155242769543,-8.0714176328575,0.165,-2.42743910160535,1.464575883956656
4.300000000000001,-2.7043085974271763,446.7442478805412,940.8250361550329,-0.1745,47.79912122239342,-8.07490388294193,0.165,-2.42743910160535,1.464575883956656
4.4,-2.7002128725142303,451.5285281089706,940.0173710687194,-0.1745,47.886483346194964,-8.078397843327382,0.165,-2.42743910160535,1.464575883956656
4.5,-2.696151584836927,456.3215341901901,939.2093561376796,-0.1745,47.97363827819536,-8.08190077746843,0.165,-2.42743910160535,1.464575883956656
4.6,-2.692124760016157,461.12324538203956,938.4009904210476,-0.1745,48.0605855587941,-8.085413555170888,0.165,-2.42743910160535,1.464575883956656
4.699999999999999,-2.688132334529115,465.933640898788,937.5922729055724,-0.1745,48.147324776174415,-8.088936754333604,0.165,-2.42743910160535,1.464575883956656
4.799999999999999,-2.6841741796716265,470.7526999154071,936.7832025310215,-0.1745,48.233855556207786,-8.092470736682742,0.165,-2.42743910160535,1.464575883956656
4.899999999999999,-2.6802501193309074,475.5804015709633,935.9737782089818,-0.1745,48.32017755491588,-8.096015704111435,0.165,-2.42743910160535,1.464575883956656
4.999999999999998,-2.6763599431573653,480.4167249713512,935.163998836748,-0.1745,48.40629045284094,-8.099571740565123,0.165,-2.42743910160535,1.464575883956656
5.099999999999998,-2.672503416318323,485.2616491915352,934.3538633075616,-0.1745,48.492193950839514,-8.10313884316112,0.165,-2.42743910160535,1.464575883956656
5.1999999999999975,-2.668680286714067,490.115153277424,933.5433705181388,-0.1745,48.57788776693698,-8.10671694529461,0.165,-2.42743910160535,1.464575883956656
5.299999999999997,-2.66489029031097,494.97721624746947,932.7325193741849,-0.1745,48.6633716339724,-8.110305933783309,0.165,-2.42743910160535,1.464575883956656
5.399999999999997,-2.6611331550783968,499.8478170940597,931.9213087944167,-0.1745,48.74864529783161,-8.11390566158025,0.165,-2.42743910160535,1.464575883956656
5.4999999999999964,-2.657408603890923,504.7269347847572,931.109737713478,-0.1745,48.833708516118094,-8.117515957193667,0.165,-2.42743910160535,1.464575883956656
5.599999999999996,-2.6537163566642756,509.61454826342055,930.2978050840352,-0.1745,48.91856105714941,-8.121136631661814,0.165,-2.42743910160535,1.464575883956656
5.699999999999996,-2.6500561319241482,514.5106364512378,929.4855098782664,-0.1745,49.003202699195555,-8.124767483713292,0.165,-2.42743910160535,1.464575883956656
5.799999999999995,-2.6464276479555284,519.4151782476924,928.6728510889017,-0.1745,49.08763322989711,-8.128408303581724,0.165,-2.42743910160535,1.464575883956656
5.899999999999995,-2.6428306236419874,524.3281525314782,927.8598277299315,-0.1745,49.17185244581686,-8.13205887582301,0.165,-2.42743910160535,1.464575883956656
5.999999999999995,-2.6392647790759622,529.2495381613735,927.0464388370706,-0.1745,49.2558601520906,-8.135718981393776,0.165,-2.42743910160535,1.464575883956656
6.099999999999994,-2.635729835999995,534.1793139770856,926.2326834680417,-0.1745,49.33965616215138,-8.139388399182883,0.165,-2.42743910160535,1.464575883956656
6.199999999999994,-2.6322255181233274,539.1174588000686,925.4185607027257,-0.1745,49.42324029750845,-8.143066907138277,0.165,-2.42743910160535,1.464575883956656
6.299999999999994,-2.628751551346621,544.0639514343223,924.6040696432141,-0.1745,49.50661238756666,-8.146754283094646,0.165,-2.42743910160535,1.464575883956656
6.399999999999993,-2.625307663919048,549.0187706671745,923.7892094137903,-0.1745,49.58977226947596,-8.150450305379971,0.165,-2.42743910160535,1.464575883956656
6.499999999999993,-2.621893586545641,553.9818952700484,922.9739791608584,-0.1745,49.67271978800319,-8.15415475325879,0.165,-2.42743910160535,1.464575883956656
6.5999999999999925,-2.618509052458109,558.9533039992197,922.1583780528327,-0.1745,49.75545479542059,-8.15786740725495,0.165,-2.42743910160535,1.464575883956656
6.699999999999992,-2.6151537974588424,563.932975596561,921.3424052800008,-0.1745,49.83797715140654,-8.161588049385454,0.165,-2.42743910160535,1.464575883956656
6.799999999999992,-2.6118275599452967,568.9208887902792,920.5260600543651,-0.1745,49.92028672295565,-8.165316463328779,0.165,-2.42743910160535,1.464575883956656
6.8999999999999915,-2.6085300809200325,573.9170222956417,919.7093416094714,-0.1745,50.002383384295705,-8.169052434544902,0.165,-2.42743910160535,1.464575883956656
6.999999999999991,-2.605261103990295,578.921354815697,918.8922492002262,-0.1745,50.08426701680982,-8.172795750359784,0.165,-2.42743910160535,1.464575883956656
7.099999999999991,-2.6020203753600146,583.9338650419857,918.074782102707,-0.1745,50.16593750896253,-8.176546200023683,0.165,-2.42743910160535,1.464575883956656
7.19999999999999,-2.5988076438163095,588.9545316552452,917.2569396139683,-0.1745,50.247394756228886,-8.180303574750237,0.165,-2.42743910160535,1.464575883956656
7.29999999999999,-2.5956226607120456,593.983333326108,916.4387210518437,-0.1745,50.32863866102585,-8.184067667741406,0.165,-2.42743910160535,1.464575883956656
7.39999999999999,-2.5924651799455942,599.0202487157916,915.6201257547465,-0.1745,50.409669132645476,-8.187838274202031,0.165,-2.42743910160535,1.464575883956656
7.499999999999989,-2.589334957938605,604.0652564767834,914.801153081469,-0.1745,50.49048608718956,-8.191615191346775,0.165,-2.42743910160535,1.464575883956656
7.599999999999989,-2.5862317536124135,609.1183352535181,913.9818024109816,-0.1745,50.57108944750538,-8.195398218401483,0.165,-2.42743910160535,1.464575883956656
7.699999999999989,-2.58315532836353,614.1794636830496,913.1620731422315,-0.1745,50.65147914312242,-8.199187156600429,0.165,-2.42743910160535,1.464575883956656
7.799999999999988,-2.5801054460385293,619.2486203957152,912.3419646939425,-0.1745,50.73165511018988,-8.202981809180597,0.165,-2.42743910160535,1.464575883956656
7.899999999999988,-2.5770818729085883,624.3257840157954,911.5214765044147,-0.1745,50.81161729141484,-8.20678198137376,0.165,-2.42743910160535,1.464575883956656
7.999999999999988,-2.5740843776438354,629.4109331621662,910.7006080313262,-0.1745,50.89136563600109,-8.210587480396962,0.165,-2.42743910160535,1.464575883956656
8.099999999999987,-2.571112731287652,634.5040464489457,909.8793587515343,-0.1745,50.970900099588405,-8.214398115441842,0.165,-2.42743910160535,1.464575883956656
8.199999999999987,-2.568166707230998,639.6051024861347,909.057728160879,-0.1745,51.05022064419238,-8.218213697663128,0.165,-2.42743910160535,1.464575883956656
8.299999999999986,-2.5652460811868476,644.7140798802516,908.2357157739875,-0.1745,51.129327238144725,-8.222034040166504,0.165,-2.42743910160535,1.464575883956656
8.399999999999986,-2.5623506311647763,649.8309572349605,907.4133211240794,-0.1745,51.20821985603397,-8.225858957996055,0.165,-2.42743910160535,1.464575883956656
8.499999999999986,-2.414404377763752,654.9557131516945,906.5905437627736,-0.1745,51.28689847864658,-8.229688268121402,0.165,-2.42743910160535,1.464575883956656
8.599999999999985,-2.4519175010272343,660.0924157783613,905.7858429377417,-0.1495,51.44715405469003,-7.864328232516362,0.8300000000000001,-2.42743910160535,1.464575883956656
8.699999999999985,-2.478173332738631,665.2403069633795,904.9940365252866,-0.1745,51.51066964567223,-7.9718000165859735,0.165,-2.42743910160535,1.464575883956656
8.799999999999985,-2.3506249771473327,670.3947446812734,904.1929254354809,-0.1745,51.57808471220841,-8.050421779526081,0.165,-2.42743910160535,1.464575883956656
8.899999999999984,-2.4036056637652172,675.5602807996333,903.403615347091,-0.1495,51.73263765499038,-7.735779988272632,0.8300000000000001,-2.42743910160535,1.464575883956656
8.999999999999984,-2.4409611819949104,680.7363916295568,902.6226520702168,-0.1745,51.78957894347862,-7.883485549211259,0.165,-2.42743910160535,1.464575883956656
9.099999999999984,-2.467064403975628,685.9184759023918,901.8289291009917,-0.1745,51.85210651322207,-7.990973835291452,0.165,-2.42743910160535,1.464575883956656
9.199999999999983,-2.485073120499031,691.1070098053741,901.0259087533071,-0.1745,51.91857154642267,-8.06943311839983,0.165,-2.42743910160535,1.464575883956656
9.299999999999983,-2.497265164692691,696.3023283229109,900.2160891718081,-0.1745,51.98779880431199,-8.12695851158031,0.165,-2.42743910160535,1.464575883956656
9.399999999999983,-2.5765188886641144,701.5046656619752,899.4012712320352,-0.1745,52.05894797697582,-8.169400283877968,0.165,-2.055868401704414,0.7756422275834002
9.499999999999982,-2.6327377196002177,706.7129058349981,898.5734393692971,-0.1745,52.105855483482486,-8.387236970884809,0.165,-2.055868401704414,0.7756422275834002
9.599999999999982,-2.672349602604128,711.9262630135886,897.7268079442845,-0.1745,52.16128808832881,-8.545391529369024,0.165,-2.055868401704414,0.7756422275834002
9.699999999999982,-2.700002137387459,717.1454644943896,896.8665175454054,-0.1745,52.222741527690545,-8.660416448213482,0.165,-2.055868401704414,0.7756422275834002
9.799999999999981,-2.719051426462231,722.3710236236967,895.9962814001489,-0.1745,52.28844105845328,-8.744306456917359,0.165,-2.055868401704414,0.7756422275834002
9.89999999999998,-2.7319183506681544,727.6033018190886,895.1187789919691,-0.1745,52.357122849385846,-8.805741706679104,0.165,-2.055868401704414,0.7756422275834002
9.99999999999998,-2.740347545162721,732.8425521538225,894.2359420979338,-0.1745,52.427883845290715,-8.850996174025967,0.165,-2.055868401704414,0.7756422275834002
10.09999999999998,-2.745595253542146,738.0889502102285,893.3491622944878,-0.1745,52.50007728283059,-8.884599894894906,0.165,-2.055868401704414,0.7756422275834002
10.19999999999998,-2.7487273116191817,743.3426160367163,892.4594412655632,-0.1745,52.5732392469257,-8.90982068359593,0.165,-2.055868401704414,0.7756422275834002
10.29999999999998,-2.7492131158067656,748.6069043370325,891.5669222653064,-0.1745,52.712526759395985,-8.94055932154034,0.8300000000000001,-2.055868401704414,0.7756422275834002
10.399999999999979,-2.602401159312304,753.8818734910134,890.6722382836325,-0.1745,52.78685632022144,-8.953120311936978,0.165,-2.055868401704414,0.7756422275834002
10.499999999999979,-2.6435962892559446,759.1652078820961,889.7961465979108,-0.1495,52.87983150143165,-8.568713402496723,0.165,-2.055868401704414,0.7756422275834002
10.599999999999978,-2.672293943626637,764.4561215995132,888.9332687082442,-0.1745,52.93844284691094,-8.688844390835474,0.165,-2.055868401704414,0.7756422275834002
10.699999999999978,-2.69204505858776,769.7531236554842,888.0600265200169,-0.1745,53.00159827250917,-8.775999373711617,0.165,-2.055868401704414,0.7756422275834002
10.799999999999978,-2.7053982543495056,775.0566001609483,887.1792520147773,-0.1745,53.067931836773454,-8.839490731081304,0.165,-2.055868401704414,0.7756422275834002
10.899999999999977,-2.714181051977733,780.366820392608,886.2929767168769,-0.1745,53.1364727964208,-8.886015226927224,0.165,-2.055868401704414,0.7756422275834002
10.999999999999977,-2.719702817661993,785.683970511676,885.4026567727066,-0.1745,53.206529584938345,-8.920383656477776,0.165,-2.055868401704414,0.7756422275834002
11.099999999999977,-2.722900972324514,791.0081774276928,884.5093351492499,-0.1745,53.277608735397074,-8.946048812656207,0.165,-2.055868401704414,0.7756422275834002
11.199999999999976,-2.7244461816872723,796.339525753818,883.6137583686582,-0.1745,53.3493577871057,-8.965486799177567,0.165,-2.055868401704414,0.7756422275834002
11.299999999999976,-2.724817948055738,801.6780698860982,882.7164604293697,-0.1745,53.42152485849977,-8.980471986592805,0.165,-2.055868401704414,0.7756422275834002
11.399999999999975,-2.7243588790992805,807.0238426244815,881.8178230795197,-0.1745,53.49392990916657,-8.992275010408111,0.165,-2.055868401704414,0.7756422275834002
11.499999999999975,-2.7233136152641064,812.376861332745,880.91811906955,-0.1745,53.56644425610169,-9.00180518898507,0.165,-2.055868401704414,0.7756422275834002
11.599999999999975,-2.7218567314643805,817.7371323429054,880.0175431669496,-0.1745,53.63897594710597,-9.009712863022923,0.165,-2.055868401704414,0.7756422275834002
11.699999999999974,-2.5712459731351736,823.1046541054893,879.116234380188,-0.1745,53.71145930457311,-9.016462872210534,0.165,-2.055868401704414,0.7756422275834002
11.799999999999974,-2.6125826616481405,828.4820625106196,878.2344213422632,-0.1495,53.83670879803217,-8.619797886283802,0.495,-2.055868401704414,0.7756422275834002
11.899999999999974,-2.641253402030739,833.8685074326161,877.36635047021,-0.1745,53.89218964189656,-8.741619554780351,0.165,-2.055868401704414,0.7756422275834002
11.999999999999973,-2.6609171118548467,839.260737208624,876.4877984945354,-0.1745,53.95240587826248,-8.829419958713975,0.165,-2.055868401704414,0.7756422275834002
12.099999999999973,-2.6741821061782183,844.6591531653314,875.601678897213,-0.1745,54.015913255883845,-8.892971987733182,0.165,-2.055868401704414,0.7756422275834002
12.199999999999973,-2.6829060724182368,850.0640334455846,874.7100675440196,-0.1745,54.081692349179654,-8.939255076135042,0.165,-2.055868401704414,0.7756422275834002
12.299999999999972,-2.6884110266779397,855.4755691540262,873.8144423578196,-0.1745,54.14902181965067,-8.97324864786468,0.165,-2.055868401704414,0.7756422275834002
12.399999999999972,-2.691637093748005,860.8938897666361,872.9158548211414,-0.1745,54.217390432548186,-8.998502085700828,0.165,-2.055868401704414,0.7756422275834002
12.499999999999972,-2.693252374252404,866.319081063521,872.0150525455384,-0.1745,54.28643550515008,-9.017543426357067,0.165,-2.055868401704414,0.7756422275834002
12.599999999999971,-2.693731351436741,871.7511978191645,871.112566775961,-0.1745,54.35589960771993,-9.0321719651919,0.165,-2.055868401704414,0.7756422275834002
12.69999999999997,-2.6934107935328075,877.1902727988635,870.2087748038774,-0.1745,54.425599986259414,-9.043667476478754,0.165,-2.055868401704414,0.7756422275834002
12.79999999999997,-2.69252957825113,882.6363231437729,869.3039444476184,-0.1745,54.49540691192748,-9.052939648702278,0.165,-2.055868401704414,0.7756422275834002
12.89999999999997,-2.691257042714298,888.0893549055774,868.3982657292481,-0.1745,54.565228324161914,-9.06063471870227,0.165,-2.055868401704414,0.7756422275834002
12.99999999999997,-2.6897131514649653,893.5493662680809,867.4918734182461,-0.1745,54.634998925908796,-9.067211501338601,0.165,-2.055868401704414,0.7756422275834002
13.09999999999997,-2.68798283493755,899.0163498361418,866.5848630652569,-0.1745,54.70467243530919,-9.072995558444964,0.165,-2.055868401704414,0.7756422275834002
13.199999999999969,-2.686126177384545,904.4902942618331,865.6773023990012,-0.1745,54.774216078517966,-9.078217766668738,0.165,-2.055868401704414,0.7756422275834002
13.299999999999969,-2.68418565160113,909.9711853995178,864.7692394226581,-0.1745,54.84360667517635,-9.083041760193899,0.165,-2.055868401704414,0.7756422275834002
13.399999999999968,-2.6821912536700516,915.4590071260889,863.8607081623576,-0.1745,54.912827856243574,-9.087583445815744,0.165,-2.055868401704414,0.7756422275834002
13.499999999999968,-2.6801641453122116,920.9537419232548,862.9517327464387,-0.1745,54.98186808707533,-9.091924872561485,0.165,-2.055868401704414,0.7756422275834002
13.599999999999968,-2.678119236233392,926.4553712907647,862.0423302986337,-0.1745,55.05071926312111,-9.09612408353794,0.165,-2.055868401704414,0.7756422275834002
13.699999999999967,-2.6760670139939564,931.9638760395582,861.1325129889527,-0.1745,55.11937571274864,-9.100222110081523,0.165,-2.055868401704414,0.7756422275834002
13.799999999999967,-2.674014839996113,937.4792364996682,860.2222894867244,-0.1745,55.18783348945365,-9.104247934484283,0.165,-2.055868401704414,0.7756422275834002
13.899999999999967,-2.671967866882002,943.0014326676256,859.3116659895272,-0.1745,55.25608986969372,-9.108222009459457,0.165,-2.055868401704414,0.7756422275834002
13.999999999999966,-2.6699296876053307,948.5304443109488,858.4006469514156,-0.1745,55.32414299677118,-9.11215875277297,0.165,-2.055868401704414,0.7756422275834002
14.099999999999966,-2.6680381013784773,954.0662510422077,857.4892355980496,-0.1745,55.39199162840595,-9.116068314546585,0.165,-2.055868401704414,0.7756422275834002
14.199999999999966,-2.6656195647688383,959.6104573137478,856.5771478248982,-0.1745,55.49213380239692,-9.125687148481031,0.495,-2.055868401704414,0.7756422275834002
14.299999999999965,-2.663338354538307,965.1630457543336,855.6644428155488,-0.1745,55.5596350093183,-9.12841303850876,0.165,-2.055868401704414,0.7756422275834002
14.399999999999965,-2.6611585888298848,970.7223715629848,854.7514487329001,-0.1745,55.62688116370707,-9.131468614463678,0.165,-2.055868401704414,0.7756422275834002
14.499999999999964,-2.6590549960081065,976.2884099556712,853.8381375495393,-0.1745,55.693886690021095,-9.134755052752642,0.165,-2.055868401704414,0.7756422275834002
14.599999999999964,-2.657009774709813,981.8611373814879,852.9244896596152,-0.1745,55.760661826311576,-9.138202745729274,0.165,-2.055868401704414,0.7756422275834002
14.699999999999964,-2.655010380679394,987.4405311657221,852.0104913883076,-0.1745,55.82721385837163,-9.141762680421975,0.165,-2.055868401704414,0.7756422275834002
14.799999999999963,-2.653047967593558,993.0265692582145,851.0961332365698,-0.1745,55.8935479914776,-9.145400354333738,0.165,-2.055868401704414,0.7756422275834002
14.899999999999963,-2.651116289154671,998.6192300560773,850.1814086446639,-0.1745,55.95966796577727,-9.14909148378511,0.165,-2.055868401704414,0.7756422275834002
14.999999999999963,-2.64921092636572,1004.2184922788894,849.2663131215669,-0.1745,56.02557649046285,-9.15281897815406,0.165,-2.055868401704414,0.7756422275834002
15.099999999999962,-2.647328743937539,1009.8243348809086,848.3508436322762,-0.1745,56.09127554992181,-9.156570807660053,0.165,-2.055868401704414,0.7756422275834002
15.199999999999962,-2.645467508070092,1015.4367369893796,847.4349981668155,-0.1745,56.15676661949702,-9.160338501554977,0.165,-2.055868401704414,0.7756422275834002
15.299999999999962,-2.4884010484366375,1021.0556778612275,846.518775437195,-0.1745,56.2220508174617,-9.164116090855153,0.165,-2.055868401704414,0.7756422275834002
15.399999999999961,-2.533614680692653,1026.6840383506778,845.6241174386462,-0.1495,56.34515897154336,-8.729043880121221,0.495,-2.055868401704414,0.7756422275834002
15.499999999999961,-2.5646431169158417,1032.320825012226,844.744403388966,-0.1745,56.39057425941968,-8.865237113481209,0.165,-2.055868401704414,0.7756422275834002
15.59999999999996,-2.5857601529663086,1037.9624388466111,843.853062968677,-0.1745,56.441702428286874,-8.96157129229924,0.165,-2.055868401704414,0.7756422275834002
15.69999999999996,-2.599958171104242,1043.609360939392,842.953484272982,-0.1745,56.49673942733071,-9.030002621601579,0.165,-2.055868401704414,0.7756422275834002
15.79999999999996,-2.609330519535105,1049.2619196964106,842.048038373863,-0.1745,56.55443571303967,-9.078915360777597,0.165,-2.055868401704414,0.7756422275834002
15.89999999999996,-2.6153405086311787,1054.9203376511703,841.138383437817,-0.1745,56.61392338215539,-9.114183360142968,0.165,-2.055868401704414,0.7756422275834002
15.99999999999996,-2.6190103415972943,1060.584763746129,840.2256783541177,-0.1745,56.67459851701907,-9.139918313843026,0.165,-2.055868401704414,0.7756422275834002
16.09999999999996,-2.6210536404481557,1066.2552956934462,839.3107326234795,-0.1745,56.73604042932214,-9.158996298921842,0.165,-2.055868401704414,0.7756422275834002
16.19999999999996,-2.6219683091620247,1071.9319955098536,838.3941114201555,-0.1745,56.79795589882448,-9.173427767557511,0.165,-2.055868401704414,0.7756422275834002
16.29999999999996,-2.6221015471470874,1077.6149003303838,837.4762091704782,-0.1745,56.86014051178082,-9.184617225988111,0.165,-2.055868401704414,0.7756422275834002
16.399999999999963,-2.6216953306031767,1083.3040299450022,836.5573010437895,-0.1745,56.92245178058606,-9.193545307785861,0.165,-2.055868401704414,0.7756422275834002
16.499999999999964,-2.621251522113766,1088.9993920550573,835.6375789621404,-0.1745,56.98479042051542,-9.200896325195561,0.165,-2.055868401704414,0.7756422275834002
16.599999999999966,-2.6194263515395027,1094.7042604455394,834.7165994955695,-0.1745,57.112577389124255,-9.21869300622266,0.8300000000000001,-2.055868401704414,0.7756422275834002
16.699999999999967,-2.6176769583746595,1100.4186346897707,833.7945718052864,-0.1745,57.17490749550171,-9.221860799439805,0.165,-2.055868401704414,0.7756422275834002
16.79999999999997,-2.4582153339380626,1106.1392306571267,832.8722188139453,-0.1745,57.237011851618725,-9.225199027381947,0.165,-2.055868401704414,0.7756422275834002
16.89999999999997,-2.5054764150419118,1111.8674048957653,831.9724702104483,-0.1495,57.3264729211534,-8.769773042558953,0.165,-2.055868401704414,0.7756422275834002
16.99999999999997,-2.5377639661982117,1117.602104590996,831.0883129188323,-0.1745,57.3675209834621,-8.91337278975977,0.165,-2.055868401704414,0.7756422275834002
17.099999999999973,-2.559662174961195,1123.3412192138526,830.1919356615681,-0.1745,57.41477147366713,-9.014172355524362,0.165,-2.055868401704414,0.7756422275834002
17.199999999999974,-2.5743579823881473,1129.085269770136,829.286965887799,-0.1745,57.46623965199996,-9.085223119856789,0.165,-2.055868401704414,0.7756422275834002
17.299999999999976,-2.5840650545809285,1134.8346098148902,828.375924158781,-0.1745,57.52056124308502,-9.135611460504467,0.165,-2.055868401704414,0.7756422275834002
17.399999999999977,-2.5903198744857265,1140.589477660473,827.4605607139777,-0.1745,57.576795668570334,-9.171657435561515,0.165,-2.055868401704414,0.7756422275834002
17.49999999999998,-2.5941881968921683,1146.3500321045688,826.5420901707679,-0.1745,57.63429321334662,-9.19775342863464,0.165,-2.055868401704414,0.7756422275834002
17.59999999999998,-2.5964088202054296,1152.1163769930224,825.6213550024765,-0.1745,57.69260455572716,-9.216949937192272,0.165,-2.055868401704414,0.7756422275834002
17.69999999999998,-2.5974936035437555,1157.8885781591673,824.6989392969801,-0.1745,57.7514187671725,-9.231364172736484,0.165,-2.055868401704414,0.7756422275834002
17.799999999999983,-2.5977969854692864,1163.6666751295704,823.7752478514481,-0.1745,57.810520640889195,-9.242464737904495,0.165,-2.055868401704414,0.7756422275834002
17.899999999999984,-2.597564268691755,1169.4506892235684,822.8505611259291,-0.1745,57.86976123907017,-9.251269772476226,0.165,-2.055868401704414,0.7756422275834002
17.999999999999986,-2.59696513474914,1175.2406291618154,821.9250733994612,-0.1745,57.92903752586936,-9.258484756880385,0.165,-2.055868401704414,0.7756422275834002
18.099999999999987,-2.596116893040281,1181.0364949514521,820.9989192475658,-0.1745,57.98827826686494,-9.264598281027661,0.165,-2.055868401704414,0.7756422275834002
18.19999999999999,-2.595100599807064,1186.8382805778149,820.0721919056147,-0.1745,58.04743426039159,-9.269948557996624,0.165,-2.055868401704414,0.7756422275834002
18.29999999999999,-2.5939722279597826,1192.6459758692208,819.1449559980924,-0.1745,58.10647156772592,-9.274769592448296,0.165,-2.055868401704414,0.7756422275834002
18.39999999999999,-2.592770403504356,1198.4595677886628,818.2172563579892,-0.1745,58.16536682111076,-9.279223209616202,0.165,-2.055868401704414,0.7756422275834002
18.499999999999993,-2.5915217613670833,1204.2790413283249,817.289124134321,-0.1745,58.2241039721328,-9.283421263746627,0.165,-2.055868401704414,0.7756422275834002
18.599999999999994,-2.5904297977574595,1210.104380128868,816.3605810196589,-0.1745,58.282672038728556,-9.287441029495923,0.165,-2.055868401704414,0.7756422275834002
18.699999999999996,-2.588750338689763,1215.937191850257,815.4313557090072,-0.1745,58.37356238905515,-9.297065183537368,0.495,-2.055868401704414,0.7756422275834002
18.799999999999997,-2.5871866394789333,1221.7774615463761,814.5015164437779,-0.1745,58.43183153332644,-9.299720121049035,0.165,-2.055868401704414,0.7756422275834002
18.9,-2.585706284731264,1227.6235462861223,813.5713969113385,-0.1745,58.48986326159675,-9.302670527738602,0.165,-2.055868401704414,0.7756422275834002
19.0,-2.5842869265829247,1233.475423035739,812.6409722658412,-0.1745,58.54767173073349,-9.305822382207062,0.165,-2.055868401704414,0.7756422275834002
19.1,-2.5829131564552914,1239.3330699631833,811.7102256036527,-0.1745,58.60526681815657,-9.309110861563004,0.165,-2.055868401704414,0.7756422275834002
19.200000000000003,-2.5815743468592256,1245.1964660764695,810.779145496141,-0.1745,58.66265544756535,-9.312491288669554,0.165,-2.055868401704414,0.7756422275834002
19.300000000000004,-2.580263163080409,1251.0655909741033,809.8477242876975,-0.1745,58.719842505111835,-9.31593288020197,0.165,-2.055868401704414,0.7756422275834002
19.400000000000006,-2.5789745372628308,1256.9404246729696,808.9159569221455,-0.1745,58.77683147221372,-9.319414430838364,0.165,-2.055868401704414,0.7756422275834002
19.500000000000007,-2.578093747416114,1262.8209474897017,807.9838401338395,-0.1745,58.833624862429076,-9.322921335281197,0.165,-2.055868401704414,0.7756422275834002
19.60000000000001,-2.5760685317754644,1268.7104144637563,807.0507946179833,-0.1745,58.95571461866214,-9.337988981841724,0.8300000000000001,-2.055868401704414,0.7756422275834002
19.70000000000001,-1.8484623963072835,1274.6088121843306,806.1169353800542,-0.1745,59.01223979282453,-9.339195776740986,0.165,-2.055868401704414,0.7756422275834002
19.80000000000001,-2.0783038612538145,1280.5110397592193,805.292413855394,-0.06225,59.03231170495112,-7.151234716462675,0.8300000000000001,-2.055868401704414,0.7756422275834002
19.900000000000013,-2.2358256114592305,1286.411775601712,804.5432154584954,-0.1745,58.98240514489979,-7.832733221509623,0.165,-2.055868401704414,0.7756422275834002
20.000000000000014,-2.3435583749260998,1292.30925613263,803.7364540800971,-0.1745,58.96720547346033,-8.302494346454875,0.165,-2.055868401704414,0.7756422275834002
20.100000000000016,-2.417059034087276,1298.2063692369256,802.8900098023702,-0.1745,58.975056612454054,-8.626391208085138,0.165,-2.055868401704414,0.7756422275834002
20.200000000000017,-2.467050230809906,1304.105039077572,802.0161960437255,-0.1745,58.998340200474395,-8.849883964809651,0.165,-2.055868401704414,0.7756422275834002
20.30000000000002,-2.5009116060462864,1310.0065561838665,801.1234853923357,-0.1745,59.03200192541558,-9.004329062985244,0.165,-2.055868401704414,0.7756422275834002
20.40000000000002,-2.523715865332656,1315.9117889474644,800.2177023301956,-0.1745,59.07265334654544,-9.111332179817994,0.165,-2.055868401704414,0.7756422275834002
20.50000000000002,-2.5389464669620514,1321.821321935362,799.3028475295753,-0.1745,59.11800641140808,-9.185763832589714,0.165,-2.055868401704414,0.7756422275834002
20.600000000000023,-2.5489935371515067,1327.735547683027,798.3816669110615,-0.1745,59.166508541895176,-9.23784853768418,0.165,-2.055868401704414,0.7756422275834002
20.700000000000024,-2.392712672494056,1333.654728250223,797.4560439772426,-0.1745,59.2171028020211,-9.274610138692566,0.165,-2.055868401704414,0.7756422275834002
20.800000000000026,-2.448496175357109,1339.582309164169,796.5514641423614,-0.1495,59.33451547689979,-8.816986558933129,0.495,-2.055868401704414,0.7756422275834002
20.900000000000027,-2.486253435953768,1345.5172504310583,795.6611559137405,-0.1745,59.36430986088623,-8.98917801348529,0.165,-2.055868401704414,0.7756422275834002
21.00000000000003,-2.34854745144521,1351.455567039397,794.7562938974768,-0.1745,59.40202230588837,-9.108062311787167,0.165,-2.055868401704414,0.7756422275834002
21.10000000000003,-2.4171756761673264,1357.4029762235223,793.8654196506038,-0.1495,59.54616137661795,-8.709422625671818,0.8300000000000001,-2.055868401704414,0.7756422275834002
21.20000000000003,-2.4636591555867184,1363.358751306584,792.9839399353448,-0.1745,59.56934028461907,-8.920171679509917,0.165,-2.055868401704414,0.7756422275834002
21.300000000000033,-2.495015068765667,1369.3173380531648,792.0846695249804,-0.1745,59.60239464699785,-9.065236527777468,0.165,-2.055868401704414,0.7756422275834002
21.400000000000034,-2.5160455524706196,1375.2795614747195,791.1731392650514,-0.1745,59.64207378409424,-9.16536867080343,0.165,-2.055868401704414,0.7756422275834002
21.500000000000036,-2.530033796201021,1381.2459746468646,790.2531315109505,-0.1745,59.68618965881017,-9.23478641121327,0.165,-2.055868401704414,0.7756422275834002
21.600000000000037,-2.53922272848237,1387.2169472665917,789.3272310771663,-0.1745,59.733262735729205,-9.283222264471643,0.165,-2.055868401704414,0.7756422275834002
21.70000000000004,-2.5451435872295924,1393.192724880482,788.3972033338079,-0.1745,59.7822895420806,-9.317332602696373,0.165,-2.055868401704414,0.7756422275834002
21.80000000000004,-2.5488411231393937,1399.1734687667556,787.4642533722761,-0.1745,59.83258818339215,-9.341666627939956,0.165,-2.055868401704414,0.7756422275834002
21.90000000000004,-2.551027778031281,1405.1592829139934,786.5292034680205,-0.1745,59.88369476136375,-9.359331457173111,0.165,-2.055868401704414,0.7756422275834002
22.000000000000043,-2.552189140713005,1411.15023232701,785.5926144922004,-0.1745,59.935293498968115,-9.372448059228393,0.165,-2.055868401704414,0.7756422275834002
22.100000000000044,-2.552656022249532,1417.1463554724685,784.6548689145227,-0.1745,59.98716941020431,-9.382463494324464,0.165,-2.055868401704414,0.7756422275834002
22.200000000000045,-2.5526536846944174,1423.1476727506617,783.7162275116333,-0.1745,60.03917615366164,-9.390364563463633,0.165,-2.055868401704414,0.7756422275834002
22.300000000000047,-1.8140393044209224,1429.1541922663905,782.7768680888338,-0.1745,60.09121416091429,-9.396823892526841,0.165,-2.055868401704414,0.7756422275834002
22.40000000000005,-2.0526821784817373,1435.164259458622,781.9502165284923,-0.06225,60.110129683712636,-7.1362073143037215,0.8300000000000001,-2.055868401704414,0.7756422275834002
22.50000000000005,-2.215041502942998,1441.172254234999,781.2006324632933,-0.1745,60.049765843826016,-7.855473989676317,0.165,-2.055868401704414,0.7756422275834002
22.60000000000005,-2.325293497937548,1447.1760930418993,780.390494536146,-0.1745,60.02701029418213,-8.34728455326987,0.165,-2.055868401704414,0.7756422275834002
22.700000000000053,-2.399998408465848,1453.178894249075,779.5389472294277,-0.1745,60.02901384933402,-8.683661581096615,0.165,-2.055868401704414,0.7756422275834002
22.800000000000054,-2.4504801939775516,1459.182717874979,778.6590692669641,-0.1745,60.047458668745485,-8.913897668174743,0.165,-2.055868401704414,0.7756422275834002
22.900000000000055,-2.4844709622987717,1465.1889345514458,777.7597885291412,-0.1745,60.076874860589506,-9.071717088283641,0.165,-2.055868401704414,0.7756422275834002
23.000000000000057,-2.5072439932754556,1471.1984595884883,776.8471941447309,-0.1745,60.11362588025886,-9.180170599922414,0.165,-2.055868401704414,0.7756422275834002
23.10000000000006,-2.522392166620272,1477.211904677602,775.9254357711516,-0.1745,60.155275902012974,-9.254996871664236,0.165,-2.055868401704414,0.7756422275834002
23.20000000000006,-2.53236148221629,1483.2296777288802,774.9973393509,-0.1745,60.200185123550774,-9.306931533366793,0.165,-2.055868401704414,0.7756422275834002
23.30000000000006,-2.53881602405244,1489.252049282644,774.0648282069734,-0.1745,60.24724595172417,-9.343291345164817,0.165,-2.055868401704414,0.7756422275834002
23.400000000000063,-2.5428872455473543,1495.2791970142277,773.1292106730481,-0.1745,60.29570867994753,-9.369059333340926,0.165,-2.055868401704414,0.7756422275834002
23.500000000000064,-2.5453440409200905,1501.3112357080704,772.1913763564296,-0.1745,60.34506519690432,-9.387626999029571,0.165,-2.055868401704414,0.7756422275834002
23.600000000000065,-2.546708664639442,1507.3482375127594,771.2519299397113,-0.1745,60.39497089687698,-9.401301335337171,0.165,-2.055868401704414,0.7756422275834002
23.700000000000067,-2.5473356802179996,1513.3902456580558,770.3112823318834,-0.1745,60.44519200905414,-9.41165082122103,0.165,-2.055868401704414,0.7756422275834002
23.800000000000068,-2.5474656943694036,1519.4372837568642,769.3697127243845,-0.1745,60.495569967112516,-9.419741328756121,0.165,-2.055868401704414,0.7756422275834002
23.90000000000007,-2.547261908666525,1525.489362118245,768.4274108152231,-0.1745,60.545997260505715,-9.426296854473083,0.165,-2.055868401704414,0.7756422275834002
24.00000000000007,-1.8033113347628904,1531.5464820336929,767.4845055243649,-0.1745,60.59640104844928,-9.431808962691932,0.165,-2.055868401704414,0.7756422275834002
24.100000000000072,-2.0455881517557546,1537.6053648849559,766.6563060736588,-0.06225,60.58125597680858,-7.1321800514290405,0.495,-2.055868401704414,0.7756422275834002
24.200000000000074,-2.209886060054797,1543.660244476304,765.9063165992073,-0.1745,60.51633585015394,-7.867609437599668,0.165,-2.055868401704414,0.7756422275834002
24.300000000000075,-2.321102577331294,1549.7105763318127,765.0945017287418,-0.1745,60.49030126002156,-8.368687971712943,0.165,-2.055868401704414,0.7756422275834002
24.400000000000077,-2.39623205190654,1555.7595798159875,764.2405578552307,-0.1745,60.48976842347536,-8.710189498508017,0.165,-2.055868401704414,0.7756422275834002
24.500000000000078,-2.4468546984467956,1561.8093737141608,763.3578932431667,-0.1745,60.50610953998822,-8.943102742772924,0.165,-2.055868401704414,0.7756422275834002
24.60000000000008,-2.4808501060514123,1567.8613628228,762.4556287236686,-0.1745,60.53367263279599,-9.10218764718881,0.165,-2.055868401704414,0.7756422275834002
24.70000000000008,-2.5035735256363796,1573.9164821427335,761.5399634033186,-0.1745,60.568713765874925,-9.211118759812885,0.165,-2.055868401704414,0.7756422275834002
24.800000000000082,-2.518661099712495,1579.9753545320195,760.6151072739542,-0.1745,60.608734019845976,-9.286003827474497,0.165,-2.055868401704414,0.7756422275834002
24.900000000000084,-2.5285797749069303,1586.038394080264,759.6839174919749,-0.1745,60.65205694504186,-9.337791812111918,0.165,-2.055868401704414,0.7756422275834002
25.000000000000085,-2.5350021412947465,1592.105874631616,758.7483319563315,-0.1745,60.69755408199825,-9.373918900755255,0.165,-2.055868401704414,0.7756422275834002
25.100000000000087,-2.5390615582984695,1598.1779755462405,757.8096644156872,-0.1745,60.74446421049372,-9.39943191213173,0.165,-2.055868401704414,0.7756422275834002
25.200000000000088,-2.5417476378184163,1604.2548124155446,756.8688051241367,-0.1745,60.79227317559016,-9.417753918878022,0.165,-2.055868401704414,0.7756422275834002
25.30000000000009,-2.5427631648447298,1610.3380826896198,755.9260706925606,-0.1745,60.873132305914304,-9.436934712642861,0.495,-2.055868401704414,0.7756422275834002
25.40000000000009,-2.5431771053813357,1616.4278325137295,754.9819272170704,-0.1745,60.921864176282334,-9.445934797162597,0.165,-2.055868401704414,0.7756422275834002
25.500000000000092,-2.5431875380275333,1622.5224606420195,754.0369768379458,-0.1745,60.97069838951892,-9.453072785329105,0.165,-2.055868401704414,0.7756422275834002
25.600000000000094,-2.5429283306630515,1628.6219728402382,753.0913757230093,-0.1745,61.019545574853645,-9.458949513401455,0.165,-2.055868401704414,0.7756422275834002
25.700000000000095,-2.542489914351437,1634.7263673901143,752.1452296754993,-0.1745,61.06834542266966,-9.463971436798268,0.165,-2.055868401704414,0.7756422275834002
25.800000000000097,-2.5419333482364044,1640.8356375256994,751.1986104334328,-0.1745,61.1170572890309,-9.468413404530798,0.165,-2.055868401704414,0.7756422275834002
25.900000000000098,-2.541299838080503,1646.9497730819462,750.2515667033092,-0.1745,61.16565383590493,-9.472461197941017,0.165,-2.055868401704414,0.7756422275834002
26.0000000000001,-2.5410670426281183,1653.0687616100504,749.304131626207,-0.1745,61.21411672617746,-9.476240344103791,0.165,-2.055868401704414,0.7756422275834002
26.1000000000001,-2.539607564984948,1659.1958636366417,748.3557505554141,-0.1745,61.32792380565018,-9.491381071752233,0.8300000000000001,-2.055868401704414,0.7756422275834002
26.200000000000102,-2.538378238436094,1665.3310697190834,747.4065556784252,-0.1745,61.3761978431839,-9.492516468025721,0.165,-2.055868401704414,0.7756422275834002
26.300000000000104,-2.537760138419076,1671.4710895851017,746.4572137092987,-0.1745,61.42419947718381,-9.494322914505714,0.165,-2.055868401704414,0.7756422275834002
26.400000000000105,-2.5360527760378613,1677.6191721779282,745.5070913554031,-0.1745,61.537452379347975,-9.508124163405693,0.8300000000000001,-2.055868401704414,0.7756422275834002
26.500000000000107,-2.535125692742101,1683.7753002863817,744.556267912032,-0.1745,61.58510978972224,-9.508344704015617,0.165,-2.055868401704414,0.7756422275834002
26.600000000000108,-2.5332196784787597,1689.9394529324877,743.6047970635678,-0.1745,61.6979431323962,-9.521072265266731,0.8300000000000001,-2.055868401704414,0.7756422275834002
26.70000000000011,-2.5317123122511886,1696.1116066138509,742.6527153662975,-0.1745,61.745130494867226,-9.52056168014114,0.165,-2.055868401704414,0.7756422275834002
26.80000000000011,-2.5304750389283064,1702.288461639269,741.7006249686854,-0.1745,61.79197001349177,-9.52124627210143,0.165,-2.055868401704414,0.7756422275834002
26.900000000000112,-2.529421498835344,1708.4699862050486,740.7484261079809,-0.1745,61.83852130209986,-9.522730941988886,0.165,-2.055868401704414,0.7756422275834002
27.000000000000114,-2.5284936927421153,1714.656153499897,739.7960520548963,-0.1745,61.884824594871404,-9.52475011970317,0.165,-2.055868401704414,0.7756422275834002
27.100000000000115,-2.527652676608121,1720.8469400836618,738.8434582809056,-0.1745,61.930907080425236,-9.5271253601121,0.165,-2.055868401704414,0.7756422275834002
27.200000000000117,-2.5268723050675828,1727.0423247961935,737.8906151728505,-0.1745,61.97678717020722,-9.529736800989701,0.165,-2.055868401704414,0.7756422275834002
27.300000000000118,-2.5261350262096194,1733.242288023357,736.9375031349138,-0.1745,62.02247737306512,-9.532503957745568,0.165,-2.055868401704414,0.7756422275834002
27.40000000000012,-2.5254290560817125,1739.446811203516,735.9841092967747,-0.1745,62.0679862301121,-9.535372805036062,0.165,-2.055868401704414,0.7756422275834002
27.50000000000012,-2.354534974770206,1745.6558764958443,735.030425302011,-0.1745,62.113319616450475,-9.538307090237355,0.165,-2.055868401704414,0.7756422275834002
27.600000000000122,-2.4106504544349505,1751.8713968115264,734.1032020746991,-0.1495,62.19708669719319,-9.00615745600258,0.165,-2.055868401704414,0.7756422275834002
27.700000000000124,-2.447980946739948,1758.092015857643,733.1936241091186,-0.1745,62.21529422514011,-9.185401855608779,0.165,-2.055868401704414,0.7756422275834002
27.800000000000125,-2.4727351352536244,1764.3148970003285,732.2690334193761,-0.1745,62.24232862857126,-9.306411939239405,0.165,-2.055868401704414,0.7756422275834002
27.900000000000126,-1.7266950321676648,1770.5407721550116,731.3342932722834,-0.1745,62.27517446508844,-9.388391002614673,0.165,-2.055868401704414,0.7756422275834002
28.000000000000128,-1.9924437277430693,1776.7658446474306,730.5139831616375,-0.06225,62.22627538329092,-7.017811210302067,0.165,-2.055868401704414,0.7756422275834002
28.10000000000013,-2.170641288392623,1782.984126498538,729.7708834478221,-0.1745,62.13936163885718,-7.844183066004017,0.165,-2.055868401704414,0.7756422275834002
28.20000000000013,-2.2899508294021507,1789.1959966204956,728.9586615882018,-0.1745,62.0980408002956,-8.400254126401128,0.165,-2.055868401704414,0.7756422275834002
28.300000000000132,-2.3697006185702696,1795.405207781267,728.0999219231054,-0.1745,62.086182415134445,-8.774539175527828,0.165,-2.055868401704414,0.7756422275834002
28.400000000000134,-2.422903124856038,1801.6141949506014,727.2098637554976,-0.1745,62.09356097154971,-9.026624176628696,0.165,-2.055868401704414,0.7756422275834002
28.500000000000135,-2.458306481177584,1807.8245518426709,726.2987012089704,-0.1745,62.11357686984211,-9.19662675391469,0.165,-2.055868401704414,0.7756422275834002
28.600000000000136,-2.4817851934735518,1814.0373265872802,725.3732930362262,-0.1745,62.141918022342324,-9.311536700971352,0.165,-2.055868401704414,0.7756422275834002
28.700000000000138,-2.4972804277874316,1820.253209660981,724.4382414703892,-0.1745,62.17574345167417,-9.389494615766385,0.165,-2.055868401704414,0.7756422275834002
28.80000000000014,-2.5074342925949016,1826.4726553840173,723.4966326219813,-0.1745,62.21317100905448,-9.44268235239244,0.165,-2.055868401704414,0.7756422275834002
28.90000000000014,-2.5140169125005283,1832.6959613967476,722.5505348080745,-0.1745,62.25294924555211,-9.479273925743264,0.165,-2.055868401704414,0.7756422275834002
29.000000000000142,-2.518213572611633,1838.9233210665611,721.6013335901031,-0.1745,62.29424415071924,-9.504750433686107,0.165,-2.055868401704414,0.7756422275834002
29.100000000000144,-2.52081756655196,1845.154858231003,720.6499568121317,-0.1745,62.336499138114476,-9.522785125742613,0.165,-2.055868401704414,0.7756422275834002
29.200000000000145,-2.522359601204257,1851.390650312185,719.6970256332437,-0.1745,62.37934248552655,-9.535838452016204,0.165,-2.055868401704414,0.7756422275834002
29.300000000000146,-1.759088821100974,1857.6307437296798,718.7429558232691,-0.1745,62.42252586436817,-9.54555774747497,0.165,-2.055868401704414,0.7756422275834002
29.400000000000148,-2.0158364292150392,1863.8704812096853,717.910012578452,-0.06225,62.372223735740704,-7.113307148867497,0.165,-2.055868401704414,0.7756422275834002
29.50000000000015,-2.187782903450905,1870.1035496493894,717.1586592645664,-0.1745,62.289145058342264,-7.9137591288450775,0.165,-2.055868401704414,0.7756422275834002
29.60000000000015,-2.132737028999327,1876.3305160779303,716.3403837568051,-0.1745,62.25018351247356,-8.451751026380522,0.165,-2.055868401704414,0.7756422275834002
29.700000000000152,-2.2657585154661826,1882.5592686511386,715.5035099894503,-0.1495,62.324867951694664,-8.285724320714431,0.495,-2.055868401704414,0.7756422275834002
29.800000000000153,-2.3545807554281333,1888.7907705436562,714.6540417233497,-0.1745,62.30516989865891,-8.703641001298404,0.165,-2.055868401704414,0.7756422275834002
29.900000000000155,-2.4137836284547802,1895.0213896567423,713.7696311744995,-0.1745,62.30721236306071,-8.984569975704368,0.165,-2.055868401704414,0.7756422275834002
30.000000000000156,-1.689749623678081,1901.2529250498746,712.8617217242643,-0.1745,62.3234954995888,-9.173619029000537,0.165,-2.055868401704414,0.7756422275834002
30.100000000000158,-1.9709124521245163,1907.484557444934,712.0592053943969,-0.06225,62.30915240159412,-6.876707568346527,0.495,-2.055868401704414,0.7756422275834002
30.20000000000016,-2.159396863862008,1913.7106937669457,711.3277919837124,-0.1745,62.21357403864352,-7.75156064534416,0.165,-2.055868401704414,0.7756422275834002
30.30000000000016,-2.2855641691185857,1919.9297052492639,710.5232170507926,-0.1745,62.16665560771767,-8.339938013051283,0.165,-2.055868401704414,0.7756422275834002
30.400000000000162,-2.2001240487685707,1926.145593379106,709.6694327554062,-0.1745,62.1511069891242,-8.735747894675821,0.165,-2.055868401704414,0.7756422275834002
30.500000000000163,-2.312296785350477,1932.3666700560063,708.8086547667348,-0.1495,62.27042654888356,-8.479811878753194,0.8300000000000001,-2.055868401704414,0.7756422275834002
30.600000000000165,-2.387166599725567,1938.5932541167915,707.9430187684085,-0.1745,62.26125466682193,-8.832908087772486,0.165,-2.055868401704414,0.7756422275834002
30.700000000000166,-2.4370406378505223,1944.819828076288,707.0478518052062,-0.1745,62.27022452310804,-9.070431176273816,0.165,-2.055868401704414,0.7756422275834002
30.800000000000168,-2.470180063839787,1951.0478945297566,706.1328083682536,-0.1745,62.29110454626106,-9.230437562778675,0.165,-2.055868401704414,0.7756422275834002
30.90000000000017,-2.4921240509121363,1957.2784408776465,705.2043619134067,-0.1745,62.3198224115369,-9.338491534157757,0.165,-2.055868401704414,0.7756422275834002
31.00000000000017,-2.506583352291698,1963.5121167942643,704.2668498537627,-0.1745,62.35369592082135,-9.411749658723043,0.165,-2.055868401704414,0.7756422275834002
31.100000000000172,-2.5160420402249244,1969.7493490529885,703.323176575789,-0.1745,62.39094925365995,-9.46171590074905,0.165,-2.055868401704414,0.7756422275834002
31.200000000000173,-2.522162008277045,1975.990416650344,702.3752858725868,-0.1745,62.430402693453075,-9.496098163294862,0.165,-2.055868401704414,0.7756422275834002
31.300000000000175,-2.5260545153943785,1982.2355003276646,701.4244780854506,-0.1745,62.47127085295782,-9.520057579429714,0.165,-2.055868401704414,0.7756422275834002
31.400000000000176,-2.528462281526134,1988.4847153803698,700.4716228028213,-0.1745,62.51303020114762,-9.537048073153853,0.165,-2.055868401704414,0.7756422275834002
31.500000000000178,-2.529881497701169,1994.7381334667118,699.517301401967,-0.1745,62.55533152569356,-9.549379943934303,0.165,-2.055868401704414,0.7756422275834002
31.60000000000018,-2.5306435213947225,2000.9957971349816,698.5619025123012,-0.1745,62.59794183970149,-9.558597849380973,0.165,-2.055868401704414,0.7756422275834002
31.70000000000018,-2.5309695469156823,2007.2577295130068,697.6056859137894,-0.1745,62.64070572080515,-9.56573412085386,0.165,-2.055868401704414,0.7756422275834002
31.800000000000182,-2.53100717266531,2013.5239407758868,696.6488252865139,-0.1745,62.68351953679409,-9.57147842465603,0.165,-2.055868401704414,0.7756422275834002
31.900000000000183,-2.5308548489699048,2019.7944324649209,695.6914367985727,-0.1745,62.7263142438863,-9.576291334168484,0.165,-2.055868401704414,0.7756422275834002
32.000000000000185,-2.5305782165406407,2026.0692003720835,694.7335982158713,-0.1745,62.76904389936563,-9.58048031985931,0.165,-2.055868401704414,0.7756422275834002
32.100000000000186,-2.530221021252289,2032.3482364664535,693.7753616712945,-0.1745,62.811677988034596,-9.58425057167638,0.165,-2.055868401704414,0.7756422275834002
32.20000000000019,-2.5298124029906743,2038.6315301806485,692.8167621939268,-0.1745,62.854196295866664,-9.58773897567798,0.165,-2.055868401704414,0.7756422275834002
32.30000000000019,-2.529371761379793,2044.919069269718,691.8578234041408,-0.1745,62.896585485523495,-9.591036820042042,0.165,-2.055868401704414,0.7756422275834002
32.40000000000019,-2.5289120028020085,2051.2108403844486,690.8985613149605,-0.1745,62.93883680909081,-9.594204963565417,0.165,-2.055868401704414,0.7756422275834002
32.50000000000019,-2.5284417064705975,2057.5068294539383,689.9389868685219,-0.1745,62.980944580704985,-9.597283965207966,0.165,-2.055868401704414,0.7756422275834002
32.60000000000019,-2.5279665689163506,2063.8070219408173,688.9791076279487,-0.1745,63.02290515687269,-9.600300846255163,0.165,-2.055868401704414,0.7756422275834002
32.700000000000195,-2.5274903669467026,2070.111403011457,688.0189289054874,-0.1745,63.06471625591878,-9.603273602970303,0.165,-2.055868401704414,0.7756422275834002
32.800000000000196,-2.5270155993826022,2076.419957649448,687.0584545144872,-0.1745,63.10637650390888,-9.606214217036241,0.165,-2.055868401704414,0.7756422275834002
32.9000000000002,-2.5265439145836837,2082.7326707312322,686.0976872704765,-0.1745,63.147885131772924,-9.609130663177114,0.165,-2.055868401704414,0.7756422275834002
33.0000000000002,-2.5260763951712466,2089.049527076488,685.1366293249395,-0.1745,63.189241773344925,-9.612028247564009,0.165,-2.055868401704414,0.7756422275834002
33.1000000000002,-2.525613747585303,2095.370511481692,684.1752823875722,-0.1745,63.230446330736484,-9.614910499781633,0.165,-2.055868401704414,0.7756422275834002
33.2000000000002,-2.525648414226658,2101.69560874246,683.2136478742295,-0.1745,63.2714988846227,-9.61777976707265,0.165,-2.055868401704414,0.7756422275834002
33.3000000000002,-2.5244705378629044,2108.028078173202,682.2511497329934,-0.1745,63.377889730222535,-9.632183057649476,0.8300000000000001,-2.055868401704414,0.7756422275834002
33.400000000000205,-2.523546922972484,2114.3679098896905,681.2879062667855,-0.1745,63.418744599547445,-9.632686266509202,0.165,-2.055868401704414,0.7756422275834002
33.500000000000206,-2.522793844795514,2120.711813620314,680.3245736589957,-0.1745,63.45933001292452,-9.63396588928536,0.165,-2.055868401704414,0.7756422275834002
33.60000000000021,-2.5221557748464636,2127.0597644405457,679.3610874871155,-0.1745,63.499686391709346,-9.635757548320935,0.165,-2.055868401704414,0.7756422275834002
33.70000000000021,-2.5215958923593584,2133.411740795756,678.3974053182624,-0.1745,63.53984071249855,-9.637885828740218,0.165,-2.055868401704414,0.7756422275834002
33.80000000000021,-2.521089785051001,2139.767723382431,677.4334993078875,-0.1745,63.579811021000616,-9.64023437875749,0.165,-2.055868401704414,0.7756422275834002
33.90000000000021,-2.520621268458023,2146.1276944051247,676.4693512865945,-0.1745,63.619609432872174,-9.642726047102451,0.165,-2.055868401704414,0.7756422275834002
34.00000000000021,-2.520179612171087,2152.4916370831547,675.5049494996332,-0.1745,63.65924412772569,-9.645309692123048,0.165,-2.055868401704414,0.7756422275834002
34.100000000000215,-2.519757700076841,2158.8595353232186,674.5402864438131,-0.1745,63.69872067355094,-9.647951424278533,0.165,-2.055868401704414,0.7756422275834002
34.200000000000216,-2.5193508104772135,2165.231373502199,673.5753574329102,-0.1745,63.73804290605372,-9.650628793780097,0.165,-2.055868401704414,0.7756422275834002
34.30000000000022,-2.518955807478591,2171.6071363231154,672.610159646515,-0.1745,63.77721351227179,-9.65332693412597,0.165,-2.055868401704414,0.7756422275834002
34.40000000000022,-2.518570605161434,2177.9868087196182,671.6446914996008,-0.1745,63.81623441778415,-9.656036004158365,0.165,-2.055868401704414,0.7756422275834002
34.50000000000022,-2.5181938126189745,2184.3703757926837,670.6789522247957,-0.1745,63.855107043523674,-9.658749491942466,0.165,-2.055868401704414,0.7756422275834002
34.60000000000022,-2.5178244988851883,2190.757822768662,669.7129415956759,-0.1745,63.89383247604847,-9.66146309045299,0.165,-2.055868401704414,0.7756422275834002
34.70000000000022,-2.5174620373067818,2197.1491349714843,668.7466597435268,-0.1745,63.93241158039722,-9.6641739525286,0.165,-2.055868401704414,0.7756422275834002
34.800000000000225,-2.517106002542019,2203.5442978042474,667.780107036035,-0.1745,63.97084507486437,-9.666880197307787,0.165,-2.055868401704414,0.7756422275834002
34.900000000000226,-2.516756102410839,2209.943296737017,666.8132839970015,-0.1745,64.00913358052763,-9.669580583362638,0.165,-2.055868401704414,0.7756422275834002
35.00000000000023,-2.516412132817565,2216.3461172987454,665.8461912532185,-0.1745,64.0472776540412,-9.672274292295993,0.165,-2.055868401704414,0.7756422275834002
35.10000000000023,-2.516073947943647,2222.7527450719144,664.8788294993279,-0.1745,64.08527780934101,-9.67496078551508,0.165,-2.055868401704414,0.7756422275834002
35.20000000000023,-2.5157414405434326,2229.1631656889817,663.9111994745789,-0.1745,64.12313453200552,-9.67763970946583,0.165,-2.055868401704414,0.7756422275834002
35.30000000000023,-2.5154145289222534,2235.5773648300196,662.943301947458,-0.1745,64.16084828875314,-9.6803108329501,0.165,-2.055868401704414,0.7756422275834002
35.40000000000023,-2.515093148333025,2241.995328221143,661.9751377055268,-0.1745,64.19841953372041,-9.682974005676433,0.165,-2.055868401704414,0.7756422275834002
35.500000000000234,-2.5147772452935464,2248.4170416334596,661.0067075487,-0.1745,64.23584871260967,-9.685629130859617,0.165,-2.055868401704414,0.7756422275834002
35.600000000000236,-2.5144667738338597,2254.8424908823613,660.0380122848014,-0.1745,64.27313626542744,-9.688276147112523,0.165,-2.055868401704414,0.7756422275834002
35.70000000000024,-2.51416169301866,2261.2716618270474,659.0690527266216,-0.1745,64.31028262829075,-9.690915016482244,0.165,-2.055868401704414,0.7756422275834002
35.80000000000024,-2.513861965311763,2267.7045403701927,658.0998296899701,-0.1745,64.34728823461718,-9.69354571654777,0.165,-2.055868401704414,0.7756422275834002
35.90000000000024,-2.513567555496532,2274.141112457719,657.1303439923826,-0.1745,64.38415351590773,-9.696168235201647,0.165,-2.055868401704414,0.7756422275834002
36.00000000000024,-2.5132784299632673,2280.5813640786273,656.1605964522622,-0.1745,64.42087890226061,-9.69878256720472,0.165,-2.055868401704414,0.7756422275834002
36.10000000000024,-2.512994556238713,2287.0252812648755,655.1905878883064,-0.1745,64.45746482270738,-9.70138871191191,0.165,-2.055868401704414,0.7756422275834002
36.200000000000244,-2.512715902675298,2293.4728500912825,654.2203191191222,-0.1745,64.4939117054317,-9.70398667177112,0.165,-2.055868401704414,0.7756422275834002
36.300000000000246,-2.512442438245715,2299.9240566754497,653.249790962967,-0.1745,64.53021997791076,-9.706576451332435,0.165,-2.055868401704414,0.7756422275834002
36.40000000000025,-2.5121741324069347,2306.3788871776956,652.2790042375707,-0.1745,64.56639006700566,-9.709158056594074,0.165,-2.055868401704414,0.7756422275834002
36.50000000000025,-2.511910955010013,2312.8373278009967,651.3079597600124,-0.1745,64.60242239901805,-9.71173149457043,0.165,-2.055868401704414,0.7756422275834002
36.60000000000025,-2.5116528762400554,2319.299364790934,650.3366583466336,-0.1745,64.63831739972476,-9.714296773006618,0.165,-2.055868401704414,0.7756422275834002
36.70000000000025,-2.5113998665760526,2325.76498443564,649.3651008129738,-0.1745,64.67407549439766,-9.716853900189594,0.165,-2.055868401704414,0.7756422275834002
36.80000000000025,-2.3344156408116095,2332.234173065751,648.3932879737231,-0.1745,64.7096971078142,-9.719402884822927,0.165,-2.055868401704414,0.7756422275834002
36.900000000000254,-2.395130750560211,2338.7107902179064,647.4498846216221,-0.1495,64.82264593529872,-9.148664157197578,0.495,-2.055868401704414,0.7756422275834002
37.000000000000256,-2.4348687206946753,2345.1932970324724,646.5250363853013,-0.1745,64.82749035602315,-9.348300569218216,0.165,-2.055868401704414,0.7756422275834002
37.10000000000026,-2.460840135465898,2351.6768120196575,645.5836130509675,-0.1745,64.84280938768092,-9.480166117458143,0.165,-2.055868401704414,0.7756422275834002
37.20000000000026,-2.477782488075665,2358.162197452761,644.6312287854921,-0.1745,64.86489927439284,-9.567519192050517,0.165,-2.055868401704414,0.7756422275834002
37.30000000000026,-2.488806202622304,2364.650010467882,643.6715702603874,-0.1745,64.89136102802745,-9.625651310044201,0.165,-2.055868401704414,0.7756422275834002
37.40000000000026,-2.4959522794384092,2371.1406102208366,642.7070572453404,-0.1745,64.92063403106675,-9.664608990896777,0.165,-2.055868401704414,0.7756422275834002
37.50000000000026,-2.500559349562997,2377.6342269354495,641.7392773520904,-0.1745,64.95170026119429,-9.69098887410141,0.165,-2.055868401704414,0.7756422275834002
37.600000000000264,-2.5035050230380342,2384.1310066749757,640.7692718977934,-0.1745,64.98389452932531,-9.709120211839993,0.165,-2.055868401704414,0.7756422275834002
37.700000000000266,-2.5053644537530593,2390.6310404905653,639.7977237374116,-0.1745,65.01678178246614,-9.721842995794285,0.165,-2.055868401704414,0.7756422275834002
37.80000000000027,-2.506514449935083,2397.134383447798,638.8250806096255,-0.1745,65.05007736219034,-9.731019559928068,0.165,-2.055868401704414,0.7756422275834002
37.90000000000027,-2.507201795924896,2403.6410670663145,637.8516360956564,-0.1745,65.08359500813819,-9.737870719454136,0.165,-2.055868401704414,0.7756422275834002
38.00000000000027,-2.5075880684928102,2410.15110746081,636.8775827345846,-0.1745,65.11721288177598,-9.743196501983105,0.165,-2.055868401704414,0.7756422275834002
38.10000000000027,-2.507779023425287,2416.6645106717265,635.903046858137,-0.1745,65.15085133654722,-9.747521026968037,0.165,-2.055868401704414,0.7756422275834002
38.20000000000027,-2.50784385808143,2423.181276156676,634.9281114287451,-0.1745,65.18445836244878,-9.751187560872065,0.165,-2.055868401704414,0.7756422275834002
38.300000000000274,-2.32980264298991,2429.701399077387,633.9528310076824,-0.1745,65.2180000517722,-9.754420860380753,0.165,-2.055868401704414,0.7756422275834002
38.400000000000276,-2.3915863407399134,2436.2288082990744,633.0063368551612,-0.1495,65.33018438197638,-9.175462190043593,0.495,-2.055868401704414,0.7756422275834002
38.50000000000028,-2.431891434016309,2442.761930794645,632.0785756145359,-0.1745,65.33226552943987,-9.379762622462247,0.165,-2.055868401704414,0.7756422275834002
38.60000000000028,-2.4581558249663265,2449.295803784308,631.1338810006002,-0.1745,65.34519426382361,-9.514129656251503,0.165,-2.055868401704414,0.7756422275834002
38.70000000000028,-2.4752470894076235,2455.8313189775668,630.1780372457233,-0.1745,65.36510960134778,-9.602745441287752,0.165,-2.055868401704414,0.7756422275834002
38.80000000000028,-2.4863484950241537,2462.3690505143313,629.2148277052465,-0.1745,65.38952113394235,-9.661445368247401,0.165,-2.055868401704414,0.7756422275834002
38.90000000000028,-2.493540657686411,2468.9093673380976,628.246725840004,-0.1745,65.41681534138526,-9.700591936601407,0.165,-2.055868401704414,0.7756422275834002
39.000000000000284,-2.4981828645633923,2475.4525052995964,627.2753481265186,-0.1745,65.4459438885937,-9.726962333108135,0.165,-2.055868401704414,0.7756422275834002
39.100000000000286,-2.50116280259122,2481.998613718124,626.3017506714493,-0.1745,65.47622448196117,-9.74498676827623,0.165,-2.055868401704414,0.7756422275834002
39.20000000000029,-2.503059976201527,2488.547785573674,625.3266233303866,-0.1745,65.50721262903902,-9.757560052979045,0.165,-2.055868401704414,0.7756422275834002
39.30000000000029,-2.5042525789767094,2495.1000771364947,624.3504166754324,-0.1745,65.5386186273771,-9.766573046106727,0.165,-2.055868401704414,0.7756422275834002
39.40000000000029,-2.504987350701189,2501.6555207503807,623.3734250014327,-0.1745,65.57025365034262,-9.773260433886675,0.165,-2.055868401704414,0.7756422275834002
39.50000000000029,-2.505425220701962,2508.2141331657303,622.3958405700052,-0.1745,65.6019946566483,-9.778428194661663,0.165,-2.055868401704414,0.7756422275834002
39.60000000000029,-2.5056711196015016,2514.775920974649,621.4177890449874,-0.1745,65.63376152172428,-9.78260230569468,0.165,-2.055868401704414,0.7756422275834002
39.700000000000294,-2.5057934443951675,2521.340884156874,620.4393526335001,-0.1745,65.66550212277201,-9.786125924051518,0.165,-2.055868401704414,0.7756422275834002
39.800000000000296,-2.505836764007432,2527.9090183933754,619.4605851936344,-0.1745,65.69718260725342,-9.789222873262053,0.165,-2.055868401704414,0.7756422275834002
39.9000000000003,-1.702508824346335,2534.480316575852,618.4815220947154,-0.1745,65.7287810422828,-9.792039105118128,0.165,-2.055868401704414,0.7756422275834002
40.0000000000003,-1.9844779834113595,2541.0537666194678,617.6365441854505,-0.06225,65.74021983003333,-7.107519080179268,0.8300000000000001,-2.055868401704414,0.7756422275834002
40.1000000000003,-2.168774234979393,2547.621875556768,616.8796319485466,-0.1745,65.62195891597446,-8.030725657899186,0.165,-2.055868401704414,0.7756422275834002
40.2000000000003,-2.2891182071602802,2554.1808932036065,616.0463386001272,-0.1745,65.55839402079711,-8.635141310488065,0.165,-2.055868401704414,0.7756422275834002
40.3000000000003,-2.367633495661158,2560.7352723681443,615.1630332970028,-0.1745,65.52918926995875,-9.030964751999532,0.165,-2.055868401704414,0.7756422275834002
40.400000000000304,-2.4188153984351675,2567.2878233291162,614.2469688654554,-0.1745,65.52182994947819,-9.290323878947332,0.165,-2.055868401704414,0.7756422275834002
40.500000000000306,-2.4521495256902464,2573.840337799187,613.3094297901918,-0.1745,65.52845945194343,-9.460457626326132,0.165,-2.055868401704414,0.7756422275834002
40.60000000000031,-2.4738369924838626,2580.393964745112,612.357792461997,-0.1745,65.54407946654952,-9.572288937570457,0.165,-2.055868401704414,0.7756422275834002
40.70000000000031,-2.4882047910173304,2586.94944282317,611.3968757755879,-0.1745,65.56548209461299,-9.646044790611924,0.165,-2.055868401704414,0.7756422275834002
40.80000000000031,-2.4969942504110096,2593.5088717064596,610.4295397632137,-0.1745,65.62309557117284,-9.700675456872107,0.495,-2.055868401704414,0.7756422275834002
40.90000000000031,-2.5026797741733753,2600.0725578982224,609.4578958317162,-0.1745,65.65062826408025,-9.732203173077435,0.165,-2.055868401704414,0.7756422275834002
41.00000000000031,-2.506344692532842,2606.639069326554,608.4836083924365,-0.1745,65.67960030255139,-9.75354561251609,0.165,-2.055868401704414,0.7756422275834002
41.100000000000314,-2.508695125932765,2613.2085226570894,607.5075187790661,-0.1745,65.70946630815483,-9.768246654891701,0.165,-2.055868401704414,0.7756422275834002
41.200000000000315,-2.5101911776261847,2619.7809895470496,606.5301755723028,-0.1745,65.73987149104836,-9.778617480375127,0.165,-2.055868401704414,0.7756422275834002
41.30000000000032,-2.511132556551549,2626.356512371265,605.5519364558734,-0.1745,65.77058499326043,-9.7861648482143,0.165,-2.055868401704414,0.7756422275834002
41.40000000000032,-1.7075576699502026,2632.9351144517623,604.5730346743788,-0.1745,65.80145661667856,-9.79187078167727,0.165,-2.055868401704414,0.7756422275834002
41.50000000000032,-1.9904807428982016,2639.515829025046,603.7282585643162,-0.06225,65.8128348489936,-7.10365141957527,0.8300000000000001,-2.055868401704414,0.7756422275834002
41.60000000000032,-2.175304072232826,2646.0911485645865,602.9715299390315,-0.1745,65.69355594181278,-8.030921086120246,0.165,-2.055868401704414,0.7756422275834002
41.70000000000032,-2.295931125854123,2652.657291588989,602.1381013891465,-0.1745,65.62930454623901,-8.6376499115785,0.165,-2.055868401704414,0.7756422275834002
41.800000000000324,-2.374592963895665,2659.2187367475617,601.2544808371142,-0.1745,65.59959862520843,-9.034761129067643,0.165,-2.055868401704414,0.7756422275834002
41.900000000000325,-2.4258471976151568,2665.7783088196697,600.3380020813188,-0.1745,65.59184281695175,-9.294813986840765,0.165,-2.055868401704414,0.7756422275834002
42.00000000000033,-2.4214905630794012,2672.337807713773,599.3999962414663,-0.1745,65.59813506511628,-9.465302810209637,0.165,-2.3879081662221475,1.1586075128895261
42.10000000000033,-2.4186436465402648,2678.899266035365,598.4540568910915,-0.1745,65.63103136672588,-9.453484197287162,0.165,-2.3879081662221475,1.1586075128895261
42.20000000000033,-2.416778906351536,2685.4639702736804,597.5090534240976,-0.1745,65.66305339957545,-9.446585142590148,0.165,-2.3879081662221475,1.1586075128895261
42.30000000000033,-2.415553459946567,2692.0318461967086,596.5645801140166,-0.1745,65.6944650609843,-9.442881059028714,0.165,-2.3879081662221475,1.1586075128895261
42.40000000000033,-2.414744489905846,2698.6028413646627,595.6203735339245,-0.1745,65.72543829809872,-9.441250542813343,0.165,-2.3879081662221475,1.1586075128895261
42.500000000000334,-2.4142072305926714,2705.1769175360396,594.6762627789396,-0.1745,65.75608512943518,-9.44096455688512,0.165,-2.3879081662221475,1.1586075128895261
42.600000000000335,-2.413847645772956,2711.754045719828,593.7321370885585,-0.1745,65.78647854633216,-9.44154925073892,0.165,-2.3879081662221475,1.1586075128895261
42.70000000000034,-2.4136046634012565,2718.334202954141,592.7879247906163,-0.1745,65.81666613992381,-9.442696708103133,0.165,-2.3879081662221475,1.1586075128895261
42.80000000000034,-2.413438626897357,2724.917370210031,591.8435796108304,-0.1745,65.84667897788019,-9.444206887616504,0.165,-2.3879081662221475,1.1586075128895261
42.90000000000034,-2.4133237892366792,2731.503531028081,590.8990717733337,-0.1745,65.87653738311855,-9.445949862317255,0.165,-2.3879081662221475,1.1586075128895261
43.00000000000034,-2.4132434357020838,2738.0926706319287,589.9543822169021,-0.1745,65.90625469383741,-9.44784126631484,0.165,-2.3879081662221475,1.1586075128895261
43.10000000000034,-2.4131867154375204,2744.6847753520733,589.0094988369431,-0.1745,65.93583970905664,-9.4498263328659,0.165,-2.3879081662221475,1.1586075128895261
43.200000000000344,-2.413146583584637,2751.2798322514586,588.0644140442973,-0.1745,65.96529827864774,-9.45186952004882,0.165,-2.3879081662221475,1.1586075128895261
43.300000000000345,-2.4131184650420385,2757.8778288822314,587.1191231798132,-0.1745,65.99463433680943,-9.453947769633679,0.165,-2.3879081662221475,1.1586075128895261
43.40000000000035,-2.4130993870030766,2764.478753127752,586.1736234849415,-0.1745,66.02385057360465,-9.456046127800382,0.165,-2.3879081662221475,1.1586075128895261
43.50000000000035,-2.4130874159484867,2771.082593099992,585.2279134335078,-0.1745,66.05294887119685,-9.458154900873831,0.165,-2.3879081662221475,1.1586075128895261
43.60000000000035,-2.4130812923247835,2777.68933707291,584.2819922980409,-0.1745,66.08193058715892,-9.460267808463911,0.165,-2.3879081662221475,1.1586075128895261
43.70000000000035,-2.413080193551699,2784.2989734391886,583.335859868391,-0.1745,66.11079673841833,-9.462380784532792,0.165,-2.3879081662221475,1.1586075128895261
43.80000000000035,-2.413083580315595,2790.9114906821424,582.3895162692012,-0.1745,66.13954812065798,-9.464491199263918,0.165,-2.3879081662221475,1.1586075128895261
43.900000000000354,-2.4130910969029578,2797.5268773574653,581.4429618415301,-0.1745,66.16818538580138,-9.466597354158948,0.165,-2.3879081662221475,1.1586075128895261
44.000000000000355,-2.413102506589543,2804.1451220813697,580.4961970660971,-0.1745,66.19670909228424,-9.468698154500258,0.165,-2.3879081662221475,1.1586075128895261
44.10000000000036,-2.4131176497646694,2810.766213522867,579.5492225135259,-0.1745,66.22511973766184,-9.470792896922703,0.165,-2.3879081662221475,1.1586075128895261
44.20000000000036,-1.5951965141430524,2817.390140398738,578.6020388120961,-0.1745,66.25341777975366,-9.47288113167296,0.165,-2.3879081662221475,1.1586075128895261
44.30000000000036,-1.8855675430070362,2824.0143196863123,577.7924684460523,-0.06225,66.23016797173132,-6.718526189202439,0.495,-2.3879081662221475,1.1586075128895261
44.40000000000036,-2.07423954199875,2830.630954332082,577.0727804349503,-0.1745,66.10252494366237,-7.675234032837726,0.165,-2.3879081662221475,1.1586075128895261
44.50000000000036,-2.196728236202326,2837.237707356165,576.2741431543291,-0.1745,66.03253553799853,-8.297511579586715,0.165,-2.3879081662221475,1.1586075128895261
44.600000000000364,-2.276194542860434,2843.839259581977,575.4241484084497,-0.1745,65.99850897823768,-8.702383338001013,0.165,-2.3879081662221475,1.1586075128895261
44.700000000000365,-2.3277205916217523,2850.438544934128,574.540732529603,-0.1745,65.9871980647812,-8.965934238933025,0.165,-2.3879081662221475,1.1586075128895261
44.80000000000037,-2.3611150705591424,2857.037422029815,573.635552281774,-0.1745,65.99034384895809,-9.137670717646767,0.165,-2.3879081662221475,1.1586075128895261
44.90000000000037,-1.5678250412030612,2863.637075544301,572.7161791631872,-0.1745,66.00272644075987,-9.249791654089165,0.165,-2.3879081662221475,1.1586075128895261
45.00000000000037,-1.8698206380166988,2870.236282937986,571.9241873300344,-0.06225,65.98142143293862,-6.590045008965738,0.495,-2.3879081662221475,1.1586075128895261
45.10000000000037,-2.0669556953921933,2876.827794787567,571.2156245399418,-0.1745,65.84881555869227,-7.5812107928869725,0.165,-2.3879081662221475,1.1586075128895261
45.20000000000037,-2.1945229670631794,2883.410657720213,570.4249152479961,-0.1745,65.80844309421764,-8.232975046027422,0.495,-2.3879081662221475,1.1586075128895261
45.300000000000374,-2.2774279806379556,2889.9897235871335,569.5806057979937,-0.1745,65.77287424419677,-8.65321395401966,0.165,-2.3879081662221475,1.1586075128895261
45.400000000000375,-2.3312732358901296,2896.5664090806067,568.7015820464813,-0.1745,65.76083562526412,-8.927261076227024,0.165,-2.3879081662221475,1.1586075128895261
45.50000000000038,-2.36622547205503,2903.1426403510513,567.799911447189,-0.1745,65.76378978362926,-9.106150909621082,0.165,-2.3879081662221475,1.1586075128895261
45.60000000000038,-2.388902395503828,2909.719646683423,566.8834469286772,-0.1745,65.77633686380543,-9.22313946061338,0.165,-2.3879081662221475,1.1586075128895261
45.70000000000038,-2.403608033477437,2916.298215005493,565.9572958547487,-0.1745,65.7950295775977,-9.299882017957476,0.165,-2.3879081662221475,1.1586075128895261
45.80000000000038,-2.41313984799531,2922.878849175181,565.0247782656533,-0.1745,65.81765381616506,-9.350469763951974,0.165,-2.3879081662221475,1.1586075128895261
45.90000000000038,-2.4193151631028496,2929.4618709660685,564.0880514658337,-0.1745,65.84278200158539,-9.38406623243801,0.165,-2.3879081662221475,1.1586075128895261
46.000000000000384,-2.423314079221071,2936.0474846389748,563.1485167823133,-0.1745,65.86949145654215,-9.406627437968703,0.165,-2.3879081662221475,1.1586075128895261
46.100000000000385,-2.4259026344753956,2942.6358184603096,562.2070842629913,-0.1745,65.89718497015375,-9.42202294847035,0.165,-2.3879081662221475,1.1586075128895261
46.20000000000039,-2.4275779290060613,2949.226951493251,561.2643448222221,-0.1745,65.9254756886705,-9.432765866914094,0.165,-2.3879081662221475,1.1586075128895261
46.30000000000039,-2.4286624484116013,2955.8209309247627,560.3206821383465,-0.1745,65.95411294156392,-9.44048781060002,0.165,-2.3879081662221475,1.1586075128895261
46.40000000000039,-2.4293653417775865,2962.417783287305,559.3763453583755,-0.1745,65.98293430928952,-9.446247788818491,0.165,-2.3879081662221475,1.1586075128895261
46.50000000000039,-2.4298222165540717,2969.0175217324536,558.43149632038,-0.1745,66.01183459368,-9.450732971091112,0.165,-2.3879081662221475,1.1586075128895261
46.60000000000039,-2.4301209735107943,2975.6201507475816,557.4862402151258,-0.1745,66.0407457088776,-9.454389133991869,0.165,-2.3879081662221475,1.1586075128895261
46.700000000000394,-2.430318573924585,2982.225669215096,556.5406454889913,-0.1745,66.0696236414062,-9.457505388696475,0.165,-2.3879081662221475,1.1586075128895261
46.800000000000395,-2.430451918700772,2988.834072396747,555.5947567597411,-0.1745,66.09843999161998,-9.460269196308369,0.165,-2.3879081662221475,1.1586075128895261
46.9000000000004,-2.430544905283481,2995.445353220641,554.6486031959055,-0.1745,66.12717648626207,-9.46280208040506,0.165,-2.3879081662221475,1.1586075128895261
47.0000000000004,-2.4306130040833933,3002.059503115881,553.7022039517217,-0.1745,66.15582141852943,-9.465182803269746,0.165,-2.3879081662221475,1.1586075128895261
47.1000000000004,-2.430666225580842,3008.6765125537468,552.7555716914256,-0.1745,66.18436733878976,-9.467462402651417,0.165,-2.3879081662221475,1.1586075128895261
47.2000000000004,-2.430711043570724,3015.2963713985255,551.8087148740324,-0.1745,66.21280955678648,-9.46967394521492,0.165,-2.3879081662221475,1.1586075128895261
47.3000000000004,-2.430751641494781,3021.9190691348817,550.8616392341972,-0.1745,66.24114517033948,-9.471838851488736,0.165,-2.3879081662221475,1.1586075128895261
47.400000000000404,-2.4307907199209056,3028.5445950151784,549.9143487417974,-0.1745,66.26937243559247,-9.473970996506736,0.165,-2.3879081662221475,1.1586075128895261
47.500000000000405,-2.4308300195748407,3035.1729381548976,548.966846223585,-0.1745,66.29749035879033,-9.476079367741194,0.165,-2.3879081662221475,1.1586075128895261
47.600000000000406,-2.430870660047266,3041.804087594423,548.0191337658227,-0.1745,66.32549843171456,-9.478169787504257,0.165,-2.3879081662221475,1.1586075128895261
47.70000000000041,-2.4309133590847183,3048.438032339022,547.0712129750053,-0.1745,66.35339646025983,-9.48024602884358,0.165,-2.3879081662221475,1.1586075128895261
47.80000000000041,-2.4309585745337463,3055.0747613847043,546.1230851466465,-0.1745,66.38118445338506,-9.482310538332298,0.165,-2.3879081662221475,1.1586075128895261
47.90000000000041,-2.4310065961985057,3061.714263734933,545.1747513745236,-0.1745,66.4088625511916,-9.484364904127915,0.165,-2.3879081662221475,1.1586075128895261
48.00000000000041,-2.431057605271815,3068.35652841141,544.2262126213669,-0.1745,66.4364309783524,-9.486410159004702,0.165,-2.3879081662221475,1.1586075128895261
48.10000000000041,-2.4311117127777457,3075.001544461026,543.2774697645917,-0.1745,66.46389001396305,-9.488446976499091,0.165,-2.3879081662221475,1.1586075128895261
48.200000000000415,-2.4311689844322517,3081.6493009603255,542.3285236258747,-0.1745,66.49123997202803,-9.490475797840748,0.165,-2.3879081662221475,1.1586075128895261
48.300000000000416,-2.431229456716714,3088.2997870183685,541.379374990279,-0.1745,66.51848118883309,-9.492496914074385,0.165,-2.3879081662221475,1.1586075128895261
48.40000000000042,-2.431293147267783,3094.952991778549,540.4300246186164,-0.1745,66.54561401477523,-9.494510519178778,0.165,-2.3879081662221475,1.1586075128895261
48.50000000000042,-2.4313600615917177,3101.6089044197415,539.4804732554366,-0.1745,66.57263880907756,-9.496516744417958,0.165,-2.3879081662221475,1.1586075128895261
48.60000000000042,-2.431430197402386,3108.267514157014,538.5307216341881,-0.1745,66.59955593637093,-9.498515680550458,0.165,-2.3879081662221475,1.1586075128895261
48.70000000000042,-2.43150354742323,3114.9288102420564,537.5807704805513,-0.1745,66.62636576448303,-9.500507392185003,0.165,-2.3879081662221475,1.1586075128895261
48.80000000000042,-2.431580101196584,3121.592781963431,536.6306205145892,-0.1745,66.65306866300851,-9.502491927057594,0.165,-2.3879081662221475,1.1586075128895261
48.900000000000425,-2.4316598462516326,3128.259418646701,535.680272452135,-0.1745,66.67966500238418,-9.504469322025159,0.165,-2.3879081662221475,1.1586075128895261
49.000000000000426,-2.431742768858098,3134.9287096544845,534.7297270056869,-0.1745,66.70615515329058,-9.506439606936892,0.165,-2.3879081662221475,1.1586075128895261
49.10000000000043,-2.431828854512362,3141.600644386462,533.7789848849833,-0.1745,66.7325394862647,-9.508402807134077,0.165,-2.3879081662221475,1.1586075128895261
49.20000000000043,-2.4319180882508533,3148.2752122793477,532.8280467973734,-0.1745,66.758818371449,-9.51035894506379,0.165,-2.3879081662221475,1.1586075128895261
49.30000000000043,-2.432333613748535,3154.9524028068417,531.8769134480542,-0.1745,66.78499217842861,-9.512308041320239,0.165,-2.3879081662221475,1.1586075128895261
49.40000000000043,-2.432082999218052,3161.6338304217948,530.9252990742306,-0.1745,66.84356012063147,-9.519979435151617,0.495,-2.3879081662221475,1.1586075128895261
49.50000000000043,-2.4319602229956336,3168.3194870551893,529.9732631487308,-0.1745,66.86957254726093,-9.520739074844455,0.165,-2.3879081662221475,1.1586075128895261
49.600000000000435,-2.4319207855892793,3175.00773655061,529.0211308104165,-0.1745,66.89541736115007,-9.52190769144108,0.165,-2.3879081662221475,1.1586075128895261
49.700000000000436,-2.4319360388074838,3181.6985633068184,528.0688685710885,-0.1745,66.92111776301685,-9.523337095118274,0.165,-2.3879081662221475,1.1586075128895261
49.80000000000044,-2.4319875411688674,3188.3919536361914,527.1164551228245,-0.1745,66.94668882444499,-9.524931870162575,0.165,-2.3879081662221475,1.1586075128895261
49.90000000000044,-1.6058351219341103,3195.087895096361,526.163876999539,-0.1745,66.97214037895006,-9.526630595547367,0.165,-2.3879081662221475,1.1586075128895261
50.00000000000044,-1.9020825237418306,3201.7838931159818,525.351798921256,-0.06225,66.94782001346393,-6.714930970113018,0.495,-2.3879081662221475,1.1586075128895261
50.10000000000044,-2.0935472833317563,3208.471879811878,524.631004115642,-0.1745,66.8119139044574,-7.7009651421678935,0.165,-2.3879081662221475,1.1586075128895261
50.20000000000044,-2.217201694750592,3215.1492904671736,523.829023261444,-0.1745,66.73629920146085,-8.338651941790928,0.165,-2.3879081662221475,1.1586075128895261
50.300000000000445,-2.2970198958040773,3221.8210084443426,522.974531791795,-0.1745,66.69806034192358,-8.751177451190095,0.165,-2.3879081662221475,1.1586075128895261
50.400000000000446,-2.3485260209878227,3228.4900762108086,522.0860647471336,-0.1745,66.68329498739831,-9.018163442037537,0.165,-2.3879081662221475,1.1586075128895261
50.50000000000045,-2.3817599461182586,3235.1584103675095,521.1756004949676,-0.1745,66.68338814661591,-9.191121601282196,0.165,-2.3879081662221475,1.1586075128895261
50.60000000000045,-2.4032082444170393,3241.8272260791955,520.2508761290081,-0.1745,66.69292608710138,-9.30336571790678,0.165,-2.3879081662221475,1.1586075128895261
50.70000000000045,-2.4170585497450845,3248.4972961616854,519.3168865403419,-0.1745,66.70847556269644,-9.376426055417287,0.165,-2.3879081662221475,1.1586075128895261
50.80000000000045,-2.426012739075111,3255.169112261568,518.3768548318856,-0.1745,66.727846434951,-9.424208113709403,0.165,-2.3879081662221475,1.1586075128895261
50.90000000000045,-2.431813264208849,3261.842986399817,517.4328600366437,-0.1745,66.74963633003233,-9.455687791128605,0.165,-2.3879081662221475,1.1586075128895261
51.000000000000455,-2.43558341480517,3268.5191154763374,516.4862428339248,-0.1745,66.77294520037124,-9.476656263248486,0.165,-2.3879081662221475,1.1586075128895261
51.100000000000456,-2.438047098946335,3275.197622466026,515.5378675954304,-0.1745,66.79719459340144,-9.49084850664128,0.165,-2.3879081662221475,1.1586075128895261
51.20000000000046,-2.439670709524073,3281.87858281896,514.5882915411685,-0.1745,66.8220124652704,-9.500672578596015,0.165,-2.3879081662221475,1.1586075128895261
51.30000000000046,-2.4407546516771133,3288.562041415113,513.6378738829939,-0.1745,66.84715945779975,-9.507680584896912,0.165,-2.3879081662221475,1.1586075128895261
51.40000000000046,-2.4414923695261077,3295.248023467339,512.686846220144,-0.1745,66.87248158671906,-9.512872672098672,0.165,-2.3879081662221475,1.1586075128895261
51.50000000000046,-2.4420084002347306,3301.936541538114,511.7353579284771,-0.1745,66.89787982878467,-9.516893161240569,0.165,-2.3879081662221475,1.1586075128895261
51.60000000000046,-2.44238290003626,3308.6276000571647,510.78350541801854,-0.1745,66.92329055222909,-9.520157047930352,0.165,-2.3879081662221475,1.1586075128895261
51.700000000000465,-2.4426674472451912,3315.3211982306407,509.8313509873019,-0.1745,66.94867291728791,-9.522931566401818,0.165,-2.3879081662221475,1.1586075128895261
51.800000000000466,-2.442895222244785,3322.0173319145997,508.8789349706912,-0.1745,66.97400076189207,-9.525388765812036,0.165,-2.3879081662221475,1.1586075128895261
51.90000000000047,-2.443087563726392,3328.715994821459,507.9262835627714,-0.1745,66.9992573752966,-9.527639392583882,0.165,-2.3879081662221475,1.1586075128895261
52.00000000000047,-2.44325819018313,3335.4171792968145,506.9734138571184,-0.1745,67.02443213181279,-9.52975472047689,0.165,-2.3879081662221475,1.1586075128895261
52.10000000000047,-2.443415917498608,3342.1208768195443,506.020337090478,-0.1745,67.04951832278212,-9.531780612330746,0.165,-2.3879081662221475,1.1586075128895261
52.20000000000047,-2.4435664080252955,3348.8270783237053,505.0670607310667,-0.1745,67.0745117604416,-9.53374657589456,0.165,-2.3879081662221475,1.1586075128895261
52.30000000000047,-2.4437132960804893,3355.5357744056773,504.1135898225433,-0.1745,67.09940987899806,-9.535671594573627,0.165,-2.3879081662221475,1.1586075128895261
52.400000000000475,-2.44385891202983,3362.246955457424,503.15992784877164,-0.1745,67.12421115593834,-9.537567880859747,0.165,-2.3879081662221475,1.1586075128895261
52.500000000000476,-2.444004748027872,3368.960611752199,502.20607729012744,-0.1745,67.1489147395618,-9.539443292024174,0.165,-2.3879081662221475,1.1586075128895261
52.60000000000048,-2.4441517575276492,3375.6767334996416,501.25203998129996,-0.1745,67.17352020929147,-9.541302884525658,0.165,-2.3879081662221475,1.1586075128895261
52.70000000000048,-2.4443005478508275,3382.3953108811793,500.2978173413733,-0.1745,67.19802742146034,-9.543149914007802,0.165,-2.3879081662221475,1.1586075128895261
52.80000000000048,-2.4444515039758903,3389.116334072758,499.3434105217481,-0.1745,67.22243641011114,-9.544986478495574,0.165,-2.3879081662221475,1.1586075128895261
52.90000000000048,-2.444604868095724,3395.8397932594235,498.38882050122265,-0.1745,67.24674732319697,-9.546813932013732,0.165,-2.3879081662221475,1.1586075128895261
53.00000000000048,-2.44476079073825,3402.565678644661,497.4340481470961,-0.1745,67.27096038155756,-9.548633150517158,0.165,-2.3879081662221475,1.1586075128895261
53.100000000000485,-2.444919363607944,3409.293980456366,496.4790942544286,-0.1745,67.29507585254574,-9.550444702832477,0.165,-2.3879081662221475,1.1586075128895261
53.200000000000486,-2.445080640679975,3416.024688950647,495.52395957126106,-0.1745,67.31909403307543,-9.552248960518188,0.165,-2.3879081662221475,1.1586075128895261
53.30000000000049,-2.445244651746236,3422.757794414237,494.5686448148124,-0.1745,67.34301523872765,-9.554046168454896,0.165,-2.3879081662221475,1.1586075128895261
53.40000000000049,-2.445411411112391,3429.493287166011,493.61315068188,-0.1745,67.36683979675074,-9.555836490193666,0.165,-2.3879081662221475,1.1586075128895261
53.50000000000049,-2.445580923180528,3436.231157557927,492.65747785551616,-0.1745,67.39056804156365,-9.55762003708268,0.165,-2.3879081662221475,1.1586075128895261
53.60000000000049,-2.445753186031869,3442.9713959755986,491.7016270093135,-0.1745,67.41420031186755,-9.55939688697109,0.165,-2.3879081662221475,1.1586075128895261
53.70000000000049,-2.445928193725489,3449.7139928386314,490.74559881015404,-0.1745,67.43773694879083,-9.561167096217341,0.165,-2.3879081662221475,1.1586075128895261
53.800000000000495,-2.446105937772818,3456.4589386008056,489.7893939199733,-0.1745,67.46117829469785,-9.562930707397182,0.165,-2.3879081662221475,1.1586075128895261
53.900000000000496,-2.446286408083199,3463.206223750162,488.83301299689094,-0.1745,67.484524692424,-9.564687754250281,0.165,-2.3879081662221475,1.1586075128895261
54.0000000000005,-2.44646959357004,3469.955838809022,487.8764566959357,-0.1745,67.50777648478447,-9.566438264853998,0.165,-2.3879081662221475,1.1586075128895261
54.1000000000005,-2.4466554825392346,3476.7077743339746,486.91972566951006,-0.1745,67.53093401425876,-9.568182263659196,0.165,-2.3879081662221475,1.1586075128895261
54.2000000000005,-2.4468440629379296,3483.462020915827,485.9628205676873,-0.1745,67.55399762278797,-9.569919772795753,0.165,-2.3879081662221475,1.1586075128895261
54.3000000000005,-2.4470353225137407,3490.2185691795485,485.00574203840205,-0.1745,67.57696765164457,-9.571650812909498,0.165,-2.3879081662221475,1.1586075128895261
54.4000000000005,-2.4472292489165524,3496.9774097841982,484.0484907275716,-0.1745,67.59984444134851,-9.573375403698545,0.165,-2.3879081662221475,1.1586075128895261
54.500000000000504,-2.4474258297635036,3503.7385334228466,483.09106727917384,-0.1745,67.62262833161327,-9.57509356425684,0.165,-2.3879081662221475,1.1586075128895261
54.600000000000506,-2.4476250526804053,3510.501930822493,482.1334723352963,-0.1745,67.64531966131098,-9.576805313294068,0.165,-2.3879081662221475,1.1586075128895261
54.70000000000051,-2.447826905328033,3517.267592743981,481.17570653616775,-0.1745,67.66791876844982,-9.578510669276312,0.165,-2.3879081662221475,1.1586075128895261
54.80000000000051,-2.4480313754187426,3524.035509981911,480.21777052017814,-0.1745,67.69042599015937,-9.580209650515894,0.165,-2.3879081662221475,1.1586075128895261
54.90000000000051,-2.448238450726893,3530.805673364553,479.2596649238909,-0.1745,67.7128416626809,-9.581902275228668,0.165,-2.3879081662221475,1.1586075128895261
55.00000000000051,-2.448448119095293,3537.5780737537552,478.30139038205095,-0.1745,67.7351661213611,-9.583588561570455,0.165,-2.3879081662221475,1.1586075128895261
55.10000000000051,-2.448660368439117,3544.3527020448555,477.34294752758944,-0.1745,67.75739970064778,-9.585268527660114,0.165,-2.3879081662221475,1.1586075128895261
55.200000000000514,-2.4488751867481895,3551.1295491665924,476.38433699162675,-0.1745,67.77954273408695,-9.586942191594057,0.165,-2.3879081662221475,1.1586075128895261
55.300000000000516,-2.449092562088243,3557.9086060810127,475.42555940347427,-0.1745,67.80159555432081,-9.588609571455292,0.165,-2.3879081662221475,1.1586075128895261
55.40000000000052,-2.4499730644378688,3564.6898637833833,474.4666153906356,-0.1745,67.82355849308635,-9.590270685318963,0.165,-2.3879081662221475,1.1586075128895261
55.50000000000052,-2.44950644284924,3571.4765878068856,473.50692830642953,-0.1745,67.91092197696119,-9.6034709988023,0.8300000000000001,-2.3879081662221475,1.1586075128895261
55.60000000000052,-2.449294299082683,3578.268773896364,472.5466176324703,-0.1745,67.93279981260413,-9.602742480381892,0.165,-2.3879081662221475,1.1586075128895261
55.70000000000052,-2.4492454018223757,3585.063136768215,471.5863374373674,-0.1745,67.95445762441244,-9.602861421676664,0.165,-2.3879081662221475,1.1586075128895261
55.80000000000052,-2.4493015237100524,3591.859656825784,470.62601841583705,-0.1745,67.97594352696643,-9.603519008929526,0.165,-2.3879081662221475,1.1586075128895261
55.900000000000524,-2.449425506561247,3598.65831842019,469.6656165602588,-0.1745,67.99728836115362,-9.604518102635456,0.165,-2.3879081662221475,1.1586075128895261
56.000000000000526,-2.2624027691029918,3605.4591084348826,468.7051040112759,-0.1745,68.01851193270024,-9.605732877022145,0.165,-2.3879081662221475,1.1586075128895261
56.10000000000053,-2.3307305912853655,3612.2647134236886,467.7765376375551,-0.1495,68.09358784341683,-8.965594597393611,0.165,-2.3879081662221475,1.1586075128895261
56.20000000000053,-2.3743952395562666,3619.0733109729376,466.8683460854348,-0.1745,68.07836314156069,-9.198236445013187,0.165,-2.3879081662221475,1.1586075128895261
56.30000000000053,-2.2152867189666776,3625.8810477018105,465.94107306001035,-0.1745,68.07637143589977,-9.34722406347488,0.165,-2.3879081662221475,1.1586075128895261
56.40000000000053,-2.301036093351104,3632.6935174131,465.0333898404302,-0.1495,68.1730227898878,-8.806440328129055,0.495,-2.3879081662221475,1.1586075128895261
56.50000000000053,-2.3557971710594305,3639.509569827293,464.13814829652966,-0.1745,68.14802549397632,-9.098390549881497,0.165,-2.3879081662221475,1.1586075128895261
56.600000000000534,-2.3907888655894602,3646.323961690241,463.2189713198204,-0.1745,68.13981176497992,-9.285148984303802,0.165,-2.3879081662221475,1.1586075128895261
56.700000000000536,-2.413175383088642,3653.1380595648347,462.2844750361306,-0.1745,68.14214572689238,-9.404776689492802,0.165,-2.3879081662221475,1.1586075128895261
56.80000000000054,-2.427528284237318,3659.9527230256476,461.34015707198694,-0.1745,68.1511234893609,-9.48158259337989,0.165,-2.3879081662221475,1.1586075128895261
56.90000000000054,-2.4367631139425896,3666.768493461612,460.38952378997527,-0.1745,68.1642852299202,-9.531083046853245,0.165,-2.3879081662221475,1.1586075128895261
57.00000000000054,-2.442738493076683,3673.5857114572373,459.43481078765086,-0.1745,68.18007468258912,-9.563176999634768,0.165,-2.3879081662221475,1.1586075128895261
57.10000000000054,-2.4466388710962574,3680.4045904282907,458.4774430861716,-0.1745,68.19750473848276,-9.584177029949892,0.165,-2.3879081662221475,1.1586075128895261
57.20000000000054,-2.449218858056065,3687.225263082179,457.51832886882056,-0.1745,68.21594833927989,-9.598107317070427,0.165,-2.3879081662221475,1.1586075128895261
57.300000000000544,-2.4509591002379256,3694.047810839557,456.55804687798775,-0.1745,68.23500680828015,-9.607532499585561,0.165,-2.3879081662221475,1.1586075128895261
57.400000000000546,-2.4521656783622032,3700.8722825086174,455.59696592056866,-0.1745,68.25442657292712,-9.614086648796679,0.165,-2.3879081662221475,1.1586075128895261
57.50000000000055,-2.4530334691380062,3707.698706154566,454.6353210531112,-0.1745,68.274046346048,-9.618810700351915,0.165,-2.3879081662221475,1.1586075128895261
57.60000000000055,-2.4536865236462146,3714.5270966502344,453.67326213693764,-0.1745,68.29376356731525,-9.622367623119914,0.165,-2.3879081662221475,1.1586075128895261
57.70000000000055,-2.4542037930167258,3721.3574604815667,452.71088477655275,-0.1745,68.31351305933069,-9.625179584577426,0.165,-2.3879081662221475,1.1586075128895261
57.80000000000055,-2.454635515135557,3728.1897988067417,451.7482500288826,-0.1745,68.33325344417038,-9.62751536882637,0.165,-2.3879081662221475,1.1586075128895261
57.90000000000055,-2.4550136505823,3735.0241094037456,450.78539695656923,-0.1745,68.35295849591053,-9.629546077440688,0.165,-2.3879081662221475,1.1586075128895261
58.000000000000554,-2.455358527573813,3741.8603879102743,449.8223506220113,-0.1745,68.37261163466546,-9.631380613718433,0.165,-2.3879081662221475,1.1586075128895261
58.100000000000556,-2.4556830722976066,3748.698628613045,448.85912717714,-0.1745,68.39220242074465,-9.63308828370694,0.165,-2.3879081662221475,1.1586075128895261
58.20000000000056,-2.4563259490285687,3755.5388249502043,447.8957371035084,-0.1745,68.41172432244046,-9.634713188925131,0.165,-2.3879081662221475,1.1586075128895261
58.30000000000056,-2.4562917033521305,3762.3825947732953,446.9319008085549,-0.1745,68.46367213937626,-9.642012710145021,0.495,-2.3879081662221475,1.1586075128895261
58.40000000000056,-2.456379034159108,3769.229932955597,445.96768194762006,-0.1745,68.48309150666074,-9.64236450855155,0.165,-2.3879081662221475,1.1586075128895261
58.50000000000056,-2.456544384366361,3776.079205941557,445.00340780654756,-0.1745,68.5023682125424,-9.643118312898512,0.165,-2.3879081662221475,1.1586075128895261
58.60000000000056,-2.4567600756112262,3782.9304006330544,444.0390456161543,-0.1745,68.5215256174081,-9.64412549496729,0.165,-2.3879081662221475,1.1586075128895261
58.700000000000564,-2.4570085211245125,3789.783505847875,443.0745747613921,-0.1745,68.54057867899934,-9.645291600276627,0.165,-2.3879081662221475,1.1586075128895261
58.800000000000566,-2.4572785468004574,3796.638511632418,442.10998235068917,-0.1745,68.55953701186553,-9.64655661378289,0.165,-2.3879081662221475,1.1586075128895261
58.90000000000057,-2.4575630528192267,3803.4954088246823,441.14526039945,-0.1745,68.57840683341537,-9.647882410999722,0.165,-2.3879081662221475,1.1586075128895261
59.00000000000057,-2.4578575275693333,3810.354188776427,440.1804040399263,-0.1745,68.59719220147338,-9.649244779473976,0.165,-2.3879081662221475,1.1586075128895261
59.10000000000057,-2.4581591033656642,3817.2148431765568,439.21541038361,-0.1745,68.61589580112192,-9.650628346852361,0.165,-2.3879081662221475,1.1586075128895261
59.20000000000057,-2.458465956527032,3824.077363938857,438.25027779840934,-0.1745,68.63451944488463,-9.652023357160632,0.165,-2.3879081662221475,1.1586075128895261
59.30000000000057,-2.458776926291276,3830.941743130633,437.2850054494451,-0.1745,68.65306439062962,-9.653423622124132,0.165,-2.3879081662221475,1.1586075128895261
59.400000000000574,-2.459091272778294,3837.8079729273436,436.31959300736736,-0.1745,68.67153154358648,-9.654825219430748,0.165,-2.3879081662221475,1.1586075128895261
59.500000000000576,-2.4594085232895675,3844.676045583758,435.35404046310924,-0.1745,68.68992158470046,-9.656225665731332,0.165,-2.3879081662221475,1.1586075128895261
59.60000000000058,-2.4597283747187775,3851.5459534156016,434.3883480102565,-0.1745,68.70823505217113,-9.657623391324213,0.165,-2.3879081662221475,1.1586075128895261
59.70000000000058,-2.4600506315985644,3858.4176887878725,433.42251597036415,-0.1745,68.72647239324287,-9.659017406522743,0.165,-2.3879081662221475,1.1586075128895261
59.80000000000058,-2.460375166776296,3865.2912441073895,432.4565447455483,-0.1745,68.74463399709516,-9.660407089794942,0.165,-2.3879081662221475,1.1586075128895261
59.90000000000058,-2.460701896457118,3872.1666118180306,431.49043478839604,-0.1745,68.76272021572713,-9.661792053250316,0.165,-2.3879081662221475,1.1586075128895261
60.00000000000058,-2.46103076436747,3879.043784397678,430.5241865828711,-0.1745,68.78073137721668,-9.663172057248493,0.165,-2.3879081662221475,1.1586075128895261
60.100000000000584,-2.4613617317074667,3885.9227543562456,429.5578006321987,-0.1745,68.79866779413732,-9.664546956199446,0.165,-2.3879081662221475,1.1586075128895261
60.200000000000585,-2.4616947707769943,3892.8035142343974,428.59127745118036,-0.1745,68.8165297689004,-9.665916664166875,0.165,-2.3879081662221475,1.1586075128895261
60.30000000000059,-2.4620298609328417,3899.6860566027,427.6246175613199,-0.1745,68.83431759714549,-9.667281133042433,0.165,-2.3879081662221475,1.1586075128895261
60.40000000000059,-2.4623669860247146,3906.5703740610516,426.65782148773286,-0.1745,68.8520315698919,-9.668640338698596,0.165,-2.3879081662221475,1.1586075128895261
60.50000000000059,-2.462706132769336,3913.4564592382912,425.6908897571877,-0.1745,68.86967197490391,-9.669994272204784,0.165,-2.3879081662221475,1.1586075128895261
60.60000000000059,-2.463047289719525,3920.3443047919145,424.72382289686465,-0.1745,68.88723909755701,-9.671342934256106,0.165,-2.3879081662221475,1.1586075128895261
60.70000000000059,-2.464059861726846,3927.233903407862,423.7566214335698,-0.1745,68.90473322138776,-9.672686331640232,0.165,-2.3879081662221475,1.1586075128895261
60.800000000000594,-2.4637241238712297,3934.128522305141,422.78870862086063,-0.1745,68.98764472418965,-9.685569922543722,0.8300000000000001,-2.3879081662221475,1.1586075128895261
60.900000000000595,-2.4636429281102856,3941.028158785791,421.8202042680862,-0.1745,69.00508488881731,-9.68451713294546,0.165,-2.3879081662221475,1.1586075128895261
61.0000000000006,-2.463723446781791,3947.9295289715083,420.85176198924006,-0.1745,69.02231882552081,-9.684328443976685,0.165,-2.3879081662221475,1.1586075128895261
61.1000000000006,-2.463906946754866,3954.832614734442,419.8833113378361,-0.1745,69.03939643315199,-9.68468458410201,0.165,-2.3879081662221475,1.1586075128895261
61.2000000000006,-2.4641562708005176,3961.7374020259504,418.91480793301025,-0.1745,69.05634939701619,-9.685383512415548,0.165,-2.3879081662221475,1.1586075128895261
61.3000000000006,-2.464447913702971,3968.643879389266,417.94622388773575,-0.1745,69.07319786929988,-9.686297393074176,0.165,-2.3879081662221475,1.1586075128895261
61.4000000000006,-2.4647670073259182,3975.552037017771,416.97754175034845,-0.1745,69.08995470079878,-9.6873453546721,0.165,-2.3879081662221475,1.1586075128895261
61.500000000000604,-2.4651041471362585,3982.461866158848,416.0087506703324,-0.1745,69.10662812073666,-9.68847624564917,0.165,-2.3879081662221475,1.1586075128895261
61.600000000000605,-1.6140919764084538,3989.3733587365555,415.0398439720956,-0.1745,69.12322343341073,-9.689657719086739,0.165,-2.3879081662221475,1.1586075128895261
61.70000000000061,-1.9283890510457091,3996.285971104127,414.22009747821164,-0.06225,69.12902391801829,-6.705272158592562,0.8300000000000001,-2.3879081662221475,1.1586075128895261
61.80000000000061,-2.129190250564486,4003.190777687341,413.4956500469871,-0.1745,68.96710774625866,-7.783676465897509,0.165,-2.3879081662221475,1.1586075128895261
61.90000000000061,-1.4077859062054467,4010.0861083517,412.6824435676671,-0.1745,68.93950554093172,-8.480453120502263,0.8300000000000001,-2.3879081662221475,1.1586075128895261
62.00000000000061,-1.7982382831660717,4016.9774031125276,411.9604214583264,-0.06225,68.8863896756169,-5.959989066312557,0.165,-2.3879081662221475,1.1586075128895261
62.10000000000061,-2.0472139932566717,4023.855694360646,411.29772721058924,-0.1745,68.67943528674566,-7.29389588843004,0.165,-2.3879081662221475,1.1586075128895261
62.200000000000614,-2.2058920573203147,4030.7176440865082,410.52584837773617,-0.1745,68.55955923050544,-8.143680768631624,0.165,-2.3879081662221475,1.1586075128895261
62.300000000000615,-2.306993267912904,4037.57023585585,409.6843979789205,-0.1745,68.4922761563356,-8.685327207681592,0.165,-2.3879081662221475,1.1586075128895261
62.40000000000062,-2.3714155094029348,4044.417716558303,408.79859899324714,-0.1745,68.45733789271561,-9.030652505785408,0.165,-2.3879081662221475,1.1586075128895261
62.50000000000062,-2.4124892681712518,4051.2627092498647,407.88452043572954,-0.1745,68.44251593851784,-9.250918644567033,0.165,-2.3879081662221475,1.1586075128895261
62.60000000000062,-2.438708997007376,4058.106849444773,406.95239665024354,-0.1745,68.44028795965635,-9.391557065152881,0.165,-2.3879081662221475,1.1586075128895261
62.70000000000062,-2.4554831733691476,4064.9511623980106,406.0087428790453,-0.1745,68.44597110509244,-9.481518358811456,0.165,-2.3879081662221475,1.1586075128895261
62.80000000000062,-2.466253337044335,4071.7962923428922,405.05770496575633,-0.1745,68.45662779253855,-9.539239906967746,0.165,-2.3879081662221475,1.1586075128895261
62.900000000000624,-2.473208425482284,4078.6426440473215,404.1019201018707,-0.1745,68.47040629604436,-9.576457370745366,0.165,-2.3879081662221475,1.1586075128895261
63.000000000000625,-2.4784133306531975,4085.490471153292,403.143065364062,-0.1745,68.4861358233747,-9.600637385428653,0.165,-2.3879081662221475,1.1586075128895261
63.10000000000063,-2.480722264313459,4092.343206186636,402.1816297820059,-0.1745,68.56856484350618,-9.628074255693056,0.8300000000000001,-2.3879081662221475,1.1586075128895261
63.20000000000063,-2.4823061169046534,4099.200951120557,401.2184099301001,-0.1745,68.58633383492094,-9.636322782423662,0.165,-2.3879081662221475,1.1586075128895261
63.30000000000063,-2.4834305379304618,4106.060488386142,400.25448986980547,-0.1745,68.60441147678387,-9.642078423469085,0.165,-2.3879081662221475,1.1586075128895261
63.40000000000063,-2.4845958651267894,4112.921841805287,399.29007348082257,-0.1745,68.62265690610593,-9.64624935618892,0.165,-2.3879081662221475,1.1586075128895261
63.50000000000063,-2.484906789745743,4119.786648633307,398.32500393022383,-0.1745,68.67347965428569,-9.655141655786199,0.495,-2.3879081662221475,1.1586075128895261
63.600000000000634,-2.485227093944099,4126.654916162164,397.3594227972734,-0.1745,68.69187092285964,-9.656481003223004,0.165,-2.3879081662221475,1.1586075128895261
63.700000000000635,-2.4855541102428207,4133.525018818838,396.393706758612,-0.1745,68.71018221061738,-9.657839770005141,0.165,-2.3879081662221475,1.1586075128895261
63.80000000000064,-2.4858861434526465,4140.396948690465,395.427854326574,-0.1745,68.7284152219172,-9.659208870755077,0.165,-2.3879081662221475,1.1586075128895261
63.90000000000064,-2.4862221152900785,4147.27069800874,394.4618647556645,-0.1745,68.74657114357265,-9.660582547434357,0.165,-2.3879081662221475,1.1586075128895261
64.00000000000064,-2.486561338839469,4154.146259107598,393.4957377706099,-0.1745,68.76465083358904,-9.661957153658607,0.165,-2.3879081662221475,1.1586075128895261
64.10000000000063,-2.486903375441011,4161.023624396326,392.5294733937783,-0.1745,68.7826549409854,-9.663330382973502,0.165,-2.3879081662221475,1.1586075128895261
64.20000000000063,-2.487247943894521,4167.902786342468,391.56307183567793,-0.1745,68.80058398185312,-9.66470077903395,0.165,-2.3879081662221475,1.1586075128895261
64.30000000000062,-2.4875948628630775,4174.783737460943,390.59653342548836,-0.1745,68.81843838762816,-9.66606742475691,0.165,-2.3879081662221475,1.1586075128895261
64.40000000000062,-2.4879440143423044,4181.66647030711,389.62985856699635,-0.1745,68.83621853572316,-9.667429745083053,0.165,-2.3879081662221475,1.1586075128895261
64.50000000000061,-2.488295320494006,4188.550977472344,388.66304771065,-0.1745,68.8539247689631,-9.668787381844057,0.165,-2.3879081662221475,1.1586075128895261
64.6000000000006,-2.488648728957071,4195.437251581188,387.6961013358384,-0.1745,68.87155740791508,-9.670140114387276,0.165,-2.3879081662221475,1.1586075128895261
64.7000000000006,-2.489004203534884,4202.325285289519,386.7290199396574,-0.1745,68.88911675870929,-9.671487809233092,0.165,-2.3879081662221475,1.1586075128895261
64.8000000000006,-2.4893617182921464,4209.2150712833545,385.7618040297882,-0.1745,68.9066031179993,-9.67283038815051,0.165,-2.3879081662221475,1.1586075128895261
64.90000000000059,-2.489721253813399,4216.10660227806,384.7944541199849,-0.1745,68.92401677610763,-9.674167807915493,0.165,-2.3879081662221475,1.1586075128895261
65.00000000000058,-2.4900827948319417,4222.999871017816,383.8269707272152,-0.1745,68.94135801902061,-9.675500047478588,0.165,-2.3879081662221475,1.1586075128895261
65.10000000000058,-2.490446328727378,4229.89487027525,382.8593543698497,-0.1745,68.9586271296531,-9.676827099830879,0.165,-2.3879081662221475,1.1586075128895261
65.20000000000057,-1.6414808009293647,4236.791592851165,381.89160556651575,-0.1745,68.97582438865061,-9.678148966848772,0.165,-2.3879081662221475,1.1586075128895261
65.30000000000057,-1.9545065962438986,4243.687805265691,381.0725033096133,-0.06225,68.94842390188286,-6.703896171200367,0.495,-2.3879081662221475,1.1586075128895261
65.40000000000056,-1.3084741199180552,4250.5746554060825,380.3485475096891,-0.1745,68.78857890594875,-7.775219827282626,0.165,-2.3879081662221475,1.1586075128895261
65.50000000000055,-0.7137634201134423,4257.450986586134,379.6834527652674,-0.06225,68.73804469507073,-5.526675061151275,0.165,-2.3879081662221475,1.1586075128895261
65.60000000000055,-1.1766009557980825,4264.320171948814,379.23370903862445,-0.03725,68.64566255853933,-3.4681994717077593,0.495,-2.3879081662221475,1.1586075128895261
65.70000000000054,-1.6605363275609362,4271.173010759317,378.80805786852824,-0.1495,68.41111365150982,-5.044823930217124,0.165,-2.3879081662221475,1.1586075128895261
65.80000000000054,-1.9690621505820471,4278.00433245914,378.22121978592105,-0.1745,68.21532034494771,-6.691937721926441,0.8300000000000001,-2.3879081662221475,1.1586075128895261
65.90000000000053,-2.1665833100605982,4284.818268001942,377.4997667065003,-0.1745,68.06339051110024,-7.737123866488844,0.165,-2.3879081662221475,1.1586075128895261
66.00000000000053,-2.2929762070882505,4291.620289398456,376.69260003165164,-0.1745,67.97703741918534,-8.406209630483643,0.165,-2.3879081662221475,1.1586075128895261
66.10000000000052,-2.3738385108656885,4298.415685367022,375.8305567084886,-0.1745,67.93088195211737,-8.834656832777007,0.165,-2.3879081662221475,1.1586075128895261
66.20000000000051,-2.4255811165912755,4305.207715142296,374.933368392937,-0.1745,67.90971355337729,-9.109109478255132,0.165,-2.3879081662221475,1.1586075128895261
66.30000000000051,-2.458712691756117,4311.998411296259,374.0136601875907,-0.1745,67.90420952587864,-9.285054628670835,0.165,-2.3879081662221475,1.1586075128895261
66.4000000000005,-2.479956039548008,4318.78905035428,373.07950655131583,-0.1745,67.90857163453325,-9.398018096826227,0.165,-2.3879081662221475,1.1586075128895261
66.5000000000005,-1.6562004579814495,4325.580436903001,372.13606905780694,-0.1745,67.9191593398765,-9.470731773351316,0.165,-2.3879081662221475,1.1586075128895261
66.60000000000049,-1.9687198879238297,4332.372785046564,371.3309054889912,-0.06225,67.92780353138308,-6.632539602962646,0.8300000000000001,-2.3879081662221475,1.1586075128895261
66.70000000000049,-2.169256955667732,4339.157951731747,370.6149340095033,-0.1745,67.77553017228135,-7.686889986795006,0.165,-2.3879081662221475,1.1586075128895261
66.80000000000048,-2.2978677164384185,4345.931187645337,369.8124170377385,-0.1745,67.68918809951067,-8.363449448500793,0.165,-2.3879081662221475,1.1586075128895261
66.90000000000047,-2.194889585772593,4352.697813688678,368.9543586513792,-0.1745,67.64333276732232,-8.797718278684828,0.165,-2.3879081662221475,1.1586075128895261
67.00000000000047,-2.3143228969244083,4359.4675781646265,368.0917092112008,-0.1495,67.75195675164767,-8.455270524882968,0.8300000000000001,-2.3879081662221475,1.1586075128895261
67.10000000000046,-2.390856983207113,4366.240715376521,367.2259948760482,-0.1745,67.7107874862377,-8.859016178169027,0.165,-2.3879081662221475,1.1586075128895261
67.20000000000046,-2.439909343382535,4373.010904556739,366.327137390569,-0.1745,67.69299611811945,-9.118133531415088,0.165,-2.3879081662221475,1.1586075128895261
67.30000000000045,-1.6373940567093068,4379.780049160271,365.40700180261814,-0.1745,67.6898959525284,-9.284578227602768,0.165,-2.3879081662221475,1.1586075128895261
67.40000000000045,-0.30792634304239236,4386.546231027114,364.61658425753353,-0.06225,67.63374138433177,-6.523772674089324,0.165,-2.3879081662221475,1.1586075128895261
67.50000000000044,-0.2821230284987909,4393.273716617871,364.1910846400055,0.04999999999999999,66.91597043080776,-1.9862196764708377,0.495,-2.3879081662221475,1.1586075128895261
67.60000000000043,-1.079876904943708,4399.961432547054,363.996906077498,-0.06225,66.8383481528501,-1.8973515736791287,0.165,-2.3879081662221475,1.1586075128895261
67.70000000000043,-1.599948128846434,4406.622299103951,363.6751399993701,-0.1745,66.37898298509342,-4.537969988879165,0.165,-2.3879081662221475,1.1586075128895261
67.80000000000042,-1.9388059367190924,4413.246838010396,363.13578233089413,-0.1745,66.11179514379828,-6.249183380641023,0.165,-2.3879081662221475,1.1586075128895261
67.90000000000042,-2.159391895771251,4419.8502777188905,362.45520224416066,-0.1745,65.95699902610065,-7.362418354028428,0.165,-2.3879081662221475,1.1586075128895261
68.00000000000041,-2.3028643761491194,4426.441646572706,361.68270827551726,-0.1745,65.87037805020982,-8.087461018839486,0.165,-2.3879081662221475,1.1586075128895261
68.1000000000004,-2.396117271569917,4433.026469655317,360.85034314298395,-0.1745,65.82608360200133,-8.55984163182702,0.165,-2.3879081662221475,1.1586075128895261
68.2000000000004,-2.4566984656461557,4439.608196774021,359.9789648603878,-0.1745,65.80845877208606,-8.867724020095892,0.165,-2.3879081662221475,1.1586075128895261
68.3000000000004,-2.4960419144583175,4446.1890093026195,359.08215087184396,-0.1745,65.80779179989057,-9.0685557507809,0.165,-2.3879081662221475,1.1586075128895261
68.40000000000039,-2.522276711914822,4452.770297015608,358.1687348925779,-0.1745,65.81796245987827,-9.199763834540535,0.165,-2.3879081662221475,1.1586075128895261
68.50000000000038,-2.5381612250558714,4459.356223311511,357.2438836559846,-0.1745,65.90056345818452,-9.297260897325433,0.8300000000000001,-2.3879081662221475,1.1586075128895261
68.60000000000038,-2.54847916444427,4465.94736182587,356.31144564701174,-0.1745,65.92220682898896,-9.351499282131524,0.165,-2.3879081662221475,1.1586075128895261
68.70000000000037,-2.555188599656945,4472.540800247127,355.37449925373636,-0.1745,65.94656159615786,-9.387428583376154,0.165,-2.3879081662221475,1.1586075128895261
68.80000000000037,-2.5595600147679995,4479.136759864775,354.43455399790173,-0.1745,65.9726307568017,-9.411476533316206,0.165,-2.3879081662221475,1.1586075128895261
68.90000000000036,-2.5624174587158994,4485.735379886141,353.4925893801038,-0.1745,65.99976967052369,-9.427815822641545,0.165,-2.3879081662221475,1.1586075128895261
69.00000000000036,-2.5642952472989036,4492.336746427572,352.5492408773984,-0.1745,66.02756115807456,-9.439154231467345,0.165,-2.3879081662221475,1.1586075128895261
69.10000000000035,-2.5655397311883696,4498.940911242307,351.60492074848855,-0.1745,66.05573513663468,-9.44724834672933,0.165,-2.3879081662221475,1.1586075128895261
69.20000000000034,-2.567020394327089,4505.547903836737,350.65989646285874,-0.1745,66.08411675194797,-9.453237365866787,0.165,-2.3879081662221475,1.1586075128895261
69.30000000000034,-2.5668895718310387,4512.161013821017,349.71376432758416,-0.1745,66.17808293366286,-9.469405339625036,0.8300000000000001,-2.3879081662221475,1.1586075128895261
69.40000000000033,-2.566840415569203,4518.780251860604,348.7667551925599,-0.1745,66.20667785807325,-9.470777360859808,0.165,-2.3879081662221475,1.1586075128895261
69.50000000000033,-2.5668453253869297,4525.402341775898,347.8195963353353,-0.1745,66.23512044780679,-9.472399783632438,0.165,-2.3879081662221475,1.1586075128895261
69.60000000000032,-2.566886435623485,4532.027269051546,346.8722672635046,-0.1745,66.26342506514709,-9.474181652980551,0.165,-2.3879081662221475,1.1586075128895261
69.70000000000032,-2.5669521821816184,4538.655020362032,345.924754976133,-0.1745,66.2916011445646,-9.476064094452678,0.165,-2.3879081662221475,1.1586075128895261
69.80000000000031,-2.5670350793428227,4545.285583165669,344.9770513209254,-0.1745,66.31965492817652,-9.478009009698814,0.165,-2.3879081662221475,1.1586075128895261
69.9000000000003,-2.5671302803429477,4551.9189454416,344.0291512828186,-0.1745,66.34759059045157,-9.479991752437805,0.165,-2.3879081662221475,1.1586075128895261
70.0000000000003,-2.5672346456111184,4558.555095519468,343.08105187597937,-0.1745,66.37541096689701,-9.481996384346376,0.165,-2.3879081662221475,1.1586075128895261
70.10000000000029,-2.5673461397624338,4565.194021969115,342.1327514266232,-0.1745,66.4031180260453,-9.48401260277689,0.165,-2.3879081662221475,1.1586075128895261
70.20000000000029,-2.5674634414377193,4571.835713529172,341.1842491089043,-0.1745,66.43071317509374,-9.486033751600983,0.165,-2.3879081662221475,1.1586075128895261
70.30000000000028,-2.5675856909170425,4578.480159060815,340.23554464464337,-0.1745,66.45819745777602,-9.488055533617453,0.165,-2.3879081662221475,1.1586075128895261
70.40000000000028,-2.567712326892646,4585.127347517825,339.28663810909876,-0.1745,66.48557168243411,-9.49007517727517,0.165,-2.3879081662221475,1.1586075128895261
70.50000000000027,-2.5678429809278325,4591.777267927191,338.33752980535843,-0.1745,66.51283650489282,-9.492090897531813,0.165,-2.3879081662221475,1.1586075128895261
70.60000000000026,-2.5679774092301217,4598.429909376539,337.3882201831268,-0.1745,66.53999248207471,-9.494101547100804,0.165,-2.3879081662221475,1.1586075128895261
70.70000000000026,-2.5681154485558344,4605.085261005977,336.4387097862265,-0.1745,66.56704010667764,-9.496106390904691,0.165,-2.3879081662221475,1.1586075128895261
70.80000000000025,-2.568579214162854,4611.743312002791,335.4889992186692,-0.1745,66.59397982959838,-9.498104960241506,0.165,-2.3879081662221475,1.1586075128895261
70.90000000000025,-2.5683773447732006,4618.405676540217,334.53880265673973,-0.1745,66.65331091893486,-9.505826278347872,0.495,-2.3879081662221475,1.1586075128895261
71.00000000000024,-1.745435451372854,4625.0723462854985,333.5881795038957,-0.1745,66.68008398668465,-9.506636778533437,0.165,-2.3879081662221475,1.1586075128895261
71.10000000000024,-2.0398108885863655,4631.739159779681,332.7769674715818,-0.06225,66.65618589697748,-6.7176038677430565,0.495,-2.3879081662221475,1.1586075128895261
71.20000000000023,-2.2297757992206932,4638.399780536438,332.0562393873325,-0.1745,66.55622923815066,-7.69695781724334,0.495,-2.3879081662221475,1.1586075128895261
71.30000000000022,-2.352718659931439,4645.051740006477,331.2550306893363,-0.1745,66.48296016264455,-8.32721614268045,0.165,-2.3879081662221475,1.1586075128895261
71.40000000000022,-2.432248586337497,4651.698209879146,330.40188088778774,-0.1745,66.44643729072088,-8.735779888290555,0.165,-2.3879081662221475,1.1586075128895261
71.50000000000021,-2.483684203462794,4658.34218382599,329.51505418892566,-0.1745,66.43304164616131,-9.000754088951325,0.165,-2.3879081662221475,1.1586075128895261
71.60000000000021,-2.516952363585778,4664.9855516286725,328.60637780594794,-0.1745,66.43431440747977,-9.172773570603276,0.165,-2.3879081662221475,1.1586075128895261
71.7000000000002,-2.538479435113279,4671.629513777668,327.68350653824695,-0.1745,66.44492857242629,-9.28465178341715,0.165,-2.3879081662221475,1.1586075128895261
71.8000000000002,-2.5530947228340795,4678.274835153188,326.75139202253126,-0.1745,66.46149893798716,-9.357638530897034,0.165,-2.3879081662221475,1.1586075128895261
71.90000000000019,-2.561440730140058,4684.925277688207,325.81265853439334,-0.1745,66.54735176238204,-9.417031231860953,0.8300000000000001,-2.3879081662221475,1.1586075128895261
72.00000000000018,-2.5668750086769405,4691.581155849933,324.8694922220568,-0.1745,66.57021147212897,-9.446295014869127,0.165,-2.3879081662221475,1.1586075128895261
72.10000000000018,-2.5704321840144635,4698.239389308689,323.9238835847708,-0.1745,66.59445770299864,-9.465877730850663,0.165,-2.3879081662221475,1.1586075128895261
72.20000000000017,-2.572779965405165,4704.900090182712,322.97662918300125,-0.1745,66.61955977745454,-9.479210304540484,0.165,-2.3879081662221475,1.1586075128895261
72.30000000000017,-2.574349145219776,4711.56332696409,322.0282432722216,-0.1745,66.64517585010087,-9.488507911053292,0.165,-2.3879081662221475,1.1586075128895261
72.40000000000016,-2.5754175887181474,4718.229140039961,321.07905785830826,-0.1745,66.6710856673188,-9.49520036721262,0.165,-2.3879081662221475,1.1586075128895261
72.50000000000016,-2.5761644766185055,4724.897551690134,320.12928732350616,-0.1745,66.69714733614367,-9.500210328828995,0.165,-2.3879081662221475,1.1586075128895261
72.60000000000015,-2.576705324615138,4731.568572531302,319.1790701551355,-0.1745,66.72326948722447,-9.50413303858495,0.165,-2.3879081662221475,1.1586075128895261
72.70000000000014,-2.5771145857471667,4738.242205672361,318.2284958820024,-0.1745,66.74939333394165,-9.507352424076752,0.165,-2.3879081662221475,1.1586075128895261
72.80000000000014,-2.5774402346234626,4744.918449394241,317.2776224576842,-0.1745,66.77548110366781,-9.51011606228779,0.165,-2.3879081662221475,1.1586075128895261
72.90000000000013,-2.5777131756121956,4751.597298878228,316.3264874760189,-0.1745,66.80150857606418,-9.512583571017867,0.165,-2.3879081662221475,1.1586075128895261
73.00000000000013,-2.5779533105838697,4758.278747320529,315.3751154055227,-0.1745,66.82746026995174,-9.51485783890532,0.165,-2.3879081662221475,1.1586075128895261
73.10000000000012,-2.578173451373329,4764.962786650961,314.42352225481153,-0.1745,66.85332633869416,-9.517005175317642,0.165,-2.3879081662221475,1.1586075128895261
73.20000000000012,-2.5783818419665305,4771.649407996286,313.4717185806327,-0.1745,66.87910056780242,-9.51906830825928,0.165,-2.3879081662221475,1.1586075128895261
73.30000000000011,-2.578583784087182,4778.338601978857,312.5197114268727,-0.1745,66.9047790836155,-9.521074766940767,0.165,-2.3879081662221475,1.1586075128895261
73.4000000000001,-1.7534005052621389,4785.030358909072,311.56750557419304,-0.1745,66.9303595206792,-9.523042286652492,0.165,-2.3879081662221475,1.1586075128895261
73.5000000000001,-2.049365028523505,4791.720535354929,310.7557131704984,-0.06225,66.87316939647033,-6.712805787241059,0.165,-2.3879081662221475,1.1586075128895261
73.6000000000001,-2.2407826130124104,4798.401092720904,310.0352414136155,-0.1745,66.73797792303446,-7.696629350417158,0.165,-2.3879081662221475,1.1586075128895261
73.70000000000009,-2.3645026448828697,4805.071134528709,309.2337465282281,-0.1745,66.66285823307945,-8.333268357330912,0.165,-2.3879081662221475,1.1586075128895261
73.80000000000008,-2.4448267313096124,4811.735527500042,308.37981494247055,-0.1745,66.62500119358165,-8.745363357819588,0.165,-2.3879081662221475,1.1586075128895261
73.90000000000008,-2.4961119344333444,4818.3989305075875,307.4916487096285,-0.1745,66.64305895733786,-9.01796129902139,0.495,-2.3879081662221475,1.1586075128895261
74.00000000000007,-2.529239885741043,4825.063257688602,306.5812578419558,-0.1745,66.64348466295304,-9.189856054432912,0.165,-2.3879081662221475,1.1586075128895261
74.10000000000007,-2.5506527617231276,4831.728096250873,305.65669242649994,-0.1745,66.65328658246247,-9.301452254683696,0.165,-2.3879081662221475,1.1586075128895261
74.20000000000006,-2.564510828702632,4838.394213483976,304.7229137841,-0.1745,66.66905807959719,-9.374120593315105,0.165,-2.3879081662221475,1.1586075128895261
74.30000000000005,-2.5734991426324942,4845.062097646219,303.7831243613301,-0.1745,66.68862516525117,-9.421667862081938,0.165,-2.3879081662221475,1.1586075128895261
74.40000000000005,-2.3955043405616228,4851.732058670105,302.83939051569075,-0.1745,66.7105953124816,-9.453009050705594,0.165,-2.3879081662221475,1.1586075128895261
74.50000000000004,-2.4650450092336067,4858.406859554829,301.9239507000449,-0.1495,66.78542238199093,-8.855787262211585,0.165,-2.3879081662221475,1.1586075128895261
74.60000000000004,-2.5099160663940405,4865.084914979482,301.0267287651384,-0.1745,66.77568611107193,-9.08865143591814,0.165,-2.3879081662221475,1.1586075128895261
74.70000000000003,-2.538880759799601,4871.762642010492,300.11032351019935,-0.1745,66.77885450912449,-9.239453662863104,0.165,-2.3879081662221475,1.1586075128895261
74.80000000000003,-2.5592483089889253,4878.441096032927,299.18148498323586,-0.1745,66.79022593958321,-9.337316876406485,0.165,-2.405430683134392,1.1443197679327202
74.90000000000002,-2.5724233402529877,4885.1209021486375,298.2442918334806,-0.1745,66.80589637462215,-9.406546118699088,0.165,-2.405430683134392,1.1443197679327202
75.00000000000001,-2.5809679479521472,4891.802456273813,297.3013741395315,-0.1745,66.82518612888158,-9.45180776028292,0.165,-2.405430683134392,1.1443197679327202
75.10000000000001,-2.5865328620727124,4898.486053767369,296.3547024129433,-0.1745,66.84676374224863,-9.481626771481311,0.165,-2.405430683134392,1.1443197679327202
75.2,-2.5901812420133936,4905.171880717522,295.4055461691639,-0.1745,66.86977526079556,-9.501498104106297,0.165,-2.405430683134392,1.1443197679327202
75.3,-2.5925976070072405,4911.860053094496,294.45472314772127,-0.1745,66.8936722786742,-9.514962324747422,0.165,-2.405430683134392,1.1443197679327202
75.39999999999999,-2.594222565737768,4918.550641826964,293.5027600312121,-0.1745,66.91810237068479,-9.52430000543562,0.165,-2.405430683134392,1.1443197679327202
75.49999999999999,-2.5953396553835373,4925.243688895465,292.549996045262,-0.1745,66.94283899934173,-9.530979713567318,0.165,-2.405430683134392,1.1443197679327202
75.59999999999998,-2.5961312915003982,4931.939217673502,291.59664971505015,-0.1745,66.96773656139254,-9.535946890669974,0.165,-2.405430683134392,1.1443197679327202
75.69999999999997,-2.596714804549423,4938.637239577183,290.6428618677192,-0.1745,66.9927015122318,-9.539810055949374,0.165,-2.405430683134392,1.1443197679327202
75.79999999999997,-2.5971656439759006,4945.337758342819,289.6887233255342,-0.1745,67.01767380048886,-9.542960787749777,0.165,-2.405430683134392,1.1443197679327202
75.89999999999996,-2.5978546542882643,4952.040772779102,288.734292735555,-0.1745,67.04261492516699,-9.545651011834867,0.165,-2.405430683134392,1.1443197679327202
75.99999999999996,-1.7697458797062984,4958.747903480131,287.77932158022014,-0.1745,67.09999909542563,-9.553772094862333,0.495,-2.405430683134392,1.1443197679327202
76.09999999999995,-2.067208417522142,4965.456675668294,286.96514849807176,-0.06225,67.07544466783891,-6.729689548105485,0.495,-2.405430683134392,1.1443197679327202
76.19999999999995,-2.25927776106231,4972.157343967183,286.24259847990857,-0.1745,66.93792130992765,-7.721310815158431,0.165,-2.405430683134392,1.1443197679327202
76.29999999999994,-2.383219841667758,4978.847300288364,285.4384397142569,-0.1745,66.86120511368274,-8.361864497875215,0.165,-2.405430683134392,1.1443197679327202
76.39999999999993,-2.463170852278604,4985.531467425399,284.5815583823301,-0.1745,66.82213762700952,-8.77576214066007,0.165,-2.405430683134392,1.1443197679327202
76.49999999999993,-2.514741811378289,4992.212908696317,283.6906041838886,-0.1745,66.80668779134896,-9.043321828170994,0.165,-2.405430683134392,1.1443197679327202
76.59999999999992,-2.548017238310483,4998.893551656004,282.77761582895846,-0.1745,66.80617140239256,-9.216445270431427,0.165,-2.405430683134392,1.1443197679327202
76.69999999999992,-2.56950515507759,5005.574617102781,281.8503605723563,-0.1745,66.815137533158,-9.328659861611632,0.165,-2.405430683134392,1.1443197679327202
76.79999999999991,-2.583402305502585,5012.256880641338,280.9138471215702,-0.1745,66.83013323798185,-9.401609154110352,0.165,-2.405430683134392,1.1443197679327202
76.8999999999999,-2.5924134094288926,5018.9408352161845,279.97130386700536,-0.1745,66.848958258934,-9.449255937186933,0.165,-2.405430683134392,1.1443197679327202
76.9999999999999,-2.5982808075604624,5025.626793394094,279.0248109248126,-0.1745,66.87020529926713,-9.48060290666885,0.165,-2.405430683134392,1.1443197679327202
77.0999999999999,-2.6021264720880213,5032.314952266426,278.07570817951904,-0.1745,66.8929721473768,-9.501451999201626,0.165,-2.405430683134392,1.1443197679327202
77.19999999999989,-2.6046726638397133,5039.005434853692,277.12485853224143,-0.1745,66.91667959793742,-9.515540946350788,0.165,-2.405430683134392,1.1443197679327202
77.29999999999988,-2.6063842030614994,5045.6983166101945,276.1728176399871,-0.1745,66.94095553210599,-9.525276898736353,0.165,-2.405430683134392,1.1443197679327202
77.39999999999988,-2.6075601543827895,5052.393642427086,275.21994331214677,-0.1745,66.96556080573075,-9.53220965807079,0.165,-2.405430683134392,1.1443197679327202
77.49999999999987,-2.6083928889262493,5059.091437554382,274.26646599004096,-0.1745,66.99034174017325,-9.537336784044912,0.165,-2.405430683134392,1.1443197679327202
77.59999999999987,-2.609006118751405,5065.791714622196,273.31253413959513,-0.1745,67.01519961611778,-9.541300224871582,0.165,-2.405430683134392,1.1443197679327202
77.69999999999986,-2.609479383055067,5072.494478156284,272.3582434785856,-0.1745,67.0400710656321,-9.544512995318994,0.165,-2.405430683134392,1.1443197679327202
77.79999999999986,-2.6098638081039964,5079.199727482661,271.4036557906112,-0.1745,67.06491546192136,-9.54724076416967,0.165,-2.405430683134392,1.1443197679327202
77.89999999999985,-2.610192248311915,5085.90745859611,270.44881103304994,-0.1745,67.0897068070516,-9.549654387055877,0.165,-2.405430683134392,1.1443197679327202
77.99999999999984,-2.6104858102692727,5092.617665362095,269.4937351275338,-0.1745,67.1144285126513,-9.551863723266916,0.165,-2.405430683134392,1.1443197679327202
78.09999999999984,-2.6107580489173032,5099.330340289823,268.53844497139323,-0.1745,67.13907004190104,-9.553939399544868,0.165,-2.405430683134392,1.1443197679327202
78.19999999999983,-2.6110176659035873,5106.0454750293775,267.5829516607298,-0.1745,67.16362474920136,-9.555926813724259,0.165,-2.405430683134392,1.1443197679327202
78.29999999999983,-2.611270244402972,5112.7630606913635,266.6272625628803,-0.1745,67.1880884905169,-9.557855143266387,0.165,-2.405430683134392,1.1443197679327202
78.39999999999982,-2.426293254344554,5119.48308805237,265.6713826487556,-0.1745,67.2124587295992,-9.559743139227653,0.165,-2.405430683134392,1.1443197679327202
78.49999999999982,-2.49323652161943,5126.2081452620805,264.7466898950212,-0.1495,67.28868546461754,-8.934111935461011,0.165,-2.405430683134392,1.1443197679327202
78.59999999999981,-2.536281297229057,5132.936475675756,263.84200220800784,-0.1745,67.27792280888264,-9.159641804806224,0.165,-2.405430683134392,1.1443197679327202
78.6999999999998,-2.5639812753383486,5139.66436047222,262.91876684623793,-0.1745,67.27977312041448,-9.305065430592437,0.165,-2.405430683134392,1.1443197679327202
78.7999999999998,-2.5818337834288108,5146.392829725067,261.9835620968765,-0.1745,67.28961193651776,-9.399029556636005,0.165,-2.405430683134392,1.1443197679327202
78.89999999999979,-2.5933695263101204,5153.122535968951,261.040613067419,-0.1745,67.30451294115237,-9.459951032514299,0.165,-2.405430683134392,1.1443197679327202
78.99999999999979,-2.415551252314554,5159.853892375427,260.092632372366,-0.1745,67.32261518837493,-9.499662868546066,0.165,-2.405430683134392,1.1443197679327202
79.09999999999978,-2.487047225124446,5166.591448854187,259.1725710833522,-0.1495,67.4285143868282,-8.90156291172982,0.495,-2.405430683134392,1.1443197679327202
79.19999999999978,-2.5329729397451946,5173.33360903932,258.270355941012,-0.1745,67.41468931585297,-9.142739935074182,0.165,-2.405430683134392,1.1443197679327202
79.29999999999977,-2.5624968092545215,5180.075064864581,257.3483170759389,-0.1745,67.41442718934596,-9.298037366387948,0.165,-2.405430683134392,1.1443197679327202
79.39999999999976,-2.5815054466917884,5186.816923430236,256.4135040539521,-0.1745,67.42274412375278,-9.398223073347552,0.165,-2.405430683134392,1.1443197679327202
79.49999999999976,-1.7618933205932776,5193.559885275393,255.4704400232128,-0.1745,67.43649277937769,-9.46305754143898,0.165,-2.405430683134392,1.1443197679327202
79.59999999999975,-2.069791542964038,5200.302325923236,254.66452779744228,-0.06225,67.41232017747944,-6.655186973971554,0.495,-2.405430683134392,1.1443197679327202
79.69999999999975,-2.2681234654935176,5207.0362597479625,253.94745260869672,-0.1745,67.2663563170515,-7.6863168009396166,0.165,-2.405430683134392,1.1443197679327202
79.79999999999974,-2.3958066382469845,5213.758788928858,253.14560510880136,-0.1745,67.18422730085427,-8.350633196967316,0.165,-2.405430683134392,1.1443197679327202
79.89999999999974,-2.477983412138519,5220.475073850171,252.289135685152,-0.1745,67.14147112540671,-8.778755276020243,0.165,-2.405430683134392,1.1443197679327202
79.99999999999973,-2.530875105167732,5227.188314144489,251.39745939378165,-0.1745,67.12333476095127,-9.054770551386573,0.165,-2.405430683134392,1.1443197679327202
80.09999999999972,-2.5649344424854164,5233.9005169658185,250.4830771594375,-0.1745,67.12072166564771,-9.232874135496196,0.165,-2.405430683134392,1.1443197679327202
80.19999999999972,-2.5868902960719065,5240.612950090804,249.55403417226694,-0.1745,67.12794083405778,-9.347985607915147,0.165,-2.405430683134392,1.1443197679327202
80.29999999999971,-2.6010710411004307,5247.326417030293,248.61550537686273,-0.1745,67.1413979557196,-9.422590300168915,0.165,-2.405430683134392,1.1443197679327202
80.39999999999971,-2.6102593070966935,5254.041427381144,247.67081798334604,-0.1745,67.15880906130353,-9.471157570164916,0.165,-2.405430683134392,1.1443197679327202
80.4999999999997,-2.6162431839083715,5260.758303694141,246.72211043791683,-0.1745,67.17871719864063,-9.502993338419596,0.165,-2.405430683134392,1.1443197679327202
80.5999999999997,-1.7905914980128683,5267.477249090894,245.77075677261098,-0.1745,67.2001907363989,-9.524079967697443,0.165,-2.405430683134392,1.1443197679327202
80.69999999999969,-2.091391242166944,5274.197719185416,244.9591588744774,-0.06225,67.20921115405287,-6.707877994974277,0.8300000000000001,-2.405430683134392,1.1443197679327202
80.79999999999968,-2.2854328438224454,5280.9116210660795,244.23814337490947,-0.1745,67.06882645921739,-7.712431996384465,0.165,-2.405430683134392,1.1443197679327202
80.89999999999968,-2.410534036753832,5287.614575268415,243.43448901447306,-0.1745,66.9902575875004,-8.360655212344021,0.165,-2.405430683134392,1.1443197679327202
80.99999999999967,-1.6650429053634854,5294.311583531942,242.5775028839467,-0.1745,66.94990768303344,-8.779067398183365,0.165,-2.405430683134392,1.1443197679327202
81.09999999999967,-2.0119083745721533,5301.007289947079,241.82598623163886,-0.06225,66.96422061970243,-6.251265647972948,0.8300000000000001,-2.405430683134392,1.1443197679327202
81.19999999999966,-1.4132601806402962,5307.695423141151,241.1431876630982,-0.1745,66.79844326173871,-7.404705722840744,0.165,-2.405430683134392,1.1443197679327202
81.29999999999966,-1.8496351387163616,5314.376256967063,240.50361153931314,-0.06225,66.8182332564973,-5.386816752860173,0.8300000000000001,-2.405430683134392,1.1443197679327202
81.39999999999965,-2.1337486204494702,5321.04714222094,239.89261780635852,-0.1745,66.59947182104983,-6.833057906232569,0.165,-2.405430683134392,1.1443197679327202
81.49999999999964,-2.3163734202755784,5327.704069152961,239.1618812045669,-0.1745,66.53906681936493,-7.7816741295997485,0.8300000000000001,-2.405430683134392,1.1443197679327202
81.59999999999964,-2.4345640231061005,5334.354516220554,238.35342417390768,-0.1745,66.46987453248906,-8.387466483584308,0.165,-2.405430683134392,1.1443197679327202
81.69999999999963,-2.511025132841087,5340.999804811739,237.4950432182484,-0.1745,66.43589729121265,-8.780152629601082,0.165,-2.405430683134392,1.1443197679327202
81.79999999999963,-2.560485467538036,5347.642804766125,236.60429424416918,-0.1745,66.42410179650622,-9.034826851983379,0.165,-2.405430683134392,1.1443197679327202
81.89999999999962,-2.592487857650375,5354.2853289183295,235.69254448715887,-0.1745,66.42638124758223,-9.200168288223013,0.165,-2.405430683134392,1.1443197679327202
81.99999999999962,-2.613209096511591,5360.9285292597015,234.7671501291914,-0.1745,66.43762557985634,-9.307718871126344,0.165,-2.405430683134392,1.1443197679327202
82.09999999999961,-2.6266442199701197,5367.573139816964,233.8328690773294,-0.1745,66.45458556538777,-9.37790216611385,0.165,-2.405430683134392,1.1443197679327202
82.1999999999996,-2.635375634697768,5374.219628273334,232.8927772828162,-0.1745,66.47518356201171,-9.423933724149885,0.165,-2.405430683134392,1.1443197679327202
82.2999999999996,-2.6410718467171495,5380.868291767876,231.94886258964902,-0.1745,66.49808632883808,-9.454360139193694,0.165,-2.405430683134392,1.1443197679327202
82.3999999999996,-1.8237907672155298,5387.519317905487,231.0024092839186,-0.1745,66.52243642336656,-9.474705975414663,0.165,-2.405430683134392,1.1443197679327202
82.49999999999959,-2.1188858964970168,5394.168744375985,230.19327530383467,-0.06225,66.466092986587,-6.707973626264012,0.165,-2.405430683134392,1.1443197679327202
82.59999999999958,-2.310316136848449,5400.808755212148,229.47372107017392,-0.1745,66.33412373667332,-7.683111046950608,0.165,-2.405430683134392,1.1443197679327202
82.69999999999958,-2.4344138488775293,5407.43852528483,228.67376011214316,-0.1745,66.26127771695447,-8.3161081136648,0.165,-2.405430683134392,1.1443197679327202
82.79999999999957,-2.5148259540826317,5414.062850182756,227.82159813409797,-0.1745,66.2252202415664,-8.727131447238776,0.165,-2.405430683134392,1.1443197679327202
82.89999999999957,-2.5669212123674248,5420.684728656687,226.93553425521068,-0.1745,66.21234923706683,-8.99414613050707,0.165,-2.405430683134392,1.1443197679327202
82.99999999999956,-2.6006754592837216,5427.3060563788795,226.0274379017109,-0.1745,66.21420520678151,-9.167780939488576,0.165,-2.405430683134392,1.1443197679327202
83.09999999999955,-2.622557389090061,5433.928039307064,225.10500384020196,-0.1745,66.22545335690153,-9.280900290690068,0.165,-2.405430683134392,1.1443197679327202
83.19999999999955,-2.63675823377238,5440.551446907848,224.17321770604426,-0.1745,66.24269865878239,-9.35482239246398,0.165,-2.405430683134392,1.1443197679327202
83.29999999999954,-2.6459919444649804,5447.1767702295965,223.2353082729106,-0.1745,66.26376777619325,-9.403366270209167,0.165,-2.405430683134392,1.1443197679327202
83.39999999999954,-2.652015040266369,5453.804321829047,222.29336573360905,-0.1745,66.28726421280575,-9.435484515821747,0.165,-2.405430683134392,1.1443197679327202
83.49999999999953,-2.655963923493159,5460.434299466713,221.34874279761473,-0.1745,66.31228854052912,-9.45697420406485,0.165,-2.405430683134392,1.1443197679327202
83.59999999999953,-2.658573556283415,5467.066826927114,220.40231470752414,-0.1745,66.33826066748568,-9.47158759774691,0.165,-2.405430683134392,1.1443197679327202
83.69999999999952,-2.6603191292639377,5473.701980269459,219.45464769862357,-0.1745,66.3648061794251,-9.481752580264477,0.165,-2.405430683134392,1.1443197679327202
83.79999999999951,-2.6618276344606375,5480.339804745627,218.50610808830848,-0.1745,66.3916833439231,-9.489039626037638,0.165,-2.405430683134392,1.1443197679327202
83.89999999999951,-2.6623102267150416,5486.981950660146,217.55664642516481,-0.1745,66.45123494647352,-9.500193636835903,0.495,-2.405430683134392,1.1443197679327202
83.9999999999995,-2.662687180248167,5493.62843293532,216.60647476744325,-0.1745,66.47841055700138,-9.503239517595274,0.165,-2.405430683134392,1.1443197679327202
84.0999999999995,-2.6629971689341985,5500.277630116465,215.6560169620805,-0.1745,66.50553306589171,-9.505916589659071,0.165,-2.405430683134392,1.1443197679327202
84.19999999999949,-2.663265154651237,5506.92953592624,214.7053034816362,-0.1745,66.53258312960718,-9.508353019226792,0.165,-2.405430683134392,1.1443197679327202
84.29999999999949,-2.663507243343963,5513.5841425020735,213.75435425114088,-0.1745,66.5595483870759,-9.510631590679557,0.165,-2.405430683134392,1.1443197679327202
84.39999999999948,-2.663733822612685,5520.241440970852,212.80318238331,-0.1745,66.58642098848495,-9.512805765938008,0.165,-2.405430683134392,1.1443197679327202
84.49999999999947,-1.8411012305826455,5526.901421820178,211.85179659175674,-0.1745,66.61319599804027,-9.514910065127541,0.165,-2.405430683134392,1.1443197679327202
84.59999999999947,-2.1347952507967882,5533.5632228712775,211.03941312821348,-0.06225,66.62282502393698,-6.732759205737672,0.8300000000000001,-2.405430683134392,1.1443197679327202
84.69999999999946,-2.325087778705322,5540.2188941207105,210.31750203112085,-0.1745,66.49059996473004,-7.705462736114843,0.165,-2.405430683134392,1.1443197679327202
84.79999999999946,-2.448304257411405,5546.864298056412,209.51542505675312,-0.1745,66.41747874929166,-8.336076751239688,0.165,-2.405430683134392,1.1443197679327202
84.89999999999945,-2.5280564007951076,5553.504226778192,208.6613696601291,-0.1745,66.38109568630136,-8.745031181240591,0.165,-2.405430683134392,1.1443197679327202
84.99999999999945,-2.5796703593950614,5560.141673695749,207.77359995328263,-0.1745,66.36784266483215,-9.010362955689278,0.165,-2.405430683134392,1.1443197679327202
85.09999999999944,-2.613081650860898,5566.778529070809,206.86394767378397,-0.1745,66.36926483637433,-9.182682634283895,0.165,-2.405430683134392,1.1443197679327202
85.19999999999943,-2.634724702849176,5573.415994108105,205.94007350243788,-0.1745,66.38003590955465,-9.294800792637712,0.165,-2.405430683134392,1.1443197679327202
85.29999999999943,-2.648763332043866,5580.05483440182,205.00693478039105,-0.1745,66.3967699647321,-9.36797364829871,0.165,-2.405430683134392,1.1443197679327202
85.39999999999942,-2.6578903903509032,5586.6955379971705,204.06773796575163,-0.1745,66.4173019422768,-9.415962644489822,0.165,-2.405430683134392,1.1443197679327202
85.49999999999942,-2.6638465913241296,5593.338415207922,203.12455623894996,-0.1745,66.44024227274085,-9.447671891543475,0.165,-2.405430683134392,1.1443197679327202
85.59999999999941,-1.8470243058397742,5599.98366217367,202.17872964987737,-0.1745,66.46469704224305,-9.468859889908263,0.165,-2.405430683134392,1.1443197679327202
85.6999999999994,-2.1417985164653386,5606.628966411665,201.3698198754819,-0.06225,66.44138771764115,-6.70933559800092,0.495,-2.405430683134392,1.1443197679327202
85.7999999999994,-2.333059841208041,5613.26652467952,200.65020126874688,-0.1745,66.30977763947814,-7.683036536699665,0.165,-2.405430683134392,1.1443197679327202
85.8999999999994,-2.457074630706045,5619.893872123026,199.85028818800163,-0.1745,66.23717123063597,-8.315225078205424,0.165,-2.405430683134392,1.1443197679327202
85.99999999999939,-2.5374513928975926,5626.51579505209,198.99823673968737,-0.1745,66.20128735063122,-8.725803888079527,0.165,-2.405430683134392,1.1443197679327202
86.09999999999938,-2.589536847072388,5633.135287074295,198.11231741636493,-0.1745,66.18855309347494,-8.992582578369335,0.165,-2.405430683134392,1.1443197679327202
86.19999999999938,-2.6232944118936636,5639.7542409893185,197.20438334459317,-0.1745,66.19052520699896,-9.166098857066164,0.165,-2.405430683134392,1.1443197679327202
86.29999999999937,-2.6451859509553612,5646.373861151474,196.28212018406165,-0.1745,66.20187803610419,-9.279164353564216,0.165,-2.405430683134392,1.1443197679327202
86.39999999999937,-2.6593990587104113,5652.994916138132,195.3505086109626,-0.1745,66.21922169706075,-9.35306710841682,0.165,-2.405430683134392,1.1443197679327202
86.49999999999936,-2.668645839370323,5659.617896509458,194.41277479463258,-0.1745,66.24038572946128,-9.4016092181836,0.165,-2.405430683134392,1.1443197679327202
86.59999999999935,-2.674681944501003,5666.243114556967,193.47100763365557,-0.1745,66.26397522072944,-9.433734001356507,0.165,-2.405430683134392,1.1443197679327202
86.69999999999935,-2.678643426417828,5672.870767897719,192.52655925259137,-0.1745,66.28909159429729,-9.455233619927466,0.165,-2.405430683134392,1.1443197679327202
86.79999999999934,-2.68126515699024,5679.500980237407,191.58030467856108,-0.1745,66.31515519947335,-9.469857860678108,0.165,-2.405430683134392,1.1443197679327202
86.89999999999934,-2.6830223561263162,5686.13382758925,190.6328101126043,-0.1745,66.34179183738779,-9.48003345845758,0.165,-2.405430683134392,1.1443197679327202
86.99999999999933,-2.6842222495835886,5692.769355174624,189.68444191783368,-0.1745,66.36875987008179,-9.48733043695433,0.165,-2.405430683134392,1.1443197679327202
87.09999999999933,-2.68506340410332,5699.407588331673,188.73543718224363,-0.1745,66.39590327088304,-9.492764274846866,0.165,-2.405430683134392,1.1443197679327202
87.19999999999932,-2.685674124745657,5706.0485395618425,187.7859493880784,-0.1745,66.42312133251166,-9.496991608457705,0.165,-2.405430683134392,1.1443197679327202
87.29999999999932,-2.6861372951790212,5712.692213083608,186.83607796090735,-0.1745,66.45034910279527,-9.500436934963394,0.165,-2.405430683134392,1.1443197679327202
87.39999999999931,-2.686506443082142,5719.338607775825,185.88588738329364,-0.1745,66.4775447415474,-9.503374617310692,0.165,-2.405430683134392,1.1443197679327202
87.4999999999993,-2.6868161277263614,5725.987719080288,184.93541955521374,-0.1745,66.50468134771262,-9.50598194428715,0.165,-2.405430683134392,1.1443197679327202
87.5999999999993,-2.6870886547427535,5732.639540231455,183.98470178534035,-0.1745,66.53174167561556,-9.508373453180596,0.165,-2.405430683134392,1.1443197679327202
87.69999999999929,-2.68733841567341,5739.294063051188,183.03375195636468,-0.1745,66.55871471903649,-9.510623126332582,0.165,-2.405430683134392,1.1443197679327202
87.79999999999929,-2.687574691846508,5745.95127846229,182.08258186293494,-0.1745,66.58559350301192,-9.51277874226193,0.165,-2.405430683134392,1.1443197679327202
87.89999999999928,-2.6878034656090004,5752.611176820268,181.13119936821283,-0.1745,66.61237365654884,-9.514871152180348,0.165,-2.405430683134392,1.1443197679327202
87.99999999999928,-2.6880285900760565,5759.273748127607,180.17960979685745,-0.1745,66.63905249023865,-9.516920274927221,0.165,-2.405430683134392,1.1443197679327202
88.09999999999927,-2.688252544423984,5765.9389821721325,179.22781683459542,-0.1745,66.66562840027294,-9.518938970313458,0.165,-2.405430683134392,1.1443197679327202
88.19999999999926,-2.6884769214665782,5772.606868616318,178.2758231090227,-0.1745,66.69210048343349,-9.520935541140979,0.165,-2.405430683134392,1.1443197679327202
88.29999999999926,-2.6887027423394114,5779.277397054911,177.32363056451337,-0.1745,66.71846828842384,-9.52291534904566,0.165,-2.405430683134392,1.1443197679327202
88.39999999999925,-2.6889306595545914,5785.950557052097,176.37124070417087,-0.1745,66.74473165529358,-9.524881857804166,0.165,-2.405430683134392,1.1443197679327202
88.49999999999925,-2.6891610879965056,5792.62633816545,175.41865474593956,-0.1745,66.77089061176977,-9.526837306822044,0.165,-2.405430683134392,1.1443197679327202
88.59999999999924,-2.6893942894122542,5799.304729961355,174.4658737233086,-0.1745,66.79694530634178,-9.528783145797197,0.165,-2.405430683134392,1.1443197679327202
88.69999999999924,-2.689630426895029,5805.985722024927,173.51289855025937,-0.1745,66.82289596507849,-9.530720315187143,0.165,-2.405430683134392,1.1443197679327202
88.79999999999923,-2.689869600009973,5812.669303966369,172.55973006314292,-0.1745,66.8487428637665,-9.532649427141745,0.165,-2.405430683134392,1.1443197679327202
88.89999999999922,-2.6901118674351827,5819.355465425054,171.60636904767583,-0.1745,66.8744863099373,-9.534570882199885,0.165,-2.405430683134392,1.1443197679327202
88.99999999999922,-2.690357261552185,5826.044196072115,170.65281625633887,-0.1745,66.9001266312755,-9.53648494453938,0.165,-2.405430683134392,1.1443197679327202
89.09999999999921,-2.6906057978463656,5832.7354856120855,169.6990724195874,-0.1745,66.92566416814427,-9.538391790490188,0.165,-2.405430683134392,1.1443197679327202
89.1999999999992,-2.690857480962143,5839.429323783931,168.7451382530727,-0.1745,66.95109926876607,-9.54029153980384,0.165,-2.405430683134392,1.1443197679327202
89.2999999999992,-2.691112308602438,5846.125700361676,167.7910144622923,-0.1745,66.97643228611618,-9.542184275803923,0.165,-2.405430683134392,1.1443197679327202
89.3999999999992,-2.691370274039253,5852.824605154778,166.8367017455837,-0.1745,67.00166357592016,-9.544070058368474,0.165,-2.405430683134392,1.1443197679327202
89.49999999999919,-2.691631367729628,5859.526028008342,165.88220079605065,-0.1745,67.02679349536328,-9.545948932292315,0.165,-2.405430683134392,1.1443197679327202
89.59999999999918,-2.691895578355444,5866.229958803223,164.92751230280243,-0.1745,67.05182240225857,-9.547820932672213,0.165,-2.405430683134392,1.1443197679327202
89.69999999999918,-2.6921628934922652,5872.936387456061,163.97263695175013,-0.1745,67.07675065451053,-9.549686088373956,0.165,-2.405430683134392,1.1443197679327202
89.79999999999917,-2.6924333000393785,5879.645303919276,163.01757542611824,-0.1745,67.10157860976929,-9.55154442426396,0.165,-2.405430683134392,1.1443197679327202
89.89999999999917,-2.6927067844961416,5886.3566981810245,162.0623284067728,-0.1745,67.12630662520733,-9.55339596264522,0.165,-2.405430683134392,1.1443197679327202
89.99999999999916,-2.6929833331394315,5893.070560265153,161.10689657243148,-0.1745,67.15093505737539,-9.555240724180994,0.165,-2.405430683134392,1.1443197679327202
90.09999999999916,-2.693262932137481,5899.786880231128,160.15128059979799,-0.1745,67.1754642621091,-9.557078728488722,0.165,-2.405430683134392,1.1443197679327202
90.19999999999915,-2.6935455676227886,5906.505648173957,159.19548116364746,-0.1745,67.19989459446849,-9.55890999452172,0.165,-2.405430683134392,1.1443197679327202
90.29999999999914,-2.6938312257387187,5913.226854224115,158.23949893688066,-0.1745,67.22422640869851,-9.56073454081431,0.165,-2.405430683134392,1.1443197679327202
90.39999999999914,-2.694119892669184,5919.950488547461,157.28333459055798,-0.1745,67.24846005820325,-9.562552385639108,0.165,-2.405430683134392,1.1443197679327202
90.49999999999913,-2.6944115546574676,5926.676541345148,156.32698879392063,-0.1745,67.27259589552881,-9.564363547107806,0.165,-2.405430683134392,1.1443197679327202
90.59999999999913,-2.694706198018043,5933.405002853541,155.37046221440346,-0.1745,67.29663427235188,-9.56616804323564,0.165,-2.405430683134392,1.1443197679327202
90.69999999999912,-2.695003809143927,5940.135863344132,154.41375551764256,-0.1745,67.32057553947197,-9.567965891982482,0.165,-2.405430683134392,1.1443197679327202
90.79999999999912,-2.695304374511135,5946.869113123446,153.4568693674795,-0.1745,67.344420046806,-9.56975711127894,0.165,-2.405430683134392,1.1443197679327202
90.89999999999911,-2.69560788068131,5953.604742532956,152.49980442596342,-0.1745,67.36816814338435,-9.571541719042816,0.165,-2.405430683134392,1.1443197679327202
90.9999999999991,-2.695914314303147,5960.342741948993,151.5425613533518,-0.1745,67.39182017734804,-9.57331973318936,0.165,-2.405430683134392,1.1443197679327202
91.0999999999991,-2.696223662113071,5967.083101782658,150.58514080811045,-0.1745,67.41537649594642,-9.575091171637558,0.165,-2.405430683134392,1.1443197679327202
91.1999999999991,-2.6965359109354297,5973.825812479732,149.62754344691288,-0.1745,67.43883744553544,-9.576856052313875,0.165,-2.405430683134392,1.1443197679327202
91.29999999999909,-2.696851047682374,5980.570864520588,148.66976992463947,-0.1745,67.46220337157611,-9.578614393154355,0.165,-2.405430683134392,1.1443197679327202
91.39999999999908,-2.6971690593535453,5987.318248420098,147.71182089437647,-0.1745,67.48547461863319,-9.58036621210568,0.165,-2.405430683134392,1.1443197679327202
91.49999999999908,-2.6974899330356363,5994.067954727549,146.7536970074149,-0.1745,67.50865153037404,-9.582111527125562,0.165,-2.405430683134392,1.1443197679327202
91.59999999999907,-2.69781365590188,6000.819974026545,145.7953989132495,-0.1745,67.5317344495676,-9.583850356182712,0.165,-2.405430683134392,1.1443197679327202
91.69999999999906,-2.698140215211486,6007.574296934928,144.83692725957755,-0.1745,67.55472371808335,-9.58558271725653,0.165,-2.405430683134392,1.1443197679327202
91.79999999999906,-2.6984695983090474,6014.330914104677,143.8782826922979,-0.1745,67.5776196768905,-9.587308628336638,0.165,-2.405430683134392,1.1443197679327202
91.89999999999905,-2.6991266208522537,6021.089816221824,142.91946585550994,-0.1745,67.6004226660571,-9.589028107422298,0.165,-2.405430683134392,1.1443197679327202
91.99999999999905,-2.6991188078761876,6027.852618948589,141.96019092552098,-0.1745,67.65563186925522,-9.596470492356948,0.495,-2.405430683134392,1.1443197679327202
92.09999999999904,-2.6992387459084197,6034.619315373789,141.00051746871506,-0.1745,67.67829663472455,-9.596998643761328,0.165,-2.405430683134392,1.1443197679327202
92.19999999999904,-2.69944133109218,6041.388270440354,140.04077042358006,-0.1745,67.70080469658161,-9.597942258938549,0.165,-2.405430683134392,1.1443197679327202
92.29999999999903,-2.699697718841186,6048.15946967055,139.0809158475047,-0.1745,67.72317990733234,-9.599149262568577,0.165,-2.405430683134392,1.1443197679327202
92.39999999999903,-1.8648224931125668,6054.932900548237,138.12093226494255,-0.1745,67.74543764640161,-9.600522388674646,0.165,-2.405430683134392,1.1443197679327202
92.49999999999902,-2.1677666208219,6061.704521507111,137.30475359114598,-0.06225,67.68698153108222,-6.723051087256647,0.165,-2.405430683134392,1.1443197679327202
92.59999999999901,-2.362498615965671,6068.465972758283,136.58152639967977,-0.1745,67.54204349235711,-7.741492742067675,0.165,-2.405430683134392,1.1443197679327202
92.69999999999901,-2.487615044345298,6075.216091493,135.77464446137967,-0.1745,67.46033120198072,-8.396146023934566,0.165,-2.405430683134392,1.1443197679327202
92.799999999999,-2.567992480115669,6081.959985836866,134.91398317492292,-0.1745,67.4175556753272,-8.81707970520014,0.165,-2.405430683134392,1.1443197679327202
92.899999999999,-1.7881254620764733,6088.700817905958,134.01873710036926,-0.1745,67.399085706506,-9.087841785872696,0.165,-2.405430683134392,1.1443197679327202
92.99999999999899,-2.120369283882913,6095.44132270963,133.24316372001462,-0.06225,67.41101036694393,-6.423625821220272,0.8300000000000001,-2.405430683134392,1.1443197679327202
93.09999999999899,-2.3344865780223794,6102.174407410071,132.54519863526252,-0.1745,67.25068364187486,-7.5356758738216705,0.165,-2.405430683134392,1.1443197679327202
93.19999999999898,-2.4723994986395987,6108.894932108175,131.75580121992536,-0.1745,67.15981032022277,-8.25227243292181,0.165,-2.405430683134392,1.1443197679327202
93.29999999999897,-2.561205032268818,6115.608505374005,130.90747763590105,-0.1745,67.11165499637343,-8.71419924756424,0.165,-2.405430683134392,1.1443197679327202
93.39999999999897,-2.618394695142893,6122.318596471365,130.0211642944056,-0.1745,67.09016695082077,-9.0120675823448,0.165,-2.405430683134392,1.1443197679327202
93.49999999999896,-2.655245152584172,6129.027378742387,129.11034635517083,-0.1745,67.0854784696226,-9.204291202350493,0.165,-2.405430683134392,1.1443197679327202
93.59999999999896,-2.679018858989781,6135.736224034815,128.1837056863276,-0.1745,67.09142737893423,-9.328522174513882,0.165,-2.405430683134392,1.1443197679327202
93.69999999999895,-1.8663516772024509,6142.4460017058245,127.24682882262879,-0.1745,67.10412604126059,-9.4090150994628,0.165,-2.405430683134392,1.1443197679327202
93.79999999999895,-2.1734982359137605,6149.155241942423,126.44445447887168,-0.06225,67.08067869071049,-6.63847177567936,0.495,-2.405430683134392,1.1443197679327202
93.89999999999894,-2.3718679328113224,6155.856150981881,125.72942723429694,-0.1745,66.93750209843589,-7.662073115815484,0.165,-2.405430683134392,1.1443197679327202
93.99999999999893,-2.4999129421151585,6162.545892194705,124.9301581725486,-0.1745,66.85732215803984,-8.32330811915118,0.165,-2.405430683134392,1.1443197679327202
94.09999999999893,-2.5825417478015944,6169.229563378259,124.07646336094969,-0.1745,66.81610151304308,-8.75058811282697,0.165,-2.405430683134392,1.1443197679327202
94.19999999999892,-2.6358675126247446,6175.910333637661,123.18759373784845,-0.1745,66.7993036750026,-9.02680434919784,0.165,-2.405430683134392,1.1443197679327202
94.29999999999892,-2.6703006616704688,6182.590195947314,122.27597729759853,-0.1745,66.7979425180498,-9.205524455800495,0.165,-2.405430683134392,1.1443197679327202
94.39999999999891,-2.692560398710781,6189.270412171919,121.34963328970952,-0.1745,66.8063819740461,-9.321355701979845,0.165,-2.405430683134392,1.1443197679327202
94.4999999999989,-1.8821987103688265,6195.951783947443,120.41373343868273,-0.1745,66.82105353643551,-9.396641318555819,0.165,-2.405430683134392,1.1443197679327202
94.5999999999989,-2.186460584291549,6202.632735091577,119.61163618694707,-0.06225,66.79796934624272,-6.645303716157514,0.495,-2.405430683134392,1.1443197679327202
94.6999999999989,-2.383384918579235,6209.305555617172,118.89660951989795,-0.1745,66.65844116566507,-7.65522962482479,0.165,-2.405430683134392,1.1443197679327202
94.79999999999889,-2.5107624819217227,6215.967512891942,118.0983927199009,-0.1745,66.58070432971954,-8.30910637511607,0.165,-2.405430683134392,1.1443197679327202
94.89999999999888,-2.593128131237912,6222.62361199206,117.2463080569642,-0.1745,66.54127767266233,-8.732586883618085,0.165,-2.405430683134392,1.1443197679327202
94.99999999999888,-2.646388464949992,6229.2769719841,116.35933016757605,-0.1745,66.52592216812037,-9.006970904144822,0.165,-2.405430683134392,1.1443197679327202
95.09999999999887,-2.6808430595470285,6235.929558787699,115.44973580184534,-0.1745,66.52581390385082,-9.184916410469286,0.165,-2.405430683134392,1.1443197679327202
95.19999999999887,-1.8820740620117062,6242.582619771584,114.52546403436911,-0.1745,66.53540577386318,-9.300518939055278,0.165,-2.405430683134392,1.1443197679327202
95.29999999999886,-2.188960422104612,6249.233408710369,113.73057491937469,-0.06225,66.4803730018291,-6.59726336083301,0.165,-2.405430683134392,1.1443197679327202
95.39999999999885,-2.205831425794286,6255.874503546295,113.02015202233598,-0.1745,66.34152371668607,-7.611194579941254,0.165,-2.405430683134392,1.1443197679327202
95.49999999999885,-2.39920038435994,6262.508533509768,112.25631559325738,-0.1495,66.33907555278171,-7.665534001630532,0.165,-2.405430683134392,1.1443197679327202
95.59999999999884,-2.5245724205333318,6269.138745407819,111.45779935808652,-0.1745,66.26516240824569,-8.304790701786647,0.165,-2.405430683134392,1.1443197679327202
95.69999999999884,-2.605827722162774,6275.763425185439,110.60656649573221,-0.1745,66.22843314413768,-8.71986654529953,0.165,-2.405430683134392,1.1443197679327202
95.79999999999883,-2.658486805561633,6282.385603527699,109.72109798008776,-0.1745,66.2151337010557,-8.989503767589285,0.165,-2.405430683134392,1.1443197679327202
95.89999999999883,-2.692624056518358,6289.0071958902545,108.81338105831334,-0.1745,66.21671355005489,-9.164834667899207,0.165,-2.405430683134392,1.1443197679327202
95.99999999999882,-2.715452196763433,6295.6294206665525,107.89118681197169,-0.1745,66.22778197591049,-9.279050258933733,0.165,-2.405430683134392,1.1443197679327202
96.09999999999881,-2.7291410582418587,6302.256329720226,106.95897300234958,-0.1745,66.31039909756038,-9.365225933508464,0.8300000000000001,-2.405430683134392,1.1443197679327202
96.19999999999881,-2.7380605503854154,6308.888423693597,106.02011636475696,-0.1745,66.3314803698666,-9.411906818343834,0.165,-2.405430683134392,1.1443197679327202
96.2999999999988,-2.7438989976688166,6315.522742292157,105.07738109810573,-0.1745,66.35489160132414,-9.442798514680682,0.165,-2.405430683134392,1.1443197679327202
96.3999999999988,-1.9279907901668802,6322.159475245158,104.13206722129647,-0.1745,66.37976745870169,-9.463479021504684,0.165,-2.405430683134392,1.1443197679327202
96.49999999999879,-2.222050859638767,6328.796292463118,103.32337588480291,-0.06225,66.35657690049848,-6.710347708366333,0.495,-2.405430683134392,1.1443197679327202
96.59999999999879,-2.412985210957837,6335.425420135439,102.60383908208685,-0.1745,66.22597654590687,-7.680388345954968,0.165,-2.405430683134392,1.1443197679327202
96.69999999999878,-2.5368804843460566,6342.044421737555,101.80428835541865,-0.1745,66.15405549642351,-8.310626187409177,0.165,-2.405430683134392,1.1443197679327202
96.79999999999878,-2.617243935479234,6348.658058616447,100.95274630431024,-0.1745,66.11868208141995,-8.720214834758965,0.165,-2.405430683134392,1.1443197679327202
96.89999999999877,-2.669366591444879,6355.2693109051725,100.06740898851166,-0.1745,66.10636369308224,-8.986531481212495,0.165,-2.405430683134392,1.1443197679327202
96.99999999999876,-2.703182253178316,6361.880064137735,99.16008906666485,-0.1745,66.10870095815429,-9.159866955723535,0.165,-2.405430683134392,1.1443197679327202
97.09999999999876,-2.7251377980677143,6368.491518799697,98.23845099808376,-0.1745,66.12039228108735,-9.272894415898147,0.165,-2.405430683134392,1.1443197679327202
97.19999999999875,-1.9228796652628612,6375.104441456787,97.30746497117252,-0.1745,66.13806086071824,-9.346826122326732,0.165,-2.405430683134392,1.1443197679327202
97.29999999999875,-2.2215310787377476,6381.7154972999315,96.50777660870524,-0.06225,66.08305600216745,-6.646941127018717,0.165,-2.405430683134392,1.1443197679327202
97.39999999999874,-2.415865326791162,6388.317234364966,95.7940226555991,-0.1745,65.95168529852046,-7.628137935104126,0.165,-2.405430683134392,1.1443197679327202
97.49999999999874,-2.5422327318727147,6394.908793161625,94.99926338121121,-0.1745,65.87949063467234,-8.267047552653718,0.165,-2.405430683134392,1.1443197679327202
97.59999999999873,-2.624367075091232,6401.494978235998,94.15175097837644,-0.1745,65.84421085278503,-8.683200504041709,0.165,-2.405430683134392,1.1443197679327202
97.69999999999872,-2.677742072459543,6408.07880165951,93.26987149150679,-0.1745,65.83225761744791,-8.954389233351266,0.165,-2.405430683134392,1.1443197679327202
97.79999999999872,-2.7124329489287624,6414.662172519332,92.36558760383996,-0.1745,65.83515957898504,-9.131288519985379,0.165,-2.405430683134392,1.1443197679327202
97.89999999999871,-2.7349929908376494,6421.246308542488,91.44667840160449,-0.1745,65.84756088413039,-9.246895524723886,0.165,-2.405430683134392,1.1443197679327202
97.9999999999987,-2.749681222590856,6427.831988788859,90.51819956870285,-0.1745,65.86604404329603,-9.322681133308857,0.165,-2.405430683134392,1.1443197679327202
98.0999999999987,-2.7592638638720395,6434.4197117572185,89.58343519609691,-0.1745,65.88841532387983,-9.372606318810044,0.165,-2.405430683134392,1.1443197679327202
98.1999999999987,-2.7655366622145956,6441.0097955807505,88.6445177120187,-0.1745,65.91326114675508,-9.405743362754214,0.165,-2.405430683134392,1.1443197679327202
98.29999999999869,-2.769664882878094,6447.602442061422,87.70283130718471,-0.1745,65.93966846668583,-9.427984733925419,0.165,-2.405430683134392,1.1443197679327202
98.39999999999868,-1.9573992335411952,6454.197777819637,86.75927427114836,-0.1745,65.96704669761195,-9.443155986801699,0.165,-2.405430683134392,1.1443197679327202
98.49999999999868,-2.247436604300133,6460.793349340881,85.95117166762424,-0.06225,65.94438372727195,-6.7188960836805744,0.495,-2.405430683134392,1.1443197679327202
98.59999999999867,-2.4363391749291745,6467.381512269977,85.23172541018859,-0.1745,65.81887485465994,-7.670029065032528,0.165,-2.405430683134392,1.1443197679327202
98.69999999999867,-2.5592873634199864,6473.959976229739,84.43372347686476,-0.1745,65.75040434057857,-8.290009601444188,0.165,-2.405430683134392,1.1443197679327202
98.79999999999866,-2.6392724376245584,6480.533375869255,83.58451030941734,-0.1745,65.71758844973336,-8.694253747504135,0.165,-2.405430683134392,1.1443197679327202
98.89999999999866,-2.691297791143649,6487.104622245763,82.70189940144301,-0.1745,65.70733908041812,-8.957964411982356,0.165,-2.405430683134392,1.1443197679327202
98.99999999999865,-2.725141470939402,6493.675563181705,81.7974922021462,-0.1745,65.71147963842459,-9.13017957395398,0.165,-2.405430683134392,1.1443197679327202
99.09999999999864,-2.7471694306180403,6500.247378756725,80.87884014165573,-0.1745,65.72483186197489,-9.242861635855585,0.165,-2.405430683134392,1.1443197679327202
99.19999999999864,-2.7615228563984977,6506.82082469209,79.95085565267699,-0.1745,65.74408684533256,-9.316828143719153,0.165,-2.405430683134392,1.1443197679327202
99.29999999999863,-2.7708939870205485,6513.396384928132,79.01673283399612,-0.1745,65.76711787549195,-9.365628229898464,0.165,-2.405430683134392,1.1443197679327202
99.39999999999863,-2.7770322069547886,6519.974368470913,78.07854767243813,-0.1745,65.79255298012976,-9.398075001261175,0.165,-2.405430683134392,1.1443197679327202
99.49999999999862,-2.781073776553429,6526.554971371495,77.13764901782442,-0.1745,65.81950503152312,-9.419898091013083,0.165,-2.405430683134392,1.1443197679327202
99.59999999999862,-1.9705241212141569,6533.138316603879,76.1949130678612,-0.1745,65.84739961614812,-9.43482090825125,0.165,-2.405430683134392,1.1443197679327202
99.69999999999861,-2.259533140445594,6539.720285171201,75.38728430801983,-0.06225,65.79197173030524,-6.717754288575975,0.165,-2.405430683134392,1.1443197679327202
99.7999999999986,-2.4479815805670393,6546.293287439429,74.66822535162541,-0.1745,65.66807363425224,-7.663424839312505,0.165,-2.405430683134392,1.1443197679327202
99.8999999999986,-2.570772503055787,6552.856726781509,73.87102450766972,-0.1745,65.60071320734755,-8.280592039801332,0.165,-2.405430683134392,1.1443197679327202
99.9999999999986,-2.6507434080044594,6559.415199435176,73.02282042201185,-0.1745,65.56873986598984,-8.68348967335592,0.165,-2.405430683134392,1.1443197679327202
100.09999999999859,-2.702815123353016,6565.971595952978,72.14131380526786,-0.1745,65.55919049003988,-8.946642661523933,0.165,-2.405430683134392,1.1443197679327202
100.19999999999858,-2.736723412119113,6572.527753296425,71.23804637810046,-0.1745,65.56395637889165,-9.11870588182381,0.165,-2.405430683134392,1.1443197679327202
100.29999999999858,-2.758814171570532,6579.084845920817,70.32053957740928,-0.1745,65.57789610896467,-9.23143013200003,0.165,-2.405430683134392,1.1443197679327202
100.39999999999857,-2.773220382944494,6585.643626749726,69.39369208056652,-0.1745,65.59772046919377,-9.30551980485505,0.165,-2.405430683134392,1.1443197679327202
100.49999999999856,-2.7826320870205237,6592.204578421129,68.46069277204855,-0.1745,65.62131295887244,-9.354466365504472,0.165,-2.405430683134392,1.1443197679327202
100.59999999999856,-2.7887992706875693,6598.7680094001535,67.52361666578777,-0.1745,65.64730662162285,-9.387055759710936,0.165,-2.405430683134392,1.1443197679327202
100.69999999999855,-2.7928599000405683,6605.334115559099,66.58381354460629,-0.1745,65.6748165572763,-9.409006663918616,0.165,-2.405430683134392,1.1443197679327202
100.79999999999855,-1.9831866064136636,6611.903019843804,65.64216122611893,-0.1745,65.70326913683297,-9.4240397058285,0.165,-2.405430683134392,1.1443197679327202
100.89999999999854,-2.271114693916437,6618.4739044974485,64.83483399896494,-0.06225,65.71442393605246,-6.722504837251197,0.8300000000000001,-2.405430683134392,1.1443197679327202
100.99999999999854,-2.4589667284748478,6625.039208733895,64.11552959399381,-0.1745,65.59166079287809,-7.663583262171279,0.165,-2.405430683134392,1.1443197679327202
101.09999999999853,-2.5814390431147527,6631.5950448270905,63.31844396916442,-0.1745,65.52506107103316,-8.278129234416552,0.165,-2.405430683134392,1.1443197679327202
101.19999999999852,-2.6612474908421593,6638.1459798522055,62.47055945316671,-0.1745,65.49363943126086,-8.679561085537719,0.165,-2.405430683134392,1.1443197679327202
101.29999999999852,-2.713242235631542,6644.694888009213,61.58948546875458,-0.1745,65.48452370888333,-8.941918602704819,0.165,-2.405430683134392,1.1443197679327202
101.39999999999851,-2.74711866094394,6651.243597014063,60.68671106599415,-0.1745,65.48965638812344,-9.113569452503736,0.165,-2.405430683134392,1.1443197679327202
101.49999999999851,-2.769200067382548,6657.793276091387,59.76972779365285,-0.1745,65.50392515835286,-9.226095994322371,0.165,-2.405430683134392,1.1443197679327202
101.5999999999985,-2.7836071372578317,6664.3446752192585,58.84341774001786,-0.1745,65.52405739906997,-9.300105078377344,0.165,-2.405430683134392,1.1443197679327202
101.6999999999985,-2.7930234751616094,6670.898275389909,57.91096085699093,-0.1745,65.54794601393961,-9.349032582161279,0.165,-2.405430683134392,1.1443197679327202
101.79999999999849,-2.799195898183498,6677.454384156277,56.97442755673623,-0.1745,65.57422931343143,-9.381633422932701,0.165,-2.405430683134392,1.1443197679327202
101.89999999999849,-2.803260970401671,6684.013196886433,56.03516541388252,-0.1745,65.60202528969582,-9.40360943414163,0.165,-2.405430683134392,1.1443197679327202
101.99999999999848,-2.8059579284638736,6690.574836243695,55.09405131923837,-0.1745,65.63076185553858,-9.418672458741323,0.165,-2.405430683134392,1.1443197679327202
102.09999999999847,-2.8077674265751895,6697.139377720077,54.15165579737327,-0.1745,65.6600676721085,-9.42923797856062,0.165,-2.405430683134392,1.1443197679327202
102.19999999999847,-1.9975842343745989,6703.706866185624,53.20835003075336,-0.1745,65.68970163881056,-9.436877353837698,0.165,-2.405430683134392,1.1443197679327202
102.29999999999846,-2.2844167320188986,6710.273070994589,52.40014463836838,-0.06225,65.63439454049254,-6.727230493861807,0.165,-2.405430683134392,1.1443197679327202
102.39999999999846,-2.4716657265219757,6716.830430186614,51.68060106462876,-0.1745,65.51278929999354,-7.663640980930625,0.165,-2.405430683134392,1.1443197679327202
102.49999999999845,-2.5938171715318266,6723.378417996181,50.88364278730955,-0.1745,65.44696689136063,-8.275524565453669,0.165,-2.405430683134392,1.1443197679327202
102.59999999999845,-2.67346315859494,6729.921571839641,50.036093082658226,-0.1745,65.41610997782128,-8.675469527572766,0.165,-2.405430683134392,1.1443197679327202
102.69999999999844,-2.7253819958947334,6736.4627492845075,49.15546851712128,-0.1745,65.40743891950514,-8.937021783166259,0.165,-2.405430683134392,1.1443197679327202
102.79999999999843,-2.7592280399209606,6743.003768644661,48.25320459611006,-0.1745,65.41294828357024,-9.108256637058124,0.165,-2.405430683134392,1.1443197679327202
102.89999999999843,-2.7813016617319777,6749.545793828074,47.33676251262632,-0.1745,65.42755538468204,-9.220585032616627,0.165,-2.405430683134392,1.1443197679327202
102.99999999999842,-2.795711088677051,6756.089571821391,46.41100753099242,-0.1745,65.44800448165097,-9.294514600061396,0.165,-2.405430683134392,1.1443197679327202
103.09999999999842,-2.805133428915264,6762.635581947555,45.47911056511438,-0.1745,65.4721980416387,-9.343424717499383,0.165,-2.405430683134392,1.1443197679327202
103.19999999999841,-2.811312318560086,6769.184130835962,44.54313738904831,-0.1745,65.4987797265026,-9.376038803822027,0.165,-2.405430683134392,1.1443197679327202
103.2999999999984,-2.815382931357717,6775.735413345436,43.60443336745319,-0.1745,65.52687046299182,-9.39804162808044,0.165,-2.405430683134392,1.1443197679327202
103.3999999999984,-2.8180840400166596,6782.2895518548185,42.66387447795894,-0.1745,65.55589972464257,-9.413136161804491,0.165,-2.405430683134392,1.1443197679327202
103.4999999999984,-2.8198962824170963,6788.846621689262,41.72203099164616,-0.1745,65.5854969642229,-9.423733564451164,0.165,-2.405430683134392,1.1443197679327202
103.59999999999839,-2.821132262323889,6795.406667610068,40.77927414718278,-0.1745,65.61542145190965,-9.431403324816268,0.165,-2.405430683134392,1.1443197679327202
103.69999999999838,-2.821995236674117,6801.969714523107,39.835845642988886,-0.1745,65.64551680885216,-9.437166759061713,0.165,-2.405430683134392,1.1443197679327202
103.79999999999838,-2.8226173270883272,6808.5357744382245,38.891902890812986,-0.1745,65.6756814935073,-9.441688284456271,0.165,-2.405430683134392,1.1443197679327202
103.89999999999837,-2.82371983862729,6815.104850994083,37.947548475418635,-0.1745,65.7058496236591,-9.4454000234307,0.165,-2.405430683134392,1.1443197679327202
103.99999999999837,-2.8233816511707843,6821.680216905416,37.0022720544763,-0.1745,65.80146860301535,-9.460128395415937,0.8300000000000001,-2.405430683134392,1.1443197679327202
104.09999999999836,-2.823231355162139,6828.261871795306,36.05623543748924,-0.1745,65.83162919479362,-9.460603944325173,0.165,-2.405430683134392,1.1443197679327202
104.19999999999835,-2.823204310157057,6834.846532238158,35.11012146140193,-0.1745,65.86157966224555,-9.461675577421074,0.165,-2.405430683134392,1.1443197679327202
104.29999999999835,-2.8238953104633238,6841.43417886628,34.16388111340446,-0.1745,65.89135290019408,-9.463131382528392,0.165,-2.405430683134392,1.1443197679327202
104.39999999999834,-2.823299216545261,6848.028069536458,33.21690558233639,-0.1745,65.98646050338077,-9.476379238833069,0.8300000000000001,-2.405430683134392,1.1443197679327202
104.49999999999834,-2.822990623432271,6854.628194292491,32.26929284187472,-0.1745,66.01603461727696,-9.475875570400197,0.165,-2.405430683134392,1.1443197679327202
104.59999999999833,-2.8228695806251904,6861.231263540606,31.32168415981358,-0.1745,66.04535034503103,-9.476298070822695,0.165,-2.405430683134392,1.1443197679327202
104.69999999999833,-2.823188394617269,6867.837253983442,30.374003351855816,-0.1745,66.0744585116905,-9.47731808833254,0.165,-2.405430683134392,1.1443197679327202
104.79999999999832,-2.822922072881961,6874.447771461832,29.425914852283668,-0.1745,66.13589105612834,-9.484451903110442,0.495,-2.405430683134392,1.1443197679327202
104.89999999999831,-2.822833997819298,6881.062802034781,28.47744577589069,-0.1745,66.16472040284442,-9.484929624749114,0.165,-2.405430683134392,1.1443197679327202
104.99999999999831,-2.822862545884054,6887.680705467797,27.528900514885784,-0.1745,66.19334825748662,-9.485975595348993,0.165,-2.405430683134392,1.1443197679327202
105.0999999999983,-2.8229678283326756,6894.301463190525,26.580232397449322,-0.1745,66.2218061970722,-9.487386753380246,0.165,-2.405430683134392,1.1443197679327202
105.1999999999983,-2.8231240288314545,6900.925059240757,25.631411478428166,-0.1745,66.2501148075587,-9.489031627042852,0.165,-2.405430683134392,1.1443197679327202
105.29999999999829,-2.823314440366422,6907.551479358779,24.682418641264782,-0.1745,66.27828755287885,-9.490825116224828,0.165,-2.405430683134392,1.1443197679327202
105.39999999999829,-2.8235282512498605,6914.180710400587,23.7332417779012,-0.1745,66.30633328326971,-9.49271215104683,0.165,-2.405430683134392,1.1443197679327202
105.49999999999828,-2.823758464266548,6920.812739957795,22.78387331510823,-0.1745,66.33425786089387,-9.494657104812534,0.165,-2.405430683134392,1.1443197679327202
105.59999999999827,-2.824000549755712,6927.447556111493,21.83430861303953,-0.1745,66.36206521307071,-9.496636936561503,0.165,-2.405430683134392,1.1443197679327202
105.69999999999827,-2.8242515739582617,6934.08514727287,20.884544928693508,-0.1745,66.38975801447125,-9.498636750358916,0.165,-2.405430683134392,1.1443197679327202
105.79999999999826,-2.824509635056504,6940.725502080038,19.934580745162965,-0.1745,66.41733812887253,-9.500646920251969,0.165,-2.405430683134392,1.1443197679327202
105.89999999999826,-2.824773498372843,6947.368609331238,18.98441533768515,-0.1745,66.44480689514359,-9.502661229304298,0.165,-2.405430683134392,1.1443197679327202
105.99999999999825,-2.825042360448432,6954.014457941613,18.03404849295507,-0.1745,66.47216531234463,-9.504675665297327,0.165,-2.405430683134392,1.1443197679327202
106.09999999999825,-2.825315696503944,6960.663036915205,17.083480327612186,-0.1745,66.49941415950042,-9.506687641560307,0.165,-2.405430683134392,1.1443197679327202
106.19999999999824,-2.8255931618343837,6967.314335326834,16.132711170885777,-0.1745,66.52655407308458,-9.508695492967883,0.165,-2.405430683134392,1.1443197679327202
106.29999999999824,-2.8258745280822524,6973.968342310345,15.181741488737309,-0.1745,66.55358559713444,-9.510698150001474,0.165,-2.405430683134392,1.1443197679327202
106.39999999999823,-2.826159642060958,6980.625047050985,14.230571834836656,-0.1745,66.58050921565616,-9.512694928011594,0.165,-2.405430683134392,1.1443197679327202
106.49999999999822,-2.8264483991546605,6987.284438780446,13.279202818886363,-0.1745,66.60732537357362,-9.514685390994277,0.165,-2.405430683134392,1.1443197679327202
106.59999999999822,-2.8267407261381585,6993.946506773638,12.327635086158958,-0.1745,66.63403449026768,-9.51666926355381,0.165,-2.405430683134392,1.1443197679327202
106.69999999999821,-2.827036570083177,7000.611240346568,11.375869304280304,-0.1745,66.66063696832457,-9.518646374019289,0.165,-2.405430683134392,1.1443197679327202
106.7999999999982,-2.8273358911962743,7007.278628854943,10.423906154694413,-0.1745,66.68713319918687,-9.520616617698527,0.165,-2.405430683134392,1.1443197679327202
106.8999999999982,-2.827638658195897,7013.948661693243,9.471746327152209,-0.1745,66.71352356680292,-9.522579933145547,0.165,-2.405430683134392,1.1443197679327202
106.9999999999982,-2.827944845328921,7020.621328294082,8.519390516153125,-0.1745,66.7398084499825,-9.524536286836131,0.165,-2.405430683134392,1.1443197679327202
107.09999999999819,-2.8282544304455586,7027.296618127777,7.5668394186475885,-0.1745,66.76598822391715,-9.526485663274597,0.165,-2.405430683134392,1.1443197679327202
107.19999999999818,-2.8285673937573463,7033.9745207020305,6.614093732553451,-0.1745,66.79206326116054,-9.528428058608139,0.165,-2.405430683134392,1.1443197679327202
107.29999999999818,-2.8288837170358976,7040.655025561701,5.661154155797749,-0.1745,66.81803393226053,-9.530363476505912,0.165,-2.405430683134392,1.1443197679327202
107.39999999999817,-2.8292033830960044,7047.338122288623,4.708021385697449,-0.1745,66.8439006061662,-9.53229192550008,0.165,-2.405430683134392,1.1443197679327202
107.49999999999817,-2.8295263754621542,7054.023800501455,3.754696118558924,-0.1745,66.86966365048963,-9.534213417270411,0.165,-2.405430683134392,1.1443197679327202
107.59999999999816,-2.8298526781533155,7060.712049855563,2.8011790494185194,-0.1745,66.89532343167407,-9.536127965537682,0.165,-2.405430683134392,1.1443197679327202
107.69999999999816,-2.646033692254501,7067.402860042902,1.8474708718741413,-0.1745,66.92088031510168,-9.538035585349878,0.165,-2.405430683134392,1.1443197679327202
107.79999999999815,-2.712003491116974,7074.102069141028,0.9241948899375371,-0.1495,67.0633016474057,-8.927484053382207,0.8300000000000001,-2.405430683134392,1.1443197679327202
107.89999999999814,-10000.0,7080.807942058536,0.020382745692570925,-0.1745,67.05415670276514,-9.148758831517116,0.165,-2.405430683134392,1.1443197679327202
