t,reward,x,y,theta,vx,vy,throttle,wind_vx,wind_vy
0.0,0.0,11.277102641069748,829.6697626786369,-0.021887815984407324,50.175706505282996,1.000739993627134,0.5,5.1240718454581335,1.5740643534044438
0.1,-0.31572305401560946,11.277102641069748,829.6697626786369,-0.021887815984407324,50.175706505282996,1.000739993627134,0.5,5.1240718454581335,1.5740643534044438
0.2,-0.3418936520283079,16.287646055499266,829.689850539109,-0.13413781598440733,50.03516178330739,-0.5989827841834063,0.165,5.1240718454581335,1.5740643534044438
0.30000000000000004,-0.8517355958915523,21.28242100433873,829.5480110786368,-0.1745,49.860337193481854,-2.237806425258995,0.165,5.1240718454581335,1.5740643534044438
0.4,-1.2458311767950452,26.263496745078438,829.2608252112943,-0.1745,49.761177621312314,-3.505910921591433,0.165,5.1240718454581335,1.5740643534044438
0.5,-1.5495071568926788,31.237295752768645,828.8611205037103,-0.1745,49.71480253249181,-4.48818323009046,0.165,5.1240718454581335,1.5740643534044438
0.6,-1.7827619551692362,36.20833719680508,828.3742721047839,-0.1745,49.706026348236946,-5.248784748436601,0.165,5.1240718454581335,1.5740643534044438
0.7,-1.9613336544864735,41.17986162448768,827.8199744295714,-0.1745,49.724462205414945,-5.837168755813963,0.165,5.1240718454581335,1.5740643534044438
0.7999999999999999,-2.097559042835657,46.15422648780024,827.2135260109727,-0.1745,49.76283506083618,-6.29179961615962,0.165,5.1240718454581335,1.5740643534044438
0.8999999999999999,-2.201071530781973,51.13316581219662,826.5668016083602,-0.1745,49.8159514270916,-6.642688436091135,0.165,5.1240718454581335,1.5740643534044438
0.9999999999999999,-2.279367277835244,56.11796568874704,825.8890046445468,-0.1745,49.88004610391676,-6.913250840176053,0.165,5.1240718454581335,1.5740643534044438
1.0999999999999999,-2.3382615439763823,61.109585744605695,825.187255642556,-0.1745,49.95235501325637,-7.121729199640842,0.165,5.1240718454581335,1.5740643534044438
1.2,-2.382253782366977,66.10874491926864,824.4670538835467,-0.1745,50.030828480002484,-7.282305980546732,0.165,5.1240718454581335,1.5740643534044438
1.3,-2.4148175929885385,71.11598306090434,823.732639435675,-0.1745,50.11393435271157,-7.405982976888206,0.165,5.1240718454581335,1.5740643534044438
1.4000000000000001,-2.438629511769517,76.13170578301177,822.9872764536715,-0.1745,50.2005200894371,-7.50127666318136,0.165,5.1240718454581335,1.5740643534044438
1.5000000000000002,-2.4557485447804925,81.15621751010273,822.2334742705192,-0.1745,50.28971445238212,-7.574766999863304,0.165,5.1240718454581335,1.5740643534044438
1.6000000000000003,-2.4677564068682205,86.18974605165081,821.4731594655677,-0.1745,50.38085637857934,-7.631529099166543,0.165,5.1240718454581335,1.5740643534044438
1.7000000000000004,-2.475866652874507,91.23246101352534,820.7078094358941,-0.1745,50.47344285891123,-7.6754714943065645,0.165,5.1240718454581335,1.5740643534044438
1.8000000000000005,-2.481009338814543,96.28448767366326,819.9385558468421,-0.1745,50.56709034384726,-7.7096002867340445,0.165,5.1240718454581335,1.5740643534044438
1.9000000000000006,-2.4838965323747537,101.34591748693879,819.166264594202,-0.1745,50.661505921663306,-7.736224766067647,0.165,5.1240718454581335,1.5740643534044438
2.0000000000000004,-2.485072897418837,106.41681606546075,818.3915975040786,-0.1745,50.75646564877596,-7.75711703639874,0.165,5.1240718454581335,1.5740643534044438
2.1000000000000005,-2.4849546839168175,111.49722925646512,817.6150598697559,-0.1745,50.85179817131142,-7.773635650056831,0.165,5.1240718454581335,1.5740643534044438
2.2000000000000006,-2.4838597355428016,116.58718777982558,816.8370370284614,-0.1745,50.9473722958979,-7.786821175832402,0.165,5.1240718454581335,1.5740643534044438
2.3000000000000007,-2.4820305541368572,121.68671077106568,816.0578224722494,-0.1745,51.043087528904,-7.797469948407452,0.165,5.1240718454581335,1.5740643534044438
2.400000000000001,-2.4796520072228616,126.79580849047457,815.2776394299374,-0.1745,51.138866859273776,-7.806190897832555,0.165,5.1240718454581335,1.5740643534044438
2.500000000000001,-2.476864908868742,131.91448439565355,814.4966574207708,-0.1745,51.23465124430546,-7.81344928549889,0.165,5.1240718454581335,1.5740643534044438
2.600000000000001,-2.473776425898706,137.04273672747502,813.715004940214,-0.1745,51.330395392123805,-7.819600325636652,0.165,5.1240718454581335,1.5740643534044438
2.700000000000001,-2.470468044711506,142.18055972377184,812.9327791736627,-0.1745,51.42606453381234,-7.824915005391999,0.165,5.1240718454581335,1.5740643534044438
2.800000000000001,-2.467001665634172,147.32794454806847,812.1500534286207,-0.1745,51.52163195212066,-7.829599895447836,0.165,5.1240718454581335,1.5740643534044438
2.9000000000000012,-2.463424261345693,152.48488000013478,811.3668828170044,-0.1745,51.61707708920538,-7.8338123368802295,0.165,5.1240718454581335,1.5740643534044438
3.0000000000000013,-2.4597714350957856,157.65135305948692,810.5833085964557,-0.1745,51.71238409783763,-7.837672074093482,0.165,5.1240718454581335,1.5740643534044438
3.1000000000000014,-2.4560701366383024,162.82734930099775,809.7993614848159,-0.1745,51.80754073237903,-7.841270158703313,0.165,5.1240718454581335,1.5740643534044438
3.2000000000000015,-2.452340733833391,168.01285321262225,809.0150641889005,-0.1745,51.902537500110995,-7.844675759604262,0.165,5.1240718454581335,1.5740643534044438
3.3000000000000016,-2.4485985917139788,173.20784843823043,808.2304333325252,-0.1745,51.99736701205234,-7.847941367902901,0.165,5.1240718454581335,1.5740643534044438
3.4000000000000017,-2.4448552753202435,178.41231796316296,807.4454809255153,-0.1745,52.09202348659824,-7.851106772294929,0.165,5.1240718454581335,1.5740643534044438
3.5000000000000018,-2.441119465342566,183.62624425600256,806.6602154822364,-0.1745,52.18650237019356,-7.8542020932829075,0.165,5.1240718454581335,1.5740643534044438
3.600000000000002,-2.4373976546900797,188.84960937689218,805.874642872697,-0.1745,52.28080004759841,-7.857250097503978,0.165,5.1240718454581335,1.5740643534044438
3.700000000000002,-2.4336946780575825,194.08239506030742,805.0887669697318,-0.1745,52.374913620706586,-7.860267961800975,0.165,5.1240718454581335,1.5740643534044438
3.800000000000002,-2.430014114270354,199.32458277833234,804.3025901407924,-0.1745,52.468840739791624,-7.86326861698663,0.165,5.1240718454581335,1.5740643534044438
3.900000000000002,-2.426358591774434,204.57615378906323,803.5161136214042,-0.1745,52.56257947482629,-7.866261770778032,0.165,5.1240718454581335,1.5740643534044438
4.000000000000002,-2.422730020439162,209.83708917367528,802.7293377985654,-0.1745,52.6561282174149,-7.869254685997812,0.165,5.1240718454581335,1.5740643534044438
4.100000000000001,-2.419129767333649,215.1073698648509,801.9422624256549,-0.1745,52.74948560609748,-7.872252772212742,0.165,5.1240718454581335,1.5740643534044438
4.200000000000001,-2.415558789933037,220.38697666863013,801.154886785282,-0.1745,52.84265046948661,-7.875260035247049,0.165,5.1240718454581335,1.5740643534044438
4.300000000000001,-2.412017736999377,225.67589028125457,800.367209812595,-0.1745,52.935621783002226,-7.878279418493793,0.165,5.1240718454581335,1.5740643534044438
4.4,-2.408507024932116,230.9740913022031,799.5792301885751,-0.1745,53.02839863596867,-7.881313061904048,0.165,5.1240718454581335,1.5740643534044438
4.5,-2.405026895515347,236.2815602443317,798.7909464105608,-0.1745,53.12098020660326,-7.884362498384145,0.165,5.1240718454581335,1.5740643534044438
4.6,-1.8977750773286264,241.59827754181242,798.0023568455099,-0.1745,53.213365743011,-7.887428802633139,0.165,5.1240718454581335,1.5740643534044438
4.699999999999999,-2.0237031772038065,246.91945280362648,797.282406595898,-0.06225,53.210139493270276,-6.5115761896045745,0.495,5.1240718454581335,1.5740643534044438
4.799999999999999,-2.1174185607591864,252.24273550772125,796.6139889237046,-0.1745,53.25551458862484,-6.856777254262601,0.165,5.1240718454581335,1.5740643534044438
4.899999999999999,-2.1868667287923356,257.57115458821886,795.9152873892776,-0.1745,53.31286702132732,-7.117253434277305,0.165,5.1240718454581335,1.5740643534044438
4.999999999999998,-2.2380645129850145,262.905747639865,795.1937364020654,-0.1745,53.378994011596156,-7.313766309967901,0.165,5.1240718454581335,1.5740643534044438
5.099999999999998,-2.275557742938626,268.24727559871735,794.4549449134578,-0.1745,53.45156516545031,-7.46206346218414,0.165,5.1240718454581335,1.5740643534044438
5.1999999999999975,-2.3027741867285396,273.5962974308924,793.7031384183771,-0.1745,53.52887147805048,-7.574066439429132,0.165,5.1240718454581335,1.5740643534044438
5.299999999999997,-2.3222942722175985,278.9532236115412,792.9414959002058,-0.1745,53.609652134925874,-7.65878392399584,0.165,5.1240718454581335,1.5740643534044438
5.399999999999997,-2.336057803941764,284.3183548584069,792.1724060900161,-0.1745,53.692972802388134,-7.723012279797282,0.165,5.1240718454581335,1.5740643534044438
5.4999999999999964,-2.2311492750139865,289.6919104385904,791.397661906113,-0.1745,53.77813880128233,-7.77187139826677,0.165,5.1240718454581335,1.5740643534044438
5.599999999999996,-2.2669552366610723,295.0744396290778,790.6342642371782,-0.1495,53.87244500846502,-7.49608198042912,0.165,5.1240718454581335,1.5740643534044438
5.699999999999996,-2.2928628653526513,300.46552685212214,789.8792540950462,-0.1745,53.94929945242148,-7.604120862209331,0.165,5.1240718454581335,1.5740643534044438
5.799999999999995,-2.3117684912467986,305.864468518452,789.1147646794201,-0.1745,54.029533874175996,-7.685667450313952,0.165,5.1240718454581335,1.5740643534044438
5.899999999999995,-2.3243519401024577,311.27318168687395,788.3428259437019,-0.1745,54.14472949426311,-7.753107264049278,0.495,5.1240718454581335,1.5740643534044438
5.999999999999995,-2.3329361156982977,316.6918823194788,787.5652279276281,-0.1745,54.22928315783327,-7.798853057426069,0.165,5.1240718454581335,1.5740643534044438
6.099999999999994,-2.3385462357842637,322.119100225215,786.7835955945192,-0.1745,54.315074956890314,-7.83379360475304,0.165,5.1240718454581335,1.5740643534044438
6.199999999999994,-2.3419480883370873,327.5549408436198,785.9988724354383,-0.1745,54.40173741120602,-7.860669576864312,0.165,5.1240718454581335,1.5740643534044438
6.299999999999994,-1.8261033392580261,332.9994775446752,785.2117623550558,-0.1745,54.48899660990152,-7.881532030786358,0.165,5.1240718454581335,1.5740643534044438
6.399999999999993,-1.962693883694221,338.4465717209078,784.4953652770944,-0.06225,54.45288691475087,-6.446409528442951,0.165,5.1240718454581335,1.5740643534044438
6.499999999999993,-2.0636918567496383,343.89369890081605,783.8316719788278,-0.1745,54.489656683414054,-6.827456436889473,0.165,5.1240718454581335,1.5740643534044438
6.5999999999999925,-2.1385789730085705,349.34519580096986,783.1346646653188,-0.1745,54.54028131966271,-7.112689833289593,0.165,5.1240718454581335,1.5740643534044438
6.699999999999992,-2.1927097208009716,354.8038829361291,782.4124349752681,-0.1745,54.63346138352239,-7.331903967725278,0.495,5.1240718454581335,1.5740643534044438
6.799999999999992,-2.2321511654755692,360.2706324350402,781.6713053901206,-0.1745,54.70152859469967,-7.49068773522498,0.165,5.1240718454581335,1.5740643534044438
6.8999999999999915,-2.2606662830239834,365.744453798351,780.9162881196097,-0.1745,54.774898671516056,-7.609657674991106,0.165,5.1240718454581335,1.5740643534044438
6.999999999999991,-2.2810643908620603,371.2258051555281,780.1508580666988,-0.1745,54.85212847202639,-7.698943383226977,0.165,5.1240718454581335,1.5740643534044438
7.099999999999991,-2.2954398749618052,376.71501948986946,779.3776047825543,-0.1745,54.93215821480089,-7.766122299663501,0.165,5.1240718454581335,1.5740643534044438
7.19999999999999,-2.3053522288151096,382.2123377457385,778.5984559365043,-0.1745,55.01420690258037,-7.8168546213369465,0.165,5.1240718454581335,1.5740643534044438
7.29999999999999,-2.3127378974520636,387.7179329675967,777.8148450514332,-0.1745,55.097697534583475,-7.855363080085073,0.165,5.1240718454581335,1.5740643534044438
7.39999999999999,-2.316078200146398,393.2352025026799,777.0272599003229,-0.1745,55.24769316708019,-7.8963399421210205,0.8300000000000001,5.1240718454581335,1.5740643534044438
7.499999999999989,-2.3178363884958952,398.76423960846876,776.2366060936054,-0.1745,55.33304894869641,-7.91673619222974,0.165,5.1240718454581335,1.5740643534044438
7.599999999999989,-2.3184307808020375,404.30183148711717,775.4441324982732,-0.1745,55.41878862427183,-7.932735714411847,0.165,5.1240718454581335,1.5740643534044438
7.699999999999989,-2.318171303299404,409.84800884894645,774.6502216614238,-0.1745,55.504758612313296,-7.945481022578019,0.165,5.1240718454581335,1.5740643534044438
7.799999999999988,-2.31728740487422,415.40278902754653,773.8551566051412,-0.1745,55.59084495968847,-7.955820103072433,0.165,5.1240718454581335,1.5740643534044438
7.899999999999988,-2.315948828241061,420.9661794310872,773.0591465059574,-0.1745,55.67696311112497,-7.964381880604381,0.165,5.1240718454581335,1.5740643534044438
7.999999999999988,-2.3142810519119736,426.53818010289,772.2623457880786,-0.1745,55.76305032493162,-7.971632476970906,0.165,5.1240718454581335,1.5740643534044438
8.099999999999987,-2.3123767609205768,432.11878562143,771.4648683086523,-0.1745,55.84906004586758,-7.977917111556583,0.165,5.1240718454581335,1.5740643534044438
8.199999999999987,-2.310304361143257,437.70798651013484,770.6667978890063,-0.1745,55.93495772822905,-7.983491281364217,0.165,5.1240718454581335,1.5740643534044438
8.299999999999986,-1.7723923040820924,443.3057702832893,769.8681961276825,-0.1745,56.02071773485939,-7.9885439451113855,0.165,5.1240718454581335,1.5740643534044438
8.399999999999986,-1.9144823310132129,448.90761951932984,769.1460150172047,-0.06225,56.016266985951425,-6.455078264445202,0.495,5.1240718454581335,1.5740643534044438
8.499999999999986,-2.018591250159364,454.5106747722505,768.4802029433444,-0.1745,56.04483807246277,-6.8611632127629605,0.165,5.1240718454581335,1.5740643534044438
8.599999999999985,-2.094605067934136,460.1173629524044,767.779043668581,-0.1745,56.08892553061485,-7.162022282504354,0.165,5.1240718454581335,1.5740643534044438
8.699999999999985,-2.1503481873007786,465.7290168881441,767.051696561849,-0.1745,56.14415318417928,-7.384919852136768,0.165,5.1240718454581335,1.5740643534044438
8.799999999999985,-2.189914471521319,471.3482198252268,766.304657209516,-0.1745,56.23990555747521,-7.555867194522735,0.495,5.1240718454581335,1.5740643534044438
8.899999999999984,-2.2183169060167445,476.9756657397853,765.5429942777652,-0.1745,56.30901273369494,-7.677391440494249,0.165,5.1240718454581335,1.5740643534044438
8.999999999999984,-2.238510337571609,482.61022912531575,764.7707381820235,-0.1745,56.382254976913586,-7.767730474338928,0.165,5.1240718454581335,1.5740643534044438
9.099999999999984,-2.2526745904700176,488.25226518642717,763.9905973569524,-0.1745,56.458466245314725,-7.835086027082676,0.165,5.1240718454581335,1.5740643534044438
9.199999999999983,-2.2632398579913255,493.90202830583365,763.2045670850799,-0.1745,56.536796142814836,-7.885519410366633,0.165,5.1240718454581335,1.5740643534044438
9.299999999999983,-2.268935035988341,499.5629737625931,762.4135386065199,-0.1745,56.682112992374776,-7.935050160834507,0.8300000000000001,5.1240718454581335,1.5740643534044438
9.399999999999983,-2.2724768186534035,505.2352357281778,761.6187061960732,-0.1745,56.76312631931895,-7.961598048100004,0.165,5.1240718454581335,1.5740643534044438
9.499999999999982,-2.274446645052931,510.9156302663821,760.8215246776265,-0.1745,56.8447644447659,-7.982032320833837,0.165,5.1240718454581335,1.5740643534044438
9.599999999999982,-2.2752712010190903,516.6042086948556,760.022523917837,-0.1745,56.92680412470544,-7.997982874956405,0.165,5.1240718454581335,1.5740643534044438
9.699999999999982,-2.1531206782096928,522.3010029766833,759.2220923853074,-0.1745,57.00908151184747,-8.010647775636107,0.165,5.1240718454581335,1.5740643534044438
9.799999999999981,-2.1854011688568935,528.0099556552341,758.4377482959898,-0.1495,57.16997205916711,-7.676234010716456,0.8300000000000001,5.1240718454581335,1.5740643534044438
9.89999999999998,-2.2083546501445985,533.7304197833005,757.6650178015153,-0.1745,57.23931050216002,-7.778375878773091,0.165,5.1240718454581335,1.5740643534044438
9.99999999999998,-2.224495578309818,539.4579926334608,756.8833982651071,-0.1745,57.31214650104629,-7.8540148493919375,0.165,5.1240718454581335,1.5740643534044438
10.09999999999998,-2.235666178054462,545.19297347645,756.0951849383542,-0.1745,57.38747035873865,-7.910251685664977,0.165,5.1240718454581335,1.5740643534044438
10.19999999999998,-2.243214734477847,550.9355744417995,755.3020574792145,-0.1745,57.46454894825247,-7.95229749713059,0.165,5.1240718454581335,1.5740643534044438
10.29999999999998,-2.248127106472517,556.685944332976,754.5052439809415,-0.1745,57.54284887527681,-7.9839724683289415,0.165,5.1240718454581335,1.5740643534044438
10.399999999999979,-2.2511235399504232,562.4441858537109,753.7056416364014,-0.1745,57.62198153942216,-8.008074422472086,0.165,5.1240718454581335,1.5740643534044438
10.499999999999979,-2.2527298194703493,568.2103681101559,752.9039053827828,-0.1745,57.7016635894762,-8.026650649901082,0.165,5.1240718454581335,1.5740643534044438
10.599999999999978,-2.253329488790398,573.9845357055996,752.1005129476591,-0.1745,57.78168831939784,-8.041198052572145,0.165,5.1240718454581335,1.5740643534044438
10.699999999999978,-2.254025359606873,579.7667153668326,751.2958125301341,-0.1745,57.8619049052638,-8.05281029792889,0.165,5.1240718454581335,1.5740643534044438
10.799999999999978,-2.252587830600736,585.5601952817195,750.4894804488497,-0.1745,58.00769339247503,-8.073831327759377,0.8300000000000001,5.1240718454581335,1.5740643534044438
10.899999999999977,-2.250995453417219,591.3649868092252,749.6818168167197,-0.1745,58.08813715763881,-8.07944131484035,0.165,5.1240718454581335,1.5740643534044438
10.999999999999977,-2.2492957878228923,597.1778154898792,748.873616969322,-0.1745,58.16843645544113,-8.084555633112313,0.165,5.1240718454581335,1.5740643534044438
11.099999999999977,-2.248349618858845,602.9986659308785,748.0649236324974,-0.1745,58.24857236454426,-8.089311103378805,0.165,5.1240718454581335,1.5740643534044438
11.199999999999976,-2.2457478964688433,608.8307956084036,747.2551904412229,-0.1745,58.39402118595934,-8.105352722111576,0.8300000000000001,5.1240718454581335,1.5740643534044438
11.299999999999976,-2.2433372544625576,614.6741934547059,746.4445554702779,-0.1745,58.47393574008639,-8.107346696788415,0.165,5.1240718454581335,1.5740643534044438
11.399999999999975,-2.2410698714370496,620.5255685980703,745.6336958084146,-0.1745,58.55356712720258,-8.109846540479188,0.165,5.1240718454581335,1.5740643534044438
11.499999999999975,-2.238911038273951,626.384893670485,744.8225677669874,-0.1745,58.63293432109033,-8.112714288065813,0.165,5.1240718454581335,1.5740643534044438
11.599999999999975,-2.2368355653571803,632.2521429418742,744.0111395657773,-0.1745,58.71205110669548,-8.115849736135488,0.165,5.1240718454581335,1.5740643534044438
11.699999999999974,-2.2348251705725226,638.1272918718942,743.1993880722606,-0.1745,58.79092749370363,-8.119180134197928,0.165,5.1240718454581335,1.5740643534044438
11.799999999999974,-2.232866581368544,644.0103167839425,742.3872964315817,-0.1745,58.86957074726358,-8.122652679380218,0.165,5.1240718454581335,1.5740643534044438
11.899999999999974,-2.2309501564200156,649.9011946282556,741.5748523448557,-0.1745,58.9479861389991,-8.126229055139653,0.165,5.1240718454581335,1.5740643534044438
11.999999999999973,-2.2290688851890943,655.7999028098974,740.7620468191241,-0.1745,59.02617749383665,-8.129881459493667,0.165,5.1240718454581335,1.5740643534044438
12.099999999999973,-2.2272176621754127,661.7064190639842,739.948873260244,-0.1745,59.104147587898225,-8.13358971810866,0.165,5.1240718454581335,1.5740643534044438
12.199999999999973,-2.2253927607241994,667.6207213652709,739.135326814984,-0.1745,59.181898437836686,-8.137339187091692,0.165,5.1240718454581335,1.5740643534044438
12.299999999999972,-2.223591451730532,673.5427878627177,738.3214038941137,-0.1745,59.25943151109824,-8.141119230313794,0.165,5.1240718454581335,1.5740643534044438
12.399999999999972,-2.2218117274920908,679.4725968322039,737.5071018268736,-0.1745,59.3367478786261,-8.1449221144885,0.165,5.1240718454581335,1.5740643534044438
12.499999999999972,-2.220052101823728,685.4101266424198,736.6924186107573,-0.1745,59.413848325692115,-8.148742207839625,0.165,5.1240718454581335,1.5740643534044438
12.599999999999971,-2.218311465452161,691.3553557303187,735.8773527304019,-0.1745,59.49073343228686,-8.152575399268013,0.165,5.1240718454581335,1.5740643534044438
12.69999999999997,-2.2165889814593696,697.3082625835026,735.0619030265595,-0.1745,59.567403631391464,-8.156418677577983,0.165,5.1240718454581335,1.5740643534044438
12.79999999999997,-2.214884009723824,703.2688257276316,734.2460686013394,-0.1745,59.6438592511885,-8.16026982682531,0.165,5.1240718454581335,1.5740643534044438
12.89999999999997,-2.21319605234633,709.2370237174719,733.429848749705,-0.1745,59.720100545617086,-8.164127205862545,0.165,5.1240718454581335,1.5740643534044438
12.99999999999997,-2.2115247142531627,715.2128351305764,732.6132429099669,-0.1745,59.79612771647415,-8.167989588899788,0.165,5.1240718454581335,1.5740643534044438
13.09999999999997,-2.209869674770216,721.1962385628696,731.796250628009,-0.1745,59.87194092938778,-8.171856050256727,0.165,5.1240718454581335,1.5740643534044438
13.199999999999969,-2.2082306671232517,727.1872126256065,730.9788715314411,-0.1745,59.94754032535119,-8.17572588110285,0.165,5.1240718454581335,1.5740643534044438
13.299999999999969,-2.2070334572039005,733.1857359433262,730.161105310919,-0.1745,60.02292602904241,-8.179598529339547,0.165,5.1240718454581335,1.5740643534044438
13.399999999999968,-2.205049330145891,739.1934120947445,729.3426652406495,-0.1745,60.13059699932419,-8.189202876050034,0.495,5.1240718454581335,1.5740643534044438
13.499999999999968,-2.203190044984886,745.2102231219886,728.5236084980387,-0.1745,60.205623545557074,-8.19193197616491,0.165,5.1240718454581335,1.5740643534044438
13.599999999999968,-2.2014242669125523,751.234523836053,727.7042624074558,-0.1745,60.28039073573014,-8.194989835493631,0.165,5.1240718454581335,1.5740643534044438
13.699999999999967,-2.1997295196837836,757.2662889587191,726.8845987480956,-0.1745,60.354911717592515,-8.19828335170984,0.165,5.1240718454581335,1.5740643534044438
13.799999999999967,-2.1980896801079712,763.3054943425125,726.0645972944243,-0.1745,60.429195958275216,-8.201745721717723,0.165,5.1240718454581335,1.5740643534044438
13.899999999999967,-2.1964931788887982,769.3521166544712,725.2442435569849,-0.1745,60.50325028089871,-8.205329027070654,0.165,5.1240718454581335,1.5740643534044438
13.999999999999966,-2.1949317093548917,775.4061331490531,724.4235271604938,-0.1745,60.577079610739865,-8.208998902751155,0.165,5.1240718454581335,1.5740643534044438
14.099999999999966,-2.1933993011940807,781.4675215051893,723.6024406800591,-0.1745,60.65068751198628,-8.21273070594337,0.165,5.1240718454581335,1.5740643534044438
14.199999999999966,-2.1918916563657915,787.536259709469,722.7809788065509,-0.1745,60.72407657360885,-8.216506764219732,0.165,5.1240718454581335,1.5740643534044438
14.299999999999965,-2.190405673233668,793.6123259724793,721.959137748336,-0.1745,60.7972486865967,-8.220314400078971,0.165,5.1240718454581335,1.5740643534044438
14.399999999999965,-2.188939105751605,799.6956986689602,721.1369148026538,-0.1745,60.870205243020756,-8.224144513565307,0.165,5.1240718454581335,1.5740643534044438
14.499999999999964,-2.187490319502849,805.7863562950554,720.314308048683,-0.1745,60.94294727888261,-8.227990565850313,0.165,5.1240718454581335,1.5740643534044438
14.599999999999964,-2.1860581171598996,811.8842774378277,719.4913161278536,-0.1745,61.01547557656228,-8.231847850738248,0.165,5.1240718454581335,1.5740643534044438
14.699999999999964,-2.184641613676183,817.9894407535681,718.667938086676,-0.1745,61.08779073824663,-8.235712972812323,0.165,5.1240718454581335,1.5740643534044438
14.799999999999963,-2.1832401470856526,824.1018249524068,717.8441732643452,-0.1745,61.159893238525875,-8.239583473805974,0.165,5.1240718454581335,1.5740643534044438
14.899999999999963,-2.1818532147840743,830.2214087874353,717.0200212123929,-0.1745,61.23178346204381,-8.243457565239767,0.165,5.1240718454581335,1.5740643534044438
14.999999999999963,-2.1804804280357533,836.348171047059,716.1954816372709,-0.1745,61.303461730430755,-8.24733393720133,0.165,5.1240718454581335,1.5740643534044438
15.099999999999962,-2.179121479508873,842.4820905496583,715.370554359328,-0.1745,61.374928321555764,-8.251211621655079,0.165,5.1240718454581335,1.5740643534044438
15.199999999999962,-2.1777761201195025,848.6231461399,714.5452392835061,-0.1745,61.44618348327732,-8.255089894782525,0.165,5.1240718454581335,1.5740643534044438
15.299999999999962,-2.176444142522941,854.7713166862267,713.7195363784048,-0.1745,61.51722744325576,-8.258968207244308,0.165,5.1240718454581335,1.5740643534044438
15.399999999999961,-2.1751253693494403,860.9265810791868,712.8934456613223,-0.1745,61.58806041594783,-8.262846134406294,0.165,5.1240718454581335,1.5740643534044438
15.499999999999961,-2.1738196448243405,867.0889182303636,712.0669671875604,-0.1745,61.65868260758634,-8.266723340832327,0.165,5.1240718454581335,1.5740643534044438
15.59999999999996,-2.172526828801219,873.2583070717288,711.2401010427704,-0.1745,61.72909421971978,-8.270599554966784,0.165,5.1240718454581335,1.5740643534044438
15.69999999999996,-2.171246792514566,879.434726555301,710.4128473374675,-0.1745,61.79929545172325,-8.274474551091213,0.165,5.1240718454581335,1.5740643534044438
15.79999999999996,-2.1699794155571923,885.618155653016,709.5852062030893,-0.1745,61.86928650257523,-8.278348136470868,0.165,5.1240718454581335,1.5740643534044438
15.89999999999996,-2.1687245837294826,891.8085733567502,708.7571777891557,-0.1745,61.9390675721103,-8.282220142202224,0.165,5.1240718454581335,1.5740643534044438
15.99999999999996,-2.167482187508978,898.0059586784506,707.9287622612106,-0.1745,62.008638861898426,-8.286090416698256,0.165,5.1240718454581335,1.5740643534044438
16.09999999999996,-2.1662521209611234,904.2102906503384,707.0999597993231,-0.1745,62.078000575858034,-8.28995882105276,0.165,5.1240718454581335,1.5740643534044438
16.19999999999996,-2.1650342809635905,910.4215483251653,706.2707705969833,-0.1745,62.14715292067948,-8.293825225742541,0.165,5.1240718454581335,1.5740643534044438
16.29999999999996,-2.1638285666533856,916.639710776505,705.441194860282,-0.1745,62.216096106113646,-8.297689508281614,0.165,5.1240718454581335,1.5740643534044438
16.399999999999963,-2.162634879032175,922.8647570990689,704.6112328072903,-0.1745,62.28483034516465,-8.301551551552562,0.165,5.1240718454581335,1.5740643534044438
16.499999999999964,-2.1614531206839094,929.0966664090379,703.7808846675817,-0.1745,62.353355854214364,-8.305411242619243,0.165,5.1240718454581335,1.5740643534044438
16.599999999999966,-2.1602831955721316,935.3354178444035,702.9501506818567,-0.1745,62.421672853098585,-8.309268471881541,0.165,5.1240718454581335,1.5740643534044438
16.699999999999967,-2.159125008893809,941.5809905653159,702.1190311016389,-0.1745,62.489781565148924,-8.313123132473002,0.165,5.1240718454581335,1.5740643534044438
16.79999999999997,-2.1588703746207862,947.8333637544339,701.2875261890238,-0.1745,62.557682217210434,-8.316975119830898,0.165,5.1240718454581335,1.5740643534044438
16.89999999999997,-2.1574489954587346,954.0957911220638,700.4550589440854,-0.1745,62.69086513538906,-8.332369778935258,0.8300000000000001,5.1240718454581335,1.5740643534044438
16.99999999999997,-2.1554560117789174,960.3698832596575,699.6214589465704,-0.1745,62.790977616484284,-8.339630171365178,0.495,5.1240718454581335,1.5740643534044438
17.099999999999973,-2.1537390396026286,966.6523495788156,698.7874426002743,-0.1745,62.85834876667795,-8.340696754558941,0.165,5.1240718454581335,1.5740643534044438
17.199999999999974,-2.15221906416958,972.9415367274348,697.9532784341822,-0.1745,62.92539420570701,-8.34258656728272,0.165,5.1240718454581335,1.5740643534044438
17.299999999999976,-2.1508405370045387,979.2374139124465,697.1188964166055,-0.1745,62.99214949452637,-8.345053784249954,0.165,5.1240718454581335,1.5740643534044438
17.399999999999977,-2.1495644178390623,985.539953374492,696.2842474548135,-0.1745,63.058639746383555,-8.34792545159112,0.165,5.1240718454581335,1.5740643534044438
17.49999999999998,-2.1483632743279593,991.8491294973143,695.4492971854621,-0.1745,63.124882710061364,-8.351079935435004,0.165,5.1240718454581335,1.5740643534044438
17.59999999999998,-2.1472178325677675,998.1649181801528,694.6140216023256,-0.1745,63.19089094670935,-8.35443172729675,0.165,5.1240718454581335,1.5740643534044438
17.69999999999998,-2.1461145500214336,1004.4872963957697,693.7784039791507,-0.1745,63.256673365629794,-8.357920736202178,0.165,5.1240718454581335,1.5740643534044438
17.799999999999983,-2.1450439086226663,1010.8162418794057,692.9424327050289,-0.1745,63.32223630709004,-8.361504746234136,0.165,5.1240718454581335,1.5740643534044438
17.899999999999984,-2.143999214935783,1017.1517329100252,692.1060997624029,-0.1745,63.38758430529988,-8.365154106285194,0.165,5.1240718454581335,1.5740643534044438
17.999999999999986,-2.142975757147819,1023.493748156576,691.2693996574292,-0.1745,63.45272062571476,-8.368847993189222,0.165,5.1240718454581335,1.5740643534044438
18.099999999999987,-2.1424178366873203,1029.8422665700218,690.4323286686034,-0.1745,63.51764764320435,-8.372571783325682,0.165,5.1240718454581335,1.5740643534044438
18.19999999999999,-1.5193094988979314,1036.198892249811,689.5945978532061,-0.1745,63.61486595257932,-8.382044524620525,0.495,5.1240718454581335,1.5740643534044438
18.29999999999999,-1.7077871452033477,1042.5582032750497,688.8571145026509,-0.06225,63.57135455219525,-6.367622486483816,0.165,5.1240718454581335,1.5740643534044438
18.39999999999999,-1.8395172726296298,1048.9139908395339,688.1902730201557,-0.1745,63.544396737488384,-6.969207163419989,0.165,5.1240718454581335,1.5740643534044438
18.499999999999993,-1.9313934522201426,1055.2685159153618,687.472211462403,-0.1745,63.546104779072685,-7.392023991632783,0.165,5.1240718454581335,1.5740643534044438
18.599999999999994,-1.9953239849743665,1061.6241838189262,686.7181470251154,-0.1745,63.56725329221307,-7.689264754121119,0.165,5.1240718454581335,1.5740643534044438
18.699999999999996,-2.039685247950301,1067.982630194107,685.9387646750122,-0.1745,63.601674211403484,-7.898382247944107,0.165,5.1240718454581335,1.5740643534044438
18.799999999999997,-2.07035864197436,1074.3449733292612,685.1415593622006,-0.1745,63.64518849167713,-8.04572400828641,0.165,5.1240718454581335,1.5740643534044438
18.9,-2.0914676159241075,1080.7119796462,684.3317830480541,-0.1745,63.694937847098586,-8.149802274643145,0.165,5.1240718454581335,1.5740643534044438
19.0,-2.10589959417364,1087.0841742558828,683.5131125351829,-0.1745,63.748954346555486,-8.223607982781672,0.165,5.1240718454581335,1.5740643534044438
19.1,-2.1156744319910556,1093.461915816756,682.6881197708484,-0.1745,63.80587687090881,-8.27624730390812,0.165,5.1240718454581335,1.5740643534044438
19.200000000000003,-2.1222038745976173,1099.8454477154166,681.8586025511781,-0.1745,63.86476110230566,-8.31409708949672,0.165,5.1240718454581335,1.5740643534044438
19.300000000000004,-2.1264739003161215,1106.234933299342,681.0258167413344,-0.1745,63.92495057620245,-8.341619107376895,0.165,5.1240718454581335,1.5740643534044438
19.400000000000006,-2.1291726665710704,1112.6304802467278,680.1906391440893,-0.1745,63.98598837151479,-8.361932837526043,0.165,5.1240718454581335,1.5740643534044438
19.500000000000007,-2.1307801735295273,1119.0321574773084,679.3536816109721,-0.1745,64.04755624009684,-8.377217824818755,0.165,5.1240718454581335,1.5740643534044438
19.60000000000001,-2.1316310349549488,1125.440006912378,678.5153709218753,-0.1745,64.10943246129762,-8.388995957118158,0.165,5.1240718454581335,1.5740643534044438
19.70000000000001,-2.131958384180561,1131.8540516640683,677.6760046591241,-0.1745,64.17146257250613,-8.39832929790513,0.165,5.1240718454581335,1.5740643534044438
19.80000000000001,-2.131924561816519,1138.2743017427497,676.8357902635234,-0.1745,64.23353900112023,-8.405958614107954,0.165,5.1240718454581335,1.5740643534044438
19.900000000000013,-2.1316425504284413,1144.7007580364498,675.9948723176595,-0.1745,64.29558687288343,-8.412400303171111,0.165,5.1240718454581335,1.5740643534044438
20.000000000000014,-2.1311909371346585,1151.13341508591,675.1533515941805,-0.1745,64.35755411631936,-8.418014166409465,0.165,5.1240718454581335,1.5740643534044438
20.100000000000016,-2.1306243524568407,1157.5722630197333,674.3112983474444,-0.1745,64.41940456015,-8.423050768311942,0.165,5.1240718454581335,1.5740643534044438
20.200000000000017,-2.129980749239948,1164.0172889036344,673.4687615834396,-0.1745,64.48111311787264,-8.427684511785726,0.165,5.1240718454581335,1.5740643534044438
20.30000000000002,-1.9878453810629102,1170.4684776809577,672.6257755215971,-0.1745,64.54266242859477,-8.432036725063833,0.165,5.1240718454581335,1.5740643534044438
20.40000000000002,-2.0309199535473614,1176.9272065537452,671.8054021346908,-0.1495,64.63191502715857,-7.9754310130625825,0.165,5.1240718454581335,1.5740643534044438
20.50000000000002,-2.0605152258222827,1183.3924192740285,671.0006120650198,-0.1745,64.67233937850634,-8.120370380355508,0.165,5.1240718454581335,1.5740643534044438
20.600000000000023,-1.4462669671817165,1189.8619886642218,670.1834931680203,-0.1745,64.71904842535935,-8.222007559635756,0.165,5.1240718454581335,1.5740643534044438
20.700000000000024,-0.8844815190695722,1196.333407161403,669.4620308643659,-0.06225,64.70932151826611,-6.207238513451749,0.495,5.1240718454581335,1.5740643534044438
20.800000000000026,-1.126436030104715,1202.802219486697,668.9329888707159,-0.03725,64.66692498760973,-4.373601359548522,0.8300000000000001,5.1240718454581335,1.5740643534044438
20.900000000000027,-1.434690309337171,1209.2656704505875,668.4565951247552,-0.1495,64.60209429020496,-5.154273559667592,0.165,5.1240718454581335,1.5740643534044438
21.00000000000003,-1.649327142991491,1215.7210264894452,667.891510145442,-0.1745,64.50502648694564,-6.147426026595774,0.165,5.1240718454581335,1.5740643534044438
21.10000000000003,-1.6584853889962827,1222.1692562787593,667.2421011447791,-0.1745,64.45956929933618,-6.840753986662874,0.165,5.1240718454581335,1.5740643534044438
21.20000000000003,-1.8046835275670567,1228.6185754422065,666.5562357829624,-0.1495,64.52681396960718,-6.876553249671402,0.495,5.1240718454581335,1.5740643534044438
21.300000000000033,-1.9060369761146916,1235.0707549773665,665.8448305021477,-0.1745,64.51677673359369,-7.351552366622881,0.165,5.1240718454581335,1.5740643534044438
21.400000000000034,-1.9761558917669828,1241.5230580932573,665.0931000048959,-0.1745,64.52928558422248,-7.683057578414522,0.165,5.1240718454581335,1.5740643534044438
21.500000000000036,-2.024549476039817,1247.977375230011,664.3132189887399,-0.1745,64.5570571508507,-7.9145627447056315,0.165,5.1240718454581335,1.5740643534044438
21.600000000000037,-2.0578494299338557,1254.4349884703693,663.5136684140277,-0.1745,64.59520765631835,-8.076448749537168,0.165,5.1240718454581335,1.5740643534044438
21.70000000000004,-2.080673656168288,1260.8967702297614,662.7003503226772,-0.1745,64.64042753152188,-8.189913077474564,0.165,5.1240718454581335,1.5740643534044438
21.80000000000004,-2.096233773887338,1267.3633144740454,661.87736827145,-0.1745,64.69045735415963,-8.269727947069127,0.165,5.1240718454581335,1.5740643534044438
21.90000000000004,-2.1067610820320786,1273.8350246801751,661.0475730497196,-0.1745,64.74374676843532,-8.326176487537404,0.165,5.1240718454581335,1.5740643534044438
22.000000000000043,-2.1138044587962246,1280.3121734341798,660.2129437276831,-0.1745,64.79922831166013,-8.366409953193552,0.165,5.1240718454581335,1.5740643534044438
22.100000000000044,-2.1184382755183027,1286.7949431177167,659.3748533608522,-0.1745,64.85616535907863,-8.395397383425099,0.165,5.1240718454581335,1.5740643534044438
22.200000000000045,-2.1214072744789885,1293.2834538296468,658.5342540437331,-0.1745,64.9140488795233,-8.416588958957238,0.165,5.1240718454581335,1.5740643534044438
22.300000000000047,-2.123227393686698,1299.7777826156648,657.6918056613852,-0.1745,64.97252684083585,-8.432378688001828,0.165,5.1240718454581335,1.5740643534044438
22.40000000000005,-2.1242558614792877,1306.277976742982,656.8479653904948,-0.1745,65.03135570550755,-8.444426729805231,0.165,5.1240718454581335,1.5740643534044438
22.50000000000005,-2.1247398853090216,1312.7840628779861,656.0030498686743,-0.1745,65.09036699457457,-8.453883706602797,0.165,5.1240718454581335,1.5740643534044438
22.60000000000005,-2.1248504468592526,1319.2960534371532,655.1572783497353,-0.1745,65.1494441887674,-8.461546672178562,0.165,5.1240718454581335,1.5740643534044438
22.700000000000053,-2.125622190919902,1325.8139509840462,654.310802642174,-0.1745,65.20850674909316,-8.467967479045202,0.165,5.1240718454581335,1.5740643534044438
22.800000000000054,-1.9811713027663056,1332.3410257789637,653.463150594719,-0.1745,65.3329891492558,-8.48507347005696,0.8300000000000001,5.1240718454581335,1.5740643534044438
22.900000000000055,-2.025222158739925,1338.8787524796442,652.63814857465,-0.1495,65.42154486435189,-8.014966931321,0.165,5.1240718454581335,1.5740643534044438
23.000000000000057,-2.055352506923534,1345.422759947051,651.8291826334744,-0.1745,65.45860448378234,-8.164351892192556,0.165,5.1240718454581335,1.5740643534044438
23.10000000000006,-2.075883688990546,1351.9708044159595,651.0075416246176,-0.1745,65.5022848943874,-8.26846828494396,0.165,5.1240718454581335,1.5740643534044438
23.20000000000006,-2.0898012264271277,1358.5234407050482,650.1770516629315,-0.1745,65.5504408873849,-8.34133094877775,0.165,5.1240718454581335,1.5740643534044438
23.30000000000006,-2.099165789249474,1365.0810431612163,649.3403535745238,-0.1745,65.60160823597853,-8.3926308193766,0.165,5.1240718454581335,1.5740643534044438
23.400000000000063,-1.460089991564173,1371.643862793001,648.4992688893536,-0.1745,65.65478439971581,-8.4290628840255,0.165,5.1240718454581335,1.5740643534044438
23.500000000000064,-1.667071000708813,1378.2087380889193,647.7627139903268,-0.06225,65.642721518651,-6.302035096511241,0.495,5.1240718454581335,1.5740643534044438
23.600000000000065,-1.8109798067220328,1384.7706349282462,647.0985078680135,-0.1745,65.59521526788717,-6.982087349755146,0.165,5.1240718454581335,1.5740643534044438
23.700000000000067,-1.9084598467777698,1391.3327679685208,646.3761835719855,-0.1745,65.64744553760413,-7.464398570803381,0.8300000000000001,5.1240718454581335,1.5740643534044438
23.800000000000068,-1.975375524815922,1397.8979947476814,645.6135439154409,-0.1745,65.65709004560738,-7.788394560089327,0.165,5.1240718454581335,1.5740643534044438
23.90000000000007,-2.0212105087235646,1404.4649494542427,644.8234846951269,-0.1745,65.6820040856168,-8.012789846191327,0.165,5.1240718454581335,1.5740643534044438
24.00000000000007,-2.052521807546578,1411.0349107843942,644.0144236040456,-0.1745,65.71722251741478,-8.1684319754333,0.165,5.1240718454581335,1.5740643534044438
24.100000000000072,-2.0738364157966513,1417.6087421626642,643.1921691257979,-0.1745,65.75940504798194,-8.276657589522067,0.165,5.1240718454581335,1.5740643534044438
24.200000000000074,-2.0882761359957547,1424.187026826959,642.3607258449422,-0.1745,65.8062882379134,-8.352208027592093,0.165,5.1240718454581335,1.5740643534044438
24.300000000000075,-2.0979916848765123,1430.7701577786002,641.5228525751373,-0.1745,65.85633079490984,-8.40525736850477,0.165,5.1240718454581335,1.5740643534044438
24.400000000000077,-2.104463571255038,1437.3583983051171,640.6804486514654,-0.1745,65.90847973543046,-8.44282110493369,0.165,5.1240718454581335,1.5740643534044438
24.500000000000078,-2.108710239985572,1443.9519229998955,639.8348209495124,-0.1745,65.96201416013534,-8.46973293412635,0.165,5.1240718454581335,1.5740643534044438
24.60000000000008,-2.111431850659435,1450.5508457022654,638.9868682528455,-0.1745,66.01643988726251,-8.48932099921237,0.165,5.1240718454581335,1.5740643534044438
24.70000000000008,-2.1131094785603537,1457.155238592398,638.1372084318141,-0.1745,66.07141791538886,-8.503875421415804,0.165,5.1240718454581335,1.5740643534044438
24.800000000000082,-2.1140734939546695,1463.765145269851,637.2862661021323,-0.1745,66.12671563366816,-8.514971172218829,0.165,5.1240718454581335,1.5740643534044438
24.900000000000084,-2.114550658718594,1470.380589723796,636.4343330017421,-0.1745,66.18217344523171,-8.523690835586486,0.165,5.1240718454581335,1.5740643534044438
25.000000000000085,-2.11469654239453,1477.0015824905324,635.5816095510381,-0.1745,66.23768188949477,-8.530778178491092,0.165,5.1240718454581335,1.5740643534044438
25.100000000000087,-2.1146178203891903,1483.628124882084,634.7282334446811,-0.1745,66.29316594153401,-8.536743948650358,0.165,5.1240718454581335,1.5740643534044438
25.200000000000088,-2.114387603980362,1490.2602118906248,633.8742993114311,-0.1745,66.34857422928255,-8.541938716349948,0.165,5.1240718454581335,1.5740643534044438
25.30000000000009,-2.1140559743450154,1496.8978341833647,633.0198722256952,-0.1745,66.40387162551734,-8.546602998368774,0.165,5.1240718454581335,1.5740643534044438
25.40000000000009,-2.113657217545579,1503.5409794725324,632.1649969892,-0.1745,66.45903415783583,-8.550901731534527,0.165,5.1240718454581335,1.5740643534044438
25.500000000000092,-2.113214791369879,1510.1896334560001,631.3097045040762,-0.1745,66.5140455115199,-8.554947970941683,0.165,5.1240718454581335,1.5740643534044438
25.600000000000094,-2.1127447335506275,1516.8437804629373,630.4540161468668,-0.1745,66.56889462722252,-8.558819173245835,0.165,5.1240718454581335,1.5740643534044438
25.700000000000095,-2.112257999439417,1523.5034038968556,629.5979467692041,-0.1745,66.62357405114612,-8.562568380009264,0.165,5.1240718454581335,1.5740643534044438
25.800000000000097,-2.1122207286304926,1530.1684865395305,628.7415067554538,-0.1745,66.67807880235196,-8.566231894997765,0.165,5.1240718454581335,1.5740643534044438
25.900000000000098,-2.1113791517121534,1536.840635701642,627.8844169670974,-0.1745,66.76490443987922,-8.575563872128969,0.495,5.1240718454581335,1.5740643534044438
26.0000000000001,-2.1106470323468445,1543.5198363564125,627.0267403386329,-0.1745,66.81910865553093,-8.577968697163248,0.165,5.1240718454581335,1.5740643534044438
26.1000000000001,-2.1099916933755916,1550.2044456664635,626.1688065591195,-0.1745,66.87307754548902,-8.580706893103041,0.165,5.1240718454581335,1.5740643534044438
26.200000000000102,-2.1093908178430683,1556.8944409192725,625.310587700937,-0.1745,66.92682751069326,-8.583670270546751,0.165,5.1240718454581335,1.5740643534044438
26.300000000000104,-2.108829165798322,1563.5898007890908,624.4520649414272,-0.1745,66.98036988567276,-8.586784919650128,0.165,5.1240718454581335,1.5740643534044438
26.400000000000105,-2.108296329659975,1570.290504910368,623.5932256771401,-0.1745,67.0337125398729,-8.59000036609211,0.165,5.1240718454581335,1.5740643534044438
26.500000000000107,-2.107785200233331,1576.9965335860645,622.7340615512835,-0.1745,67.08686097405351,-8.593282151041254,0.165,5.1240718454581335,1.5740643534044438
26.600000000000108,-2.1072909188081974,1583.7078675882972,621.8745671059294,-0.1745,67.13981907059895,-8.596606756041995,0.165,5.1240718454581335,1.5740643534044438
26.70000000000011,-2.1068101615991104,1590.4244880221643,621.0147388614686,-0.1745,67.19258960674304,-8.599958133173793,0.165,5.1240718454581335,1.5740643534044438
26.80000000000011,-2.1063406513225256,1597.1463762327746,620.1545746881251,-0.1745,67.24517460546343,-8.603325333695668,0.165,5.1240718454581335,1.5740643534044438
26.900000000000112,-2.105880823946133,1603.8735137418118,619.2940733770365,-0.1745,67.29757557528244,-8.60670088807631,0.165,5.1240718454581335,1.5740643534044438
27.000000000000114,-2.1054296014034284,1610.6058822042796,618.4332343476439,-0.1745,67.3497936740742,-8.610079699776618,0.165,5.1240718454581335,1.5740643534044438
27.100000000000115,-2.1049862366413135,1617.343463379029,617.572057448147,-0.1745,67.40182982091143,-8.613458290161583,0.165,5.1240718454581335,1.5740643534044438
27.200000000000117,-2.1045502080230145,1624.0862391086944,616.7105428194741,-0.1745,67.45368477239955,-8.616834283296761,0.165,5.1240718454581335,1.5740643534044438
27.300000000000118,-2.1041211473941677,1630.834191306052,615.8486908025811,-0.1745,67.50535917475034,-8.620206054562113,0.165,5.1240718454581335,1.5740643534044438
27.40000000000012,-2.1036987910998697,1637.5873019447538,614.9865018752985,-0.1745,67.5568535992886,-8.623572491091139,0.165,5.1240718454581335,1.5740643534044438
27.50000000000012,-1.954128862947445,1644.3455530530507,614.1239766093182,-0.1745,67.6081685666506,-8.626932828513246,0.165,5.1240718454581335,1.5740643534044438
27.600000000000122,-2.002126906804859,1651.1106617831529,613.2865201177225,-0.1495,67.6940060353908,-8.12219700340138,0.165,5.1240718454581335,1.5740643534044438
27.700000000000124,-1.8855709581666014,1657.8813832264764,612.465978368068,-0.1745,67.72042283107871,-8.288637989688883,0.165,5.1240718454581335,1.5740643534044438
27.800000000000125,-1.9555463116398242,1664.6587272723145,611.6565922086113,-0.1495,67.82645808568682,-7.899085199445293,0.495,5.1240718454581335,1.5740643534044438
27.900000000000126,-2.0028085287113635,1671.4421005878662,610.8546448519483,-0.1745,67.84100822534549,-8.139861933814961,0.165,5.1240718454581335,1.5740643534044438
28.000000000000128,-2.034670821620502,1678.2275122114997,610.0324471127095,-0.1745,67.86722424732726,-8.304092850960066,0.165,5.1240718454581335,1.5740643534044438
28.10000000000013,-2.056100925681649,1685.0159336762085,609.196423341003,-0.1745,67.90120504684742,-8.416382583170803,0.165,5.1240718454581335,1.5740643534044438
28.20000000000013,-2.070469574047674,1691.8080114886,608.3509315715528,-0.1745,67.94035120098049,-8.493452805831737,0.165,5.1240718454581335,1.5740643534044438
28.300000000000132,-2.080061830683275,1698.6041751218604,607.4989260841488,-0.1745,67.98292146422868,-8.546656942248026,0.165,5.1240718454581335,1.5740643534044438
28.400000000000134,-2.086425616534051,1705.404708464263,606.6424083803477,-0.1745,68.02774538382039,-8.583697133774615,0.165,5.1240718454581335,1.5740643534044438
28.500000000000135,-2.090608842648182,1712.209797455408,605.7827337858048,-0.1745,68.0740344390819,-8.609794757081739,0.165,5.1240718454581335,1.5740643534044438
28.600000000000136,-2.0933205302821656,1719.0195620122347,604.9208196853406,-0.1745,68.12125669744891,-8.628487252201571,0.165,5.1240718454581335,1.5740643534044438
28.700000000000138,-2.0950401659006337,1725.8340775000872,604.0572868281156,-0.1745,68.1690530596,-8.642169892297144,0.165,5.1240718454581335,1.5740643534044438
28.80000000000014,-2.096091858291167,1732.6533892049683,603.1925551454127,-0.1745,68.21718103802266,-8.652463761759872,0.165,5.1240718454581335,1.5740643534044438
28.90000000000014,-2.0966945911399275,1739.477522102052,602.3269086832076,-0.1745,68.26547690365229,-8.66046548234078,0.165,5.1240718454581335,1.5740643534044438
29.000000000000142,-2.096996256094175,1746.3064874547395,601.4605395806443,-0.1745,68.31383015009696,-8.666916568925615,0.165,5.1240718454581335,1.5740643534044438
29.100000000000144,-2.0970966890550113,1753.1402872745768,600.5935778416302,-0.1745,68.36216624665188,-8.67231821135515,0.165,5.1240718454581335,1.5740643534044438
29.200000000000145,-2.110689937464288,1759.9789173359884,599.7261114797208,-0.1745,68.41043498157956,-8.677009026834133,0.165,4.6035448655979145,1.4668686059803335
29.300000000000146,-2.1197143436153065,1766.8219305244472,598.8558864972113,-0.1745,68.4498287875986,-8.727490623356564,0.165,4.6035448655979145,1.4668686059803335
29.400000000000148,-2.1256735543280585,1773.6689923688991,597.981392057215,-0.1745,68.49140810144054,-8.762398176569754,0.165,4.6035448655979145,1.4668686059803335
29.50000000000015,-2.1295778239875633,1780.5202826579546,597.1039300738557,-0.1745,68.53439767966934,-8.78684149061563,0.165,4.6035448655979145,1.4668686059803335
29.60000000000015,-2.1321055629940457,1787.375916460926,596.2243751944359,-0.1745,68.5782783797595,-8.804256097781481,0.165,4.6035448655979145,1.4668686059803335
29.700000000000152,-2.1337121285779097,1794.2359654961915,595.3433148559188,-0.1745,68.62270232554927,-8.816950672559063,0.165,4.6035448655979145,1.4668686059803335
29.800000000000153,-2.134703029475887,1801.1004724301893,594.4611435258952,-0.1745,68.66743635440763,-8.826475927914345,0.165,4.6035448655979145,1.4668686059803335
29.900000000000155,-2.1352831528733156,1807.9694604584479,593.5781260785993,-0.1745,68.71232421076392,-8.83387301800359,0.165,4.6035448655979145,1.4668686059803335
30.000000000000156,-2.135589849004014,1814.842939730301,592.6944403928935,-0.1745,68.75726122629735,-8.839840696113164,0.165,4.6035448655979145,1.4668686059803335
30.100000000000158,-2.1357151558725267,1821.720911658819,591.8102059711973,-0.1745,68.80217734406524,-8.844847737810204,0.165,4.6035448655979145,1.4668686059803335
30.20000000000016,-2.1361642085565533,1828.6033718125125,590.9255031585777,-0.1745,68.84702572980432,-8.849208514580676,0.165,4.6035448655979145,1.4668686059803335
30.30000000000016,-2.1357588090602277,1835.4919367976895,590.0400995781812,-0.1745,68.92427397373518,-8.85886309335057,0.495,4.6035448655979145,1.4668686059803335
30.400000000000162,-2.135414092568479,1842.3865983645906,589.1540897076015,-0.1745,68.96895736428563,-8.861334318241473,0.165,4.6035448655979145,1.4668686059803335
30.500000000000163,-2.1351115497488835,1849.2857187292789,588.2678235733857,-0.1745,69.01344992948259,-8.86398836607545,0.165,4.6035448655979145,1.4668686059803335
30.600000000000165,-2.134838791040385,1856.1892793068896,587.3812860582127,-0.1745,69.05776162273364,-8.866761937384418,0.165,4.6035448655979145,1.4668686059803335
30.700000000000166,-2.134587522780821,1863.0972623505834,586.4944673280089,-0.1745,69.10189925114109,-8.869612666691637,0.165,4.6035448655979145,1.4668686059803335
30.800000000000168,-2.1343521917436648,1870.0096506888408,585.6073610842451,-0.1745,69.1458675140065,-8.87251220858545,0.165,4.6035448655979145,1.4668686059803335
30.90000000000017,-2.134129077643074,1876.9264275494957,584.7199633936114,-0.1745,69.1896696990914,-8.875441604088516,0.165,4.6035448655979145,1.4668686059803335
31.00000000000017,-2.13391568576531,1883.8475764419122,583.8322719045908,-0.1745,69.2333081492385,-8.878388176322064,0.165,4.6035448655979145,1.4668686059803335
31.100000000000172,-2.133710340607629,1890.773081078123,582.9442853232023,-0.1745,69.27678457497308,-8.881343451449482,0.165,4.6035448655979145,1.4668686059803335
31.200000000000173,-2.1335119140942598,1897.7029253200637,582.056003062292,-0.1745,69.32010026384455,-8.884301766756565,0.165,4.6035448655979145,1.4668686059803335
31.300000000000175,-2.1333196438625097,1904.6370931442843,581.1674250069998,-0.1745,69.36325622056538,-8.887259339087567,0.165,4.6035448655979145,1.4668686059803335
31.400000000000176,-2.133133011810564,1911.575568618352,580.2785513579656,-0.1745,69.40625326078916,-8.890213641595532,0.165,4.6035448655979145,1.4668686059803335
31.500000000000178,-2.1329516629497314,1918.5183358850836,579.3893825265404,-0.1745,69.44909207384153,-8.893162986908589,0.165,4.6035448655979145,1.4668686059803335
31.60000000000018,-2.1327753512040535,1925.465379152009,578.4999190647728,-0.1745,69.49177326466658,-8.896106248443672,0.165,4.6035448655979145,1.4668686059803335
31.70000000000018,-1.4319583898277766,1932.4166826843357,577.6101616186434,-0.1745,69.53429738186418,-8.899042674145889,0.165,4.6035448655979145,1.4668686059803335
31.800000000000182,-1.6670069184053231,1939.3708805695742,576.8435842870146,-0.06225,69.54966032290473,-6.432503958430388,0.8300000000000001,4.6035448655979145,1.4668686059803335
31.900000000000183,-1.8240208480307656,1946.3214647732857,576.1595938130256,-0.1745,69.46202375132665,-7.247305521347779,0.165,4.6035448655979145,1.4668686059803335
32.000000000000185,-1.9287820684372101,1953.265555503049,575.4075906550707,-0.1745,69.41979084393807,-7.792757637749458,0.165,4.6035448655979145,1.4668686059803335
32.100000000000186,-1.9986015876395244,1960.2068837986385,574.6100524344562,-0.1745,69.40677506785116,-8.158006774542532,0.165,4.6035448655979145,1.4668686059803335
32.20000000000019,-2.045082301156173,1967.147860221155,573.7820145896633,-0.1745,69.41275338248192,-8.40275012131637,0.165,4.6035448655979145,1.4668686059803335
32.30000000000019,-2.0759890583645966,1974.090055579007,572.9335286805014,-0.1745,69.43115377455855,-8.56696806192149,0.165,4.6035448655979145,1.4668686059803335
32.40000000000019,-2.0965116163396997,1981.0344982724375,572.0713094581375,-0.1745,69.45770009405463,-8.67741638535542,0.165,4.6035448655979145,1.4668686059803335
32.50000000000019,-2.1101151194199126,1987.9818626457652,571.1998394242489,-0.1745,69.48958737250052,-8.75198429241745,0.165,4.6035448655979145,1.4668686059803335
32.60000000000019,-2.119111336759051,1994.9325903026515,570.3221090881193,-0.1745,69.52496576522461,-8.802622430174514,0.165,4.6035448655979145,1.4668686059803335
32.700000000000195,-2.125041547365219,2001.8869691437515,569.4401125493891,-0.1745,69.56261105677584,-8.837308344429141,0.165,4.6035448655979145,1.4668686059803335
32.800000000000196,-2.1289327677240584,2008.845185260814,568.5551789316119,-0.1745,69.60171128447534,-8.861364011116974,0.165,4.6035448655979145,1.4668686059803335
32.9000000000002,-2.1314690107307395,2015.807357185284,567.6681938360612,-0.1745,69.64172720492314,-8.878337899896895,0.165,4.6035448655979145,1.4668686059803335
33.0000000000002,-2.133105644798754,2022.773558567818,566.7797471982431,-0.1745,69.68230044575799,-8.890594856464313,0.165,4.6035448655979145,1.4668686059803335
33.1000000000002,-2.134145700770173,2029.743833229187,565.890231943574,-0.1745,69.72319278162034,-8.899710236917265,0.165,4.6035448655979145,1.4668686059803335
33.2000000000002,-2.1347907571365154,2036.7182051619293,564.9999097787119,-0.1745,69.76424587322555,-8.906733060326257,0.165,4.6035448655979145,1.4668686059803335
33.3000000000002,-2.1351748552543484,2043.6966851818781,564.1089550455856,-0.1745,69.80535452574975,-8.912361602199093,0.165,4.6035448655979145,1.4668686059803335
33.400000000000205,-2.1353870937076347,2050.6792753535365,563.2174839403802,-0.1745,69.84644890741849,-8.917060501908006,0.165,4.6035448655979145,1.4668686059803335
33.500000000000206,-2.1354866745061156,2057.6659719348427,562.3255739738464,-0.1745,69.88748271870958,-8.921138828768878,0.165,4.6035448655979145,1.4668686059803335
33.60000000000021,-2.1364093276905516,2064.6567673366976,561.4332769273657,-0.1745,69.92842531838969,-8.92480210084648,0.165,4.6035448655979145,1.4668686059803335
33.70000000000021,-2.1357269774087775,2071.654925931531,560.5400502032473,-0.1745,70.0347465782796,-8.939732381520077,0.8300000000000001,4.6035448655979145,1.4668686059803335
33.80000000000021,-2.1352401608247327,2078.6604411911567,559.6460343001692,-0.1745,70.07555861423256,-8.94058568004309,0.165,4.6035448655979145,1.4668686059803335
33.90000000000021,-2.134884330001295,2085.6700250723,558.7519001427884,-0.1745,70.11611900863487,-8.942097467572268,0.165,4.6035448655979145,1.4668686059803335
34.00000000000021,-2.134616672845881,2092.6836541314765,557.857593114157,-0.1745,70.15646217488727,-8.944043105055806,0.165,4.6035448655979145,1.4668686059803335
34.100000000000215,-1.4262058547525693,2099.7013077953,556.9630772818679,-0.1745,70.19661110158565,-8.946273540727631,0.165,4.6035448655979145,1.4668686059803335
34.200000000000216,-1.6660550591236878,2106.7216924846707,556.1942876151581,-0.06225,70.2110826858215,-6.429519793467504,0.8300000000000001,4.6035448655979145,1.4668686059803335
34.30000000000022,-1.8267029911982462,2113.73807698249,555.5093928715349,-0.1745,70.1166072705645,-7.268375078996004,0.165,4.6035448655979145,1.4668686059803335
34.40000000000022,-1.9319404015763686,2120.7506598910045,554.7540437168869,-0.1745,70.13505089972405,-7.838608013964075,0.8300000000000001,4.6035448655979145,1.4668686059803335
34.50000000000022,-2.001723670112589,2127.763332931274,553.9516713338554,-0.1745,70.11840990566127,-8.208839646665629,0.165,4.6035448655979145,1.4668686059803335
34.60000000000022,-2.047955052185541,2134.775319185728,553.1184531360573,-0.1745,70.12131518342204,-8.455524309296207,0.165,4.6035448655979145,1.4668686059803335
34.70000000000022,-2.0785556136844803,2141.788231770043,552.2646715638268,-0.1745,70.1369365028647,-8.620107135313312,0.165,4.6035448655979145,1.4668686059803335
34.800000000000225,-2.098790359122145,2148.803121305352,551.3971577702536,-0.1745,70.1608542033191,-8.730168736151839,0.165,4.6035448655979145,1.4668686059803335
34.900000000000226,-2.112155412972013,2155.8206732582153,550.5204469751546,-0.1745,70.1901848539486,-8.804047165825734,0.165,4.6035448655979145,1.4668686059803335
35.00000000000023,-1.9634569590039064,2162.8413343539464,549.6375483595667,-0.1745,70.22303706067318,-8.853925145933315,0.165,4.6035448655979145,1.4668686059803335
35.10000000000023,-2.0224802505702835,2169.8708440582573,548.7778900996682,-0.1495,70.36715702553937,-8.339240052037017,0.8300000000000001,4.6035448655979145,1.4668686059803335
35.20000000000023,-2.061503102485431,2176.9079436044544,547.9334774448861,-0.1745,70.37483389840797,-8.549013043605479,0.165,4.6035448655979145,1.4668686059803335
35.30000000000023,-2.087281889570022,2183.9463495889595,547.0715868441606,-0.1745,70.39328579168898,-8.688798970903308,0.165,4.6035448655979145,1.4668686059803335
35.40000000000023,-2.1052251098667827,2190.986951762211,546.1980363475942,-0.1745,70.41875767334193,-8.782210960425115,0.165,4.6035448655979145,1.4668686059803335
35.500000000000234,-2.1157873287929476,2198.033604067142,545.3161028806744,-0.1745,70.51428842527682,-8.856458377970888,0.8300000000000001,4.6035448655979145,1.4668686059803335
35.600000000000236,-2.122740768749098,2205.0866879516375,544.4284536703143,-0.1745,70.54738926463817,-8.896525829231877,0.165,4.6035448655979145,1.4668686059803335
35.70000000000024,-2.12731180603361,2212.1431713301345,543.5374319431543,-0.1745,70.5822783053027,-8.923908713968945,0.165,4.6035448655979145,1.4668686059803335
35.80000000000024,-2.130311073206289,2219.2032001526927,542.6440912272893,-0.1745,70.61829814586201,-8.942905603330498,0.165,4.6035448655979145,1.4668686059803335
35.90000000000024,-2.132274172154526,2226.2668658280013,541.7491279749299,-0.1745,70.65501536030537,-8.95635944385736,0.165,4.6035448655979145,1.4668686059803335
36.00000000000024,-2.133554850892419,2233.3342237994407,540.8530025177784,-0.1745,70.69214406847851,-8.966149699174913,0.165,4.6035448655979145,1.4668686059803335
36.10000000000024,-2.1343866647622063,2240.4053057880164,539.9560191122771,-0.1745,70.72949570303294,-8.973518410849533,0.165,4.6035448655979145,1.4668686059803335
36.200000000000244,-2.134923760728259,2247.480127869296,539.0583788870285,-0.1745,70.76694592255977,-8.97928609412161,0.165,4.6035448655979145,1.4668686059803335
36.300000000000246,-2.1352678412163737,2254.5586958048884,538.160214851479,-0.1745,70.80441278928538,-8.983994616867648,0.165,4.6035448655979145,1.4668686059803335
36.40000000000025,-2.135485983765413,2261.6410085626035,537.2616150349065,-0.1745,70.841842365016,-8.988001714582728,0.165,4.6035448655979145,1.4668686059803335
36.50000000000025,-2.1356224132757964,2268.7270606408365,536.362637774793,-0.1745,70.8791991996421,-8.991543487687004,0.165,4.6035448655979145,1.4668686059803335
36.60000000000025,-2.135706276497784,2275.8168436032834,535.4633218147909,-0.1745,70.91646004929423,-8.994775712355242,0.165,4.6035448655979145,1.4668686059803335
36.70000000000025,-2.135756774694914,2282.910347092122,534.5636929722882,-0.1745,70.95360972747062,-8.997801137698477,0.165,4.6035448655979145,1.4668686059803335
36.80000000000025,-2.1357865511238168,2290.007559496753,533.6637685395453,-0.1745,70.99063836515609,-9.000687517158598,0.165,4.6035448655979145,1.4668686059803335
36.900000000000254,-2.1358039260296064,2297.108468395097,532.7635601879114,-0.1745,71.02753960172475,-9.003479515520265,0.165,4.6035448655979145,1.4668686059803335
37.000000000000256,-2.1358143708060617,2304.213060844717,531.8630758836729,-0.1745,71.06430939067404,-9.006206569249317,0.165,4.6035448655979145,1.4668686059803335
37.10000000000026,-2.1358214800317366,2311.3213235748217,530.9623211515175,-0.1745,71.10094521142469,-9.008888073858037,0.165,4.6035448655979145,1.4668686059803335
37.20000000000026,-2.135827612223398,2318.4332431128555,530.0612999075131,-0.1745,71.13744554925287,-9.011536806229024,0.165,4.6035448655979145,1.4668686059803335
37.30000000000026,-2.135834312087532,2325.54880586793,529.1600150081122,-0.1745,71.17380955223287,-9.014161181790229,0.165,4.6035448655979145,1.4668686059803335
37.40000000000026,-2.1358425886990284,2332.6679981857915,528.2584686118837,-0.1745,71.21003680500502,-9.016766742779497,0.165,4.6035448655979145,1.4668686059803335
37.50000000000026,-2.1358530987112823,2339.790806385023,527.3566624177828,-0.1745,71.24612717962658,-9.019357139238972,0.165,4.6035448655979145,1.4668686059803335
37.600000000000264,-2.1358662669842428,2346.917216780868,526.4545978220483,-0.1745,71.2820807372687,-9.021934775450285,0.165,4.6035448655979145,1.4668686059803335
37.700000000000266,-2.135882365984456,2354.0472157009035,525.5522760214866,-0.1745,71.31789766344339,-9.024501235783951,0.165,4.6035448655979145,1.4668686059803335
37.80000000000027,-2.13590156803272,2361.1807894953427,524.6496980814397,-0.1745,71.35357822533523,-9.027057565152326,0.165,4.6035448655979145,1.4668686059803335
37.90000000000027,-2.135923979674628,2368.3179245437946,523.7468649804994,-0.1745,71.38912274370144,-9.029604453654477,0.165,4.6035448655979145,1.4668686059803335
38.00000000000027,-2.135949664284236,2375.458607259698,522.8437776399113,-0.1745,71.42453157437066,-9.032142358107409,0.165,4.6035448655979145,1.4668686059803335
38.10000000000027,-2.1359786569249044,2382.6028240932196,521.9404369429053,-0.1745,71.45980509606423,-9.034671582013246,0.165,4.6035448655979145,1.4668686059803335
38.20000000000027,-2.1360109741166746,2389.750561533142,521.0368437473966,-0.1745,71.49494370238068,-9.03719232816203,0.165,4.6035448655979145,1.4668686059803335
38.300000000000274,-2.1369458787329734,2396.901806108087,520.1329988943273,-0.1745,71.52994779652106,-9.039704733223909,0.165,4.6035448655979145,1.4668686059803335
38.400000000000276,-2.1363354311083866,2404.0598188920912,519.2283259407643,-0.1745,71.63030788356484,-9.053754338037248,0.8300000000000001,4.6035448655979145,1.4668686059803335
38.50000000000028,-2.135954771469804,2411.224591574087,518.3229434051049,-0.1745,71.66514575634436,-9.053896375151838,0.165,4.6035448655979145,1.4668686059803335
38.60000000000028,-2.136624650481064,2418.392835259477,517.4175066896526,-0.1745,71.69972795145888,-9.054837933895083,0.165,4.6035448655979145,1.4668686059803335
38.70000000000028,-2.135847632658372,2425.567801030589,516.5113725016072,-0.1745,71.79958747078383,-9.067845827013283,0.8300000000000001,4.6035448655979145,1.4668686059803335
38.80000000000028,-2.1353640010605446,2432.749474085643,515.604615665244,-0.1745,71.83387363029883,-9.06729090025219,0.165,4.6035448655979145,1.4668686059803335
38.90000000000028,-2.1350732724158212,2439.934561319691,514.6978628649538,-0.1745,71.86787105065926,-9.067765105550908,0.165,4.6035448655979145,1.4668686059803335
39.000000000000284,-2.1349097151556604,2447.1230366165623,513.7910291246388,-0.1745,71.90163488676858,-9.068909700748849,0.165,4.6035448655979145,1.4668686059803335
39.100000000000286,-2.1348303396596062,2454.3148784304053,512.8840591433004,-0.1745,71.9352013900942,-9.070489926018563,0.165,4.6035448655979145,1.4668686059803335
39.20000000000029,-2.134807035187895,2461.5100682213324,511.97691703718357,-0.1745,71.96859442844442,-9.072352196318953,0.165,4.6035448655979145,1.4668686059803335
39.30000000000029,-2.1348214230045977,2468.708589430763,511.069579624339,-0.1745,72.0018297601671,-9.074396060572681,0.165,4.6035448655979145,1.4668686059803335
39.40000000000029,-2.1348614882683985,2475.9104268105157,510.16203202939903,-0.1745,72.03491783488491,-9.076555838226449,0.165,4.6035448655979145,1.4668686059803335
39.50000000000029,-2.1349193765118764,2483.115565983659,509.2542648076669,-0.1745,72.06786562798399,-9.078788596415656,0.165,4.6035448655979145,1.4668686059803335
39.60000000000029,-2.1349899524040747,2490.3239931571475,508.3462720638231,-0.1745,72.10067784178153,-9.081066280460561,0.165,4.6035448655979145,1.4668686059803335
39.700000000000294,-2.1350698573386513,2497.5356949338243,507.4380502215872,-0.1745,72.13335769175791,-9.083370564257438,0.165,4.6035448655979145,1.4668686059803335
39.800000000000296,-2.135156893360388,2504.750658189464,506.52959721930495,-0.1745,72.16590742103281,-9.08568948138743,0.165,4.6035448655979145,1.4668686059803335
39.9000000000003,-2.1352496205307743,2511.9688699923618,505.6209119841477,-0.1745,72.19832863691744,-9.088015221757283,0.165,4.6035448655979145,1.4668686059803335
40.0000000000003,-2.135347093855142,2519.190317550758,504.7119940885142,-0.1745,72.23062253101241,-9.090342690913554,0.165,4.6035448655979145,1.4668686059803335
40.1000000000003,-2.1354486914410558,2526.4149881784642,503.80284352555424,-0.1745,72.26279002310683,-9.092668568285285,0.165,4.6035448655979145,1.4668686059803335
40.2000000000003,-2.1355540022788633,2533.642869272381,502.8934605625534,-0.1745,72.29483185523264,-9.09499069173114,0.165,4.6035448655979145,1.4668686059803335
40.3000000000003,-2.135662752976767,2540.873948297799,501.983845645195,-0.1745,72.32674865312279,-9.097307655436646,0.165,4.6035448655979145,1.4668686059803335
40.400000000000304,-2.1357747599404626,2548.108212778773,501.0739993350596,-0.1745,72.35854096635863,-9.099618547270987,0.165,4.6035448655979145,1.4668686059803335
40.500000000000306,-2.1358898981684775,2555.3456502918207,500.1639222688321,-0.1745,72.39020929458864,-9.101922777279643,0.165,4.6035448655979145,1.4668686059803335
40.60000000000031,-2.136008080895019,2562.5862484617824,499.25361513168224,-0.1745,72.42175410464573,-9.104219965718057,0.165,4.6035448655979145,1.4668686059803335
40.70000000000031,-2.136129246312754,2569.8299949591005,498.3430786398976,-0.1745,72.45317584171896,-9.106509869974566,0.165,4.6035448655979145,1.4668686059803335
40.80000000000031,-2.1362533489153095,2577.076877498019,497.4323135295545,-0.1745,72.48447493664247,-9.108792336887275,0.165,4.6035448655979145,1.4668686059803335
40.90000000000031,-2.136380353853414,2584.3268838353833,496.52132054912823,-0.1745,72.51565181064917,-9.111067271638367,0.165,4.6035448655979145,1.4668686059803335
41.00000000000031,-2.136510233256468,2591.5800017698393,495.61010045467293,-0.1745,72.54670687846965,-9.113334617467565,0.165,4.6035448655979145,1.4668686059803335
41.100000000000314,-2.136642963835584,2598.8362191412803,494.6986540066773,-0.1745,72.57764055035123,-9.115594342444775,0.165,4.6035448655979145,1.4668686059803335
41.200000000000315,-2.136778525321958,2606.0955238304664,493.7869819680127,-0.1745,72.60845323337263,-9.11784643084752,0.165,4.6035448655979145,1.4668686059803335
41.30000000000032,-1.4010751007831805,2613.35790375875,492.87508510259323,-0.1745,72.63914533229905,-9.120090877541308,0.165,4.6035448655979145,1.4668686059803335
41.40000000000032,-1.659331017120994,2620.6206999960045,492.0984063881023,-0.06225,72.61677941278529,-6.413483412276717,0.495,4.6035448655979145,1.4668686059803335
41.50000000000032,-1.828013704694175,2627.8763383809815,491.4104383508187,-0.1745,72.4959882867575,-7.345877333395061,0.165,4.6035448655979145,1.4668686059803335
41.60000000000032,-1.9381044878594018,2635.122672333995,490.64538145952406,-0.1745,72.43069077351065,-7.95526049249836,0.165,4.6035448655979145,1.4668686059803335
41.70000000000032,-2.009915396584424,2642.364216324813,489.8299358214485,-0.1745,72.40018904284,-8.353652269013121,0.165,4.6035448655979145,1.4668686059803335
41.800000000000324,-2.0567431200295037,2649.6038143517967,488.98154105465807,-0.1745,72.39177149684275,-8.614243066794906,0.165,4.6035448655979145,1.4668686059803335
41.900000000000325,-2.087279567832147,2656.843276558716,488.1115846318225,-0.1745,72.39747264154299,-8.784885389916774,0.165,4.6035448655979145,1.4668686059803335
42.00000000000033,-2.1076634668329493,2664.0837618764103,487.2274978287095,-0.1745,72.41223371234973,-8.896850672343788,0.165,4.6035448655979145,1.4668686059803335
42.10000000000033,-2.120351047528161,2671.3276391783,486.3338408600936,-0.1745,72.46531232544699,-8.976288699974823,0.495,4.6035448655979145,1.4668686059803335
42.20000000000033,-2.12864848225961,2678.575388209215,485.4338305366686,-0.1745,72.48966829284399,-9.023917768524184,0.165,4.6035448655979145,1.4668686059803335
42.30000000000033,-2.1340903965814513,2685.8256888064984,484.5298498764268,-0.1745,72.51634365283,-9.0556954363122,0.165,4.6035448655979145,1.4668686059803335
42.40000000000033,-2.137675914427911,2693.078730160297,483.62320750072047,-0.1745,72.5444834231397,-9.077152077814828,0.165,4.6035448655979145,1.4668686059803335
42.500000000000334,-2.140055272550145,2700.334630966803,482.7147554065822,-0.1745,72.57353270698354,-9.091889804951387,0.165,4.6035448655979145,1.4668686059803335
42.600000000000335,-2.1416515076916025,2707.593464157997,481.80504822017775,-0.1745,72.60313111689113,-9.102253923136725,0.165,4.6035448655979145,1.4668686059803335
42.70000000000034,-2.1431875135876814,2714.8552729405874,480.8944469769419,-0.1745,72.63304453491571,-9.109770941581141,0.165,4.6035448655979145,1.4668686059803335
42.80000000000034,-2.1436282223198466,2722.12170615396,479.98290025705796,-0.1745,72.6956197325361,-9.121163456097316,0.495,4.6035448655979145,1.4668686059803335
42.90000000000034,-2.1439687353599126,2729.3927775989832,479.07061965316854,-0.1745,72.72580916792555,-9.124448621690904,0.165,4.6035448655979145,1.4668686059803335
43.00000000000034,-2.14424515309611,2736.6668648931454,478.1580295452003,-0.1745,72.75593671532116,-9.12735353767389,0.165,4.6035448655979145,1.4668686059803335
43.10000000000034,-2.1444809192493643,2743.9439608661346,477.2451614275411,-0.1745,72.78598274446568,-9.130008815509509,0.165,4.6035448655979145,1.4668686059803335
43.200000000000344,-2.144691252874211,2751.2240567352223,476.3320360200741,-0.1745,72.81593463728849,-9.13249933383096,0.165,4.6035448655979145,1.4668686059803335
43.300000000000345,-2.1448860297292445,2758.507142683796,475.41866704138545,-0.1745,72.84578433418324,-9.134880239942161,0.165,4.6035448655979145,1.4668686059803335
43.40000000000035,-2.145071655066916,2765.7932082374155,474.50506366152115,-0.1745,72.87552673820726,-9.137187357343416,0.165,4.6035448655979145,1.4668686059803335
43.50000000000035,-2.14525228057957,2773.082242508197,473.59123209599557,-0.1745,72.90515867742063,-9.139443953168737,0.165,4.6035448655979145,1.4668686059803335
43.60000000000035,-2.145430594981893,2780.3742343535823,472.6771766414583,-0.1745,72.93467823028698,-9.14166513757733,0.165,4.6035448655979145,1.4668686059803335
43.70000000000035,-2.1456083374837602,2787.669172479457,471.7629003484287,-0.1745,72.96408428719985,-9.14386072301458,0.165,4.6035448655979145,1.4668686059803335
43.80000000000035,-2.145786631203557,2794.967045507094,470.84840545817525,-0.1745,72.99337626554878,-9.146037082053734,0.165,4.6035448655979145,1.4668686059803335
43.900000000000354,-2.1459661996114696,2802.2678420166017,469.9336936863596,-0.1745,73.02255392460211,-9.148198354259119,0.165,4.6035448655979145,1.4668686059803335
44.000000000000355,-2.1461475070052516,2809.571550575095,469.0187664071476,-0.1745,73.05161724526705,-9.150347229980955,0.165,4.6035448655979145,1.4668686059803335
44.10000000000036,-2.1463308496599214,2816.8781597549587,468.10362477268524,-0.1745,73.08056635200755,-9.152485459266833,0.165,4.6035448655979145,1.4668686059803335
44.20000000000036,-2.1465164149574525,2824.187658145667,467.1882697906112,-0.1745,73.10940146215034,-9.154614182214477,0.165,4.6035448655979145,1.4668686059803335
44.30000000000036,-2.146704319735658,2831.5000343614233,466.27270237433225,-0.1745,73.13812285297993,-9.156734143364403,0.165,4.6035448655979145,1.4668686059803335
44.40000000000036,-2.1468946351536475,2838.8152770460915,465.35692337562386,-0.1745,73.16673084038474,-9.158845830803479,0.165,4.6035448655979145,1.4668686059803335
44.50000000000036,-2.147087402810762,2846.133374876361,464.4409336057638,-0.1745,73.19522576500239,-9.160949566397473,0.165,4.6035448655979145,1.4668686059803335
44.600000000000364,-2.1472826451930724,2853.4543165637724,463.5247338492285,-0.1745,73.22360798323214,-9.163045564308423,0.165,4.6035448655979145,1.4668686059803335
44.700000000000365,-1.4046328389226348,2860.7780908560044,462.6083248725663,-0.1745,73.25187786140572,-9.165133968935061,0.165,4.6035448655979145,1.4668686059803335
44.80000000000037,-1.6676052612420569,2868.102115637686,461.8295568974834,-0.06225,73.22861777223079,-6.41022553272287,0.495,4.6035448655979145,1.4668686059803335
44.90000000000037,-1.838586507063862,2875.418591260249,461.1406847235595,-0.1745,73.10089467902208,-7.3672179457553835,0.165,4.6035448655979145,1.4668686059803335
45.00000000000037,-1.9496789380214665,2882.7251785246212,460.37284153079855,-0.1745,73.03085060842432,-7.989645909463509,0.165,4.6035448655979145,1.4668686059803335
45.10000000000037,-2.0218281010190426,2890.0265602079726,459.55362958692285,-0.1745,72.99678305860526,-8.394592968050716,0.165,4.6035448655979145,1.4668686059803335
45.20000000000037,-2.0686800145652224,2897.325671287312,458.7009910341684,-0.1745,72.98543852818662,-8.658178087037863,0.165,4.6035448655979145,1.4668686059803335
45.300000000000374,-2.0991126684695223,2904.6243709451023,457.82658577545726,-0.1745,72.98855462761794,-8.829927087185396,0.165,4.6035448655979145,1.4668686059803335
45.400000000000375,-2.1188954583626023,2911.9238441556927,456.93798693699364,-0.1745,73.00090958419213,-8.942049682086607,0.165,4.6035448655979145,1.4668686059803335
45.50000000000038,-2.1317743492463066,2919.224848312055,456.04011050888266,-0.1745,73.01917354305519,-9.015478880133099,0.165,4.6035448655979145,1.4668686059803335
45.60000000000038,-2.140179879463969,2926.527867525531,455.1361460886327,-0.1745,73.04121072646133,-9.063809524865658,0.165,4.6035448655979145,1.4668686059803335
45.70000000000038,-2.145688244536265,2933.8332103696785,454.22816233922146,-0.1745,73.06564615648703,-9.095865463359194,0.165,4.6035448655979145,1.4668686059803335
45.80000000000038,-2.1493211610990723,2941.1410723076265,453.3175005131258,-0.1745,73.09159260247313,-9.117371058553173,0.165,4.6035448655979145,1.4668686059803335
45.90000000000038,-2.1517406827331627,2948.4515757765807,452.4050300406843,-0.1745,73.118476776608,-9.13203839027706,0.165,4.6035448655979145,1.4668686059803335
46.000000000000384,-2.1533756714092975,2955.764796014128,451.49131443195284,-0.1745,73.14592797433322,-9.142273784352302,0.165,4.6035448655979145,1.4668686059803335
46.100000000000385,-2.1545038528328595,2963.080777733854,450.5767189108267,-0.1745,73.17370642018918,-9.149636638170472,0.165,4.6035448655979145,1.4668686059803335
46.20000000000039,-2.1553050297252163,2970.399545906719,449.66148021787865,-0.1745,73.20165703710796,-9.155137220789982,0.165,4.6035448655979145,1.4668686059803335
46.30000000000039,-2.155895577687468,2977.7211127369956,448.74575186319134,-0.1745,73.22967956841926,-9.159429872956057,0.165,4.6035448655979145,1.4668686059803335
46.40000000000039,-2.156350800010859,2985.0454821778508,447.82963345454624,-0.1745,73.25770924868765,-9.162938299946545,0.165,4.6035448655979145,1.4668686059803335
46.50000000000039,-2.156719410299213,2992.3726528548727,446.91318969959013,-0.1745,73.28570429175093,-9.165936799176054,0.165,4.6035448655979145,1.4668686059803335
46.60000000000039,-2.15703291253175,2999.702619958922,445.99646271439246,-0.1745,73.31363778922795,-9.168602904777151,0.165,4.6035448655979145,1.4668686059803335
46.700000000000394,-2.1573116747621492,3007.035376471595,445.0794799942569,-0.1745,73.34149246423495,-9.171051497933677,0.165,4.6035448655979145,1.4668686059803335
46.800000000000395,-2.157568860943992,3014.370913958511,444.1622595742334,-0.1745,73.36925727408581,-9.173356902537089,0.165,4.6035448655979145,1.4668686059803335
46.9000000000004,-2.157812975601707,3021.7092230827416,443.2448133693783,-0.1745,73.39692521051924,-9.175567194565813,0.165,4.6035448655979145,1.4668686059803335
47.0000000000004,-2.1580495103526047,3029.050293937044,442.3271493363116,-0.1745,73.42449187552725,-9.17771346676799,0.165,4.6035448655979145,1.4668686059803335
47.1000000000004,-2.1582820090388872,3036.3941162587944,441.4092728716873,-0.1745,73.45195455947736,-9.179815825718586,0.165,4.6035448655979145,1.4668686059803335
47.2000000000004,-1.4128393725213755,3043.7406795689926,440.4911877167597,-0.1745,73.47931164448623,-9.181887272832672,0.165,4.6035448655979145,1.4668686059803335
47.3000000000004,-1.6776256368549851,3051.089102729906,439.7115407825103,-0.06225,73.48915157377519,-6.411051412155759,0.8300000000000001,4.6035448655979145,1.4668686059803335
47.400000000000404,-1.8494509982203664,3058.4314890790683,439.022093875823,-0.1745,73.35857540947869,-7.377886721590758,0.165,4.6035448655979145,1.4668686059803335
47.500000000000405,-1.960879071754795,3065.763746677411,438.2529290056122,-0.1745,73.28657655736671,-8.005410682624156,0.165,4.6035448655979145,1.4668686059803335
47.600000000000406,-2.033112412938628,3073.0906271806507,437.43201721496325,-0.1745,73.25103350742819,-8.41282513035455,0.165,4.6035448655979145,1.4668686059803335
47.70000000000041,-2.0799362244783746,3080.4151022990586,436.57750288579905,-0.1745,73.23846886073447,-8.677461452929961,0.165,4.6035448655979145,1.4668686059803335
47.80000000000041,-2.110300821847964,3087.7390506855254,435.7011533239046,-0.1745,73.2404988686017,-8.849529784959847,0.165,4.6035448655979145,1.4668686059803335
47.90000000000041,-2.130010845514136,3095.063667428534,434.8105959457099,-0.1745,73.25183599156541,-8.961617778934114,0.165,4.6035448655979145,1.4668686059803335
48.00000000000041,-2.142827565968647,3102.389714988782,433.9107720144883,-0.1745,73.26911521340126,-9.034860845497958,0.165,4.6035448655979145,1.4668686059803335
48.10000000000041,-2.15118656979194,3109.7176798738437,433.00488110064197,-0.1745,73.29018248783392,-9.082957431428733,0.165,4.6035448655979145,1.4668686059803335
48.200000000000415,-2.156664181612298,3117.047871688891,432.0949941946134,-0.1745,73.31365381311258,-9.114780689142618,0.165,4.6035448655979145,1.4668686059803335
48.300000000000416,-2.1602801769127984,3124.3804862742495,431.18245138952136,-0.1745,73.33863789405304,-9.136075412698233,0.165,4.6035448655979145,1.4668686059803335
48.40000000000042,-2.162694047885104,3131.715646166386,430.2681196444426,-0.1745,73.36455994867661,-9.15055948887655,0.165,4.6035448655979145,1.4668686059803335
48.50000000000042,-2.1643321582302915,3139.053426615606,429.35255975923417,-0.1745,73.39104903572294,-9.160638215292767,0.165,4.6035448655979145,1.4668686059803335
48.60000000000042,-2.1654700758218284,3146.3938723522183,428.4361344866169,-0.1745,73.41786569652139,-9.167867237053084,0.165,4.6035448655979145,1.4668686059803335
48.70000000000042,-2.1662858589445233,3153.737008405111,427.51907850449356,-0.1745,73.44485536132812,-9.173252405413711,0.165,4.6035448655979145,1.4668686059803335
48.80000000000042,-2.166894530647176,3161.082847087972,426.60154368818564,-0.1745,73.47191829589508,-9.177443920744421,0.165,4.6035448655979145,1.4668686059803335
48.900000000000425,-2.16737037531841,3168.431392512622,425.6836283929429,-0.1745,73.4989901971072,-9.180861984110564,0.165,4.6035448655979145,1.4668686059803335
49.000000000000426,-2.167761355067828,3175.7826435053335,424.76539638900374,-0.1745,73.52602965711979,-9.183778094672814,0.165,4.6035448655979145,1.4668686059803335
49.10000000000043,-2.1680984285318825,3183.1365954913094,423.8468891025358,-0.1745,73.55301006240364,-9.186367634686514,0.165,4.6035448655979145,1.4668686059803335
49.20000000000043,-2.1684015730955233,3190.4932417123373,422.9281335271146,-0.1745,73.57991435814927,-9.188743873737183,0.165,4.6035448655979145,1.4668686059803335
49.30000000000043,-2.168683675791774,3197.852574013473,422.009147335817,-0.1745,73.6067316645594,-9.190979952215304,0.165,4.6035448655979145,1.4668686059803335
49.40000000000043,-2.168953046594399,3205.2145833512095,421.08994218370265,-0.1745,73.63345509017846,-9.193123090071618,0.165,4.6035448655979145,1.4668686059803335
49.50000000000043,-2.169215041490261,3212.579260121667,420.1705258407818,-0.1745,73.66008031897553,-9.195203768344655,0.165,4.6035448655979145,1.4668686059803335
49.600000000000435,-2.169920209054577,3219.9465943724927,419.25090356932435,-0.1745,73.68660469753696,-9.197241660803963,0.165,4.6035448655979145,1.4668686059803335
49.700000000000436,-2.1698616341541173,3227.3182008818676,418.33079254703364,-0.1745,73.74552548996571,-9.204978785010331,0.495,4.6035448655979145,1.4668686059803335
49.80000000000044,-2.1699158768163476,3234.6940717510242,417.41025412757267,-0.1745,73.77189189317002,-9.205789604209068,0.165,4.6035448655979145,1.4668686059803335
49.90000000000044,-2.170043575911187,3242.072570896536,416.48961469009623,-0.1745,73.7980910170638,-9.206999145319422,0.165,4.6035448655979145,1.4668686059803335
50.00000000000044,-2.170219373287731,3249.453682720805,415.568841580966,-0.1745,73.82414546831474,-9.208463037284679,0.165,4.6035448655979145,1.4668686059803335
50.10000000000044,-2.170426934137811,3256.837393491583,414.6479140162727,-0.1745,73.85006994725123,-9.210088256581633,0.165,4.6035448655979145,1.4668686059803335
50.20000000000044,-2.1706557370008914,3264.223690691746,413.726818859475,-0.1745,73.87587405600586,-9.21181487937238,0.165,4.6035448655979145,1.4668686059803335
50.300000000000445,-2.1708990049425623,3271.6125626000467,412.8055478997982,-0.1745,73.9015641100076,-9.213604314162902,0.165,4.6035448655979145,1.4668686059803335
50.400000000000446,-2.1711523724856487,3279.0039980208576,411.88409609833775,-0.1745,73.92714430621271,-9.215431715047128,0.165,4.6035448655979145,1.4668686059803335
50.50000000000045,-2.1714130268091507,3286.3979861099833,410.96246045801985,-0.1745,73.95261747630033,-9.217281091311362,0.165,4.6035448655979145,1.4668686059803335
50.60000000000045,-2.1716791545984497,3293.7945162624064,410.0406392956663,-0.1745,73.97798557216353,-9.219142155758814,0.165,4.6035448655979145,1.4668686059803335
50.70000000000045,-2.1719495858377167,3301.193578039953,409.11863177317855,-0.1745,74.00324997877222,-9.22100829399707,0.165,4.6035448655979145,1.4668686059803335
50.80000000000045,-2.1722235644729997,3308.5951611246787,408.1964375956654,-0.1745,74.02841171574484,-9.222875256266049,0.165,4.6035448655979145,1.4668686059803335
50.90000000000045,-2.172500600788759,3315.999255288825,407.2740568171072,-0.1745,74.05347156718875,-9.224740314897284,0.165,4.6035448655979145,1.4668686059803335
51.000000000000455,-2.172780376402559,3323.4058503754504,406.3514897152733,-0.1745,74.07843016531741,-9.22660172178016,0.165,4.6035448655979145,1.4668686059803335
51.100000000000456,-2.1735097266752685,3330.814936285931,405.42873671123016,-0.1745,74.10328804428832,-9.228458359082639,0.165,4.6035448655979145,1.4668686059803335
51.20000000000046,-2.1734808396598866,3338.2281279141134,404.5055118515626,-0.1745,74.16054451936573,-9.23603883426933,0.495,4.6035448655979145,1.4668686059803335
51.30000000000046,-2.1735675074214504,3345.6454176209872,403.5818745384061,-0.1745,74.1852496181138,-9.236707428859674,0.165,4.6035448655979145,1.4668686059803335
51.40000000000046,-2.173729095527048,3353.065169663275,402.6581497636136,-0.1745,74.2097912276438,-9.237788066990088,0.165,4.6035448655979145,1.4668686059803335
51.50000000000046,-2.173939512421054,3360.4873688663333,401.7343038178094,-0.1745,74.23419283352598,-9.23913084909341,0.165,4.6035448655979145,1.4668686059803335
51.60000000000046,-2.1741820066146946,3367.912001990398,400.8103152998241,-0.1745,74.25846964776522,-9.240639510612501,0.165,4.6035448655979145,1.4668686059803335
51.700000000000465,-2.1744458240728575,3375.339057051051,399.8861707120264,-0.1745,74.28263156529778,-9.242252245341136,0.165,4.6035448655979145,1.4668686059803335
51.800000000000466,-2.1747240611166374,3382.768522882552,398.96186163071417,-0.1745,74.30668506472843,-9.243929380903435,0.165,4.6035448655979145,1.4668686059803335
51.90000000000047,-2.175012285519861,3390.2003888572876,398.03738288869357,-0.1745,74.33063442998066,-9.245645459508323,0.165,4.6035448655979145,1.4668686059803335
52.00000000000047,-2.1753076511246032,3397.634644705551,397.1127314082009,-0.1745,74.35448253528617,-9.247384150345658,0.165,4.6035448655979145,1.4668686059803335
52.10000000000047,-2.175608329452208,3405.0712803997894,396.1879054515952,-0.1745,74.3782313494752,-9.249134981767426,0.165,4.6035448655979145,1.4668686059803335
52.20000000000047,-2.1759131448862563,3412.5102860802567,395.2629041403695,-0.1745,74.4018822598703,-9.25089124274588,0.165,4.6035448655979145,1.4668686059803335
52.30000000000047,-2.1762213405623387,3419.951652007264,394.3377271464579,-0.1745,74.42543628027165,-9.2526486354867,0.165,4.6035448655979145,1.4668686059803335
52.400000000000475,-2.1765324281639757,3427.395368530502,393.4123744941587,-0.1745,74.44889418448537,-9.254404410496774,0.165,4.6035448655979145,1.4668686059803335
52.500000000000476,-2.1768460915708894,3434.8414260693276,392.4868464330607,-0.1745,74.47225659203245,-9.256156811463793,0.165,4.6035448655979145,1.4668686059803335
52.60000000000048,-2.177162125063901,3442.289815100087,391.56114335653524,-0.1745,74.49552402315241,-9.257904719044786,0.165,4.6035448655979145,1.4668686059803335
52.70000000000048,-2.1779273433895114,3449.7405261479494,390.6352657494662,-0.1745,74.51869693409478,-9.259647422335409,0.165,4.6035448655979145,1.4668686059803335
52.80000000000048,-2.177935493971395,3457.1951747238672,389.7089276887436,-0.1745,74.57427458426427,-9.267113792117405,0.495,4.6035448655979145,1.4668686059803335
52.90000000000048,-2.178059140486316,3464.6537537769113,388.78218866254946,-0.1745,74.59730647661975,-9.267666731765404,0.165,4.6035448655979145,1.4668686059803335
53.00000000000048,-2.178257374141861,3472.1146281204833,387.85537358789,-0.1745,74.62018039481869,-9.268634761423257,0.165,4.6035448655979145,1.4668686059803335
53.100000000000485,-2.1785040143224053,3479.577783147176,386.9284485443342,-0.1745,74.64292013903119,-9.269866109694314,0.165,4.6035448655979145,1.4668686059803335
53.200000000000486,-2.178782308011455,3487.0432062075015,386.00139205713964,-0.1745,74.66554106747579,-9.271263634196723,0.165,4.6035448655979145,1.4668686059803335
53.30000000000049,-2.1790815357849445,3494.5108859174416,385.0741906168369,-0.1745,74.68805313132899,-9.272765171857486,0.165,4.6035448655979145,1.4668686059803335
53.40000000000049,-2.1793948389836277,3501.980811714971,384.14683581059245,-0.1745,74.71046281925975,-9.27433095303212,0.165,4.6035448655979145,1.4668686059803335
53.50000000000049,-2.1797178289284562,3509.4529735760843,383.2193224858641,-0.1745,74.73277440300926,-9.275935541534594,0.165,4.6035448655979145,1.4668686059803335
53.60000000000049,-2.0107556015537624,3516.927361832988,382.2916475750881,-0.1745,74.75499073506516,-9.277562673985502,0.165,4.6035448655979145,1.4668686059803335
53.70000000000049,-2.0722853738618383,3524.4082643183715,381.3954107538676,-0.1495,74.86305897260394,-8.647173750423967,0.495,4.6035448655979145,1.4668686059803335
53.800000000000495,-2.1117230337933783,3531.893880141322,380.519212153216,-0.1745,74.84925748640734,-8.876798262607947,0.165,4.6035448655979145,1.4668686059803335
53.900000000000496,-2.1370364324688524,3539.3787656839486,379.6241652577231,-0.1745,74.8484533661244,-9.024139647249834,0.165,4.6035448655979145,1.4668686059803335
54.0000000000005,-2.153324599495283,3546.8639807039685,378.7170151761453,-0.1745,74.85584703427718,-9.118861984306934,0.165,4.6035448655979145,1.4668686059803335
54.1000000000005,-2.1638483126284127,3554.350193830193,377.80207461873516,-0.1745,74.86841549021105,-9.179949163895918,0.165,4.6035448655979145,1.4668686059803335
54.2000000000005,-2.1706916753564602,3561.837826857419,376.88210000187826,-0.1745,74.88424505430342,-9.21954317324228,0.165,4.6035448655979145,1.4668686059803335
54.3000000000005,-2.175186171777226,3569.3271451322194,375.9588525300445,-0.1745,74.90212044170879,-9.245406263432491,0.165,4.6035448655979145,1.4668686059803335
54.4000000000005,-2.1790862580683834,3576.8183145735156,375.0334572742619,-0.1745,74.9212683842175,-9.262498852220565,0.165,4.6035448655979145,1.4668686059803335
54.500000000000504,-2.1805001574545173,3584.3147123128165,374.1060555662243,-0.1745,75.00668640179785,-9.285535308530722,0.8300000000000001,4.6035448655979145,1.4668686059803335
54.600000000000506,-2.1815334014792085,3591.816405280042,373.17722497095644,-0.1745,75.02717294271432,-9.291076596826109,0.165,4.6035448655979145,1.4668686059803335
54.70000000000051,-2.1823246206045583,3599.320153653092,372.24791197475406,-0.1745,75.04779451827973,-9.295183327221235,0.165,4.6035448655979145,1.4668686059803335
54.80000000000051,-2.182962219612365,3606.825966940563,371.31823415576804,-0.1745,75.06847123114203,-9.298373052499183,0.165,4.6035448655979145,1.4668686059803335
54.90000000000051,-2.183502563198498,3614.333848114122,370.38826670679833,-0.1745,75.08915224003432,-9.3009759268947,0.165,4.6035448655979145,1.4668686059803335
55.00000000000051,-2.1839815808276493,3621.8437959879834,369.4580577842169,-0.1745,75.10980523719907,-9.303202524733495,0.165,4.6035448655979145,1.4668686059803335
55.10000000000051,-2.1844221707032685,3629.355806736652,368.5276383014692,-0.1745,75.1304097361705,-9.305187130220304,0.165,4.6035448655979145,1.4668686059803335
55.200000000000514,-2.1848389226499156,3636.8698748629513,367.5970281767329,-0.1745,75.15095278981356,-9.307015364505594,0.165,4.6035448655979145,1.4668686059803335
55.300000000000516,-2.185241130219811,3644.3859938153796,366.6662403178264,-0.1745,75.17142625874826,-9.308741813625165,0.165,4.6035448655979145,1.4668686059803335
55.40000000000052,-2.185634711378905,3651.9041563817636,365.73528316343214,-0.1745,75.19182506892994,-9.310401274259954,0.165,4.6035448655979145,1.4668686059803335
55.50000000000052,-2.1860234330293298,3659.424354940226,364.8041623033842,-0.1745,75.21214610031234,-9.312015926698322,0.165,4.6035448655979145,1.4668686059803335
55.60000000000052,-2.186409691562513,3666.9465816191473,363.8728815115885,-0.1745,75.23238747811527,-9.313599909215503,0.165,4.6035448655979145,1.4668686059803335
55.70000000000052,-2.1867950103261586,3674.4708283990985,362.9414434043894,-0.1745,75.25254812091043,-9.315162234766579,0.165,4.6035448655979145,1.4668686059803335
55.80000000000052,-2.187180356619472,3681.9970871777696,362.00984986013134,-0.1745,75.27262745250825,-9.3167086503952,0.165,4.6035448655979145,1.4668686059803335
55.900000000000524,-2.187566343654516,3689.52534981131,361.0781022864908,-0.1745,75.2926252183034,-9.318242822416021,0.165,4.6035448655979145,1.4668686059803335
56.000000000000526,-2.1879533592066642,3697.0556081406367,360.146201790784,-0.1745,75.31254136822545,-9.319767091719413,0.165,4.6035448655979145,1.4668686059803335
56.10000000000053,-2.1883416475519817,3704.5878540081553,359.2141492884461,-0.1745,75.33237598215143,-9.321282955038612,0.165,4.6035448655979145,1.4668686059803335
56.20000000000053,-2.188731361644427,3712.122079268382,358.2819455721165,-0.1745,75.35212922238429,-9.322791371553558,0.165,4.6035448655979145,1.4668686059803335
56.30000000000053,-2.1891225963364604,3719.6582757946703,357.3495913556294,-0.1745,75.37180130338082,-9.32429295818838,0.165,4.6035448655979145,1.4668686059803335
56.40000000000053,-2.1895154095267046,3727.196435483463,356.4170873020205,-0.1745,75.391392472471,-9.325788113989372,0.165,4.6035448655979145,1.4668686059803335
56.50000000000053,-2.1899098356199453,3734.7365502569655,355.48443404135486,-0.1745,75.41090299758,-9.327277099323783,0.165,4.6035448655979145,1.4668686059803335
56.600000000000534,-2.1903058940926776,3742.278612064815,354.55163218207355,-0.1745,75.43033315941086,-9.328760086301994,0.165,4.6035448655979145,1.4668686059803335
56.700000000000536,-2.1907035949430425,3749.8226128851093,353.6186823182148,-0.1745,75.44968324646817,-9.330237190873676,0.165,4.6035448655979145,1.4668686059803335
56.80000000000054,-2.19110294215782,3757.3685447250273,352.68558503400834,-0.1745,75.4689535518907,-9.331708493255155,0.165,4.6035448655979145,1.4668686059803335
56.90000000000054,-2.191503935917571,3764.9163996211937,351.7523409067992,-0.1745,75.48814437143609,-9.333174050928081,0.165,4.6035448655979145,1.4668686059803335
57.00000000000054,-2.191906573998927,3772.4661696398753,350.81895050890734,-0.1745,75.50725600219855,-9.334633906909588,0.165,4.6035448655979145,1.4668686059803335
57.10000000000054,-2.192757384796531,3780.017846877075,349.8854144088112,-0.1745,75.52628874179337,-9.336088095013086,0.165,4.6035448655979145,1.4668686059803335
57.20000000000054,-2.1928541560382553,3787.5730484007818,348.95144670590906,-0.1745,75.57774173234444,-9.34326596302936,0.495,4.6035448655979145,1.4668686059803335
57.300000000000544,-2.193066365617135,3795.13176864905,348.0171070661491,-0.1745,75.59666323302525,-9.343526832170342,0.165,4.6035448655979145,1.4668686059803335
57.400000000000546,-2.1933524177750376,3802.69237384833,347.0827201991813,-0.1745,75.61544075257365,-9.344210507184759,0.165,4.6035448655979145,1.4668686059803335
57.50000000000055,-2.1936859070237498,3810.254850829416,346.1482516464121,-0.1745,75.63409886914303,-9.345160548198768,0.165,4.6035448655979145,1.4668686059803335
57.60000000000055,-2.1940500725214767,3817.819188437726,345.21367973724733,-0.1745,75.65265329706686,-9.34627763509751,0.165,4.6035448655979145,1.4668686059803335
57.70000000000055,-2.194434276133949,3825.385376808574,344.27899091931386,-0.1745,75.67111411989075,-9.347498723571983,0.165,4.6035448655979145,1.4668686059803335
57.80000000000055,-2.1948317660308287,3832.953406906807,343.3441767929332,-0.1745,75.68948784476534,-9.348783804041968,0.165,4.6035448655979145,1.4668686059803335
57.90000000000055,-2.1961374671156313,3840.523270234424,342.40923222815485,-0.1745,75.70777870758793,-9.350107491525147,0.165,4.6035448655979145,1.4668686059803335
58.000000000000554,-2.1959284662579166,3848.0982331496903,341.4735768969662,-0.1745,75.79147959773007,-9.362999132247188,0.8300000000000001,4.6035448655979145,1.4668686059803335
58.100000000000556,-2.195953580396249,3855.6782923208793,340.5373282693856,-0.1745,75.80970382604889,-9.361973419364775,0.165,4.6035448655979145,1.4668686059803335
58.20000000000056,-2.196127568678257,3863.260163392193,339.6011385916379,-0.1745,75.82771760022878,-9.361820135590394,0.165,4.6035448655979145,1.4668686059803335
58.30000000000056,-2.1963964157820657,3870.8438278295025,338.66493669855527,-0.1745,75.84557114595609,-9.362217726061935,0.165,4.6035448655979145,1.4668686059803335
58.40000000000056,-2.196725897319133,3878.4292712071747,337.7286776925764,-0.1745,75.8632964074836,-9.362962393514946,0.165,4.6035448655979145,1.4668686059803335
58.50000000000056,-2.1970943308266584,3886.016481714299,336.79233332318813,-0.1745,75.88091373500706,-9.363924994250345,0.165,4.6035448655979145,1.4668686059803335
58.60000000000056,-2.1974879808262413,3893.605449207421,335.85588588820366,-0.1745,75.89843612742564,-9.365023705439329,0.165,4.6035448655979145,1.4668686059803335
58.700000000000564,-2.1978981466140977,3901.1961646099585,334.9193243681581,-0.1745,75.9158719233298,-9.36620669547218,0.165,4.6035448655979145,1.4668686059803335
58.800000000000566,-2.1983193167989077,3908.7886195314927,333.98264197648416,-0.1745,75.93322650735715,-9.36744113800643,0.165,4.6035448655979145,1.4668686059803335
58.90000000000057,-2.1987480000000588,3916.382806026459,333.0458346071582,-0.1745,75.95050339196911,-9.368706248512927,0.165,4.6035448655979145,1.4668686059803335
59.00000000000057,-2.199181984072158,3923.9787164412146,332.108899851177,-0.1745,75.96770490313743,-9.369988871111422,0.165,4.6035448655979145,1.4668686059803335
59.10000000000057,-2.199619866875898,3931.576343317116,331.17183637351746,-0.1745,75.98483261489444,-9.371280682079107,0.165,4.6035448655979145,1.4668686059803335
59.20000000000057,-2.2000607590966004,3939.1756793290947,330.234643518511,-0.1745,76.00188762468296,-9.372576418050445,0.165,4.6035448655979145,1.4668686059803335
59.30000000000057,-2.2005040960540665,3946.776717246719,329.29732105992844,-0.1745,76.01887072780326,-9.37387275360126,0.165,4.6035448655979145,1.4668686059803335
59.400000000000574,-2.200949518548001,3954.3794499095047,328.3598690427328,-0.1745,76.03578252791685,-9.375167590312193,0.165,4.6035448655979145,1.4668686059803335
59.500000000000576,-2.2013967974246467,3961.9838702112525,327.42228768289084,-0.1745,76.05262350703521,-9.376459606526753,0.165,4.6035448655979145,1.4668686059803335
59.60000000000058,-2.201845785828766,3969.5899710900962,326.484577303952,-0.1745,76.06939406984158,-9.37774797224989,0.165,4.6035448655979145,1.4668686059803335
59.70000000000058,-2.2022963889841685,3977.197745522176,325.5467382969074,-0.1745,76.08609457175481,-9.379032168642123,0.165,4.6035448655979145,1.4668686059803335
59.80000000000058,-2.203647273412588,3984.8071865175984,324.6087710947877,-0.1745,76.10272533669655,-9.380311873752184,0.165,4.6035448655979145,1.4668686059803335
59.90000000000058,-2.203481546782102,3992.4215616226375,323.6700988842132,-0.1745,76.18477676408513,-9.393132337738075,0.8300000000000001,4.6035448655979145,1.4668686059803335
60.00000000000058,-2.203547189348579,4000.0408684448676,322.7308415085118,-0.1745,76.2013596805201,-9.392015176289627,0.165,4.6035448655979145,1.4668686059803335
60.100000000000584,-2.2037594613984797,4007.66182338385,321.79165247542517,-0.1745,76.21773909912947,-9.39176548544277,0.165,4.6035448655979145,1.4668686059803335
60.200000000000585,-2.2040648362520967,4015.2844086023974,320.8524611055012,-0.1745,76.23396527182584,-9.392061913036054,0.165,4.6035448655979145,1.4668686059803335
60.30000000000059,-2.2048755115354393,4022.908610368499,319.9132229377163,-0.1745,76.25007005020969,-9.39270144266294,0.165,4.6035448655979145,1.4668686059803335
60.40000000000059,-2.2049711473286466,4030.5360424959485,318.97362360779897,-0.1745,76.29857249877671,-9.399285155683087,0.495,4.6035448655979145,1.4668686059803335
60.50000000000059,-2.2052053617552554,4038.166697753429,318.0337049327961,-0.1745,76.31453265083245,-9.399088344374055,0.165,4.6035448655979145,1.4668686059803335
60.60000000000059,-2.2055275167214683,4045.798941673295,317.09378011632737,-0.1745,76.33034574648362,-9.399407985001703,0.165,4.6035448655979145,1.4668686059803335
60.70000000000059,-2.2059056547461853,4053.432761059514,316.1538071286102,-0.1745,76.34604197790438,-9.400051769341573,0.165,4.6035448655979145,1.4668686059803335
60.800000000000594,-2.2063196094830415,4061.0681451833884,315.21375962416244,-0.1745,76.3616404995762,-9.400898319613418,0.165,4.6035448655979145,1.4668686059803335
60.900000000000595,-2.2067566561971415,4068.705084883152,314.27362115625544,-0.1745,76.37715349569103,-9.40187103852683,0.165,4.6035448655979145,1.4668686059803335
61.0000000000006,-2.2072087661167155,4076.343571995407,313.3333815245028,-0.1745,76.39258874940582,-9.402921596526392,0.165,4.6035448655979145,1.4668686059803335
61.1000000000006,-2.2076708734484374,4083.9835989961475,312.393034469384,-0.1745,76.40795126540704,-9.404019505848956,0.165,4.6035448655979145,1.4668686059803335
61.2000000000006,-2.2081397816972808,4091.625158774139,311.4525762171648,-0.1745,76.42324429442054,-9.405145538535516,0.165,4.6035448655979145,1.4668686059803335
61.3000000000006,-2.2086134735358467,4099.26824448786,310.51200456165355,-0.1745,76.43846997999484,-9.406287571688713,0.165,4.6035448655979145,1.4668686059803335
61.4000000000006,-2.2090906753751525,4106.912849475198,309.57131828480857,-0.1745,76.45362976676007,-9.407437965211079,0.165,4.6035448655979145,1.4668686059803335
61.500000000000604,-2.209570582670723,4114.55896719644,308.6305167911991,-0.1745,76.46872465809061,-9.408591906977545,0.165,4.6035448655979145,1.4668686059803335
61.600000000000605,-2.210498590497046,4122.206591198279,307.6895998774173,-0.1745,76.4837553787001,-9.409746368658283,0.165,4.6035448655979145,1.4668686059803335
61.70000000000061,-2.2106762757022267,4129.857340033301,306.74828112064574,-0.1745,76.53122132173792,-9.416628766773739,0.495,4.6035448655979145,1.4668686059803335
61.80000000000061,-2.2109698324327605,4137.511209590114,305.80662001523837,-0.1745,76.54616981453775,-9.416593341373986,0.165,4.6035448655979145,1.4668686059803335
61.90000000000061,-2.211336842394851,4145.166567491205,304.86494085130084,-0.1745,76.56098820727222,-9.416989937376066,0.165,4.6035448655979145,1.4668686059803335
62.00000000000061,-2.2117505859918163,4152.82340199764,303.92320850604574,-0.1745,76.57570192142923,-9.417656967725897,0.165,4.6035448655979145,1.4668686059803335
62.10000000000061,-2.212194233755401,4160.481703446937,302.981401025689,-0.1745,76.59032706451342,-9.418492639408932,0.165,4.6035448655979145,1.4668686059803335
62.200000000000614,-2.2126571862466946,4168.141463493846,302.0395047518743,-0.1745,76.60487387366574,-9.419432836886294,0.165,4.6035448655979145,1.4668686059803335
62.300000000000615,-2.2131327680146216,4175.802674631858,301.09751125087024,-0.1745,76.61934888659368,-9.42043718319496,0.165,4.6035448655979145,1.4668686059803335
62.40000000000062,-2.2136167748459834,4183.465329891683,300.15541537891,-0.1745,76.63375630990282,-9.421480256009682,0.165,4.6035448655979145,1.4668686059803335
62.50000000000062,-2.182770460034302,4191.129422651248,299.21321406346544,-0.1745,76.64809888140735,-9.422546052880916,0.165,5.292452296657464,1.7424422976999305
62.60000000000062,-2.1634437746511708,4198.796001872582,298.2768719095354,-0.1745,76.68348554525959,-9.304297025720505,0.165,5.292452296657464,1.7424422976999305
62.70000000000062,-2.1513985603998402,4206.465779062667,297.35015631489773,-0.1745,76.71205825645082,-9.230014867032052,0.165,5.292452296657464,1.7424422976999305
62.80000000000062,-1.9731645810152667,4214.138195721769,296.4294792115969,-0.1745,76.7362749255815,-9.183527198984658,0.165,5.292452296657464,1.7424422976999305
62.900000000000624,-2.031377372236482,4221.8189584779175,295.54510377714723,-0.1495,76.8789801973784,-8.50398149000895,0.8300000000000001,5.292452296657464,1.7424422976999305
63.000000000000625,-2.0683508977614666,4229.505940504094,294.68359792784315,-0.1745,76.86066032614451,-8.726135496072356,0.165,5.292452296657464,1.7424422976999305
63.10000000000063,-2.091889726038587,4237.191735219929,293.80393814437787,-0.1745,76.85523399055963,-8.867060173233828,0.165,5.292452296657464,1.7424422976999305
63.20000000000063,-2.106934707345093,4244.87739008169,292.91275520005917,-0.1745,76.85786324465052,-8.95659871314072,0.165,5.292452296657464,1.7424422976999305
63.30000000000063,-2.1166116769359373,4252.563559808177,292.01424317567245,-0.1745,76.86553128509267,-9.01364177459391,0.165,5.292452296657464,1.7424422976999305
63.40000000000063,-2.1228972364457195,4260.250653755959,291.11105403284034,-0.1745,76.87634767054936,-9.050141082047869,0.165,5.292452296657464,1.7424422976999305
63.50000000000063,-2.1270408227162587,4267.938927347166,290.2048642206179,-0.1745,76.88912415359376,-9.073655162400936,0.165,5.292452296657464,1.7424422976999305
63.600000000000634,-2.129831999467705,4275.628539177925,289.29673332999954,-0.1745,76.90311246157027,-9.088962649965495,0.165,5.292452296657464,1.7424422976999305
63.700000000000635,-2.1317696063914657,4283.31958684469,288.38733100245037,-0.1745,76.91784087373172,-9.099083901017659,0.165,5.292452296657464,1.7424422976999305
63.80000000000064,-2.133168745103116,4291.01212948049,287.47708043057713,-0.1745,76.93301184227805,-9.105927536446863,0.165,5.292452296657464,1.7424422976999305
63.90000000000064,-2.1342284212418026,4298.706201954881,286.56624908230697,-0.1745,76.94843764554801,-9.110699428956913,0.165,5.292452296657464,1.7424422976999305
64.00000000000064,-2.135074298794574,4306.401823830299,285.65500604442815,-0.1745,76.96399986280059,-9.114161328620002,0.165,5.292452296657464,1.7424422976999305
64.10000000000063,-2.1367559514704775,4314.099005014439,284.74345825991105,-0.1745,76.9796238200074,-9.116794361721881,0.165,5.292452296657464,1.7424422976999305
64.20000000000063,-2.1372506909696507,4321.801023833433,283.8310961509971,-0.1745,77.0607525598662,-9.130447816557256,0.8300000000000001,5.292452296657464,1.7424422976999305
64.30000000000062,-2.137135481788073,4329.509509729216,282.91779558097437,-0.1745,77.10896535579194,-9.135563583897165,0.495,5.292452296657464,1.7424422976999305
64.40000000000062,-2.13724448295535,4337.221185769845,282.0042960658548,-0.1745,77.12455545678631,-9.134426718493996,0.165,5.292452296657464,1.7424422976999305
64.50000000000061,-2.1374952682307398,4344.934410961587,281.09086768146886,-0.1745,77.13994837805089,-9.134140969224712,0.165,5.292452296657464,1.7424422976999305
64.6000000000006,-2.137835871870981,4352.649168061171,280.17744112963464,-0.1745,77.15519361361989,-9.13439006746009,0.165,5.292452296657464,1.7424422976999305
64.7000000000006,-2.1382335353138924,4360.365443865421,279.2639728966393,-0.1745,77.17032247138933,-9.134974592447302,0.165,5.292452296657464,1.7424422976999305
64.8000000000006,-2.1386676099002115,4368.0832277282625,278.3504357261094,-0.1745,77.18535478544086,-9.135768818149797,0.165,5.292452296657464,1.7424422976999305
64.90000000000059,-2.1391250812267955,4375.802510625152,277.4368126106226,-0.1745,77.2003031523493,-9.136693491586984,0.165,5.292452296657464,1.7424422976999305
65.00000000000058,-2.1395977470622562,4383.5232845629735,276.52309300289727,-0.1745,77.2151756040933,-9.137698662919885,0.165,5.292452296657464,1.7424422976999305
65.10000000000058,-2.1400804381136105,4391.2455422078865,275.609270426907,-0.1745,77.2299772941703,-9.138752856884668,0.165,5.292452296657464,1.7424422976999305
65.20000000000057,-2.1405698964115185,4398.969276650647,274.69534097184544,-0.1745,77.2447115610304,-9.139836244347396,0.165,5.292452296657464,1.7424422976999305
65.30000000000057,-2.141064068338702,4406.694481258633,273.7813023427861,-0.1745,77.25938059867693,-9.140936336839736,0.165,5.292452296657464,1.7424422976999305
65.40000000000056,-1.9687787059392199,4414.42114958254,272.86715326233343,-0.1745,77.27398587948433,-9.142045272213812,0.165,5.292452296657464,1.7424422976999305
65.50000000000055,-1.6882888206497881,4422.152178945636,271.9863887015209,-0.1495,77.34660138242167,-8.473245944036332,0.165,5.292452296657464,1.7424422976999305
65.60000000000055,-1.85687810017411,4429.891877781765,271.19350012496915,-0.1245,77.44737534017673,-7.384525586999695,0.495,5.292452296657464,1.7424422976999305
65.70000000000054,-1.963416670457323,4437.632095819071,270.42265662994095,-0.1745,77.35698540593621,-8.03234431356481,0.165,5.292452296657464,1.7424422976999305
65.80000000000054,-2.030769692085964,4445.3652715929875,269.59897405463477,-0.1745,77.30653007238772,-8.44130719255884,0.165,5.292452296657464,1.7424422976999305
65.90000000000053,-2.0733984688138656,4453.094628177042,268.74193133250947,-0.1745,77.28060160870564,-8.699547249946892,0.165,5.292452296657464,1.7424422976999305
66.00000000000053,-2.100438019892064,4460.822151461591,267.8638184222126,-0.1745,77.2698640822657,-8.862710955989966,0.165,5.292452296657464,1.7424422976999305
66.10000000000052,-2.1176532352553274,4468.5490736595075,266.97238658839115,-0.1745,77.26857987606334,-8.965925720439653,0.165,5.292452296657464,1.7424422976999305
66.20000000000051,-2.128679597643739,4476.276162190984,266.07252257461926,-0.1745,77.27319075347191,-9.031354554998678,0.165,5.292452296657464,1.7424422976999305
66.30000000000051,-2.1358085440103896,4484.003895597689,265.16730616164625,-0.1745,77.28147738062944,-9.07297370446177,0.165,5.292452296657464,1.7424422976999305
66.4000000000005,-2.1404838128431427,4491.732571994798,264.25867782367044,-0.1745,77.29205056155311,-9.099593055054822,0.165,5.292452296657464,1.7424422976999305
66.5000000000005,-2.1436147818069857,4499.462376463539,263.3478599676793,-0.1745,77.30403881327996,-9.116764064767615,0.165,5.292452296657464,1.7424422976999305
66.60000000000049,-2.145774117084316,4507.19342313987,262.4356225635131,-0.1745,77.31689471334434,-9.127984018556832,0.165,5.292452296657464,1.7424422976999305
66.70000000000049,-2.1473223784214857,4514.925781582981,261.52245057966417,-0.1745,77.33027414886445,-9.135455658422483,0.165,5.292452296657464,1.7424422976999305
66.80000000000048,-2.1484865429365247,4522.659493327369,260.6086494906505,-0.1745,77.34396073890905,-9.14056612185086,0.165,5.292452296657464,1.7424422976999305
66.90000000000047,-2.1494094745569736,4530.394582285287,259.6944117445862,-0.1745,77.35781841943131,-9.144188799435799,0.165,5.292452296657464,1.7424422976999305
67.00000000000047,-2.1501810821351,4538.1310612889365,258.7798586279853,-0.1745,77.37176165356132,-9.146873532582855,0.165,5.292452296657464,1.7424422976999305
67.10000000000046,-2.1508579405018176,4545.868936206576,257.86506662990445,-0.1745,77.38573669922901,-9.148966429034283,0.165,5.292452296657464,1.7424422976999305
67.20000000000046,-2.151475644312166,4553.608208532734,256.95008404209574,-0.1745,77.39970982393493,-9.150685327139525,0.165,5.292452296657464,1.7424422976999305
67.30000000000045,-2.1520565851541793,4561.348877018341,256.03494140981525,-0.1745,77.41365988820391,-9.152167318470829,0.165,5.292452296657464,1.7424422976999305
67.40000000000045,-2.152614846802313,4569.090938696636,255.11965811038007,-0.1745,77.42757367769143,-9.153498670232766,0.165,5.292452296657464,1.7424422976999305
67.50000000000044,-2.1531592861080413,4576.834389528778,254.20424649370636,-0.1745,77.44144296515408,-9.154733663241576,0.165,5.292452296657464,1.7424422976999305
67.60000000000043,-2.153695471757419,4584.579224810099,253.2887144880413,-0.1745,77.45526266125611,-9.155906450059605,0.165,5.292452296657464,1.7424422976999305
67.70000000000043,-2.1542269041541715,4592.325439425699,252.37306723961183,-0.1745,77.46902965075411,-9.157038518529856,0.165,5.292452296657464,1.7424422976999305
67.80000000000042,-2.1552364089112426,4600.073028011241,251.4573081442468,-0.1745,77.48274206009187,-9.15814338877072,0.165,5.292452296657464,1.7424422976999305
67.90000000000042,-2.155461152315736,4607.823609996298,250.54115303037835,-0.1745,77.52889764103664,-9.164958888598543,0.495,5.292452296657464,1.7424422976999305
68.00000000000041,-2.1557989498945536,4615.577181995255,249.624662859366,-0.1745,77.5425423381025,-9.164844531648606,0.165,5.292452296657464,1.7424422976999305
68.1000000000004,-2.156208192546503,4623.332112250248,248.70816274171722,-0.1745,77.55606276175676,-9.16515782132703,0.165,5.292452296657464,1.7424422976999305
68.2000000000004,-2.156662736539389,4631.088389597325,247.7916179390187,-0.1745,77.56948417976355,-9.165738232643557,0.165,5.292452296657464,1.7424422976999305
68.3000000000004,-2.1571461566136714,4638.846004934121,246.87500678251808,-0.1745,77.58282255617112,-9.166484897368742,0.165,5.292452296657464,1.7424422976999305
68.40000000000039,-2.1586157878511174,4646.604950462237,245.95831581552977,-0.1745,77.59608800615003,-9.167334442397621,0.165,5.292452296657464,1.7424422976999305
68.50000000000038,-2.1585200547344003,4654.36849371575,245.0409594681166,-0.1745,77.6747770641243,-9.179792505865649,0.8300000000000001,5.292452296657464,1.7424422976999305
68.60000000000038,-1.3790273606215484,4662.136632699339,244.12305238896255,-0.1745,77.68800260766025,-9.178349077215033,0.165,5.292452296657464,1.7424422976999305
68.70000000000037,-1.6690057140737422,4669.905650748493,243.35818684270043,-0.06225,77.69235837540509,-6.118961848027032,0.8300000000000001,5.292452296657464,1.7424422976999305
68.80000000000037,-1.679869770434672,4677.666248158516,242.6904481910548,-0.1745,77.51958982506409,-7.235811184885465,0.165,5.292452296657464,1.7424422976999305
68.90000000000036,-1.86050564174902,4685.417464455543,241.96491382548444,-0.1495,77.50473611547567,-7.274876126521445,0.165,5.292452296657464,1.7424422976999305
69.00000000000036,-1.9732434685593483,4693.166326339982,241.2023594365909,-0.1745,77.47250157330596,-7.976211651349407,0.8300000000000001,5.292452296657464,1.7424422976999305
69.10000000000035,-2.044455812149552,4700.910829362191,240.38307287094418,-0.1745,77.41755887086777,-8.409519661585353,0.165,5.292452296657464,1.7424422976999305
69.20000000000034,-2.0894877398044014,4708.651143685591,239.5284533210869,-0.1745,77.38872759713053,-8.68287133556047,0.165,5.292452296657464,1.7424422976999305
69.30000000000034,-2.118025339851873,4716.389382181803,238.65153948571117,-0.1745,77.37604232711766,-8.855405371953637,0.165,5.292452296657464,1.7424422976999305
69.40000000000033,-2.136176563364841,4724.126853924534,237.76054808774475,-0.1745,77.3733925275024,-8.964422587374557,0.165,5.292452296657464,1.7424422976999305
69.50000000000033,-2.147790182279952,4731.864373317088,236.86065505302776,-0.1745,77.37699532358232,-9.033438106965468,0.165,5.292452296657464,1.7424422976999305
69.60000000000032,-2.1552901078587468,4739.602447813326,235.9551197117394,-0.1745,77.38449460117053,-9.077268718801834,0.165,5.292452296657464,1.7424422976999305
69.70000000000032,-2.1602022957508584,4747.341393408902,235.04599395328046,-0.1745,77.39441731036014,-9.105246450377194,0.165,5.292452296657464,1.7424422976999305
69.80000000000031,-2.1634871192262954,4755.081406291514,234.13456928541285,-0.1745,77.40584034187437,-9.123246906974922,0.165,5.292452296657464,1.7424422976999305
69.9000000000003,-2.1667197128223483,4762.822607528875,233.22165851509487,-0.1745,77.41818440533662,-9.134968499384494,0.165,5.292452296657464,1.7424422976999305
70.0000000000003,-2.167727780666953,4770.568345538202,232.30719588237386,-0.1745,77.49657578120912,-9.154284155035548,0.8300000000000001,5.292452296657464,1.7424422976999305
70.10000000000029,-2.168560078230347,4778.318669051862,231.39162273628148,-0.1745,77.50989449198703,-9.157178766812287,0.165,5.292452296657464,1.7424422976999305
70.20000000000029,-2.1692823637644216,4786.070326889474,230.47579447707534,-0.1745,77.52326226024854,-9.159386417310374,0.165,5.292452296657464,1.7424422976999305
70.30000000000028,-2.1699359633924113,4793.823321989336,229.5597671181371,-0.1745,77.53663973699783,-9.161160761454322,0.165,5.292452296657464,1.7424422976999305
70.40000000000028,-2.1705468452744023,4801.577654089902,228.64357601763066,-0.1745,77.55000227431495,-9.162661248674178,0.165,5.292452296657464,1.7424422976999305
70.50000000000027,-2.1711313247607835,4809.333320926881,227.727243550169,-0.1745,77.56333446525561,-9.163988100559537,0.165,5.292452296657464,1.7424422976999305
70.60000000000026,-2.171699650913015,4817.09031898571,226.81078392983716,-0.1745,77.57662671131666,-9.165204306077392,0.165,5.292452296657464,1.7424422976999305
70.70000000000026,-2.172258260883328,4824.848643974503,225.8942062419716,-0.1745,77.58987306454742,-9.166349451233927,0.165,5.292452296657464,1.7424422976999305
70.80000000000025,-2.1728111967847155,4832.608291121282,224.9775163487332,-0.1745,77.6030698710338,-9.1674484135346,0.165,5.292452296657464,1.7424422976999305
70.90000000000025,-2.173360996086905,4840.369255360743,224.0607180866867,-0.1745,77.61621491820858,-9.168516827395013,0.165,5.292452296657464,1.7424422976999305
71.00000000000024,-2.173909251099941,4848.1315314516,223.1438140193495,-0.1745,77.62930689890618,-9.169564519349333,0.165,5.292452296657464,1.7424422976999305
71.10000000000024,-2.1744569604884694,4855.895114050271,222.2268059100341,-0.1745,77.64234507453422,-9.17059766695818,0.165,5.292452296657464,1.7424422976999305
71.20000000000023,-2.1750047500978917,4863.659997757169,221.3096950189135,-0.1745,77.6553290634068,-9.171620155454065,0.165,5.292452296657464,1.7424422976999305
71.30000000000022,-2.1755530116651407,4871.426177145726,220.39248228963305,-0.1745,77.66825870774473,-9.172634430154693,0.165,5.292452296657464,1.7424422976999305
71.40000000000022,-2.1761019899395775,4879.193646780619,219.47516846652553,-0.1745,77.6811339901149,-9.173642031995678,0.165,5.292452296657464,1.7424422976999305
71.50000000000021,-2.1766518373955535,4886.9624012291715,218.5577541682285,-0.1745,77.69395498093702,-9.17464393394448,0.165,5.292452296657464,1.7424422976999305
71.60000000000021,-2.177202648588573,4894.732435068494,217.64023993391592,-0.1745,77.7067218055108,-9.175640752307626,0.165,5.292452296657464,1.7424422976999305
71.7000000000002,-2.1777544817265184,4902.503742889935,216.72262625232844,-0.1745,77.71943462330714,-9.176632879441865,0.165,5.292452296657464,1.7424422976999305
71.8000000000002,-2.1783073722121316,4910.276319301848,215.80491358000165,-0.1745,77.7320936149635,-9.177620567094118,0.165,5.292452296657464,1.7424422976999305
71.90000000000019,-2.1788613411440902,4918.050158931303,214.88710235271037,-0.1745,77.74469897411834,-9.178603978731655,0.165,5.292452296657464,1.7424422976999305
72.00000000000018,-2.1803835056805685,4925.8252564251225,213.96919299265392,-0.1745,77.75725090228487,-9.17958322239729,0.165,5.292452296657464,1.7424422976999305
72.10000000000018,-2.180330802558797,4933.604880955306,213.05060864058996,-0.1745,77.83523970138043,-9.192103818881783,0.8300000000000001,5.292452296657464,1.7424422976999305
72.20000000000017,-1.3991890826265008,4941.389031638613,212.13146947400335,-0.1745,77.84777396476906,-9.190679512850448,0.165,5.292452296657464,1.7424422976999305
72.30000000000017,-1.6904254464591892,4949.172342189625,211.36614104746525,-0.06225,77.8184370554676,-6.115889017911385,0.495,5.292452296657464,1.7424422976999305
72.40000000000016,-1.8742593963023348,4956.9454602080405,210.69838218897402,-0.1745,77.64392331285005,-7.239288151912943,0.165,5.292452296657464,1.7424422976999305
72.50000000000016,-1.9902828547883784,4964.704781103675,209.939056213538,-0.1745,77.5424945998395,-7.947231356807601,0.165,5.292452296657464,1.7424422976999305
72.60000000000015,-2.063535928707219,4972.4561618568505,209.12202021851047,-0.1745,77.48512046367397,-8.393488543743445,0.165,5.292452296657464,1.7424422976999305
72.70000000000014,-2.109836708910229,4980.203153366289,208.2686034400784,-0.1745,77.45470972509841,-8.674847024897774,0.165,5.292452296657464,1.7424422976999305
72.80000000000014,-2.139165195915929,4987.947936662812,207.39224479384512,-0.1745,77.4409562053637,-8.85232589976812,0.165,5.292452296657464,1.7424422976999305
72.90000000000013,-2.157811652020646,4995.691861897561,206.50140889416707,-0.1745,77.4375484896099,-8.964392093793146,0.165,5.292452296657464,1.7424422976999305
73.00000000000013,-2.169737776494674,5003.435768483503,205.60142510895267,-0.1745,77.4405832292499,-9.035283610494767,0.165,5.292452296657464,1.7424422976999305
73.10000000000012,-2.177437353167116,5011.180179207879,204.69564767867612,-0.1745,77.44763125825699,-9.080264995036378,0.165,5.292452296657464,1.7424422976999305
73.20000000000012,-2.1824795331986517,5018.925419516847,203.78618715920695,-0.1745,77.4571749211086,-9.108945394346947,0.165,5.292452296657464,1.7424422976999305
73.30000000000011,-2.185851374778996,5026.671691450631,202.87437129940403,-0.1745,77.46826375458258,-9.127371801711263,0.165,5.292452296657464,1.7424422976999305
73.4000000000001,-2.1881736342064855,5034.419119720853,201.96103528134344,-0.1745,77.48030164984871,-9.139348559500396,0.165,5.292452296657464,1.7424422976999305
73.5000000000001,-2.1898366291406854,5042.167780525091,201.04670442405416,-0.1745,77.49291443491003,-9.147268586285223,0.165,5.292452296657464,1.7424422976999305
73.6000000000001,-2.191085743176845,5049.9177196045,200.1317091569568,-0.1745,77.50586715327876,-9.152636755661932,0.165,5.292452296657464,1.7424422976999305
73.70000000000009,-2.1920752210119825,5057.668963574953,199.21625735323894,-0.1745,77.51901225577166,-9.156399318694946,0.165,5.292452296657464,1.7424422976999305
73.80000000000008,-2.1929020056532007,5065.421527042843,198.3004798278368,-0.1745,77.53225710203473,-9.15915118934819,0.165,5.292452296657464,1.7424422976999305
73.90000000000008,-2.1941076559188106,5073.175417075713,197.38445895098064,-0.1745,77.5455435553664,-9.161266347774985,0.165,5.292452296657464,1.7424422976999305
74.00000000000007,-2.194466403797463,5080.932260953885,196.467960174494,-0.1745,77.5913340080627,-9.168709181957565,0.495,5.292452296657464,1.7424422976999305
74.10000000000007,-2.1948990728742905,5088.692060258691,195.5510756397999,-0.1745,77.60465208805245,-9.168981511924498,0.165,5.292452296657464,1.7424422976999305
74.20000000000006,-1.416548004784447,5096.453186386515,194.63415002870715,-0.1745,77.61787046843997,-9.16953070993034,0.165,5.292452296657464,1.7424422976999305
74.30000000000005,-1.7061728916494612,5104.215198153991,193.86980858287336,-0.06225,77.6223648810849,-6.117298206745497,0.8300000000000001,5.292452296657464,1.7424422976999305
74.40000000000005,-1.8892732796761869,5111.968833653794,193.20235662954494,-0.1745,77.4503451149652,-7.231740859823216,0.165,5.292452296657464,1.7424422976999305
74.50000000000004,-2.0050115289810315,5119.70887886677,192.44401094247024,-0.1745,77.35055914455747,-7.935172881670902,0.165,5.292452296657464,1.7424422976999305
74.60000000000004,-2.0781958144499706,5127.441126372037,191.62828719013658,-0.1745,77.2943909607817,-8.379302165002557,0.165,5.292452296657464,1.7424422976999305
74.70000000000003,-2.124522527245924,5135.169094008096,190.7763332865724,-0.1745,77.26496176040958,-8.659775906280823,0.165,5.292452296657464,1.7424422976999305
74.80000000000003,-2.153910453288328,5142.894945903538,189.90149492404947,-0.1745,77.25207614842837,-8.836991344177463,0.165,5.292452296657464,1.7424422976999305
74.90000000000002,-2.1726210442998912,5150.620023737431,189.01219116461044,-0.1745,77.24948052942754,-8.949083844602928,0.165,5.292452296657464,1.7424422976999305
75.00000000000001,-2.1846039853360226,5158.34516282798,188.11373095366358,-0.1745,77.25330128154613,-9.020120374334358,0.165,5.292452296657464,1.7424422976999305
75.10000000000001,-2.1923493426737997,5166.0708840935995,187.20946085934628,-0.1745,77.26112403084966,-9.065281512011742,0.165,5.292452296657464,1.7424422976999305
75.2,-2.197426339105483,5173.79751219808,186.3014898618799,-0.1745,77.27143805875926,-9.094138437315731,0.165,5.292452296657464,1.7424422976999305
75.3,-2.200823589228259,5181.52524889133,185.39114676067595,-0.1745,77.28329580624545,-9.112723586763389,0.165,5.292452296657464,1.7424422976999305
75.39999999999999,-2.203163775561366,5189.254218785845,184.47926868144356,-0.1745,77.29610208405828,-9.124837997884581,0.165,5.292452296657464,1.7424422976999305
75.49999999999999,-2.204839020781861,5196.984498026678,183.56638297253372,-0.1745,77.30948273260385,-9.13287618031205,0.165,5.292452296657464,1.7424422976999305
75.59999999999998,-2.2060962154688672,5204.716132285802,182.65282184806378,-0.1745,77.3232024498747,-9.13834630908685,0.165,5.292452296657464,1.7424422976999305
75.69999999999997,-2.2070907848559034,5212.449148070756,181.73879462492238,-0.1745,77.33711324920337,-9.14219815374096,0.165,5.292452296657464,1.7424422976999305
75.79999999999997,-2.2079205600870946,5220.183559837137,180.82443322999893,-0.1745,77.35112207843224,-9.14502974472784,0.165,5.292452296657464,1.7424422976999305
75.89999999999996,-2.2086471117458357,5227.91937446394,179.90982086334662,-0.1745,77.36517045762412,-9.14721758831841,0.165,5.292452296657464,1.7424422976999305
75.99999999999996,-2.209309184330347,5235.6565940701885,178.99501004913412,-0.1745,77.37922166734947,-9.148998695931818,0.165,5.292452296657464,1.7424422976999305
76.09999999999995,-2.2099311551462137,5243.395217787817,178.08003400182085,-0.1745,77.39325268523362,-9.150522250333841,0.165,5.292452296657464,1.7424422976999305
76.19999999999995,-2.210528359633418,5251.13524287759,177.1649137821636,-0.1745,77.4072491102132,-9.15188214281118,0.165,5.292452296657464,1.7424422976999305
76.29999999999994,-2.211110443508353,5258.876665431467,176.24966280197816,-0.1745,77.4212019673224,-9.153137460897698,0.165,5.292452296657464,1.7424422976999305
76.39999999999993,-2.211683472577394,5266.619480814648,175.3342896595716,-0.1745,77.4351056963104,-9.154325387233339,0.165,5.292452296657464,1.7424422976999305
76.49999999999993,-2.212251260476053,5274.363683943741,174.41879992423324,-0.1745,77.44895688554429,-9.15546931953355,0.165,5.292452296657464,1.7424422976999305
76.59999999999992,-2.212816204136237,5282.109269461774,173.50319725917797,-0.1745,77.46275347510478,-9.156583981571679,0.165,5.292452296657464,1.7424422976999305
76.69999999999992,-2.2143479689513903,5289.856231848291,172.58748412810854,-0.1745,77.47649425524625,-9.15767863981686,0.165,5.292452296657464,1.7424422976999305
76.79999999999991,-2.2143007524395872,5297.6078399933795,171.67108496735983,-0.1745,77.55566864652634,-9.170304575157296,0.8300000000000001,5.292452296657464,1.7424422976999305
76.8999999999999,-2.214482234050565,5305.364092691399,170.75412066184705,-0.1745,77.56938531386106,-9.168981535098462,0.165,5.292452296657464,1.7424422976999305
76.9999999999999,-2.2148077850912857,5313.121707382571,169.8372449485489,-0.1745,77.582908509587,-9.16853273086422,0.165,5.292452296657464,1.7424422976999305
77.0999999999999,-2.215224245446276,5320.880667278255,168.92038673602508,-0.1745,77.59628940408102,-9.168631519612505,0.165,5.292452296657464,1.7424422976999305
77.19999999999989,-2.2156982252035897,5328.640959760225,168.00350152543245,-0.1745,77.60956023533365,-9.169072692240142,0.165,5.292452296657464,1.7424422976999305
77.29999999999988,-2.2162087538930892,5336.402574839034,167.08656152360516,-0.1745,77.62274134083907,-9.169727344305937,0.165,5.292452296657464,1.7424422976999305
77.39999999999988,-2.216742662012846,5344.16550418503,166.16954943070738,-0.1745,77.63584557908243,-9.170514513649753,0.165,5.292452296657464,1.7424422976999305
77.49999999999987,-2.2172916795374045,5351.929740519432,165.25245453716806,-0.1745,77.64888110895129,-9.171383357136794,0.165,5.292452296657464,1.7424422976999305
77.59999999999987,-2.2178506132838445,5359.695277231707,164.3352702717387,-0.1745,77.66185313656023,-9.172301951450317,0.165,5.292452296657464,1.7424422976999305
77.69999999999986,-2.2184162021056744,5367.4621081391815,163.41799266132477,-0.1745,77.6747650129233,-9.173250256828032,0.165,5.292452296657464,1.7424422976999305
77.79999999999986,-2.2189863979103253,5375.230227336008,162.50061936364474,-0.1745,77.68761892361056,-9.174215696772329,0.165,5.292452296657464,1.7424422976999305
77.89999999999985,-2.2195599141585047,5382.999629098289,161.58314905973344,-0.1745,77.70041632199512,-9.175190381453568,0.165,5.292452296657464,1.7424422976999305
77.99999999999984,-2.2201359423648532,5390.7703078244585,160.66558107247158,-0.1745,77.71315820138868,-9.176169363783844,0.165,5.292452296657464,1.7424422976999305
78.09999999999984,-2.2207139741063893,5398.542257997826,159.74791512707193,-0.1745,77.72584526595807,-9.177149544208921,0.165,5.292452296657464,1.7424422976999305
78.19999999999983,-2.2212936892846105,5406.315474163027,158.8301512007126,-0.1745,77.73847803805862,-9.178128982977539,0.165,5.292452296657464,1.7424422976999305
78.29999999999983,-2.2218748859871433,5414.089950911211,157.9122894281472,-0.1745,77.75105692563078,-9.179106468330556,0.165,5.292452296657464,1.7424422976999305
78.39999999999982,-2.048437924152435,5421.865682870719,156.9943300424604,-0.1745,77.76358226451543,-9.180081245405523,0.165,5.292452296657464,1.7424422976999305
78.49999999999982,-2.1140174246063346,5429.645633065177,156.11021716882718,-0.1495,77.83542162464163,-8.502176227259058,0.165,5.292452296657464,1.7424422976999305
78.59999999999981,-2.15538344273399,5437.427806862244,155.24736656357982,-0.1745,77.80805431669465,-8.754835877687983,0.165,5.292452296657464,1.7424422976999305
78.6999999999998,-2.181548520256831,5445.20799403161,154.36393793446373,-0.1745,77.79568907061044,-8.91373670463378,0.165,5.292452296657464,1.7424422976999305
78.7999999999998,-2.198175230147318,5452.987409718251,153.46756222338234,-0.1745,77.79262466222006,-9.013777516994242,0.165,5.292452296657464,1.7424422976999305
78.89999999999979,-2.0354796073627783,5460.766807907477,152.5630293556973,-0.1745,77.79533912230465,-9.07687983670658,0.165,5.292452296657464,1.7424422976999305
78.99999999999979,-2.106927368458848,5468.552991359042,151.68679730137214,-0.1495,77.92832990898006,-8.44776124979663,0.8300000000000001,5.292452296657464,1.7424422976999305
79.09999999999978,-2.1519505259403875,5476.344251639782,150.82823956489355,-0.1745,77.89687570581347,-8.723393479775057,0.165,5.292452296657464,1.7424422976999305
79.19999999999978,-2.180394415747735,5484.133188621159,149.94724043216166,-0.1745,77.88186392174076,-8.896589174862852,0.165,5.292452296657464,1.7424422976999305
79.29999999999977,-2.198441437156288,5491.921133449398,149.05213508679861,-0.1745,77.87703264303673,-9.005517732398312,0.165,5.292452296657464,1.7424422976999305
79.39999999999976,-2.2099710641265116,5499.708911154488,148.1481521829914,-0.1745,77.87852145875908,-9.07414034374598,0.165,5.292452296657464,1.7424422976999305
79.49999999999976,-2.217416430730998,5507.497034020535,147.23857058800033,-0.1745,77.883935862173,-9.117491556075182,0.165,5.292452296657464,1.7424422976999305
79.59999999999975,-2.2223029908152347,5515.285820059846,146.32544595708984,-0.1745,77.89178492404574,-9.145001062134629,0.165,5.292452296657464,1.7424422976999305
79.69999999999975,-2.2255868676499606,5523.075466212967,145.41006683743586,-0.1745,77.90113813836307,-9.162581330944768,0.165,5.292452296657464,1.7424422976999305
79.79999999999974,-2.2278672144339753,5530.866093817132,144.49324084008535,-0.1745,77.91141394494667,-9.173938616065294,0.165,5.292452296657464,1.7424422976999305
79.89999999999974,-2.2295194262822693,5538.65777694341,143.57547412170604,-0.1745,77.92224858059569,-9.181395751520737,0.165,5.292452296657464,1.7424422976999305
79.99999999999973,-2.230778670627225,5546.45056009364,142.65708391879622,-0.1745,77.93341442400603,-9.18640830667575,0.165,5.292452296657464,1.7424422976999305
80.09999999999972,-2.2317922500641707,5554.244469266375,141.73826908996926,-0.1745,77.94476903069841,-9.189888269863035,0.165,5.292452296657464,1.7424422976999305
80.19999999999972,-2.2326524200939755,5562.039518881652,140.81915432745683,-0.1745,77.95622327484908,-9.192406980385773,0.165,5.292452296657464,1.7424422976999305
80.29999999999971,-2.2334169536957744,5569.835716116221,139.8998178619137,-0.1745,77.96772141654445,-9.194322330476869,0.165,5.292452296657464,1.7424422976999305
80.39999999999971,-2.234122025842591,5577.633063618234,138.98030882113284,-0.1745,77.9792286237139,-9.195858485140286,0.165,5.292452296657464,1.7424422976999305
80.4999999999997,-2.234790285135632,5585.43156120734,138.06065810501988,-0.1745,77.99072315840283,-9.197155837118663,0.165,5.292452296657464,1.7424422976999305
80.5999999999997,-2.235435909776117,5593.231206939415,137.14088519784517,-0.1745,78.00219148309813,-9.198302306375682,0.165,5.292452296657464,1.7424422976999305
80.69999999999969,-2.2360677742197934,5601.031997773353,136.22100243509274,-0.1745,78.01362519567941,-9.19935294867277,0.165,5.292452296657464,1.7424422976999305
80.79999999999968,-2.2366914323087888,5608.833929988622,135.3010176757254,-0.1745,78.02501910969097,-9.20034223867382,0.165,5.292452296657464,1.7424422976999305
80.89999999999968,-2.2373103590917083,5616.636999446707,134.38093597561837,-0.1745,78.0363700520047,-9.201291763466877,0.165,5.292452296657464,1.7424422976999305
80.99999999999967,-2.237926728363809,5624.441201754798,133.46076063539934,-0.1745,78.04767610983362,-9.20221504091404,0.165,5.292452296657464,1.7424422976999305
81.09999999999967,-2.238541899460407,5632.24653236825,132.54049385650262,-0.1745,78.05893615919454,-9.203120537020382,0.165,5.292452296657464,1.7424422976999305
81.19999999999966,-2.2391567219935102,5640.052986654692,131.62013715188664,-0.1745,78.07014956964488,-9.204013555299492,0.165,5.292452296657464,1.7424422976999305
81.29999999999966,-2.2397717266011856,5647.860559934145,130.69969160313616,-0.1745,78.08131601941349,-9.204897419710129,0.165,5.292452296657464,1.7424422976999305
81.39999999999965,-2.2403872443354502,5655.669247504099,129.7791580213894,-0.1745,78.09243537966185,-9.205774215224695,0.165,5.292452296657464,1.7424422976999305
81.49999999999964,-1.4566303074661178,5663.479044655183,128.85853704805757,-0.1745,78.10350764203166,-9.206645251412219,0.165,5.292452296657464,1.7424422976999305
81.59999999999964,-1.750270677449628,5671.289581057422,128.09250263016986,-0.06225,78.10722040273926,-6.114043106341779,0.8300000000000001,5.292452296657464,1.7424422976999305
81.69999999999963,-1.9352180041790628,5679.091393397181,127.4242688081539,-0.1745,77.92902639242804,-7.250633333977589,0.165,5.292452296657464,1.7424422976999305
81.79999999999963,-2.051699254345507,5686.879103627516,126.6634777839249,-0.1745,77.82517821428861,-7.965187150602409,0.165,5.292452296657464,1.7424422976999305
81.89999999999962,-2.125096022192255,5694.65866399038,125.84449140982095,-0.1745,77.76602904299469,-8.414540331476628,0.165,5.292452296657464,1.7424422976999305
81.99999999999962,-2.1714047207101634,5702.433674090784,124.98890590654179,-0.1745,77.73417296508372,-8.697169734106415,0.165,5.292452296657464,1.7424422976999305
82.09999999999961,-2.200694486428896,5710.206339749709,124.11029678660795,-0.1745,77.71914021340675,-8.875012664570459,0.165,5.292452296657464,1.7424422976999305
82.1999999999996,-2.2192971503896644,5717.978023477047,123.21719497504617,-0.1745,77.71453433336005,-8.987023566665123,0.165,5.292452296657464,1.7424422976999305
82.2999999999996,-2.231191460202557,5725.749570616832,122.314959264619,-0.1745,77.71640846234332,-9.057690641878256,0.165,5.292452296657464,1.7424422976999305
82.3999999999996,-2.0649993082349836,5733.5215066357205,121.40695471178023,-0.1745,77.72231191542302,-9.102400414897138,0.165,5.292452296657464,1.7424422976999305
82.49999999999959,-2.1349284142618536,5741.2971729167275,120.52918183696744,-0.1495,77.79101370472618,-8.453057081358713,0.165,5.292452296657464,1.7424422976999305
82.59999999999958,-2.1790491836635013,5749.074782796195,119.67041163493666,-0.1745,77.7611838846168,-8.72234695925695,0.165,5.292452296657464,1.7424422976999305
82.69999999999958,-2.206959939098852,5756.8502101963695,118.78970607442703,-0.1745,77.74736411887365,-8.89176425093548,0.165,5.292452296657464,1.7424422976999305
82.79999999999957,-2.2246944516414286,5764.624751850639,117.89519514177958,-0.1745,77.74346896651257,-8.998454402013632,0.165,5.292452296657464,1.7424422976999305
82.89999999999957,-2.2360430212355773,5772.399212366607,116.99198434906486,-0.1745,77.74574135283956,-9.065761452280787,0.165,5.292452296657464,1.7424422976999305
82.99999999999956,-2.2438703480555615,5780.174091824777,116.08327883819831,-0.1745,77.75184781056818,-9.108348765050158,0.165,5.292452296657464,1.7424422976999305
83.09999999999955,-2.2483981285761834,5787.951325839515,115.170803769625,-0.1745,77.79283248420015,-9.141152606416233,0.495,5.292452296657464,1.7424422976999305
83.19999999999955,-2.2514632419860496,5795.731109045481,114.2558805116978,-0.1745,77.80283163512046,-9.157312552127857,0.165,5.292452296657464,1.7424422976999305
83.29999999999954,-2.2536118225406008,5803.511933884501,113.33962491588632,-0.1745,77.81366514526643,-9.167799364101603,0.165,5.292452296657464,1.7424422976999305
83.39999999999954,-2.255186318729312,5811.293867246506,112.42249856632061,-0.1745,77.82500209484634,-9.174727627212448,0.165,5.292452296657464,1.7424422976999305
83.49999999999953,-2.25640142902717,5819.076949113071,111.5047910110367,-0.1745,77.8366352364612,-9.179423478465809,0.165,5.292452296657464,1.7424422976999305
83.59999999999953,-2.2573917415520137,5826.861202613512,110.58668391324765,-0.1745,77.84843477236907,-9.18271847731501,0.165,5.292452296657464,1.7424422976999305
83.69999999999952,-2.2582416154289877,5834.646640323644,109.66829128968263,-0.1745,77.86031943025164,-9.185133993985623,0.165,5.292452296657464,1.7424422976999305
83.79999999999951,-2.259003920328247,5842.4332682125905,108.74968474593264,-0.1745,77.87223834868935,-9.186996881014169,0.165,5.292452296657464,1.7424422976999305
83.89999999999951,-2.259711786925906,5850.221088116376,107.83090930061704,-0.1745,77.88415972702991,-9.188512025297964,0.165,5.292452296657464,1.7424422976999305
83.9999999999995,-2.260385973985387,5858.010099288317,106.9119933069421,-0.1745,77.89606371178883,-9.18980784820086,0.165,5.292452296657464,1.7424422976999305
84.0999999999995,-2.261039486687762,5865.800299370791,105.99295467269206,-0.1745,77.90793793769255,-9.190964836799635,0.165,5.292452296657464,1.7424422976999305
84.19999999999949,-2.2616804714835954,5873.591685004306,105.07380475922324,-0.1745,77.91977473259084,-9.192033432576846,0.165,5.292452296657464,1.7424422976999305
84.29999999999949,-2.2623140304441596,5881.3842522092045,104.15455082528725,-0.1745,77.93156936538189,-9.193045246143056,0.165,5.292452296657464,1.7424422976999305
84.39999999999948,-2.262943358289751,5889.177996624863,103.23519755862083,-0.1745,77.94331894778956,-9.19402008718529,0.165,5.292452296657464,1.7424422976999305
84.49999999999947,-2.2635704548766733,5896.972913659554,102.31574803572498,-0.1745,77.9550217460286,-9.194970370731607,0.165,5.292452296657464,1.7424422976999305
84.59999999999947,-2.264196571612368,5904.768998584326,101.396204323256,-0.1745,77.96667674940986,-9.195903878648078,0.165,5.292452296657464,1.7424422976999305
84.69999999999946,-2.2648224911329864,5912.566246591797,100.47656785481604,-0.1745,77.9782833999991,-9.196825490151086,0.165,5.292452296657464,1.7424422976999305
84.79999999999946,-2.2654487025031136,5920.364652832957,99.55683966700164,-0.1745,77.98984142321858,-9.197738266136955,0.165,5.292452296657464,1.7424422976999305
84.89999999999945,-2.266075510956174,5928.164212440203,98.63702054726731,-0.1745,78.0013507217104,-9.198644128549521,0.165,5.292452296657464,1.7424422976999305
84.99999999999945,-2.26670310662615,5935.964920541731,97.71711112654064,-0.1745,78.01281130884333,-9.199544285983828,0.165,5.292452296657464,1.7424422976999305
85.09999999999944,-2.2673316075908874,5943.766772270526,96.79711193722704,-0.1745,78.02422326705987,-9.200439500288084,0.165,5.292452296657464,1.7424422976999305
85.19999999999943,-2.267961086825378,5951.569762769968,95.87702344953517,-0.1745,78.03558672178666,-9.201330253549195,0.165,5.292452296657464,1.7424422976999305
85.29999999999943,-2.2695576274821905,5959.373887197313,94.95684609422403,-0.1745,78.04690182509495,-9.20221685267357,0.165,5.292452296657464,1.7424422976999305
85.39999999999942,-2.2695820004096277,5967.182415230628,94.03600300446911,-0.1745,78.12365884121563,-9.214644942425025,0.8300000000000001,5.292452296657464,1.7424422976999305
85.49999999999942,-2.2698364383548646,5974.995346457513,93.11461446378874,-0.1745,78.13496569648166,-9.21312587118225,0.165,5.292452296657464,1.7424422976999305
85.59999999999941,-2.2702351018775113,5982.809399073938,92.19333347265605,-0.1745,78.14608663202534,-9.212493951471467,0.165,5.292452296657464,1.7424422976999305
85.6999999999994,-2.2707243206736076,5990.624557105972,91.27208800546622,-0.1745,78.15707400864984,-9.212415392325141,0.165,5.292452296657464,1.7424422976999305
85.7999999999994,-2.271270540372925,5998.4408088387045,90.35083316223542,-0.1745,78.16796064600175,-9.212681472290768,0.165,5.292452296657464,1.7424422976999305
85.8999999999994,-2.271852784450547,6006.258145227931,89.42954100414384,-0.1745,78.17876713853677,-9.213161689540666,0.165,5.292452296657464,1.7424422976999305
85.99999999999939,-2.2724579402476577,6014.076558906546,88.5081941967917,-0.1745,78.18950643376391,-9.213774457502035,0.165,5.292452296657464,1.7424422976999305
86.09999999999938,-2.2730778112990384,6021.896043563062,87.58678203508991,-0.1745,78.20018669657566,-9.214468776533758,0.165,5.292452296657464,1.7424422976999305
86.19999999999938,-2.2741865416827087,6029.716593552939,86.66529795768932,-0.1745,78.2108131009592,-9.215212771477958,0.165,5.292452296657464,1.7424422976999305
86.29999999999937,-2.099953466387436,6037.539828597742,85.74345152693823,-0.1745,78.25388779509768,-9.221715843543855,0.495,5.292452296657464,1.7424422976999305
86.39999999999937,-2.1658457151400374,6045.372065122672,84.85520122906723,-0.1495,78.39084270350912,-8.543290113876111,0.8300000000000001,5.292452296657464,1.7424422976999305
86.49999999999936,-2.032697008549921,6053.2096370359795,83.98811021291728,-0.1745,78.36059556263794,-8.798530209122962,0.165,5.292452296657464,1.7424422976999305
86.59999999999935,-2.124226273341222,6061.0515871765565,83.13416653202249,-0.1495,78.4784072489003,-8.280343408772762,0.8300000000000001,5.292452296657464,1.7424422976999305
86.69999999999935,-2.1816377276488677,6068.897088826883,82.28835964008324,-0.1745,78.4316257576274,-8.635794430012197,0.165,5.292452296657464,1.7424422976999305
86.79999999999934,-2.2177272057760784,6076.738993130336,81.41366636647882,-0.1745,78.40646031143712,-8.858071042076098,0.165,5.292452296657464,1.7424422976999305
86.89999999999934,-2.2404990698172496,6084.5790457655485,80.52090590989005,-0.1745,78.39459239281149,-8.997138089699314,0.165,5.292452296657464,1.7424422976999305
86.99999999999933,-2.2549562926512983,6092.418322336064,79.61683733771439,-0.1745,78.39093901749433,-9.084233353813866,0.165,5.292452296657464,1.7424422976999305
87.09999999999933,-2.264224048147926,6100.257487771055,78.7056818047648,-0.1745,78.39236968231643,-9.138877305177992,0.165,5.292452296657464,1.7424422976999305
87.19999999999932,-2.2702537079062477,6108.096953597148,77.79007478525301,-0.1745,78.39694683954517,-9.173263085057537,0.165,5.292452296657464,1.7424422976999305
87.29999999999932,-2.2742633554903233,6115.936974320059,76.87166141155186,-0.1745,78.40346761867166,-9.195004388965447,0.165,5.292452296657464,1.7424422976999305
87.39999999999931,-2.2770131762187527,6123.777706893841,75.95146848284779,-0.1745,78.41118385697537,-9.208854185116051,0.165,5.292452296657464,1.7424422976999305
87.4999999999993,-2.2789775093451063,6131.619247571514,75.03013682308287,-0.1745,78.41962969647648,-9.217779010182188,0.165,5.292452296657464,1.7424422976999305
87.5999999999993,-2.2804522921982997,6139.461654800572,74.10806636628408,-0.1745,78.42851488467994,-9.223630125793754,0.165,5.292452296657464,1.7424422976999305
87.69999999999929,-2.2816221369034917,6147.304963471367,73.1855067268661,-0.1745,78.43765853121117,-9.227562662566,0.165,5.292452296657464,1.7424422976999305
87.79999999999929,-2.282602196598382,6155.149193792984,72.26261372828837,-0.1745,78.4469479011212,-9.230297308988467,0.165,5.292452296657464,1.7424422976999305
87.89999999999928,-2.2834642919491506,6162.994356825629,71.33948467976842,-0.1745,78.45631275178661,-9.232283661410527,0.165,5.292452296657464,1.7424422976999305
87.99999999999928,-2.2842532131097477,6170.840457930159,70.41618038803361,-0.1745,78.4657093388047,-9.233802173285785,0.165,5.292452296657464,1.7424422976999305
88.09999999999927,-2.2849968903521436,6178.687498919288,69.49273889061952,-0.1745,78.4751104437959,-9.235027774995956,0.165,5.292452296657464,1.7424422976999305
88.19999999999926,-2.2857127387726335,6186.535479399248,68.56918402335128,-0.1745,78.48449915539649,-9.236069570368773,0.165,5.292452296657464,1.7424422976999305
88.29999999999926,-2.286411615915403,6194.38439760654,67.64553076466169,-0.1745,78.49386499043538,-9.23699560342326,0.165,5.292452296657464,1.7424422976999305
88.39999999999925,-2.287100290192841,6202.234250929791,66.72178856904216,-0.1745,78.50320147459809,-9.237848308967134,0.165,5.292452296657464,1.7424422976999305
88.49999999999925,-2.287782980340352,6210.085036235192,65.79796344606774,-0.1745,78.51250463342393,-9.238654150521146,0.165,5.292452296657464,1.7424422976999305
88.59999999999924,-2.1132204856877452,6217.93675006942,64.87405925694924,-0.1745,78.52177205113328,-9.239429631848903,0.165,5.292452296657464,1.7424422976999305
88.69999999999924,-2.179824438215281,6225.795746160388,63.98422724818793,-0.1495,78.65814976823127,-8.557210543377245,0.8300000000000001,5.292452296657464,1.7424422976999305
88.79999999999923,-2.2215937904737344,6233.659961273728,63.11557094858025,-0.1745,78.6261524985647,-8.815915448776355,0.165,5.292452296657464,1.7424422976999305
88.89999999999922,-2.247876261435264,6241.5217573164955,62.225903604259,-0.1745,78.60976835677263,-8.97743143764861,0.165,5.292452296657464,1.7424422976999305
88.99999999999922,-1.4748028237012842,6249.382395917443,61.323114777971035,-0.1745,78.60300366218435,-9.078345088110748,0.165,5.292452296657464,1.7424422976999305
89.09999999999921,-1.7821286134039456,6257.2412298642685,60.568848106875905,-0.06225,78.57367527431006,-6.006988333791863,0.495,5.292452296657464,1.7424422976999305
89.1999999999992,-1.975028384510026,6265.089044966916,59.90833613820754,-0.1745,78.38262677864006,-7.203251039575466,0.165,5.292452296657464,1.7424422976999305
89.2999999999992,-2.0961074354906257,6272.921716325396,59.150548580959565,-0.1745,78.27080039095573,-7.9525001053839794,0.165,5.292452296657464,1.7424422976999305
89.3999999999992,-2.172150188326076,6280.74557361604,58.33182758059507,-0.1745,78.2063454219212,-8.421919901905927,0.165,5.292452296657464,1.7424422976999305
89.49999999999919,-2.21997724793423,6288.564425045574,57.47492863262528,-0.1745,78.17068316875731,-8.716059057489781,0.165,5.292452296657464,1.7424422976999305
89.59999999999918,-2.250139144867729,6296.380594080739,56.59410427011116,-0.1745,78.1526975345259,-8.900428192792578,0.165,5.292452296657464,1.7424422976999305
89.69999999999918,-2.26924700393558,6304.195510370033,55.69827887101891,-0.1745,78.1456282513631,-9.016079789052414,0.165,5.292452296657464,1.7424422976999305
89.79999999999917,-2.2814404177971026,6312.010057845113,54.793038460249356,-0.1745,78.14532125023229,-9.088728426338584,0.165,5.292452296657464,1.7424422976999305
89.89999999999917,-2.2893100588005435,6319.824784267914,53.88187836073546,-0.1745,78.14920720579511,-9.134473563939316,0.165,5.292452296657464,1.7424422976999305
89.99999999999916,-1.5095755541335785,6327.640029152021,52.96698514519284,-0.1745,78.15569047635795,-9.163390746913231,0.165,5.292452296657464,1.7424422976999305
90.09999999999916,-1.8064071450628023,6335.455797227212,52.20457568981422,-0.06225,78.1596710274686,-6.084798360659136,0.8300000000000001,5.292452296657464,1.7424422976999305
90.19999999999915,-1.9933103111886634,6343.262726718717,51.538618865507914,-0.1745,77.97891880262068,-7.234338125467056,0.165,5.292452296657464,1.7424422976999305
90.29999999999914,-2.1109946061662246,6351.055348193103,50.779064947269916,-0.1745,77.87351068509017,-7.956740239292854,0.165,5.292452296657464,1.7424422976999305
90.39999999999914,-2.1856687234712275,6358.8396919506295,49.96068550983702,-0.1745,77.81336446544387,-8.410848509364985,0.165,5.292452296657464,1.7424422976999305
90.49999999999913,-2.2321436537991586,6366.62102698794,49.10503894791012,-0.1745,77.81333628077586,-8.702082729173037,0.495,5.292452296657464,1.7424422976999305
90.59999999999913,-2.261536353932651,6374.4015866693135,48.22590719532291,-0.1745,77.79785734668911,-8.880552322571077,0.165,5.292452296657464,1.7424422976999305
90.69999999999912,-2.2802090786762736,6382.181122533329,47.33223577798297,-0.1745,77.79285993361528,-8.99287602422763,0.165,5.292452296657464,1.7424422976999305
90.79999999999912,-2.2921571142142207,6389.96048416766,46.429407694827376,-0.1745,77.79437275301659,-9.063685638884268,0.165,5.292452296657464,1.7424422976999305
90.89999999999911,-2.2998880448611736,6397.74019938595,45.52080102068212,-0.1745,77.79993161279616,-9.108447844020787,0.165,5.292452296657464,1.7424422976999305
90.9999999999991,-2.304975121767629,6405.520596038928,44.60853510890336,-0.1745,77.80800144675446,-9.136870391554455,0.165,5.292452296657464,1.7424422976999305
91.0999999999991,-2.30840512100348,6413.301877294436,43.69393936690748,-0.1745,77.8176236634231,-9.155044448363233,0.165,5.292452296657464,1.7424422976999305
91.1999999999991,-2.310796835648702,6421.084168416787,42.77784759511141,-0.1745,77.82819878360645,-9.166790987558148,0.165,5.292452296657464,1.7424422976999305
91.29999999999909,-2.3125382344309906,6428.867545935746,41.860782724639314,-0.1745,77.8393515955796,-9.174506421883816,0.165,5.292452296657464,1.7424422976999305
91.39999999999908,-2.31387252873399,6436.652055873492,40.943072729860226,-0.1745,77.8508471593269,-9.179693473697911,0.165,5.292452296657464,1.7424422976999305
91.49999999999908,-1.5334689455140926,6444.437725149035,40.02492333983315,-0.1745,77.86253835152861,-9.183294326843543,0.165,5.292452296657464,1.7424422976999305
91.59999999999907,-1.825394810089954,6452.222514165069,39.26022999651879,-0.06225,77.83324196914094,-6.110572539443688,0.495,5.292452296657464,1.7424422976999305
91.69999999999906,-2.009676816435805,6459.997086340795,38.59287428130169,-0.1745,77.65820154538629,-7.236541764898217,0.165,5.292452296657464,1.7424422976999305
91.79999999999906,-1.3498898066514833,6467.757818793397,37.83374611097252,-0.1745,77.55644750664398,-7.946021641685196,0.165,5.292452296657464,1.7424422976999305
91.89999999999905,-1.7097166322573056,6475.510732221314,37.168322369406,-0.06225,77.50182105169847,-5.362453189645242,0.165,5.292452296657464,1.7424422976999305
91.99999999999905,-1.9377026243912892,6483.24991681664,36.562988919377275,-0.1745,77.28187085481075,-6.744215810929182,0.165,5.292452296657464,1.7424422976999305
92.09999999999904,-2.0821186030999708,6490.971696531429,35.844888117201585,-0.1745,77.15372344098176,-7.6178002325845915,0.165,5.292452296657464,1.7424422976999305
92.19999999999904,-2.173612826301568,6498.683410644892,35.05547779937965,-0.1745,77.08055882828066,-8.170406123854114,0.165,5.292452296657464,1.7424422976999305
92.29999999999903,-2.2316273316245496,6506.389486133655,34.220955507508656,-0.1745,77.04095094697662,-8.520039713565838,0.165,5.292452296657464,1.7424422976999305
92.39999999999903,-2.2684791463232297,6514.092636841217,33.35788677716456,-0.1745,77.0220632042767,-8.741334893316095,0.165,5.292452296657464,1.7424422976999305
92.49999999999902,-2.291962375093277,6521.794542924568,32.476744242152236,-0.1745,77.01605846274438,-8.8815158069304,0.165,5.292452296657464,1.7424422976999305
92.59999999999901,-2.307004662977026,6529.496250518303,31.584145877810776,-0.1745,77.01809341195043,-8.970451479898813,0.165,5.292452296657464,1.7424422976999305
92.69999999999901,-2.316719363085516,6537.198412770574,30.684272125932793,-0.1745,77.02515163347195,-9.027023557660817,0.165,5.292452296657464,1.7424422976999305
92.799999999999,-2.32307259435119,6544.901437616919,29.779762841055458,-0.1745,77.03534529343318,-9.063162139885867,0.165,5.292452296657464,1.7424422976999305
92.899999999999,-2.327305542228152,6552.605579345789,28.87228462986012,-0.1745,77.04748928396435,-9.08640208402095,0.165,5.292452296657464,1.7424422976999305
92.99999999999899,-2.3302015360434267,6560.310995722959,27.96288948631344,-0.1745,77.06083825943183,-9.101500786912647,0.165,5.292452296657464,1.7424422976999305
93.09999999999899,-2.3322548363065363,6568.017783783146,27.052241384819435,-0.1745,77.07492294430581,-9.111461242967469,0.165,5.292452296657464,1.7424422976999305
93.19999999999898,-2.3337772500988088,6575.726002315921,26.140759391245215,-0.1745,77.08944771117656,-9.11817862851691,0.165,5.292452296657464,1.7424422976999305
93.29999999999897,-2.334965449990737,6583.435686015854,25.228708021383774,-0.1745,77.10422628749747,-9.12284876871189,0.165,5.292452296657464,1.7424422976999305
93.39999999999897,-2.335943468314725,6591.1468543960045,24.31625427839409,-0.1745,77.11914131551099,-9.1262260910818,0.165,5.292452296657464,1.7424422976999305
93.49999999999896,-2.3367895150690408,6598.859517406,23.403503649625655,-0.1745,77.13411888440088,-9.128786484286895,0.165,5.292452296657464,1.7424422976999305
93.59999999999896,-2.3375528993261248,6606.573678974208,22.490522820579137,-0.1745,77.14911247974652,-9.13083009664346,0.165,5.292452296657464,1.7424422976999305
93.69999999999895,-2.33826470442533,6614.289339241386,21.577354005150283,-0.1745,77.16409286382928,-9.132546211933642,0.165,5.292452296657464,1.7424422976999305
93.79999999999895,-2.3389445216005287,6622.006495969273,20.66402398527176,-0.1745,77.17904169390613,-9.134054185636794,0.165,5.292452296657464,1.7424422976999305
93.89999999999894,-2.339604696770936,6629.725145428837,19.7505498124114,-0.1745,77.19394749738031,-9.13542927157042,0.165,5.292452296657464,1.7424422976999305
93.99999999999893,-2.3402530085611386,6637.445282960376,18.836942403152666,-0.1745,77.20880313339715,-9.136718913604284,0.165,5.292452296657464,1.7424422976999305
94.09999999999893,-2.3408943568349354,6645.166903326644,17.923208806409765,-0.1745,77.22360419197302,-9.137953021253749,0.165,5.292452296657464,1.7424422976999305
94.19999999999892,-2.3415318272058356,6652.890000935467,17.009353632851933,-0.1745,77.23834798446204,-9.139150449902852,0.165,5.292452296657464,1.7424422976999305
94.29999999999892,-2.342167362056667,6660.614569980039,16.095379956007786,-0.1745,77.25303290698768,-9.140323086980098,0.165,5.292452296657464,1.7424422976999305
94.39999999999891,-2.342802183467311,6668.340604527343,15.181289880248073,-0.1745,77.26765803909197,-9.141478428214178,0.165,5.292452296657464,1.7424422976999305
94.4999999999989,-2.343437059742977,6676.068098573834,14.267084898751875,-0.1745,77.28222289071536,-9.14262120170977,0.165,5.292452296657464,1.7424422976999305
94.5999999999989,-2.344072473359132,6683.7970460805045,13.35276611908439,-0.1745,77.2967272427064,-9.143754391639947,0.165,5.292452296657464,1.7424422976999305
94.6999999999989,-2.3447087267740874,6691.527440994955,12.438334405331235,-0.1745,77.31117104629938,-9.144879883423139,0.165,5.292452296657464,1.7424422976999305
94.79999999999889,-2.3453460090873772,6699.259277265259,11.523790467645448,-0.1745,77.32555435976592,-9.145998870292614,0.165,5.292452296657464,1.7424422976999305
94.89999999999888,-2.345984438027199,6706.992548848672,10.609134918657222,-0.1745,77.33987730849815,-9.147112109471877,0.165,5.292452296657464,1.7424422976999305
94.99999999999888,-2.346624086394667,6714.727249717091,9.6943683090052,-0.1745,77.35414005985982,-9.148220083568557,0.165,5.292452296657464,1.7424422976999305
95.09999999999887,-2.347264998716735,6722.463373860451,8.779491149714655,-0.1745,77.36834280734385,-9.149323102242343,0.165,5.292452296657464,1.7424422976999305
95.19999999999887,-2.347907201731894,6730.200915288848,7.864503926290459,-0.1745,77.38248576059387,-9.15042136624159,0.165,5.292452296657464,1.7424422976999305
95.29999999999886,-2.348550710991783,6737.939868033834,6.9494071075917505,-0.1745,77.39656913912009,-9.151515007732565,0.165,5.292452296657464,1.7424422976999305
95.39999999999885,-2.3491955350169462,6745.680226149207,6.0342011514203655,-0.1745,77.41059316834269,-9.152604115695125,0.165,5.292452296657464,1.7424422976999305
95.49999999999885,-2.349841677912578,6753.421983711479,5.118886508039976,-0.1745,77.42455807710091,-9.153688751912657,0.165,5.292452296657464,1.7424422976999305
95.59999999999884,-2.350489141014724,6761.1651348201385,4.20346362239241,-0.1745,77.43846409608555,-9.154768961038664,0.165,5.292452296657464,1.7424422976999305
95.69999999999884,-2.3511379239261663,6768.9096735977855,3.287932935493802,-0.1745,77.45231145685277,-9.155844776933488,0.165,5.292452296657464,1.7424422976999305
95.79999999999883,-2.3517880251681675,6776.655594190188,2.3722948853144943,-0.1745,77.46610039120391,-9.156916226652665,0.165,5.292452296657464,1.7424422976999305
95.89999999999883,-2.3524394425904545,6784.402890766288,1.4565499073340153,-0.1745,77.47983113079592,-9.157983332956913,0.165,5.292452296657464,1.7424422976999305
95.99999999999882,-10000.0,6792.151557518172,0.5406984348915929,-0.1745,77.49350390689668,-9.159046115891535,0.165,5.292452296657464,1.7424422976999305
