t,reward,x,y,theta,vx,vy,throttle,wind_vx,wind_vy
0.0,0.0,17.18444920657325,610.014246040432,0.03083006673357025,44.16244902061009,5.676038861194559,0.5,0.8169973179252172,3.5259688535509
0.1,-2.2302599992095518,17.18444920657325,610.014246040432,0.03083006673357025,44.16244902061009,5.676038861194559,0.5,0.8169973179252172,3.5259688535509
0.2,-1.2666395071556555,21.595214278845614,610.4992280394792,-0.08141993326642974,44.05285242483715,4.023601119750934,0.165,0.8169973179252172,3.5259688535509
0.30000000000000004,-0.5025553880569195,25.98603733512369,610.7943148829933,-0.1745,43.76360870072436,1.8781357505296712,0.165,0.8169973179252172,3.5259688535509
0.4,-0.10061236077152813,30.353483502883662,610.8984173803569,-0.1745,43.58531465447506,0.20391419674402966,0.165,0.8169973179252172,3.5259688535509
0.5,-0.574727423479925,34.706888092262844,610.8532010354612,-0.1745,43.48277713310849,-1.10824109465735,0.165,0.8169973179252172,3.5259688535509
0.6,-0.9459219790346198,39.052698863395975,610.6908897849266,-0.1745,43.433438289554196,-2.1379839160347274,0.165,0.8169973179252172,3.5259688535509
0.7,-1.2354567296081076,43.39548352761105,610.436696512115,-0.1745,43.422254994747334,-2.9458815401985246,0.165,0.8169973179252172,3.5259688535509
0.7999999999999999,-1.460491280822177,47.73854067865689,610.1104486699385,-0.1745,43.438888026169515,-3.579075303331261,0.165,0.8169973179252172,3.5259688535509
0.8999999999999999,-1.6347756606193153,52.08428807897163,609.7277606101937,-0.1745,43.47605998012531,-4.07468589156348,0.165,0.8169973179252172,3.5259688535509
0.9999999999999999,-1.769259528500138,56.43451852397591,609.3009223639598,-0.1745,43.52854891996026,-4.462079033114923,0.165,0.8169973179252172,3.5259688535509
1.0999999999999999,-1.8726170254833079,60.790573373320456,608.8395932654864,-0.1745,43.592548066930625,-4.764502936352864,0.165,0.8169973179252172,3.5259688535509
1.2,-1.8420134660951066,65.15346306850216,608.3513511156267,-0.1745,43.66524583670354,-5.000340060842539,0.165,0.8169973179252172,3.5259688535509
1.3,-1.927006917010564,69.52576403320103,607.8540788966433,-0.1495,43.78077345727372,-4.945104318826577,0.495,0.8169973179252172,3.5259688535509
1.4000000000000001,-1.9917358378854833,73.90771061640439,607.3497197284978,-0.1745,43.85815820679349,-5.142079044082037,0.165,0.8169973179252172,3.5259688535509
1.5000000000000002,-2.040721578904489,78.29766776125045,606.8278474570113,-0.1745,43.9409846901278,-5.2953663856472835,0.165,0.8169973179252172,3.5259688535509
1.6000000000000003,-2.0774972552724016,82.69611444803687,606.292348437435,-0.1745,44.02794904560041,-5.414614005880225,0.165,0.8169973179252172,3.5259688535509
1.7000000000000004,-2.1048177414039455,87.10341485133914,605.7462487710774,-0.1745,44.118059020445095,-5.507379321270468,0.165,0.8169973179252172,3.5259688535509
1.8000000000000005,-2.124827143367928,91.51984559897771,605.1919012804693,-0.1745,44.21055593232629,-5.579570490890167,0.165,0.8169973179252172,3.5259688535509
1.9000000000000006,-2.1391915798252765,95.94561627350956,604.6311328509261,-0.1745,44.3048575583106,-5.635798099975343,0.165,0.8169973179252172,3.5259688535509
2.0000000000000004,-2.1492039662707634,100.38088494308026,604.0653602221935,-0.1745,44.400515833103356,-5.679654474676537,0.165,0.8169973179252172,3.5259688535509
2.1000000000000005,-2.1558663951846455,104.82576999461678,603.4956807649427,-0.1745,44.497185197626855,-5.713934670338548,0.165,0.8169973179252172,3.5259688535509
2.2000000000000006,-2.159954705175839,109.28035919039975,602.9229434954793,-0.1745,44.5945987180325,-5.740810718929133,0.165,0.8169973179252172,3.5259688535509
2.3000000000000007,-2.162068963739317,113.74471662357738,602.347804528622,-0.1745,44.692549945520035,-5.761968618217181,0.165,0.8169973179252172,3.5259688535509
2.400000000000001,-2.162672855100969,118.21888807400185,601.7707703097441,-0.1745,44.79087906296967,-5.778715759340042,0.165,0.8169973179252172,3.5259688535509
2.500000000000001,-2.1621243581287564,122.7029051402097,601.1922312721683,-0.1745,44.889462261187084,-5.792064992173909,0.165,0.8169973179252172,3.5259688535509
2.600000000000001,-2.1606996049003153,127.19678843156548,600.612488008103,-0.1745,44.988203565928686,-5.802800289132708,0.165,0.8169973179252172,3.5259688535509
2.700000000000001,-1.6492019847573214,131.70055003663407,600.0317715958994,-0.1745,45.087028535443345,-5.811527954939986,0.165,0.8169973179252172,3.5259688535509
2.800000000000001,-1.7537149992669634,136.20913899393892,599.5090963355334,-0.06225,45.084750610653835,-4.641977252379866,0.495,1.158525775769639,3.652213295975279
2.9000000000000012,-1.8341717433412947,140.7210722050654,599.0326426115491,-0.1745,45.15391361187588,-4.887097227305299,0.165,1.158525775769639,3.652213295975279
3.0000000000000013,-1.893902603938276,145.2419052473064,598.5341603524423,-0.1745,45.26274723294349,-5.082547954831953,0.495,1.158525775769639,3.652213295975279
3.1000000000000014,-1.9388485411435825,149.77227114143838,598.0186200464375,-0.1745,45.34457064969624,-5.22825816526375,0.165,1.158525775769639,3.652213295975279
3.2000000000000015,-1.9724050547375023,154.31102239892502,597.490158943803,-0.1745,45.430454500036625,-5.34096388742725,0.165,1.158525775769639,3.652213295975279
3.3000000000000016,-1.9972009451421016,158.85851524745942,596.951702164434,-0.1745,45.519402470651336,-5.428171699952775,0.165,1.158525775769639,3.652213295975279
3.4000000000000017,-2.0152678805109554,163.41501821391583,596.4055082338919,-0.1745,45.61065685847705,-5.495706910890141,0.165,1.158525775769639,3.652213295975279
3.5000000000000018,-2.028173684682665,167.98073302947057,595.8533187607412,-0.1745,45.70363945261777,-5.548082552121917,0.165,1.158525775769639,3.652213295975279
3.600000000000002,-2.0371266575646634,172.55581039567517,595.2964751414622,-0.1745,45.797907871474266,-5.588789833457863,0.165,1.158525775769639,3.652213295975279
3.700000000000002,-2.0430569412003967,177.1403619392182,594.736009351495,-0.1745,45.89312299938639,-5.620525965885569,0.165,1.158525775769639,3.652213295975279
3.800000000000002,-2.0466798043278613,181.73446931461984,594.1727144380269,-0.1745,45.98902450864635,-5.645372303475438,0.165,1.158525775769639,3.652213295975279
3.900000000000002,-2.0485447503706977,186.33819115721533,593.6071991595837,-0.1745,46.08541234326369,-5.664933265387384,0.165,1.158525775769639,3.652213295975279
4.000000000000002,-2.049073551776055,190.95156840655426,593.0399302750254,-0.1745,46.18213264351452,-5.680444425779054,0.165,1.158525775769639,3.652213295975279
4.100000000000001,-2.048589660285881,195.57462838902595,592.471265231174,-0.1745,46.2790670059193,-5.692856451248464,0.165,1.158525775769639,3.652213295975279
4.200000000000001,-2.047340917173605,200.20738795257847,591.9014773998931,-0.1745,46.376124265131445,-5.7029001743695735,0.165,1.158525775769639,3.652213295975279
4.300000000000001,-2.045517068658911,204.84985587546515,591.3307755426578,-0.1745,46.473234192601936,-5.711136970337197,0.165,1.158525775769639,3.652213295975279
4.4,-2.0432632603229504,209.502034717992,590.7593188087895,-0.1745,46.5703426579348,-5.717997707027776,0.165,1.158525775769639,3.652213295975279
4.5,-2.0406904235682246,214.16392224637815,590.1872282821034,-0.1745,46.66740790978844,-5.723812826694067,0.165,1.158525775769639,3.652213295975279
4.6,-2.0378832628312473,218.83551252764622,589.6145958630125,-0.1745,46.76439771557306,-5.72883555512512,0.165,1.158525775769639,3.652213295975279
4.699999999999999,-2.0349063926859965,223.51679677147274,589.0414910956613,-0.1745,46.86128716095718,-5.733259791899296,0.165,1.158525775769639,3.652213295975279
4.799999999999999,-2.0318090497019914,228.20776397736256,588.467966411622,-0.1745,46.9580569568391,-5.737233888886622,0.165,1.158525775769639,3.652213295975279
4.899999999999999,-2.028628707348823,232.90840143204815,587.894061154504,-0.1745,47.054692136872426,-5.740871253473772,0.165,1.158525775769639,3.652213295975279
4.999999999999998,-2.0253938473310367,237.6186950916755,587.3198046667299,-0.1745,47.15118105567471,-5.744258502010479,0.165,1.158525775769639,3.652213295975279
5.099999999999998,-2.0221260827231493,242.33862987538697,586.7452186553862,-0.1745,47.24751461855463,-5.747461724861428,0.165,1.158525775769639,3.652213295975279
5.1999999999999975,-2.018841783403863,247.0681898907892,586.1703190042934,-0.1745,47.34368568949006,-5.750531296994964,0.165,1.158525775769639,3.652213295975279
5.299999999999997,-2.015553319623826,251.8073586070795,585.5951171609837,-0.1745,47.43968863631584,-5.7535055691991595,0.165,1.158525775769639,3.652213295975279
5.399999999999997,-2.0122700127890965,256.5561189879701,585.0196211976008,-0.1745,47.53551898149572,-5.756413698458254,0.165,1.158525775769639,3.652213295975279
5.4999999999999964,-2.0089988619161376,261.31445359375033,584.4438366218384,-0.1745,47.63117313410932,-5.759277816789508,0.165,1.158525775769639,3.652213295975279
5.599999999999996,-2.0057450983249248,266.08234465966984,583.8677669963961,-0.1745,47.72664818428052,-5.762114692056982,0.165,1.158525775769639,3.652213295975279
5.699999999999996,-2.002512608906682,270.85977415616327,583.2914144118471,-0.1745,47.821941745588475,-5.764936998923128,0.165,1.158525775769639,3.652213295975279
5.799999999999995,-1.9993042588965118,275.6467238351592,582.71477984736,-0.1745,47.917051834330266,-5.767754290819375,0.165,1.158525775769639,3.652213295975279
5.899999999999995,-1.9961221378522078,280.4431752657292,582.1378634456797,-0.1745,48.011976777070025,-5.770573742785413,0.165,1.158525775769639,3.652213295975279
5.999999999999995,-1.9937179368827511,285.2491098615771,581.5606647225992,-0.1745,48.10671513988713,-5.773400718824928,0.165,1.158525775769639,3.652213295975279
6.099999999999994,-1.990114972313036,290.06613384450975,580.9828962604186,-0.1745,48.233764518765874,-5.78196852478856,0.495,1.158525775769639,3.652213295975279
6.199999999999994,-1.986662188089928,294.89423254732753,580.4046149090835,-0.1745,48.328209537590276,-5.783658501912063,0.165,1.158525775769639,3.652213295975279
6.299999999999994,-1.9833303656013401,299.7317644068835,579.8261493483288,-0.1745,48.422427653528345,-5.7856527131824285,0.165,1.158525775769639,3.652213295975279
6.399999999999993,-1.9800973465889555,304.5787071343897,579.2474725918795,-0.1745,48.51642689659553,-5.78788241580495,0.165,1.158525775769639,3.652213295975279
6.499999999999993,-1.9769463188573408,309.43503913972296,578.6685636973983,-0.1745,48.61021321007064,-5.790295473818551,0.165,1.158525775769639,3.652213295975279
6.5999999999999925,-1.9738645159746122,314.30073934791676,578.089406306184,-0.1745,48.70379095380493,-5.792852350469653,0.165,1.158525775769639,3.652213295975279
6.699999999999992,-1.970842231578023,319.1757870599876,577.5099875355589,-0.1745,48.79716328761209,-5.795523062030336,0.165,1.158525775769639,3.652213295975279
6.799999999999992,-1.967872072617286,324.06016184752247,576.9302971392668,-0.1745,48.89033246308513,-5.798284863811251,0.165,1.158525775769639,3.652213295975279
6.8999999999999915,-1.9649483939590893,328.953843472954,576.3503268714036,-0.1745,48.98330004554554,-5.801120493452892,0.165,1.158525775769639,3.652213295975279
6.999999999999991,-1.9620668705670508,333.8568118293677,575.7700700048255,-0.1745,49.07606708272802,-5.80401683810915,0.165,1.158525775769639,3.652213295975279
7.099999999999991,-1.9592241739786596,338.76904689514856,575.1895209667267,-0.1745,49.16863423288959,-5.80696392386596,0.165,1.158525775769639,3.652213295975279
7.19999999999999,-1.9564177278018782,343.6905286998946,574.6086750630351,-0.1745,49.261001862032,-5.8099541499654626,0.165,1.158525775769639,3.652213295975279
7.29999999999999,-1.9536455230432215,348.6212372988777,574.027528270092,-0.1745,49.353170117629624,-5.81298170889563,0.165,1.158525775769639,3.652213295975279
7.39999999999999,-1.9509059787104222,353.5611527539841,573.4460770772719,-0.1745,49.44513898449832,-5.816042147507371,0.165,1.158525775769639,3.652213295975279
7.499999999999989,-1.9481978366531623,358.51025511956396,572.864318368143,-0.1745,49.53690832709856,-5.819132035070442,0.165,1.158525775769639,3.652213295975279
7.599999999999989,-1.9455200822795584,363.46852443199595,572.282249330771,-0.1745,49.62847792154075,-5.822248712368129,0.165,1.158525775769639,3.652213295975279
7.699999999999989,-1.9428718848163329,368.43594070206194,571.6998673900443,-0.1745,49.71984747977904,-5.825390102164693,0.165,1.158525775769639,3.652213295975279
7.799999999999988,-1.940252552320907,373.4124839094451,571.11717015663,-0.1745,49.81101666788328,-5.828554566122607,0.165,1.158525775769639,3.652213295975279
7.899999999999988,-1.9376614978215978,378.3981339988305,570.5341553884812,-0.1745,49.901985119824936,-5.831740796852898,0.165,1.158525775769639,3.652213295975279
7.999999999999988,-1.9350982138470463,383.39287087721505,569.9508209618124,-0.1745,49.99275244786672,-5.834947736522236,0.165,1.158525775769639,3.652213295975279
8.099999999999987,-1.9325622532761944,388.39667441212754,569.3671648492102,-0.1745,50.08331825038278,-5.838174515521243,0.165,1.158525775769639,3.652213295975279
8.199999999999987,-1.9300532149472742,393.4095244305335,568.7831851031202,-0.1745,50.17368211773624,-5.841420406277673,0.165,1.158525775769639,3.652213295975279
8.299999999999986,-1.929113000665892,398.4314007182548,568.1988798433815,-0.1745,50.26384363668899,-5.844684788495712,0.165,1.158525775769639,3.652213295975279
8.399999999999986,-1.925740680361928,403.46555752456175,567.6136699754289,-0.1745,50.41929248945021,-5.859512570556954,0.8300000000000001,1.158525775769639,3.652213295975279
8.499999999999986,-1.9226349963303093,408.5119824937626,567.0276702344368,-0.1745,50.50920689456673,-5.860482249286851,0.165,1.158525775769639,3.652213295975279
8.599999999999985,-1.9197338720852988,413.56738475091436,566.4415426614754,-0.1745,50.598838248467565,-5.862069209939533,0.165,1.158525775769639,3.652213295975279
8.699999999999985,-1.916991006641906,418.63173697658874,565.8552332057893,-0.1745,50.68820626501974,-5.864119903781218,0.165,1.158525775769639,3.652213295975279
8.799999999999985,-1.914371869991901,423.705013569079,565.2687012267277,-0.1745,50.777325584784336,-5.866519677452585,0.165,1.158525775769639,3.652213295975279
8.899999999999984,-1.9118507102191629,428.7871902008802,564.6819160952111,-0.1745,50.866207051241034,-5.8691829528788295,0.165,1.158525775769639,3.652213295975279
8.999999999999984,-1.909408317943682,433.87824348687434,564.0948546538672,-0.1745,50.954858668641435,-5.872045874000302,0.165,1.158525775769639,3.652213295975279
9.099999999999984,-1.9070303574126346,438.9781507363217,563.5074993199784,-0.1745,51.04328632030572,-5.8750608037767575,0.165,1.158525775769639,3.652213295975279
9.199999999999983,-1.9047061213330732,444.0868897676794,562.9198366693759,-0.1745,51.13149430684837,-5.8781922082741245,0.165,1.158525775769639,3.652213295975279
9.299999999999983,-1.9024276024009228,449.20443877048035,562.3318563799613,-0.1745,51.219485749171035,-5.881413580017088,0.165,1.158525775769639,3.652213295975279
9.399999999999983,-1.9001888013856214,454.33077620243796,561.7435504439825,-0.1745,51.30726288998126,-5.884705139560561,0.165,1.158525775769639,3.652213295975279
9.499999999999982,-1.8987557559249149,459.4658807128984,561.1549125810313,-0.1745,51.39482731922821,-5.888052119462582,0.165,1.158525775769639,3.652213295975279
9.599999999999982,-1.8961400207060597,464.6113560282119,560.5656513348738,-0.1745,51.51467898704189,-5.8971728036893785,0.495,1.158525775769639,3.652213295975279
9.699999999999982,-1.8936724365960234,469.76718485046104,559.975820343582,-0.1745,51.60189745794097,-5.899447022148128,0.165,1.158525775769639,3.652213295975279
9.799999999999981,-1.8913198914379366,474.931722967446,559.3857452821313,-0.1745,51.68886488175741,-5.902054206865428,0.165,1.158525775769639,3.652213295975279
9.89999999999998,-1.889057844649587,480.1049458154829,558.7953970353207,-0.1745,51.77559207898117,-5.904910729348021,0.165,1.158525775769639,3.652213295975279
9.99999999999998,-1.8868681047348137,485.2868297697964,558.2047537699568,-0.1745,51.862087007289105,-5.907954577928544,0.165,1.158525775769639,3.652213295975279
10.09999999999998,-1.884737180487036,490.47735189512736,557.6137990520402,-0.1745,51.948355499329786,-5.911139780403794,0.165,1.158525775769639,3.652213295975279
10.19999999999998,-1.8826550584991812,495.67648976069216,557.0225204500766,-0.1745,52.03440181196603,-5.914432258868296,0.165,1.158525775769639,3.652213295975279
10.29999999999998,-1.8806142972803839,500.8842213030333,556.4309084995949,-0.1745,52.12022903485706,-5.917806750766131,0.165,1.158525775769639,3.652213295975279
10.399999999999979,-1.8786093563735369,506.1005247244855,555.838955935894,-0.1745,52.20583939418754,-5.921244523252016,0.165,1.158525775769639,3.652213295975279
10.499999999999979,-1.8766360998005347,511.32537841810966,555.2466571258582,-0.1745,52.29123447829505,-5.924731677463737,0.165,1.158525775769639,3.652213295975279
10.599999999999978,-1.8746914287510383,516.5587609122827,554.654007647425,-0.1745,52.37641540516467,-5.928257891199603,0.165,1.158525775769639,3.652213295975279
10.699999999999978,-1.8727730100336597,521.800650829875,554.0610039785045,-0.1745,52.46138294668389,-5.931815487212448,0.165,1.158525775769639,3.652213295975279
10.799999999999978,-1.8708790754399147,527.0510268582472,553.4676432669836,-0.1745,52.546137620757335,-5.935398743204401,0.165,1.158525775769639,3.652213295975279
10.899999999999977,-1.869781851294472,532.3098677272624,552.8739231607672,-0.1745,52.63067975954739,-5.939003381125319,0.165,1.158525775769639,3.652213295975279
10.999999999999977,-1.8675002186660459,537.5787771354646,552.2795552162488,-0.1745,52.74750840449841,-5.948355509241315,0.495,1.158525775769639,3.652213295975279
11.099999999999977,-1.865358284012519,542.8577375586342,551.6845952846201,-0.1745,52.83170005889346,-5.950843123334436,0.165,1.158525775769639,3.652213295975279
11.199999999999976,-1.863323657010413,548.1451044334151,551.0893704397946,-0.1745,52.915637436724694,-5.953653773174248,0.165,1.158525775769639,3.652213295975279
11.299999999999976,-1.8613725372394643,553.4408528895452,550.493852571899,-0.1745,52.99933168587775,-5.956703584739255,0.165,1.158525775769639,3.652213295975279
11.399999999999975,-1.8594874333886637,558.7449590220452,549.8980208479289,-0.1745,53.08279096412138,-5.959930894662275,0.165,1.158525775769639,3.652213295975279
11.499999999999975,-1.8576554855716243,564.0573996316839,549.3018597842254,-0.1745,53.1660212286521,-5.963290379408452,0.165,1.158525775769639,3.652213295975279
11.599999999999975,-1.8558672319652718,569.378152034052,548.7053578287796,-0.1745,53.249026818710576,-5.966748729507796,0.165,1.158525775769639,3.652213295975279
11.699999999999974,-1.854115702609763,574.7071939192474,548.1085063191022,-0.1745,53.331810885196795,-5.970281464040313,0.165,1.158525775769639,3.652213295975279
11.799999999999974,-1.8523957539660874,580.0445032488695,547.5112987165923,-0.1745,53.41437570724605,-5.973870586157757,0.165,1.158525775769639,3.652213295975279
11.899999999999974,-1.8507035805462078,585.3900581804994,546.9137300443548,-0.1745,53.49672292535173,-5.977502858590403,0.165,1.158525775769639,3.652213295975279
11.999999999999973,-1.2500506607561754,590.743837012413,546.3157964746291,-0.1745,53.57885371292037,-5.981168535923206,0.165,1.158525775769639,3.652213295975279
12.099999999999973,-1.4129401311158152,596.1031229764291,545.7988146347751,-0.06225,53.606865567400945,-4.35846826115672,0.8300000000000001,1.158525775769639,3.652213295975279
12.199999999999973,-1.5314351230364818,601.4647404937214,545.3409281592051,-0.1745,53.625484778444864,-4.79926125024439,0.165,1.158525775769639,3.652213295975279
12.299999999999972,-1.6174030524328333,606.8291046353742,544.844843501865,-0.1745,53.66179805461133,-5.122431896557904,0.165,1.158525775769639,3.652213295975279
12.399999999999972,-1.6795850373496715,612.197728122107,544.320752790216,-0.1745,53.71067168004687,-5.359382336421034,0.165,1.158525775769639,3.652213295975279
12.499999999999972,-1.724401465382417,617.5716865685204,543.776122859714,-0.1745,53.76849724821924,-5.533216273620792,0.165,1.158525775769639,3.652213295975279
12.599999999999971,-1.7582261940574875,622.951747096365,543.2164167749445,-0.1745,53.83271330867429,-5.660905421768774,0.165,1.158525775769639,3.652213295975279
12.69999999999997,-1.7803109584530556,628.3417316805293,542.6450493821224,-0.1745,53.96697837461002,-5.7664424346739676,0.8300000000000001,1.158525775769639,3.652213295975279
12.79999999999997,-1.7959200944882217,633.7420370514068,542.0650464497548,-0.1745,54.0391290429407,-5.8336162126759,0.165,1.158525775769639,3.652213295975279
12.89999999999997,-1.8068269578651792,639.1496679816369,541.4791924366835,-0.1745,54.11348956166013,-5.883464048749619,0.165,1.158525775769639,3.652213295975279
12.99999999999997,-1.8143230623636832,644.5648121828638,540.8889841563753,-0.1745,54.18939446287793,-5.9207015574150095,0.165,1.158525775769639,3.652213295975279
13.09999999999997,-1.8193481237248639,649.9875999813682,540.2955106698852,-0.1745,54.266361507212395,-5.948768172386133,0.165,1.158525775769639,3.652213295975279
13.199999999999969,-1.8225853131495062,655.4181200989174,539.6995637484433,-0.1745,54.34404084377001,-5.970170256451563,0.165,1.158525775769639,3.652213295975279
13.299999999999969,-1.8245309113360682,660.8564310659674,539.1017185987212,-0.1745,54.42217849722988,-5.986732737992405,0.165,1.158525775769639,3.652213295975279
13.399999999999968,-1.8255451730877816,666.3025694924473,538.5023927929079,-0.1745,54.50059003236859,-5.999783378271411,0.165,1.158525775769639,3.652213295975279
13.499999999999968,-1.8258894282206302,671.7565560691589,537.9018892474608,-0.1745,54.57914150186262,-6.010287530672153,0.165,1.158525775769639,3.652213295975279
13.599999999999968,-1.8257531163387193,677.2183999259812,537.3004275417416,-0.1745,54.65773563458234,-6.018946583711514,0.165,1.158525775769639,3.652213295975279
13.699999999999967,-1.8252734693904682,682.6881017981743,536.6981667223165,-0.1745,54.736301809280796,-6.026269804790191,0.165,1.158525775769639,3.652213295975279
13.799999999999967,-1.8245498301861347,688.1656563271431,536.0952218957541,-0.1745,54.8147887700956,-6.032626726456944,0.165,1.158525775769639,3.652213295975279
13.899999999999967,-1.823654061173443,693.6510537322315,535.4916762936865,-0.1745,54.89315933167321,-6.038285314895412,0.165,1.158525775769639,3.652213295975279
13.999999999999966,-1.8226381059057082,699.1442810253061,534.8875900399817,-0.1745,54.97138652981827,-6.043439759202466,0.165,1.158525775769639,3.652213295975279
14.099999999999966,-1.821539478531643,704.645322892953,534.2830065175168,-0.1745,55.04945082311903,-6.048230690095334,0.165,1.158525775769639,3.652213295975279
14.199999999999966,-1.2040349913344077,710.1541623370574,533.6779569889659,-0.1745,55.127338058968746,-6.052759880923961,0.165,1.158525775769639,3.652213295975279
14.299999999999965,-1.3766895698629822,715.6665710829667,533.1586119093151,-0.06225,55.12083685921652,-4.33414171209081,0.495,1.158525775769639,3.652213295975279
14.399999999999965,-1.5011169675556122,721.1790505385175,532.7012410003679,-0.1745,55.12875225179785,-4.813276466854485,0.165,1.158525775769639,3.652213295975279
14.499999999999964,-1.590567542516855,726.6933288628825,532.2025308360231,-0.1745,55.156814235502296,-5.16092682003999,0.165,1.158525775769639,3.652213295975279
14.599999999999964,-1.6547002308780905,732.2111204105023,531.6738242652112,-0.1745,55.19901671689499,-5.413204596197356,0.165,1.158525775769639,3.652213295975279
14.699999999999964,-1.70053622750715,737.7336307633511,531.1233444579912,-0.1745,55.25119034008125,-5.5963915482032265,0.165,1.158525775769639,3.652213295975279
14.799999999999963,-1.7331677646150307,743.2617107654875,530.5570454666624,-0.1745,55.31040970264596,-5.729588278370552,0.165,1.158525775769639,3.652213295975279
14.899999999999963,-1.756281304916971,748.7959615550855,529.979233288505,-0.1745,55.37460608931493,-5.82665528477684,0.165,1.158525775769639,3.652213295975279
14.999999999999963,-1.7725416327512376,754.3368072752514,529.393018716697,-0.1745,55.44230831400505,-5.897636151382207,0.165,1.158525775769639,3.652213295975279
15.099999999999962,-1.7838726152391458,759.8845459876846,528.8006469413971,-0.1745,55.51246593465857,-5.9497993546168475,0.165,1.158525775769639,3.652213295975279
15.199999999999962,-1.7916617446704153,765.4393856265305,528.203737016391,-0.1745,55.58432684225718,-5.988399145505624,0.165,1.158525775769639,3.652213295975279
15.299999999999962,-1.7969087639240766,771.0014695450466,527.6034555598266,-0.1745,55.65735152806462,-6.017229985783556,0.165,1.158525775769639,3.652213295975279
15.399999999999961,-1.8003334389776686,776.5708947477395,527.0006425743985,-0.1745,55.73115252579449,-6.039029722778266,0.165,1.158525775769639,3.652213295975279
15.499999999999961,-1.802453579200558,782.1477249424775,526.3959024755078,-0.1745,55.8054513689636,-6.055772255036812,0.165,1.158525775769639,3.652213295975279
15.59999999999996,-1.803641443175636,787.7319999039548,525.7896698795454,-0.1745,55.88004786058504,-6.068879664212508,0.165,1.158525775769639,3.652213295975279
15.69999999999996,-1.8041644723680808,793.3237422002087,525.1822571072624,-0.1745,55.954798064492664,-6.07937578144569,0.165,1.158525775769639,3.652213295975279
15.79999999999996,-1.8042146788877376,798.9229620289011,524.5738884562874,-0.1745,56.02959850935572,-6.087997238056268,0.165,1.158525775769639,3.652213295975279
15.89999999999996,-1.8039298297716087,804.5296606961598,523.9647249095618,-0.1745,56.10437483581745,-6.09527369645495,0.165,1.158525775769639,3.652213295975279
15.99999999999996,-1.8034087061936863,810.143833119451,523.3548819364037,-0.1745,56.179073630006535,-6.101585766708912,0.165,1.158525775769639,3.652213295975279
16.09999999999996,-1.173735945327564,815.765469628271,522.7444423088873,-0.1745,56.25365654639482,-6.107206783617568,0.165,1.158525775769639,3.652213295975279
16.19999999999996,-1.3537236192456672,821.3888200994215,522.2232386811799,-0.06225,56.21335287661464,-4.316865770532076,0.165,1.158525775769639,3.652213295975279
16.29999999999996,-1.4825416739478863,827.0101418615512,521.7661262096726,-0.1745,56.21308236597995,-4.825383659611766,0.165,1.158525775769639,3.652213295975279
16.399999999999963,-1.5745242892155882,832.632540735283,521.2652792596771,-0.1745,56.234895108655586,-5.191555340298462,0.165,1.158525775769639,3.652213295975279
16.499999999999964,-1.6400415283629477,838.25788948178,520.7329381790483,-0.1745,56.27207982128384,-5.455266272275669,0.165,1.158525775769639,3.652213295975279
16.599999999999966,-1.6865745592957007,843.8874944677352,520.1779090997007,-0.1745,56.320019897819584,-5.645315314677184,0.165,1.158525775769639,3.652213295975279
16.699999999999967,-1.719508246750838,849.5222706389462,519.6065198555681,-0.1745,56.37550352639941,-5.782469567975499,0.165,1.158525775769639,3.652213295975279
16.79999999999997,-1.7427115121496652,855.1628597037582,519.0233122488235,-0.1745,56.43627776983999,-5.881682566917992,0.165,1.158525775769639,3.652213295975279
16.89999999999997,-1.7589599972321497,860.8097112400663,518.431542780356,-0.1745,56.50075295632372,-5.953706802430641,0.165,1.158525775769639,3.652213295975279
16.99999999999997,-1.7702425754412,866.4631390254182,517.8335442221991,-0.1745,56.567802750713554,-6.006264360707861,0.165,1.158525775769639,3.652213295975279
17.099999999999973,-1.7779828983483068,872.1233605042108,517.2309862565995,-0.1745,56.63662682514035,-6.044894951283763,0.165,1.158525775769639,3.652213295975279
17.199999999999974,-1.7831991192719077,877.79052461624,516.6250630648187,-0.1745,56.70665541544162,-6.073568884331602,0.165,1.158525775769639,3.652213295975279
17.299999999999976,-1.786618814641333,883.464731507469,516.0166281569851,-0.1745,56.77748240913929,-6.09512927234081,0.165,1.158525775769639,3.652213295975279
17.399999999999977,-1.7887615379704045,889.1460465348719,515.406291168611,-0.1745,56.84881813891924,-6.111610495140818,0.165,1.158525775769639,3.652213295975279
17.49999999999998,-1.7899980456989488,894.834510238245,514.7944872825625,-0.1745,56.92045592854472,-6.124467225829816,0.165,1.158525775769639,3.652213295975279
17.59999999999998,-1.7905927410919698,900.5301454502054,514.1815269743491,-0.1745,56.99224831066259,-6.134738938437695,0.165,1.158525775769639,3.652213295975279
17.69999999999998,-1.7907340633873738,906.2329623699669,513.5676316298501,-0.1745,57.06409008456756,-6.143167951544162,0.165,1.158525775769639,3.652213295975279
17.799999999999983,-1.7905562283327747,911.9429621857037,512.9529590294807,-0.1745,57.13590623016819,-6.150284055845466,0.165,1.158525775769639,3.652213295975279
17.899999999999984,-1.7901547701506888,917.6601396611644,512.3376215698307,-0.1745,57.20764327904639,-6.156465137153946,0.165,1.158525775769639,3.652213295975279
17.999999999999986,-1.789597644810543,923.3844849826677,511.7216992843464,-0.1745,57.279263151019464,-6.161980572531906,0.165,1.158525775769639,3.652213295975279
18.099999999999987,-1.7889331572995664,929.1159850777702,511.1052491420114,-0.1745,57.35073875103246,-6.16702227416788,0.165,1.158525775769639,3.652213295975279
18.19999999999999,-1.7881956179856129,934.8546245565084,510.488311684151,-0.1745,57.42205082373068,-6.171726883041142,0.165,1.158525775769639,3.652213295975279
18.29999999999999,-1.787409376294589,940.6003863830388,509.8709157587001,-0.1745,57.493185706877085,-6.1761916259761,0.165,1.158525775769639,3.652213295975279
18.39999999999999,-1.7865916956075465,946.353252354743,509.25308189546416,-0.1745,57.56413372720706,-6.18048563874242,0.165,1.158525775769639,3.652213295975279
18.499999999999993,-1.7857548011462696,952.1132034438738,508.6348247111753,-0.1745,57.63488805540927,-6.184658047034564,0.165,1.158525775769639,3.652213295975279
18.599999999999994,-1.7849073379647897,957.8802200411019,508.01615462230046,-0.1745,57.705443889152235,-6.188743730462333,0.165,1.158525775769639,3.652213295975279
18.699999999999996,-1.7840554084131288,963.6542821290808,507.3970790641948,-0.1745,57.77579787042507,-6.192767431650127,0.165,1.158525775769639,3.652213295975279
18.799999999999997,-1.783203309976083,969.435369406111,506.777603358412,-0.1745,57.845947670179214,-6.196746684005636,0.165,1.158525775769639,3.652213295975279
18.9,-1.638838507467855,975.2234613742386,506.15773132937824,-0.1745,57.91589169237268,-6.2006938966698835,0.165,1.158525775769639,3.652213295975279
19.0,-1.6802180633172572,981.0229351186208,505.5580519932785,-0.1495,58.0735831952723,-5.792892825324522,0.8300000000000001,1.158525775769639,3.652213295975279
19.1,-1.7091753112253398,986.8328807809378,504.9724796671227,-0.1745,58.125330051067806,-5.91855369779193,0.165,1.158525775769639,3.652213295975279
19.200000000000003,-1.5853621400496956,992.6482528521753,504.3761292354821,-0.1745,58.18211137368343,-6.008454935019597,0.165,1.158525775769639,3.652213295975279
19.300000000000004,-1.6418503397678277,998.4740167259902,503.79278999665826,-0.1495,58.333166102612296,-5.658329841457313,0.8300000000000001,1.158525775769639,3.652213295975279
19.400000000000006,-1.6814204868060552,1004.3095552666128,503.2184656993995,-0.1745,58.37760470984037,-5.828156103718801,0.165,1.158525775769639,3.652213295975279
19.500000000000007,-1.7090511898700922,1010.1498895861821,502.6296039955785,-0.1745,58.429081681545625,-5.949077972700105,0.165,1.158525775769639,3.652213295975279
19.60000000000001,-1.7282648323555643,1015.9956148508405,502.0303778192695,-0.1745,58.48542361162194,-6.035445553479628,0.165,1.158525775769639,3.652213295975279
19.70000000000001,-1.7415503014388256,1021.8471418351994,501.4237345939945,-0.1745,58.54511607555495,-6.097418952020705,0.165,1.158525775769639,3.652213295975279
19.80000000000001,-1.750664352758141,1027.7047526382182,500.8117544552011,-0.1745,58.607099984820415,-6.142183823846954,0.165,1.158525775769639,3.652213295975279
19.900000000000013,-1.756845856837424,1033.5686392814282,500.19590439790375,-0.1745,58.67063287937832,-6.174817322099584,0.165,1.158525775769639,3.652213295975279
20.000000000000014,-1.614285766189446,1039.4389305980994,499.5772183417874,-0.1745,58.735193454046616,-6.198903800228,0.165,1.158525775769639,3.652213295975279
20.100000000000016,-1.6609723532635177,1045.316933375112,498.9780890967116,-0.1495,58.82486208620461,-5.783681101287465,0.165,1.158525775769639,3.652213295975279
20.200000000000017,-1.5473009573673573,1051.2017643510374,498.39260095724444,-0.1745,58.87175743230301,-5.9260816880557545,0.165,1.158525775769639,3.652213295975279
20.30000000000002,-1.613689570414665,1057.0946043216522,497.8163941798565,-0.1495,58.9850419799961,-5.598053859703495,0.495,1.158525775769639,3.652213295975279
20.40000000000002,-1.660055373375954,1062.9949976034238,497.2465703534704,-0.1745,59.02282365543709,-5.798422668018487,0.165,1.158525775769639,3.652213295975279
20.50000000000002,-1.6923507227761905,1068.8995967815829,496.65963602453814,-0.1745,59.06915990774523,-5.940263910626959,0.165,1.158525775769639,3.652213295975279
20.600000000000023,-1.7147692755355626,1074.8091240958674,496.06057611283774,-0.1745,59.12138637794724,-6.040934323381128,0.165,1.158525775769639,3.652213295975279
20.700000000000024,-1.7302615049157115,1080.7240763880186,495.45289595719424,-0.1745,59.17765946507478,-6.1126687894885166,0.165,1.158525775769639,3.652213295975279
20.800000000000026,-1.7409008789388245,1086.6447942570237,494.83905841758616,-0.1745,59.236697915027655,-6.164082002672942,0.165,1.158525775769639,3.652213295975279
20.900000000000027,-1.6000696318598475,1092.571509585974,494.2207926349784,-0.1745,59.297608663974145,-6.201233649481787,0.165,1.158525775769639,3.652213295975279
21.00000000000003,-1.649754571949549,1098.505677557087,493.6213820408834,-0.1495,59.38575075828732,-5.786978232417656,0.165,1.158525775769639,3.652213295975279
21.10000000000003,-1.6843023997716267,1104.4464327974142,493.0350684699314,-0.1745,59.429354048258716,-5.939293186622729,0.165,1.158525775769639,3.652213295975279
21.20000000000003,-1.7082508298060042,1110.3918695241305,492.4357516636308,-0.1745,59.47938048606576,-6.047042939389116,0.165,1.158525775769639,3.652213295975279
21.300000000000033,-1.7247845326654643,1116.3425291248388,491.82722198981054,-0.1745,59.533811528100244,-6.123550537016541,0.165,1.158525775769639,3.652213295975279
21.400000000000034,-1.736135974934224,1122.2987821565275,491.2121358097613,-0.1745,59.59124910567114,-6.178173063967936,0.165,1.158525775769639,3.652213295975279
21.500000000000036,-1.7438686114673034,1128.2608807016356,490.5923533747852,-0.1745,59.65072179649295,-6.2174756355543135,0.165,1.158525775769639,3.652213295975279
21.600000000000037,-1.7490764691766114,1134.2289944518589,489.96917657051443,-0.1745,59.711553207972514,-6.246060449861171,0.165,1.158525775769639,3.652213295975279
21.70000000000004,-1.752524540332079,1140.203235700186,489.3435159874571,-0.1745,59.77327175857245,-6.267151211285275,0.165,1.158525775769639,3.652213295975279
21.80000000000004,-1.7547473931305313,1146.1836767091343,488.71600820283,-0.1745,59.835548420391916,-6.283004481257533,0.165,1.158525775769639,3.652213295975279
21.90000000000004,-1.756118352439019,1152.1703618079512,488.08709803669456,-0.1745,59.89815355594747,-6.295198841450467,0.165,1.158525775769639,3.652213295975279
22.000000000000043,-1.7568979865947743,1158.163315830629,487.4570961972604,-0.1745,59.96092689760988,-6.304837947232152,0.165,1.158525775769639,3.652213295975279
22.100000000000044,-1.7572680623863142,1164.162550006701,486.82621965064874,-0.1745,60.02375662382902,-6.312692985001312,0.165,1.158525775769639,3.652213295975279
22.200000000000045,-1.75735530640527,1170.1680660756952,486.1946198744717,-0.1745,60.08656475605623,-6.319302538539546,0.165,1.158525775769639,3.652213295975279
22.300000000000047,-1.757248022287172,1176.1798591614404,485.5624026200749,-0.1745,60.14929695884971,-6.325042549396502,0.165,1.158525775769639,3.652213295975279
22.40000000000005,-1.7570077049208583,1182.1979197800097,484.9296417278001,-0.1745,60.21191541253606,-6.330175296099401,0.165,1.158525775769639,3.652213295975279
22.50000000000005,-1.7566771534112857,1188.2222352422434,484.29638877977237,-0.1745,60.27439383214068,-6.334883664455718,0.165,1.158525775769639,3.652213295975279
22.60000000000005,-1.7562861352956027,1194.2527906331716,483.6626798409011,-0.1745,60.336713986423156,-6.339295112969597,0.165,1.158525775769639,3.652213295975279
22.700000000000053,-1.755855339105499,1200.289569495776,483.0285401640946,-0.1745,60.3988632656648,-6.343498423160693,0.165,1.158525775769639,3.652213295975279
22.800000000000054,-1.7553991311466528,1206.3325543081937,482.39398747288607,-0.1745,60.460832982686675,-6.347555401010025,0.165,1.158525775769639,3.652213295975279
22.900000000000055,-1.7549274773238195,1212.3817268166501,481.7590342504711,-0.1745,60.52261718644099,-6.351509047289559,0.165,1.158525775769639,3.652213295975279
23.000000000000057,-1.7544472822539574,1218.4370682676642,481.12368933512863,-0.1745,60.58421183384124,-6.355389259559877,0.165,1.158525775769639,3.652213295975279
23.10000000000006,-1.0748148671919409,1224.4985595699509,480.4879590316696,-0.1745,60.6456142118899,-6.359216809620085,0.165,1.158525775769639,3.652213295975279
23.20000000000006,-1.283505280728098,1230.5625424388174,479.9559686697065,-0.06225,60.63404316544257,-4.280590429641551,0.495,1.158525775769639,3.652213295975279
23.30000000000006,-1.428553717449263,1236.6241572397134,479.4962762302696,-0.1745,60.59825285247624,-4.91325835909705,0.165,1.158525775769639,3.652213295975279
23.400000000000063,-1.5291877602373039,1242.683740967495,478.9828835699765,-0.1745,60.59342170315583,-5.354594846765445,0.165,1.158525775769639,3.652213295975279
23.500000000000064,-1.598884798842615,1248.743882897796,478.432026894484,-0.1745,60.60941690286741,-5.662538663084192,0.165,1.158525775769639,3.652213295975279
23.600000000000065,-1.647065772385314,1254.8063299057198,477.8550214806888,-0.1745,60.639523255607166,-5.877569612820882,0.165,1.158525775769639,3.652213295975279
23.700000000000067,-1.6803016410565264,1260.872267472566,477.2597455775413,-0.1745,60.67922808131438,-6.027948450128793,0.165,1.158525775769639,3.652213295975279
23.800000000000068,-1.7031676088084646,1266.9425023179713,476.65167903905575,-0.1745,60.72546882679514,-6.133382319581846,0.165,1.158525775769639,3.652213295975279
23.90000000000007,-1.7188449051781816,1273.017583398212,476.03463005733175,-0.1745,60.77615277802319,-6.207597314898174,0.165,1.158525775769639,3.652213295975279
24.00000000000007,-1.7295430533155565,1279.0978831973375,475.41124302239643,-0.1745,60.82984320448553,-6.260143383807891,0.165,1.158525775769639,3.652213295975279
24.100000000000072,-1.7367952760985306,1285.1836528888941,474.78335292070096,-0.1745,60.885550626648204,-6.297658650101099,0.165,1.158525775769639,3.652213295975279
24.200000000000074,-1.741664676109069,1291.275060030075,474.15223231491296,-0.1745,60.942592196971454,-6.324753465658424,0.165,1.158525775769639,3.652213295975279
24.300000000000075,-1.0618424836882958,1297.372214444349,473.5187632645569,-0.1745,61.00049608850625,-6.344627541462829,0.165,1.158525775769639,3.652213295975279
24.400000000000077,-1.275428938234433,1303.4700360562476,472.98896802112756,-0.06225,60.955936149465295,-4.251277327124692,0.165,1.158525775769639,3.652213295975279
24.500000000000078,-1.4235656257089138,1309.5636325017708,472.5313069311641,-0.1745,60.91599276099802,-4.901944472144251,0.165,1.158525775769639,3.652213295975279
24.60000000000008,-1.5261275321164547,1315.6548419025307,472.0184712288648,-0.1745,60.90819525420023,-5.354769573842223,0.165,1.158525775769639,3.652213295975279
24.70000000000008,-1.5970148269000095,1321.7463496969958,471.46723354521356,-0.1745,60.92196063509967,-5.669984099183601,0.165,1.158525775769639,3.652213295975279
24.800000000000082,-1.6459222297405391,1327.8399626674411,470.8892559432611,-0.1745,60.95029877380477,-5.889567939865765,0.165,1.158525775769639,3.652213295975279
24.900000000000084,-1.6795964439282285,1333.9369039135674,470.29263952643055,-0.1745,60.98852614872083,-6.042760396745559,0.165,1.158525775769639,3.652213295975279
25.000000000000085,-1.702724436311399,1340.0380038656251,469.68300631835274,-0.1745,61.03347289243305,-6.149903764810291,0.165,1.158525775769639,3.652213295975279
25.100000000000087,-1.718557783365008,1346.143826434698,469.0642544355111,-0.1745,61.0829784890222,-6.225133892022718,0.165,1.158525775769639,3.652213295975279
25.200000000000088,-1.7293497667510438,1352.2547535236217,468.43908457897464,-0.1745,61.13556328945306,-6.278263238706069,0.165,1.158525775769639,3.652213295975279
25.30000000000009,-1.7366604477092897,1358.3710422221723,467.8093665776246,-0.1745,61.1902106815592,-6.3160967882953525,0.165,1.158525775769639,3.652213295975279
25.40000000000009,-1.7415691037240393,1364.4928637929083,467.17639423853456,-0.1745,61.24622073316315,-6.343349993505806,0.165,1.158525775769639,3.652213295975279
25.500000000000092,-1.744821895539248,1370.6203303760487,466.5410623358458,-0.1745,61.30311092964602,-6.363288060268455,0.165,1.158525775769639,3.652213295975279
25.600000000000094,-1.7469343707482898,1376.7535133428842,465.90398940594133,-0.1745,61.360548407062566,-6.378170537821132,0.165,1.158525775769639,3.652213295975279
25.700000000000095,-1.7482625390551254,1382.8924559370998,465.26560287170395,-0.1745,61.41830347724924,-6.389560146926406,0.165,1.158525775769639,3.652213295975279
25.800000000000097,-1.5954665996827737,1389.0371819938498,464.626198009677,-0.1745,61.4762176577497,-6.398537093612763,0.165,1.158525775769639,3.652213295975279
25.900000000000098,-1.6440138557984856,1395.1892003895248,464.0096961563905,-0.1495,61.564150255751294,-5.93149997211759,0.165,1.158525775769639,3.652213295975279
26.0000000000001,-1.6773090207180492,1401.3474200930643,463.40887941049044,-0.1745,61.60024381503896,-6.084834945883,0.165,1.158525775769639,3.652213295975279
26.1000000000001,-1.7000922888446925,1407.5095905378892,462.7950580645787,-0.1745,61.64316508145813,-6.1915919723514605,0.165,1.158525775769639,3.652213295975279
26.200000000000102,-1.7156371304140006,1413.6762837561382,462.172167668644,-0.1745,61.69069928352261,-6.2662159463419895,0.165,1.158525775769639,3.652213295975279
26.300000000000104,-1.7262016850596351,1419.8478855375074,461.5429224942603,-0.1745,61.741336343862834,-6.318687541332489,0.165,1.158525775769639,3.652213295975279
26.400000000000105,-1.7333423049262706,1426.0246545219345,460.90919328687534,-0.1745,61.79404334468015,-6.355896606366782,0.165,1.158525775769639,3.652213295975279
26.500000000000107,-1.7388876918037355,1432.2067623035084,460.27226867722896,-0.1745,61.848112286800124,-6.382595586560774,0.165,1.158525775769639,3.652213295975279
26.600000000000108,-1.7416921369345468,1438.3959457235194,459.63274941497133,-0.1745,61.93555611342041,-6.407789658592433,0.495,1.158525775769639,3.652213295975279
26.70000000000011,-1.7435063090882152,1444.5922785975145,458.99130341928924,-0.1745,61.99110136648307,-6.4211302550491105,0.165,1.158525775769639,3.652213295975279
26.80000000000011,-1.7446426515296758,1450.7941790322316,458.3486767280249,-0.1745,62.04690732786149,-6.431403570237557,0.165,1.158525775769639,3.652213295975279
26.900000000000112,-1.7453157934450663,1457.0016660461802,457.705128164877,-0.1745,62.10283295111145,-6.439567692720095,0.165,1.158525775769639,3.652213295975279
27.000000000000114,-1.590369531904416,1463.214746764647,457.06083570963943,-0.1745,62.158781418225914,-6.446281412031698,0.165,1.158525775769639,3.652213295975279
27.100000000000115,-1.639693321227433,1469.4349915457576,456.44016448307866,-0.1495,62.24611420398488,-5.967143119184184,0.165,1.158525775769639,3.652213295975279
27.200000000000117,-1.6733759202668297,1475.6612601749864,455.8355950610287,-0.1745,62.27925838059068,-6.124245321815188,0.165,1.158525775769639,3.652213295975279
27.300000000000118,-1.6963320206381676,1481.8911994584246,455.2177305462151,-0.1745,62.319527288170576,-6.2330449744573695,0.165,1.158525775769639,3.652213295975279
27.40000000000012,-1.7119384841547385,1488.125405228265,454.5906438059703,-0.1745,62.364588108635445,-6.308689830439032,0.165,1.158525775769639,3.652213295975279
27.50000000000012,-1.7225130585428103,1494.3642775627727,453.9571296775733,-0.1745,62.4128585815204,-6.361592737500351,0.165,1.158525775769639,3.652213295975279
27.600000000000122,-1.7296451703009348,1500.6080835902128,453.31910477510013,-0.1745,62.46326196728047,-6.398905311962485,0.165,1.158525775769639,3.652213295975279
27.700000000000124,-1.734423991800691,1506.8569998874364,452.6778827315593,-0.1745,62.515063977191076,-6.425535558854011,0.165,1.158525775769639,3.652213295975279
27.800000000000125,-1.7375954164178458,1513.111141246838,452.03436347955227,-0.1745,62.567763210842536,-6.44484948128681,0.165,1.158525775769639,3.652213295975279
27.900000000000126,-1.7396699605060928,1519.3705802600832,451.3891632969066,-0.1745,62.621017054061234,-6.459154171626979,0.165,1.158525775769639,3.652213295975279
28.000000000000128,-1.7409968564902578,1525.6353606794466,450.74270408449337,-0.1745,62.67459133320633,-6.470030076636941,0.165,1.158525775769639,3.652213295975279
28.10000000000013,-1.7418148874848711,1531.905506546432,450.0952746147956,-0.1745,62.728326006500275,-6.4785593173186085,0.165,1.158525775769639,3.652213295975279
28.20000000000013,-1.7430340460394247,1538.1810284336689,449.4470725258938,-0.1745,62.782111738237894,-6.485482460716561,0.165,1.158525775769639,3.652213295975279
28.300000000000132,-1.7429073948493339,1544.4635526570223,448.797946632219,-0.1745,62.86837272882952,-6.497035412779965,0.495,1.158525775769639,3.652213295975279
28.400000000000134,-1.7427398951179274,1550.7530771771674,448.1480472300316,-0.1745,62.92211767407123,-6.500952630968367,0.165,1.158525775769639,3.652213295975279
28.500000000000135,-1.742546162147908,1557.047968036829,447.49776364859565,-0.1745,62.97569951915819,-6.504718997750268,0.165,1.158525775769639,3.652213295975279
28.600000000000136,-1.7423361526883452,1563.3482086079441,446.84710869297516,-0.1745,63.029111903147566,-6.508380114659525,0.165,1.158525775769639,3.652213295975279
28.700000000000138,-1.7421166431601764,1569.6537817335693,446.1960913319941,-0.1745,63.08235060935476,-6.511967104960742,0.165,1.158525775769639,3.652213295975279
28.80000000000014,-1.741892239745198,1575.9646699083912,445.54471791680373,-0.1745,63.135412887085366,-6.515501198846855,0.165,1.158525775769639,3.652213295975279
28.90000000000014,-1.741666068305015,1582.280855402127,444.8929930133926,-0.1745,63.18829698763087,-6.518996869375641,0.165,1.158525775769639,3.652213295975279
29.000000000000142,-1.7414402454204088,1588.6023203438565,444.24091997110776,-0.1745,63.24100184696193,-6.522463976321288,0.165,1.158525775769639,3.652213295975279
29.100000000000144,-1.7412161998594664,1594.9290467796457,443.5885013107323,-0.1745,63.293526868822724,-6.5259092311877405,0.165,1.158525775769639,3.652213295975279
29.200000000000145,-1.5838440973525274,1601.2610167119126,442.9357389892769,-0.1745,63.345871776514656,-6.529337197919912,0.165,1.158525775769639,3.652213295975279
29.300000000000146,-1.6341082667971654,1607.603201272761,442.3073095172187,-0.1495,63.49781944045298,-6.039252243244421,0.8300000000000001,1.158525775769639,3.652213295975279
29.400000000000148,-1.66815629355579,1613.954374988988,441.6952532226122,-0.1745,63.5256548840911,-6.201873648885616,0.165,1.158525775769639,3.652213295975279
29.50000000000015,-1.6911858360145071,1620.308713051252,441.0694897408666,-0.1745,63.56110636118784,-6.313395986027768,0.165,1.158525775769639,3.652213295975279
29.60000000000015,-1.7067348459945186,1626.6668502307043,440.43431138892225,-0.1745,63.6016372278594,-6.3901710528580695,0.165,1.158525775769639,3.652213295975279
29.700000000000152,-1.7172090462170189,1633.0292092600218,439.7926361766176,-0.1745,63.64554335849026,-6.443333193235953,0.165,1.158525775769639,3.652213295975279
29.800000000000153,-1.7242429006784168,1639.3960702265279,439.14644663529305,-0.1745,63.69167597163033,-6.480457633254557,0.165,1.158525775769639,3.652213295975279
29.900000000000155,-1.7289461006323024,1645.7676169724552,438.4970890333117,-0.1745,63.73925894691625,-6.50669440637277,0.165,1.158525775769639,3.652213295975279
30.000000000000156,-1.7320715994506195,1652.1439682815642,437.84547718497936,-0.1745,63.78776723526335,-6.525542560273921,0.165,1.158525775769639,3.652213295975279
30.100000000000158,-1.7356255577196218,1658.5251989124974,437.1922311521682,-0.1745,63.83684538340212,-6.539378095950075,0.165,1.158525775769639,3.652213295975279
30.20000000000016,-1.7362387856476533,1664.9146283208952,436.5371942949617,-0.1745,63.95174278455227,-6.561359048179158,0.8300000000000001,1.158525775769639,3.652213295975279
30.30000000000016,-1.7366017936388252,1671.3122868761507,435.88076820634916,-0.1745,64.0014283205585,-6.567162724071241,0.165,1.158525775769639,3.652213295975279
30.400000000000162,-1.7367970222576878,1677.7149112218538,435.22380254992925,-0.1745,64.05105859350493,-6.572150404327233,0.165,1.158525775769639,3.652213295975279
30.500000000000163,-1.736880241949039,1684.122493903167,434.5663658593318,-0.1745,64.10059503276021,-6.57658340762176,0.165,1.158525775769639,3.652213295975279
30.600000000000165,-1.7368891630571004,1690.5350242374825,433.90850475482307,-0.1745,64.15001165354836,-6.580638682552824,0.165,1.158525775769639,3.652213295975279
30.700000000000166,-1.7368492711435044,1696.952489370181,433.25025102074216,-0.1745,64.19929100041955,-6.584435999064921,0.165,1.158525775769639,3.652213295975279
30.800000000000168,-1.7367777801528728,1703.3748749900326,432.59162640119195,-0.1745,64.24842139661341,-6.5880563919389505,0.165,1.158525775769639,3.652213295975279
30.90000000000017,-1.7366863094246798,1709.8021658138289,431.93264584831815,-0.1745,64.29739507931416,-6.591554665536754,0.165,1.158525775769639,3.652213295975279
31.00000000000017,-1.7365826957998973,1716.2343459145854,431.27331972160954,-0.1745,64.34620693581897,-6.594967868634969,0.165,1.158525775769639,3.652213295975279
31.100000000000172,-1.7364722197828375,1722.6713989437383,430.61365527638833,-0.1745,64.39485364723659,-6.5983210357897875,0.165,1.158525775769639,3.652213295975279
31.200000000000173,-1.7363584349032692,1729.113308281525,429.95365767083086,-0.1745,64.44333310849599,-6.601631075359768,0.165,1.158525775769639,3.652213295975279
31.300000000000175,-1.7362437284728633,1735.5600571387317,429.29333064699125,-0.1745,64.49164403564076,-6.604909401432512,0.165,1.158525775769639,3.652213295975279
31.400000000000176,-1.7361297005850227,1742.011628625515,428.632676991181,-0.1745,64.53978570002587,-6.608163714772984,0.165,1.158525775769639,3.652213295975279
31.500000000000178,-1.7360174201733856,1748.46800579794,427.97169884506843,-0.1745,64.58775774847255,-6.611399207477579,0.165,1.158525775769639,3.652213295975279
31.60000000000018,-1.7359075979438112,1754.9291716894447,427.3103979158193,-0.1745,64.6355600816262,-6.61461937750523,0.165,1.158525775769639,3.652213295975279
31.70000000000018,-1.7358007031219378,1761.3951093321116,426.64877561798323,-0.1745,64.68319277171003,-6.6178265792161675,0.165,1.158525775769639,3.652213295975279
31.800000000000182,-1.735697042240559,1767.8658017710438,425.98683316925553,-0.1745,64.73065600693444,-6.621022395338139,0.165,1.158525775769639,3.652213295975279
31.900000000000183,-1.7355968122894472,1774.3412320740872,425.3245716550793,-0.1745,64.7779500539352,-6.6242078881867705,0.165,1.158525775769639,3.652213295975279
32.000000000000185,-1.7355001365565568,1780.821383338404,424.6619920722064,-0.1745,64.8250752324012,-6.627383769271907,0.165,1.158525775769639,3.652213295975279
32.100000000000186,-1.73540708878809,1787.3062386949211,423.9990953580548,-0.1745,64.87203189794054,-6.630550513760628,0.165,1.158525775769639,3.652213295975279
32.20000000000019,-1.7353177094681835,1793.7957813113437,423.33588241048193,-0.1745,64.91882043051245,-6.633708437696185,0.165,1.158525775769639,3.652213295975279
32.30000000000019,-1.7352320167842972,1800.2899943942002,422.67235410109356,-0.1745,64.96544122661825,-6.63685775007154,0.165,1.158525775769639,3.652213295975279
32.40000000000019,-1.7351500140101084,1806.7888611902326,422.0085112841934,-0.1745,65.01189469402988,-6.639998587932343,0.165,1.158525775769639,3.652213295975279
32.50000000000019,-1.735071694474256,1813.2923649873458,421.34435480279524,-0.1745,65.05818124823107,-6.643131040030764,0.165,1.158525775769639,3.652213295975279
32.60000000000019,-1.7357297998448427,1819.800489115258,420.6798854926558,-0.1745,65.10430131001382,-6.64625516275808,0.165,1.158525775769639,3.652213295975279
32.700000000000195,-1.7353053944121055,1826.3148418881767,420.0148177189825,-0.1745,65.18275414836005,-6.655100310707228,0.495,1.158525775769639,3.652213295975279
32.800000000000196,-1.7350022725764715,1832.8354094315555,419.349210274309,-0.1745,65.22859671921545,-6.657048582762767,0.165,1.158525775769639,3.652213295975279
32.9000000000002,-1.7347815612399309,1839.360550126872,418.6833893765848,-0.1745,65.27421718711814,-6.659369371720888,0.165,1.158525775769639,3.652213295975279
33.0000000000002,-1.734617195360423,1845.890242727706,418.01732405094225,-0.1745,65.3196348295608,-6.661937141129764,0.165,1.158525775769639,3.652213295975279
33.1000000000002,-1.7344917011879861,1852.424467605421,417.35099380984315,-0.1745,65.36486272473556,-6.664667680851912,0.165,1.158525775769639,3.652213295975279
33.2000000000002,-1.7343933658238893,1858.9632062310488,416.68438519972904,-0.1745,65.40990978782348,-6.667504521430078,0.165,1.158525775769639,3.652213295975279
33.3000000000002,-1.7343143379756887,1865.5064408274186,416.01748948324894,-0.1745,65.45478213957172,-6.670409808172029,0.165,1.158525775769639,3.652213295975279
33.400000000000205,-1.7342493539890504,1872.0541541356822,415.35030108418556,-0.1745,65.49948402570034,-6.6733581730955835,0.165,1.158525775769639,3.652213295975279
33.500000000000206,-0.999188816493924,1878.6063292586823,414.6828165444622,-0.1745,65.5440184343019,-6.676332621371695,0.165,1.158525775769639,3.652213295975279
33.60000000000021,-1.2427196310491526,1885.161534784,414.13648122740665,-0.06225,65.5600920720503,-4.25037371973933,0.8300000000000001,1.158525775769639,3.652213295975279
33.70000000000021,-1.4062189079943157,1891.7134407298881,413.6716871713106,-0.1745,65.4780268457129,-5.045507402181504,0.165,1.158525775769639,3.652213295975279
33.80000000000021,-1.5158432053607651,1898.2593287232764,413.1404103538808,-0.1745,65.43973302205342,-5.58002894641515,0.165,1.158525775769639,3.652213295975279
33.90000000000021,-1.4275069085680914,1904.8028020599884,412.56443583783306,-0.1745,65.42973371218673,-5.939461374539715,0.165,1.158525775769639,3.652213295975279
34.00000000000021,-1.5301115229516942,1911.3518811077947,411.98458251566905,-0.1495,65.55184724393825,-5.657605068740639,0.8300000000000001,1.158525775769639,3.652213295975279
34.100000000000215,-1.5987649285155583,1917.9067200036566,411.4019633337054,-0.1745,65.5449306732996,-5.99477857053255,0.165,1.158525775769639,3.652213295975279
34.200000000000216,-1.6446622063630378,1924.4617320514758,410.79114959967114,-0.1745,65.5553102830828,-6.2214961101520165,0.165,1.158525775769639,3.652213295975279
34.30000000000022,-1.6753236059968573,1931.0183497774374,410.16136601830755,-0.1745,65.57704423614723,-6.374175517119916,0.165,1.158525775769639,3.652213295975279
34.40000000000022,-1.6957931206651944,1937.577514354503,409.51879402273016,-0.1745,65.60624730516446,-6.477264394427953,0.165,1.158525775769639,3.652213295975279
34.50000000000022,-1.709449901279676,1944.1398447178221,408.86757283975976,-0.1745,65.64035996121945,-6.5471592649796895,0.165,1.158525775769639,3.652213295975279
34.60000000000022,-1.718555694200321,1950.7057470985617,408.2104725004005,-0.1745,65.67768765357137,-6.594847522205862,0.165,1.158525775769639,3.652213295975279
34.70000000000022,-1.7246232343909704,1957.2754867255421,407.54934580253183,-0.1745,65.71710488603708,-6.627686435167339,0.165,1.158525775769639,3.652213295975279
34.800000000000225,-1.7286636805976319,1963.8492351004622,406.8854315106231,-0.1745,65.7578626123647,-6.650599403007441,0.165,1.158525775769639,3.652213295975279
34.900000000000226,-1.7313525723787593,1970.4271013176235,406.21955757462234,-0.1745,65.7994617308617,-6.666879317008289,0.165,1.158525775769639,3.652213295975279
35.00000000000023,-1.7331410195094101,1977.009152878223,405.5522772343658,-0.1745,65.8415694811275,-6.678727488122046,0.165,1.158525775769639,3.652213295975279
35.10000000000023,-1.734330135405426,1983.5954295506551,404.8839601168265,-0.1745,65.88396396751394,-6.687614862664397,0.165,1.158525775769639,3.652213295975279
35.20000000000023,-1.7351208314779774,1990.1859526114802,404.21485317610114,-0.1745,65.92649724898878,-6.694523951842713,0.165,1.158525775769639,3.652213295975279
35.30000000000023,-1.7356471097344248,1996.7807310109642,403.5451214400301,-0.1745,65.969070740695,-6.700110769578781,0.165,1.158525775769639,3.652213295975279
35.40000000000023,-1.7359983114107889,2003.3797654881985,402.87487524301906,-0.1745,66.01161880399088,-6.704813170641689,0.165,1.158525775769639,3.652213295975279
35.500000000000234,-1.7362339786838832,2009.983051318047,402.20418841966216,-0.1745,66.05409779298066,-6.708923296496077,0.165,1.158525775769639,3.652213295975279
35.600000000000236,-1.7363937780401946,2016.5905801447595,401.53311045486294,-0.1745,66.09647874126958,-6.712635999488697,0.165,1.158525775769639,3.652213295975279
35.70000000000024,-1.7365041237259766,2023.202341205766,400.86167459500166,-0.1745,66.13874247886132,-6.716081197736675,0.165,1.158525775769639,3.652213295975279
35.80000000000024,-1.7365825970231947,2029.8183221483046,400.1899032608591,-0.1745,66.18087637190742,-6.719345485113805,0.165,1.158525775769639,3.652213295975279
35.90000000000024,-0.9938992477565014,2036.4385095742157,399.5178116586315,-0.1745,66.22287214631586,-6.722486559438885,0.165,1.158525775769639,3.652213295975279
36.00000000000024,-1.2425119913860976,2043.06155631104,398.96938222873223,-0.06225,66.23806259017105,-4.246102038546567,0.8300000000000001,1.158525775769639,3.652213295975279
36.10000000000024,-1.4086044457409608,2049.6809110324707,398.50378393821126,-0.1745,66.14903183843961,-5.065863771872798,0.165,1.158525775769639,3.652213295975279
36.200000000000244,-1.5194281266206362,2056.293653480308,397.9697871725075,-0.1745,66.10581711830909,-5.614071542202137,0.165,1.158525775769639,3.652213295975279
36.300000000000246,-1.5933012474306216,2062.903546937161,397.39004418414567,-0.1745,66.09205201875682,-5.9807882250343605,0.165,1.158525775769639,3.652213295975279
36.40000000000025,-1.6425058179471475,2069.5130201563907,396.7796917273742,-0.1745,66.09741236583586,-6.2262609103951725,0.165,1.158525775769639,3.652213295975279
36.50000000000025,-1.675259848125135,2076.1236541978565,396.14883885456663,-0.1745,66.115268463482,-6.390796545756511,0.165,1.158525775769639,3.652213295975279
36.60000000000025,-1.6970534134637991,2082.7364831782475,395.50423193340475,-0.1745,66.14131114434204,-6.501341877481307,0.165,1.158525775769639,3.652213295975279
36.70000000000025,-1.7115497586155395,2089.3521845679616,394.8503700653402,-0.1745,66.17271664994351,-6.575895483809512,0.165,1.158525775769639,3.652213295975279
36.80000000000025,-1.5563322408283446,2095.9712016305543,394.19025184433025,-0.1745,66.20762460191384,-6.626468936389605,0.165,1.158525775769639,3.652213295975279
36.900000000000254,-1.6181075960624078,2102.5975491215654,393.5530842470905,-0.1495,66.31932521830436,-6.116883008404791,0.495,1.158525775769639,3.652213295975279
37.000000000000256,-1.6591775838020562,2109.2300091127954,392.93107687768094,-0.1745,66.32987460629943,-6.323264379786658,0.165,1.158525775769639,3.652213295975279
37.10000000000026,-1.686469563979799,2115.8640467631994,392.2918402146498,-0.1745,66.35087840178271,-6.4614688808356044,0.165,1.158525775769639,3.652213295975279
37.20000000000026,-1.704600627628238,2122.5005268056916,391.6410523687888,-0.1745,66.37872244805675,-6.554288036385226,0.165,1.158525775769639,3.652213295975279
37.30000000000026,-1.7166447911417921,2129.140014740721,390.9824923594875,-0.1745,66.41103625253572,-6.616912149641112,0.165,1.158525775769639,3.652213295975279
37.40000000000026,-1.7246470084245547,2135.782879455718,390.3186738841959,-0.1745,66.44625804740627,-6.659457356190333,0.165,1.158525775769639,3.652213295975279
37.50000000000026,-1.7299667573809114,2142.42936015416,389.6512682146385,-0.1745,66.48335592142911,-6.688656034958016,0.165,1.158525775769639,3.652213295975279
37.600000000000264,-1.7335073155153786,2149.0796102925297,388.9813861096743,-0.1745,66.52164684596787,-6.7089860643252,0.165,1.158525775769639,3.652213295975279
37.700000000000266,-1.7358685620321501,2155.7337265478454,388.3097655907352,-0.1745,66.56067826034864,-6.723424314457018,0.165,1.158525775769639,3.652213295975279
37.80000000000027,-1.7374487159661425,2162.3917679690517,387.6368969289524,-0.1745,66.60015016377409,-6.733948921198719,0.165,1.158525775769639,3.652213295975279
37.90000000000027,-1.7385120243179593,2169.053768660856,386.9631057912249,-0.1745,66.63986367230694,-6.741873833351505,0.165,1.158525775769639,3.652213295975279
38.00000000000027,-1.7392337688130315,2175.7197461930764,386.2886085246603,-0.1745,66.67968697210736,-6.748071497940953,0.165,1.158525775769639,3.652213295975279
38.10000000000027,-1.7397301762301072,2182.389707179363,385.6135488994895,-0.1745,66.71953275362561,-6.753121005474975,0.165,1.158525775769639,3.652213295975279
38.20000000000027,-1.740078287172592,2189.0636509791684,384.9380225192435,-0.1745,66.75934324248074,-6.757406599445742,0.165,1.158525775769639,3.652213295975279
38.300000000000274,-1.7403291491468387,2195.741572154546,384.2620930316362,-0.1745,66.79908026506558,-6.761183152699705,0.165,1.158525775769639,3.652213295975279
38.400000000000276,-1.7405165736417465,2202.4234621005085,383.5858028904642,-0.1745,66.83871865418911,-6.764619670740451,0.165,1.158525775769639,3.652213295975279
38.50000000000028,-1.740662946703515,2209.109310126803,382.9091804976619,-0.1745,66.87824187169858,-6.767828185305699,0.165,1.158525775769639,3.652213295975279
38.60000000000028,-1.740783083110263,2215.7991041755386,382.232244941501,-0.1745,66.91763910301212,-6.770882937911994,0.165,1.158525775769639,3.652213295975279
38.70000000000028,-1.57350834046778,2222.4928312971365,381.5550091389935,-0.1745,66.956903328948,-6.773833112238105,0.165,1.158525775769639,3.652213295975279
38.80000000000028,-1.6305298379045463,2229.19260243712,380.90557930412183,-0.1495,67.03851947072467,-6.214763585196076,0.165,1.158525775769639,3.652213295975279
38.90000000000028,-1.6682463589462846,2235.896949734397,380.27448018161,-0.1745,67.04842647481634,-6.407218865041299,0.165,1.158525775769639,3.652213295975279
39.000000000000284,-1.6931894395177836,2242.602780951444,379.62734888418817,-0.1745,67.06819786612634,-6.535407083395246,0.165,1.158525775769639,3.652213295975279
39.100000000000286,-1.7096871247822323,2249.310910384547,378.9695257583971,-0.1745,67.0943907959288,-6.621055432426814,0.165,1.158525775769639,3.652213295975279
39.20000000000029,-1.7206045179407847,2256.0218677867997,378.30454493006204,-0.1745,67.12475724913364,-6.678561134273888,0.165,1.158525775769639,3.652213295975279
39.30000000000029,-1.7278368243950766,2262.7359968122605,377.6347440111071,-0.1745,67.15782326008568,-6.717457244824648,0.165,1.158525775769639,3.652213295975279
39.40000000000029,-1.7326369141841855,2269.453518966748,376.96166854519623,-0.1745,67.19261982966756,-6.744052073393075,0.165,1.158525775769639,3.652213295975279
39.50000000000029,-1.7358326046104664,2276.1745754033095,376.28634005170284,-0.1745,67.22850890156413,-6.7625177964752,0.165,1.158525775769639,3.652213295975279
39.60000000000029,-1.737970624384235,2282.899254346235,375.6094335353466,-0.1745,67.26506995694521,-6.775612530649447,0.165,1.158525775769639,3.652213295975279
39.700000000000294,-1.7394119160314658,2289.6276091310206,374.9313949662665,-0.1745,67.30202573876677,-6.785158850952562,0.165,1.158525775769639,3.652213295975279
39.800000000000296,-1.7403946817440674,2296.3596700901894,374.25251898994776,-0.1745,67.33919344461046,-6.792360675422089,0.165,1.158525775769639,3.652213295975279
39.9000000000003,-1.7410760672600945,2303.09545239183,373.5730003067958,-0.1745,67.37645258819863,-6.798012987617741,0.165,1.158525775769639,3.652213295975279
40.0000000000003,-1.7415597089865142,2309.8349612117263,372.89296762906696,-0.1745,67.41372380972533,-6.802640566958334,0.165,1.158525775769639,3.652213295975279
40.1000000000003,-1.7419139312541765,2316.5781951469403,372.21250611481247,-0.1745,67.45095489455703,-6.806589718131444,0.165,1.158525775769639,3.652213295975279
40.2000000000003,-1.7421837627018881,2323.325148468894,371.5316721839317,-0.1745,67.4881115445196,-6.810088899484184,0.165,1.158525775769639,3.652213295975279
40.3000000000003,-1.7423988684322331,2330.0758126103847,370.85050329991657,-0.1745,67.52517128529585,-6.813288780817562,0.165,1.158525775769639,3.652213295975279
40.400000000000304,-1.7425787843976508,2336.83017714686,370.16902442582597,-0.1745,67.56211944421153,-6.816288700994457,0.165,1.158525775769639,3.652213295975279
40.500000000000306,-1.7427363704473997,2343.5882304438264,369.4872522839197,-0.1745,67.5989464951173,-6.819154137131145,0.165,1.158525775769639,3.652213295975279
40.60000000000031,-1.7428800875474448,2350.3499600838823,368.8051981652953,-0.1745,67.63564630600338,-6.821928235357185,0.165,1.158525775769639,3.652213295975279
40.70000000000031,-1.7430154991087579,2357.1153531483155,368.12286978255304,-0.1745,67.67221498266447,-6.824639419487658,0.165,1.158525775769639,3.652213295975279
40.80000000000031,-1.7431462604886034,2363.884396402742,367.4402724910714,-0.1745,67.70865010585933,-6.827306410144882,0.165,1.158525775769639,3.652213295975279
40.90000000000031,-1.7432747709616199,2370.6570764194444,366.75741009383086,-0.1745,67.7449502281903,-6.829941534667014,0.165,1.158525775769639,3.652213295975279
41.00000000000031,-1.7434026031697787,2377.433379657972,366.0742853716371,-0.1745,67.78111454236642,-6.832552909208992,0.165,1.158525775769639,3.652213295975279
41.100000000000314,-1.7435307859161309,2384.213292518217,365.3909004323318,-0.1745,67.81714266252972,-6.835145876895621,0.165,1.158525775769639,3.652213295975279
41.200000000000315,-0.9823321751249868,2390.996801375351,364.70725694071785,-0.1745,67.85303448015026,-6.837723955383404,0.165,1.158525775769639,3.652213295975279
41.30000000000032,-1.2432066340061751,2397.7810817343598,364.1536053750635,-0.06225,67.83257270002964,-4.235307357704302,0.495,1.158525775769639,3.652213295975279
41.40000000000032,-1.4154631083514932,2404.559037981328,363.68607123091124,-0.1745,67.72655223933657,-5.115375525340153,0.165,1.158525775769639,3.652213295975279
41.50000000000032,-1.5290787113868085,2411.3289384534287,363.1454694791949,-0.1745,67.67145720267473,-5.696659508987054,0.165,1.158525775769639,3.652213295975279
41.60000000000032,-1.603957725542807,2418.0949442995625,362.5566009557667,-0.1745,67.64865971999838,-6.080710959576955,0.165,1.158525775769639,3.652213295975279
41.70000000000032,-1.6532837369372952,2424.8597061925693,361.9358352663537,-0.1745,67.64657814013641,-6.334602828683515,0.165,1.158525775769639,3.652213295975279
41.800000000000324,-1.685771508700433,2431.624928760334,361.2939724339459,-0.1745,67.65787321515728,-6.502653819473121,0.165,1.158525775769639,3.652213295975279
41.900000000000325,-1.707172990486034,2438.3917141273632,360.63813322971635,-0.1745,67.6778341254217,-6.61413026511838,0.165,1.158525775769639,3.652213295975279
42.00000000000033,-1.721280235412196,2445.1607763983047,359.9730095859881,-0.1745,67.70341129340609,-6.688342609445851,0.165,1.158525775769639,3.652213295975279
42.10000000000033,-1.730591016839773,2451.932577938225,359.301691343158,-0.1745,67.73261950500316,-6.738022247156828,0.165,1.158525775769639,3.652213295975279
42.20000000000033,-1.5685094336954277,2458.7074170020564,358.62621236412514,-0.1745,67.7641617716226,-6.77155733350058,0.165,1.158525775769639,3.652213295975279
42.30000000000033,-1.6318910566514941,2465.4910329442355,357.9761767677076,-0.1495,67.9081570719608,-6.229154594849379,0.8300000000000001,1.158525775769639,3.652213295975279
42.40000000000033,-1.5021660069523335,2472.2853046601913,357.3421473700073,-0.1745,67.97727724715678,-6.451433359157453,0.8300000000000001,1.158525775769639,3.652213295975279
42.500000000000334,-1.5868702765579408,2479.086273513527,356.71901554195125,-0.1495,68.04209981955647,-6.01120320196316,0.165,1.158525775769639,3.652213295975279
42.600000000000335,-1.4740209964882167,2485.8900291092064,356.10347662923795,-0.1745,68.03301209403224,-6.299575052303482,0.165,1.158525775769639,3.652213295975279
42.70000000000034,-1.5685094459156577,2492.6995447771915,355.49239285662463,-0.1495,68.15730126567341,-5.9221003999625825,0.8300000000000001,1.158525775769639,3.652213295975279
42.80000000000034,-1.6305402163130038,2499.5145317111883,354.8840875835279,-0.1745,68.14243741426033,-6.244005061972347,0.165,1.158525775769639,3.652213295975279
42.90000000000034,-1.6712535734529879,2506.3288998878675,354.2490847791506,-0.1745,68.14492611932619,-6.4560510255732515,0.165,1.158525775769639,3.652213295975279
43.00000000000034,-1.6979793386602493,2513.1440761501103,353.5964847528724,-0.1745,68.15859912553529,-6.595949499990905,0.165,1.158525775769639,3.652213295975279
43.10000000000034,-1.715533842075184,2519.9609808991763,352.93226247809736,-0.1745,68.17949585578474,-6.688495995510418,0.165,1.158525775769639,3.652213295975279
43.200000000000344,-1.7270786805602274,2526.7802084458417,352.26033863672825,-0.1745,68.20505507752611,-6.74998083187219,0.165,1.158525775769639,3.652213295975279
43.300000000000345,-1.734687651023428,2533.60214184042,351.58328465110344,-0.1745,68.23361281403268,-6.791098880624327,0.165,1.158525775769639,3.652213295975279
43.40000000000035,-1.7397202124814601,2540.4270267228962,350.90278634395827,-0.1745,68.26408483549227,-6.8188672622786575,0.165,1.158525775769639,3.652213295975279
43.50000000000035,-1.7430671113279963,2547.2550191343753,350.21994859511886,-0.1745,68.29576339408884,-6.8378877145097725,0.165,1.158525775769639,3.652213295975279
43.60000000000035,-1.7453117416815305,2554.086216605068,349.5354953748448,-0.1745,68.32818601976103,-6.851176690971011,0.165,1.158525775769639,3.652213295975279
43.70000000000035,-1.7468360575442807,2560.9206784244716,348.8499010034804,-0.1745,68.36105036831023,-6.860710736316559,0.165,1.158525775769639,3.652213295975279
43.80000000000035,-1.7478900443170797,2567.758438881012,348.1634762392944,-0.1745,68.39415876249139,-6.867784547402614,0.165,1.158525775769639,3.652213295975279
43.900000000000354,-1.7486372634904508,2574.5995159186878,347.4764247158148,-0.1745,68.42738199102455,-6.873245922189462,0.165,1.158525775769639,3.652213295975279
44.000000000000355,-1.7491846980480552,2581.4439168005197,346.7888799270293,-0.1745,68.46063564561139,-6.877649853520779,0.165,1.158525775769639,3.652213295975279
44.10000000000036,-1.749602302679788,2588.2916418148448,346.1009294567376,-0.1745,68.49386464089096,-6.88135955231324,0.165,1.158525775769639,3.652213295975279
44.20000000000036,-1.7499358057542602,2595.142686701045,345.41263084641685,-0.1745,68.52703308311533,-6.884612654101729,0.165,1.158525775769639,3.652213295975279
44.30000000000036,-1.7502150897223872,2601.9970442371077,344.7240219840178,-0.1745,68.56011763814242,-6.887564593879671,0.165,1.158525775769639,3.652213295975279
44.40000000000036,-1.7504596754422423,2608.854705278512,344.03512790361816,-0.1745,68.59310318994709,-6.890317014113236,0.165,1.158525775769639,3.652213295975279
44.50000000000036,-1.7506823102141262,2615.7156594379476,343.3459652346691,-0.1745,68.62597999876684,-6.892936364868097,0.165,1.158525775769639,3.652213295975279
44.600000000000364,-1.7508913145418379,2622.579895529943,342.6565451124879,-0.1745,68.65874184113741,-6.8954660787560496,0.165,1.158525775769639,3.652213295975279
44.700000000000365,-1.751092116616346,2629.4474018616393,341.96687508165115,-0.1745,68.69138479278791,-6.897934537978481,0.165,1.158525775769639,3.652213295975279
44.80000000000037,-1.7512882554024407,2636.3181664228973,341.2769603404336,-0.1745,68.72390643237236,-6.900360286372556,0.165,1.158525775769639,3.652213295975279
44.90000000000037,-1.7514820361779668,2643.192177010548,340.5868045542044,-0.1745,68.7563053206451,-6.902755438212707,0.165,1.158525775769639,3.652213295975279
45.00000000000037,-1.7516749588297307,2650.0694213095744,339.8964103869413,-0.1745,68.78858065988102,-6.905127907049254,0.165,1.158525775769639,3.652213295975279
45.10000000000037,-1.7518679976065645,2656.9498869461295,339.2057798484567,-0.1745,68.82073207121707,-6.907482862642268,0.165,1.158525775769639,3.652213295975279
45.20000000000037,-1.752061783799765,2663.8335615221463,338.51491452117114,-0.1745,68.85275944912266,-6.9098236830691055,0.165,1.158525775769639,3.652213295975279
45.300000000000374,-1.7522567250034047,2670.720432637918,337.8238157081795,-0.1745,68.88466286630543,-6.912152576763499,0.165,1.158525775769639,3.652213295975279
45.400000000000375,-1.7524530829514682,2677.6104879068125,337.1324845299011,-0.1745,68.91644251158854,-6.91447098880479,0.165,1.158525775769639,3.652213295975279
45.50000000000038,-1.7526510243062885,2684.503714964859,336.4409219871499,-0.1745,68.94809864933734,-6.916779866219172,0.165,1.158525775769639,3.652213295975279
45.60000000000038,-0.9786705509880839,2691.4001014769738,335.7491290022803,-0.1745,68.97963159296656,-6.919079831172496,0.165,1.158525775769639,3.652213295975279
45.70000000000038,-1.2482636886762644,2698.2986335699593,335.1916068901271,-0.06225,68.99101026674202,-4.23136241189178,0.8300000000000001,1.158525775769639,3.652213295975279
45.80000000000038,-1.4247475406315084,2705.191803022093,334.72224859710144,-0.1745,68.87237877593073,-5.155803448621049,0.165,1.158525775769639,3.652213295975279
45.90000000000038,-1.5401633383281086,2712.0758497893225,334.176415783623,-0.1745,68.80855656865747,-5.760852820948282,0.165,1.158525775769639,3.652213295975279
46.000000000000384,-1.6155943176439678,2718.95523537773,333.580524290447,-0.1745,68.77915519948532,-6.156977042571797,0.165,1.158525775769639,3.652213295975279
46.100000000000385,-1.6648801716831132,2725.832774720215,332.95185253979076,-0.1745,68.77163165022041,-6.416457970552155,0.165,1.158525775769639,3.652213295975279
46.20000000000039,-1.6978265701249398,2732.710261997079,332.3016985563435,-0.1745,68.7781138870582,-6.586621698392439,0.165,1.158525775769639,3.652213295975279
46.30000000000039,-1.7185503839488985,2739.590472394109,331.6371590371569,-0.1745,68.82609405353276,-6.704168685340554,0.495,1.158525775769639,3.652213295975279
46.40000000000039,-1.7321186494537875,2746.474147434942,330.96311271684107,-0.1745,68.84740676313456,-6.776757720975864,0.165,1.158525775769639,3.652213295975279
46.50000000000039,-1.7410233858591073,2753.3601365148606,330.2830314276454,-0.1745,68.87237483524082,-6.824868062936615,0.165,1.158525775769639,3.652213295975279
46.60000000000039,-1.7468901870741202,2760.2487390448764,329.5989373294122,-0.1745,68.89967576507212,-6.857013901727993,0.165,1.158525775769639,3.652213295975279
46.700000000000394,-1.7507789253453523,2767.1401453942376,328.9121490902407,-0.1745,68.92845122214885,-6.878750881702226,0.165,1.158525775769639,3.652213295975279
46.800000000000395,-1.753380338491097,2774.034475124994,328.2235264179146,-0.1745,68.95814339298009,-6.893702564818964,0.165,1.158525775769639,3.652213295975279
46.9000000000004,-1.7551444300404166,2780.9318017701257,327.5336297166837,-0.1745,68.98838950965225,-6.904231459798785,0.165,1.158525775769639,3.652213295975279
47.0000000000004,-1.7563642742000576,2787.832168925137,326.8428242750383,-0.1745,69.01895359057299,-6.9118773731088785,0.165,1.158525775769639,3.652213295975279
47.1000000000004,-1.7572306841322476,2794.7356007119365,326.1513482266219,-0.1745,69.04968214541333,-6.917643595218723,0.165,1.158525775769639,3.652213295975279
47.2000000000004,-1.7578678576465554,2801.642108588346,325.4593568641694,-0.1745,69.08047538277725,-6.9221836538309125,0.165,1.158525775769639,3.652213295975279
47.3000000000004,-1.7583566106779103,2808.5516957812824,324.7669515248696,-0.1745,69.11126847594701,-6.925923132164628,0.165,1.158525775769639,3.652213295975279
47.400000000000404,-1.7587495155616482,2815.464360173387,324.07419841313623,-0.1745,69.14201936614042,-6.929139102503687,0.165,1.158525775769639,3.652213295975279
47.500000000000405,-1.759080761702719,2822.3800961826787,323.38114086272833,-0.1745,69.17270081969089,-6.932011905653922,0.165,1.158525775769639,3.652213295975279
47.600000000000406,-1.7593725767245592,2829.2988959864124,322.68780732275087,-0.1745,69.2032952549834,-6.934658893894921,0.165,1.158525775769639,3.652213295975279
47.70000000000041,-1.7596394067081857,2836.2207503178306,321.994216557356,-0.1745,69.23379137338101,-6.937156414001988,0.165,1.158525775769639,3.652213295975279
47.80000000000041,-1.7613140805127299,2843.145648984763,321.3003810304058,-0.1745,69.26418196526636,-6.9395541250031085,0.165,1.158525775769639,3.652213295975279
47.90000000000041,-1.7608793420109403,2850.076855711891,320.6057318357266,-0.1745,69.3599525772913,-6.95342976858078,0.8300000000000001,1.158525775769639,3.652213295975279
48.00000000000041,-1.7606780802472255,2857.014364283477,319.9103927603382,-0.1745,69.39021885442732,-6.9533517391869815,0.165,1.158525775769639,3.652213295975279
48.10000000000041,-1.7606288763479223,2863.9548874786205,319.2150219383484,-0.1745,69.42024504845047,-6.954064700609069,0.165,1.158525775769639,3.652213295975279
48.200000000000415,-1.7606788912288573,2870.8984034579753,318.519554286699,-0.1745,69.45007453864181,-6.955288332378023,0.165,1.158525775769639,3.652213295975279
48.300000000000416,-1.7607938401094043,2877.8448939666378,317.823947837651,-0.1745,69.47973563461198,-6.956840648582285,0.165,1.158525775769639,3.652213295975279
48.40000000000042,-1.7609514811687403,2884.7943430910555,317.1281756286204,-0.1745,69.50924685373928,-6.958603532030248,0.165,1.158525775769639,3.652213295975279
48.50000000000042,-1.7611373874828025,2891.7467364513645,316.43222043506665,-0.1745,69.53862035244236,-6.960500339044224,0.165,1.158525775769639,3.652213295975279
48.60000000000042,-1.761342202197942,2898.7020606767987,315.736071350576,-0.1745,69.56786415624413,-6.962481350767769,0.165,1.158525775769639,3.652213295975279
48.70000000000042,-1.7615598570177484,2905.6603030650435,315.0397215668374,-0.1745,69.59698360865194,-6.964514324004898,0.165,1.158525775769639,3.652213295975279
48.80000000000042,-1.7617864161895582,2912.6214513610867,314.3431669328593,-0.1745,69.62598231221429,-6.96657835555697,0.165,1.158525775769639,3.652213295975279
48.900000000000425,-1.7620193265482145,2919.585493613676,313.64640502012844,-0.1745,69.65486273957117,-6.968659899060112,0.165,1.158525775769639,3.652213295975279
49.000000000000426,-1.762256931100015,2926.552418082161,312.9494345161857,-0.1745,69.68362663011787,-6.970750179795141,0.165,1.158525775769639,3.652213295975279
49.10000000000043,-0.9799577816394114,2933.5222131760383,312.25225483133505,-0.1745,69.71227524743354,-6.972843517217531,0.165,1.158525775769639,3.652213295975279
49.20000000000043,-1.2552775906216773,2940.4939563879934,311.6922381333238,-0.06225,69.72258899166536,-4.227490443007445,0.8300000000000001,1.158525775769639,3.652213295975279
49.30000000000043,-1.4345225256453387,2947.4598708200897,311.22180238414364,-0.1745,69.59569965026306,-5.18122454059655,0.165,1.158525775769639,3.652213295975279
49.40000000000043,-1.551109451924041,2954.41596660634,310.6726494828045,-0.1745,69.52621607475032,-5.801833486186289,0.165,1.158525775769639,3.652213295975279
49.50000000000043,-1.6269006017813656,2961.3669053294925,310.0722681828221,-0.1745,69.4925583882994,-6.205792513462127,0.165,1.158525775769639,3.652213295975279
49.600000000000435,-1.6761653621526607,2968.315610245303,309.43853541122627,-0.1745,69.48153992790894,-6.468862918454774,0.165,1.158525775769639,3.652213295975279
49.700000000000436,-1.7081994792948296,2975.263934016498,308.78307418378716,-0.1745,69.48493549598808,-6.6403616303274235,0.165,1.158525775769639,3.652213295975279
49.80000000000044,-1.72904983143189,2982.213058000934,308.11343721251444,-0.1745,69.49754419272908,-6.75237779512749,0.165,1.158525775769639,3.652213295975279
49.90000000000044,-1.7426456619340809,2989.163737603855,307.4345295262318,-0.1745,69.51604786569867,-6.825775930524797,0.165,1.158525775769639,3.652213295975279
50.00000000000044,-1.7515381256120555,2996.1164558589776,306.7495350910023,-0.1745,69.53831723674578,-6.87411277406471,0.165,1.158525775769639,3.652213295975279
50.10000000000044,-1.7573826042722707,3003.0715207644757,306.06051987433716,-0.1745,69.56298087321652,-6.906191559237916,0.165,1.158525775769639,3.652213295975279
50.20000000000044,-1.7612527151872306,3010.029127479285,305.3688239995025,-0.1745,69.589153422962,-6.927725937454235,0.165,1.158525775769639,3.652213295975279
50.300000000000445,-1.7638444889913074,3016.989398277879,304.675316564566,-0.1745,69.61626254891995,-6.9424227612760205,0.165,1.158525775769639,3.652213295975279
50.400000000000446,-1.7663145367872914,3023.952408304918,303.98056112260707,-0.1745,69.64393799186223,-6.952686077902959,0.165,1.158525775769639,3.652213295975279
50.50000000000045,-1.7672097685705896,3030.919827154495,303.2846366264874,-0.1745,69.7044389996754,-6.965803844490641,0.495,1.158525775769639,3.652213295975279
50.60000000000045,-1.767877814071661,3037.8916821599346,302.5878386185594,-0.1745,69.73266110911806,-6.970156314068994,0.165,1.158525775769639,3.652213295975279
50.70000000000045,-1.7683994596296544,3044.8663598182443,301.89064536474325,-0.1745,69.76089205707977,-6.973708762252921,0.165,1.158525775769639,3.652213295975279
50.80000000000045,-1.7688269881268124,3051.8438588833596,301.19312288458576,-0.1745,69.78908924523046,-6.976740840896545,0.165,1.158525775769639,3.652213295975279
50.90000000000045,-1.769194226736296,3058.824174607049,300.49531416129054,-0.1745,69.81722522855407,-6.979433625007453,0.165,1.158525775769639,3.652213295975279
51.000000000000455,-1.7912813766295708,3065.807299987276,299.79724726326305,-0.1745,69.84528237599044,-6.98190433554214,0.165,1.2752552641837598,3.4270748909529614
51.100000000000456,-1.8056560607595495,3072.792671631011,299.09515797761674,-0.1745,69.86215049871443,-7.059881377383809,0.165,1.2752552641837598,3.4270748909529614
51.20000000000046,-1.8150393608757864,3079.779932163436,298.3866099928393,-0.1745,69.88306014978042,-7.11107831816538,0.165,1.2752552641837598,3.4270748909529614
51.30000000000046,-1.8211937652244836,3086.7694120784954,297.67380940158995,-0.1745,69.9065381514024,-7.14493350682158,0.165,1.2752552641837598,3.4270748909529614
51.40000000000046,-1.8252603127466793,3093.7613207594536,296.9581846364741,-0.1745,69.9316354677582,-7.1675617954954465,0.165,1.2752552641837598,3.4270748909529614
51.50000000000046,-1.8279774228333945,3100.7557895233554,296.24066038746827,-0.1745,69.95773981028094,-7.182923184620359,0.165,1.2752552641837598,3.4270748909529614
51.60000000000046,-1.8298228002884684,3107.75289930521,295.5218351643063,-0.1745,69.9844558268144,-7.193581278618743,0.165,1.2752552641837598,3.4270748909529614
51.700000000000465,-1.831105393913848,3114.7526985041986,294.8020963415265,-0.1745,70.01152815296024,-7.201195176977183,0.165,1.2752552641837598,3.4270748909529614
51.800000000000466,-1.832024957121166,3121.7552145042905,294.08169466731886,-0.1745,70.0387918488803,-7.206838307175949,0.165,1.2752552641837598,3.4270748909529614
51.90000000000047,-1.8327106085101166,3128.7604611176193,293.360792502391,-0.1745,70.06614041769377,-7.211204991381233,0.165,1.2752552641837598,3.4270748909529614
52.00000000000047,-1.8332457878835475,3135.7684433958143,292.63949504146507,-0.1745,70.09350514620105,-7.214744227137619,0.165,1.2752552641837598,3.4270748909529614
52.10000000000047,-1.8336844025753267,3142.779160740682,291.91787051506947,-0.1745,70.12084175115055,-7.217746300773885,0.165,1.2752552641837598,3.4270748909529614
52.20000000000047,-1.8340612710909778,3149.7926089154817,291.19596325767793,-0.1745,70.14812174483713,-7.220398847056264,0.165,1.2752552641837598,3.4270748909529614
52.30000000000047,-1.834398876439895,3156.8087813452958,290.4738021591494,-0.1745,70.17532685144104,-7.222823123514685,0.165,1.2752552641837598,3.4270748909529614
52.400000000000475,-1.0496232860124985,3163.8276699576772,289.75140612915266,-0.1745,70.20244539618696,-7.225097476419782,0.165,1.2752552641837598,3.4270748909529614
52.500000000000476,-1.3274736676435017,3170.8484028418993,289.16763521486195,-0.06225,70.21221228825564,-4.450320809394168,0.8300000000000001,1.2752552641837598,3.4270748909529614
52.60000000000048,-1.5078408074104606,3177.8630649499946,288.674152054999,-0.1745,70.08102987365092,-5.419342387864598,0.165,1.2752552641837598,3.4270748909529614
52.70000000000048,-1.6248242978467933,3184.867547397058,288.1007835492455,-0.1745,70.00861906761921,-6.048027727205682,0.165,1.2752552641837598,3.4270748909529614
52.80000000000048,-1.7006620086381907,3191.8666167833208,287.47558071471974,-0.1745,69.97276865763614,-6.456028963308959,0.165,1.2752552641837598,3.4270748909529614
52.90000000000048,-1.7498239500994184,3198.863252871627,286.81673241684354,-0.1745,69.95995310848811,-6.7209369942155215,0.165,1.2752552641837598,3.4270748909529614
53.00000000000048,-1.781708302220017,3205.859338647337,286.13603007609544,-0.1745,69.96176240571432,-6.893109820745882,0.165,1.2752552641837598,3.4270748909529614
53.100000000000485,-1.802410550228255,3212.8560714993605,285.4411136932301,-0.1745,69.97289463474833,-7.005217836561062,0.165,1.2752552641837598,3.4270748909529614
53.200000000000486,-1.8158799893792281,3219.854215080176,284.73693072130516,-0.1745,69.98997698155797,-7.078441601937365,0.165,1.2752552641837598,3.4270748909529614
53.30000000000049,-1.8246734011409376,3226.854256492184,284.026683474082,-0.1745,70.01085125860504,-7.1265033425251545,0.165,1.2752552641837598,3.4270748909529614
53.40000000000049,-1.830445073832045,3233.8565056223683,283.31244390288094,-0.1745,70.03413134507612,-7.158288081496278,0.165,1.2752552641837598,3.4270748909529614
53.50000000000049,-1.8342648680135496,3240.8611584360424,282.5955521976048,-0.1745,70.05892492840357,-7.179546024026684,0.165,1.2752552641837598,3.4270748909529614
53.60000000000049,-1.8368244202767312,3247.868337522152,281.8768750416816,-0.1745,70.08465679378742,-7.193997094436492,0.165,1.2752552641837598,3.4270748909529614
53.70000000000049,-1.8385707099413715,3254.878118155058,281.15697283867,-0.1745,70.11095586432526,-7.204046965795255,0.165,1.2752552641837598,3.4270748909529614
53.800000000000495,-1.6655696479325073,3261.8905450825864,280.43620794441995,-0.1745,70.1375826862387,-7.211250919206022,0.165,1.2752552641837598,3.4270748909529614
53.900000000000496,-1.7282805506133039,3268.9097830413284,279.7452782895478,-0.1495,70.24717648860045,-6.607342178237493,0.495,1.2752552641837598,3.4270748909529614
54.0000000000005,-1.7688557070304016,3275.9341570015818,279.0735431915595,-0.1745,70.24030271646414,-6.827359781528098,0.165,1.2752552641837598,3.4270748909529614
54.1000000000005,-1.7951307102254224,3282.9584492598647,278.3836695478662,-0.1745,70.24554244919193,-6.970113092338123,0.165,1.2752552641837598,3.4270748909529614
54.2000000000005,-1.812173626707378,3289.9836511324347,277.68201658161746,-0.1745,70.2584950022056,-7.062946232636747,0.165,1.2752552641837598,3.4270748909529614
54.3000000000005,-1.823259524722613,3297.0103938352513,276.9726922205348,-0.1745,70.27635905412369,-7.123540989016785,0.165,1.2752552641837598,3.4270748909529614
54.4000000000005,-1.8318675344662454,3304.039078925982,276.25834897533565,-0.1745,70.29734276048622,-7.163323914965642,0.165,1.2752552641837598,3.4270748909529614
54.500000000000504,-1.8359664806057352,3311.0732353934195,275.5401217396092,-0.1745,70.38578658826395,-7.201220799563476,0.8300000000000001,1.2752552641837598,3.4270748909529614
54.600000000000506,-1.8387067660983574,3318.1130280099537,274.8192330782333,-0.1745,70.41006574242208,-7.216552427954862,0.165,1.2752552641837598,3.4270748909529614
54.70000000000051,-1.841244344479254,3325.1552799944334,274.09704953734644,-0.1745,70.43497394717376,-7.227118389782256,0.165,1.2752552641837598,3.4270748909529614
54.80000000000051,-1.8422163213238298,3332.201666143397,273.373676602431,-0.1745,70.49274903209307,-7.240340308527011,0.495,1.2752552641837598,3.4270748909529614
54.90000000000051,-1.8429450737299866,3339.2522172336708,272.649425747009,-0.1745,70.5182727733882,-7.244676799912197,0.165,1.2752552641837598,3.4270748909529614
55.00000000000051,-1.8435178555959664,3346.305322123842,271.92478447666446,-0.1745,70.5438250300382,-7.248148606978289,0.165,1.2752552641837598,3.4270748909529614
55.10000000000051,-1.8439908361539536,3353.360981328332,271.19982398182884,-0.1745,70.56935905975922,-7.251061289733618,0.165,1.2752552641837598,3.4270748909529614
55.200000000000514,-1.8444001653445377,3360.419191525885,270.47459033537046,-0.1745,70.59484489129777,-7.25361163943444,0.165,1.2752552641837598,3.4270748909529614
55.300000000000516,-1.8447691030496174,3367.479946938256,269.74911343482,-0.1745,70.62026335612347,-7.25592637157456,0.165,1.2752552641837598,3.4270748909529614
55.40000000000052,-1.8451126112723462,3374.5432402182196,269.0234127630259,-0.1745,70.64560224314701,-7.258087064308144,0.165,1.2752552641837598,3.4270748909529614
55.50000000000052,-1.8454403114563287,3381.609063021447,268.29750109840546,-0.1745,70.67085382140836,-7.260146228100357,0.165,1.2752552641837598,3.4270748909529614
55.60000000000052,-1.8457583885573032,3388.6774063747303,267.5713869040861,-0.1745,70.69601324425318,-7.262137658286159,0.165,1.2752552641837598,3.4270748909529614
55.70000000000052,-1.846070816719851,3395.7482609130175,266.8450758660188,-0.1745,70.72107752149188,-7.26408310305965,0.165,1.2752552641837598,3.4270748909529614
55.80000000000052,-1.846380148096429,3402.821617031967,266.11857188299837,-0.1745,70.74604485749688,-7.2659965573498315,0.165,1.2752552641837598,3.4270748909529614
55.900000000000524,-1.846688020408727,3409.8974649860934,265.39187770376617,-0.1745,70.770914225032,-7.267887027294612,0.165,1.2752552641837598,3.4270748909529614
56.000000000000526,-1.8469954834679292,3416.9757949518907,264.6649953369171,-0.1745,70.79568509091142,-7.269760309686751,0.165,1.2752552641837598,3.4270748909529614
56.10000000000053,-1.8473032091860158,3424.056597068408,263.937926314576,-0.1745,70.82035723943129,-7.271620137135985,0.165,1.2752552641837598,3.4270748909529614
56.20000000000053,-1.8476116266232745,3431.139861463317,263.2106718619749,-0.1745,70.84493065875098,-7.273468914885866,0.165,1.2752552641837598,3.4270748909529614
56.30000000000053,-1.8479210088127929,3438.2255782696443,262.48323300649076,-0.1745,70.86940546779599,-7.275308194796946,0.165,1.2752552641837598,3.4270748909529614
56.40000000000053,-1.8482315285701723,3445.313737636496,261.7556106477414,-0.1745,70.89378186923972,-7.2771389801906725,0.165,1.2752552641837598,3.4270748909529614
56.50000000000053,-1.8485432943600713,3452.4043297359212,261.0278056026383,-0.1745,70.91806011926612,-7.27896192187083,0.165,1.2752552641837598,3.4270748909529614
56.600000000000534,-1.8488563733414471,3459.497344767291,260.29981863433756,-0.1745,70.9422405081277,-7.280777444144075,0.165,1.2752552641837598,3.4270748909529614
56.700000000000536,-1.849170806171752,3466.59277296008,259.5716504708393,-0.1745,70.96632334764713,-7.282585825821049,0.165,1.2752552641837598,3.4270748909529614
56.80000000000054,-1.8494866165151658,3473.6906045756214,258.84330181693474,-0.1745,70.9903089631841,-7.284387252270191,0.165,1.2752552641837598,3.4270748909529614
56.90000000000054,-1.8498038171481417,3480.790829908204,258.1147733618781,-0.1745,71.0141976884729,-7.286181848862316,0.165,1.2752552641837598,3.4270748909529614
57.00000000000054,-1.8501224138791592,3487.893439285743,257.3860657843123,-0.1745,71.03798986230551,-7.287969702454376,0.165,1.2752552641837598,3.4270748909529614
57.10000000000054,-1.8504424080646436,3494.9984230701784,256.6571797554302,-0.1745,71.06168582640066,-7.2897508751871225,0.165,1.2752552641837598,3.4270748909529614
57.20000000000054,-1.8507637982234586,3502.1057716577,255.92811594100363,-0.1745,71.08528592403498,-7.291525413344606,0.165,1.2752552641837598,3.4270748909529614
57.300000000000544,-1.8510865810726929,3509.2154754788603,255.1988750026843,-0.1745,71.10879049916372,-7.293293353041651,0.165,1.2752552641837598,3.4270748909529614
57.400000000000546,-1.8527532754761666,3516.3275249986114,254.46945759883852,-0.1745,71.13219989585598,-7.2950547238742,0.165,1.2752552641837598,3.4270748909529614
57.50000000000055,-1.852416978599155,3523.445185221088,253.7392871127044,-0.1745,71.22100455367884,-7.308354998808247,0.8300000000000001,1.2752552641837598,3.4270748909529614
57.60000000000055,-1.8523217104486664,3530.568451404633,253.00848291987245,-0.1745,71.24431911721973,-7.307728857831016,0.165,1.2752552641837598,3.4270748909529614
57.70000000000055,-1.8523811374610202,3537.694037828325,252.27769923647128,-0.1745,71.26740935661498,-7.307944810192329,0.165,1.2752552641837598,3.4270748909529614
57.80000000000055,-1.8538803856745627,3544.8219244366005,251.5468671252278,-0.1745,71.29032280890166,-7.3086974146771695,0.165,1.2752552641837598,3.4270748909529614
57.90000000000055,-1.8534426128968429,3551.955369583718,250.81536542571956,-0.1745,71.37858013344872,-7.321336575487715,0.8300000000000001,1.2752552641837598,3.4270748909529614
58.000000000000554,-1.8532860864096634,3559.0943643405885,250.08328508630453,-0.1745,71.40131500396373,-7.320270212812705,0.165,1.2752552641837598,3.4270748909529614
58.100000000000556,-1.8533097464618173,3566.2356203620775,249.35126203416942,-0.1745,71.42380542581529,-7.3201908298893175,0.165,1.2752552641837598,3.4270748909529614
58.20000000000056,-1.8534489938577348,3573.3791159902835,248.619215489161,-0.1745,71.4461071383066,-7.3207400702791094,0.165,1.2752552641837598,3.4270748909529614
58.30000000000056,-1.8536625418998605,3580.5248341427537,247.8870940453595,-0.1745,71.46825591109959,-7.321688805750869,0.165,1.2752552641837598,3.4270748909529614
58.40000000000056,-1.8539240072038488,3587.6727606750856,247.15486507694575,-0.1745,71.49027473554136,-7.322890562524174,0.165,1.2752552641837598,3.4270748909529614
58.50000000000056,-1.8542165322268294,3594.8228833332896,246.4225079626351,-0.1745,71.51217842854344,-7.3242517236885805,0.165,1.2752552641837598,3.4270748909529614
58.60000000000056,-1.8545293470706812,3601.975191083663,245.69000975304934,-0.1745,71.53397657892272,-7.32571246802658,0.165,1.2752552641837598,3.4270748909529614
58.700000000000564,-1.8548555715742379,3609.12967368423,244.95736240070477,-0.1745,71.55567543241341,-7.32723457886461,0.165,1.2752552641837598,3.4270748909529614
58.800000000000566,-1.0543986391438043,3616.2863214107183,244.22456098935098,-0.1745,71.57727909735539,-7.32879364821115,0.165,1.2752552641837598,3.4270748909529614
58.90000000000057,-1.3431844619510993,3623.4444336444453,243.63595311110475,-0.06225,71.58496557718888,-4.4433639167134915,0.8300000000000001,1.2752552641837598,3.4270748909529614
59.00000000000057,-1.5287018573087365,3630.595566987976,243.14030822799705,-0.1745,71.43770129342587,-5.469533745440694,0.165,1.2752552641837598,3.4270748909529614
59.10000000000057,-1.6477912489918145,3637.735172366471,242.5604317119982,-0.1745,71.35440627647829,-6.127996574536025,0.165,1.2752552641837598,3.4270748909529614
59.20000000000057,-1.724216621069696,3644.8684143413716,241.92650008936423,-0.1745,71.31043322153575,-6.550635878143625,0.165,1.2752552641837598,3.4270748909529614
59.30000000000057,-1.773274424460742,3651.99848420439,241.25786762030347,-0.1745,71.29096403882996,-6.8220135030715054,0.165,1.2752552641837598,3.4270748909529614
59.400000000000574,-1.0079465651996773,3659.1273769916793,240.56694641984058,-0.1745,71.28689170695297,-6.996410506186655,0.165,1.2752552641837598,3.4270748909529614
59.500000000000576,-1.3137233500997887,3666.256587270252,240.0046019760557,-0.06225,71.29731386450676,-4.250478369510922,0.8300000000000001,1.2752552641837598,3.4270748909529614
59.60000000000058,-1.5106636978484131,3673.378522958576,239.52544454430776,-0.1745,71.14139990197364,-5.332670265448336,0.165,1.2752552641837598,3.4270748909529614
59.70000000000058,-1.6374019237620363,3680.4882461167244,238.95737053174122,-0.1745,71.05306326099819,-6.028809985882707,0.165,1.2752552641837598,3.4270748909529614
59.80000000000058,-1.7189306685122319,3687.591212897103,238.33209210070464,-0.1745,71.00627234657888,-6.47675863484886,0.165,1.2752552641837598,3.4270748909529614
59.90000000000058,-1.7713826279763434,3694.690796256032,237.66999885398798,-0.1745,70.98539483200497,-6.765106299484338,0.165,1.2752552641837598,3.4270748909529614
60.00000000000058,-1.805152062424125,3701.789107170167,236.98420037464487,-0.1745,70.98082345069393,-6.950863287377582,0.165,1.2752552641837598,3.4270748909529614
60.100000000000584,-1.8269264332313597,3708.8874765064493,236.28312168176168,-0.1745,70.9865632749514,-7.070710570286384,0.165,1.2752552641837598,3.4270748909529614
60.200000000000585,-1.8410038066708574,3715.9867464820622,235.57217443077883,-0.1745,70.99883623730648,-7.148234449370591,0.165,1.2752552641837598,3.4270748909529614
60.30000000000059,-1.0559421494815826,3723.0874506004516,234.85483313558137,-0.1745,71.0152461304781,-7.198591454578485,0.165,1.2752552641837598,3.4270748909529614
60.40000000000059,-1.3456589470166103,3730.1877645617587,234.27544331921305,-0.06225,70.9910330956675,-4.3892048727876265,0.495,1.2752552641837598,3.4270748909529614
60.50000000000059,-1.5326454438290105,3737.27968018798,233.78546524875964,-0.1745,70.8472794287537,-5.410356536280938,0.165,1.2752552641837598,3.4270748909529614
60.60000000000059,-1.6532317176047657,3744.360372941206,233.21150868355465,-0.1745,70.7665756357702,-6.068774767818395,0.165,1.2752552641837598,3.4270748909529614
60.70000000000059,-1.7309680741812343,3751.434941860416,232.58339809901014,-0.1745,70.72480274842992,-6.4934369230719255,0.165,1.2752552641837598,3.4270748909529614
60.800000000000594,-1.7810872932865498,3758.50655180208,231.9203540262509,-0.1745,70.70739608485376,-6.767444532112935,0.165,1.2752552641837598,3.4270748909529614
60.900000000000595,-1.8134242152587872,3765.577189886575,231.23476178947968,-0.1745,70.70536560504173,-6.944400203311124,0.165,1.2752552641837598,3.4270748909529614
61.0000000000006,-1.8343197306921342,3772.648112246694,230.53459833836118,-0.1745,70.71308159733563,-7.058868819058796,0.165,1.2752552641837598,3.4270748909529614
61.1000000000006,-1.8478578511525956,3779.7201155944485,229.82499866742606,-0.1745,70.7269853577558,-7.133124599643676,0.165,1.2752552641837598,3.4270748909529614
61.2000000000006,-1.8566669981437491,3786.793705545909,229.1092668309696,-0.1745,70.74481367144907,-7.181512129485355,0.165,1.2752552641837598,3.4270748909529614
61.3000000000006,-1.8624378320112744,3793.8692023130493,228.38952801528455,-0.1745,70.76512167136381,-7.213264184215508,0.165,1.2752552641837598,3.4270748909529614
61.4000000000006,-1.866257344750995,3800.94680763319,227.66714877317764,-0.1745,70.78698473145465,-7.234320657922817,0.165,1.2752552641837598,3.4270748909529614
61.500000000000604,-1.8688241572546738,3808.026647385003,226.94300766327888,-0.1745,70.80981030479873,-7.248501540052321,0.165,1.2752552641837598,3.4270748909529614
61.600000000000605,-1.8705871450597722,3815.1087988183695,226.2176694504514,-0.1745,70.83321836253586,-7.258262716496788,0.165,1.2752552641837598,3.4270748909529614
61.70000000000061,-1.871834641483943,3822.19330799129,225.49149718208042,-0.1745,70.85696509588031,-7.265182650923114,0.165,1.2752552641837598,3.4270748909529614
61.80000000000061,-1.8727518110916466,3829.2802009507777,224.76472426886122,-0.1745,70.88089409387146,-7.270275613460759,0.165,1.2752552641837598,3.4270748909529614
61.90000000000061,-1.873457537156584,3836.3694909079586,224.03750082852625,-0.1745,70.90490504974372,-7.274193193238569,0.165,1.2752552641837598,3.4270748909529614
62.00000000000061,-1.8740281305138053,3843.4611828445554,223.30992347406857,-0.1745,70.92893368219443,-7.277353895914972,0.165,1.2752552641837598,3.4270748909529614
62.10000000000061,-1.8745125639166855,3850.5552764709087,222.58205445592844,-0.1745,70.95293884486752,-7.280026466887446,0.165,1.2752552641837598,3.4270748909529614
62.200000000000614,-1.87494225862184,3857.651768125559,221.8539339601248,-0.1745,70.97689424814304,-7.282383449185375,0.165,1.2752552641837598,3.4270748909529614
62.300000000000615,-1.8753373698803362,3864.7506519950794,221.12558800762147,-0.1745,71.00078314226106,-7.284535600881209,0.165,1.2752552641837598,3.4270748909529614
62.40000000000062,-1.8757108229573503,3871.8519208973125,220.39703352720235,-0.1745,71.02459490240297,-7.286554007501175,0.165,1.2752552641837598,3.4270748909529614
62.50000000000062,-1.876070904187184,3878.955566784208,219.66828161254165,-0.1745,71.04832283550385,-7.288484285713017,0.165,1.2752552641837598,3.4270748909529614
62.60000000000062,-1.8764229240471573,3886.0615810645763,218.93933961300453,-0.1745,71.07196277186429,-7.290355705029144,0.165,1.2752552641837598,3.4270748909529614
62.70000000000062,-1.876770284391374,3893.169954811213,218.21021247552142,-0.1745,71.0955121608619,-7.2921870446334,0.165,1.2752552641837598,3.4270748909529614
62.80000000000062,-1.8771151631845364,3900.2806788937773,217.480903605632,-0.1745,71.11896949042567,-7.2939903531549914,0.165,1.2752552641837598,3.4270748909529614
62.900000000000624,-1.8774589537390296,3907.3937440640198,216.75141541988592,-0.1745,71.14233391442065,-7.295773361766393,0.165,1.2752552641837598,3.4270748909529614
63.000000000000625,-1.8778025464181791,3914.509141010417,216.02174970016495,-0.1745,71.1656050135249,-7.29754103265306,0.165,1.2752552641837598,3.4270748909529614
63.10000000000063,-1.8781465092708136,3921.626860393183,215.29190782090916,-0.1745,71.1887826418025,-7.299296552462527,0.165,1.2752552641837598,3.4270748909529614
63.20000000000063,-1.878491203836004,3928.746892866687,214.56189089480873,-0.1745,71.21186682827948,-7.30104196954601,0.165,1.2752552641837598,3.4270748909529614
63.30000000000063,-1.8788368593712135,3935.869229093792,213.83169986619973,-0.1745,71.23485771381627,-7.30277860263391,0.165,1.2752552641837598,3.4270748909529614
63.40000000000063,-1.879183620421728,3942.993859755014,213.1013355709242,-0.1745,71.2577555106264,-7.304507302876915,0.165,1.2752552641837598,3.4270748909529614
63.50000000000063,-1.8795315772999124,3950.1207755543614,212.37079877468867,-0.1745,71.28056047632217,-7.306228621833443,0.165,1.2752552641837598,3.4270748909529614
63.600000000000634,-1.8798807856105157,3957.2499672230415,211.64009019763992,-0.1745,71.30327289727725,-7.30794291914121,0.165,1.2752552641837598,3.4270748909529614
63.700000000000635,-1.8802312787563746,3964.3814255218035,210.90921053010706,-0.1745,71.32589307796377,-7.309650431516128,0.165,1.2752552641837598,3.4270748909529614
63.80000000000064,-1.88058307594661,3971.5151412424075,210.17816044268324,-0.1745,71.34842133411945,-7.311351316960249,0.165,1.2752552641837598,3.4270748909529614
63.90000000000064,-1.8809361873237735,3978.651105208532,209.4469405926812,-0.1745,71.37085798836999,-7.313045683080587,0.165,1.2752552641837598,3.4270748909529614
64.00000000000064,-1.8812906172457886,3985.7893082763217,208.71555162826584,-0.1745,71.39320336742487,-7.314733605226147,0.165,1.2752552641837598,3.4270748909529614
64.10000000000063,-1.8816463663863172,3992.929741334707,207.98399419109944,-0.1745,71.41545780028132,-7.3164151381016955,0.165,1.2752552641837598,3.4270748909529614
64.20000000000063,-1.882003433078653,4000.072395305575,207.25226891803422,-0.1745,71.43762161707411,-7.318090323202973,0.165,1.2752552641837598,3.4270748909529614
64.30000000000062,-1.8823618141753857,4007.2172611438455,206.52037644219527,-0.1745,71.45969514833915,-7.3197591935758,0.165,1.2752552641837598,3.4270748909529614
64.40000000000062,-1.8827215055981716,4014.3643298374895,205.7883173936734,-0.1745,71.48167872454191,-7.321421776861625,0.165,1.2752552641837598,3.4270748909529614
64.50000000000061,-1.0831271024853897,4021.5135924075053,205.056092399968,-0.1745,71.50357267577554,-7.323078097246038,0.165,1.2752552641837598,3.4270748909529614
64.6000000000006,-1.3712531132593855,4028.661021149255,204.46796156474855,-0.06225,71.44500215921164,-4.439538607142956,0.165,1.2752552641837598,3.4270748909529614
64.7000000000006,-1.5565528697375897,4035.798227405185,203.9729158508104,-0.1745,71.29912295939415,-5.461375671619719,0.165,1.2752552641837598,3.4270748909529614
64.8000000000006,-1.675635458612854,4042.924022465361,203.39395695873012,-0.1745,71.21677824411671,-6.117802169986193,0.165,1.2752552641837598,3.4270748909529614
64.90000000000059,-1.752142441324604,4050.0435380700833,202.76108620598208,-0.1745,71.17353385032787,-6.539612884974537,0.165,1.2752552641837598,3.4270748909529614
65.00000000000058,-1.8013085586226742,4057.159948856444,202.0935671385535,-0.1745,71.15468187688487,-6.810768463596673,0.165,1.2752552641837598,3.4270748909529614
65.10000000000058,-1.832933603634421,4064.2752415884697,201.40376745764215,-0.1745,71.15117276363125,-6.985225154630459,0.165,1.2752552641837598,3.4270748909529614
65.20000000000057,-1.8533127722773148,4071.3906681175963,200.69962382286118,-0.1745,71.15735781889634,-7.097647540988531,0.165,1.2752552641837598,3.4270748909529614
65.30000000000057,-1.8664859517670507,4078.507019913307,199.98622683656907,-0.1745,71.16967809531369,-7.170292184853524,0.165,1.2752552641837598,3.4270748909529614
65.40000000000056,-1.8750438157230565,4085.6247977086928,199.2668402225588,-0.1745,71.1858778124013,-7.217440095351579,0.165,1.2752552641837598,3.4270748909529614
65.50000000000055,-1.8806467921943892,4092.7443176868082,198.54355572428756,-0.1745,71.20452174991084,-7.24824987007345,0.165,1.2752552641837598,3.4270748909529614
65.60000000000055,-1.8843586454282535,4099.865778505011,197.81771360618964,-0.1745,71.22469461413542,-7.268592491884748,0.165,1.2752552641837598,3.4270748909529614
65.70000000000054,-1.886860653402762,4106.989303829236,197.09017247502564,-0.1745,71.24581187036112,-7.282230131395556,0.165,1.2752552641837598,3.4270748909529614
65.80000000000054,-1.8885890105773084,4114.114969419345,196.36148232355265,-0.1745,71.26749993182332,-7.2915728980640555,0.165,1.2752552641837598,3.4270748909529614
65.90000000000053,-1.889822924818566,4121.242820413797,195.63199546116707,-0.1745,71.28951995721766,-7.298164349647785,0.165,1.2752552641837598,3.4270748909529614
66.00000000000053,-1.8907410762218873,4128.37288237444,194.90193760211756,-0.1745,71.31171925565026,-7.302992831342553,0.165,1.2752552641837598,3.4270748909529614
66.10000000000052,-1.8914577871528204,4135.505168349534,194.17145340806914,-0.1745,71.33400024622206,-7.306691049625928,0.165,1.2752552641837598,3.4270748909529614
66.20000000000051,-1.8920461875834007,4142.639683392403,193.4406356574748,-0.1745,71.35630061116012,-7.3096639622613,0.165,1.2752552641837598,3.4270748909529614
66.30000000000051,-1.892553047704134,4149.776427452899,192.7095439238592,-0.1745,71.37858059877466,-7.312170710050149,0.165,1.2752552641837598,3.4270748909529614
66.4000000000005,-1.8930082729713007,4156.915397227744,191.9782165336983,-0.1745,71.40081489811404,-7.314377093168247,0.165,1.2752552641837598,3.4270748909529614
66.5000000000005,-1.893430981037775,4164.056587344579,191.24667822032825,-0.1745,71.42298743859328,-7.316389174232682,0.165,1.2752552641837598,3.4270748909529614
66.60000000000049,-1.8938333902684974,4171.19999111959,190.51494502204378,-0.1745,71.44508806162024,-7.318274791456503,0.165,1.2752552641837598,3.4270748909529614
66.70000000000049,-1.894887906994387,4178.345601042194,189.7830274160245,-0.1745,71.46711039047435,-7.320077328928747,0.165,1.2752552641837598,3.4270748909529614
66.80000000000048,-1.8949430248179406,4185.495034027303,189.0506458571323,-0.1745,71.52154931170114,-7.327553848915303,0.495,1.2752552641837598,3.4270748909529614
66.90000000000047,-1.8951128146335814,4192.648284053184,188.3178639520668,-0.1745,71.54345120593337,-7.328084252394862,0.165,1.2752552641837598,3.4270748909529614
67.00000000000047,-1.8953562639933446,4199.8037167144075,187.5850091620977,-0.1745,71.56520201852848,-7.329011546987118,0.165,1.2752552641837598,3.4270748909529614
67.10000000000046,-1.8956471853520331,4206.961318046701,186.85204908343886,-0.1745,71.58682462735396,-7.330190026189627,0.165,1.2752552641837598,3.4270748909529614
67.20000000000046,-1.8959688594077155,4214.121075966264,186.11896325027635,-0.1745,71.60833376389205,-7.331526637060381,0.165,1.2752552641837598,3.4270748909529614
67.30000000000045,-1.896310612935681,4221.28297960214,185.38573882014464,-0.1745,71.62973895363156,-7.332961965573609,0.165,1.2752552641837598,3.4270748909529614
67.40000000000045,-1.8966656328618265,4228.44701886961,184.6523678176169,-0.1745,71.65104639575719,-7.3344580849812475,0.165,1.2752552641837598,3.4270748909529614
67.50000000000044,-1.897029570227786,4235.613184197621,183.9188453737967,-0.1745,71.6722601644688,-7.335990791422391,0.165,1.2752552641837598,3.4270748909529614
67.60000000000043,-1.8973996487707767,4242.781466354673,183.18516860204267,-0.1745,71.69338297657931,-7.337544643658388,0.165,1.2752552641837598,3.4270748909529614
67.70000000000043,-1.8977740958167657,4249.951856337596,182.45133588012132,-0.1745,71.71441668187997,-7.339109794768732,0.165,1.2752552641837598,3.4270748909529614
67.80000000000042,-1.8981517790099025,4257.124345300507,181.71734639194332,-0.1745,71.73536257633936,-7.340679968791107,0.165,1.2752552641837598,3.4270748909529614
67.90000000000042,-1.8985319744707025,4264.2989245094295,180.9831998350649,-0.1745,71.7562216021081,-7.342251168777251,0.165,1.2752552641837598,3.4270748909529614
68.00000000000041,-1.898914218858422,4271.475585313296,180.24889623402547,-0.1745,71.77699447521562,-7.3438208520118256,0.165,1.2752552641837598,3.4270748909529614
68.1000000000004,-1.8992982149886575,4278.65431912541,179.51443582124682,-0.1745,71.797681767086,-7.345387403560988,0.165,1.2752552641837598,3.4270748909529614
68.2000000000004,-1.8996837716287813,4285.835117411593,178.77981896105373,-0.1745,71.81828395656485,-7.3469498003006874,0.165,1.2752552641837598,3.4270748909529614
68.3000000000004,-1.9000707651012372,4293.017971682578,178.04504610121157,-0.1745,71.83880146311921,-7.3485073965425745,0.165,1.2752552641837598,3.4270748909529614
68.40000000000039,-1.9004591147993664,4300.202873489135,177.31011774202088,-0.1745,71.85923466801975,-7.350059787271418,0.165,1.2752552641837598,3.4270748909529614
68.50000000000038,-1.9008487675773549,4307.389814418928,176.57503441661177,-0.1745,71.87958392785319,-7.351606720910615,0.165,1.2752552641837598,3.4270748909529614
68.60000000000038,-1.901239687799579,4314.578786094477,175.8397966783818,-0.1745,71.89984958314052,-7.35314804368881,0.165,1.2752552641837598,3.4270748909529614
68.70000000000037,-1.7223818976944347,4321.769780171826,175.10440509298905,-0.1745,71.92003196383287,-7.354683664165934,0.165,1.2752552641837598,3.4270748909529614
68.80000000000037,-1.7880292989652653,4328.965517608914,174.4011475503572,-0.1495,71.99471677792303,-6.71046718847114,0.165,1.2752552641837598,3.4270748909529614
68.90000000000036,-1.8299705634545522,4336.1641581962685,173.7183490818229,-0.1745,71.97809496916668,-6.945502182214573,0.165,1.2752552641837598,3.4270748909529614
69.00000000000036,-1.856807165198302,4343.361808469903,173.01628847092186,-0.1745,71.9749105035193,-7.095710035806543,0.165,1.2752552641837598,3.4270748909529614
69.10000000000035,-1.8740255082443085,4350.559562604925,172.30190938695276,-0.1745,71.98017219692981,-7.191871643575689,0.165,1.2752552641837598,3.4270748909529614
69.20000000000034,-1.0798040624042113,4357.758108649445,171.5796351804522,-0.1745,71.99074869345917,-7.253612486435681,0.165,1.2752552641837598,3.4270748909529614
69.30000000000034,-1.378499457706932,4364.955904623771,170.998319592511,-0.06225,71.96517079307066,-4.37269927238838,0.495,1.2752552641837598,3.4270748909529614
69.40000000000033,-1.5698570185061647,4372.1446150532265,170.50771315734545,-0.1745,71.80903779604851,-5.43942943092264,0.165,1.2752552641837598,3.4270748909529614
69.50000000000033,-1.5144312324647968,4379.321070609227,169.92964879526198,-0.1745,71.72007332394912,-6.121857810746626,0.165,1.2752552641837598,3.4270748909529614
69.60000000000032,-1.6570971810615196,4386.494213962327,169.32745561438708,-0.1495,71.74279373805679,-5.922005806751562,0.165,1.2752552641837598,3.4270748909529614
69.70000000000032,-1.7484146167921633,4393.6655074513665,168.7098256042757,-0.1745,71.68307604272246,-6.430594395476052,0.165,1.2752552641837598,3.4270748909529614
69.80000000000031,-1.8068734522783125,4400.832329391249,168.05048966132784,-0.1745,71.6533627549333,-6.756124463480782,0.165,1.2752552641837598,3.4270748909529614
69.9000000000003,-1.8443273078157352,4407.997117389943,167.3644531667512,-0.1745,71.6423972189551,-6.964605428052396,0.165,1.2752552641837598,3.4270748909529614
70.0000000000003,-1.8683639805613623,4415.161398078444,166.6613088418371,-0.1745,71.64321655106374,-7.098281070229625,0.165,1.2752552641837598,3.4270748909529614
70.10000000000029,-1.883835246139828,4422.326132167601,165.94718619637263,-0.1745,71.65146523207007,-7.184171839060026,0.165,1.2752552641837598,3.4270748909529614
70.20000000000029,-1.8938409328241013,4429.491925380491,165.2260000965303,-0.1745,71.66439902572603,-7.239550157786338,0.165,1.2752552641837598,3.4270748909529614
70.30000000000028,-1.900360376368546,4436.659159380144,164.50025003299126,-0.1745,71.68028096733948,-7.27545111299421,0.165,1.2752552641837598,3.4270748909529614
70.40000000000028,-1.9046568846476541,4443.828073853394,163.77153139296996,-0.1745,71.69800849765669,-7.298921687432008,0.165,1.2752552641837598,3.4270748909529614
70.50000000000027,-1.9075364826607584,4450.998818305191,163.0408622868553,-0.1745,71.71688053828927,-7.314460434861666,0.165,1.2752552641837598,3.4270748909529614
70.60000000000026,-1.9095132904744267,4458.171484874872,162.3088923541278,-0.1745,71.7364508553249,-7.324938219687681,0.165,1.2752552641837598,3.4270748909529614
70.70000000000026,-1.9109151578018748,4465.346129181855,161.57603610864282,-0.1745,71.75643528434611,-7.332186690011872,0.165,1.2752552641837598,3.4270748909529614
70.80000000000025,-1.911951105835028,4472.52278358844,160.84255806415976,-0.1745,71.77665284735524,-7.337374199649588,0.165,1.2752552641837598,3.4270748909529614
70.90000000000025,-1.9127543694181535,4479.701465646151,160.10862706137553,-0.1745,71.79698830686469,-7.341245856034871,0.165,1.2752552641837598,3.4270748909529614
71.00000000000024,-1.9134098589728523,4486.882183477699,159.37435093077463,-0.1745,71.81736832410589,-7.344276755983318,0.165,1.2752552641837598,3.4270748909529614
71.10000000000024,-1.9139716774813995,4494.064939207318,158.63979860405325,-0.1745,71.83774626827392,-7.3467697784441786,0.165,1.2752552641837598,3.4270748909529614
71.20000000000023,-1.914474291482363,4501.249731147433,157.90501421613834,-0.1745,71.85809253400832,-7.348917979853878,0.165,1.2752552641837598,3.4270748909529614
71.30000000000022,-1.914939653642953,4508.436555192566,157.1700260973313,-0.1745,71.8783883686524,-7.350844396287188,0.165,1.2752552641837598,3.4270748909529614
71.40000000000022,-1.9153817432165534,4515.6254057078395,156.4348525060978,-0.1745,71.89862193682198,-7.352627428382355,0.165,1.2752552641837598,3.4270748909529614
71.50000000000021,-1.91580945994346,4522.816276095253,155.6995052832652,-0.1745,71.91878581143453,-7.354317028269387,0.165,1.2752552641837598,3.4270748909529614
71.60000000000021,-1.916228468179662,4530.009159154539,154.96399218087885,-0.1745,71.93887537427894,-7.355945019458013,0.165,1.2752552641837598,3.4270748909529614
71.7000000000002,-1.9166423718594685,4537.204047313078,154.22831834615232,-0.1745,71.95888779651604,-7.35753167507256,0.165,1.2752552641837598,3.4270748909529614
71.8000000000002,-1.917053462980597,4544.40093277235,153.4924872668831,-0.1745,71.9788213889205,-7.359089910311889,0.165,1.2752552641837598,3.4270748909529614
71.90000000000019,-1.9174631983307524,4551.599807601187,152.75650137367023,-0.1745,71.99867518782982,-7.360627953945493,0.165,1.2752552641837598,3.4270748909529614
72.00000000000018,-1.9178725030746933,4558.800663795146,152.02036242345585,-0.1745,72.01844869133527,-7.362151050342424,0.165,1.2752552641837598,3.4270748909529614
72.10000000000018,-1.9182819640513424,4566.003493314273,151.2840717437555,-0.1745,72.03814169122458,-7.363662543664383,0.165,1.2752552641837598,3.4270748909529614
72.20000000000017,-1.9186919528278557,4573.208288107132,150.54763038815318,-0.1745,72.05775416593974,-7.365164568382253,0.165,1.2752552641837598,3.4270748909529614
72.30000000000017,-1.9191027040237212,4580.4150401260495,149.8110392352846,-0.1745,72.07728621240862,-7.366658488989433,0.165,1.2752552641837598,3.4270748909529614
72.40000000000016,-1.9195143651560396,4587.623741336802,149.0742990518371,-0.1745,72.09673800264011,-7.368145179960307,0.165,1.2752552641837598,3.4270748909529614
72.50000000000016,-1.919927028355758,4594.8343837247385,148.33741053264077,-0.1745,72.11610975609135,-7.3696252039660965,0.165,1.2752552641837598,3.4270748909529614
72.60000000000015,-1.920340750545232,4602.046959298647,147.60037432617722,-0.1745,72.13540172207898,-7.37109892530485,0.165,1.2752552641837598,3.4270748909529614
72.70000000000014,-1.9207555662728981,4609.26146009318,146.86319105080773,-0.1745,72.15461416858544,-7.372566582085063,0.165,1.2752552641837598,3.4270748909529614
72.80000000000014,-1.9211714958758894,4616.477878170366,146.12586130509578,-0.1745,72.1737473751363,-7.374028332153791,0.165,1.2752552641837598,3.4270748909529614
72.90000000000013,-1.921588550670453,4623.696205620537,145.38838567437236,-0.1745,72.192801628269,-7.375484282314455,0.165,1.2752552641837598,3.4270748909529614
73.00000000000013,-1.922006736251859,4630.916434562882,144.6507647349111,-0.1745,72.21177721865057,-7.376934506911124,0.165,1.2752552641837598,3.4270748909529614
73.10000000000012,-1.9224260545920104,4638.138557145777,143.91299905658317,-0.1745,72.23067443924478,-7.378379059647293,0.165,1.2752552641837598,3.4270748909529614
73.20000000000012,-1.9228465053725698,4645.362565546946,143.17508920454577,-0.1745,72.24949358414673,-7.379817981100842,0.165,1.2752552641837598,3.4270748909529614
73.30000000000011,-1.923268086832046,4652.5884519735455,142.43703574031565,-0.1745,72.26823494784222,-7.381251303501612,0.165,1.2752552641837598,3.4270748909529614
73.4000000000001,-1.9236907963039342,4659.816208662174,141.69883922245216,-0.1745,72.28689882473707,-7.382679053768173,0.165,1.2752552641837598,3.4270748909529614
73.5000000000001,-1.9241146305585008,4667.045827878854,140.96050020699187,-0.1745,72.30548550885831,-7.384101255437731,0.165,1.2752552641837598,3.4270748909529614
73.6000000000001,-1.9245395860197902,4674.27730191898,140.22201924772537,-0.1745,72.32399529366448,-7.385517929892367,0.165,1.2752552641837598,3.4270748909529614
73.70000000000009,-1.9249656589033548,4681.51062310726,139.48339689637385,-0.1745,72.34242847192539,-7.386929097137993,0.165,1.2752552641837598,3.4270748909529614
73.80000000000008,-1.9253928453036275,4688.745783797638,138.744633702702,-0.1745,72.36078533564601,-7.388334776299062,0.165,1.2752552641837598,3.4270748909529614
73.90000000000008,-1.1158464332336797,4695.982776373221,138.00573021459041,-0.1745,72.37906617601843,-7.3897349859326456,0.165,1.2752552641837598,3.4270748909529614
74.00000000000007,-1.4110729453020234,4703.217686594192,137.41450353311453,-0.06225,72.31913824340204,-4.434798643585315,0.165,1.2752552641837598,3.4270748909529614
74.10000000000007,-1.599674249981977,4710.441779937204,136.91805559666432,-0.1745,72.16272861683693,-5.494160085419075,0.165,1.2752552641837598,3.4270748909529614
74.20000000000006,-1.7200838460020416,4717.653582568501,136.33485298316012,-0.1745,72.07332400911235,-6.169892184664715,0.165,1.2752552641837598,3.4270748909529614
74.30000000000005,-1.7969477738571118,4724.858490803066,135.6963061496997,-0.1745,72.02484068218767,-6.601044484543823,0.165,1.2752552641837598,3.4270748909529614
74.40000000000005,-1.8460380438388304,4732.059818151491,135.02244234331783,-0.1745,72.00170628630516,-6.876231643093626,0.165,1.2752552641837598,3.4270748909529614
74.50000000000004,-1.8774301923491643,4739.259623996824,134.32603077010413,-0.1745,71.9944106203749,-7.05199982118044,0.165,1.2752552641837598,3.4270748909529614
74.60000000000004,-1.8975522174472927,4746.459197490538,133.61520954411952,-0.1745,71.99705925389591,-7.164424698511505,0.165,1.2752552641837598,3.4270748909529614
74.70000000000003,-1.9105011252473714,4753.659348643986,132.89516286838042,-0.1745,72.0059638150716,-7.236508816270494,0.165,1.2752552641837598,3.4270748909529614
74.80000000000003,-1.9188864103511554,4760.86058694753,132.16919190364789,-0.1745,72.0188022557975,-7.282910478380022,0.165,1.2752552641837598,3.4270748909529614
74.90000000000002,-1.924369284771445,4768.063232414818,131.43939807791708,-0.1745,72.03410708997696,-7.312966036235975,0.165,1.2752552641837598,3.4270748909529614
75.00000000000001,-1.9280068728206285,4775.267485204011,130.7071187886798,-0.1745,72.05094869386876,-7.3326197485097735,0.165,1.2752552641837598,3.4270748909529614
75.10000000000001,-1.9304716778531053,4782.473469505407,129.97320505213236,-0.1745,72.06873733404497,-7.345654982438866,0.165,1.2752552641837598,3.4270748909529614
75.2,-1.9321914133360978,4789.68126130229,129.23819834739237,-0.1745,72.08709860363317,-7.35447911236065,0.165,1.2752552641837598,3.4270748909529614
75.3,-1.933438046109982,4796.8909059684875,128.50244321114639,-0.1745,72.10579472031309,-7.360623612558959,0.165,1.2752552641837598,3.4270748909529614
75.39999999999999,-1.9343844752238066,4804.102429438029,127.76615890310065,-0.1745,72.12467467051297,-7.36506254835581,0.165,1.2752552641837598,3.4270748909529614
75.49999999999999,-1.9351405982900882,4811.315845300349,127.02948500859793,-0.1745,72.14364257588943,-7.368415341698391,0.165,1.2752552641837598,3.4270748909529614
75.59999999999998,-1.9357762555404754,4818.531159309258,126.29251045028612,-0.1745,72.16263760230048,-7.371075824537995,0.165,1.2752552641837598,3.4270748909529614
75.69999999999997,-1.9363358227024743,4825.748372248996,125.55529194119066,-0.1745,72.18162119245098,-7.373294357370984,0.165,1.2752552641837598,3.4270748909529614
75.79999999999997,-1.9368474905054114,4832.9674817561245,124.81786571974713,-0.1745,72.2005689501199,-7.375230071499535,0.165,1.2752552641837598,3.4270748909529614
75.89999999999996,-1.9386589847530518,4840.188483477658,124.08025501126185,-0.1745,72.21946548055573,-7.376984098206037,0.165,1.2752552641837598,3.4270748909529614
75.99999999999996,-1.938467888224491,4847.414646311982,123.34189749894,-0.1745,72.3037912059167,-7.39016614823113,0.8300000000000001,1.2752552641837598,3.4270748909529614
76.09999999999995,-1.7587506837187408,4854.645968465548,122.60292202259794,-0.1745,72.3226518654047,-7.389343378609979,0.165,1.2752552641837598,3.4270748909529614
76.19999999999995,-1.8246768913113907,4861.8835768593335,121.89639217229528,-0.1495,72.42951601029345,-6.74125362744325,0.495,1.2752552641837598,3.4270748909529614
76.29999999999994,-1.866667068445609,4869.12558683624,121.2104079189887,-0.1745,72.41068352781939,-6.9784314386883795,0.165,1.2752552641837598,3.4270748909529614
76.39999999999993,-1.8934591235441334,4876.366397600252,120.50501455661785,-0.1745,72.405531752425,-7.129435808728466,0.165,1.2752552641837598,3.4270748909529614
76.49999999999993,-1.9106068992162084,4883.60712176517,119.78725631820117,-0.1745,72.4089515459282,-7.225728959605166,0.165,1.2752552641837598,3.4270748909529614
76.59999999999992,-1.9216374735983495,4890.848456787633,119.06160488751742,-0.1745,72.41774890334467,-7.287299654069865,0.165,1.2752552641837598,3.4270748909529614
76.69999999999992,-1.9287894348523817,4898.090840062296,118.33089788230657,-0.1745,72.42991658990262,-7.326840450147091,0.165,1.2752552641837598,3.4270748909529614
76.79999999999991,-1.9334829534283169,4905.334545343866,117.59693549124614,-0.1745,72.44418904150679,-7.352407371061519,0.165,1.2752552641837598,3.4270748909529614
76.8999999999999,-1.9366186872961875,4912.579743131696,116.86085953221968,-0.1745,72.45976671508991,-7.369111809467837,0.165,1.2752552641837598,3.4270748909529614
76.9999999999999,-1.9387676710305934,4919.826538661911,116.12339414551988,-0.1745,72.47614388921,-7.380195924528098,0.165,1.2752552641837598,3.4270748909529614
77.0999999999999,-1.940291870170952,4927.074995880806,115.38499856259024,-0.1745,72.49300048867273,-7.387715734064729,0.165,1.2752552641837598,3.4270748909529614
77.19999999999989,-1.9414206810928079,4934.32515259966,114.64596403596076,-0.1745,72.51013388842787,-7.392974798524868,0.165,1.2752552641837598,3.4270748909529614
77.29999999999988,-1.9422994581077755,4941.577030085397,113.90647532331133,-0.1745,72.5274158263243,-7.396799454463848,0.165,1.2752552641837598,3.4270748909529614
77.39999999999988,-1.9430202876588565,4948.830639133871,113.16664967877674,-0.1745,72.54476514315547,-7.399713436227849,0.165,1.2752552641837598,3.4270748909529614
77.49999999999987,-1.9436414997425897,4956.085983917141,112.42656157510646,-0.1745,72.56213052222999,-7.4020486371776055,0.165,1.2752552641837598,3.4270748909529614
77.59999999999987,-1.9442000360533316,4963.343064421024,111.68625837575422,-0.1745,72.57947955542397,-7.404015349867173,0.165,1.2752552641837598,3.4270748909529614
77.69999999999986,-1.9447192886510765,4970.601877989556,110.94577026820615,-0.1745,72.5967918152226,-7.405746801094285,0.165,1.2752552641837598,3.4270748909529614
77.79999999999986,-1.9465391844896005,4977.862420303547,110.20511655895073,-0.1745,72.61405446460883,-7.4073273840139775,0.165,1.2752552641837598,3.4270748909529614
77.89999999999985,-1.9463674125713308,4985.1279605053205,109.4637323897517,-0.1745,72.69674957086103,-7.420355999966836,0.8300000000000001,1.2752552641837598,3.4270748909529614
77.99999999999984,-1.946427109844456,4992.398497135662,108.72174510794417,-0.1745,72.71398303596843,-7.419389636183705,0.165,1.2752552641837598,3.4270748909529614
78.09999999999984,-1.946633546704486,4999.67074711931,107.97981307192337,-0.1745,72.73101663700416,-7.41925108423235,0.165,1.2752552641837598,3.4270748909529614
78.19999999999983,-1.9469331347360757,5006.944692862969,107.23786880656168,-0.1745,72.74789823615308,-7.4196342230014425,0.165,1.2752552641837598,3.4270748909529614
78.29999999999983,-1.9472919851274437,5014.220320685635,106.49586982510782,-0.1745,72.76465821716559,-7.420345406075705,0.165,1.2752552641837598,3.4270748909529614
78.39999999999982,-1.9476886692729936,5021.497619391515,105.75378944705963,-0.1745,72.78131590045165,-7.421262154887989,0.165,1.2752552641837598,3.4270748909529614
78.49999999999982,-1.9481096387594896,5028.776579366793,105.01161098850747,-0.1745,72.79788360511246,-7.422307016155101,0.165,1.2752552641837598,3.4270748909529614
78.59999999999981,-1.9485463281795523,5036.057192008063,104.26932408676682,-0.1745,72.81436922029057,-7.423431018658072,0.165,1.2752552641837598,3.4270748909529614
78.6999999999998,-1.9489933226920026,5043.339449360703,103.52692237553777,-0.1745,72.83077783251464,-7.4246032059229865,0.165,1.2752552641837598,3.4270748909529614
78.7999999999998,-1.949447199176523,5050.623343890099,102.78440201453364,-0.1745,72.84711275540494,-7.4258040141595725,0.165,1.2752552641837598,3.4270748909529614
78.89999999999979,-1.9499057934710606,5057.908868336925,102.04176075965401,-0.1745,72.86337618110804,-7.427021083433085,0.165,1.2752552641837598,3.4270748909529614
78.99999999999979,-1.9503677370925354,5065.196015625598,101.29899737506474,-0.1745,72.87956959235568,-7.42824660835225,0.165,1.2752552641837598,3.4270748909529614
79.09999999999978,-1.950832164374052,5072.48477880637,100.55611126151295,-0.1745,72.89569402306927,-7.4294756626835765,0.165,1.2752552641837598,3.4270748909529614
79.19999999999978,-1.951298527356011,5079.775151018681,99.81310222137847,-0.1745,72.91175022315402,-7.430705140005932,0.165,1.2752552641837598,3.4270748909529614
79.29999999999977,-1.9517664788005464,5087.067125467973,99.06997031017929,-0.1745,72.92773876269244,-7.431933083977688,0.165,1.2752552641837598,3.4270748909529614
79.39999999999976,-1.952235798268561,5094.360695410998,98.32671574273142,-0.1745,72.94366009781326,-7.433158264979513,0.165,1.2752552641837598,3.4270748909529614
79.49999999999976,-1.9527063454141276,5101.655854146506,97.58333883385573,-0.1745,72.95951461232673,-7.434379912534218,0.165,1.2752552641837598,3.4270748909529614
79.59999999999975,-1.95317803047912,5108.952595009324,96.83983996091867,-0.1745,72.9753026440387,-7.4355975462071555,0.165,1.2752552641837598,3.4270748909529614
79.69999999999975,-1.9549713523129797,5116.250911366595,96.09621954017048,-0.1745,72.99102450137943,-7.436810868756514,0.165,1.2752552641837598,3.4270748909529614
79.79999999999974,-1.9547962456998462,5123.554071120147,95.35190073942398,-0.1745,73.07217056965756,-7.449565146173336,0.8300000000000001,1.2752552641837598,3.4270748909529614
79.89999999999974,-1.7736926415832994,5130.862072207417,94.60700347069655,-0.1745,73.08785117576726,-7.448380228375136,0.165,1.2752552641837598,3.4270748909529614
79.99999999999973,-1.8408117644548443,5138.177797865801,93.89502853523851,-0.1495,73.22666199190225,-6.791118480785793,0.8300000000000001,1.2752552641837598,3.4270748909529614
80.09999999999972,-1.7016339219662746,5145.499297182669,93.20373101040275,-0.1745,73.20332434545635,-7.034832015929509,0.165,1.2752552641837598,3.4270748909529614
80.19999999999972,-1.7957243918673125,5152.823995196009,92.52564517017068,-0.1495,73.2906359213491,-6.526884788711984,0.495,1.2752552641837598,3.4270748909529614
80.29999999999971,-1.8552330307584541,5160.151089297858,91.85585335170825,-0.1745,73.25124611563527,-6.868951580536472,0.165,1.2752552641837598,3.4270748909529614
80.39999999999971,-1.8929177852448955,5167.475261274625,91.15815394802041,-0.1745,73.2321934197175,-7.085036493220107,0.165,1.2752552641837598,3.4270748909529614
80.4999999999997,-1.9168397924943994,5174.798159292835,90.4428197173841,-0.1745,73.2257669444876,-7.221648119506081,0.165,1.2752552641837598,3.4270748909529614
80.5999999999997,-1.9320871661714305,5182.120808029476,89.71633000318309,-0.1745,73.22720778832334,-7.3081461645142,0.165,1.2752552641837598,3.4270748909529614
80.69999999999969,-1.941869093484102,5189.443846247224,88.98276995816816,-0.1745,73.23355656663617,-7.3630547357843765,0.165,1.2752552641837598,3.4270748909529614
80.79999999999968,-1.9482086148617772,5196.767672282561,88.24471443228556,-0.1745,73.24296414010001,-7.398055781867679,0.165,1.2752552641837598,3.4270748909529614
80.89999999999968,-1.9523805482304446,5204.092534072544,87.50378596708413,-0.1745,73.2542716595674,-7.420513522160955,0.165,1.2752552641837598,3.4270748909529614
80.99999999999967,-1.955187988720535,5211.41858523378,86.7610068453279,-0.1745,73.266751565139,-7.435068912963657,0.165,1.2752552641837598,3.4270748909529614
81.09999999999967,-1.9571367465281355,5218.745920141622,86.01702109964539,-0.1745,73.27994659171394,-7.4446460006866335,0.165,1.2752552641837598,3.4270748909529614
81.19999999999966,-1.9585453344119004,5226.07459593089,85.27223446331377,-0.1745,73.29356919364388,-7.451086725945811,0.165,1.2752552641837598,3.4270748909529614
81.29999999999966,-1.9596142897816224,5233.404646316382,84.52690256775284,-0.1745,73.30743851621469,-7.455551185272722,0.165,1.2752552641837598,3.4270748909529614
81.39999999999965,-1.9604698534630784,5240.736090283186,83.78118651219512,-0.1745,73.32144081986003,-7.45876992588179,0.165,1.2752552641837598,3.4270748909529614
81.49999999999964,-1.9611914846018523,5248.0689375542215,83.0351878692398,-0.1745,73.33550460084157,-7.46120293322443,0.165,1.2752552641837598,3.4270748909529614
81.59999999999964,-1.9618291900338098,5255.403192031255,82.28897073262709,-0.1745,73.3495849398103,-7.46313979902986,0.165,1.2752552641837598,3.4270748909529614
81.69999999999963,-1.9624144368364176,5262.738853960826,81.54257560168008,-0.1745,73.36365365162517,-7.464762819910155,0.165,1.2752552641837598,3.4270748909529614
81.79999999999963,-1.962967023106982,5270.075921297652,80.79602812374499,-0.1745,73.3776930848819,-7.466186738791799,0.165,1.2752552641837598,3.4270748909529614
81.89999999999962,-1.9634994033640822,5277.414390562822,80.04934459821766,-0.1745,73.39169221851371,-7.46748377175492,0.165,1.2752552641837598,3.4270748909529614
81.99999999999962,-1.9640194111913818,5284.75425738397,79.30253544131054,-0.1745,73.40564420444767,-7.468699366387591,0.165,1.2752552641837598,3.4270748909529614
82.09999999999961,-1.142648321124107,5292.095516835226,78.55560736684617,-0.1745,73.4195448206675,-7.469862122899745,0.165,1.2752552641837598,3.4270748909529614
82.1999999999996,-1.4464303521670143,5299.434392417515,77.960666136049,-0.06225,73.35796682511344,-4.428962493043773,0.165,1.2752552641837598,3.4270748909529614
82.2999999999996,-1.6389449632570958,5306.761726848848,77.46251020809638,-0.1745,73.18872180156276,-5.5341560660087135,0.165,1.2752552641837598,3.4270748909529614
82.3999999999996,-1.7608845506854929,5314.07570240619,76.87414389455054,-0.1745,73.09078934527491,-6.233170204908008,0.165,1.2752552641837598,3.4270748909529614
82.49999999999959,-1.838125026792683,5321.382042398756,76.22871490106645,-0.1745,73.03601050603453,-6.675409664773852,0.165,1.2752552641837598,3.4270748909529614
82.59999999999958,-1.887088171264334,5328.684229854572,75.5471811675273,-0.1745,73.00773861027128,-6.955265006009168,0.165,1.2752552641837598,3.4270748909529614
82.69999999999958,-1.9181781879825355,5335.9844116678805,74.84279487266912,-0.1745,72.99589765591139,-7.132460891154497,0.165,1.2752552641837598,3.4270748909529614
82.79999999999957,-1.9379783757374232,5343.283921302617,74.12393264106244,-0.1745,72.99429503881802,-7.2447837409790266,0.165,1.2752552641837598,3.4270748909529614
82.89999999999957,-1.9506505304690838,5350.583590428266,73.39588706141087,-0.1745,72.99908747415405,-7.316127852052146,0.165,1.2752552641837598,3.4270748909529614
82.99999999999956,-1.9588239256199174,5357.8839385463525,72.6620009310663,-0.1745,73.00787488758927,-7.3615947548394365,0.165,1.2752552641837598,3.4270748909529614
83.09999999999955,-1.9641588659779625,5365.185289922085,71.92438496584306,-0.1745,73.01915262705266,-7.390724549625427,0.165,1.2752552641837598,3.4270748909529614
83.19999999999955,-1.967703420091686,5372.487846309953,71.1843716449864,-0.1745,73.0319751303035,-7.40954186750773,0.165,1.2752552641837598,3.4270748909529614
83.29999999999954,-1.9701190054493225,5379.791732432766,70.44280204016377,-0.1745,73.04574732595991,-7.421850228944777,0.165,1.2752552641837598,3.4270748909529614
83.39999999999954,-1.9718229407308696,5387.097024519797,69.70020701088444,-0.1745,73.06009441465244,-7.430050356641911,0.165,1.2752552641837598,3.4270748909529614
83.49999999999953,-1.9730784830710126,5394.40376825274,68.95692163009477,-0.1745,73.07478024420199,-7.4356572591516,0.165,1.2752552641837598,3.4270748909529614
83.59999999999953,-1.9740516757869262,5401.711990065598,68.21315742495027,-0.1745,73.08965601296309,-7.439626843738419,0.165,1.2752552641837598,3.4270748909529614
83.69999999999952,-1.9748472309723133,5409.021704265321,67.46904797487551,-0.1745,73.10462798150154,-7.442562157756737,0.165,1.2752552641837598,3.4270748909529614
83.79999999999951,-1.9755311737655123,5416.332917520868,66.72467768750086,-0.1745,73.11963712944772,-7.444843589736338,0.165,1.2752552641837598,3.4270748909529614
83.89999999999951,-1.9761451296999308,5423.645631693901,65.98009995553628,-0.1745,73.13464633120289,-7.446711049555182,0.165,1.2752552641837598,3.4270748909529614
83.9999999999995,-1.976715337795395,5430.959845623914,65.2353486115654,-0.1745,73.1496322690476,-7.448315829862202,0.165,1.2752552641837598,3.4270748909529614
84.0999999999995,-1.97725833556169,5438.27555625401,64.4904451536149,-0.1745,73.16458033287142,-7.449753329147664,0.165,1.2752552641837598,3.4270748909529614
84.19999999999949,-1.9777845443076616,5445.592759340821,63.74540330235422,-0.1745,73.17948140336985,-7.45108369606588,0.165,1.2752552641837598,3.4270748909529614
84.29999999999949,-1.9783005299507683,5452.91144990215,63.000231874964776,-0.1745,73.19432982320392,-7.45234485172294,0.165,1.2752552641837598,3.4270748909529614
84.39999999999948,-1.9794647596664676,5460.231622499185,62.254936597231364,-0.1745,73.20912211748305,-7.453560702945228,0.165,1.2752552641837598,3.4270748909529614
84.49999999999947,-1.9796498308216246,5467.554896356628,61.509234780003155,-0.1745,73.25635503139226,-7.460475641618969,0.495,1.2752552641837598,3.4270748909529614
84.59999999999947,-1.9799526530178326,5474.88126781625,60.76318827802346,-0.1745,73.27107416104654,-7.46045439797491,0.165,1.2752552641837598,3.4270748909529614
84.69999999999946,-1.9803299422985974,5482.209104813946,60.01712285086825,-0.1745,73.2856657928838,-7.460854145129337,0.165,1.2752552641837598,3.4270748909529614
84.79999999999946,-1.9807544465379094,5489.538395840054,59.271004279420055,-0.1745,73.30015472928241,-7.46151728383459,0.165,1.2752552641837598,3.4270748909529614
84.89999999999945,-1.9812090090612742,5496.869131410504,58.52481118638932,-0.1745,73.31455667972442,-7.462344576780091,0.165,1.2752552641837598,3.4270748909529614
84.99999999999945,-1.9816828297132303,5504.201303325752,57.77853028027416,-0.1745,73.3288816252211,-7.463273545523048,0.165,1.2752552641837598,3.4270748909529614
85.09999999999944,-1.9821691102111618,5511.534904203931,57.032153359934995,-0.1745,73.3431359383612,-7.464264861260311,0.165,1.2752552641837598,3.4270748909529614
85.19999999999943,-1.9826635714415621,5518.869927186797,56.285675428250286,-0.1745,73.3573237189743,-7.465293772433834,0.165,1.2752552641837598,3.4270748909529614
85.29999999999943,-1.9831635199198374,5526.2063657545195,55.53909350434649,-0.1745,73.37144763548037,-7.466344705642073,0.165,1.2752552641837598,3.4270748909529614
85.39999999999942,-1.9836672600828682,5533.544213609033,54.792405875785896,-0.1745,73.38550945478688,-7.467407865569825,0.165,1.2752552641837598,3.4270748909529614
85.49999999999942,-1.984173724342703,5540.883464600572,54.04561162780491,-0.1745,73.39951037598199,-7.4684770940498595,0.165,1.2752552641837598,3.4270748909529614
85.59999999999941,-1.9846822402423028,5548.224112681393,53.29871034699607,-0.1745,73.41345124044445,-7.469548522127018,0.165,1.2752552641837598,3.4270748909529614
85.6999999999994,-1.9851923839203969,5555.566151876622,52.55170193481486,-0.1745,73.42733266412301,-7.470619721497097,0.165,1.2752552641837598,3.4270748909529614
85.7999999999994,-1.9857038879037088,5562.909576265868,51.8045864902211,-0.1745,73.44115512080597,-7.471689170378129,0.165,1.2752552641837598,3.4270748909529614
85.8999999999994,-1.986216583091579,5570.254379971635,51.057364235835124,-0.1745,73.45491899453282,-7.472755917341288,0.165,1.2752552641837598,3.4270748909529614
85.99999999999939,-1.1642832911128782,5577.600557151991,50.310035471480155,-0.1745,73.46862461257976,-7.473819369758034,0.165,1.2752552641837598,3.4270748909529614
86.09999999999938,-1.4684730273120128,5584.944336714452,49.71490571721258,-0.06225,73.40696663665075,-4.428775715593493,0.165,1.2752552641837598,3.4270748909529614
86.19999999999938,-1.661177128978596,5592.276540726929,49.21666040912108,-0.1745,73.23711361288659,-5.536130446236495,0.165,1.2752552641837598,3.4270748909529614
86.29999999999937,-1.783195502794469,5599.595335352244,48.62804238447597,-0.1745,73.13877889341589,-6.236230046665749,0.165,1.2752552641837598,3.4270748909529614
86.39999999999937,-1.860462074987387,5606.906459471539,47.982281974599374,-0.1745,73.08370349249981,-6.678978150866153,0.165,1.2752552641837598,3.4270748909529614
86.49999999999936,-1.9094289496169272,5614.213404113795,47.300380989672014,-0.1745,73.05518935262548,-6.959041547681109,0.165,1.2752552641837598,3.4270748909529614
86.59999999999935,-1.1235145098697945,5621.518320262667,46.59561412770912,-0.1745,73.04313362481408,-7.13629569157684,0.165,1.2752552641837598,3.4270748909529614
86.69999999999935,-1.442875558223341,5628.819694462588,46.02664317460501,-0.06225,72.98435037361764,-4.243123370505334,0.165,1.2752552641837598,3.4270748909529614
86.79999999999934,-1.6459282711735768,5636.109297547228,45.544529441467844,-0.1745,72.80771131919657,-5.399151292238021,0.165,1.2752552641837598,3.4270748909529614
86.89999999999934,-1.7749550830920005,5643.384965336482,44.96793782795289,-0.1745,72.70564446587693,-6.132680978061089,0.165,1.2752552641837598,3.4270748909529614
86.99999999999933,-1.856938405539824,5650.652685040201,44.33138978761149,-0.1745,72.64874960849544,-6.5982798287668345,0.165,1.2752552641837598,3.4270748909529614
87.09999999999933,-1.0974121524152947,5657.916104952615,43.65678145263061,-0.1745,72.61964863979094,-6.893886870850762,0.165,1.2752552641837598,3.4270748909529614
87.19999999999932,-1.4263866095117304,5665.178551839007,43.10614687404419,-0.06225,72.62928908804827,-4.118804700877639,0.8300000000000001,1.2752552641837598,3.4270748909529614
87.29999999999932,-1.6361791746200605,5672.432467113642,42.63500891961443,-0.1745,72.44901640465503,-5.30395438771767,0.165,1.2752552641837598,3.4270748909529614
87.39999999999931,-1.7698793353290743,5679.672169497838,42.06689993392682,-0.1745,72.34503127926003,-6.058225326034489,0.165,1.2752552641837598,3.4270748909529614
87.4999999999993,-1.855073144928946,5686.903787614135,41.437066392822594,-0.1745,72.28733104666891,-6.538445496050015,0.165,1.2752552641837598,3.4270748909529614
87.5999999999993,-1.9093851167194842,5694.131062456489,40.76793079588221,-0.1745,72.25816580042985,-6.844266442757743,0.165,1.2752552641837598,3.4270748909529614
87.69999999999929,-1.765291843081986,5701.356309065354,40.073760671558986,-0.1745,72.24676637686377,-7.039136043706668,0.165,1.2752552641837598,3.4270748909529614
87.79999999999929,-1.852652450761526,5708.5872641204505,39.39563620340619,-0.1495,72.37233472506368,-6.523353319349244,0.8300000000000001,1.2752552641837598,3.4270748909529614
87.89999999999928,-1.9083085313087937,5715.822955905107,38.72760462913393,-0.1745,72.34150096807058,-6.837278166096037,0.165,1.2752552641837598,3.4270748909529614
87.99999999999928,-1.9438116058884485,5723.056478588918,38.03388265182386,-0.1745,72.32895270814797,-7.037161380105378,0.165,1.2752552641837598,3.4270748909529614
88.09999999999927,-1.9665136118179976,5730.289318421218,37.323795930374324,-0.1745,72.32784393784877,-7.164573048885303,0.165,1.2752552641837598,3.4270748909529614
88.19999999999926,-1.9810888260076203,5737.522406226701,36.60326975146788,-0.1745,72.33391217180812,-7.24595052924363,0.165,1.2752552641837598,3.4270748909529614
88.29999999999926,-1.9905068894423898,5744.756326083638,35.876067352911285,-0.1745,72.34448496693747,-7.298097441888226,0.165,1.2752552641837598,3.4270748909529614
88.39999999999925,-1.9973172875041731,5751.991444302482,35.144578041476336,-0.1745,72.35787940994662,-7.3316887868107665,0.165,1.2752552641837598,3.4270748909529614
88.49999999999925,-2.001065009415976,5759.2296148564255,34.41003196606556,-0.1745,72.40553166892889,-7.359232721404785,0.495,1.2752552641837598,3.4270748909529614
88.59999999999924,-2.003616159210372,5766.470982267519,33.673450470328376,-0.1745,72.42181655293786,-7.372397193338876,0.165,1.2752552641837598,3.4270748909529614
88.69999999999924,-2.0054092625347804,5773.714007952079,32.935768392656655,-0.1745,72.43869713825745,-7.381244360095516,0.165,1.2752552641837598,3.4270748909529614
88.79999999999923,-2.006722365119355,5780.958739210121,32.19733855844032,-0.1745,72.45592802260025,-7.387352324231192,0.165,1.2752552641837598,3.4270748909529614
88.89999999999922,-2.007731727900724,5788.205203301023,31.458384846308324,-0.1745,72.47335379544018,-7.391721918408785,0.165,1.2752552641837598,3.4270748909529614
88.99999999999922,-2.0085490680940103,5795.453414793915,30.719049362332218,-0.1745,72.49087606239635,-7.394987761113361,0.165,1.2752552641837598,3.4270748909529614
89.09999999999921,-2.0092451821157327,5802.703380225215,29.979422364591336,-0.1745,72.50843256361537,-7.397552193704302,0.165,1.2752552641837598,3.4270748909529614
89.1999999999992,-2.009864926996096,5809.955101050539,29.239561241989527,-0.1745,72.52598394287007,-7.399670258331852,0.165,1.2752552641837598,3.4270748909529614
89.2999999999992,-2.0104367196449857,5817.208575515763,28.49950254894885,-0.1745,72.54350536160624,-7.401503602481713,0.165,1.2752552641837598,3.4270748909529614
89.3999999999992,-2.0109785590117673,5824.463799842994,27.759269635503898,-0.1745,72.56098118301192,-7.40315466641734,0.165,1.2752552641837598,3.4270748909529614
89.49999999999919,-2.01150184327567,5831.720768982248,27.018877484084737,-0.1745,72.57840160206916,-7.404688361965889,0.165,1.2752552641837598,3.4270748909529614
89.59999999999918,-2.012013789022304,5838.979477087816,26.278335775127815,-0.1745,72.5957605092916,-7.406145817172533,0.165,1.2752552641837598,3.4270748909529614
89.69999999999918,-2.013176836702516,5846.239917820111,25.53765082980643,-0.1745,72.61305413661199,-7.407553089255169,0.165,1.2752552641837598,3.4270748909529614
89.79999999999917,-2.0133548208716423,5853.503709479124,24.796540374999452,-0.1745,72.66277904364233,-7.414656006884431,0.495,1.2752552641837598,3.4270748909529614
89.89999999999917,-2.013650132625618,5860.770847500165,24.05506644029569,-0.1745,72.67998137715706,-7.414822687190847,0.165,1.2752552641837598,3.4270748909529614
89.99999999999916,-2.014020051814091,5868.039698944373,23.313555097451022,-0.1745,72.69704750701136,-7.415404169702523,0.165,1.2752552641837598,3.4270748909529614
90.09999999999916,-2.0144375510374504,5875.310251404321,22.571972579215107,-0.1745,72.71400169194501,-7.416246195015819,0.165,1.2752552641837598,3.4270748909529614
90.19999999999915,-2.0148855329279893,5882.582494458149,21.830297711639297,-0.1745,72.73085938461149,-7.417251156500387,0.165,1.2752552641837598,3.4270748909529614
90.29999999999914,-2.015353182794845,5889.856418950509,21.088517288569285,-0.1745,72.74763046257489,-7.418357304899876,0.165,1.2752552641837598,3.4270748909529614
90.39999999999914,-2.0158336604309177,5897.132016537356,20.346623144165598,-0.1745,72.76432127437002,-7.419525583173894,0.165,1.2752552641837598,3.4270748909529614
90.49999999999913,-2.0163226395899407,5904.409279397821,19.604610300356484,-0.1745,72.7809359349141,-7.420731293008397,0.165,1.2752552641837598,3.4270748909529614
90.59999999999913,-2.0168173839565693,5911.688200051842,18.862475794682673,-0.1745,72.79747714551189,-7.421958820467845,0.165,1.2752552641837598,3.4270748909529614
90.69999999999912,-2.0173161626192058,5918.968771244759,18.12021793874601,-0.1745,72.81394671283745,-7.423198298265437,0.165,1.2752552641837598,3.4270748909529614
90.79999999999912,-2.0178178803573816,5926.250985874269,17.37783584913971,-0.1745,72.83034587734637,-7.4244434938605375,0.165,1.2752552641837598,3.4270748909529614
90.89999999999911,-2.0183218438308743,5933.534836944189,16.63532915077842,-0.1745,72.84667552106438,-7.425690473365246,0.165,1.2752552641837598,3.4270748909529614
90.9999999999991,-2.0188276137348655,5940.820317535194,15.89269778929105,-0.1745,72.86293629903746,-7.426936756382159,0.165,1.2752552641837598,3.4270748909529614
91.0999999999991,-2.0193349113263794,5948.107420786269,15.149941912398944,-0.1745,72.87912872247753,-7.428180781459983,0.165,1.2752552641837598,3.4270748909529614
91.1999999999991,-2.0198435593344337,5955.396139882961,14.407061794923267,-0.1745,72.89525321134707,-7.429421568053551,0.165,1.2752552641837598,3.4270748909529614
91.29999999999909,-2.020353444611071,5962.686468049908,13.66405779138158,-0.1745,72.91131012761124,-7.430658502780182,0.165,1.2752552641837598,3.4270748909529614
91.39999999999908,-2.0208644945273124,5969.978398546102,12.920930306028206,-0.1745,72.92729979626242,-7.431891204287306,0.165,1.2752552641837598,3.4270748909529614
91.49999999999908,-2.021376662057685,5977.271924661845,12.17767977392229,-0.1745,72.94322251861173,-7.433119437831014,0.165,1.2752552641837598,3.4270748909529614
91.59999999999907,-2.021889916356327,5984.5670397168105,11.434306648966453,-0.1745,72.95907858069107,-7.434343061285702,0.165,1.2752552641837598,3.4270748909529614
91.69999999999906,-2.022404236803546,5991.863737058773,10.690811396350957,-0.1745,72.97486825856359,-7.435561991024207,0.165,1.2752552641837598,3.4270748909529614
91.79999999999906,-2.022919609245269,5999.162010062785,9.947194487781838,-0.1745,72.99059182168006,-7.436776180358185,0.165,1.2752552641837598,3.4270748909529614
91.89999999999905,-2.023436023617951,6006.461852130619,9.203456398468086,-0.1745,73.00624953500004,-7.4379856059168405,0.165,1.2752552641837598,3.4270748909529614
91.99999999999905,-1.2066462074113868,6013.763256690386,8.459597605220136,-0.1745,73.02184166033241,-7.439190259042177,0.165,1.2752552641837598,3.4270748909529614
92.09999999999904,-1.5072743099540367,6021.065712259596,7.865868022398998,-0.06225,73.02726972386534,-4.4354013973805735,0.8300000000000001,1.2752552641837598,3.4270748909529614
92.19999999999904,-1.6982938951854947,6028.360197735249,7.367886883845353,-0.1745,72.86243978919671,-5.524221373692333,0.165,1.2752552641837598,3.4270748909529614
92.29999999999903,-1.8196077699402484,6035.64169035958,6.780938630231391,-0.1745,72.76741269742891,-6.214743698586899,0.165,1.2752552641837598,3.4270748909529614
92.39999999999903,-1.8973749103719637,6042.915798601381,6.137561770933193,-0.1745,72.7147521385832,-6.652793487377066,0.165,1.2752552641837598,3.4270748909529614
92.49999999999902,-1.9460270563595543,6050.187570458506,5.4580978329768435,-0.1745,72.72068500392413,-6.9364852717499215,0.495,1.2752552641837598,3.4270748909529614
92.59999999999901,-1.976998955953603,6057.4591231879485,4.755680034899558,-0.1745,72.71036958491482,-7.111870689795792,0.165,1.2752552641837598,3.4270748909529614
92.69999999999901,-1.996777118613121,6064.730147911497,4.038919689621214,-0.1745,72.71012488604923,-7.223336215771083,0.165,1.2752552641837598,3.4270748909529614
92.799999999999,-2.009471699371304,6072.001463331014,3.313036333846477,-0.1745,72.7161835042873,-7.294330899723662,0.165,1.2752552641837598,3.4270748909529614
92.899999999999,-2.0176853698483823,6079.273581861367,2.5813343033641436,-0.1745,72.72618710278958,-7.3397097099230075,0.165,1.2752552641837598,3.4270748909529614
92.99999999999899,-2.0230654332447493,6086.54682390227,1.845904870830953,-0.1745,72.7386537152774,-7.368878940740807,0.165,1.2752552641837598,3.4270748909529614
93.09999999999899,-2.0266541427678506,6093.821389081566,1.1080712959237289,-0.1745,72.75264987063338,-7.38779255740367,0.165,1.2752552641837598,3.4270748909529614
93.19999999999898,8503.484210366534,6101.097400912739,0.368670758981817,-0.1745,72.76758675282838,-7.400218181434567,0.165,1.2752552641837598,3.4270748909529614
