t,reward,x,y,theta,vx,vy,throttle,wind_vx,wind_vy
0.0,0.0,217.91103331150495,990.4566671599836,0.06442312468957029,47.550974274721526,2.3940256971280864,0.5,-0.2799879805980565,-0.8744827923638253
0.1,-0.9884073490270597,217.91103331150495,990.4566671599836,0.06442312468957029,47.550974274721526,2.3940256971280864,0.5,-0.2799879805980565,-0.8744827923638253
0.2,-0.07422731513174505,222.6630138585161,990.6144890965928,-0.0478268753104297,47.48863666550154,0.7624130350561764,0.495,-0.2799879805980565,-0.8744827923638253
0.30000000000000004,-0.3389595702904903,227.39721904162312,990.5650642026183,-0.1600768753104297,47.195466996638835,-1.7509109145471176,0.8300000000000001,-0.2799879805980565,-0.8744827923638253
0.4,-0.0038631062606084288,232.11482969992704,990.3587789034757,-0.0478268753104297,47.156746169439714,-2.3747950683049277,0.165,-0.2799879805980565,-0.8744827923638253
0.5,-0.28951693101904696,236.81822286515265,990.1612905925858,0.06442312468957029,46.91111713507251,-1.574971149492955,0.165,-0.2799879805980565,-0.8744827923638253
0.6,-1.0450128172142767,241.50736689483261,989.9703334299612,-0.0478268753104297,46.87176345852673,-2.244172102998398,0.165,-0.2799879805980565,-0.8744827923638253
0.7,-1.6887912833958079,246.18481885271822,989.6578285614901,-0.1600768753104297,46.677275699185685,-4.005925266424679,0.165,-0.2799879805980565,-0.8744827923638253
0.7999999999999999,-2.1779432004668062,250.84499799881934,989.1822410018636,-0.1745,46.52630722283669,-5.505825926103666,0.165,-0.2799879805980565,-0.8744827923638253
0.8999999999999999,-2.5485902508330636,255.49353483586378,988.5744089862965,-0.1745,46.444429518051955,-6.650814385240213,0.165,-0.2799879805980565,-0.8744827923638253
0.9999999999999999,-2.828600719066397,260.1362884001152,987.8656053197442,-0.1745,46.410641766976426,-7.525258945805001,0.165,-0.2799879805980565,-0.8744827923638253
1.0999999999999999,-3.0394330321299408,264.7773692066145,987.079706522158,-0.1745,46.410974363009785,-8.192717005919429,0.165,-0.2799879805980565,-0.8744827923638253
1.2,-3.197568611770355,269.4197113315964,986.2349848845141,-0.1745,46.43586813662763,-8.70171574695609,0.165,-0.2799879805980565,-0.8744827923638253
1.3,-3.315633995785908,274.06543647836185,985.3454237099334,-0.1745,46.4786347986821,-9.089507744659116,0.165,-0.2799879805980565,-0.8744827923638253
1.4000000000000001,-3.4032795962855715,278.7160937771995,984.4217121211029,-0.1745,46.534511178070915,-9.38472403194998,0.165,-0.2799879805980565,-0.8744827923638253
1.5000000000000002,-3.4678656526618172,283.37282218200846,983.4720084271016,-0.1745,46.60005691810821,-9.609349848075109,0.165,-0.2799879805980565,-0.8744827923638253
1.6000000000000003,-3.5149953913143905,288.03646298676796,982.5025290585337,-0.1745,46.672759177081346,-9.780237523283665,0.165,-0.2799879805980565,-0.8744827923638253
1.7000000000000004,-3.5489276357918618,292.707639266107,981.5180032426475,-0.1745,46.75076640969928,-9.91027879443903,0.165,-0.2799879805980565,-0.8744827923638253
1.8000000000000005,-3.4508544418944433,297.386812838591,980.5220234991161,-0.1745,46.832705039981285,-10.009316076187977,0.165,-0.2799879805980565,-0.8744827923638253
1.9000000000000006,-3.497001633618507,302.0779409305855,979.5315164922929,-0.1495,46.98985679990765,-9.800824060277634,0.8300000000000001,-0.2799879805980565,-0.8744827923638253
2.0000000000000004,-3.5301556342606366,306.78080418062507,978.5450252337889,-0.1745,47.06740820088408,-9.929001109801519,0.165,-0.2799879805980565,-0.8744827923638253
2.1000000000000005,-3.5535192445764907,311.4916179568843,977.5472526920796,-0.1745,47.14886732430019,-10.026449724383694,0.165,-0.2799879805980565,-0.8744827923638253
2.2000000000000006,-3.5695152641347816,316.2107217891619,976.5408975253229,-0.1745,47.23320932125175,-10.10065361075072,0.165,-0.2799879805980565,-0.8744827923638253
2.3000000000000007,-3.5799744789510997,320.9383656724082,975.5280001433744,-0.1745,47.31966834367554,-10.15729402822014,0.165,-0.2799879805980565,-0.8744827923638253
2.400000000000001,-3.5862789727862205,325.674732612944,974.5101015505359,-0.1745,47.40767046704038,-10.200677828549349,0.165,-0.2799879805980565,-0.8744827923638253
2.500000000000001,-3.5894711617057236,330.4199553718785,973.4883643647497,-0.1745,47.49678471164931,-10.234065887173216,0.165,-0.2799879805980565,-0.8744827923638253
2.600000000000001,-3.5898248001593003,335.17412895595174,972.4636648506252,-0.1745,47.586686969815965,-10.259924395318546,0.165,-0.2799879805980565,-0.8744827923638253
2.700000000000001,-3.464982709635401,339.93894490964107,971.4363763317534,-0.1745,47.70963210397093,-10.285845982115395,0.495,-0.2799879805980565,-0.8744827923638253
2.800000000000001,-3.4932802829255074,344.716373676132,970.4220741173318,-0.1495,47.838943225847274,-10.0001983063165,0.495,-0.2799879805980565,-0.8744827923638253
2.9000000000000012,-3.5128336601985977,349.5059465464168,969.4173973396545,-0.1745,47.9525141798493,-10.093337247229195,0.495,-0.2799879805980565,-0.8744827923638253
3.0000000000000013,-3.5259727290686556,354.30538580051143,968.4048019628293,-0.1745,48.036270902043306,-10.158570289273774,0.165,-0.2799879805980565,-0.8744827923638253
3.1000000000000014,-3.5343180903944083,359.1132939983947,967.3864611482261,-0.1745,48.12189305562121,-10.20824600279164,0.165,-0.2799879805980565,-0.8744827923638253
3.2000000000000015,-3.5390864621192413,363.9298316838537,966.3637366599205,-0.1745,48.20886065355879,-10.246243763320248,0.165,-0.2799879805980565,-0.8744827923638253
3.3000000000000016,-3.5411905536056345,368.75511396137864,965.3376502685328,-0.1745,48.296784896940316,-10.27548406443301,0.165,-0.2799879805980565,-0.8744827923638253
3.4000000000000017,-3.5413144717651246,373.5892219427531,964.3089679021052,-0.1745,48.38537473054908,-10.298163264118227,0.165,-0.2799879805980565,-0.8744827923638253
3.5000000000000018,-3.5399705792677825,378.4322112840905,963.2782631594544,-0.1745,48.474412096198165,-10.315931588899527,0.165,-0.2799879805980565,-0.8744827923638253
3.600000000000002,-3.537542318440935,383.2841185659426,962.2459651869538,-0.1745,48.5637335408443,-10.33002786111241,0.165,-0.2799879805980565,-0.8744827923638253
3.700000000000002,-3.5343164324550456,388.1449660681462,961.2123947283932,-0.1745,48.653216503227014,-10.34138131009924,0.165,-0.2799879805980565,-0.8744827923638253
3.800000000000002,-3.530507186857603,393.0147653465644,960.1777912426338,-0.1745,48.74276906513759,-10.350688405088624,0.165,-0.2799879805980565,-0.8744827923638253
3.900000000000002,-3.5262745623420857,397.89351991380454,959.1423332838986,-0.1745,48.832322279665405,-10.358470769615561,0.165,-0.2799879805980565,-0.8744827923638253
4.000000000000002,-3.5217379086682894,402.7812272489064,958.1061538059042,-0.1745,48.921824422372566,-10.365118790270914,0.165,-0.2799879805980565,-0.8744827923638253
4.100000000000001,-3.516986184561666,407.6778803040578,957.0693516452553,-0.1745,49.01123668065478,-10.370924422706151,0.165,-0.2799879805980565,-0.8744827923638253
4.200000000000001,-3.5120856318159848,412.58346863411316,956.032000131631,-0.1745,49.100529920452836,-10.376105849781775,0.165,-0.2799879805980565,-0.8744827923638253
4.300000000000001,-3.5070855225887563,417.49797924317835,954.9941535391057,-0.1745,49.189682260851136,-10.380826000724154,0.165,-0.2799879805980565,-0.8744827923638253
4.4,-3.5020224608155193,422.42139721896467,953.9558519166083,-0.1745,49.27867725487472,-10.385206449223709,0.165,-0.2799879805980565,-0.8744827923638253
4.5,-3.369178467139433,427.3537062079727,952.9171247023431,-0.1745,49.36750252528671,-10.389337836078141,0.165,-0.2799879805980565,-0.8744827923638253
4.6,-3.3974144306765286,432.296937588851,951.89404521548,-0.1495,49.49712509227869,-10.072251901183627,0.495,-0.2799879805980565,-0.8744827923638253
4.699999999999999,-3.4169904862649654,437.25051085248333,950.882463562307,-0.1745,49.57434018036769,-10.159381162278025,0.165,-0.2799879805980565,-0.8744827923638253
4.799999999999999,-3.430153433868266,442.21194228490856,949.8632489899816,-0.1745,49.65428846813673,-10.224910284230505,0.165,-0.2799879805980565,-0.8744827923638253
4.899999999999999,-3.438573406218275,447.18146693849434,948.8382842727564,-0.1745,49.73620460357856,-10.274384060272727,0.165,-0.2799879805980565,-0.8744827923638253
4.999999999999998,-3.4434907749118215,452.1592533434808,947.808968305456,-0.1745,49.81952349615089,-10.3119352857354,0.165,-0.2799879805980565,-0.8744827923638253
5.099999999999998,-3.4458259784222767,457.14542087857905,946.7763394938697,-0.1745,49.90382720581296,-10.340640945990833,0.165,-0.2799879805980565,-0.8744827923638253
5.1999999999999975,-3.4462615117597273,462.140052552397,945.7411679618224,-0.1745,49.988806270546114,-10.362789694956033,0.165,-0.2799879805980565,-0.8744827923638253
5.299999999999997,-3.4453030583268305,467.14320443503715,944.704024361642,-0.1745,50.07423138225778,-10.380082308650849,0.165,-0.2799879805980565,-0.8744827923638253
5.399999999999997,-3.4433250209801876,472.1549126317542,943.6653311637219,-0.1745,50.15993255208384,-10.393781649750967,0.165,-0.2799879805980565,-0.8744827923638253
5.4999999999999964,-3.440604401166254,477.17519844619505,942.6254008464634,-0.1745,50.245783736733586,-10.404824695417952,0.165,-0.2799879805980565,-0.8744827923638253
5.599999999999996,-3.4373459861865974,482.2040722065034,941.5844643056984,-0.1745,50.33169146943275,-10.413906119883507,0.165,-0.2799879805980565,-0.8744827923638253
5.699999999999996,-3.4337010596268596,487.24153610196163,940.5426919704082,-0.1745,50.41758643973227,-10.42154058592018,0.165,-0.2799879805980565,-0.8744827923638253
5.799999999999995,-3.429781290098599,492.28758628651434,939.5002094849365,-0.1745,50.503417251321416,-10.428109123514874,0.165,-0.2799879805980565,-0.8744827923638253
5.899999999999995,-3.4256690335640765,497.34221443867506,938.4571093472397,-0.1745,50.589145791893344,-10.433893630420988,0.165,-0.2799879805980565,-0.8744827923638253
5.999999999999995,-3.421424970168296,502.40540891816335,937.4134595399198,-0.1745,50.6747437978719,-10.439102515976584,0.165,-0.2799879805980565,-0.8744827923638253
6.099999999999994,-3.4170937615004155,507.47715562333565,936.3693099267489,-0.1745,50.760190305574135,-10.44388974744124,0.165,-0.2799879805980565,-0.8744827923638253
6.199999999999994,-3.4127082387342234,512.5574386266309,935.3246969900719,-0.1745,50.84546976033108,-10.44836898609977,0.165,-0.2799879805980565,-0.8744827923638253
6.299999999999994,-3.408292501213322,517.6462406453517,934.2796473371754,-0.1745,50.930570614084914,-10.45262407182791,0.165,-0.2799879805980565,-0.8744827923638253
6.399999999999993,-3.4038642075126893,522.7435433903378,933.2341802938737,-0.1745,51.01548428563669,-10.456716794206976,0.165,-0.2799879805980565,-0.8744827923638253
6.499999999999993,-3.3994362683886887,527.849327824124,932.1883098217273,-0.1745,51.100204390086155,-10.46069264872001,0.165,-0.2799879805980565,-0.8744827923638253
6.5999999999999925,-3.3950180970028345,532.96357435203,931.1420459344032,-0.1745,51.184726168034075,-10.464585097763196,0.165,-0.2799879805980565,-0.8744827923638253
6.699999999999992,-3.3906165316402737,538.0862629635802,930.0953957433709,-0.1745,51.26904606296969,-10.468418722881992,0.165,-0.2799879805980565,-0.8744827923638253
6.799999999999992,-3.38623651630628,543.2173733371554,929.0483642294612,-0.1745,51.353161408535236,-10.472211555312581,0.165,-0.2799879805980565,-0.8744827923638253
6.8999999999999915,-3.381881602433026,548.3568849174434,928.0009548117972,-0.1745,51.43707019722328,-10.475976797966743,0.165,-0.2799879805980565,-0.8744827923638253
6.999999999999991,-3.377554318495291,553.5047769727743,926.9531697670491,-0.1745,51.52077090939505,-10.479724096995309,0.165,-0.2799879805980565,-0.8744827923638253
7.099999999999991,-3.3732564421496725,558.6610286375919,925.9050105381903,-0.1745,51.60426238695704,-10.483460480180312,0.165,-0.2799879805980565,-0.8744827923638253
7.19999999999999,-3.2358674104453513,563.8256189439438,924.8564779617294,-0.1745,51.687543740081594,-10.487191049035783,0.165,-0.2799879805980565,-0.8744827923638253
7.29999999999999,-3.2683729745414225,568.9991592859493,923.8253601274806,-0.1495,51.78326310002703,-10.135165635939325,0.165,-0.2799879805980565,-0.8744827923638253
7.39999999999999,-3.2909587918159606,574.1809679502286,922.8068638857858,-0.1745,51.852910185559175,-10.234759197957647,0.165,-0.2799879805980565,-0.8744827923638253
7.499999999999989,-3.3063068755453626,579.3699113819519,921.7796995994586,-0.1745,51.92595844890673,-10.308526528586368,0.165,-0.2799879805980565,-0.8744827923638253
7.599999999999989,-3.316380326563904,584.5662805272871,920.7461037676456,-0.1745,52.001424457797334,-10.363390107671753,0.165,-0.2799879805980565,-0.8744827923638253
7.699999999999989,-3.3226147886239064,589.7702814536242,919.7077127973737,-0.1745,52.07859406894508,-10.404429297766544,0.165,-0.2799879805980565,-0.8744827923638253
7.799999999999988,-2.7270681774115224,594.9820585405987,918.6657229785202,-0.1745,52.15694767054526,-10.435367079304203,0.165,-0.2799879805980565,-0.8744827923638253
7.899999999999988,-2.8958350546068816,600.1991909361486,917.7023246788184,-0.06225,52.185700240452555,-8.832598914731559,0.8300000000000001,-0.2799879805980565,-0.8744827923638253
7.999999999999988,-3.0177824321367974,605.4185787837031,916.7963057257543,-0.1745,52.202056710636924,-9.287780146549075,0.165,-0.2799879805980565,-0.8744827923638253
8.099999999999987,-3.105516608733587,610.6405196462883,915.8508435083739,-0.1745,52.236760541069174,-9.62146420105934,0.165,-0.2799879805980565,-0.8744827923638253
8.199999999999987,-3.168282022270559,615.8665816547257,914.876465962087,-0.1745,52.28447962767661,-9.86608672467977,0.165,-0.2799879805980565,-0.8744827923638253
8.299999999999986,-3.21284692743132,621.0978791866859,913.8808860191907,-0.1745,52.341471011526224,-10.045512133244795,0.165,-0.2799879805980565,-0.8744827923638253
8.399999999999986,-3.244159727729473,626.3352067566173,912.8697468330719,-0.1745,52.40508038710207,-10.177271589131133,0.165,-0.2799879805980565,-0.8744827923638253
8.499999999999986,-3.2658339073794678,631.5791313373289,911.8471721029101,-0.1745,52.47341122713083,-10.274223014103319,0.165,-0.2799879805980565,-0.8744827923638253
8.599999999999985,-3.280505352107086,636.830056947521,910.8161718199481,-0.1745,52.54510097671206,-10.345782645136929,0.165,-0.2799879805980565,-0.8744827923638253
8.699999999999985,-3.289574620636215,642.0882703387737,909.7789408366797,-0.1745,52.61916684834046,-10.398837020230678,0.165,-0.2799879805980565,-0.8744827923638253
8.799999999999985,-3.2946340862629198,647.3572480866072,908.7365008808002,-0.1745,52.76038810833096,-10.449962097358762,0.8300000000000001,-0.2799879805980565,-0.8744827923638253
8.899999999999984,-3.2972656375192457,652.637137940623,907.6901300965719,-0.1745,52.83740897198356,-10.477453587206561,0.165,-0.2799879805980565,-0.8744827923638253
8.999999999999984,-3.298144843100173,657.9247644036828,906.6413355413617,-0.1745,52.915120289212936,-10.49843751699658,0.165,-0.2799879805980565,-0.8744827923638253
9.099999999999984,-3.2977622927905363,663.2201841205449,905.5906788549881,-0.1745,52.99327404802833,-10.514696210475856,0.165,-0.2799879805980565,-0.8744827923638253
9.199999999999983,-3.296474005778753,668.5234323302501,904.5385677281594,-0.1745,53.071690146074765,-10.527526326099089,0.165,-0.2799879805980565,-0.8744827923638253
9.299999999999983,-2.685261340884443,673.8345287268805,903.4852978853417,-0.1745,53.15023778653348,-10.537870530255399,0.165,-0.2799879805980565,-0.8744827923638253
9.399999999999983,-2.856385823487621,679.1492551917754,902.5155609712654,-0.06225,53.14429151136455,-8.856867751270293,0.495,-0.2799879805980565,-0.8744827923638253
9.499999999999982,-2.9793273725605918,684.4642481123412,901.6064439265782,-0.1745,53.155566899952,-9.32547314247219,0.165,-0.2799879805980565,-0.8744827923638253
9.599999999999982,-3.0672896337250672,689.7813386831086,900.6568327846969,-0.1745,53.18624451539494,-9.666749695152893,0.165,-0.2799879805980565,-0.8744827923638253
9.699999999999982,-3.127971872147733,695.102180583139,899.6777294216837,-0.1745,53.230593485212346,-9.915317565111625,0.165,-0.2873847223409653,-0.8552694814513723
9.799999999999981,-3.1708182686345716,700.4279772921044,898.6773978215914,-0.1745,53.28534069409561,-10.0913144367349,0.165,-0.2873847223409653,-0.8552694814513723
9.89999999999998,-3.2007632765601803,705.7595812523298,897.6618439197728,-0.1745,53.34673851041189,-10.21976359963741,0.165,-0.2873847223409653,-0.8552694814513723
9.99999999999998,-3.2213860017552887,711.0975606841946,896.6351695235393,-0.1745,53.412850126883846,-10.313724325032814,0.165,-0.2873847223409653,-0.8552694814513723
10.09999999999998,-3.235279822514878,716.442317813074,895.6003485940125,-0.1745,53.48229245070447,-10.382694265502838,0.165,-0.2873847223409653,-0.8552694814513723
10.19999999999998,-3.2443221696723024,721.7941361358961,894.5595352837506,-0.1745,53.55407400573573,-10.433571939735181,0.165,-0.2873847223409653,-0.8552694814513723
10.29999999999998,-3.249871066747316,727.1532139438203,893.5142885683408,-0.1745,53.62748215274977,-10.471362368459912,0.165,-0.2873847223409653,-0.8552694814513723
10.399999999999979,-3.2529080901461875,732.5196882390882,892.4657357899068,-0.1745,53.70200375260653,-10.499693200219225,0.165,-0.2873847223409653,-0.8552694814513723
10.499999999999979,-3.254142220211205,737.8936518713623,891.4146915578281,-0.1745,53.77726889287675,-10.521191441355596,0.165,-0.2873847223409653,-0.8552694814513723
10.599999999999978,-3.114398850653189,743.2751658525528,890.3617440881732,-0.1745,53.85301073093325,-10.53775795174313,0.165,-0.2873847223409653,-0.8552694814513723
10.699999999999978,-3.152463134485073,748.6684171245763,889.3260617236991,-0.1495,54.01201470953599,-10.175889337737862,0.8300000000000001,-0.2873847223409653,-0.8552694814513723
10.799999999999978,-3.1788765531344234,754.0726691497983,888.3026503259736,-0.1745,54.07302579490509,-10.292338616774101,0.165,-0.2873847223409653,-0.8552694814513723
10.899999999999977,-3.1969149408864714,759.4832379976186,887.2691729281146,-0.1745,54.13835116150042,-10.377209340406234,0.165,-0.2873847223409653,-0.8552694814513723
10.999999999999977,-3.208939429541908,764.9004908350253,886.2283465552526,-0.1745,54.206705586632154,-10.439318116831565,0.165,-0.2873847223409653,-0.8552694814513723
11.099999999999977,-3.21665040268591,770.3246846826625,885.1821289517172,-0.1745,54.277171366110686,-10.485033953877004,0.165,-0.2873847223409653,-0.8552694814513723
11.199999999999976,-3.2212714520339487,775.7559978348444,884.1319296091709,-0.1745,54.349091677527554,-10.518952897049243,0.165,-0.2873847223409653,-0.8552694814513723
11.299999999999976,-3.22368243854518,781.1945522031815,883.0787625395988,-0.1745,54.42199568921434,-10.544388494393672,0.165,-0.2873847223409653,-0.8552694814513723
11.399999999999975,-3.2245156235081174,786.6404292661472,882.0233567306229,-0.1745,54.49554557009949,-10.563727685122855,0.165,-0.2873847223409653,-0.8552694814513723
11.499999999999975,-3.2242250477066436,792.0936814842797,880.9662359154108,-0.1745,54.569498792551286,-10.578688619119191,0.165,-0.2873847223409653,-0.8552694814513723
11.599999999999975,-3.223136558386212,797.5543404844877,879.9077761256394,-0.1745,54.64368121160851,-10.590507176309481,0.165,-0.2873847223409653,-0.8552694814513723
11.699999999999974,-2.5923539757451413,803.0224229345134,878.8482471794387,-0.1745,54.71796778890515,-10.600071747706373,0.165,-0.2873847223409653,-0.8552694814513723
11.799999999999974,-2.7736745067651274,808.4955317003928,877.8771179969909,-0.06225,54.74420752868237,-8.822511901247385,0.8300000000000001,-0.2873847223409653,-0.8552694814513723
11.899999999999974,-2.902710662311187,813.9699429861669,876.969442167609,-0.1745,54.74401818679911,-9.331004686390617,0.165,-0.2873847223409653,-0.8552694814513723
11.999999999999973,-2.9942046144436696,819.4454388510784,876.018031025964,-0.1745,54.765899111430684,-9.697218146511549,0.165,-0.2873847223409653,-0.8552694814513723
12.099999999999973,-3.0587749442245027,824.9238910725744,875.0351200337698,-0.1745,54.80314531848872,-9.961001697371499,0.165,-0.2873847223409653,-0.8552694814513723
12.199999999999973,-3.10405846181121,830.4066055313679,874.0295132902548,-0.1745,54.8511438573807,-10.151133172927894,0.165,-0.2873847223409653,-0.8552694814513723
12.299999999999972,-3.1355401922707027,835.89449697372,873.0075382269962,-0.1745,54.90668498966255,-10.288368092244541,0.165,-0.2873847223409653,-0.8552694814513723
12.399999999999972,-3.157155130699442,841.3882070682181,871.9737371119681,-0.1745,54.967516900298186,-10.38765420831609,0.165,-0.2873847223409653,-0.8552694814513723
12.499999999999972,-3.171723443204802,846.8881854368075,870.9313673176132,-0.1745,55.03205047148883,-10.459741678783443,0.165,-0.2873847223409653,-0.8552694814513723
12.599999999999971,-3.1812645297394315,852.394745939857,869.8827626229752,-0.1745,55.099159589502186,-10.512352213977032,0.165,-0.2873847223409653,-0.8552694814513723
12.69999999999997,-3.1872232536969927,857.9081061173484,868.829593703298,-0.1745,55.16804396032714,-10.551026179565952,0.165,-0.2873847223409653,-0.8552694814513723
12.79999999999997,-3.1906326548702153,863.4284150031046,867.7730556435596,-0.1745,55.23813375479627,-10.57973501520162,0.165,-0.2873847223409653,-0.8552694814513723
12.89999999999997,-3.19223083042644,868.9557728283351,866.7140027372214,-0.1745,55.30902274981275,-10.601323111561927,0.165,-0.2873847223409653,-0.8552694814513723
12.99999999999997,-3.1925448035061974,874.4902450234665,865.6530452767806,-0.1745,55.38042115281733,-10.617826097254177,0.165,-0.2873847223409653,-0.8552694814513723
13.09999999999997,-3.191950647937254,880.0318721893483,864.5906189831081,-0.1745,55.45212216481902,-10.630699776196872,0.165,-0.2873847223409653,-0.8552694814513723
13.199999999999969,-3.1907165560102317,885.5806772079302,863.5270347643087,-0.1745,55.52397820681889,-10.640984599790233,0.165,-0.2873847223409653,-0.8552694814513723
13.299999999999969,-3.1890336655790925,891.1366703173272,862.4625143490663,-0.1745,55.59588398112097,-10.649423705058366,0.165,-0.2873847223409653,-0.8552694814513723
13.399999999999968,-3.1870381106042567,896.6998527356805,861.3972157861875,-0.1745,55.66776438594402,-10.656547552515917,0.165,-0.2873847223409653,-0.8552694814513723
13.499999999999968,-3.1848267838613022,902.2702192492566,860.3312516802281,-0.1745,55.739565885577285,-10.662734566672789,0.165,-0.2873847223409653,-0.8552694814513723
13.599999999999968,-3.182468598041254,907.8477600608011,859.264702224299,-0.1745,55.81125034531215,-10.668254551909524,0.165,-0.2873847223409653,-0.8552694814513723
13.699999999999967,-3.1800125261755103,913.4324621093897,858.1976245089229,-0.1745,55.88279062646071,-10.6732997556106,0.165,-0.2873847223409653,-0.8552694814513723
13.799999999999967,-3.1774933392652644,919.0243100126668,857.1300591671798,-0.1745,55.954167439080706,-10.678007079252378,0.165,-0.2873847223409653,-0.8552694814513723
13.899999999999967,-3.1749356983840746,924.6232867393062,856.0620351156916,-0.1745,56.025367093708525,-10.68247395050951,0.165,-0.2873847223409653,-0.8552694814513723
13.999999999999966,-3.172357071600314,930.2293740887791,854.9935729352184,-0.1745,56.09637989575016,-10.686769658956266,0.165,-0.2873847223409653,-0.8552694814513723
14.099999999999966,-3.16976981209633,935.8425530335281,853.9246872799026,-0.1745,56.167198999230855,-10.690943447357748,0.165,-0.2873847223409653,-0.8552694814513723
14.199999999999966,-3.1671826379081374,941.4628039629301,852.8553885933371,-0.1745,56.237819588809984,-10.69503028395344,0.165,-0.2873847223409653,-0.8552694814513723
14.299999999999965,-3.16460168502903,947.0901068571859,851.7856843302327,-0.1745,56.308238296305554,-10.699054978135369,0.165,-0.2873847223409653,-0.8552694814513723
14.399999999999965,-3.1620312564908732,952.7244414112355,850.715579825657,-0.1745,56.3784527846864,-10.703035113378307,0.165,-0.2873847223409653,-0.8552694814513723
14.499999999999964,-3.159474354913317,958.36578712305,849.6450789131779,-0.1745,56.448461451605645,-10.706983136202181,0.165,-0.2873847223409653,-0.8552694814513723
14.599999999999964,-3.156933060915044,964.0141233565416,848.5741843642061,-0.1745,56.5182632182258,-10.710907843235994,0.165,-0.2873847223409653,-0.8552694814513723
14.699999999999964,-3.15440880185983,969.6694293863964,847.5028982000816,-0.1745,56.587857378869714,-10.714815439252646,0.165,-0.2873847223409653,-0.8552694814513723
14.799999999999963,-3.1519025426194736,975.3316844300413,846.4312219136411,-0.1745,56.657243494028336,-10.718710289558064,0.165,-0.2873847223409653,-0.8552694814513723
14.899999999999963,-3.1494149209116094,981.0008676704556,845.3591566264257,-0.1745,56.7264213142576,-10.722595454750094,0.165,-0.2873847223409653,-0.8552694814513723
14.999999999999963,-3.146946343265618,986.676958272472,844.2867032001583,-0.1745,56.795390726071005,-10.726473070598942,0.165,-0.2873847223409653,-0.8552694814513723
15.099999999999962,-3.144497053034655,992.3599353944498,843.2138623157401,-0.1745,56.86415171348686,-10.73034461776501,0.165,-0.2873847223409653,-0.8552694814513723
15.199999999999962,-3.142067178570814,998.0497781966598,842.1406345291919,-0.1745,56.93270433071143,-10.734211113200736,0.165,-0.2873847223409653,-0.8552694814513723
15.299999999999962,-3.1396567673307385,1003.7464658473323,841.0670203112365,-0.1745,57.001048682739615,-10.738073245905754,0.165,-0.2873847223409653,-0.8552694814513723
15.399999999999961,-3.1372658100073307,1009.4499775270483,839.9930200752831,-0.1745,57.069184911581885,-10.7419314731633,0.165,-0.2873847223409653,-0.8552694814513723
15.499999999999961,-3.1348942575946332,1015.1602924319518,838.9186341971886,-0.1745,57.13711318648736,-10.745786088726108,0.165,-0.2873847223409653,-0.8552694814513723
15.59999999999996,-3.132542033448147,1020.8773897761264,837.8438630291971,-0.1745,57.204833697003664,-10.749637271102266,0.165,-0.2873847223409653,-0.8552694814513723
15.69999999999996,-3.1302090418029067,1026.601248793379,836.7687069097555,-0.1745,57.272346648049556,-10.753485117730518,0.165,-0.2873847223409653,-0.8552694814513723
15.79999999999996,-3.12789517378558,1032.3318487386023,835.6931661704111,-0.1745,57.339652256415036,-10.757329669155386,0.165,-0.2873847223409653,-0.8552694814513723
15.89999999999996,-3.1256003116546545,1038.0691688888367,834.6172411406475,-0.1745,57.4067507482732,-10.761170926118712,0.165,-0.2873847223409653,-0.8552694814513723
15.99999999999996,-3.123324331788357,1043.8131885441207,833.5409321512598,-0.1745,57.47364235740894,-10.765008861636224,0.165,-0.2873847223409653,-0.8552694814513723
16.09999999999996,-3.1210671067880513,1049.563887028189,832.4642395367017,-0.1745,57.54032732395534,-10.768843429525393,0.165,-0.2873847223409653,-0.8552694814513723
16.19999999999996,-3.1188285069571453,1055.321243689061,831.3871636367043,-0.1745,57.60680589348928,-10.772674570423483,0.165,-0.2873847223409653,-0.8552694814513723
16.29999999999996,-3.1166084013393736,1061.0852378995546,830.3097047973815,-0.1745,57.673078316381385,-10.776502216031405,0.165,-0.2873847223409653,-0.8552694814513723
16.399999999999963,-3.1144066584463177,1066.85584905774,829.2318633719748,-0.1745,57.73914484732572,-10.780326292104075,0.165,-0.2873847223409653,-0.8552694814513723
16.499999999999964,-3.1122231467658947,1072.6330565873561,828.1536397213418,-0.1745,57.805005744996606,-10.784146720555574,0.165,-0.2873847223409653,-0.8552694814513723
16.599999999999966,-3.1100577351165444,1078.4168399381956,827.0750342142671,-0.1745,57.87066127179537,-10.787963420939542,0.165,-0.2873847223409653,-0.8552694814513723
16.699999999999967,-3.1079102928927855,1084.2071785864684,825.9960472276457,-0.1745,57.93611169366052,-10.791776311488816,0.165,-0.2873847223409653,-0.8552694814513723
16.79999999999997,-3.1057806902343374,1090.0040520351477,824.9166791465791,-0.1745,58.00135727992287,-10.795585309844313,0.165,-0.2873847223409653,-0.8552694814513723
16.89999999999997,-3.1036687981415056,1095.8074398143035,823.8369303644087,-0.1745,58.06639830319236,-10.79939033356493,0.165,-0.2873847223409653,-0.8552694814513723
16.99999999999997,-3.1015744885528145,1101.6173214814264,822.7568012827063,-0.1745,58.131235039267345,-10.803191300483185,0.165,-0.2873847223409653,-0.8552694814513723
17.099999999999973,-3.0994976343961333,1107.4336766217427,821.6762923112345,-0.1745,58.195867767059745,-10.806988128952295,0.165,-0.2873847223409653,-0.8552694814513723
17.199999999999974,-3.0974381096212293,1113.2564848485224,820.595403867886,-0.1745,58.26029676853149,-10.81078073801685,0.165,-0.2873847223409653,-0.8552694814513723
17.299999999999976,-3.0953957892192974,1119.085725803381,819.5141363786087,-0.1745,58.32452232863893,-10.814569047529792,0.165,-0.2873847223409653,-0.8552694814513723
17.399999999999977,-3.0933705492334025,1124.921379156577,818.4324902773207,-0.1745,58.38854473528297,-10.818352978231632,0.165,-0.2873847223409653,-0.8552694814513723
17.49999999999998,-3.091362266762561,1130.7634246073042,817.3504660058189,-0.1745,58.452364279263314,-10.822132451803192,0.165,-0.2873847223409653,-0.8552694814513723
17.59999999999998,-3.0893708199614256,1136.6118418839792,816.2680640136838,-0.1745,58.51598125423563,-10.825907390899738,0.165,-0.2873847223409653,-0.8552694814513723
17.69999999999998,-3.087396088036885,1142.4666107445246,815.1852847581802,-0.1745,58.579395956670865,-10.829677719172086,0.165,-0.2873847223409653,-0.8552694814513723
17.799999999999983,-2.4124908759674737,1148.3277109766489,814.1021287041576,-0.1745,58.64260868581615,-10.833443361278578,0.165,-0.2873847223409653,-0.8552694814513723
17.899999999999984,-2.6197648334793207,1154.1897756198882,813.1209255270913,-0.06225,58.598684178970515,-8.790620180047537,0.165,-0.2873847223409653,-0.8552694814513723
17.999999999999986,-2.7637549402321353,1160.0481035472726,812.2110909166565,-0.1745,58.56787436871929,-9.406072028647833,0.165,-0.2873847223409653,-0.8552694814513723
18.099999999999987,-2.8635171802602617,1165.904833885537,811.248924534556,-0.1745,58.56673239657149,-9.837255613364555,0.165,-0.2873847223409653,-0.8552694814513723
18.19999999999999,-2.932403854761241,1171.7624525362223,810.2500910923038,-0.1745,58.58564061713394,-10.139413231677995,0.165,-0.2873847223409653,-0.8552694814513723
18.29999999999999,-2.979758069045765,1177.622644225514,809.2255547670451,-0.1745,58.618193168701985,-10.351313273497464,0.165,-0.2873847223409653,-0.8552694814513723
18.39999999999999,-3.012109552929177,1183.4865571412797,808.1829820763342,-0.1745,58.660065146611366,-10.500140540720789,0.165,-0.2873847223409653,-0.8552694814513723
18.499999999999993,-3.034016987768893,1189.3549758170702,807.1277283319798,-0.1745,58.708308369198434,-10.604934346366074,0.165,-0.2873847223409653,-0.8552694814513723
18.599999999999994,-2.3722890067287685,1195.2284362137364,806.063530967006,-0.1745,58.76089956412349,-10.679012953109371,0.165,-0.2873847223409653,-0.8552694814513723
18.699999999999996,-2.591678179613572,1201.105715015662,805.0953939855831,-0.06225,58.7846764743897,-8.683726675349844,0.8300000000000001,-0.2873847223409653,-0.8552694814513723
18.799999999999997,-2.743958103632723,1206.9823044267043,804.1943968984206,-0.1745,58.74711174645571,-9.336215067899744,0.165,-0.2873847223409653,-0.8552694814513723
18.9,-2.84938882562523,1212.856726471787,803.2379487613692,-0.1745,58.74132915519453,-9.792747673126266,0.165,-0.2873847223409653,-0.8552694814513723
19.0,-2.245509749881826,1218.7316413378824,802.2426996441695,-0.1745,58.75696816671531,-10.112234670867574,0.165,-0.2873847223409653,-0.8552694814513723
19.1,-2.504527974984202,1224.6087529732326,801.3222434103201,-0.06225,58.78526454029188,-8.296890006120499,0.8300000000000001,-0.2873847223409653,-0.8552694814513723
19.200000000000003,-2.684534806623757,1230.4844416457454,800.4541685426473,-0.1745,58.72850890996217,-9.064607347334805,0.165,-0.2873847223409653,-0.8552694814513723
19.300000000000004,-2.8093413614621356,1236.3563622934153,799.5208439860904,-0.1745,58.70990404343621,-9.601883783801425,0.165,-0.2873847223409653,-0.8552694814513723
19.400000000000006,-2.895627589091418,1242.2277023223726,798.5418541525617,-0.1745,58.71689653570876,-9.977912886775078,0.165,-0.2873847223409653,-0.8552694814513723
19.500000000000007,-2.9550619863290977,1248.100608360118,797.5308986323068,-0.1745,58.74122421920078,-10.24119751832136,0.165,-0.2873847223409653,-0.8552694814513723
19.60000000000001,-2.9957966193542336,1253.9765374585365,796.4975522213547,-0.1745,58.77735774916826,-10.425730700722625,0.165,-0.2873847223409653,-0.8552694814513723
19.70000000000001,-3.023520276411466,1259.8564829625989,795.4485000988361,-0.1745,58.821552332078554,-10.555311749648979,0.165,-0.2873847223409653,-0.8552694814513723
19.80000000000001,-3.0421988480190048,1265.7411230984821,794.3884053772814,-0.1745,58.87125038558492,-10.64658268144483,0.165,-0.2873847223409653,-0.8552694814513723
19.900000000000013,-3.054594757184819,1271.6309203649078,793.320517892012,-0.1745,58.924694942928724,-10.711167023942611,0.165,-0.2873847223409653,-0.8552694814513723
20.000000000000014,-3.062630718904677,1277.5261888234186,792.2471008051798,-0.1745,58.98067422728923,-10.757174712702934,0.165,-0.2873847223409653,-0.8552694814513723
20.100000000000016,-3.067644097489888,1283.4271400483258,791.1697291162953,-0.1745,59.03835027085532,-10.790259064987229,0.165,-0.2873847223409653,-0.8552694814513723
20.200000000000017,-3.070564543079013,1289.3339146931858,790.0894982723315,-0.1745,59.09714262634198,-10.814357814289258,0.165,-0.2873847223409653,-0.8552694814513723
20.30000000000002,-3.072037920113738,1295.2466042658,789.0071697908894,-0.1745,59.156648825942746,-10.832211814553915,0.165,-0.2873847223409653,-0.8552694814513723
20.40000000000002,-3.072512690984046,1301.1652661905728,787.9232728186025,-0.1745,59.216589669512196,-10.84572763118466,0.165,-0.2873847223409653,-0.8552694814513723
20.50000000000002,-3.0723000840308536,1307.089934246372,786.8381749010452,-0.1745,59.27677144646967,-10.856230719961765,0.165,-0.2873847223409653,-0.8552694814513723
20.600000000000023,-3.071615973965105,1313.020625807854,785.7521312629086,-0.1745,59.33705978317111,-10.864642042770035,0.165,-0.2873847223409653,-0.8552694814513723
20.700000000000024,-2.916967557922993,1318.957346872418,784.6653191020539,-0.1745,59.397361508106876,-10.871601174323777,0.165,-0.2873847223409653,-0.8552694814513723
20.800000000000026,-2.9629985758972586,1324.9048096524352,783.6006036802326,-0.1495,59.551894092237326,-10.422707262102941,0.8300000000000001,-0.2873847223409653,-0.8552694814513723
20.900000000000027,-2.994278324094096,1330.8619534401373,782.5510156609322,-0.1745,59.590981661805095,-10.56905312390391,0.165,-0.2873847223409653,-0.8552694814513723
21.00000000000003,-3.015358592318952,1336.8233261350229,781.4889921208659,-0.1745,59.63647223590702,-10.671417677422172,0.165,-0.2873847223409653,-0.8552694814513723
21.10000000000003,-3.029392404061338,1342.789464948713,780.4182555012168,-0.1745,59.68630403789704,-10.743314715560631,0.165,-0.2873847223409653,-0.8552694814513723
21.20000000000003,-3.03856220619891,1348.760733390282,779.3413837322522,-0.1745,59.73906479348181,-10.794120663730691,0.165,-0.2873847223409653,-0.8552694814513723
21.300000000000033,-3.0443776260518502,1354.7373758385816,778.2601609340079,-0.1745,59.793784172508026,-10.83033530115653,0.165,-0.2873847223409653,-0.8552694814513723
21.400000000000034,-3.047882260934032,1360.7195547562756,777.1758211331613,-0.1745,59.84979418137295,-10.856460715774451,0.165,-0.2873847223409653,-0.8552694814513723
21.500000000000036,-3.049797139291392,1366.70737618601,776.0892174418741,-0.1745,59.90663441331493,-10.875613109969159,0.165,-0.2873847223409653,-0.8552694814513723
21.600000000000037,-3.050620159304085,1372.7009072735634,775.0009393828401,-0.1745,59.96398733775333,-10.889948070710414,0.165,-0.2873847223409653,-0.8552694814513723
21.70000000000004,-3.0506949615766192,1378.7001883361668,773.9113941872862,-0.1745,60.021633914314954,-10.900955840366679,0.165,-0.2873847223409653,-0.8552694814513723
21.80000000000004,-3.050258599790632,1384.7052411848695,772.8208630886668,-0.1745,60.07942305973831,-10.90966613202095,0.165,-0.2873847223409653,-0.8552694814513723
21.90000000000004,-3.049474516573465,1390.7160748680876,771.7295402777979,-0.1745,60.13725060462285,-10.916790085357215,0.165,-0.2873847223409653,-0.8552694814513723
22.000000000000043,-3.0484553418305427,1396.732689636996,770.6375598442207,-0.1745,60.195044773543685,-10.922818586186962,0.165,-0.2873847223409653,-0.8552694814513723
22.100000000000044,-3.0472786465754265,1402.7550796836506,769.5450143988785,-0.1745,60.252756159548454,-10.928090320658649,0.165,-0.2873847223409653,-0.8552694814513723
22.200000000000045,-3.045997823602269,1408.7832350316082,768.4519679401561,-0.1745,60.31035079960414,-10.932838853787802,0.165,-0.2873847223409653,-0.8552694814513723
22.300000000000047,-3.0446495988547344,1414.8171428411597,767.3584647384588,-0.1745,60.36780539142544,-10.937225180159489,0.165,-0.2873847223409653,-0.8552694814513723
22.40000000000005,-3.0432592144283954,1420.8567883102173,766.2645354685217,-0.1745,60.42510398972579,-10.94136021858311,0.165,-0.2873847223409653,-0.8552694814513723
22.50000000000005,-3.0418440033267684,1426.9021552959407,765.1702014401002,-0.1745,60.48223572474241,-10.94532034984611,0.165,-0.2873847223409653,-0.8552694814513723
22.60000000000005,-3.0404158538931734,1432.9532267435347,764.0754775154039,-0.1745,60.53919322713641,-10.949158144079108,0.165,-0.2873847223409653,-0.8552694814513723
22.700000000000053,-3.038982908033374,1439.0099849819371,762.9803741200203,-0.1745,60.59597154091302,-10.95290976359183,0.165,-0.2873847223409653,-0.8552694814513723
22.800000000000054,-3.037550730934097,1445.072411927654,761.884898628382,-0.1745,60.65256737342351,-10.956600069175556,0.165,-0.2873847223409653,-0.8552694814513723
22.900000000000055,-3.0361231164009816,1451.1404892252312,760.7890563178864,-0.1745,60.70897857812248,-10.9602461407349,0.165,-0.2873847223409653,-0.8552694814513723
23.000000000000057,-3.0347026410833293,1457.2141983440367,759.692851025671,-0.1745,60.76520379798733,-10.963859703574185,0.165,-0.2873847223409653,-0.8552694814513723
23.10000000000006,-3.033291045720053,1463.2935206449258,758.596285600504,-0.1745,60.821242219794634,-10.967448799766053,0.165,-0.2873847223409653,-0.8552694814513723
23.20000000000006,-3.031889497281669,1469.3784374261584,757.4993622135664,-0.1745,60.877093404857696,-10.971018938984159,0.165,-0.2873847223409653,-0.8552694814513723
23.30000000000006,-3.0304987691393377,1475.4689299550253,756.4020825720886,-0.1745,60.932757172479825,-10.974573890571653,0.165,-0.2873847223409653,-0.8552694814513723
23.400000000000063,-3.029119364840719,1481.564979489636,755.3044480661375,-0.1745,60.988233519737,-10.97811622845086,0.165,-0.2873847223409653,-0.8552694814513723
23.500000000000064,-3.027679322961911,1487.6665672939373,754.2064598694232,-0.1745,61.04352256628663,-10.981647705835679,0.165,-0.2873847223409653,-0.8552694814513723
23.600000000000065,-3.0255836803298597,1493.7769491528595,753.1075417361143,-0.1745,61.16411461215549,-10.996714960341329,0.8300000000000001,-0.2873847223409653,-0.8552694814513723
23.700000000000067,-3.0237395723305527,1499.8961121984553,752.0078108587875,-0.1745,61.21914629975928,-10.99790258619563,0.165,-0.2873847223409653,-0.8552694814513723
23.800000000000068,-3.0220710221489506,1506.0207636764096,750.9079248985694,-0.1745,61.273883259328635,-10.99981661816602,0.165,-0.2873847223409653,-0.8552694814513723
23.90000000000007,-2.8624340841114435,1512.150875848937,749.8078228274412,-0.1745,61.32836019121926,-11.002224804397809,0.165,-0.2873847223409653,-0.8552694814513723
24.00000000000007,-2.911848062290152,1518.2880589375625,748.7321857297881,-0.1495,61.41530158128955,-10.510517148665835,0.165,-0.2873847223409653,-0.8552694814513723
24.100000000000072,-2.9451266151760325,1524.4311186079422,747.6731558781488,-0.1745,61.4458918263044,-10.670079884118884,0.165,-0.2873847223409653,-0.8552694814513723
24.200000000000074,-2.8085679065543543,1530.5776048836303,746.6006490860373,-0.1745,61.48383368746112,-10.7800559581115,0.165,-0.2873847223409653,-0.8552694814513723
24.300000000000075,-2.873803090191113,1536.7332106189076,745.5431380429978,-0.1495,61.62828101808515,-10.370164902676645,0.8300000000000001,-0.2873847223409653,-0.8552694814513723
24.400000000000077,-2.2085540803087333,1542.897156761554,744.4956875553852,-0.1745,61.65064183484455,-10.578844849577123,0.165,-0.2873847223409653,-0.8552694814513723
24.500000000000078,-2.467715728580815,1549.0616852731869,743.5429553309789,-0.06225,61.63992839781474,-8.475799638548882,0.495,-0.2873847223409653,-0.8552694814513723
24.60000000000008,-2.6442904174357142,1555.2220024377302,742.6552432151219,-0.1745,61.56641489305229,-9.278442678590038,0.165,-0.2873847223409653,-0.8552694814513723
24.70000000000008,-2.7643721686204747,1561.3770842142812,741.6999037587312,-0.1745,61.53522063796715,-9.82834644922387,0.165,-0.2873847223409653,-0.8552694814513723
24.800000000000082,-2.8458496739880474,1567.5304374560635,740.6982280399676,-0.1745,61.5318441976779,-10.20516792604789,0.165,-0.2873847223409653,-0.8552694814513723
24.900000000000084,-2.900972134928571,1573.6843764296066,739.6647932171146,-0.1745,61.5469352731856,-10.463528531011157,0.165,-0.2873847223409653,-0.8552694814513723
25.000000000000085,-2.9381174737776456,1579.8404411361491,738.6095726347269,-0.1745,61.574358857667036,-10.640883116743264,0.165,-0.2873847223409653,-0.8552694814513723
25.100000000000087,-2.963009987091065,1585.9996610936412,737.5393838424806,-0.1745,61.610040292175626,-10.762892728182901,0.165,-0.2873847223409653,-0.8552694814513723
25.200000000000088,-2.9795574466927937,1592.1627256348768,736.4588832368133,-0.1745,61.65125053253825,-10.847119385162069,0.165,-0.2873847223409653,-0.8552694814513723
25.30000000000009,-2.990425560818667,1598.3300957283734,735.371248768371,-0.1745,61.696151337396024,-10.905569983686215,0.165,-0.2873847223409653,-0.8552694814513723
25.40000000000009,-2.9974315812215027,1604.5020782849124,734.2786479650142,-0.1745,61.74349979338187,-10.946446083449132,0.165,-0.2873847223409653,-0.8552694814513723
25.500000000000092,-3.0018136427539366,1610.6788759469791,733.1825583813454,-0.1745,61.792453447953115,-10.975345589926448,0.165,-0.2873847223409653,-0.8552694814513723
25.600000000000094,-3.004414872726748,1616.8606206401573,732.0839867647467,-0.1745,61.84244041561234,-10.996086742048545,0.165,-0.2873847223409653,-0.8552694814513723
25.700000000000095,-3.0058091304679415,1623.0473962684198,730.9836188098235,-0.1745,61.89307214963687,-11.011272356414818,0.165,-0.2873847223409653,-0.8552694814513723
25.800000000000097,-3.006386819629809,1629.2392541043228,729.8819214033076,-0.1745,61.944084568424636,-11.022675773901716,0.165,-0.2873847223409653,-0.8552694814513723
25.900000000000098,-3.0064134147502655,1635.436223241999,728.779212384336,-0.1745,61.995298185098626,-11.031504605529465,0.165,-0.2873847223409653,-0.8552694814513723
26.0000000000001,-3.0060693558023166,1641.638317703609,727.6757081125521,-0.1745,62.04659104709922,-11.038580830148891,0.165,-0.2873847223409653,-0.8552694814513723
26.1000000000001,-3.005477228430369,1647.8455412731985,726.5715558864459,-0.1745,62.097880344692264,-11.044463691974132,0.165,-0.2873847223409653,-0.8552694814513723
26.200000000000102,-2.2898749876940236,1654.0578907854874,725.4668560260312,-0.1745,62.14910990108456,-11.04953351632028,0.165,-0.2873847223409653,-0.8552694814513723
26.300000000000104,-2.522791129655349,1660.2720571633608,724.4761238646888,-0.06225,62.13421765638368,-8.765109710527486,0.495,-0.2873847223409653,-0.8552694814513723
26.400000000000105,-2.5210334506526055,1666.4823380385403,723.5632155248167,-0.1745,62.071399847203914,-9.493057086915641,0.165,-0.2873847223409653,-0.8552694814513723
26.500000000000107,-2.678993880363796,1672.694194593193,722.6135570464346,-0.1495,62.16573124585004,-9.50011248072542,0.8300000000000001,-0.2873847223409653,-0.8552694814513723
26.600000000000108,-2.0699972405995233,1678.9095200328618,721.6386851287925,-0.1745,62.14077754752315,-9.997325872115814,0.165,-0.2873847223409653,-0.8552694814513723
26.70000000000011,-2.374497458172036,1685.1249063497294,720.7354801643208,-0.06225,62.16694878982882,-8.066773417318359,0.8300000000000001,-0.2873847223409653,-0.8552694814513723
26.80000000000011,-2.581403217420308,1691.3365683225493,719.881391588728,-0.1745,62.066290666570815,-9.014998094538962,0.165,-0.2873847223409653,-0.8552694814513723
26.900000000000112,-2.721761527819233,1697.540742680544,718.9475290742612,-0.1745,62.0171964933255,-9.662252194797974,0.165,-0.2873847223409653,-0.8552694814513723
27.000000000000114,-2.816787524496829,1703.7416868861442,717.9592093284989,-0.1745,62.00168761867699,-10.104142720448415,0.165,-0.2873847223409653,-0.8552694814513723
27.100000000000115,-2.880962747087587,1709.9421872652701,716.9337050006977,-0.1745,62.008319963841416,-10.40594383557613,0.165,-0.2873847223409653,-0.8552694814513723
27.200000000000117,-2.924160932432676,1716.1440862106892,715.8827949374162,-0.1745,62.029658944540394,-10.612257430054443,0.165,-0.2873847223409653,-0.8552694814513723
27.300000000000118,-2.9531070334122136,1722.3486094320592,714.8145049761933,-0.1745,62.060805482857084,-10.753541794402258,0.165,-0.2873847223409653,-0.8552694814513723
27.40000000000012,-2.972377210265181,1728.556574676851,713.734299104735,-0.1745,62.098499412976096,-10.850575634765212,0.165,-0.2873847223409653,-0.8552694814513723
27.50000000000012,-2.985083009970231,1734.7685274798177,712.6458943440043,-0.1745,62.140556646361475,-10.91751957984826,0.165,-0.2873847223409653,-0.8552694814513723
27.600000000000122,-2.9933387095454824,1740.98483068355,711.551817610226,-0.1745,62.18550742828048,-10.964015095719521,0.165,-0.2873847223409653,-0.8552694814513723
27.700000000000124,-2.998580106005501,1747.2057240453457,710.4537857831887,-0.1745,62.23235980763718,-10.996621445026955,0.165,-0.2873847223409653,-0.8552694814513723
27.800000000000125,-3.001781728735252,1753.431364189368,709.3529648145204,-0.1745,62.28044307280965,-11.019797928337598,0.165,-0.2873847223409653,-0.8552694814513723
27.900000000000126,-3.003604704438149,1759.6618515044606,708.2501462000295,-0.1745,62.32930322904373,-11.036574361480676,0.165,-0.2873847223409653,-0.8552694814513723
28.000000000000128,-3.0044973378139477,1765.8972483063894,707.1458670716775,-0.1745,62.37863280953101,-11.04900820556037,0.165,-0.2873847223409653,-0.8552694814513723
28.10000000000013,-3.004763484142201,1772.1375911247071,706.0404918646216,-0.1745,62.42822355682427,-11.058495935556794,0.165,-0.2873847223409653,-0.8552694814513723
28.20000000000013,-3.004609001098775,1778.3828990245631,704.934267820095,-0.1745,62.477934440296345,-11.065984954975178,0.165,-0.2873847223409653,-0.8552694814513723
28.300000000000132,-3.004173291637632,1784.633179246768,703.8273626860971,-0.1745,62.527670003801155,-11.072117724983276,0.165,-0.2873847223409653,-0.8552694814513723
28.400000000000134,-3.0035507129312022,1790.8884310315784,702.7198903132088,-0.1745,62.57736569241085,-11.077329732783955,0.165,-0.2873847223409653,-0.8552694814513723
28.500000000000135,-3.0028051006985965,1797.1486482113617,701.6119280241626,-0.1745,62.62697790325422,-11.081916048140787,0.165,-0.2873847223409653,-0.8552694814513723
28.600000000000136,-3.001979618663264,1803.4138209684172,700.5035283958638,-0.1745,62.67647723785633,-11.086076517834138,0.165,-0.2873847223409653,-0.8552694814513723
28.700000000000138,-3.0011034350671366,1809.6839370265895,699.3947272479454,-0.1745,62.725843925591356,-11.089946440534163,0.165,-0.2873847223409653,-0.8552694814513723
28.80000000000014,-3.000196246565656,1815.958982458868,698.2855490570291,-0.1745,62.77506471997737,-11.093617377790519,0.165,-0.2873847223409653,-0.8552694814513723
28.90000000000014,-2.9992713423317126,1822.2389422345777,697.1760106247845,-0.1745,62.82413079421885,-11.097151267103103,0.165,-0.2873847223409653,-0.8552694814513723
29.000000000000142,-2.9983376786100058,1828.523800590021,696.0661235619855,-0.1745,62.87303631464733,-11.100589988875948,0.165,-0.2873847223409653,-0.8552694814513723
29.100000000000144,-2.9974012827525924,1834.8135412794522,694.9558959700884,-0.1745,62.92177747397776,-11.10396184906565,0.165,-0.2873847223409653,-0.8552694814513723
29.200000000000145,-2.9964662030896405,1841.1081477449702,693.8453335791277,-0.1745,62.97035183638167,-11.10728597014908,0.165,-0.2873847223409653,-0.8552694814513723
29.300000000000146,-2.9955351512990886,1847.407603231487,692.7344405174127,-0.1745,63.01875789395328,-11.110575264149666,0.165,-0.2873847223409653,-0.8552694814513723
29.400000000000148,-2.9946099366571124,1853.7118908645068,691.6232198319638,-0.1745,63.0669947664418,-11.113838444828927,0.165,-0.2873847223409653,-0.8552694814513723
29.50000000000015,-2.993691759485955,1860.0209937027312,690.51167384027,-0.1745,63.11506199804539,-11.117081389046483,0.165,-0.2873847223409653,-0.8552694814513723
29.60000000000015,-2.9927814093783454,1866.3348947736304,689.3998043679454,-0.1745,63.16295941994044,-11.120308057444046,0.165,-0.2873847223409653,-0.8552694814513723
29.700000000000152,-2.9918793990477766,1872.653577097493,688.28761290923,-0.1745,63.21068705731417,-11.123521116864326,0.165,-0.2873847223409653,-0.8552694814513723
29.800000000000153,-2.9909860546762026,1878.9770237036846,687.1751007353382,-0.1745,63.258245066515016,-11.126722360971208,0.165,-0.2873847223409653,-0.8552694814513723
29.900000000000155,-2.990101576874786,1885.3052176416393,686.0622689675702,-0.1745,63.305633692577985,-11.129912994390097,0.165,-0.2873847223409653,-0.8552694814513723
30.000000000000156,-2.9892260818005454,1891.6381419882946,684.9491186266216,-0.1745,63.35285324052849,-11.133093824579868,0.165,-0.2873847223409653,-0.8552694814513723
30.100000000000158,-2.9883596288779426,1897.9757798531211,683.8356506658251,-0.1745,63.39990405600053,-11.136265391349577,0.165,-0.2873847223409653,-0.8552694814513723
30.20000000000016,-2.987502239481952,1904.3181143815286,682.7218659935451,-0.1745,63.44678651214892,-11.139428054251264,0.165,-0.2873847223409653,-0.8552694814513723
30.30000000000016,-2.9866539095245583,1910.6651287571767,681.6077654882562,-0.1745,63.49350100081318,-11.142582051526785,0.165,-0.2873847223409653,-0.8552694814513723
30.400000000000162,-2.9858146179305485,1917.016806203545,680.4933500086872,-0.1745,63.540047926552326,-11.14572753985249,0.165,-0.2873847223409653,-0.8552694814513723
30.500000000000163,-2.9849843323426524,1923.3731299850035,679.3786204006383,-0.1745,63.58642770261744,-11.148864621126538,0.165,-0.2873847223409653,-0.8552694814513723
30.600000000000165,-2.9841630129599164,1929.734083407546,678.2635775015561,-0.1745,63.63264074823191,-11.15199336051601,0.165,-0.2873847223409653,-0.8552694814513723
30.700000000000166,-2.9833625841022293,1936.0996498192953,677.1482221435998,-0.1745,63.67868748675355,-11.155113798610662,0.165,-0.2873847223409653,-0.8552694814513723
30.800000000000168,-2.9822046284838044,1942.4714375530798,676.0322686896973,-0.1745,63.757067188937526,-11.163955279439504,0.495,-0.2873847223409653,-0.8552694814513723
30.90000000000017,-2.981174713376122,1948.8494327517712,674.9157759335319,-0.1745,63.802836784890054,-11.165899843868337,0.165,-0.2873847223409653,-0.8552694814513723
31.00000000000017,-2.980233402062347,1955.2319938130952,673.7990700882457,-0.1745,63.848384441590376,-11.16821706185699,0.165,-0.2873847223409653,-0.8552694814513723
31.100000000000172,-2.97935424667022,1961.6190995077595,672.6821201695814,-0.1745,63.89372945169627,-11.1707813114291,0.165,-0.2873847223409653,-0.8552694814513723
31.200000000000173,-2.978519510695295,1968.0107302254262,671.5649056870985,-0.1745,63.93888490163725,-11.173508338228562,0.165,-0.2873847223409653,-0.8552694814513723
31.300000000000175,-2.977717298198825,1974.4068674560497,670.4474131875894,-0.1745,63.98385971083388,-11.176341651953159,0.165,-0.2873847223409653,-0.8552694814513723
31.400000000000176,-2.9769396277543017,1980.8074934416927,669.3296339354998,-0.1745,64.02866000202613,-11.17924338983849,0.165,-0.2873847223409653,-0.8552694814513723
31.500000000000178,-2.976181140685555,1987.2125909428796,668.2115623568853,-0.1745,64.07329002171075,-11.182188182451464,0.165,-0.2873847223409653,-0.8552694814513723
31.60000000000018,-2.9754382350115858,1993.6221430818719,667.0931949959302,-0.1745,64.11775275813541,-11.185159036650969,0.165,-0.2873847223409653,-0.8552694814513723
31.70000000000018,-2.9747084850059706,2000.036133237582,665.9745298154297,-0.1745,64.16205035606421,-11.18814457335719,0.165,-0.2873847223409653,-0.8552694814513723
31.800000000000182,-2.97399025231344,2006.4545449751372,664.8555657280145,-0.1745,64.20618439503971,-11.191137174945835,0.165,-0.2873847223409653,-0.8552694814513723
31.900000000000183,-2.973282425495862,2012.877361998689,663.7363022821095,-0.1745,64.25015607599553,-11.194131743154632,0.165,-0.2873847223409653,-0.8552694814513723
32.000000000000185,-2.9725842456536067,2019.3045681198066,662.6167394516216,-0.1745,64.2939663463586,-11.197124866602904,0.165,-0.2873847223409653,-0.8552694814513723
32.100000000000186,-2.971895189715833,2025.7361472363189,661.4968774951395,-0.1745,64.33761598388405,-11.200114263037644,0.165,-0.2873847223409653,-0.8552694814513723
32.20000000000019,-2.9712148923544923,2032.1720833181537,660.376716861699,-0.1745,64.3811056528143,-11.20309840577328,0.165,-0.2873847223409653,-0.8552694814513723
32.30000000000019,-2.9705430937575317,2038.6123603978685,659.2562581277313,-0.1745,64.42443594148376,-11.206076273583061,0.165,-0.2873847223409653,-0.8552694814513723
32.40000000000019,-2.9698796047092832,2045.0569625643172,658.135501954887,-0.1745,64.46760738748918,-11.209047183302125,0.165,-0.2873847223409653,-0.8552694814513723
32.50000000000019,-2.9692242832503153,2051.5058739584183,657.0144490618305,-0.1745,64.51062049452968,-11.21201067782746,0.165,-0.2873847223409653,-0.8552694814513723
32.60000000000019,-2.968577019081894,2057.9590787703282,655.8931002053788,-0.1745,64.55347574366814,-11.214966451207548,0.165,-0.2873847223409653,-0.8552694814513723
32.700000000000195,-2.9679377231484896,2064.4165612375546,654.7714561678906,-0.1745,64.59617360085792,-11.217914298555915,0.165,-0.2873847223409653,-0.8552694814513723
32.800000000000196,-2.800564904935492,2070.878305643696,653.6495177488341,-0.1745,64.63871452197019,-11.220854082573421,0.165,-0.2873847223409653,-0.8552694814513723
32.9000000000002,-2.85595621427728,2077.3479477899746,652.5544151314764,-0.1495,64.75412840359793,-10.681198264581626,0.495,-0.2873847223409653,-0.8552694814513723
33.0000000000002,-2.892586305071137,2083.8240801012844,651.4770700428093,-0.1745,64.76851782259993,-10.865703508760651,0.165,-0.2873847223409653,-0.8552694814513723
33.1000000000002,-2.7495474833327287,2090.3021144987683,650.3843117811896,-0.1745,64.79217012708123,-10.98946172363338,0.165,-0.2873847223409653,-0.8552694814513723
33.2000000000002,-2.821304136770631,2096.788295408651,649.3081539156605,-0.1495,64.93144807056741,-10.533695586949765,0.8300000000000001,-0.2873847223409653,-0.8552694814513723
33.3000000000002,-2.8687745191745844,2103.281711433258,648.2428872257365,-0.1745,64.9368724215717,-10.771638211531101,0.165,-0.2873847223409653,-0.8552694814513723
33.400000000000205,-2.9001007241537375,2109.7762781215797,647.157765892956,-0.1745,64.95446134486338,-10.930788444078157,0.165,-0.2873847223409653,-0.8552694814513723
33.500000000000206,-2.9207019980545468,2116.273001411974,646.0593515715391,-0.1745,64.9800044630193,-11.037497984260888,0.165,-0.2873847223409653,-0.8552694814513723
33.60000000000021,-2.934182751449323,2122.772538996122,644.9520103080688,-0.1745,65.01074721994355,-11.109327285144941,0.165,-0.2873847223409653,-0.8552694814513723
33.70000000000021,-2.9429388949568027,2129.2753202612143,643.8386455085097,-0.1745,65.0448780819024,-11.157968706036538,0.165,-0.2873847223409653,-0.8552694814513723
33.80000000000021,-2.9485622142786423,2135.7816242487684,642.7211869803352,-0.1745,65.08120166917871,-11.191201857453175,0.165,-0.2873847223409653,-0.8552694814513723
33.90000000000021,-2.95210977599077,2142.2916307079386,641.6009168960348,-0.1745,65.11892751422751,-11.214199828553532,0.165,-0.2873847223409653,-0.8552694814513723
34.00000000000021,-2.9542832642592893,2148.8054536961627,640.478686869622,-0.1745,65.1575322502544,-11.230400699702907,0.165,-0.2873847223409653,-0.8552694814513723
34.100000000000215,-2.9555482803780104,2155.3231637653034,639.3550624143272,-0.1745,65.19666913255712,-11.24208840619371,0.165,-0.2873847223409653,-0.8552694814513723
34.200000000000216,-2.9562136594340016,2161.844802641246,638.2304190162685,-0.1745,65.23610838629446,-11.250779554981198,0.165,-0.2873847223409653,-0.8552694814513723
34.30000000000022,-2.788120977656212,2168.3703929491235,637.1050059965046,-0.1745,65.27569777124855,-11.257480840296902,0.165,-0.2873847223409653,-0.8552694814513723
34.40000000000022,-2.8452214256641284,2174.9036770748125,636.0066431279381,-0.1495,65.3899847425375,-10.709776531033768,0.495,-0.2873847223409653,-0.8552694814513723
34.50000000000022,-2.882842553462014,2181.4432190713615,634.9260982289511,-0.1745,65.40085518843637,-10.901121448706864,0.165,-0.2873847223409653,-0.8552694814513723
34.60000000000022,-2.907564661147026,2187.98433617503,633.829602980665,-0.1745,65.42148688493478,-11.028783517015238,0.165,-0.2873847223409653,-0.8552694814513723
34.70000000000022,-2.9237502363907115,2194.527834620644,632.7224524926481,-0.1745,65.44848202735098,-11.114226243320799,0.165,-0.2873847223409653,-0.8552694814513723
34.800000000000225,-2.934289629222948,2201.074239644515,631.6081564454703,-0.1745,65.4796184500631,-11.171694700235694,0.165,-0.2873847223409653,-0.8552694814513723
34.900000000000226,-2.941096813459336,2207.6238924088525,630.4890399055055,-0.1745,65.51343683669481,-11.21063609906035,0.165,-0.2873847223409653,-0.8552694814513723
35.00000000000023,-2.945438627426793,2214.177013066655,629.3666425118518,-0.1745,65.54897631936015,-11.237311774014715,0.165,-0.2873847223409653,-0.8552694814513723
35.10000000000023,-2.9481532314756493,2220.7337420432646,628.2419834572999,-0.1745,65.58560321283251,-11.25586931702255,0.165,-0.2873847223409653,-0.8552694814513723
35.20000000000023,-2.949794954793993,2227.2941671655385,627.1157372480853,-0.1745,65.62289923264218,-11.269054867266808,0.165,-0.2873847223409653,-0.8552694814513723
35.30000000000023,-2.950730278649333,2233.8583415356325,625.9883502095859,-0.1745,65.66058816923629,-11.27868590272233,0.165,-0.2873847223409653,-0.8552694814513723
35.40000000000023,-2.951201408404149,2240.4262953256152,624.8601176728898,-0.1745,65.6984876304175,-11.28596483119907,0.165,-0.2873847223409653,-0.8552694814513723
35.500000000000234,-2.9513683605229293,2246.998043567914,623.731235088224,-0.1745,65.7364772155556,-11.291686862117702,0.165,-0.2873847223409653,-0.8552694814513723
35.600000000000236,-2.951336814823968,2253.57359130367,622.6018318586439,-0.1745,65.77447749956832,-11.296377729483973,0.165,-0.2873847223409653,-0.8552694814513723
35.70000000000024,-2.951176539819153,2260.1529369858836,621.4719937272592,-0.1745,65.81243614470007,-11.30038489820907,0.165,-0.2873847223409653,-0.8552694814513723
35.80000000000024,-2.950933577622031,2266.7360747290704,620.341777585298,-0.1745,65.85031871903715,-11.303937941014894,0.165,-0.2873847223409653,-0.8552694814513723
35.90000000000024,-2.950638299335617,2273.322995796307,619.2112212636381,-0.1745,65.88810262569656,-11.307188492184707,0.165,-0.2873847223409653,-0.8552694814513723
36.00000000000024,-2.9503107287349186,2279.913689582032,618.0803500051597,-0.1745,65.92577308879983,-11.310236677381429,0.165,-0.2873847223409653,-0.8552694814513723
36.10000000000024,-2.949964059508271,2286.5081442614555,616.9491807417179,-0.1745,65.96332049966999,-11.313148591454487,0.165,-0.2873847223409653,-0.8552694814513723
36.200000000000244,-2.9496069783071777,2293.1063472195697,615.8177249195129,-0.1745,66.00073866261687,-11.315967852645858,0.165,-0.2873847223409653,-0.8552694814513723
36.300000000000246,-2.1898054898118513,2299.7082853344814,614.6859903649593,-0.1745,66.03802363561701,-11.318723238427495,0.165,-0.2873847223409653,-0.8552694814513723
36.40000000000025,-2.4521418423517813,2306.3094434302216,613.682923088082,-0.06225,65.98513827918686,-8.742622299116638,0.165,-0.2873847223409653,-0.8552694814513723
36.50000000000025,-2.625399507546897,2312.9028656123915,612.7653828786382,-0.1745,65.88330536421186,-9.608181889759374,0.165,-0.2873847223409653,-0.8552694814513723
36.60000000000025,-2.7397033417918513,2319.4885875823525,611.7758897130991,-0.1745,65.8311340350118,-10.181681421021953,0.165,-0.2873847223409653,-0.8552694814513723
36.70000000000025,-2.815021514762786,2326.070672524943,610.7387165696084,-0.1745,65.81056481680044,-10.5617814487926,0.165,-0.2873847223409653,-0.8552694814513723
36.80000000000025,-2.8645784200861337,2332.6517172086847,609.6699347144402,-0.1745,65.8103288580313,-10.81385565457327,0.165,-0.2873847223409653,-0.8552694814513723
36.900000000000254,-2.897124144460213,2339.233396723682,608.580180118144,-0.1745,65.82326144191408,-10.98123627134978,0.165,-0.2873847223409653,-0.8552694814513723
37.000000000000256,-2.918443547910383,2345.8167972593883,607.4764869268168,-0.1745,65.84474927221383,-11.09262755519215,0.165,-0.2873847223409653,-0.8552694814513723
37.10000000000026,-2.932476301478108,2352.4026245601335,606.3635041587233,-0.1745,65.87179674268711,-11.167027806678448,0.165,-0.2873847223409653,-0.8552694814513723
37.20000000000026,-2.9408150676459184,2358.994611295783,605.2437254341478,-0.1745,65.96793797030502,-11.228546684831995,0.8300000000000001,-0.2873847223409653,-0.8552694814513723
37.30000000000026,-2.9461762979826016,2365.5930587040234,604.1192941643582,-0.1745,66.00101019449875,-11.260078710960146,0.165,-0.2873847223409653,-0.8552694814513723
37.40000000000026,-2.9495784628217714,2372.194881461209,602.9922028706509,-0.1745,66.03544494922173,-11.281747163186196,0.165,-0.2873847223409653,-0.8552694814513723
37.50000000000026,-2.951692806425627,2378.8001901409834,601.8632699177747,-0.1745,66.07072864626633,-11.296911894338296,0.165,-0.2873847223409653,-0.8552694814513723
37.600000000000264,-2.9529615697373774,2385.4090527444687,600.7330348832277,-0.1745,66.10652342343793,-11.307788796602592,0.165,-0.2873847223409653,-0.8552694814513723
37.700000000000266,-2.98287682242416,2392.021509264614,599.6018535061831,-0.1745,66.14260697947239,-11.315838744288124,0.165,-0.33476266611409067,-1.137822586392807
37.80000000000027,-3.0024174345079673,2398.6368365941785,598.4651156263824,-0.1745,66.16393961181426,-11.41891885172669,0.165,-0.33476266611409067,-1.137822586392807
37.90000000000027,-3.0151352991332194,2405.254555395041,597.3197888149211,-0.1745,66.19043640543032,-11.487617377499022,0.165,-0.33476266611409067,-1.137822586392807
38.00000000000027,-3.0233687361417036,2411.8750907036465,596.1687240294044,-0.1745,66.22026976668617,-11.533678332834528,0.165,-0.33476266611409067,-1.137822586392807
38.10000000000027,-3.0286564351381395,2418.498716433501,595.0137981143947,-0.1745,66.2522448304096,-11.564839967359692,0.165,-0.33476266611409067,-1.137822586392807
38.20000000000027,-3.032010497919146,2425.1256076151276,593.8562462018053,-0.1745,66.28557880211608,-11.586198284428832,0.165,-0.33476266611409067,-1.137822586392807
38.300000000000274,-3.034096410650065,2431.7558744668227,592.6968809041766,-0.1745,66.31975823178881,-11.601107668145133,0.165,-0.33476266611409067,-1.137822586392807
38.400000000000276,-3.035351600262314,2438.389584685005,591.5362367608861,-0.1745,66.3544461318557,-11.611775197665667,0.165,-0.33476266611409067,-1.137822586392807
38.50000000000028,-3.0360634949544925,2445.0267780561653,590.3746653746128,-0.1745,66.3894212913504,-11.619652527799504,0.165,-0.33476266611409067,-1.137822586392807
38.60000000000028,-3.0364208994370214,2451.6674760469687,589.2123980418419,-0.1745,66.42453852471321,-11.625694127619854,0.165,-0.33476266611409067,-1.137822586392807
38.70000000000028,-3.0365477946362462,2458.3116881028045,588.0495869672102,-0.1745,66.45970259200517,-11.630527365015082,0.165,-0.33476266611409067,-1.137822586392807
38.80000000000028,-3.0365255668016884,2464.9594157860192,586.8863323749217,-0.1745,66.49485107229242,-11.634564480753438,0.165,-0.33476266611409067,-1.137822586392807
38.90000000000028,-3.0364076222272844,2471.610655495165,585.7227003370214,-0.1745,66.5299431106228,-11.63807627725416,0.165,-0.33476266611409067,-1.137822586392807
39.000000000000284,-3.0362289928563886,2478.265400251815,584.5587344934019,-0.1745,66.56495202238419,-11.641240595136788,0.165,-0.33476266611409067,-1.137822586392807
39.100000000000286,-3.0360126477277682,2484.9236408745573,583.3944637539819,-0.1745,66.59986043245961,-11.644174193263225,0.165,-0.33476266611409067,-1.137822586392807
39.20000000000029,-3.0357736387526666,2491.585366750209,582.2299073589336,-0.1745,66.63465708056737,-11.646953707703203,0.165,-0.33476266611409067,-1.137822586392807
39.30000000000029,-3.035537195425932,2498.250566340334,581.0650782022153,-0.1745,66.66933472193332,-11.649629426661383,0.165,-0.33476266611409067,-1.137822586392807
39.40000000000029,-3.0349377812732774,2504.920852456056,579.8996985478333,-0.1745,66.73638759250454,-11.657963660978934,0.495,-0.33476266611409067,-1.137822586392807
39.50000000000029,-3.0344560726963055,2511.5962151060385,578.7338327936802,-0.1745,66.77086540715156,-11.65935142208163,0.165,-0.33476266611409067,-1.137822586392807
39.60000000000029,-3.0340533926027664,2518.275016086078,577.5678099633031,-0.1745,66.80515419363248,-11.661105185459997,0.165,-0.33476266611409067,-1.137822586392807
39.700000000000294,-3.033704407046099,2524.957237499324,576.4015999129533,-0.1745,66.83927407129046,-11.663095821537034,0.165,-0.33476266611409067,-1.137822586392807
39.800000000000296,-3.0333925227725396,2531.642863121228,575.235183184596,-0.1745,66.87323836678522,-11.665238745607885,0.165,-0.33476266611409067,-1.137822586392807
39.9000000000003,-3.033106870788589,2538.331877837231,574.0685473189282,-0.1745,66.90705595327546,-11.667478567749223,0.165,-0.33476266611409067,-1.137822586392807
40.0000000000003,-3.032840329929205,2545.0242672741406,572.9016844391782,-0.1745,66.94073278491611,-11.669779027248678,0.165,-0.33476266611409067,-1.137822586392807
40.1000000000003,-3.032588232203979,2551.720017558543,571.7345896681145,-0.1745,66.97427290313341,-11.672116394026633,0.165,-0.33476266611409067,-1.137822586392807
40.2000000000003,-3.0323475149666432,2558.4191151585146,570.5672600912113,-0.1745,67.00767909629563,-11.674475144036174,0.165,-0.33476266611409067,-1.137822586392807
40.3000000000003,-3.0321161658446316,2565.121546779931,569.3996940777218,-0.1745,67.04095333203222,-11.676845125753411,0.165,-0.33476266611409067,-1.137822586392807
40.400000000000304,-3.0318928594342887,2571.827299298556,568.2318908362271,-0.1745,67.0740970404732,-11.679219704141014,0.165,-0.33476266611409067,-1.137822586392807
40.500000000000306,-3.031676719573864,2578.536359715568,567.0638501237594,-0.1745,67.10711129976339,-11.681594545214077,0.165,-0.33476266611409067,-1.137822586392807
40.60000000000031,-3.0314671638290496,2585.2487151284327,565.8955720554826,-0.1745,67.1399969575345,-11.683966820321166,0.165,-0.33476266611409067,-1.137822586392807
40.70000000000031,-3.0312638017865092,2591.9643527118305,564.7270569801993,-0.1745,67.17275471042093,-11.686334685343489,0.165,-0.33476266611409067,-1.137822586392807
40.80000000000031,-3.031066368555264,2598.683259705156,563.5583053989361,-0.1745,67.2053851560958,-11.688696939919913,0.165,-0.33476266611409067,-1.137822586392807
40.90000000000031,-3.030874681299251,2605.4054234043265,562.3893179117138,-0.1745,67.23788882731422,-11.691052804527292,0.165,-0.33476266611409067,-1.137822586392807
41.00000000000031,-3.0306886108317115,2612.130831156401,561.2200951827526,-0.1745,67.27026621417849,-11.693401774695008,0.165,-0.33476266611409067,-1.137822586392807
41.100000000000314,-3.030508063057029,2618.8594703560448,560.0506379177334,-0.1745,67.30251777869552,-11.69574352568891,0.165,-0.33476266611409067,-1.137822586392807
41.200000000000315,-3.0303329668491634,2625.591328443194,558.8809468489385,-0.1745,67.33464396429169,-11.698077850208913,0.165,-0.33476266611409067,-1.137822586392807
41.30000000000032,-3.0301632661361233,2632.32639290151,557.7110227255442,-0.1745,67.36664520202946,-11.70040461767614,0.165,-0.33476266611409067,-1.137822586392807
41.40000000000032,-3.029998914732186,2639.064651257345,556.5408663072786,-0.1745,67.39852191466731,-11.70272374763498,0.165,-0.33476266611409067,-1.137822586392807
41.50000000000032,-3.029839872964732,2645.8060910790437,555.3704783602778,-0.1745,67.43027451930999,-11.705035192380794,0.165,-0.33476266611409067,-1.137822586392807
41.60000000000032,-3.0296861054728548,2652.550699976466,554.199859654378,-0.1745,67.46190342913728,-11.707338925616073,0.165,-0.33476266611409067,-1.137822586392807
41.70000000000032,-3.0295375797708934,2659.2984656006497,553.029010961345,-0.1745,67.49340905453094,-11.709634935044754,0.165,-0.33476266611409067,-1.137822586392807
41.800000000000324,-3.0293942653111534,2666.0493756435667,551.8579330537158,-0.1745,67.52479180380844,-11.711923217538576,0.165,-0.33476266611409067,-1.137822586392807
41.900000000000325,-3.0292561328723315,2672.803417837942,550.6866267040397,-0.1745,67.55605208369994,-11.71420377598276,0.165,-0.33476266611409067,-1.137822586392807
42.00000000000033,-3.029123154160392,2679.56057995711,549.5150926843796,-0.1745,67.58719029965775,-11.71647661721792,0.165,-0.33476266611409067,-1.137822586392807
42.10000000000033,-3.028995301547981,2686.3208498148956,548.3433317659839,-0.1745,67.6182068560564,-11.718741750697347,0.165,-0.33476266611409067,-1.137822586392807
42.20000000000033,-3.0288725479041685,2693.0842152655146,547.1713447190684,-0.1745,67.6491021563214,-11.720999187611033,0.165,-0.33476266611409067,-1.137822586392807
42.30000000000033,-3.028754866483074,2699.8506642034813,545.9991323126721,-0.1745,67.67987660301151,-11.72324894031412,0.165,-0.33476266611409067,-1.137822586392807
42.40000000000033,-3.0286422308508527,2706.6201845635255,544.8266953145587,-0.1745,67.71053059787063,-11.72549102195389,0.165,-0.33476266611409067,-1.137822586392807
42.500000000000334,-3.028534614837686,2713.392764320512,543.6540344911497,-0.1745,67.7410645418601,-11.727725446226167,0.165,-0.33476266611409067,-1.137822586392807
42.600000000000335,-3.0284319925060594,2720.168391489364,542.4811506074776,-0.1745,67.771478835178,-11.729952227216089,0.165,-0.33476266611409067,-1.137822586392807
42.70000000000034,-3.0283343381296475,2726.947054124986,541.3080444271521,-0.1745,67.80177387727028,-11.732171379293847,0.165,-0.33476266611409067,-1.137822586392807
42.80000000000034,-3.0282416261791067,2733.7287403221917,540.1347167123351,-0.1745,67.83195006683627,-11.734382917046256,0.165,-0.33476266611409067,-1.137822586392807
42.90000000000034,-3.028153831312377,2740.5134382156252,538.9611682237213,-0.1745,67.86200780183091,-11.736586855231637,0.165,-0.33476266611409067,-1.137822586392807
43.00000000000034,-3.0280709283679035,2747.30113597969,537.7873997205222,-0.1745,67.89194747946458,-11.738783208749917,0.165,-0.33476266611409067,-1.137822586392807
43.10000000000034,-3.0279928923597876,2754.0918218284733,536.6134119604536,-0.1745,67.92176949620152,-11.740971992622606,0.165,-0.33476266611409067,-1.137822586392807
43.200000000000344,-3.027919698474167,2760.8854840156714,535.4392056997235,-0.1745,67.9514742477574,-11.74315322197925,0.165,-0.33476266611409067,-1.137822586392807
43.300000000000345,-3.0278513220664283,2767.682110834514,534.2647816930222,-0.1745,67.98106212909622,-11.74532691204805,0.165,-0.33476266611409067,-1.137822586392807
43.40000000000035,-3.0277877386589362,2774.48169061769,533.0901406935124,-0.1745,68.01053353442688,-11.747493078149246,0.165,-0.33476266611409067,-1.137822586392807
43.50000000000035,-3.0277289239391303,2781.2842117372716,531.9152834528204,-0.1745,68.03988885719968,-11.74965173569027,0.165,-0.33476266611409067,-1.137822586392807
43.60000000000035,-3.0276748537578433,2788.0896626046365,530.7402107210278,-0.1745,68.0691284901025,-11.751802900162078,0.165,-0.33476266611409067,-1.137822586392807
43.70000000000035,-3.0276255041277778,2794.8980316703946,529.5649232466628,-0.1745,68.09825282505707,-11.753946587136234,0.165,-0.33476266611409067,-1.137822586392807
43.80000000000035,-3.0275808512220816,2801.7093074243085,528.3894217766929,-0.1745,68.12726225321525,-11.756082812262502,0.165,-0.33476266611409067,-1.137822586392807
43.900000000000354,-3.0275763684416335,2808.523478395217,527.2137070565165,-0.1745,68.1561571649552,-11.758211591266763,0.165,-0.33476266611409067,-1.137822586392807
44.000000000000355,-2.8511192302480683,2815.342158093184,526.0374933639639,-0.1745,68.21743679438374,-11.766062259784343,0.495,-0.33476266611409067,-1.137822586392807
44.10000000000036,-2.9129065871464643,2822.1710860428107,524.8907871565362,-0.1495,68.36112219815189,-11.168061888768536,0.8300000000000001,-0.33476266611409067,-1.137822586392807
44.20000000000036,-2.952854651107295,2829.0069624061944,523.7633023312619,-0.1745,68.35640506952042,-11.38163461671713,0.165,-0.33476266611409067,-1.137822586392807
44.30000000000036,-2.9786744191124814,2835.842950920837,522.6181933444634,-0.1745,68.36336522333754,-11.520545119252477,0.165,-0.33476266611409067,-1.137822586392807
44.40000000000036,-2.995358551284925,2842.680007972125,521.4616104731264,-0.1745,68.3777758024188,-11.61111230748899,0.165,-0.33476266611409067,-1.137822586392807
44.50000000000036,-2.2191473273734363,2849.51874372773,520.2975352547327,-0.1745,68.39693930967981,-11.670392060383957,0.165,-0.33476266611409067,-1.137822586392807
44.600000000000364,-1.5472629520170242,2856.3556629420973,519.2667343588714,-0.06225,68.34144497766766,-8.94562585684241,0.165,-0.33476266611409067,-1.137822586392807
44.700000000000365,-1.8984223936932088,2863.1832114064982,518.4891860602786,-0.03725,68.20952431035151,-6.605340115013883,0.165,-0.33476266611409067,-1.137822586392807
44.80000000000037,-2.301662174156976,2869.996047705875,517.7691054694175,-0.1495,68.0472016771833,-7.796271702208809,0.165,-0.33476266611409067,-1.137822586392807
44.90000000000037,-2.564362280524022,2876.7907690262964,516.9212511439279,-0.1745,67.84722473124468,-9.160814807583915,0.165,-0.33476266611409067,-1.137822586392807
45.00000000000037,-2.7354083790227914,2883.5697837255675,515.9606689784903,-0.1745,67.73306925417519,-10.050828501167228,0.165,-0.33476266611409067,-1.137822586392807
45.10000000000037,-2.846704149109169,2890.3400253572327,514.9265441286337,-0.1745,67.67176337913163,-10.631668495963744,0.165,-0.33476266611409067,-1.137822586392807
45.20000000000037,-2.919072612390989,2897.105793778985,513.8444182307328,-0.1745,67.6436050559205,-11.010849462054958,0.165,-0.33476266611409067,-1.137822586392807
45.300000000000374,-2.9660960618912515,2903.8697979402727,512.7309494616394,-0.1745,67.63647816982821,-11.258525919812826,0.165,-0.33476266611409067,-1.137822586392807
45.400000000000375,-2.996627179175049,2910.633761192291,511.59699837106444,-0.1745,67.64278687053549,-11.4204958916868,0.165,-0.33476266611409067,-1.137822586392807
45.50000000000038,-3.016432016995515,2917.398785929196,510.4496415113623,-0.1745,67.65770786757149,-11.526641302355635,0.165,-0.33476266611409067,-1.137822586392807
45.60000000000038,-3.0292640302140175,2924.1655789516,509.2934872090791,-0.1745,67.67815258050067,-11.59644474330851,0.165,-0.33476266611409067,-1.137822586392807
45.70000000000038,-3.0375653822332116,2930.934593202834,508.13153498945434,-0.1745,67.70213244418333,-11.642599649186913,0.165,-0.33476266611409067,-1.137822586392807
45.80000000000038,-3.0429244057189875,2937.7061179590587,506.96573644804096,-0.1745,67.72836268031016,-11.673371179080673,0.165,-0.33476266611409067,-1.137822586392807
45.90000000000038,-3.046373753649232,2944.480336664373,505.7973609692082,-0.1745,67.75601142597878,-11.694138397573818,0.165,-0.33476266611409067,-1.137822586392807
46.000000000000384,-3.048584590652177,2951.2573642049792,504.6272340193966,-0.1745,67.78453938614055,-11.708400598658793,0.165,-0.33476266611409067,-1.137822586392807
46.100000000000385,-3.0499930060337093,2958.0372710095535,503.45589231993847,-0.1745,67.81359670534802,-11.718433390504138,0.165,-0.33476266611409067,-1.137822586392807
46.20000000000039,-3.0508822690096506,2964.820098663433,502.28368484345845,-0.1745,67.84295637223758,-11.72571613909591,0.165,-0.33476266611409067,-1.137822586392807
46.30000000000039,-3.051436331133223,2971.605870037278,501.1108385217354,-0.1745,67.87247110465805,-11.73121029536546,0.165,-0.33476266611409067,-1.137822586392807
46.40000000000039,-3.0517746152213023,2978.394595862108,499.93750097979154,-0.1745,67.90204539194569,-11.735540543511677,0.165,-0.33476266611409067,-1.137822586392807
46.50000000000039,-3.0520407310811333,2985.186278999129,498.7637683198428,-0.1745,67.93161734847916,-11.739112655462984,0.165,-0.33476266611409067,-1.137822586392807
46.60000000000039,-3.051475103883912,2991.9841917177946,497.5891259076531,-0.1745,68.0266370248338,-11.75373558833127,0.8300000000000001,-0.33476266611409067,-1.137822586392807
46.700000000000394,-3.051096325966679,2998.7883333973195,496.41373276801284,-0.1745,68.05619656566661,-11.754127204473903,0.165,-0.33476266611409067,-1.137822586392807
46.800000000000395,-2.266176315104336,3005.595420493007,495.2382698044722,-0.1745,68.08554534808867,-11.755132066338478,0.165,-0.33476266611409067,-1.137822586392807
46.9000000000004,-2.5451603544071832,3012.4044996567845,494.19953532775855,-0.06225,68.09603792746088,-9.019557467935428,0.8300000000000001,-0.33476266611409067,-1.137822586392807
47.0000000000004,-2.7265191146995345,3019.2078387843576,493.25018476287147,-0.1745,67.97074462400062,-9.967453829805997,0.165,-0.33476266611409067,-1.137822586392807
47.1000000000004,-2.844343498278663,3026.0014933713055,492.22256619182,-0.1745,67.90234711495896,-10.584917591222407,0.165,-0.33476266611409067,-1.137822586392807
47.2000000000004,-2.9208448736838086,3032.7900856537026,491.14395754717435,-0.1745,67.86949853298441,-10.987255301690489,0.165,-0.33476266611409067,-1.137822586392807
47.3000000000004,-2.9704865526857076,3039.576517488514,490.0321172974769,-0.1745,67.85913816324334,-11.249549692259546,0.165,-0.33476266611409067,-1.137822586392807
47.400000000000404,-3.0026795828694404,3046.3626299002076,488.8986034249117,-0.1745,67.8631100706259,-11.42072775904347,0.165,-0.33476266611409067,-1.137822586392807
47.500000000000405,-3.0235433644383485,3053.1495979839333,487.7509341242033,-0.1745,67.87625160388669,-11.532658255124765,0.165,-0.33476266611409067,-1.137822586392807
47.600000000000406,-3.0370546298223737,3059.938173843439,486.59399701484307,-0.1745,67.89526558622697,-11.606083932080212,0.165,-0.33476266611409067,-1.137822586392807
47.70000000000041,-3.0457964332099987,3066.7288388246016,485.4309680014381,-0.1745,67.9180340370194,-11.654496336019454,0.165,-0.33476266611409067,-1.137822586392807
47.80000000000041,-3.0514458930448995,3073.521900097376,484.26390991598885,-0.1745,67.94319141846921,-11.686665372965809,0.165,-0.33476266611409067,-1.137822586392807
47.90000000000041,-3.055091540723221,3080.3175524330704,483.0941622030598,-0.1745,67.9698552954193,-11.708288885615092,0.165,-0.33476266611409067,-1.137822586392807
48.00000000000041,-3.0574396636678043,3087.115917930006,481.92259439709346,-0.1745,67.99745464329227,-11.723067233711005,0.165,-0.33476266611409067,-1.137822586392807
48.10000000000041,-3.0589483993565376,3093.9170716462563,480.7497709011144,-0.1745,68.02561968171244,-11.73340268587042,0.165,-0.33476266611409067,-1.137822586392807
48.200000000000415,-3.059914839332969,3100.7210581745812,479.57605805191974,-0.1745,68.05411088478843,-11.74085429802289,0.165,-0.33476266611409067,-1.137822586392807
48.300000000000416,-3.060531588724191,3107.527902374429,478.4016936572107,-0.1745,68.08277311216469,-11.746433596157578,0.165,-0.33476266611409067,-1.137822586392807
48.40000000000042,-3.0609234802810574,3114.3376163261073,477.22683214290345,-0.1745,68.11150592140767,-11.750796689987583,0.165,-0.33476266611409067,-1.137822586392807
48.50000000000042,-3.0611713992770433,3121.1502038388694,476.0515738560565,-0.1745,68.14024433383766,-11.754369046951263,0.165,-0.33476266611409067,-1.137822586392807
48.60000000000042,-3.061327740015028,3127.965663373851,474.87598407853676,-0.1745,68.16894636578901,-11.757426503444055,0.165,-0.33476266611409067,-1.137822586392807
48.70000000000042,-3.061426430703988,3134.7839899393034,473.70010536102893,-0.1745,68.19758494326382,-11.76014784671237,0.165,-0.33476266611409067,-1.137822586392807
48.80000000000042,-3.0614894338306016,3141.605176319388,472.5239655219594,-0.1745,68.2261426584351,-11.762648934678321,0.165,-0.33476266611409067,-1.137822586392807
48.900000000000425,-3.0615309601302245,3148.429213870769,471.3475828337195,-0.1745,68.25460836918818,-11.765004830119391,0.165,-0.33476266611409067,-1.137822586392807
49.000000000000426,-3.061560199708433,3155.256093038933,470.1709693844181,-0.1745,68.2829749940916,-11.767264155909983,0.165,-0.33476266611409067,-1.137822586392807
49.10000000000043,-3.0616586248287874,3162.0858036927752,468.9941332564773,-0.1745,68.3112380827467,-11.769458402905785,0.165,-0.33476266611409067,-1.137822586392807
49.20000000000043,-3.0610042143390492,3168.921609846151,467.81650266577026,-0.1745,68.40488498476853,-11.78315341123485,0.8300000000000001,-0.33476266611409067,-1.137822586392807
49.30000000000043,-3.0605922477602334,3175.7635056563768,466.63819969656066,-0.1745,68.4330312197442,-11.782905972956753,0.165,-0.33476266611409067,-1.137822586392807
49.40000000000043,-3.060338443630959,3182.6082043008946,465.45988104667845,-0.1745,68.460941670616,-11.783467024687193,0.165,-0.33476266611409067,-1.137822586392807
49.50000000000043,-3.0601883325152226,3189.4556844384674,464.28148029743454,-0.1745,68.48866108084088,-11.784547960190439,0.165,-0.33476266611409067,-1.137822586392807
49.600000000000435,-3.0601067168556204,3196.305928418365,463.1029547885981,-0.1745,68.51621851711516,-11.785962216538904,0.165,-0.33476266611409067,-1.137822586392807
49.700000000000436,-3.060070854663774,3203.158920989395,461.9242772166471,-0.1745,68.54363290348107,-11.787589222480127,0.165,-0.33476266611409067,-1.137822586392807
49.80000000000044,-3.060066052355175,3210.014648464758,460.7454302017901,-0.1745,68.57091660378227,-11.789351074659557,0.165,-0.33476266611409067,-1.137822586392807
49.90000000000044,-3.06008281586049,3216.8730981819403,459.5664027754906,-0.1745,68.59807773986341,-11.791197451330575,0.165,-0.33476266611409067,-1.137822586392807
50.00000000000044,-3.060198422226874,3223.734258153493,458.38718811010807,-0.1745,68.62512169118916,-11.793095856320255,0.165,-0.33476266611409067,-1.137822586392807
50.10000000000044,-3.059569622409668,3230.6013913460724,457.2072047793476,-0.1745,68.71754216040048,-11.8065707588893,0.8300000000000001,-0.33476266611409067,-1.137822586392807
50.20000000000044,-3.059192399152404,3237.4744913557,456.0265687477261,-0.1745,68.74445803215336,-11.806149873540601,0.165,-0.33476266611409067,-1.137822586392807
50.300000000000445,-3.058978759390496,3244.350271093974,454.84593257085356,-0.1745,68.77113673332016,-11.806573663910102,0.165,-0.33476266611409067,-1.137822586392807
50.400000000000446,-3.0588719766893204,3251.2287091920766,453.6652269163596,-0.1745,68.79762522873288,-11.807539425969626,0.165,-0.33476266611409067,-1.137822586392807
50.50000000000045,-3.058835486332478,3258.1097881506535,452.4844073464475,-0.1745,68.82395394280063,-11.808851972272809,0.165,-0.33476266611409067,-1.137822586392807
50.60000000000045,-3.0588457218584653,3264.993492979065,451.30344547425574,-0.1745,68.85014262543447,-11.810385471562418,0.165,-0.33476266611409067,-1.137822586392807
50.70000000000045,-3.0588874950541998,3271.8798103173212,450.1223232595085,-0.1745,68.87620413968843,-11.812058823382745,0.165,-0.33476266611409067,-1.137822586392807
50.80000000000045,-3.0589510169418026,3278.7687278696326,448.9410293298318,-0.1745,68.9021469065394,-11.813819770151285,0.165,-0.33476266611409067,-1.137822586392807
50.90000000000045,-3.05902997728934,3285.6602340390796,447.7595566088945,-0.1745,68.92797648240281,-11.81563464859486,0.165,-0.33476266611409067,-1.137822586392807
51.000000000000455,-2.265030995444722,3292.5543176920373,446.5779007874525,-0.1745,68.953696576754,-11.817481780245592,0.165,-0.33476266611409067,-1.137822586392807
51.100000000000456,-2.5511670174477508,3299.4484767871845,445.53644695644317,-0.06225,68.92948532619357,-9.011594839941068,0.495,-0.33476266611409067,-1.137822586392807
51.20000000000046,-2.736035790352172,3306.334671143344,444.5861310019404,-0.1745,68.7944017970025,-9.99472425011435,0.165,-0.33476266611409067,-1.137822586392807
51.30000000000046,-2.855426090650855,3313.210358530246,443.5548499572651,-0.1745,68.71934594103693,-10.630896643390685,0.165,-0.33476266611409067,-1.137822586392807
51.40000000000046,-2.9325019899068483,3320.0804020986316,442.47117121235755,-0.1745,68.68152542667566,-11.042678254760805,0.165,-0.33476266611409067,-1.137822586392807
51.50000000000046,-2.9822491424144877,3326.947833545721,441.35357046442664,-0.1745,68.6671035151173,-11.309336703857296,0.165,-0.33476266611409067,-1.137822586392807
51.60000000000046,-3.0143555537674454,3333.8145637559155,440.21399443335827,-0.1745,68.66750068877177,-11.482183917510293,0.165,-0.33476266611409067,-1.137822586392807
51.700000000000465,-3.035080275360439,3340.6818049114195,439.06016407348795,-0.1745,68.67732242131017,-11.594423279896514,0.165,-0.33476266611409067,-1.137822586392807
51.800000000000466,-3.048464806020169,3347.5503283196617,437.8970666214211,-0.1745,68.69314574353905,-11.667525761439999,0.165,-0.33476266611409067,-1.137822586392807
51.90000000000047,-3.057117572131518,3354.4206249006024,436.72792201761354,-0.1745,68.71278587527671,-11.715366314711819,0.165,-0.33476266611409067,-1.137822586392807
52.00000000000047,-2.8855544465994547,3361.2930063499416,435.55480839703597,-0.1745,68.73484311150524,-11.746906096839096,0.165,-0.33476266611409067,-1.137822586392807
52.10000000000047,-2.9526339543017217,3368.170233419279,434.4099467375749,-0.1495,68.80969827524338,-11.15032709238247,0.165,-0.33476266611409067,-1.137822586392807
52.20000000000047,-2.9958896225776677,3375.0507238505566,433.2832796398245,-0.1745,68.80011035030697,-11.383014862624787,0.165,-0.33476266611409067,-1.137822586392807
52.30000000000047,-3.023785714136758,3381.930899838258,432.1374418996507,-0.1745,68.80340940372295,-11.53373994085155,0.165,-0.33476266611409067,-1.137822586392807
52.400000000000475,-3.0417837708895386,3388.8118154072263,430.9791760087992,-0.1745,68.81490197564256,-11.631577876178772,0.165,-0.33476266611409067,-1.137822586392807
52.500000000000476,-3.0534060230277427,3395.694140840267,429.81283182466,-0.1745,68.83160668517668,-11.695305806605012,0.165,-0.33476266611409067,-1.137822586392807
52.60000000000048,-3.060923047039894,3402.57830217399,428.6412144127269,-0.1745,68.85161998927451,-11.737042432056805,0.165,-0.33476266611409067,-1.137822586392807
52.70000000000048,-3.0657980315604094,3409.4645693029242,427.4661320424475,-0.1745,68.873722589415,-11.76460497353148,0.165,-0.33476266611409067,-1.137822586392807
52.80000000000048,-3.0689735847729867,3416.3531120285693,426.28875010539156,-0.1745,68.89713192348722,-11.783033767586884,0.165,-0.33476266611409067,-1.137822586392807
52.90000000000048,-3.0710567822874806,3423.2440358823624,425.1098195414692,-0.1745,68.9213451523715,-11.795577510859516,0.165,-0.33476266611409067,-1.137822586392807
53.00000000000048,-3.0724385045446754,3430.1374050891955,423.9298241925667,-0.1745,68.94603898428825,-11.804329467191335,0.165,-0.33476266611409067,-1.137822586392807
53.100000000000485,-3.0733703684296323,3437.0332573148,422.749075817224,-0.1745,68.97100552779744,-11.810638039661933,0.165,-0.33476266611409067,-1.137822586392807
53.200000000000486,-3.0740143058573293,3443.9316131472287,421.56777533507784,-0.1745,68.9961111207786,-11.8153716032614,0.165,-0.33476266611409067,-1.137822586392807
53.30000000000049,-3.074474505720536,3450.8324821966876,420.3860522917056,-0.1745,69.02126986839714,-11.81908926418294,0.165,-0.33476266611409067,-1.137822586392807
53.40000000000049,-3.074817987848757,3457.735867021143,419.2039902821876,-0.1745,69.04642662070513,-11.822150926176827,0.165,-0.33476266611409067,-1.137822586392807
53.50000000000049,-3.0750878516388536,3464.641765653048,418.02164332509346,-0.1745,69.07154601739542,-11.824788215705818,0.165,-0.33476266611409067,-1.137822586392807
53.60000000000049,-3.075311805597047,3471.5501732256994,416.8390464056461,-0.1745,69.09660543563554,-11.827150173240616,0.165,-0.33476266611409067,-1.137822586392807
53.70000000000049,-3.075507657503249,3478.4610830199854,415.65622226291674,-0.1745,69.1215904500814,-11.829332681347323,0.165,-0.33476266611409067,-1.137822586392807
53.800000000000495,-3.0756868474802608,3485.3744871380013,414.47318575815416,-0.1745,69.14649191024088,-11.831397413903973,0.165,-0.33476266611409067,-1.137822586392807
53.900000000000496,-3.0758567211416055,3492.2903769364725,413.28994668570334,-0.1745,69.17130405918495,-11.833384035112475,0.165,-0.33476266611409067,-1.137822586392807
54.0000000000005,-3.076021991812744,3499.208743305568,412.10651158138694,-0.1745,69.19602332272959,-11.835318051215332,0.165,-0.33476266611409067,-1.137822586392807
54.1000000000005,-3.076185680923593,3506.1295768482178,410.9228848856726,-0.1745,69.22064753026311,-11.8372158630712,0.165,-0.33476266611409067,-1.137822586392807
54.2000000000005,-3.0763497226759857,3513.0528679954023,409.7390696916787,-0.1745,69.24517541342865,-11.839088016806489,0.165,-0.33476266611409067,-1.137822586392807
54.3000000000005,-3.0765153527627427,3519.9786070802556,408.5550682261014,-0.1745,69.2696062836374,-11.8409412947397,0.165,-0.33476266611409067,-1.137822586392807
54.4000000000005,-3.076683358210776,3526.9067843856706,407.3708821583616,-0.1745,69.29393982465918,-11.842780060055992,0.165,-0.33476266611409067,-1.137822586392807
54.500000000000504,-3.076854237931502,3533.837390174866,406.18651279928923,-0.1745,69.31817595925176,-11.844607121391904,0.165,-0.33476266611409067,-1.137822586392807
54.600000000000506,-3.07702830587062,3540.7704147109994,405.00196122878845,-0.1745,69.34231476341606,-11.846424288624304,0.165,-0.33476266611409067,-1.137822586392807
54.70000000000051,-3.0772057572660816,3547.7058482697344,403.81722837785316,-0.1745,69.36635641128103,-11.848232730081172,0.165,-0.33476266611409067,-1.137822586392807
54.80000000000051,-3.077386711200176,3554.6436811472827,402.63231508124517,-0.1745,69.39030113968374,-11.850033202078201,0.165,-0.33476266611409067,-1.137822586392807
54.90000000000051,-3.077571237921768,3561.5839036655375,401.447222111322,-0.1745,69.41414922541091,-11.851826196384886,0.165,-0.33476266611409067,-1.137822586392807
55.00000000000051,-3.0777593763860716,3568.526506175337,400.26195019975546,-0.1745,69.43790097057865,-11.853612034945376,0.165,-0.33476266611409067,-1.137822586392807
55.10000000000051,-3.0779511455121584,3575.471479058528,399.0765000514728,-0.1745,69.46155669324206,-11.85539093070768,0.165,-0.33476266611409067,-1.137822586392807
55.200000000000514,-3.078146551406849,3582.418812729258,397.8908723536034,-0.1745,69.48511672136482,-11.857163026680015,0.165,-0.33476266611409067,-1.137822586392807
55.300000000000516,-3.0783455919992395,3589.368497634774,396.70506778121927,-0.1745,69.5085813889473,-11.85892842100255,0.165,-0.33476266611409067,-1.137822586392807
55.40000000000052,-3.078653707349252,3596.3205242558984,395.5190870010172,-0.1745,69.5319510335409,-11.860687183038626,0.165,-0.33476266611409067,-1.137822586392807
55.50000000000052,-2.2769723355415925,3603.2781576120956,394.33235340130295,-0.1745,69.62071609039947,-11.873984811246737,0.8300000000000001,-0.33476266611409067,-1.137822586392807
55.60000000000052,-2.568137534276082,3610.2373189550576,393.2881521557381,-0.06225,69.5625107688371,-9.010040100050174,0.165,-0.33476266611409067,-1.137822586392807
55.70000000000052,-2.7553733828557343,3617.1864505018357,392.33670425896435,-0.1745,69.42012016671988,-10.018917835425215,0.165,-0.33476266611409067,-1.137822586392807
55.80000000000052,-2.875742260296707,3624.12446203474,391.3023362895452,-0.1745,69.34011049136646,-10.668441552957402,0.165,-0.33476266611409067,-1.137822586392807
55.900000000000524,-2.9531116223926297,3631.0563967851754,390.21457757633374,-0.1745,69.29858451733413,-11.086732711272763,0.165,-0.33476266611409067,-1.137822586392807
56.000000000000526,-3.002845330769551,3637.9853819926034,389.09242987216624,-0.1745,69.28111963122835,-11.356221372077375,0.165,-0.33476266611409067,-1.137822586392807
56.10000000000053,-3.0348268262319884,3644.9133790112182,387.9481189923502,-0.1745,69.27882074107175,-11.529996224242932,0.165,-0.33476266611409067,-1.137822586392807
56.20000000000053,-3.0554100483809337,3651.841626207795,386.78950726793244,-0.1745,69.28612319046223,-11.642238264112937,0.165,-0.33476266611409067,-1.137822586392807
56.30000000000053,-3.068677704222927,3658.770908038642,385.6216483202708,-0.1745,69.29951342648465,-11.714940689119118,0.165,-0.33476266611409067,-1.137822586392807
56.40000000000053,-3.0772519914264214,3665.7017216965705,384.44778900353145,-0.1745,69.31675973207957,-11.762245645668548,0.165,-0.33476266611409067,-1.137822586392807
56.50000000000053,-2.284261394713844,3672.6343816443477,383.27001462441433,-0.1745,69.33643922346141,-11.79324193667353,0.165,-0.33476266611409067,-1.137822586392807
56.600000000000534,-2.576936288308006,3679.566806785021,382.23153444888743,-0.06225,69.31206359000139,-8.976361573864901,0.495,-0.33476266611409067,-1.137822586392807
56.700000000000536,-2.765507172989427,3686.490933534102,381.2833678385716,-0.1745,69.17047139161939,-9.98697063245173,0.165,-0.33476266611409067,-1.137822586392807
56.80000000000054,-2.8869633846143388,3693.404014102183,380.2520723037779,-0.1745,69.09113996999754,-10.638940063423163,0.165,-0.33476266611409067,-1.137822586392807
56.90000000000054,-2.9651741367337223,3700.3110853773032,379.16714195041556,-0.1745,69.050285532409,-11.059667003822948,0.165,-0.33476266611409067,-1.137822586392807
57.00000000000054,-2.2204130909898674,3707.2152761694906,378.04759445936907,-0.1745,69.03353031133594,-11.331282817106885,0.165,-0.33476266611409067,-1.137822586392807
57.10000000000054,-2.538838036255412,3714.1175896958193,377.0459731331282,-0.06225,69.01274021524193,-8.701143707710377,0.495,-0.33476266611409067,-1.137822586392807
57.20000000000054,-2.7445398499043727,3721.0111086327993,376.12114421591076,-0.1745,68.85763852435926,-9.795434636638317,0.165,-0.33476266611409067,-1.137822586392807
57.300000000000544,-2.877370224039054,3727.892504100009,375.106210065917,-0.1745,68.77027081983276,-10.50324836323665,0.165,-0.33476266611409067,-1.137822586392807
57.400000000000546,-2.963115526029067,3734.7672541491384,374.0329859992465,-0.1745,68.72473016275417,-10.961232970173876,0.165,-0.33476266611409067,-1.137822586392807
57.50000000000055,-3.018455488373957,3741.638760530735,372.922040418588,-0.1745,68.70539746918067,-11.25767864299568,0.165,-0.33476266611409067,-1.137822586392807
57.60000000000055,-3.0541719833831933,3748.5091620663543,371.7866705814093,-0.1745,68.70263324320528,-11.449718100578487,0.165,-0.33476266611409067,-1.137822586392807
57.70000000000055,-3.077229782304924,3755.379813509922,370.6354689052058,-0.1745,68.7103956281456,-11.574315423490491,0.165,-0.33476266611409067,-1.137822586392807
57.80000000000055,-3.0921253253566605,3762.25157624902,369.4739846121048,-0.1745,68.72485915381891,-11.655370438529328,0.165,-0.33476266611409067,-1.137822586392807
57.90000000000055,-3.1017601224490248,3769.124998494311,368.3057998144994,-0.1745,68.74358575200115,-11.708325513578899,0.165,-0.33476266611409067,-1.137822586392807
58.000000000000554,-3.108005751953698,3776.0004285353007,367.13322591426817,-0.1745,68.7650150677937,-11.743152491045887,0.165,-0.33476266611409067,-1.137822586392807
58.100000000000556,-3.112069044861502,3782.8780865819285,365.9577539153169,-0.1745,68.78814586476788,-11.766287487979405,0.165,-0.33476266611409067,-1.137822586392807
58.20000000000056,-3.1147279607502805,3789.758110608336,364.78034539688144,-0.1745,68.81233466338422,-11.781882880730551,0.165,-0.33476266611409067,-1.137822586392807
58.30000000000056,-3.116483861518753,3796.6405857187724,363.6016204160534,-0.1745,68.83716754533833,-11.792616735831079,0.165,-0.33476266611409067,-1.137822586392807
58.40000000000056,-3.1176597723995183,3803.5255630037127,362.42197879150433,-0.1745,68.86237815346767,-11.80021575515016,0.165,-0.33476266611409067,-1.137822586392807
58.50000000000056,-3.1184637665869195,3810.4130716655395,361.24167835643215,-0.1745,68.88779508307118,-11.805792946293677,0.165,-0.33476266611409067,-1.137822586392807
58.60000000000056,-3.119029839924563,3817.3031268230216,360.0608854309545,-0.1745,68.91330806657254,-11.810065563259826,0.165,-0.33476266611409067,-1.137822586392807
58.700000000000564,-3.1194442625037984,3824.1957345370133,358.87970736682024,-0.1745,68.93884621326583,-11.813495719425537,0.165,-0.33476266611409067,-1.137822586392807
58.800000000000566,-3.119762563092165,3831.0908950475414,357.6982135267852,-0.1745,68.96436399729785,-11.816381081275145,0.165,-0.33476266611409067,-1.137822586392807
58.90000000000057,-3.120020473550087,3837.9886048589956,356.516448805291,-0.1745,68.98983223178863,-11.818913348608662,0.165,-0.33476266611409067,-1.137822586392807
59.00000000000057,-3.1202409795950556,3844.8888580832804,355.3344423401808,-0.1745,69.01523225391037,-11.82121595359667,0.165,-0.33476266611409067,-1.137822586392807
59.10000000000057,-3.1204388621462797,3851.791647304903,354.1522131246233,-0.1745,69.04055217854297,-11.823368357552948,0.165,-0.33476266611409067,-1.137822586392807
59.20000000000057,-3.1206236217421965,3858.6969641380697,352.9697736214225,-0.1745,69.0657844847849,-11.825421706463144,0.165,-0.33476266611409067,-1.137822586392807
59.30000000000057,-3.120801361332231,3865.6047995853737,351.7871320902827,-0.1745,69.09092446129938,-11.827408916333168,0.165,-0.33476266611409067,-1.137822586392807
59.400000000000574,-3.1209759981974807,3872.51514426869,350.6042940860259,-0.1745,69.11596920502829,-11.829351168802125,0.165,-0.33476266611409067,-1.137822586392807
59.500000000000576,-3.121246203671025,3879.4279885777623,349.4212634228936,-0.1745,69.14091697641524,-11.831262093843957,0.165,-0.33476266611409067,-1.137822586392807
59.60000000000058,-3.1207526074148055,3886.3465972705844,348.2374655226963,-0.1745,69.23125688002477,-11.844695910102233,0.8300000000000001,-0.33476266611409067,-1.137822586392807
59.70000000000058,-3.120504042507976,3893.2709652945236,347.053020937381,-0.1745,69.25610359876113,-11.844195796203294,0.165,-0.33476266611409067,-1.137822586392807
59.80000000000058,-3.1204140915692316,3900.1978065991566,345.86858486978196,-0.1745,69.28072249389444,-11.844525555778276,0.165,-0.33476266611409067,-1.137822586392807
59.90000000000058,-3.120427271928472,3907.127100730186,344.6840893084697,-0.1745,69.3051601266948,-11.845385670466287,0.165,-0.33476266611409067,-1.137822586392807
60.00000000000058,-3.1205079665781223,3914.058831063118,343.49949083487115,-0.1745,69.3294465319359,-11.846583801504364,0.165,-0.33476266611409067,-1.137822586392807
60.100000000000584,-3.120633313429677,3920.99298344588,342.31476182167415,-0.1745,69.35360112330761,-11.847996462435523,0.165,-0.33476266611409067,-1.137822586392807
60.200000000000585,-3.1207886382403798,3927.929545326571,341.1298847790879,-0.1745,69.37763649051274,-11.84954438928946,0.165,-0.33476266611409067,-1.137822586392807
60.30000000000059,-3.1209645218435025,3934.868505193091,339.94484872382804,-0.1745,69.4015608398911,-11.851176715907028,0.165,-0.33476266611409067,-1.137822586392807
60.40000000000059,-3.121154917217935,3941.8098522132204,338.75964684760817,-0.1745,69.42537956269204,-11.852860808490785,0.165,-0.33476266611409067,-1.137822586392807
60.50000000000059,-3.121355940821412,3948.753576003482,337.5742750203447,-0.1745,69.44909624253717,-11.854575736777704,0.165,-0.33476266611409067,-1.137822586392807
60.60000000000059,-3.1215650968886246,3955.699666480732,336.3887308294225,-0.1745,69.47271330246308,-11.85630808166681,0.165,-0.33476266611409067,-1.137822586392807
60.70000000000059,-3.1217807796951282,3962.6481137668748,335.203012963155,-0.1745,69.49623242039195,-11.858049243682913,0.165,-0.33476266611409067,-1.137822586392807
60.800000000000594,-3.1220019542421014,3969.598908127687,334.01712081520463,-0.1745,69.51965479585085,-11.859793715324734,0.165,-0.33476266611409067,-1.137822586392807
60.900000000000595,-3.122227951443726,3976.552039933538,332.8310542308219,-0.1745,69.54298132116217,-11.861537972329543,0.165,-0.33476266611409067,-1.137822586392807
61.0000000000006,-3.1224583367830823,3983.507499634161,331.6448133440919,-0.1745,69.56621269129748,-11.863279762270615,0.165,-0.33476266611409067,-1.137822586392807
61.1000000000006,-3.1226928260986107,3990.4652777424435,330.4583984735691,-0.1745,69.5893494743574,-11.865017648185237,0.165,-0.33476266611409067,-1.137822586392807
61.2000000000006,-3.122931231599377,3997.4253648240006,329.27181005536664,-0.1745,69.61239215678104,-11.866750715863766,0.165,-0.33476266611409067,-1.137822586392807
61.3000000000006,-3.123173427264855,4004.3877514904566,328.0850486002662,-0.1745,69.63534117233974,-11.868478386144709,0.165,-0.33476266611409067,-1.137822586392807
61.4000000000006,-3.123419326672867,4011.35242839511,326.89811466623047,-0.1745,69.65819692072785,-11.87020029456931,0.165,-0.33476266611409067,-1.137822586392807
61.500000000000604,-3.1236688687941516,4018.3193862301205,325.7110088407901,-0.1745,69.68095977948067,-11.871916214237759,0.165,-0.33476266611409067,-1.137822586392807
61.600000000000605,-3.1239220088927078,4025.2886157246753,324.52373172975985,-0.1745,69.70363011161317,-11.873626006367784,0.165,-0.33476266611409067,-1.137822586392807
61.70000000000061,-3.1242333201925265,4032.260107643782,323.3362839500108,-0.1745,69.7262082705148,-11.875329588613607,0.165,-0.33476266611409067,-1.137822586392807
61.80000000000061,-3.1241637606467734,4039.2354777296873,322.1483796588499,-0.1745,69.78119344759169,-11.882756234604278,0.495,-0.33476266611409067,-1.137822586392807
61.90000000000061,-3.124218447331966,4046.214719148649,320.96007841937023,-0.1745,69.80363493163532,-11.883268554988602,0.165,-0.33476266611409067,-1.137822586392807
62.00000000000061,-3.1243537606408998,4053.196196917653,319.77170515055076,-0.1745,69.82592044845067,-11.884196821400966,0.165,-0.33476266611409067,-1.137822586392807
62.10000000000061,-3.12454181571755,4060.1798966349024,318.5832258753883,-0.1745,69.84807389653628,-11.885388681849019,0.165,-0.33476266611409067,-1.137822586392807
62.200000000000614,-3.1247647877208893,4067.1658058635912,317.3946191044669,-0.1745,69.87011067724046,-11.886746736577562,0.165,-0.33476266611409067,-1.137822586392807
62.300000000000615,-3.125011282556997,4074.153913435251,316.20587133110996,-0.1745,69.8920407559604,-11.888208730561201,0.165,-0.33476266611409067,-1.137822586392807
62.40000000000062,-3.1252740161958097,4081.1442090041082,315.0169741504997,-0.1745,69.91387062117906,-11.889734881643385,0.165,-0.33476266611409067,-1.137822586392807
62.50000000000062,-3.125548331006522,4088.1366827620595,313.82792241766145,-0.1745,69.93560453784254,-11.891299775121668,0.165,-0.33476266611409067,-1.137822586392807
62.60000000000062,-3.1258312473862055,4095.1313252564055,312.6387130698991,-0.1745,69.95724534907718,-11.892887180125175,0.165,-0.33476266611409067,-1.137822586392807
62.70000000000062,-3.1261208576602115,4102.128127273304,311.44934437413565,-0.1745,69.97879498889561,-11.894486735143246,0.165,-0.33476266611409067,-1.137822586392807
62.80000000000062,-3.126415938795511,4109.12707976325,310.259815445924,-0.1745,70.0002548100115,-11.896091829089984,0.165,-0.33476266611409067,-1.137822586392807
62.900000000000624,-3.1267157049752976,4116.1281737934205,309.0701259421238,-0.1745,70.02162579339794,-11.89769824691429,0.165,-0.33476266611409067,-1.137822586392807
63.000000000000625,-3.127077858504577,4123.131400517202,307.8802758645756,-0.1745,70.04290868222438,-11.899303304049472,0.165,-0.33476266611409067,-1.137822586392807
63.10000000000063,-3.1270569572068685,4130.13837609691,306.68997896871315,-0.1745,70.09660291195097,-11.906634613199127,0.495,-0.33476266611409067,-1.137822586392807
63.20000000000063,-3.1271605280179497,4137.149094120437,305.4992946124102,-0.1745,70.11775755859205,-11.907052512860195,0.165,-0.33476266611409067,-1.137822586392807
63.30000000000063,-3.127344598840147,4144.161920017289,304.3085474833385,-0.1745,70.1387603784409,-11.9078900685746,0.165,-0.33476266611409067,-1.137822586392807
63.40000000000063,-3.1275811310165276,4151.176839815553,303.11770333007695,-0.1745,70.15963558683791,-11.908992996656428,0.165,-0.33476266611409067,-1.137822586392807
63.50000000000063,-3.127911952530353,4158.193841532091,301.92674053456346,-0.1745,70.18039874393203,-11.910262913613717,0.165,-0.33476266611409067,-1.137822586392807
63.600000000000634,-3.1278780327915645,4165.214539405867,300.7353590681323,-0.1745,70.23355873157998,-11.91736641500916,0.495,-0.33476266611409067,-1.137822586392807
63.700000000000635,-3.1521703319964223,4172.238925867291,299.5436095296609,-0.1745,70.25417049689445,-11.917624354419113,0.165,-0.4284320788838843,-1.3675101026338388
63.80000000000064,-3.1677520209970575,4179.264689603608,298.3475541907434,-0.1745,70.26110422942888,-12.003482423930867,0.165,-0.4284320788838843,-1.3675101026338388
63.90000000000064,-3.177791575644714,4186.291382713835,297.14444646265315,-0.1745,70.27275797513641,-12.05867213787326,0.165,-0.4284320788838843,-1.3675101026338388
64.00000000000064,-3.1843061719907,4193.319389418189,295.93679612357647,-0.1745,70.28737611192116,-12.094334643659835,0.165,-0.4284320788838843,-1.3675101026338388
64.10000000000063,-3.188579668467451,4200.34895057591,294.7262010679821,-0.1745,70.3038470425066,-12.117566468227254,0.165,-0.4284320788838843,-1.3675101026338388
64.20000000000063,-3.1914289997072083,4207.380216213719,293.51367843108903,-0.1745,70.32146571367967,-12.132886269634636,0.165,-0.4284320788838843,-1.3675101026338388
64.30000000000062,-3.193373880927006,4214.413278723543,292.29987559552325,-0.1745,70.33978448279277,-12.143170441680743,0.165,-0.4284320788838843,-1.3675101026338388
64.40000000000062,-3.1947448783215613,4221.448193897567,291.08520459668506,-0.1745,70.3585189976907,-12.15024953508255,0.165,-0.4284320788838843,-1.3675101026338388
64.50000000000061,-3.195752210019982,4228.4849942779065,289.869927706249,-0.1745,70.37748860909873,-12.155288273639249,0.165,-0.4284320788838843,-1.3675101026338388
64.6000000000006,-3.1965295361949453,4235.523697636941,288.65421191287817,-0.1745,70.39657857158821,-12.159027593776626,0.165,-0.4284320788838843,-1.3675101026338388
64.7000000000006,-3.197161824407023,4242.564312367387,287.4381635953276,-0.1745,70.41571603734702,-12.16193875723474,0.165,-0.4284320788838843,-1.3675101026338388
64.8000000000006,-3.1977030779489084,4249.606840909208,286.22185058478675,-0.1745,70.43485479906191,-12.16432145358185,0.165,-0.4284320788838843,-1.3675101026338388
64.90000000000059,-3.1981876128279123,4256.651281928636,285.0053162003623,-0.1745,70.45396558950891,-12.166366234906985,0.165,-0.4284320788838843,-1.3675101026338388
65.00000000000058,-3.1986372297990338,4263.697631703757,283.78858817647784,-0.1745,70.47302991290788,-12.168194242782112,0.165,-0.4284320788838843,-1.3675101026338388
65.10000000000058,-3.1990657749310385,4270.745885005499,282.5716843402534,-0.1745,70.49203612193902,-12.169882481707047,0.165,-0.4284320788838843,-1.3675101026338388
65.20000000000057,-3.199482039112173,4277.796035657743,281.3546162214324,-0.1745,70.51097692294708,-12.171479894712725,0.165,-0.4284320788838843,-1.3675101026338388
65.30000000000057,-3.1998916011933742,4284.848076893366,280.1373913473573,-0.1745,70.52984778950311,-12.173017586789392,0.165,-0.4284320788838843,-1.3675101026338388
65.40000000000056,-3.200297999441386,4291.902001580525,278.92001470174307,-0.1745,70.54864595369304,-12.17451532549583,0.165,-0.4284320788838843,-1.3675101026338388
65.50000000000055,-3.200703475965683,4298.957802366451,277.7024896517819,-0.1745,70.56736976482324,-12.17598567372765,0.165,-0.4284320788838843,-1.3675101026338388
65.60000000000055,-3.201109449707479,4306.01547176878,276.48481853726014,-0.1745,70.58601828176883,-12.177436616707322,0.165,-0.4284320788838843,-1.3675101026338388
65.70000000000054,-3.2015168169173887,4313.075002233562,275.26700304484666,-0.1745,70.6045910138788,-12.178873231562662,0.165,-0.4284320788838843,-1.3675101026338388
65.80000000000054,-3.201926142011444,4320.136386172073,274.04904444585566,-0.1745,70.62308775632522,-12.180298748256982,0.165,-0.4284320788838843,-1.3675101026338388
65.90000000000053,-3.202337778779361,4327.199615984164,272.83094374726033,-0.1745,70.64150848548589,-12.181715223649347,0.165,-0.4284320788838843,-1.3675101026338388
66.00000000000053,-3.2027519473492214,4334.264684073062,271.6127017875933,-0.1745,70.65985329248201,-12.18312396969094,0.165,-0.4284320788838843,-1.3675101026338388
66.10000000000052,-3.2031687830508977,4341.331582854735,270.39431929783905,-0.1745,70.67812234096176,-12.184525825394335,0.165,-0.4284320788838843,-1.3675101026338388
66.20000000000051,-2.387927437898175,4348.400304763797,269.1757969400919,-0.1745,70.69631584028892,-12.185921329548322,0.165,-0.4284320788838843,-1.3675101026338388
66.30000000000051,-2.6896004936968687,4355.4685851153035,268.10493484612687,-0.06225,70.66929118984251,-9.231320549752187,0.495,-0.4284320788838843,-1.3675101026338388
66.4000000000005,-2.881840785670283,4362.527667971662,267.1287573855185,-0.1745,70.51236593731154,-10.29222866241495,0.165,-0.4284320788838843,-1.3675101026338388
66.5000000000005,-3.004348802014414,4369.574416672498,266.0657134598755,-0.1745,70.4226080794119,-10.968649850445413,0.165,-0.4284320788838843,-1.3675101026338388
66.60000000000049,-3.0825317709465434,4376.614239693613,264.9472783755212,-0.1745,70.37385234288024,-11.400051836640433,0.165,-0.4284320788838843,-1.3675101026338388
66.70000000000049,-3.132013550131047,4383.652081500299,263.79322551227614,-0.1745,70.38298379082936,-11.681005428260695,0.495,-0.4284320788838843,-1.3675101026338388
66.80000000000048,-3.1636107199655217,4390.690006081957,262.61639436257667,-0.1745,70.37550784234145,-11.85561756572882,0.165,-0.4284320788838843,-1.3675101026338388
66.90000000000047,-3.1838336310544264,4397.727677770457,261.425252389785,-0.1745,70.37792592765688,-11.967221890104613,0.165,-0.4284320788838843,-1.3675101026338388
67.00000000000047,-2.3847351417641196,4404.765902298814,260.22495494430245,-0.1745,70.3865646394638,-12.038727019546142,0.165,-0.4284320788838843,-1.3675101026338388
67.10000000000046,-2.691660994744469,4411.803278396697,259.1652092527068,-0.06225,70.3609573182157,-9.156186812366489,0.495,-0.4284320788838843,-1.3675101026338388
67.20000000000046,-2.888101513901172,4418.831473747205,258.19585107005116,-0.1745,70.20294969192854,-10.230976840746512,0.165,-0.4284320788838843,-1.3675101026338388
67.30000000000045,-3.012679980779769,4425.850534537786,257.1378242699579,-0.1745,70.17826611970297,-10.929559161119457,0.8300000000000001,-0.4284320788838843,-1.3675101026338388
67.40000000000045,-3.092232656215883,4432.865928353893,256.0230013676863,-0.1745,70.12961020242942,-11.366898884312599,0.165,-0.4284320788838843,-1.3675101026338388
67.50000000000044,-3.1430611559156003,4439.8777387962045,254.87233225407408,-0.1745,70.10659864380793,-11.64648338793134,0.165,-0.4284320788838843,-1.3675101026338388
67.60000000000043,-3.175573435527452,4446.888050237737,253.6987406870619,-0.1745,70.09963018683544,-11.825347952312127,0.165,-0.4284320788838843,-1.3675101026338388
67.70000000000043,-3.1964109122640094,4453.89816911849,252.5104763455569,-0.1745,70.102747428226,-11.93993887778782,0.165,-0.4284320788838843,-1.3675101026338388
67.80000000000042,-3.2098095386085608,4460.9089173894545,251.31280278759644,-0.1745,70.11221799106204,-12.013532281421528,0.165,-0.4284320788838843,-1.3675101026338388
67.90000000000042,-3.2184699987338465,4467.920812738766,250.10907695331804,-0.1745,70.12568899516371,-12.060984404146367,0.165,-0.4284320788838843,-1.3675101026338388
68.00000000000041,-3.224113602483007,4474.934180757993,248.90143910288896,-0.1745,70.14167138939197,-12.091772604435173,0.165,-0.4284320788838843,-1.3675101026338388
68.1000000000004,-3.2278371526276057,4481.949225353808,247.69125345420204,-0.1745,70.15922052690438,-12.111940369303213,0.165,-0.4284320788838843,-1.3675101026338388
68.2000000000004,-3.2303393592086533,4488.966073193206,246.47938942536146,-0.1745,70.17773626105334,-12.125340207508655,0.165,-0.4284320788838843,-1.3675101026338388
68.3000000000004,-3.232065236473737,4495.984801856542,245.26640105097547,-0.1745,70.19683700564983,-12.134427280211089,0.165,-0.4284320788838843,-1.3675101026338388
68.40000000000039,-3.233359570007722,4503.005457709572,244.0526413937298,-0.1745,70.21628005495539,-12.140765864702201,0.165,-0.4284320788838843,-1.3675101026338388
68.50000000000038,-3.233650116471839,4510.031341768924,242.8377582074575,-0.1745,70.30140113208549,-12.156897860743717,0.8300000000000001,-0.4284320788838843,-1.3675101026338388
68.60000000000038,-3.2336284206359904,4517.064097482841,241.621727433541,-0.1745,70.35371314625995,-12.16371761758641,0.495,-0.4284320788838843,-1.3675101026338388
68.70000000000037,-3.2337581907187376,4524.10045651378,240.40535295834812,-0.1745,70.37346747252106,-12.163771886270974,0.165,-0.4284320788838843,-1.3675101026338388
68.80000000000037,-3.2339853598817934,4531.138782895781,239.18894718613254,-0.1745,70.3930601674966,-12.164343558040526,0.165,-0.4284320788838843,-1.3675101026338388
68.90000000000036,-3.234275551291599,4538.179061958496,237.97246790368285,-0.1745,70.41252108679694,-12.165242090952884,0.165,-0.4284320788838843,-1.3675101026338388
69.00000000000036,-3.2346069091528022,4545.221281479287,236.7558884829215,-0.1745,70.43186932903063,-12.16634632427399,0.165,-0.4284320788838843,-1.3675101026338388
69.10000000000035,-3.2349655386772564,4552.265430803162,235.53919220524284,-0.1745,70.45111714846293,-12.16757922929922,0.165,-0.4284320788838843,-1.3675101026338388
69.20000000000034,-3.2353426059900703,4559.311500282853,234.32236865155173,-0.1745,70.47027244533652,-12.168891844522811,0.165,-0.4284320788838843,-1.3675101026338388
69.30000000000034,-3.2357324940113763,4566.359480922645,233.1054114065301,-0.1745,70.48934035050637,-12.170253055909935,0.165,-0.4284320788838843,-1.3675101026338388
69.40000000000033,-3.2361316299975207,4573.409364151848,231.88831659890636,-0.1745,70.50832423355061,-12.17164309656469,0.165,-0.4284320788838843,-1.3675101026338388
69.50000000000033,-3.236537740228407,4580.461141680725,230.67108197343856,-0.1745,70.52722634398319,-12.173049412791185,0.165,-0.4284320788838843,-1.3675101026338388
69.60000000000032,-3.2369493762986004,4587.514805408875,229.45370630102434,-0.1745,70.54604821902497,-12.174464035493324,0.165,-0.4284320788838843,-1.3675101026338388
69.70000000000032,-3.237365614082408,4594.57034736697,228.2361890037987,-0.1745,70.56479094287577,-12.175881909019246,0.165,-0.4284320788838843,-1.3675101026338388
69.80000000000031,-3.2377858624604148,4601.627759679691,227.01852991690393,-0.1745,70.58345531153914,-12.177299828876222,0.165,-0.4284320788838843,-1.3675101026338388
69.9000000000003,-3.2382097418057194,4608.687034542148,225.80072913713084,-0.1745,70.60204193758779,-12.178715766585247,0.165,-0.4284320788838843,-1.3675101026338388
70.0000000000003,-3.2386370067995784,4615.748164204864,224.58278692676893,-0.1745,70.62055131674383,-12.180128440652936,0.165,-0.4284320788838843,-1.3675101026338388
70.10000000000029,-3.239067497412135,4622.811140964211,223.36470365253712,-0.1745,70.63898387018496,-12.181537043983614,0.165,-0.4284320788838843,-1.3675101026338388
70.20000000000029,-3.2395011077753266,4629.875957156291,222.1464797468022,-0.1745,70.65733997142246,-12.182941070714302,0.165,-0.4284320788838843,-1.3675101026338388
70.30000000000028,-3.239937766420233,4636.942605153031,220.9281156829552,-0.1745,70.6756199633747,-12.184340206226357,0.165,-0.4284320788838843,-1.3675101026338388
70.40000000000028,-3.2403774237315734,4644.01107735966,219.7096119597791,-0.1745,70.69382416921113,-12.185734257295437,0.165,-0.4284320788838843,-1.3675101026338388
70.50000000000027,-3.240820043984867,4651.081366213082,218.49096909152738,-0.1745,70.71195289923868,-12.187123107738747,0.165,-0.4284320788838843,-1.3675101026338388
70.60000000000026,-3.2412656002929796,4658.1534641808075,217.27218760162762,-0.1745,70.73000645527442,-12.188506690256615,0.165,-0.4284320788838843,-1.3675101026338388
70.70000000000026,-3.2417140713994796,4665.227363760242,216.05326801868688,-0.1745,70.7479851334217,-12.189884968558083,0.165,-0.4284320788838843,-1.3675101026338388
70.80000000000025,-3.242165439644125,4672.303057478205,214.83421087395817,-0.1745,70.76588922583257,-12.19125792601627,0.165,-0.4284320788838843,-1.3675101026338388
70.90000000000025,-3.242619689672151,4679.380537890588,213.6150166997339,-0.1745,70.78371902182664,-12.192625558469135,0.165,-0.4284320788838843,-1.3675101026338388
71.00000000000024,-3.2430768076155045,4686.45979758211,212.39568602832787,-0.1745,70.80147480860134,-12.193987869651524,0.165,-0.4284320788838843,-1.3675101026338388
71.10000000000024,-3.2435367805734683,4693.540829166124,211.17621939143044,-0.1745,70.81915687168288,-12.19534486829717,0.165,-0.4284320788838843,-1.3675101026338388
71.20000000000023,-3.2439995962831993,4700.623625284469,209.95661731970057,-0.1745,70.8367654952127,-12.196696566300375,0.165,-0.4284320788838843,-1.3675101026338388
71.30000000000022,-3.2444652429106915,4707.708178607336,208.73688034250804,-0.1745,70.85430096212949,-12.198042977550031,0.165,-0.4284320788838843,-1.3675101026338388
71.40000000000022,-3.244933708918134,4714.794481833156,207.51700898777105,-0.1745,70.87176355428498,-12.199384117190132,0.165,-0.4284320788838843,-1.3675101026338388
71.50000000000021,-3.2454049829796694,4721.882527688496,206.29700378185402,-0.1745,70.88915355251775,-12.200720001150817,0.165,-0.4284320788838843,-1.3675101026338388
71.60000000000021,-3.245879053927863,4728.972308927957,205.07686524950392,-0.1745,70.90647123670041,-12.202050645850969,0.165,-0.4284320788838843,-1.3675101026338388
71.7000000000002,-3.24635591071963,4736.063818334081,203.85659391381088,-0.1745,70.92371688576986,-12.203376068009598,0.165,-0.4284320788838843,-1.3675101026338388
71.8000000000002,-3.24683554241449,4743.157048717257,202.63619029618408,-0.1745,70.94089077774692,-12.204696284526204,0.165,-0.4284320788838843,-1.3675101026338388
71.90000000000019,-3.2473179381606414,4750.2519929156315,201.41565491633753,-0.1745,70.95799318974909,-12.206011312404849,0.165,-0.4284320788838843,-1.3675101026338388
72.00000000000018,-3.247803087185983,4757.348643795019,200.19498829228198,-0.1745,70.97502439799912,-12.207321168705949,0.165,-0.4284320788838843,-1.3675101026338388
72.10000000000018,-3.2482909787922845,4764.44699424881,198.9741909403209,-0.1745,70.99198467783083,-12.208625870515633,0.165,-0.4284320788838843,-1.3675101026338388
72.20000000000017,-3.248781602351334,4771.547037197886,197.75326337504882,-0.1745,71.00887430369316,-12.20992543492622,0.165,-0.4284320788838843,-1.3675101026338388
72.30000000000017,-3.2492749473023546,4778.6487655905285,196.5322061093513,-0.1745,71.02569354915325,-12.211219879023766,0.165,-0.4284320788838843,-1.3675101026338388
72.40000000000016,-3.249771003150219,4785.752172402331,195.31101965440612,-0.1745,71.04244268689874,-12.212509219880063,0.165,-0.4284320788838843,-1.3675101026338388
72.50000000000016,-3.2502697594641674,4792.857250636112,194.08970451968474,-0.1745,71.05912198873973,-12.213793474547487,0.165,-0.4284320788838843,-1.3675101026338388
72.60000000000015,-3.2507712058768536,4799.96399332183,192.8682612129546,-0.1745,71.07573172561044,-12.215072660055624,0.165,-0.4284320788838843,-1.3675101026338388
72.70000000000014,-3.25127533208359,4807.072393516489,191.64669024028137,-0.1745,71.09227216757066,-12.216346793409048,0.165,-0.4284320788838843,-1.3675101026338388
72.80000000000014,-2.4319353710111904,4814.182444304058,190.42499210603162,-0.1745,71.10874358380718,-12.217615891585819,0.165,-0.4284320788838843,-1.3675101026338388
72.90000000000013,-2.7370531839953935,4821.290288128856,189.35276097668716,-0.06225,71.04813291215804,-9.227006695303581,0.165,-0.4284320788838843,-1.3675101026338388
73.00000000000013,-2.9309412062417417,4828.38701584187,188.37614642201493,-0.1745,70.88642134811279,-10.305284398141154,0.165,-0.4284320788838843,-1.3675101026338388
73.10000000000012,-3.0541649403967512,4835.471011100343,187.31134901577036,-0.1745,70.79348382133908,-10.990663726749998,0.165,-0.4284320788838843,-1.3675101026338388
73.20000000000012,-3.1325108954316065,4842.547804689259,186.19049418887073,-0.1745,70.74238795697266,-11.426432811242716,0.165,-0.4284320788838843,-1.3675101026338388
73.30000000000011,-3.1823686534950495,4849.620780104884,185.03399361855605,-0.1745,70.71712035553381,-11.703578595050564,0.165,-0.4284320788838843,-1.3675101026338388
73.4000000000001,-3.2141499682275008,4856.692033005934,183.8548168212013,-0.1745,70.7079376654647,-11.879957352044373,0.165,-0.4284320788838843,-1.3675101026338388
73.5000000000001,-3.234465634607535,4863.762870994768,182.66120132252107,-0.1745,70.70882211120447,-11.992352621560466,0.165,-0.4284320788838843,-1.3675101026338388
73.6000000000001,-3.2475112219344062,4870.834113148424,181.45837681315396,-0.1745,70.7160209619249,-12.064137565781888,0.165,-0.4284320788838843,-1.3675101026338388
73.70000000000009,-3.2559485102261965,4877.906273175785,180.2496621494667,-0.1745,70.72717958530218,-12.110155707963564,0.165,-0.4284320788838843,-1.3675101026338388
73.80000000000008,-3.2614657111071272,4884.97967289839,179.03716290391174,-0.1745,70.74081486680015,-12.139829203135692,0.165,-0.4284320788838843,-1.3675101026338388
73.90000000000008,-3.2651332986837476,4892.054513162011,177.82221461208331,-0.1745,70.75599040562173,-12.159136633432809,0.165,-0.4284320788838843,-1.3675101026338388
74.00000000000007,-3.2676299048288486,4899.130918389221,176.6056642606666,-0.1745,70.77211413857248,-12.17187039490151,0.165,-0.4284320788838843,-1.3675101026338388
74.10000000000007,-3.269385670049103,4906.20896466725,175.38804896507716,-0.1745,70.78881142200788,-12.18043551688726,0.165,-0.4284320788838843,-1.3675101026338388
74.20000000000006,-3.270748378817605,4913.288697493665,174.16970934544972,-0.1745,70.80584510627335,-12.186356875661636,0.165,-0.4284320788838843,-1.3675101026338388
74.30000000000005,-3.2710838285965838,4920.3734175073805,172.95028417342778,-0.1745,70.88855516804787,-12.202146564777378,0.8300000000000001,-0.4284320788838843,-1.3675101026338388
74.40000000000005,-3.271477311231201,4927.463143140928,171.73002970306229,-0.1745,70.90595750290564,-12.202942842532378,0.165,-0.4284320788838843,-1.3675101026338388
74.50000000000004,-3.2719085411882762,4934.554603880551,170.50968605433533,-0.1745,70.92325728955497,-12.203930132006825,0.165,-0.4284320788838843,-1.3675101026338388
74.60000000000004,-3.2723646738077656,4941.647790045049,169.28923772613447,-0.1745,70.94046600039239,-12.205036432010521,0.165,-0.4284320788838843,-1.3675101026338388
74.70000000000003,-3.272837575648075,4948.742692895121,168.0686750964775,-0.1745,70.95759100103926,-12.206216161128948,0.165,-0.4284320788838843,-1.3675101026338388
74.80000000000003,-3.2733220957852445,4955.839304297953,166.84799226493507,-0.1745,70.97463705561228,-12.207440469719797,0.165,-0.4284320788838843,-1.3675101026338388
74.90000000000002,-3.2738149711736004,4962.937616514754,165.62718568630086,-0.1745,70.99160728041286,-12.208691102964197,0.165,-0.4284320788838843,-1.3675101026338388
75.00000000000001,-3.274314133600971,4970.037622066177,164.40625330545726,-0.1745,71.00850374804615,-12.20995651390772,0.165,-0.4284320788838843,-1.3675101026338388
75.10000000000001,-3.2748182709654703,4977.1393136470815,163.1851940096657,-0.1745,71.02532787004021,-12.211229401923488,0.165,-0.4284320788838843,-1.3675101026338388
75.2,-3.2753265495861688,4984.24268407254,161.96400728186515,-0.1745,71.04208063914064,-12.212505154087403,0.165,-0.4284320788838843,-1.3675101026338388
75.3,-3.2758384384644765,4991.347726243634,160.74269298124034,-0.1745,71.05876278272117,-12.213780858408784,0.165,-0.4284320788838843,-1.3675101026338388
75.39999999999999,-3.2763535980815606,4998.454433125765,159.5212512043603,-0.1745,71.07537485990291,-12.215054679191926,0.165,-0.4284320788838843,-1.3675101026338388
75.49999999999999,-3.27687181004209,5005.562797734911,158.29968219731637,-0.1745,71.09191732302823,-12.21632546168686,0.165,-0.4284320788838843,-1.3675101026338388
75.59999999999998,-3.27739293256697,5012.672813128891,157.07798630013713,-0.1745,71.10839055656714,-12.217592481897901,0.165,-0.4284320788838843,-1.3675101026338388
75.69999999999997,-3.2779168723419416,5019.784472401806,155.85616391162847,-0.1745,71.12479490173733,-12.218855288275376,0.165,-0.4284320788838843,-1.3675101026338388
75.79999999999997,-3.278443566713847,5026.8977686804965,154.6342154671367,-0.1745,71.14113067208176,-12.220113601560168,0.165,-0.4284320788838843,-1.3675101026338388
75.89999999999996,-2.458557797361835,5034.012695122266,153.4121414244873,-0.1745,71.15739816332382,-12.221367251427996,0.165,-0.4284320788838843,-1.3675101026338388
75.99999999999996,-2.764100077794433,5041.125400549838,152.3397361156825,-0.06225,71.09671038809425,-9.22673892466778,0.165,-0.4284320788838843,-1.3675101026338388
76.09999999999995,-2.9581918238363274,5048.226956063733,151.36304144925825,-0.1745,70.93439988982125,-10.307154403817705,0.165,-0.4284320788838843,-1.3675101026338388
76.19999999999995,-3.0816393262986814,5055.315729266555,150.29800270739665,-0.1745,70.84106416660838,-10.993620433414057,0.165,-0.4284320788838843,-1.3675101026338388
76.29999999999994,-3.159695002527851,5062.398891128012,149.17653984895034,-0.1745,70.8221730625489,-11.435636735512032,0.495,-0.4284320788838843,-1.3675101026338388
76.39999999999993,-3.2093469848592093,5069.479834424912,148.01916075037914,-0.1745,70.796692875443,-11.711945235911958,0.165,-0.4284320788838843,-1.3675101026338388
76.49999999999993,-3.240987793095918,5076.559032644376,146.8391799327787,-0.1745,70.78727151384686,-11.887671116096733,0.165,-0.4284320788838843,-1.3675101026338388
76.59999999999992,-3.261211694396361,5083.637790983687,145.6448177565398,-0.1745,70.78789527237733,-11.999572408681276,0.165,-0.4284320788838843,-1.3675101026338388
76.69999999999992,-3.2742010486810584,5090.716926553313,144.44128960651622,-0.1745,70.7948161201413,-12.070990591790059,0.165,-0.4284320788838843,-1.3675101026338388
76.79999999999991,-3.2826075412819966,5097.796951547904,143.23190311130378,-0.1745,70.80568377169465,-12.11673931245857,0.165,-0.4284320788838843,-1.3675101026338388
76.8999999999999,-3.288111900718374,5104.8781866739955,142.0187553648754,-0.1745,70.81901875013047,-12.146215616109078,0.165,-0.4284320788838843,-1.3675101026338388
76.9999999999999,-3.2917791748731204,5111.960831987879,140.80317567004346,-0.1745,70.83388752753034,-12.165378280529826,0.165,-0.4284320788838843,-1.3675101026338388
77.0999999999999,-3.294284126100369,5119.045011375483,139.5860065210514,-0.1745,70.84970022456439,-12.178004699311508,0.165,-0.4284320788838843,-1.3675101026338388
77.19999999999989,-3.296054171448959,5126.130800577358,138.36778184360548,-0.1745,70.86608381292353,-12.186488849606295,0.165,-0.4284320788838843,-1.3675101026338388
77.29999999999988,-3.297360004309924,5133.21824488367,137.14884001960164,-0.1745,70.88280231331133,-12.192347630470639,0.165,-0.4284320788838843,-1.3675101026338388
77.39999999999988,-3.298373032702548,5140.30737032138,135.9293955371003,-0.1745,70.89970644088837,-12.196542019555887,0.165,-0.4284320788838843,-1.3675101026338388
77.49999999999987,-3.299201777421226,5147.398190732483,134.70958440069197,-0.1745,70.91670178117212,-12.19968070861069,0.165,-0.4284320788838843,-1.3675101026338388
77.59999999999987,-3.2999149329223303,5154.490712254435,133.4894929058139,-0.1745,70.93372865785555,-12.202149188950337,0.165,-0.4284320788838843,-1.3675101026338388
77.69999999999986,-3.3005559755880673,5161.5849361568235,132.2691758682932,-0.1745,70.9507493899293,-12.204191561464176,0.165,-0.4284320788838843,-1.3675101026338388
77.79999999999986,-3.3011524160667447,5168.680860637496,131.04866817146433,-0.1745,70.96774022351762,-12.205962375113025,0.165,-0.4284320788838843,-1.3675101026338388
77.89999999999985,-3.3017216584677014,5175.778481959813,129.82799207928764,-0.1745,70.98468622280933,-12.207559468420895,0.165,-0.4284320788838843,-1.3675101026338388
77.99999999999984,-3.3022747102393657,5182.877795172688,128.60716186725045,-0.1745,71.00157803468798,-12.20904477232272,0.165,-0.4284320788838843,-1.3675101026338388
78.09999999999984,-3.3028185308176097,5189.97879456642,127.38618675436888,-0.1745,71.01840983996327,-12.210457485308844,0.165,-0.4284320788838843,-1.3675101026338388
78.19999999999983,-3.303357518293668,5197.081473961223,126.16507275928164,-0.1745,71.03517805609931,-12.211822416435924,0.165,-0.4284320788838843,-1.3675101026338388
78.29999999999983,-3.3038944503244716,5204.185826889821,124.9438238750764,-0.1745,71.05188051586755,-12.213155267668892,0.165,-0.4284320788838843,-1.3675101026338388
78.39999999999982,-3.3044310795497314,5211.291846712984,123.72244281279843,-0.1745,71.06851594738265,-12.214465977890459,0.165,-0.4284320788838843,-1.3675101026338388
78.49999999999982,-3.3049685103248394,5218.399526692601,122.50093147192698,-0.1745,71.08508364497344,-12.215760839538694,0.165,-0.4284320788838843,-1.3675101026338388
78.59999999999981,-3.1219240391768093,5225.508860037894,121.2792912380414,-0.1745,71.10158326087642,-12.217043838172879,0.165,-0.4284320788838843,-1.3675101026338388
78.6999999999998,-3.1904527812090056,5232.6226843507575,120.09060809825385,-0.1495,71.17490299639245,-11.556618957577978,0.165,-0.4284320788838843,-1.3675101026338388
78.7999999999998,-3.2339603873638585,5239.7390856442,118.92277252349118,-0.1745,71.15312287245821,-11.800092537675518,0.165,-0.4284320788838843,-1.3675101026338388
78.89999999999979,-2.440096828725204,5246.854017947489,117.73504327099685,-0.1745,71.14552319333687,-11.954492512210805,0.165,-0.4284320788838843,-1.3675101026338388
78.99999999999979,-2.762430473049155,5253.968952160182,116.68399408613057,-0.06225,71.15316106052184,-9.066491185115021,0.8300000000000001,-0.4284320788838843,-1.3675101026338388
79.09999999999978,-2.9671429545896992,5261.075606724679,115.72033395715346,-0.1745,70.97993022942968,-10.206711394427236,0.165,-0.4284320788838843,-1.3675101026338388
79.19999999999978,-3.0971771606954563,5268.168603177199,114.66345107490659,-0.1745,70.87999882096089,-10.930946250510006,0.165,-0.4284320788838843,-1.3675101026338388
79.29999999999977,-3.1798119235867923,5275.253829810773,113.54734831789574,-0.1745,70.82453385052261,-11.39110888970707,0.165,-0.4284320788838843,-1.3675101026338388
79.39999999999976,-3.232375042306552,5282.334879630739,112.39361474091156,-0.1745,70.79646254881033,-11.683562649976654,0.165,-0.4284320788838843,-1.3675101026338388
79.49999999999976,-3.2658679990970145,5289.413974103775,111.21595961899048,-0.1745,70.78542691190599,-11.869539788445017,0.165,-0.4284320788838843,-1.3675101026338388
79.59999999999975,-3.2872720237707225,5296.492497587655,110.02308527176486,-0.1745,70.7850427656807,-11.98794715606744,0.165,-0.4284320788838843,-1.3675101026338388
79.69999999999975,-3.301015212524936,5303.571316476787,108.8205132623423,-0.1745,70.7913350169623,-12.063493032383738,0.165,-0.4284320788838843,-1.3675101026338388
79.79999999999974,-3.309905219258089,5310.650973852569,107.61174561849758,-0.1745,70.8018124986933,-12.11185984451062,0.165,-0.4284320788838843,-1.3675101026338388
79.89999999999974,-3.3157217237122056,5317.731809858996,106.39900280247869,-0.1745,70.81490762983496,-12.142996475867106,0.165,-0.4284320788838843,-1.3675101026338388
79.99999999999973,-3.3195925305008345,5324.8140368157765,105.18369237756212,-0.1745,70.829631505775,-12.163212022464238,0.165,-0.4284320788838843,-1.3675101026338388
80.09999999999972,-3.3222321927461658,5331.8977863575765,103.9667064681063,-0.1745,70.8453593302278,-12.176506166652416,0.165,-0.4284320788838843,-1.3675101026338388
80.19999999999972,-3.3240933510445503,5338.983139124842,102.74861046549846,-0.1745,70.86169601508125,-12.185413885504301,0.165,-0.4284320788838843,-1.3675101026338388
80.29999999999971,-3.32546268495797,5346.070143506966,101.52976269670188,-0.1745,70.87839162739394,-12.191541490427314,0.165,-0.4284320788838843,-1.3675101026338388
80.39999999999971,-3.326521732412588,5353.15882749083,100.31039028993655,-0.1745,70.89528804989297,-12.195906644879319,0.165,-0.4284320788838843,-1.3675101026338388
80.4999999999997,-2.5092056709914043,5360.24920615708,99.09063725913747,-0.1745,70.91228527511839,-12.199153971102339,0.165,-0.4284320788838843,-1.3675101026338388
80.5999999999997,-2.812968721401108,5367.3390677572115,98.01927605522052,-0.06225,70.88494672750605,-9.228070107236642,0.495,-0.4284320788838843,-1.3675101026338388
80.69999999999969,-3.006251105399415,5374.419577703203,97.04291614427704,-0.1745,70.72525219232608,-10.299128111632745,0.165,-0.4284320788838843,-1.3675101026338388
80.79999999999968,-3.129253891060385,5381.487523129908,95.97891851291934,-0.1745,70.63365634179178,-10.980824515521453,0.165,-0.4284320788838843,-1.3675101026338388
80.89999999999968,-3.207565751959755,5388.548383502346,94.85913583192135,-0.1745,70.58355110696728,-11.414829104438182,0.165,-0.4284320788838843,-1.3675101026338388
80.99999999999967,-3.2574717422999786,5395.605515628982,93.70383318452707,-0.1745,70.55909142574691,-11.6912238434473,0.165,-0.4284320788838843,-1.3675101026338388
81.09999999999967,-3.2893306021278637,5402.6610013425525,92.52590371295295,-0.1745,70.55062284566377,-11.867365588034923,0.165,-0.4284320788838843,-1.3675101026338388
81.19999999999966,-3.309727930645799,5409.716141214052,91.3335470238151,-0.1745,70.55217458432979,-11.979768194721998,0.165,-0.4284320788838843,-1.3675101026338388
81.29999999999966,-2.5081075293408714,5416.771750864081,90.13197543033088,-0.1745,70.56001841624293,-12.051663674962251,0.165,-0.4284320788838843,-1.3675101026338388
81.39999999999965,-2.816606546898695,5423.828130572979,89.07153012892888,-0.06225,70.56757576171896,-9.157242353077638,0.8300000000000001,-0.4284320788838843,-1.3675101026338388
81.49999999999964,-3.0133945474792823,5430.876868357364,88.10165441301939,-0.1745,70.40717992599191,-10.240271965112129,0.165,-0.4284320788838843,-1.3675101026338388
81.59999999999964,-3.138933722825813,5437.9129977043685,87.04307008049983,-0.1745,70.31540701409257,-10.931414685278899,0.165,-0.4284320788838843,-1.3675101026338388
81.69999999999963,-3.2190471611152143,5444.942044258974,85.92786904847858,-0.1745,70.2655240780206,-11.3726059551461,0.165,-0.4284320788838843,-1.3675101026338388
81.79999999999963,-3.270212618794381,5451.967399799695,84.77652226079522,-0.1745,70.2415867363923,-11.654329798521339,0.165,-0.4284320788838843,-1.3675101026338388
81.89999999999962,-3.302939022431395,5458.991172257519,83.60208817182028,-0.1745,70.23386242008793,-11.834351980977413,0.165,-0.4284320788838843,-1.3675101026338388
81.99999999999962,-3.3239249342630206,5466.01468137405,82.41289333852146,-0.1745,70.23631991054063,-11.949544684999225,0.165,-0.4284320788838843,-1.3675101026338388
82.09999999999961,-3.3374381314056594,5473.038756622769,81.2142445968399,-0.1745,70.24518506383167,-12.023430148631697,0.165,-0.4284320788838843,-1.3675101026338388
82.1999999999996,-3.346196655465122,5480.06391994466,80.00952282439161,-0.1745,70.2580813739781,-12.071005300334305,0.165,-0.4284320788838843,-1.3675101026338388
82.2999999999996,-3.35193101942135,5487.090499338545,78.80088121723291,-0.1745,70.27350650371895,-12.101826842839676,0.165,-0.4284320788838843,-1.3675101026338388
82.3999999999996,-3.3557427112130096,5494.118700084538,77.58969076214208,-0.1745,70.29050841614936,-12.121982258976974,0.165,-0.4284320788838843,-1.3675101026338388
82.49999999999959,-3.3583326783604965,5501.14864965142,76.37682425328603,-0.1745,70.30848292147215,-12.135347918144031,0.165,-0.4284320788838843,-1.3675101026338388
82.59999999999958,-3.360211756291246,5508.180426111154,75.16283728065314,-0.1745,70.32704627320979,-12.144391534513879,0.165,-0.4284320788838843,-1.3675101026338388
82.69999999999958,-3.360874144397075,5515.217350662114,73.94750624645901,-0.1745,70.41144474598997,-12.162229149368624,0.8300000000000001,-0.4284320788838843,-1.3675101026338388
82.79999999999957,-3.361468573093429,5522.259454661747,72.7311752521149,-0.1745,70.43063524668234,-12.164390737513713,0.165,-0.4284320788838843,-1.3675101026338388
82.89999999999957,-3.362020976831579,5529.303475680138,71.51464093939427,-0.1745,70.44978512113344,-12.166295516898721,0.165,-0.4284320788838843,-1.3675101026338388
82.99999999999956,-3.3625478310506245,5536.349408959413,70.29792441087157,-0.1745,70.46888046436986,-12.168035053555057,0.165,-0.4284320788838843,-1.3675101026338388
83.09999999999955,-3.363059598859368,5543.397248609966,69.08103928041643,-0.1745,70.48791254667823,-12.169667555547603,0.165,-0.4284320788838843,-1.3675101026338388
83.19999999999955,-3.363562922429089,5550.446988033722,67.86399440154212,-0.1745,70.50687592844179,-12.171230021938772,0.165,-0.4284320788838843,-1.3675101026338388
83.29999999999954,-3.364062016052378,5557.498620193208,66.64679560198174,-0.1745,70.52576726127938,-12.172745969268757,0.165,-0.4284320788838843,-1.3675101026338388
83.39999999999954,-3.3645595515636466,5564.552137782558,65.429446786287,-0.1745,70.54458452572419,-12.17423034462585,0.165,-0.4284320788838843,-1.3675101026338388
83.49999999999953,-3.365057221018652,5571.607533336171,64.21195063659385,-0.1745,70.5633265465492,-12.17569264923698,0.165,-0.4284320788838843,-1.3675101026338388
83.59999999999953,-3.365556094217894,5578.664799297732,62.99430905792998,-0.1745,70.58199268466073,-12.177138924040417,0.165,-0.4284320788838843,-1.3675101026338388
83.69999999999952,-3.3660568458394873,5585.723928064029,61.77652346114523,-0.1745,70.60058264126451,-12.178573011654603,0.165,-0.4284320788838843,-1.3675101026338388
83.79999999999951,-3.366559899713111,5592.784912012763,60.55859494264649,-0.1745,70.61909633341162,-12.179997358320334,0.165,-0.4284320788838843,-1.3675101026338388
83.89999999999951,-3.3670655204480675,5599.847743520179,59.34052439855895,-0.1745,70.637533814919,-12.1814135234304,0.165,-0.4284320788838843,-1.3675101026338388
83.9999999999995,-3.3675738716170525,5606.912414972232,58.12231259722649,-0.1745,70.65589522612922,-12.18282250321872,0.165,-0.4284320788838843,-1.3675101026338388
84.0999999999995,-3.3680850526970856,5613.978918771639,56.90396022524762,-0.1745,70.67418076199729,-12.184224936358579,0.165,-0.4284320788838843,-1.3675101026338388
84.19999999999949,-3.368599122519715,5621.04724734233,55.68546791670306,-0.1745,70.6923906518222,-12.185621234532634,0.165,-0.4284320788838843,-1.3675101026338388
84.29999999999949,-3.3691161141549486,5628.117393132239,54.46683627170935,-0.1745,70.71052514637623,-12.187011665341698,0.165,-0.4284320788838843,-1.3675101026338388
84.39999999999948,-3.3696360443566427,5635.189348615045,53.24806586819518,-0.1745,70.7285845097334,-12.188396404941683,0.165,-0.4284320788838843,-1.3675101026338388
84.49999999999947,-3.3701589195556174,5642.263106291235,52.02915726937527,-0.1745,70.74656901408214,-12.189775571456497,0.165,-0.4284320788838843,-1.3675101026338388
84.59999999999947,-3.370684739661667,5649.338658688761,50.81011102849321,-0.1745,70.76447893643316,-12.191149246184626,0.165,-0.4284320788838843,-1.3675101026338388
84.69999999999946,-3.371213500475111,5656.415998363409,49.590927691831155,-0.1745,70.78231455653037,-12.192517487056502,0.165,-0.4284320788838843,-1.3675101026338388
84.79999999999946,-3.371745195216131,5663.495117899012,48.37160780061968,-0.1745,70.80007615552566,-12.193880337173008,0.165,-0.4284320788838843,-1.3675101026338388
84.89999999999945,-3.3722798154944083,5670.576009907545,47.15215189224992,-0.1745,70.81776401513851,-12.195237830222169,0.165,-0.4284320788838843,-1.3675101026338388
84.99999999999945,-2.5549004255672507,5677.658667029158,45.93256050104306,-0.1745,70.83537841712312,-12.196589993914884,0.165,-0.4284320788838843,-1.3675101026338388
85.09999999999944,-2.8578790414643644,5684.742514472064,44.86109871753035,-0.06225,70.84157044099442,-9.232645676339384,0.8300000000000001,-0.4284320788838843,-1.3675101026338388
85.19999999999943,-3.0507342236286714,5691.818727120821,43.88445356453841,-0.1745,70.68268253414271,-10.300257383499513,0.165,-0.4284320788838843,-1.3675101026338388
85.29999999999943,-3.173513304007791,5698.882441571981,42.820440808444395,-0.1745,70.59160648906841,-10.979997738380744,0.165,-0.4284320788838843,-1.3675101026338388
85.39999999999942,-3.0696490814577917,5705.939115112006,41.700795525580396,-0.1745,70.54186431143106,-11.412907918899263,0.165,-0.4284320788838843,-1.3675101026338388
85.49999999999942,-3.1859290502609676,5712.997015247368,40.57787057527331,-0.1495,70.61613839579725,-11.045591087242553,0.495,-0.4284320788838843,-1.3675101026338388
85.59999999999941,-3.2599816924410825,5720.05632173348,39.45280312858171,-0.1745,70.56999132644228,-11.455757846589453,0.165,-0.4284320788838843,-1.3675101026338388
85.6999999999994,-2.4931444556822204,5727.112221518478,38.294164855994474,-0.1745,70.54800437350161,-11.717007605155176,0.165,-0.4284320788838843,-1.3675101026338388
85.7999999999994,-1.2124988488912094,5734.165844079302,37.26093079923618,-0.06225,70.52444684298473,-8.947673530010732,0.495,-0.4284320788838843,-1.3675101026338388
85.8999999999994,-1.20271978807295,5741.180380575824,36.59650464800905,0.04999999999999999,69.76628308744867,-4.340849494531758,0.165,-0.4284320788838843,-1.3675101026338388
85.99999999999939,-1.9981936982641804,5748.152859637294,36.16444903696706,-0.06225,69.68329814195835,-4.3002627263080635,0.165,-0.4284320788838843,-1.3675101026338388
86.09999999999938,-2.511859800917592,5755.096997930937,35.59744308817485,-0.1745,69.19946773089666,-7.039856249536292,0.165,-0.4284320788838843,-1.3675101026338388
86.19999999999938,-2.0482171299794065,5762.002907504965,34.80532594003816,-0.1745,68.91872374967836,-8.802486713197537,0.165,-0.4284320788838843,-1.3675101026338388
86.29999999999937,-2.545334466082216,5768.895775430893,34.006049574164194,-0.06225,68.93863476887209,-7.1830406042817,0.8300000000000001,-0.4284320788838843,-1.3675101026338388
86.39999999999937,-2.8671716773778217,5775.776261778623,33.202741796314754,-0.1745,68.67109218571764,-8.883114952707137,0.165,-0.4284320788838843,-1.3675101026338388
86.49999999999936,-3.07550342799793,5782.635613347281,32.25939759687445,-0.1745,68.51593918744797,-9.983769036098922,0.165,-0.4284320788838843,-1.3675101026338388
86.59999999999935,-3.2103233840913536,5789.482845708838,31.225352170664983,-0.1745,68.42870804368737,-10.697139488090396,0.165,-0.4284320788838843,-1.3675101026338388
86.69999999999935,-3.297554965172378,5796.323455365391,30.132512391682237,-0.1745,68.38348508737349,-11.1596560915645,0.165,-0.4284320788838843,-1.3675101026338388
86.79999999999934,-3.35399743663366,5803.160860939338,29.00154742161751,-0.1745,68.36462639157074,-11.459643309730023,0.165,-0.4284320788838843,-1.3675101026338388
86.89999999999934,-3.390530527923217,5809.99721541145,27.845846637748277,-0.1745,68.362463050671,-11.65437236765461,0.165,-0.4284320788838843,-1.3675101026338388
86.99999999999933,-3.414195755524752,5816.833884824791,26.67407938710684,-0.1745,68.37092521615449,-11.780972645174163,0.165,-0.4284320788838843,-1.3675101026338388
87.09999999999933,-2.6400327839933335,5823.671739247939,25.491855771361244,-0.1745,68.38616324679775,-11.863499669737738,0.165,-0.4284320788838843,-1.3675101026338388
87.19999999999932,-2.9323549645536495,5830.510909460131,24.441078677705256,-0.06225,68.39724099705599,-9.152042203382027,0.8300000000000001,-0.4284320788838843,-1.3675101026338388
87.29999999999932,-3.121901580000688,5837.343855551097,23.47603798527831,-0.1745,68.26168082224592,-10.148771645156865,0.165,-0.4284320788838843,-1.3675101026338388
87.39999999999931,-3.244768329488708,5844.16627252164,22.42879650962022,-0.1745,68.18665858863132,-10.796057868004931,0.165,-0.4284320788838843,-1.3675101026338388
87.4999999999993,-3.1483464950523383,5850.983069899282,21.328166673646116,-0.1745,68.14928896420558,-11.216538851477155,0.165,-0.4284320788838843,-1.3675101026338388
87.5999999999993,-3.2617808770096897,5857.803584169593,20.22264066227193,-0.1495,68.26099644201119,-10.893981376006566,0.8300000000000001,-0.4284320788838843,-1.3675101026338388
87.69999999999929,-3.3352514697983904,5864.628055680155,19.113803589199183,-0.1745,68.2284337692251,-11.282760085448409,0.165,-0.4284320788838843,-1.3675101026338388
87.79999999999929,-3.3828420278574467,5871.450364576478,17.972901230930077,-0.1745,68.21774415724141,-11.535287079933736,0.165,-0.4284320788838843,-1.3675101026338388
87.89999999999928,-3.4136818397347755,5878.272299493778,16.811162313913343,-0.1745,68.22095418875463,-11.699491260400928,0.165,-0.4284320788838843,-1.3675101026338388
87.99999999999928,-3.4336849519751262,5885.094998685548,15.635864022961897,-0.1745,68.2330296466371,-11.806474558627995,0.165,-0.4284320788838843,-1.3675101026338388
88.09999999999927,-3.4466805100667317,5891.919188396057,14.45172002897019,-0.1745,68.25076456354081,-11.876405321206137,0.165,-0.4284320788838843,-1.3675101026338388
88.19999999999926,-3.4551466575294185,5898.745331918276,13.261782108341466,-0.1745,68.27210588085443,-11.922353091368343,0.165,-0.4284320788838843,-1.3675101026338388
88.29999999999926,-3.4606865964246367,5905.573723921993,12.068025334872123,-0.1745,68.29573419349002,-11.952782378018492,0.165,-0.4284320788838843,-1.3675101026338388
88.39999999999925,-3.4643371591891237,5912.404550617823,10.871727584040745,-0.1745,68.32079972308905,-11.973172638609089,0.165,-0.4284320788838843,-1.3675101026338388
88.49999999999925,-3.4667686961302384,5919.237928326579,9.673715473460877,-0.1745,68.34675445204462,-11.987069572988245,0.165,-0.4284320788838843,-1.3675101026338388
88.59999999999924,-3.4684298195630987,5926.073928285471,8.474523655184973,-0.1745,68.37324472579326,-11.996766792529836,0.165,-0.4284320788838843,-1.3675101026338388
88.69999999999924,-3.468896236628116,5932.915867139731,7.273920666816862,-0.1745,68.46553235939457,-12.01529297483237,0.8300000000000001,-0.4284320788838843,-1.3675101026338388
88.79999999999923,-3.4692802047455884,5939.763773076838,6.072248391081211,-0.1745,68.49258638276358,-12.018152539880637,0.165,-0.4284320788838843,-1.3675101026338388
88.89999999999922,-3.4696126234360087,5946.6143813069775,4.870305477055767,-0.1745,68.51957822002703,-12.020705740628237,0.165,-0.4284320788838843,-1.3675101026338388
88.99999999999922,-2.6792739008459114,5953.467684813973,3.6681172560614828,-0.1745,68.54649191988229,-12.023058679257458,0.165,-0.4284320788838843,-1.3675101026338388
89.09999999999921,-2.9633337419861805,5960.321147119989,2.6048411828391904,-0.06225,68.52275420043175,-9.242462785188385,0.495,-0.4284320788838843,-1.3675101026338388
89.1999999999992,-3.1473330754128166,5967.166848053624,1.6320737778763759,-0.1745,68.39126447224723,-10.212885314067906,0.165,-0.4284320788838843,-1.3675101026338388
89.2999999999992,-10000.0,5974.002343967251,0.5793090481350556,-0.1745,68.31865380029942,-10.8424092807585,0.165,-0.4284320788838843,-1.3675101026338388
