t,reward,x,y,theta,vx,vy,throttle,wind_vx,wind_vy
0.0,0.0,227.447207986109,964.7511617329826,-0.06025507621745017,44.34429733850338,0.42851135728366174,0.5,-3.3837304962717174,1.2419512011227256
0.1,-0.08760399075035827,227.447207986109,964.7511617329826,-0.06025507621745017,44.34429733850338,0.42851135728366174,0.5,-3.3837304962717174,1.2419512011227256
0.2,-0.8083160252204544,231.86808816928507,964.691268611653,-0.17250507621745015,44.07330632501799,-1.6263737838766925,0.165,-3.3837304962717174,1.2419512011227256
0.30000000000000004,-1.3564402760135565,236.26697718620733,964.4495962709657,-0.1745,43.90447401342712,-3.2070730298696235,0.165,-3.3837304962717174,1.2419512011227256
0.4,-1.1885313220029323,240.65272598977467,964.0687593700119,-0.1745,43.810502057919486,-4.409664989206797,0.165,-3.3837304962717174,1.2419512011227256
0.5,-1.6445926968109754,245.0364615224971,963.6461277157558,-0.06225,43.864208596528776,-4.0429680959137855,0.8300000000000001,-3.3837304962717174,1.2419512011227256
0.6,-1.9894026089189838,249.41999452631066,963.1916351697851,-0.1745,43.80645147974249,-5.046882823501517,0.165,-3.3837304962717174,1.2419512011227256
0.7,-2.2492265461103784,253.79980359054773,962.6487444988072,-0.1745,43.789729804999,-5.810930596055169,0.165,-3.3837304962717174,1.2419512011227256
0.7999999999999999,-2.444324902157193,258.17940343293753,962.0385986702744,-0.1745,43.802267042797496,-6.391985974601511,0.165,-3.3837304962717174,1.2419512011227256
0.8999999999999999,-2.5902526697949373,262.56131332525723,961.377325802888,-0.1745,43.83593080359699,-6.833471373127443,0.165,-3.3837304962717174,1.2419512011227256
0.9999999999999999,-2.698906317355184,266.9473594588561,960.6772205065153,-0.1745,43.88499186838072,-7.168634554326015,0.165,-3.3837304962717174,1.2419512011227256
1.0999999999999999,-2.7793556965110158,271.3388765264024,959.9476422382764,-0.1745,43.94534948254464,-7.4229308104491425,0.165,-3.3837304962717174,1.2419512011227256
1.2,-2.8384978815791486,275.7368455691296,959.1957046139945,-0.1745,44.01403137200006,-7.615821675190706,0.165,-3.3837304962717174,1.2419512011227256
1.3,-2.7501037524236533,280.1419902299245,958.4268056407465,-0.1745,44.08886184389727,-7.762157789769719,0.165,-3.3837304962717174,1.2419512011227256
1.4000000000000001,-2.814374212989779,284.55527037623256,957.6599213866793,-0.1495,44.17674108226424,-7.575527291572001,0.165,-3.3837304962717174,1.2419512011227256
1.5000000000000002,-2.8612721818702713,288.9765886593397,956.8944686340479,-0.1745,44.24962457987925,-7.733527761055173,0.165,-3.3837304962717174,1.2419512011227256
1.6000000000000003,-2.895093169595444,293.4054438213062,956.1151264765991,-0.1745,44.32747865945098,-7.853315387920947,0.165,-3.3837304962717174,1.2419512011227256
1.7000000000000004,-2.919083443254245,297.8422676751617,955.325248900714,-0.1745,44.408998417657735,-7.944236129782547,0.165,-3.3837304962717174,1.2419512011227256
1.8000000000000005,-2.935693058472426,302.28737827465045,954.5273682675506,-0.1745,44.49321357211748,-8.013376533483557,0.165,-3.3837304962717174,1.2419512011227256
1.9000000000000006,-2.946696047412,306.74100895722705,953.7233943546306,-0.1745,44.579400079414675,-8.066101724916695,0.165,-3.3837304962717174,1.2419512011227256
2.0000000000000004,-2.9531257298221982,311.2049547151704,952.914479398324,-0.1745,44.699515079452794,-8.112197401215203,0.495,-3.3837304962717174,1.2419512011227256
2.1000000000000005,-2.956588149859222,315.6793421404913,952.1017631548531,-0.1745,44.788233426965846,-8.142127468203912,0.165,-3.3837304962717174,1.2419512011227256
2.2000000000000006,-2.95783816196813,320.1626354904175,951.2863890232892,-0.1745,44.877633571557695,-8.165355163073812,0.165,-3.3837304962717174,1.2419512011227256
2.3000000000000007,-2.957442596047798,324.65489195256487,950.4689436220035,-0.1745,44.967495671390076,-8.18355286263875,0.165,-3.3837304962717174,1.2419512011227256
2.400000000000001,-2.95582675522315,329.15614946072117,949.6498670051446,-0.1745,45.05765449173574,-8.197979474538318,0.165,-3.3837304962717174,1.2419512011227256
2.500000000000001,-2.953309503583552,333.6664314751341,948.8294889372834,-0.1745,45.14798579652348,-8.209581882687726,0.165,-3.3837304962717174,1.2419512011227256
2.600000000000001,-2.950129717137358,338.18575057262535,948.0080562568024,-0.1745,45.23839615330119,-8.219071726931524,0.165,-3.3837304962717174,1.2419512011227256
2.700000000000001,-2.9464662058057955,342.71411114441787,947.1857534982627,-0.1745,45.32881528254941,-8.226983443864404,0.165,-3.3837304962717174,1.2419512011227256
2.800000000000001,-2.942452705501533,347.2515114240411,946.3627184213028,-0.1745,45.419190309915344,-8.233718095331882,0.165,-3.3837304962717174,1.2419512011227256
2.9000000000000012,-2.938189151468812,351.7979450117909,945.539053694886,-0.1745,45.509481445080375,-8.239576433005146,0.165,-3.3837304962717174,1.2419512011227256
3.0000000000000013,-2.933750149059419,356.35340202064407,944.7148356821996,-0.1745,45.59965873198327,-8.244783820723676,0.165,-3.3837304962717174,1.2419512011227256
3.1000000000000014,-2.9291913341733893,360.9178699374679,943.8901210409437,-0.1745,45.6896996044939,-8.249509004395378,0.165,-3.3837304962717174,1.2419512011227256
3.2000000000000015,-2.924554145857078,365.4913342700947,943.0649516788502,-0.1745,45.77958704804127,-8.253878237473533,0.165,-3.3837304962717174,1.2419512011227256
3.3000000000000016,-2.9198694050734497,370.0737790333603,942.239358471802,-0.1745,45.869308217271765,-8.257985903490072,0.165,-3.3837304962717174,1.2419512011227256
3.4000000000000017,-2.9151599965235278,374.66518711407105,941.4133640516907,-0.1745,45.95885339694323,-8.261902498736974,0.165,-3.3837304962717174,1.2419512011227256
3.5000000000000018,-2.9104428770328203,379.26554054497507,940.5869848954009,-0.1745,46.048215221137035,-8.265680627059027,0.165,-3.3837304962717174,1.2419512011227256
3.600000000000002,-2.9057305786562324,383.8748207103737,939.7602328891078,-0.1745,46.13738808683566,-8.269359498802258,0.165,-3.3837304962717174,1.2419512011227256
3.700000000000002,-2.901032332916109,388.4930085004004,938.9331164989195,-0.1745,46.22636771369812,-8.272968304964412,0.165,-3.3837304962717174,1.2419512011227256
3.800000000000002,-2.8963549111439546,393.12008442677313,938.1056416463646,-0.1745,46.31515081375738,-8.276528746133964,0.165,-3.3837304962717174,1.2419512011227256
3.900000000000002,-2.8917032522255974,397.75602870964735,937.2778123627212,-0.1745,46.40373484372656,-8.28005692673326,0.165,-3.3837304962717174,1.2419512011227256
4.000000000000002,-2.887080931243322,402.40082134280146,936.4496312777364,-0.1745,46.49211781935576,-8.283564772961622,0.165,-3.3837304962717174,1.2419512011227256
4.100000000000001,-2.8824905091229773,407.05444214258785,935.6210999844116,-0.1745,46.580298176372246,-8.287061093536341,0.165,-3.3837304962717174,1.2419512011227256
4.200000000000001,-2.8779337933388236,411.7168707847251,934.7922193110987,-0.1745,46.6682746663725,-8.290552372720995,0.165,-3.3837304962717174,1.2419512011227256
4.300000000000001,-2.873412032180045,416.3880868319899,933.9629895243207,-0.1745,46.75604627892364,-8.294043362838424,0.165,-3.3837304962717174,1.2419512011227256
4.4,-2.868926059419662,421.0680697551014,933.1334104798441,-0.1745,46.843612183306824,-8.297537526693615,0.165,-3.3837304962717174,1.2419512011227256
4.5,-2.8644764019806184,425.7567989485154,932.3034817351233,-0.1745,46.93097168497192,-8.301037367721513,0.165,-3.3837304962717174,1.2419512011227256
4.6,-2.860063360012415,430.45425374241415,931.4732026329273,-0.1745,47.01812419300391,-8.30454467619985,0.165,-3.3837304962717174,1.2419512011227256
4.699999999999999,-2.855687066409618,435.1604134118557,930.6425723634796,-0.1745,47.105069195826644,-8.308060712752667,0.165,-3.3837304962717174,1.2419512011227256
4.799999999999999,-2.711898620608582,439.8752571838003,929.8115900105904,-0.1745,47.19180624306487,-8.311586345031747,0.165,-3.3837304962717174,1.2419512011227256
4.899999999999999,-2.745078762996338,444.5992657346678,928.997140171411,-0.1495,47.28836477428663,-7.977410438556211,0.165,-3.3837304962717174,1.2419512011227256
4.999999999999998,-2.7683958351955598,449.33181656936154,928.1947848218949,-0.1745,47.36265191958782,-8.069696551766526,0.165,-3.3837304962717174,1.2419512011227256
5.099999999999998,-2.7844491500963486,454.0719459435137,927.3843652985448,-0.1745,47.43993556345547,-8.138693915235256,0.165,-3.3837304962717174,1.2419512011227256
5.1999999999999975,-2.7951596402983836,458.81991103186937,926.567906416658,-0.1745,47.519366203657675,-8.190483722499433,0.165,-3.3837304962717174,1.2419512011227256
5.299999999999997,-2.80194553363573,463.5758953764748,925.7469036773291,-0.1745,47.60032068845126,-8.229571064080227,0.165,-3.3837304962717174,1.2419512011227256
5.399999999999997,-2.805852994364242,468.34002846477205,924.9224606353023,-0.1745,47.682341077493746,-8.25928977645685,0.165,-3.3837304962717174,1.2419512011227256
5.4999999999999964,-2.8076531069906348,473.1124000403153,924.0953909190318,-0.1745,47.765090433372215,-8.282104548951997,0.165,-3.3837304962717174,1.2419512011227256
5.599999999999996,-2.8079137709598747,477.893070594929,923.2662938961676,-0.1745,47.848320658901336,-8.299835908333014,0.165,-3.3837304962717174,1.2419512011227256
5.699999999999996,-2.6657122167853746,482.6820790774802,922.4356107265955,-0.1745,47.931848992122234,-8.313827483107781,0.165,-3.3837304962717174,1.2419512011227256
5.799999999999995,-2.702501146453802,487.4800335137823,921.6210225366611,-0.1495,48.027239733919735,-7.977936315579131,0.165,-3.3837304962717174,1.2419512011227256
5.899999999999995,-2.728407841964424,492.2863119998208,920.8181460736538,-0.1745,48.09832998684947,-8.079592944567421,0.165,-3.3837304962717174,1.2419512011227256
5.999999999999995,-2.746337644733474,497.09987029454857,920.0064079120954,-0.1745,48.1728359077067,-8.155170286600335,0.165,-3.3837304962717174,1.2419512011227256
6.099999999999994,-2.7584271932456073,501.92100118274567,919.188070788637,-0.1745,48.2497818562354,-8.211572182567515,0.165,-3.3837304962717174,1.2419512011227256
6.199999999999994,-2.766246263870497,506.7499130931176,918.3647977850475,-0.1745,48.32845635120326,-8.253887889222634,0.165,-3.3837304962717174,1.2419512011227256
6.299999999999994,-2.770947144455592,511.5867528853576,917.5378101471263,-0.1745,48.408339493597836,-8.285864869202406,0.165,-3.3837304962717174,1.2419512011227256
6.399999999999993,-2.7733749812052406,516.4316224031124,916.708003911338,-0.1745,48.4890508614999,-8.310259846563486,0.165,-3.3837304962717174,1.2419512011227256
6.499999999999993,-2.7741491750876928,521.2845905387322,915.8760359720874,-0.1745,48.570311850896765,-8.329098938447448,0.165,-3.3837304962717174,1.2419512011227256
6.5999999999999925,-2.773723348774208,526.1457020474144,915.042387521289,-0.1745,48.651918322745395,-8.343870077520954,0.165,-3.3837304962717174,1.2419512011227256
6.699999999999992,-2.7724294788850727,531.0149839967988,914.2074107604219,-0.1745,48.733720664942666,-8.355665139821378,0.165,-3.3837304962717174,1.2419512011227256
6.799999999999992,-2.7705103444345234,535.892450491183,913.3713632638278,-0.1745,48.81560922274015,-8.365284792061788,0.165,-3.3837304962717174,1.2419512011227256
6.8999999999999915,-2.7681433646713134,540.7781061340191,912.534433236567,-0.1745,48.8975036339813,-8.373315753154733,0.165,-3.3837304962717174,1.2419512011227256
6.999999999999991,-2.765458097772618,545.6719485664194,911.6967580652401,-0.1745,48.979345014022705,-8.3801876733828,0.165,-3.3837304962717174,1.2419512011227256
7.099999999999991,-2.7625490769276655,550.5739703283778,910.8584379329575,-0.1745,49.06109022514458,-8.386214972270977,0.165,-3.3837304962717174,1.2419512011227256
7.19999999999999,-2.7594852197862902,555.4841602232904,910.0195458049186,-0.1745,49.14270767310832,-8.391627588506474,0.165,-3.3837304962717174,1.2419512011227256
7.29999999999999,-2.75631672152966,560.4025043181283,909.1801347472984,-0.1745,49.2241742236508,-8.396593563896115,0.165,-3.3837304962717174,1.2419512011227256
7.39999999999999,-2.7530801013347967,565.3289866763487,908.340243288182,-0.1745,49.30547294075606,-8.401235618432557,0.165,-3.3837304962717174,1.2419512011227256
7.499999999999989,-2.7498018946517693,570.2635898947905,907.499899341901,-0.1745,49.38659142807939,-8.405643307188374,0.165,-3.3837304962717174,1.2419512011227256
7.599999999999989,-2.746501353049032,575.2062954968482,906.6591230799909,-0.1745,49.467520613074335,-8.409881931014393,0.165,-3.3837304962717174,1.2419512011227256
7.699999999999989,-2.597715119898657,580.1570842203024,905.8179290302511,-0.1745,49.54825385601018,-8.41399906378188,0.165,-3.3837304962717174,1.2419512011227256
7.799999999999988,-2.63510239030942,585.116661839518,904.994754757779,-0.1495,49.64329852830083,-8.04948638565999,0.165,-3.3837304962717174,1.2419512011227256
7.899999999999988,-2.6612847775423107,590.0843045507884,904.1845562255251,-0.1745,49.709555697106985,-8.154484259418723,0.165,-3.3837304962717174,1.2419512011227256
7.999999999999988,-2.679342223410251,595.0587584711096,903.3652451959177,-0.1745,49.77952270931737,-8.231736332727538,0.165,-3.3837304962717174,1.2419512011227256
8.099999999999987,-2.691514687181194,600.0403402225235,902.5392177203607,-0.1745,49.85211231896007,-8.288813178412354,0.165,-3.3837304962717174,1.2419512011227256
8.199999999999987,-2.699429680519933,605.029272866562,901.7082154366443,-0.1745,49.926540561809354,-8.33123249591605,0.165,-3.3837304962717174,1.2419512011227256
8.299999999999986,-2.704268716277239,610.0257119435639,900.8735032357934,-0.1745,50.002240978229004,-8.363011521103685,0.165,-3.3837304962717174,1.2419512011227256
8.399999999999986,-2.706888860902072,615.0297641777995,900.0359990441046,-0.1745,50.07880370648185,-8.38707231267154,0.165,-3.3837304962717174,1.2419512011227256
8.499999999999986,-2.6805465298431956,620.0415009601196,899.1963685022187,-0.1745,50.15593193991974,-8.405538525048469,0.165,-3.15010490369882,1.4806409842598058
8.599999999999985,-2.660687314789363,625.0614703627964,898.3585424869423,-0.1745,50.24345611361609,-8.350981780480053,0.165,-3.15010490369882,1.4806409842598058
8.699999999999985,-2.6455230663197318,630.0900712221221,897.5253642636015,-0.1745,50.32856107289716,-8.312582686335046,0.165,-3.15010490369882,1.4806409842598058
8.799999999999985,-2.6337593703926974,635.1270916562789,896.6954409175567,-0.1745,50.41184761023918,-8.28588423456292,0.165,-3.15010490369882,1.4806409842598058
8.899999999999984,-2.624459494467602,640.1723717642304,895.8677638990821,-0.1745,50.4937545487907,-8.267656134927304,0.165,-3.15010490369882,1.4806409842598058
8.999999999999984,-2.616945789506564,645.2257895774173,895.0416032096723,-0.1745,50.574601714947484,-8.255557653267681,0.165,-3.15010490369882,1.4806409842598058
9.099999999999984,-2.6107282238480245,650.2872507536051,894.2164306691346,-0.1745,50.654621808807576,-8.247893157484906,0.165,-3.15010490369882,1.4806409842598058
9.199999999999983,-2.605452584684291,655.3566810393139,893.3918642721303,-0.1745,50.73398390536811,-8.243434782600852,0.165,-3.15010490369882,1.4806409842598058
9.299999999999983,-2.6008629414283697,660.4340207701385,892.5676278450544,-0.1745,50.81281071112559,-8.241293758918001,0.165,-3.15010490369882,1.4806409842598058
9.399999999999983,-2.596774452016403,665.5192208654564,891.7435218045481,-0.1745,50.89119119523176,-8.240827051208042,0.165,-3.15010490369882,1.4806409842598058
9.499999999999982,-2.593053669381093,670.6122399158476,890.9194019704523,-0.1745,50.969189812591786,-8.241569630706975,0.165,-3.15010490369882,1.4806409842598058
9.599999999999982,-2.5899789561056585,675.7130420677605,890.095164221092,-0.1745,51.04685322566723,-8.243185356500305,0.165,-3.15010490369882,1.4806409842598058
9.699999999999982,-2.5858471159415974,680.8248699936252,889.2701561125814,-0.1745,51.189705291625984,-8.256976813712042,0.8300000000000001,-3.15010490369882,1.4806409842598058
9.799999999999981,-2.58212274471667,685.9477017447066,888.4444391777924,-0.1745,51.266929730002445,-8.257361882067515,0.165,-3.15010490369882,1.4806409842598058
9.89999999999998,-2.5790858215138126,691.0782384094465,887.618634681673,-0.1745,51.34380356479464,-8.258728040320245,0.165,-3.15010490369882,1.4806409842598058
9.99999999999998,-2.5750025863726886,696.2197213477624,886.7920809742711,-0.1745,51.48585520152307,-8.272346107717047,0.8300000000000001,-3.15010490369882,1.4806409842598058
10.09999999999998,-2.57134006268903,701.3721276364307,885.9648330916383,-0.1745,51.562270571844294,-8.272611544940624,0.165,-3.15010490369882,1.4806409842598058
10.19999999999998,-2.5679854860164886,706.5321576311186,885.137507559699,-0.1745,51.638329321913446,-8.273899093846078,0.165,-3.15010490369882,1.4806409842598058
10.29999999999998,-2.564857850952653,711.6997776841946,884.3100165586645,-0.1745,51.71407173960768,-8.275920926843686,0.165,-3.15010490369882,1.4806409842598058
10.399999999999979,-2.561898982006623,716.8749576135165,883.4822970088552,-0.1745,51.7895268468296,-8.278470069342141,0.165,-3.15010490369882,1.4806409842598058
10.499999999999979,-2.5590671066300237,722.0576697330921,882.6543036177135,-0.1745,51.86471554468367,-8.28139775349227,0.165,-3.15010490369882,1.4806409842598058
10.599999999999978,-2.556332231561111,727.2478881545854,881.8260038753565,-0.1745,51.93965288518414,-8.28459709364832,0.165,-3.15010490369882,1.4806409842598058
10.699999999999978,-2.5536728182010493,732.4455882843786,880.9973744544424,-0.1745,52.014349710678246,-8.287991324633511,0.165,-3.15010490369882,1.4806409842598058
10.799999999999978,-2.5510733932955594,737.6507464617156,880.1683986216215,-0.1745,52.08881383606211,-8.291525331784536,0.165,-3.15010490369882,1.4806409842598058
10.899999999999977,-2.5485228326949647,742.8633396985534,879.3390643772991,-0.1745,52.16305090069405,-8.295159554661621,0.165,-3.15010490369882,1.4806409842598058
10.999999999999977,-2.546013129233624,748.0833454926822,878.5093631194899,-0.1745,52.23706498188118,-8.298865601522117,0.165,-3.15010490369882,1.4806409842598058
11.099999999999977,-2.5435385086348368,753.3107416935956,877.6792886846063,-0.1745,52.3108590363872,-8.302623096150096,0.165,-3.15010490369882,1.4806409842598058
11.199999999999976,-2.5410947954730734,758.5455064063137,876.8488366592011,-0.1745,52.38443521797646,-8.306417411952573,0.165,-3.15010490369882,1.4806409842598058
11.299999999999976,-2.5386789587074343,763.7876179224957,876.0180038863771,-0.1745,52.457795105661944,-8.310238044526638,0.165,-3.15010490369882,1.4806409842598058
11.399999999999975,-2.536288786100048,769.0370546711622,875.1867881119798,-0.1745,52.5309398676698,-8.314077443419713,0.165,-3.15010490369882,1.4806409842598058
11.499999999999975,-2.533922651090481,774.2937951835034,874.3551877311105,-0.1745,52.60387037915465,-8.317930173967195,0.165,-3.15010490369882,1.4806409842598058
11.599999999999975,-2.5315793459583102,779.5578180677942,873.5232016065987,-0.1745,52.67658730666007,-8.321792316268414,0.165,-3.15010490369882,1.4806409842598058
11.699999999999974,-2.529257962486894,784.8291019915613,872.6908289390634,-0.1745,52.74909116868142,-8.32566103443837,0.165,-3.15010490369882,1.4806409842598058
11.799999999999974,-2.527182564726957,790.1076256689486,871.8580691739386,-0.1745,52.82138237906516,-8.329534268058913,0.165,-3.15010490369882,1.4806409842598058
11.899999999999974,-2.524478208848585,795.3949927940315,871.0246354689799,-0.1745,52.92596012259401,-8.339139831114899,0.495,-3.15010490369882,1.4806409842598058
11.999999999999973,-2.521920317996507,800.6911854541161,870.1905849761025,-0.1745,52.99789307909626,-8.341870026433185,0.165,-3.15010490369882,1.4806409842598058
12.099999999999973,-2.519471889590556,805.9945584593936,869.3562447638018,-0.1745,53.06956702645511,-8.344934219581816,0.165,-3.15010490369882,1.4806409842598058
12.199999999999973,-2.5171065824312597,811.3050866036417,868.5215862793693,-0.1745,53.140995858507644,-8.348235469067236,0.165,-3.15010490369882,1.4806409842598058
12.299999999999972,-2.5148056416849043,816.6227458725987,867.6865892681982,-0.1745,53.21218952063068,-8.351704754354637,0.165,-3.15010490369882,1.4806409842598058
12.399999999999972,-2.512555708164462,821.9475131058103,866.851239383,-0.1745,53.28315514360193,-8.355292949608168,0.165,-3.15010490369882,1.4806409842598058
12.499999999999972,-2.5103472583964956,827.2793657556579,866.0155264806419,-0.1745,53.35389785334958,-8.358965097552172,0.165,-3.15010490369882,1.4806409842598058
12.599999999999971,-2.5081734944136933,832.6182817157691,865.1794434094454,-0.1745,53.42442134887345,-8.36269632637909,0.165,-3.15010490369882,1.4806409842598058
12.69999999999997,-2.5060295540209947,837.9642391989357,864.3429851461392,-0.1745,53.49472831446058,-8.366468939745605,0.165,-3.15010490369882,1.4806409842598058
12.79999999999997,-2.50391194931354,843.3172166503355,863.5061481819573,-0.1745,53.56482071353486,-8.370270343892935,0.165,-3.15010490369882,1.4806409842598058
12.89999999999997,-2.5018181676795077,848.6771926859126,862.6689300861708,-0.1745,53.63469999800816,-8.374091571837239,0.165,-3.15010490369882,1.4806409842598058
12.99999999999997,-2.4997463884109465,854.0441460486803,861.8313291959192,-0.1745,53.70436725734555,-8.3779262331935,0.165,-3.15010490369882,1.4806409842598058
13.09999999999997,-2.4976952815272706,859.4180555777798,860.9933443958964,-0.1745,53.77382332464379,-8.381769767263112,0.165,-3.15010490369882,1.4806409842598058
13.199999999999969,-2.4956638650327783,864.7989001866158,860.154974961929,-0.1745,53.843068852075476,-8.385618912084206,0.165,-3.15010490369882,1.4806409842598058
13.299999999999969,-2.493651403685749,870.1866588474453,859.316220449965,-0.1745,53.912104364513674,-8.38947132719515,0.165,-3.15010490369882,1.4806409842598058
13.399999999999968,-2.491657337242225,875.5813105805522,858.4770806173179,-0.1745,53.980930297623935,-8.393325325747591,0.165,-3.15010490369882,1.4806409842598058
13.499999999999968,-2.48968122961713,880.9828344466787,857.6375553668121,-0.1745,54.04954702490506,-8.39717968436891,0.165,-3.15010490369882,1.4806409842598058
13.599999999999968,-2.4877227328822302,886.3912095417675,856.7976447071798,-0.1745,54.11795487687131,-8.40103350827708,0.165,-3.15010490369882,1.4806409842598058
13.699999999999967,-2.485781561782611,891.8064149933435,855.957348724984,-0.1745,54.18615415464932,-8.404886135640211,0.165,-3.15010490369882,1.4806409842598058
13.799999999999967,-2.483857475706422,897.2284299580564,855.1166675647121,-0.1745,54.25414513960755,-8.408737069796313,0.165,-3.15010490369882,1.4806409842598058
13.899999999999967,-2.4819502659332295,902.6572336200452,854.2756014146602,-0.1745,54.32192810016891,-8.412585931241189,0.165,-3.15010490369882,1.4806409842598058
13.999999999999966,-2.4800597466189145,908.0928051898849,853.4341504969163,-0.1745,54.38950329662466,-8.416432423635461,0.165,-3.15010490369882,1.4806409842598058
14.099999999999966,-2.478185748424254,913.5351239039427,852.5923150602472,-0.1745,54.45687098453074,-8.42027630974858,0.165,-3.15010490369882,1.4806409842598058
14.199999999999966,-2.4763281140129862,918.9841690240241,851.7500953750376,-0.1745,54.52403141709933,-8.424117394442737,0.165,-3.15010490369882,1.4806409842598058
14.299999999999965,-2.474486694871266,924.439919837223,850.9074917296834,-0.1745,54.590984846878605,-8.42795551264164,0.165,-3.15010490369882,1.4806409842598058
14.399999999999965,-1.7699679069220122,929.9023556559133,850.06450442801,-0.1745,54.65773152692843,-8.43179052082725,0.165,-3.15010490369882,1.4806409842598058
14.499999999999964,-1.9813923063848171,935.3659890560801,849.3197016397573,-0.06225,54.61493647640847,-6.464265244224997,0.165,-3.15010490369882,1.4806409842598058
14.599999999999964,-2.1295904503175613,940.8264122892901,848.6441531511955,-0.1745,54.593528187790724,-7.046704527011581,0.165,-3.15010490369882,1.4806409842598058
14.699999999999964,-2.2331955940096235,946.2860577789957,847.9189132582286,-0.1745,54.59938160631902,-7.458093332326102,0.165,-3.15010490369882,1.4806409842598058
14.799999999999963,-2.305397863823125,951.7472179296155,847.1585721485507,-0.1745,54.62382140607886,-7.748728861233569,0.165,-3.15010490369882,1.4806409842598058
14.899999999999963,-2.355514467867272,957.2114596909549,846.3734253313605,-0.1745,54.661013820709094,-7.954207482570231,0.165,-3.15010490369882,1.4806409842598058
14.999999999999963,-2.23265881954972,962.6798596369383,845.5707301040123,-0.1745,54.70698509895921,-8.099697064393547,0.165,-3.15010490369882,1.4806409842598058
15.099999999999962,-2.3039444893197465,968.1545718013098,844.7774080377874,-0.1495,54.78725818846885,-7.766744260104674,0.165,-3.15010490369882,1.4806409842598058
15.199999999999962,-2.3533691741138045,973.6351452817368,843.9905604049875,-0.1745,54.82421142007109,-7.970208395892795,0.165,-3.15010490369882,1.4806409842598058
15.299999999999962,-2.38745452448096,979.1198501289105,843.1863443503375,-0.1745,54.86988552340277,-8.114112697106986,0.165,-3.15010490369882,1.4806409842598058
15.399999999999961,-1.7044064802222127,984.6094224017443,842.3698310814045,-0.1745,54.92155993327435,-8.216152681553357,0.165,-3.15010490369882,1.4806409842598058
15.499999999999961,-1.9348244784364947,990.1011769526365,841.6437498980606,-0.06225,54.91353108457073,-6.3054709853255595,0.495,-3.15010490369882,1.4806409842598058
15.59999999999996,-2.0961182131651186,995.5909626881433,840.9813559157717,-0.1745,54.882183625567386,-6.942408660451422,0.165,-3.15010490369882,1.4806409842598058
15.69999999999996,-2.2087404192179467,1001.0791291161335,840.2646679019439,-0.1745,54.8811449342356,-7.391351616106043,0.165,-3.15010490369882,1.4806409842598058
15.79999999999996,-2.2871466309243953,1006.5682206209347,839.5097087064075,-0.1745,54.90068516178842,-7.707832294621027,0.165,-3.15010490369882,1.4806409842598058
15.89999999999996,-2.34153113000797,1012.0599698623951,838.7277635430352,-0.1745,54.93429966741931,-7.93107097282536,0.165,-3.15010490369882,1.4806409842598058
15.99999999999996,-2.3793852433265044,1017.5555637767457,837.9267727065404,-0.1745,54.97757861959289,-8.088745757070107,0.165,-3.15010490369882,1.4806409842598058
16.09999999999996,-2.404712298571075,1023.0574427633379,837.112030687594,-0.1745,55.06000111225311,-8.206094621858139,0.495,-3.15010490369882,1.4806409842598058
16.19999999999996,-2.421901158779379,1028.56617000069,836.2875116988522,-0.1745,55.11454363478862,-8.284285152979473,0.165,-3.15010490369882,1.4806409842598058
16.29999999999996,-2.4334007619204954,1034.080505108357,835.4562910160827,-0.1745,55.17215851855443,-8.3401285024115,0.165,-3.15010490369882,1.4806409842598058
16.399999999999963,-2.4409268844598078,1039.6007058306643,834.6202688135355,-0.1745,55.23185592758828,-8.38031554853156,0.165,-3.15010490369882,1.4806409842598058
16.499999999999964,-2.4456807521093484,1045.126945936309,833.7807760051344,-0.1745,55.29294618530809,-8.40954061949177,0.165,-3.15010490369882,1.4806409842598058
16.599999999999966,-2.448502793727524,1050.6593406508173,832.9387442388877,-0.1745,55.354948104853825,-8.431094705442032,0.165,-3.15010490369882,1.4806409842598058
16.699999999999967,-2.4499806489145155,1056.1979643413388,832.0948253347759,-0.1745,55.417525705578065,-8.447283376793708,0.165,-3.15010490369882,1.4806409842598058
16.79999999999997,-2.4505249645679634,1061.7428628424254,831.2494751246218,-0.1745,55.480444316152926,-8.45972082628917,0.165,-3.15010490369882,1.4806409842598058
16.89999999999997,-2.4506948575612055,1067.2940620595114,830.4030122568569,-0.1745,55.543540025566095,-8.469536529009845,0.165,-3.15010490369882,1.4806409842598058
16.99999999999997,-2.449740328300105,1072.8531989218652,829.5553729466792,-0.1745,55.63919722150979,-8.483249674543472,0.495,-3.15010490369882,1.4806409842598058
17.099999999999973,-2.4486044006815613,1078.4202787748209,828.7067701815397,-0.1745,55.7023998376019,-8.488805628246853,0.165,-3.15010490369882,1.4806409842598058
17.199999999999974,-2.447346365091443,1083.9936727251873,827.8576391553725,-0.1745,55.765479169723925,-8.49381489509889,0.165,-3.15010490369882,1.4806409842598058
17.299999999999976,-2.4460075112936512,1089.5733672674528,827.0080263291512,-0.1745,55.828411675589116,-8.498441629324775,0.165,-3.15010490369882,1.4806409842598058
17.399999999999977,-2.4446165704439315,1095.1593469020922,826.1579642302512,-0.1745,55.89118101719791,-8.502800348675418,0.165,-3.15010490369882,1.4806409842598058
17.49999999999998,-2.443469741486103,1100.7515947474828,825.3074756678575,-0.1745,55.953775890615155,-8.506970899199725,0.165,-3.15010490369882,1.4806409842598058
17.59999999999998,-2.441625634420833,1106.3517179096557,824.456290210898,-0.1745,56.04868735284204,-8.516738239988989,0.495,-3.15010490369882,1.4806409842598058
17.69999999999998,-2.4401764208840344,1111.9597009509907,823.6044766779063,-0.1745,56.11097347386065,-8.519532419846085,0.165,-3.15010490369882,1.4806409842598058
17.799999999999983,-2.438132688400675,1117.575525439423,822.7520830618871,-0.1745,56.20551629478558,-8.528339900537231,0.495,-3.15010490369882,1.4806409842598058
17.899999999999984,-2.436277646483338,1123.1991708633325,821.8991429093055,-0.1745,56.267392183402386,-8.53046315109514,0.165,-3.15010490369882,1.4806409842598058
17.999999999999986,-2.4345573693072167,1128.8289903314571,821.0459661200166,-0.1745,56.328997179092674,-8.533072634683768,0.165,-3.15010490369882,1.4806409842598058
18.099999999999987,-2.4329344006111118,1134.464957865708,820.1925115921271,-0.1745,56.39035350592052,-8.536017923107142,0.165,-3.15010490369882,1.4806409842598058
18.19999999999999,-2.431382726402289,1140.1070493768013,819.3387509720138,-0.1745,56.4514767159496,-8.539194479157866,0.165,-3.15010490369882,1.4806409842598058
18.29999999999999,-2.429884278767052,1145.7552420985041,818.4846647638676,-0.1745,56.512377718106386,-8.542529683767311,0.165,-3.15010490369882,1.4806409842598058
18.39999999999999,-2.428426505554247,1151.4095141940104,817.6302396242932,-0.1745,56.573064192019444,-8.545973107720982,0.165,-3.15010490369882,1.4806409842598058
18.499999999999993,-2.4270006817374012,1157.0698444822458,816.7754664818286,-0.1745,56.63354157269014,-8.549489741570364,0.165,-3.15010490369882,1.4806409842598058
18.599999999999994,-2.425600736638308,1162.7362122476748,815.9203392304339,-0.1745,56.69381373588854,-8.553055286325133,0.165,-3.15010490369882,1.4806409842598058
18.699999999999996,-2.424222439787984,1168.4085971082184,815.0648538221618,-0.1745,56.7538834749822,-8.556652879116854,0.165,-3.15010490369882,1.4806409842598058
18.799999999999997,-2.4228628360070275,1174.0869789235921,814.209007637325,-0.1745,56.81375283249531,-8.560270817618079,0.165,-3.15010490369882,1.4806409842598058
18.9,-2.4215198535917644,1179.7713377317439,813.3527990474796,-0.1745,56.873423330539794,-8.563900979290127,0.165,-3.15010490369882,1.4806409842598058
19.0,-2.420192032683708,1185.461653704815,812.4962271123252,-0.1745,56.932896130883535,-8.567537723798742,0.165,-3.15010490369882,1.4806409842598058
19.1,-2.41887833704171,1191.1579071186634,811.6392913695722,-0.1745,56.99217214608581,-8.571177131259944,0.165,-3.15010490369882,1.4806409842598058
19.200000000000003,-2.4175780236661804,1196.8600783317986,810.7819916893192,-0.1745,57.051252116619686,-8.574816473800785,0.165,-3.15010490369882,1.4806409842598058
19.300000000000004,-2.416290552534119,1202.5681477708479,809.9243281731722,-0.1745,57.11013666436361,-8.57845384913935,0.165,-3.15010490369882,1.4806409842598058
19.400000000000006,-2.4150155241317863,1208.28209592055,809.066301084384,-0.1745,57.16882632968282,-8.58208792662316,0.165,-3.15010490369882,1.4806409842598058
19.500000000000007,-2.413752636243045,1214.0019033168903,808.2079107994883,-0.1745,57.22732159712053,-8.585717771289994,0.165,-3.15010490369882,1.4806409842598058
19.60000000000001,-2.4125016540702973,1219.7275505424057,807.3491577748221,-0.1745,57.28562291318657,-8.589342722035113,0.165,-3.15010490369882,1.4806409842598058
19.70000000000001,-2.4112623895827405,1225.4590182229983,806.4900425233561,-0.1745,57.343730698666135,-8.59296230728277,0.165,-3.15010490369882,1.4806409842598058
19.80000000000001,-2.4100346872479044,1231.1962870257883,805.6305655986598,-0.1745,57.401645357130064,-8.596576186642329,0.165,-3.15010490369882,1.4806409842598058
19.900000000000013,-2.408818414177047,1236.9393376576854,804.7707275837997,-0.1745,57.45936728081357,-8.600184110559516,0.165,-3.15010490369882,1.4806409842598058
20.000000000000014,-2.4076134533212574,1242.6881508644597,803.9105290836505,-0.1745,57.51689685467259,-8.603785892424254,0.165,-3.15010490369882,1.4806409842598058
20.100000000000016,-2.406419698775175,1248.4427074301523,803.0499707195645,-0.1745,57.57423445917881,-8.60738138929729,0.165,-3.15010490369882,1.4806409842598058
20.200000000000017,-2.405237052536161,1254.2029881767232,802.1890531256697,-0.1745,57.631380472241986,-8.610970488597568,0.165,-3.15010490369882,1.4806409842598058
20.30000000000002,-2.4040654222680953,1259.9689739638618,801.3277769462943,-0.1745,57.688335270528796,-8.614553098910207,0.165,-3.15010490369882,1.4806409842598058
20.40000000000002,-2.402904719758342,1265.7406456889064,800.4661428341667,-0.1745,57.74509923036469,-8.618129143641742,0.165,-3.15010490369882,1.4806409842598058
20.50000000000002,-2.4017548598527703,1271.517984286842,799.6041514491525,-0.1745,57.80167272834754,-8.621698556641906,0.165,-3.15010490369882,1.4806409842598058
20.600000000000023,-2.4006157597203486,1277.3009707303474,798.7418034573612,-0.1745,57.85805614176243,-8.62526127918307,0.165,-3.15010490369882,1.4806409842598058
20.700000000000024,-2.399487338344847,1283.0895860298785,797.8790995305083,-0.1745,57.91424984885915,-8.628817257876541,0.165,-3.15010490369882,1.4806409842598058
20.800000000000026,-2.3983695161729814,1288.8838112337733,797.0160403454527,-0.1745,57.97025422903503,-8.632366443235117,0.165,-3.15010490369882,1.4806409842598058
20.900000000000027,-2.39726221487029,1294.6836274283726,796.1526265838569,-0.1745,58.02606966295261,-8.635908788681176,0.165,-3.15010490369882,1.4806409842598058
21.00000000000003,-2.396165357151168,1300.4890157381508,795.2888589319298,-0.1745,58.081696532612376,-8.639444249861869,0.165,-3.15010490369882,1.4806409842598058
21.10000000000003,-2.3953816681499385,1306.2999573258512,794.4247380802279,-0.1745,58.13713522139461,-8.642972784175846,0.165,-3.15010490369882,1.4806409842598058
21.20000000000003,-2.3939161709310417,1312.1180583348503,793.5599782575051,-0.1745,58.22488495858608,-8.652223670280833,0.495,-3.15010490369882,1.4806409842598058
21.300000000000033,-2.3925863218703993,1317.9433028993535,792.6946378373846,-0.1745,58.28000633148002,-8.654584732130019,0.165,-3.15010490369882,1.4806409842598058
21.400000000000034,-2.3913522940525707,1323.7740475703515,791.8290434617181,-0.1745,58.334887088479235,-8.657302781198778,0.165,-3.15010490369882,1.4806409842598058
21.500000000000036,-2.390186832349133,1329.6102691559133,790.9631651889472,-0.1745,58.38954462275617,-8.660262674219066,0.165,-3.15010490369882,1.4806409842598058
21.600000000000037,-2.3890712856147656,1335.451945935473,790.096982775584,-0.1745,58.44399096843695,-8.663385593044392,0.165,-3.15010490369882,1.4806409842598058
21.70000000000004,-2.3879928888356536,1341.299057208242,789.2304826157485,-0.1745,58.49823448694127,-8.66661760366524,0.165,-3.15010490369882,1.4806409842598058
21.80000000000004,-2.3869429022211475,1347.1515829837879,788.3636556449769,-0.1745,58.55228102397946,-8.66992181176758,0.165,-3.15010490369882,1.4806409842598058
21.90000000000004,-2.3859153375625755,1353.009503770135,787.4964959050668,-0.1745,58.60613470296349,-8.673272986434256,0.165,-3.15010490369882,1.4806409842598058
22.000000000000043,-2.3849060868850644,1358.8728004287245,786.6289995618982,-0.1745,58.65979846882592,-8.676653876936717,0.165,-3.15010490369882,1.4806409842598058
22.100000000000044,-2.3839123265674536,1364.7414540751954,785.7611642335277,-0.1745,58.71327446059019,-8.68005269047368,0.165,-3.15010490369882,1.4806409842598058
22.200000000000045,-2.3829321100100325,1370.61544601155,784.892988530722,-0.1745,58.76656426650229,-8.683461365639332,0.165,-3.15010490369882,1.4806409842598058
22.300000000000047,-2.381964089303238,1376.4947576798081,784.0244717428866,-0.1745,58.81966909866336,-8.686874391069955,0.165,-3.15010490369882,1.4806409842598058
22.40000000000005,-2.381007325120124,1382.3793706303668,783.1556136234605,-0.1745,58.872589912508616,-8.690287997453735,0.165,-3.15010490369882,1.4806409842598058
22.50000000000005,-2.380061156920272,1388.2692665004179,782.2864142433313,-0.1745,58.92532748851471,-8.693699605130604,0.165,-3.15010490369882,1.4806409842598058
22.60000000000005,-2.3791251143668104,1394.1644269992462,781.4168738907454,-0.1745,58.977882488050646,-8.697107446586518,0.165,-3.15010490369882,1.4806409842598058
22.700000000000053,-2.3781988568944206,1400.0648338982255,780.5469930029873,-0.1745,59.030255491536415,-8.700510308574408,0.165,-3.15010490369882,1.4806409842598058
22.800000000000054,-1.6228922577376985,1405.9704690240274,779.6767721197573,-0.1745,59.082447024500794,-8.703907356025168,0.165,-3.15010490369882,1.4806409842598058
22.900000000000055,-1.8664366193348,1411.877979785924,778.9199313162793,-0.06225,59.06776821343194,-6.432908713535035,0.495,-3.15010490369882,1.4806409842598058
23.000000000000057,-2.0321378123481573,1417.7817191373065,778.2406223740932,-0.1745,59.00701881421891,-7.153270130186852,0.165,-3.15010490369882,1.4806409842598058
23.10000000000006,-2.144665806284795,1423.6812689615845,777.5006770501901,-0.1745,58.983977671342636,-7.645636347872886,0.165,-3.15010490369882,1.4806409842598058
23.20000000000006,-2.220924281834949,1429.579755424555,776.7192821367851,-0.1745,58.98575158806953,-7.982261920227925,0.165,-3.15010490369882,1.4806409842598058
23.30000000000006,-2.2724726615478046,1435.479242888554,775.9095401265165,-0.1745,59.003997691909,-8.212578285143401,0.165,-3.15010490369882,1.4806409842598058
23.400000000000063,-2.3072029986172686,1441.3811043620403,775.080391648792,-0.1745,59.03323177781959,-8.370391269346673,0.165,-3.15010490369882,1.4806409842598058
23.500000000000064,-2.330496546718398,1447.2862564094494,774.2379321718361,-0.1745,59.069809170361076,-8.478798269771335,0.165,-3.15010490369882,1.4806409842598058
23.600000000000065,-2.3460187601574436,1453.1953113435811,773.386314076954,-0.1745,59.11128951227322,-8.55356362786858,0.165,-3.15010490369882,1.4806409842598058
23.700000000000067,-2.3562642675944105,1459.1086773473635,772.52836408039,-0.1745,59.15603056337377,-8.605436303411613,0.165,-3.15010490369882,1.4806409842598058
23.800000000000068,-2.3629296606363765,1465.0266250504142,771.6660052997973,-0.1745,59.20292349763865,-8.641739308442052,0.165,-3.15010490369882,1.4806409842598058
23.90000000000007,-2.3671680839636835,1470.949332128023,770.8005454339467,-0.1745,59.2512180545372,-8.667458008571328,0.165,-3.15010490369882,1.4806409842598058
24.00000000000007,-2.3697628842831433,1476.8769133276455,769.9328733236073,-0.1745,59.300405937917645,-8.68598419821728,0.165,-3.15010490369882,1.4806409842598058
24.100000000000072,-2.3712459335244747,1482.8094407518556,769.0635929041576,-0.1745,59.35014254628599,-8.699624190774516,0.165,-3.15010490369882,1.4806409842598058
24.200000000000074,-2.3719781882646855,1488.7469575891607,768.1931144242152,-0.1745,59.400194199818365,-8.709945408074507,0.165,-3.15010490369882,1.4806409842598058
24.300000000000075,-2.3722045008293806,1494.6894874218444,767.321716523749,-0.1745,59.4504024538552,-8.7180126012486,0.165,-3.15010490369882,1.4806409842598058
24.400000000000077,-2.372090889849248,1500.6370405405946,766.4495884570298,-0.1745,59.500659921149506,-8.724548733137201,0.165,-3.15010490369882,1.4806409842598058
24.500000000000078,-2.371749870285247,1506.589618230266,765.5768587962668,-0.1745,59.55089387227875,-8.73004448212254,0.165,-3.15010490369882,1.4806409842598058
24.60000000000008,-2.371257660085972,1512.5472156791056,764.7036149354412,-0.1745,59.60105510451504,-8.734832734390094,0.165,-3.15010490369882,1.4806409842598058
24.70000000000008,-2.3706658633785906,1518.5098239535396,763.8299163370478,-0.1745,59.65111038416576,-8.739139233477736,0.165,-3.15010490369882,1.4806409842598058
24.800000000000082,-2.3700093998530107,1524.4774313384823,762.9558035252543,-0.1745,59.7010373146907,-8.743117002394369,0.165,-3.15010490369882,1.4806409842598058
24.900000000000084,-2.369311884197261,1530.4500242468275,762.0813041887836,-0.1745,59.7508208522107,-8.746869727019028,0.165,-3.15010490369882,1.4806409842598058
25.000000000000085,-2.3685892741204566,1536.4275878364367,761.2064373207328,-0.1745,59.80045093997344,-8.750467633998921,0.165,-3.15010490369882,1.4806409842598058
25.100000000000087,-2.36785234324497,1542.4101064285771,760.3312160256443,-0.1745,59.84992090283498,-8.753958267772646,0.165,-3.15010490369882,1.4806409842598058
25.200000000000088,-2.367108356750628,1548.3975637916133,759.4556494221334,-0.1745,59.899226357886164,-8.757373802444349,0.165,-3.15010490369882,1.4806409842598058
25.30000000000009,-2.366362206357013,1554.389943333284,758.5797439319771,-0.1745,59.94836447552762,-8.760736000683234,0.165,-3.15010490369882,1.4806409842598058
25.40000000000009,-2.365617178795912,1560.3872282309817,757.7035041531673,-0.1745,59.99733347842465,-8.764059575513276,0.165,-3.15010490369882,1.4806409842598058
25.500000000000092,-2.364875475927481,1566.389401519997,756.8269334509675,-0.1745,60.04613230188101,-8.767354468481939,0.165,-3.15010490369882,1.4806409842598058
25.600000000000094,-2.36413856662947,1572.3964461532764,755.9500343578986,-0.1745,60.09476036371035,-8.770627392896564,0.165,-3.15010490369882,1.4806409842598058
25.700000000000095,-2.363407424780062,1578.4083450418798,755.0728088443132,-0.1745,60.143217408358545,-8.773882878811996,0.165,-3.15010490369882,1.4806409842598058
25.800000000000097,-2.191342217002439,1584.4250810823655,754.1952585013545,-0.1745,60.19150340135746,-8.777123980361573,0.165,-3.15010490369882,1.4806409842598058
25.900000000000098,-2.246808750899302,1590.4501026376913,753.3432267124472,-0.1495,60.30892770515971,-8.263511797785261,0.495,-3.15010490369882,1.4806409842598058
26.0000000000001,-2.283905548010267,1596.4821093190576,752.5082699058041,-0.1745,60.33120592216821,-8.435624335075598,0.165,-3.15010490369882,1.4806409842598058
26.1000000000001,-2.30862990178263,1602.5167589966627,751.6588595745897,-0.1745,60.36178762993198,-8.55258228921381,0.165,-3.15010490369882,1.4806409842598058
26.200000000000102,-2.3250272747462923,1608.5547416685156,750.7996129586778,-0.1745,60.39786580712464,-8.63235002902383,0.165,-3.15010490369882,1.4806409842598058
26.300000000000104,-2.3358242575465833,1614.5965135330446,749.9336426494507,-0.1745,60.437571483455635,-8.687056155518498,0.165,-3.15010490369882,1.4806409842598058
26.400000000000105,-2.3428572768781524,1620.6423748915968,749.0630457127212,-0.1745,60.47965568758695,-8.724882579072402,0.165,-3.15010490369882,1.4806409842598058
26.500000000000107,-2.3473624887483506,1626.6925217667201,748.1892343373253,-0.1745,60.52328181488096,-8.751344928846928,0.165,-3.15010490369882,1.4806409842598058
26.600000000000108,-2.3501715596779604,1632.7470802914725,747.3131591315266,-0.1745,60.56788868016616,-8.7701591871254,0.165,-3.15010490369882,1.4806409842598058
26.70000000000011,-2.351843759715142,1638.8061297032004,746.4354597944534,-0.1745,60.61309955439156,-8.783827554337412,0.165,-3.15010490369882,1.4806409842598058
26.80000000000011,-2.3530832135710904,1644.8697177538493,745.5565667110928,-0.1745,60.65866145858558,-8.794034112875254,0.165,-3.15010490369882,1.4806409842598058
26.900000000000112,-2.353110729070301,1650.9394959952217,744.6764829484586,-0.1745,60.7369033688629,-8.807641139810817,0.495,-3.15010490369882,1.4806409842598058
27.000000000000114,-2.352924817587513,1657.0154795512412,743.7954611633626,-0.1745,60.782767751527295,-8.81279456210826,0.165,-3.15010490369882,1.4806409842598058
27.100000000000115,-2.352598125271731,1663.096046249898,742.9139578382575,-0.1745,60.828566221610686,-8.817271939992509,0.165,-3.15010490369882,1.4806409842598058
27.200000000000117,-2.3521793823092616,1669.1811878723324,742.0320295931198,-0.1745,60.874266227073896,-8.82129296276144,0.165,-3.15010490369882,1.4806409842598058
27.300000000000118,-2.35170125973938,1675.2708934861205,741.149714687331,-0.1745,60.91984604868749,-8.825005153013844,0.165,-3.15010490369882,1.4806409842598058
27.40000000000012,-2.3511856491333374,1681.3651503509034,740.267039052861,-0.1745,60.965291246969684,-8.828507536383789,0.165,-3.15010490369882,1.4806409842598058
27.50000000000012,-1.5735783111599977,1687.4639445269106,739.3840203480428,-0.1745,61.01059227317612,-8.83186655998201,0.165,-3.15010490369882,1.4806409842598058
27.600000000000122,-1.8318281756276527,1693.5658222178847,738.6212872059884,-0.06225,61.02696154630824,-6.42279628110598,0.8300000000000001,-3.15010490369882,1.4806409842598058
27.700000000000124,-2.005143715770577,1699.6645273120332,737.9396435841157,-0.1745,60.94714033666142,-7.210076156346926,0.165,-3.15010490369882,1.4806409842598058
27.800000000000125,-2.1212768329594227,1705.7574063348857,737.1921282545846,-0.1745,60.91044012038653,-7.7402304342746735,0.165,-3.15010490369882,1.4806409842598058
27.900000000000126,-2.1989645227293093,1711.8480116248716,736.4002497147604,-0.1745,60.901665679330215,-8.097340362208682,0.165,-3.15010490369882,1.4806409842598058
28.000000000000128,-2.250833521559291,1717.9386525932978,735.5784799788797,-0.1745,60.91115368919539,-8.338054355404536,0.165,-3.15010490369882,1.4806409842598058
28.10000000000013,-2.285379736133303,1724.0308429048569,734.7365504004234,-0.1745,60.932652541988354,-8.500537213720383,0.165,-3.15010490369882,1.4806409842598058
28.20000000000013,-2.3083126095595743,1730.1255790358537,733.8809995204697,-0.1745,60.96207007794936,-8.610480385353819,0.165,-3.15010490369882,1.4806409842598058
28.300000000000132,-2.3234652791984227,1736.2235178567296,733.0162173966243,-0.1745,60.99670633957137,-8.685162091554801,0.165,-3.15010490369882,1.4806409842598058
28.400000000000134,-2.333409174289101,1742.3250916987952,732.1451496882994,-0.1745,61.034770501741754,-8.73619207494338,0.165,-3.15010490369882,1.4806409842598058
28.500000000000135,-2.339868201001153,1748.430583756436,731.2697718226084,-0.1745,61.07507065107254,-8.771365238875791,0.165,-3.15010490369882,1.4806409842598058
28.600000000000136,-2.343997441185911,1754.5401778769726,730.3914079749226,-0.1745,61.11681175966074,-8.795911714841392,0.165,-3.15010490369882,1.4806409842598058
28.700000000000138,-2.3465704655910007,1760.6539916068375,729.5109454511158,-0.1745,61.15946283763524,-8.813338761294109,0.165,-3.15010490369882,1.4806409842598058
28.80000000000014,-2.3481051123434318,1766.7720981986674,728.6289786568251,-0.1745,61.20266899896497,-8.825997124519903,0.165,-3.15010490369882,1.4806409842598058
28.90000000000014,-2.3489478839576017,1772.8945412986213,727.7459057163185,-0.1745,61.24619300011186,-8.835461685611849,0.165,-3.15010490369882,1.4806409842598058
29.000000000000142,-2.349330543168912,1779.0213447617039,726.8619932772691,-0.1745,61.28987626153885,-8.84278709537493,0.165,-3.15010490369882,1.4806409842598058
29.100000000000144,-2.349408045784183,1785.1525192163708,725.977419955286,-0.1745,61.333612831799975,-8.848679344286518,0.165,-3.15010490369882,1.4806409842598058
29.200000000000145,-2.3492839530545715,1791.2880664568286,725.0923054456135,-0.1745,61.377331977353904,-8.85361084916383,0.165,-3.15010490369882,1.4806409842598058
29.300000000000146,-2.3490274489797556,1797.427982382348,724.2067300224364,-0.1745,61.42098653303425,-8.857897614377961,0.165,-3.15010490369882,1.4806409842598058
29.400000000000148,-2.348684731357236,1803.5722589642346,723.3207475945775,-0.1745,61.46454510469566,-8.861750942800366,0.165,-3.15010490369882,1.4806409842598058
29.50000000000015,-2.348286633837326,1809.720885561957,722.434394443605,-0.1745,61.50798684975102,-8.865312076648202,0.165,-3.15010490369882,1.4806409842598058
29.60000000000015,-2.347853724174893,1815.8738498036198,721.5476950700637,-0.1745,61.55129798350786,-8.86867539417799,0.165,-3.15010490369882,1.4806409842598058
29.700000000000152,-2.347399713136273,1822.0311381748465,720.6606661034955,-0.1745,61.594469441024856,-8.87190393718609,0.165,-3.15010490369882,1.4806409842598058
29.800000000000153,-2.346933733037761,1828.1927364125297,719.7733189165814,-0.1745,61.63749531263854,-8.87503980109661,0.165,-3.15010490369882,1.4806409842598058
29.900000000000155,-2.346461860209193,1834.358629768033,718.8856613722807,-0.1745,61.680371797428215,-8.878111084919201,0.165,-3.15010490369882,1.4806409842598058
30.000000000000156,-2.3459881319172187,1840.528803183072,717.9976989911116,-0.1745,61.72309650334796,-8.881136538462233,0.165,-3.15010490369882,1.4806409842598058
30.100000000000158,-2.3455152253833127,1846.703241407206,717.1094357307537,-0.1745,61.765667979332505,-8.884128668695245,0.165,-3.15010490369882,1.4806409842598058
30.20000000000016,-2.345044911022533,1852.881929076302,716.2208745065471,-0.1745,61.808085402585746,-8.887095815436593,0.165,-3.15010490369882,1.4806409842598058
30.30000000000016,-2.344578354874352,1859.0648507649137,715.3320175388822,-0.1745,61.85034836965008,-8.890043537863978,0.165,-3.15010490369882,1.4806409842598058
30.400000000000162,-2.3441163203365196,1865.251991021239,714.4428665849712,-0.1745,61.892456756858685,-8.892975540355456,0.165,-3.15010490369882,1.4806409842598058
30.500000000000163,-2.3436593026846646,1871.44333439044,713.5534230934279,-0.1745,61.93441062715924,-8.895894290509196,0.165,-3.15010490369882,1.4806409842598058
30.600000000000165,-2.3432076187421274,1877.6388654301938,712.6636883073252,-0.1745,61.9762101679191,-8.898801431546147,0.165,-3.15010490369882,1.4806409842598058
30.700000000000166,-1.5545566901052075,1883.838568721061,711.7736633328773,-0.1745,62.017855649423026,-8.901698057412338,0.165,-3.15010490369882,1.4806409842598058
30.800000000000168,-1.8205683295596304,1890.0394349984024,711.0078135569927,-0.06225,61.99946989740495,-6.415297460279426,0.495,-3.15010490369882,1.4806409842598058
30.90000000000017,-1.9978625512579982,1896.2348886396949,710.325135275716,-0.1745,61.9096029284434,-7.23826816525434,0.165,-3.15010490369882,1.4806409842598058
31.00000000000017,-2.1158605513583186,1902.4236591195324,709.5738056222882,-0.1745,61.86580666830744,-7.788324903300755,0.165,-3.15010490369882,1.4806409842598058
31.100000000000172,-2.1942797713206703,1908.6095297396018,708.7765853867575,-0.1745,61.85160573307933,-8.156079807314732,0.165,-3.15010490369882,1.4806409842598058
31.200000000000173,-2.246310315418806,1914.7949407354643,707.9486757113308,-0.1745,61.85661418416788,-8.402113701219413,0.165,-3.15010490369882,1.4806409842598058
31.300000000000175,-2.2807624405365563,1920.9814797797017,707.1002232815335,-0.1745,61.87416670058068,-8.566934894725925,0.165,-3.15010490369882,1.4806409842598058
31.400000000000176,-2.3035138513642357,1927.1701847853515,706.2379960223528,-0.1745,61.89993341241608,-8.677610288888426,0.165,-3.15010490369882,1.4806409842598058
31.500000000000178,-2.318482118785439,1933.3617353828163,705.366505051462,-0.1745,61.93107853688212,-8.752209128927152,0.165,-3.15010490369882,1.4806409842598058
31.60000000000018,-2.3282763914366917,1939.556576047895,704.4887554057533,-0.1745,61.965734764692826,-8.802783785246724,0.165,-3.15010490369882,1.4806409842598058
31.70000000000018,-2.334633321189727,1945.7549961956734,703.6067478463273,-0.1745,62.00266819087446,-8.83736740327398,0.165,-3.15010490369882,1.4806409842598058
31.800000000000182,-2.3387082210696293,1951.9571826880567,702.721813931545,-0.1745,62.041061656792046,-8.861310892372197,0.165,-3.15010490369882,1.4806409842598058
31.900000000000183,-2.341269314000684,1958.1632544349927,701.8348395565954,-0.1745,62.08037328192879,-8.878176606619794,0.165,-3.15010490369882,1.4806409842598058
32.000000000000185,-2.342827215305448,1964.3732852731034,700.9464139731633,-0.1745,62.120243480287115,-8.890335062022102,0.165,-3.15010490369882,1.4806409842598058
32.100000000000186,-2.3437211836223275,1970.5873191259695,700.0569290691326,-0.1745,62.16043357703495,-8.8993630185922,0.165,-3.15010490369882,1.4806409842598058
32.20000000000019,-2.344176541630518,1976.8053800633745,699.1666454752801,-0.1745,62.200785171066144,-8.906308858456855,0.165,-3.15010490369882,1.4806409842598058
32.30000000000019,-2.3443428846899996,1983.0274789811094,698.275736562732,-0.1745,62.241193183632404,-8.911869392505677,0.165,-3.15010490369882,1.4806409842598058
32.40000000000019,-2.344319494463731,1989.253618038506,697.3843177132674,-0.1745,62.28158796429787,-8.91650759678818,0.165,-3.15010490369882,1.4806409842598058
32.50000000000019,-2.344172235541216,1995.4837936068736,696.4924657845017,-0.1745,62.32192340305594,-8.920530978525088,0.165,-3.15010490369882,1.4806409842598058
32.60000000000019,-2.343944785255437,2001.7179982285386,695.6002320497905,-0.1745,62.36216903024259,-8.924143715699692,0.165,-3.15010490369882,1.4806409842598058
32.700000000000195,-2.344349637142268,2007.9562219183533,694.7076507972979,-0.1745,62.40230476605218,-8.927481334152855,0.165,-3.15010490369882,1.4806409842598058
32.800000000000196,-2.343300357811271,2014.2017275330018,693.8141677700936,-0.1745,62.50780752691861,-8.94217920993281,0.8300000000000001,-3.15010490369882,1.4806409842598058
32.9000000000002,-2.3424849010763835,2020.454507587055,692.9199157702533,-0.1745,62.547793554148555,-8.94286078687308,0.165,-3.15010490369882,1.4806409842598058
33.0000000000002,-2.341825964320447,2026.7112734416226,692.0255604640124,-0.1745,62.587523537199274,-8.944245337944388,0.165,-3.15010490369882,1.4806409842598058
33.1000000000002,-2.3412723676484246,2032.9720013345593,691.1310435761382,-0.1745,62.62703432153756,-8.946092419541346,0.165,-3.15010490369882,1.4806409842598058
33.2000000000002,-2.340790232731063,2039.2366705739921,690.2363268164054,-0.1745,62.66635046711707,-8.94824277511505,0.165,-3.15010490369882,1.4806409842598058
33.3000000000002,-2.3403571369919,2045.5052625167302,689.3413851299306,-0.1745,62.70548838764738,-8.950590954380607,0.165,-3.15010490369882,1.4806409842598058
33.400000000000205,-2.339958240708206,2051.777759890981,688.4462022244034,-0.1745,62.744459097367574,-8.953067156165211,0.165,-3.15010490369882,1.4806409842598058
33.500000000000206,-2.3395837219518283,2058.0541463474965,687.5507676070285,-0.1745,62.78327003293939,-8.955625191330638,0.165,-3.15010490369882,1.4806409842598058
33.60000000000021,-2.339227078238262,2064.334406162213,686.6550746221956,-0.1745,62.82192626138636,-8.958234505329992,0.165,-3.15010490369882,1.4806409842598058
33.70000000000021,-2.3388840023727218,2070.6185240393156,685.7591191522865,-0.1745,62.86043128067151,-8.960874892849988,0.165,-3.15010490369882,1.4806409842598058
33.80000000000021,-2.338551638588365,2076.906484980854,684.8628987577874,-0.1745,62.89878755010233,-8.963532997131596,0.165,-3.15010490369882,1.4806409842598058
33.90000000000021,-2.3382280904762878,2083.19827420044,683.9664121083281,-0.1745,62.9369968416187,-8.966199992056378,0.165,-3.15010490369882,1.4806409842598058
34.00000000000021,-2.3379120955761916,2089.4938770661397,683.0696586063327,-0.1745,62.97506047237411,-8.968870047850555,0.165,-3.15010490369882,1.4806409842598058
34.100000000000215,-2.3376028102458717,2095.793279062692,682.1726381381502,-0.1745,63.01297945867272,-8.971539315799642,0.165,-3.15010490369882,1.4806409842598058
34.200000000000216,-2.337299667479609,2102.0964657665168,681.2753509095296,-0.1745,63.05075461782156,-8.974205256611546,0.165,-3.15010490369882,1.4806409842598058
34.30000000000022,-2.3370022829671786,2108.403422829183,680.3777973368867,-0.1745,63.08838663549876,-8.976866196246995,0.165,-3.15010490369882,1.4806409842598058
34.40000000000022,-2.336710393044403,2114.714135966473,679.4799779754609,-0.1745,63.125876110298094,-8.979521032268579,0.165,-3.15010490369882,1.4806409842598058
34.50000000000022,-2.33642381372059,2121.0285909511463,678.5818934718594,-0.1745,63.163223583172304,-8.982169039759752,0.165,-3.15010490369882,1.4806409842598058
34.60000000000022,-2.336142413631323,2127.3467736081493,677.683544532717,-0.1745,63.20042955688763,-8.984809743090473,0.165,-3.15010490369882,1.4806409842598058
34.70000000000022,-2.3358660961888624,2133.668669811437,676.7849319040017,-0.1745,63.23749450887343,-8.987442831214675,0.165,-3.15010490369882,1.4806409842598058
34.800000000000225,-1.5333226436203562,2139.994265481866,675.886056357354,-0.1745,63.27441889970572,-8.990068101738242,0.165,-3.15010490369882,1.4806409842598058
34.900000000000226,-1.8092125138198853,2146.3190561844726,675.1162375627521,-0.06225,63.22139515242589,-6.406307790301614,0.165,-3.15010490369882,1.4806409842598058
35.00000000000023,-1.9925373526941215,2152.636051382367,674.4321433925364,-0.1745,63.11850880545884,-7.275575614011469,0.165,-3.15010490369882,1.4806409842598058
35.10000000000023,-2.1120623709441144,2158.9485314674225,673.6752329816597,-0.1745,63.13109289565124,-7.862632603523323,0.8300000000000001,-3.15010490369882,1.4806409842598058
35.20000000000023,-1.3908370498535794,2165.2605868971395,672.8700112970937,-0.1745,63.110015698692656,-8.241801087798578,0.165,-3.15010490369882,1.4806409842598058
35.30000000000023,-1.7162130243975886,2171.569214049545,672.1613575579604,-0.06225,63.06252734941023,-5.931273694866643,0.165,-3.15010490369882,1.4806409842598058
35.40000000000023,-1.932762913552151,2177.8690289295587,671.5171627108145,-0.1745,62.93377025086698,-6.952623248050844,0.165,-3.15010490369882,1.4806409842598058
35.500000000000234,-1.8971983246716984,2184.1622277792276,670.7874592572077,-0.1745,62.93020674251024,-7.641445824085806,0.8300000000000001,-3.15010490369882,1.4806409842598058
35.600000000000236,-2.050701246972788,2190.459975985807,670.0284955733031,-0.1495,63.02475738907628,-7.5378278540080785,0.8300000000000001,-3.15010490369882,1.4806409842598058
35.70000000000024,-2.151987534356689,2196.76056764625,669.250469843215,-0.1745,62.987075819786504,-8.022686747753301,0.165,-3.15010490369882,1.4806409842598058
35.80000000000024,-2.2187375793952704,2203.0587103989,668.4321343743092,-0.1745,62.97577923321481,-8.344022630362451,0.165,-3.15010490369882,1.4806409842598058
35.90000000000024,-2.262667650351447,2209.3565747967914,667.5870750587526,-0.1745,62.981508724615686,-8.557163680768682,0.165,-3.15010490369882,1.4806409842598058
36.00000000000024,-2.2915313817441247,2215.6555642703806,666.7242785026239,-0.1745,62.998280747167314,-8.698767441805384,0.165,-3.15010490369882,1.4806409842598058
36.10000000000024,-2.1320454191986338,2221.9565897316547,665.8496849991737,-0.1745,63.022228478317466,-8.793102627196319,0.165,-3.15010490369882,1.4806409842598058
36.200000000000244,-2.2053594787137407,2228.264158204505,664.9953429212009,-0.1495,63.12914097868059,-8.293738932261217,0.495,-3.15010490369882,1.4806409842598058
36.300000000000246,-2.2535756070424258,2234.577164534272,664.1542605441723,-0.1745,63.1309856166589,-8.527908608310637,0.165,-3.15010490369882,1.4806409842598058
36.40000000000025,-2.2852381077797785,2240.8909669131663,663.2937040664223,-0.1745,63.14506196122511,-8.683220946689616,0.165,-3.15010490369882,1.4806409842598058
36.50000000000025,-2.305990021018401,2247.2065738404967,662.420218889756,-0.1745,63.16707658538128,-8.7864825866343,0.165,-3.15010490369882,1.4806409842598058
36.60000000000025,-2.3195550577616997,2253.5246397766496,661.5381243827729,-0.1745,63.19424213767994,-8.855407553028096,0.165,-3.15010490369882,1.4806409842598058
36.70000000000025,-2.328388735679961,2259.8455888698236,660.6502693880386,-0.1745,63.224739725803225,-8.901692341657768,0.165,-3.15010490369882,1.4806409842598058
36.80000000000025,-2.3341093933223007,2266.169694781769,659.7585320218077,-0.1745,63.25737851310763,-8.933054982960138,0.165,-3.15010490369882,1.4806409842598058
36.900000000000254,-2.3377831175370627,2272.49713257014,658.8641500006433,-0.1745,63.291377254307505,-8.954585440326966,0.165,-3.15010490369882,1.4806409842598058
37.000000000000256,-2.3401119096459917,2278.8280125728006,657.9679387838976,-0.1745,63.326222798903004,-8.969638894587945,0.165,-3.15010490369882,1.4806409842598058
37.10000000000026,-2.341557854660565,2285.1624026069767,657.0704355352003,-0.1745,63.36157788462196,-8.980426079357631,0.165,-3.15010490369882,1.4806409842598058
37.20000000000026,-2.3424250093381165,2291.500342541724,656.1719940759375,-0.1745,63.39722081032202,-8.98840310589865,0.165,-3.15010490369882,1.4806409842598058
37.30000000000026,-2.342913379130813,2297.8418538754945,655.2728474846709,-0.1745,63.433005865084276,-8.994528719433406,0.165,-3.15010490369882,1.4806409842598058
37.40000000000026,-1.5382441226772958,2304.186946035275,654.3731493496533,-0.1745,63.46883733052269,-8.99943398091902,0.165,-3.15010490369882,1.4806409842598058
37.50000000000026,-1.816017395421933,2310.532813762614,653.602956751825,-0.06225,63.44851721625172,-6.4044179756481565,0.495,-3.15010490369882,1.4806409842598058
37.600000000000264,-1.999226726477844,2316.8723969535135,652.9186078590113,-0.1745,63.343146601742504,-7.282559880625623,0.165,-3.15010490369882,1.4806409842598058
37.700000000000266,-2.119921207830046,2323.2039799976233,652.1613340944504,-0.1745,63.28851428045144,-7.8629154105932395,0.165,-3.15010490369882,1.4806409842598058
37.80000000000027,-2.1993411711050608,2329.5317097244065,651.3558592924344,-0.1745,63.266080255216295,-8.24658062972512,0.165,-3.15010490369882,1.4806409842598058
37.90000000000027,-2.251539111831234,2335.858229249601,650.5185118606346,-0.1745,63.26431024867787,-8.500368006271682,0.165,-3.15010490369882,1.4806409842598058
38.00000000000027,-2.2857985558841536,2342.1852392979426,649.660070938451,-0.1745,63.27589071815175,-8.668450437400825,0.165,-3.15010490369882,1.4806409842598058
38.10000000000027,-2.3082454416451075,2348.513840066956,648.7876476564298,-0.1745,63.296124662123,-8.780015203021012,0.165,-3.15010490369882,1.4806409842598058
38.20000000000027,-2.3229184824969833,2354.844744786888,647.9059303020231,-0.1745,63.32196973651263,-8.854331885115059,0.165,-3.15010490369882,1.4806409842598058
38.300000000000274,-2.3324784462582633,2361.178415490021,647.0180080904544,-0.1745,63.35144432614965,-8.904112346259193,0.165,-3.15010490369882,1.4806409842598058
38.400000000000276,-2.3386772892117897,2367.515150359741,646.1259156367067,-0.1745,63.383253068242325,-8.937736728693158,0.165,-3.15010490369882,1.4806409842598058
38.50000000000028,-2.3426680194666485,2373.8551403775114,645.2309924810579,-0.1745,63.41654728716962,-8.960726384284083,0.165,-3.15010490369882,1.4806409842598058
38.60000000000028,-2.3452091473340797,2380.198506252609,644.3341202941613,-0.1745,63.45077021478578,-8.976717353647853,0.165,-3.15010490369882,1.4806409842598058
38.70000000000028,-2.3467994751773658,2386.545322579725,643.4358792708695,-0.1745,63.485556327536344,-8.988103112188414,0.165,-3.15010490369882,1.4806409842598058
38.80000000000028,-2.34776690541684,2392.8956336758574,642.5366511849412,-0.1745,63.52066559511385,-8.996458606375784,0.165,-3.15010490369882,1.4806409842598058
38.90000000000028,-1.5420149654838151,2399.2494639762594,641.6366872636298,-0.1745,63.55594041292711,-9.002819819852157,0.165,-3.15010490369882,1.4806409842598058
39.000000000000284,-1.8207052819759284,2405.6057088681446,640.8663358265889,-0.06225,63.568957424771874,-6.404208920968138,0.8300000000000001,-3.15010490369882,1.4806409842598058
39.100000000000286,-2.004358992388364,2411.9572721767354,640.181784580785,-0.1745,63.462308747046116,-7.286815995107857,0.165,-3.15010490369882,1.4806409842598058
39.20000000000029,-2.125243088404295,2418.300726947101,639.4239651577295,-0.1745,63.40678666026512,-7.8695724660013875,0.165,-3.15010490369882,1.4806409842598058
39.30000000000029,-2.2047223186925002,2424.640250100658,638.6177634503211,-0.1745,63.38367641087617,-8.254461682166324,0.165,-3.15010490369882,1.4806409842598058
39.40000000000029,-2.2569183916815847,2430.9785013050387,637.7795995008328,-0.1745,63.38134767673706,-8.508817307601065,0.165,-3.15010490369882,1.4806409842598058
39.50000000000029,-2.1120934388809105,2437.317190357486,636.92030289912,-0.1745,63.39243337221398,-8.677114726654564,0.165,-3.15010490369882,1.4806409842598058
39.60000000000029,-2.1957567244478975,2443.663130813068,636.0751654381662,-0.1495,63.52637573942578,-8.225634492420376,0.8300000000000001,-3.15010490369882,1.4806409842598058
39.700000000000294,-2.2506552213713498,2450.0155158416355,635.2391996075588,-0.1745,63.521324831922875,-8.493682119726797,0.165,-3.15010490369882,1.4806409842598058
39.800000000000296,-2.286634584335864,2456.3681066219974,634.3809754265387,-0.1745,63.53049077531824,-8.670801500674287,0.165,-3.15010490369882,1.4806409842598058
39.9000000000003,-2.310179365802081,2462.722073774038,633.5080315907812,-0.1745,63.548852265491696,-8.788075214475578,0.165,-3.15010490369882,1.4806409842598058
40.0000000000003,-2.325556524775733,2469.0781746993766,632.6253286200171,-0.1745,63.57316624127631,-8.865984200807349,0.165,-3.15010490369882,1.4806409842598058
40.1000000000003,-2.3355717915298264,2475.43689929797,631.7361287516508,-0.1745,63.60132573058316,-8.918013166517662,0.165,-3.15010490369882,1.4806409842598058
40.2000000000003,-2.342069007781478,2481.798563416444,630.8425763717369,-0.1745,63.63195663889664,-8.95303443176066,0.165,-3.15010490369882,1.4806409842598058
40.3000000000003,-2.34625931224514,2488.1633692824475,629.9460805385507,-0.1745,63.664160681178075,-8.97688223196198,0.165,-3.15010490369882,1.4806409842598058
40.400000000000304,-2.3489379209547248,2494.5314448054364,629.0475668685688,-0.1745,63.69734977859885,-8.993391167676508,0.165,-3.15010490369882,1.4806409842598058
40.500000000000306,-2.350626768494823,2500.9028692261286,628.1476432848606,-0.1745,63.7311386352473,-9.005080506487282,0.165,-3.15010490369882,1.4806409842598058
40.60000000000031,-2.351668305965923,2507.2776898947586,627.2467090221186,-0.1745,63.765274737351476,-9.013604748351703,0.165,-3.15010490369882,1.4806409842598058
40.70000000000031,-2.3522871487238954,2513.655933261851,626.3450262798034,-0.1745,63.799592604488836,-9.020050097951321,0.165,-3.15010490369882,1.4806409842598058
40.80000000000031,-2.352630576045302,2520.037612083847,625.4427673029418,-0.1745,63.833983835434026,-9.025129439281766,0.165,-3.15010490369882,1.4806409842598058
40.90000000000031,-2.3527951273363596,2526.422730149299,624.540045305857,-0.1745,63.86837747360832,-9.029310502413372,0.165,-3.15010490369882,1.4806409842598058
41.00000000000031,-2.352844061871381,2532.811285379411,623.6369347766968,-0.1745,63.902727128636265,-9.032900080791071,0.165,-3.15010490369882,1.4806409842598058
41.100000000000314,-2.352818816979459,2539.2032718621695,622.7334848051559,-0.1745,63.93700252653378,-9.036099350026829,0.165,-3.15010490369882,1.4806409842598058
41.200000000000315,-2.3527465253334396,2545.598681186744,621.8297278280289,-0.1745,63.971183964960666,-9.039040192512836,0.165,-3.15010490369882,1.4806409842598058
41.30000000000032,-2.3526449453089167,2551.9975033187343,620.9256853662914,-0.1745,64.00525867483755,-9.041809042237253,0.165,-3.15010490369882,1.4806409842598058
41.40000000000032,-2.352525693726235,2558.3997271741337,620.0213717875439,-0.1745,64.0392184331485,-9.044462532712839,0.165,-3.15010490369882,1.4806409842598058
41.50000000000032,-2.3523963648996453,2564.8053409956374,619.1167967727689,-0.1745,64.07305799692455,-9.047037762787665,0.165,-3.15010490369882,1.4806409842598058
41.60000000000032,-2.3522619192787224,2571.21433259929,618.2119669331496,-0.1745,64.10677407613551,-9.049559029599326,0.165,-3.15010490369882,1.4806409842598058
41.70000000000032,-2.35212559319299,2577.6266895361064,617.3068868695086,-0.1745,64.1403646601905,-9.052042243220773,0.165,-3.15010490369882,1.4806409842598058
41.800000000000324,-2.3519894946924964,2584.0423991979364,616.4015598663257,-0.1745,64.17382857641488,-9.05449782043812,0.165,-3.15010490369882,1.4806409842598058
41.900000000000325,-2.3518549936896553,2590.461448886791,615.4959883462495,-0.1745,64.2071652006757,-9.056932581083583,0.165,-3.15010490369882,1.4806409842598058
42.00000000000033,-2.3517229773454367,2596.8838258602136,614.590174167676,-0.1745,64.24037426777406,-9.059350990388086,0.165,-3.15010490369882,1.4806409842598058
42.10000000000033,-2.3515940171996457,2603.3095173609645,613.6841188195232,-0.1745,64.2734557472398,-9.061755972666926,0.165,-3.15010490369882,1.4806409842598058
42.20000000000033,-1.5372902853457495,2609.738510636426,612.7778235486846,-0.1745,64.30640976199004,-9.064149444102918,0.165,-3.15010490369882,1.4806409842598058
42.30000000000033,-1.8214468916586768,2616.166428075232,612.0045791606942,-0.06225,64.25193901413456,-6.400738315705446,0.165,-3.15010490369882,1.4806409842598058
42.40000000000033,-2.0077700698862975,2622.5859163298587,611.3190547204704,-0.1745,64.13782607839609,-7.309750488771419,0.165,-3.15010490369882,1.4806409842598058
42.500000000000334,-2.1298130598565566,2628.996664383763,610.5582307457616,-0.1745,64.07713499968524,-7.90672900540242,0.165,-3.15010490369882,1.4806409842598058
42.600000000000335,-2.2096744572333655,2635.4030268880056,609.7479492382136,-0.1745,64.0501150851696,-8.298901145560432,0.165,-3.15010490369882,1.4806409842598058
42.70000000000034,-2.2618842607981913,2641.8077610733008,608.9051704764047,-0.1745,64.04456862073485,-8.556674090617204,0.165,-3.15010490369882,1.4806409842598058
42.80000000000034,-2.295982479536292,2648.2126301574685,608.0410215764408,-0.1745,64.05281306262187,-8.726303908659453,0.165,-3.15010490369882,1.4806409842598058
42.90000000000034,-2.3182258072669,2654.6187680944254,607.1627981926671,-0.1745,64.06994567651721,-8.838163766815166,0.165,-3.15010490369882,1.4806409842598058
43.00000000000034,-2.3327140568007816,2661.0269058978897,606.275280903213,-0.1745,64.09281039276647,-8.912182022266308,0.165,-3.15010490369882,1.4806409842598058
43.10000000000034,-2.3421318847810664,2667.4375146162647,605.3816005924259,-0.1745,64.11936397473379,-8.961424193476445,0.165,-3.15010490369882,1.4806409842598058
43.200000000000344,-2.34823631479145,2673.8508967554844,604.4838068417384,-0.1745,64.14827880965811,-8.994450820272991,0.165,-3.15010490369882,1.4806409842598058
43.300000000000345,-2.3521767454839426,2680.267245211192,603.5832409136306,-0.1745,64.17869030449371,-9.016867741884372,0.165,-3.15010490369882,1.4806409842598058
43.40000000000035,-2.3547047909408683,2686.6866814584437,602.680780314224,-0.1745,64.21003464053854,-9.032344246248611,0.165,-3.15010490369882,1.4806409842598058
43.50000000000035,-2.1747396205537823,2693.1092803842603,601.7769990464423,-0.1745,64.24194387578983,-9.043281109384484,0.165,-3.15010490369882,1.4806409842598058
43.60000000000035,-2.2389201003404233,2699.5390470803973,600.901465335273,-0.1495,64.35339004695042,-8.467393114000672,0.495,-3.15010490369882,1.4806409842598058
43.70000000000035,-2.280770913041512,2705.974433011694,600.0442969820479,-0.1745,64.35432857898599,-8.675973950502543,0.165,-3.15010490369882,1.4806409842598058
43.80000000000035,-2.3208425207587684,2712.4104684639256,599.169847823436,-0.1745,64.36638046564494,-8.813009221734694,0.165,-3.3943954137308396,1.3801984716175137
43.900000000000354,-2.3468994516020243,2718.8477022451966,598.2819832682442,-0.1745,64.37829515977809,-8.944281882101803,0.165,-3.3943954137308396,1.3801984716175137
44.000000000000355,-2.3638266157217176,2725.286471269898,597.3832392425994,-0.1745,64.39708533424688,-9.030598630793564,0.165,-3.3943954137308396,1.3801984716175137
44.10000000000036,-2.3748093375938515,2731.7273399604624,596.4773289896247,-0.1745,64.42028847703958,-9.087606428701575,0.165,-3.3943954137308396,1.3801984716175137
44.20000000000036,-2.381923520838192,2738.1706700560994,595.5666729779399,-0.1745,64.4463134357038,-9.125513804994215,0.165,-3.3943954137308396,1.3801984716175137
44.30000000000036,-2.3865214316385774,2744.6166921908393,594.6528484178949,-0.1745,64.47412925909791,-9.150977395904416,0.165,-3.3943954137308396,1.3801984716175137
44.40000000000036,-2.3894836099121246,2751.0655519962756,593.7368827604439,-0.1745,64.50306684962605,-9.16833575311596,0.165,-3.3943954137308396,1.3801984716175137
44.50000000000036,-2.39138323134173,2757.517339916164,592.8194451993792,-0.1745,64.53269154814525,-9.180415468179582,0.165,-3.3943954137308396,1.3801984716175137
44.600000000000364,-2.392593280666791,2763.9721105371177,591.900971553727,-0.1745,64.56272087093018,-9.189057444863593,0.165,-3.3943954137308396,1.3801984716175137
44.700000000000365,-2.393356400219048,2770.429895141944,590.9817456687749,-0.1745,64.59297122559835,-9.195460254177688,0.165,-3.3943954137308396,1.3801984716175137
44.80000000000037,-2.3938303939974355,2776.890709869569,590.0619524543599,-0.1745,64.62332332689617,-9.200404034121506,0.165,-3.3943954137308396,1.3801984716175137
44.90000000000037,-2.3941178616346037,2783.3545610219935,589.1417124310956,-0.1745,64.65369972159533,-9.204396431165522,0.165,-3.3943954137308396,1.3801984716175137
45.00000000000037,-2.394285491046045,2789.8214485166745,588.2211042249171,-0.1745,64.68405017202434,-9.207767692405053,0.165,-3.3943954137308396,1.3801984716175137
45.10000000000037,-2.394376614888855,2796.2913681326104,587.3001792100354,-0.1745,64.71434214669235,-9.210732605230639,0.165,-3.3943954137308396,1.3801984716175137
45.20000000000037,-2.3944193805755707,2802.764312971571,586.3789710382456,-0.1745,64.74455463252436,-9.213430830565384,0.165,-3.3943954137308396,1.3801984716175137
45.300000000000374,-2.394432064787053,2809.2402744086166,585.4575018387543,-0.1745,64.7746741083872,-9.215953159260565,0.165,-3.3943954137308396,1.3801984716175137
45.400000000000375,-2.3944265296210983,2815.7192427102955,584.5357862507884,-0.1745,64.80469192519061,-9.218358600056408,0.165,-3.3943954137308396,1.3801984716175137
45.50000000000038,-2.394410469637871,2822.2012074366266,583.6138340458996,-0.1745,64.83460260142897,-9.220685497719867,0.165,-3.3943954137308396,1.3801984716175137
45.60000000000038,-2.3943888724332303,2828.6861577024224,582.6916518327575,-0.1745,64.86440271448315,-9.222958765121133,0.165,-3.3943954137308396,1.3801984716175137
45.70000000000038,-2.3943649677739542,2835.174082347126,581.7692441651844,-0.1745,64.89409017958828,-9.2251945863406,0.165,-3.3943954137308396,1.3801984716175137
45.80000000000038,-2.394340844230908,2841.664970045156,580.8466142621476,-0.1745,64.92366378101654,-9.22740347439679,0.165,-3.3943954137308396,1.3801984716175137
45.90000000000038,-2.394993790605083,2848.158809377573,579.9237644754907,-0.1745,64.95312286731874,-9.229592258740764,0.165,-3.3943954137308396,1.3801984716175137
46.000000000000384,-2.3942575803259194,2854.6588633833894,579.0001193213367,-0.1745,65.04795724900562,-9.243310824339678,0.8300000000000001,-3.3943954137308396,1.3801984716175137
46.100000000000385,-2.3937789017664612,2861.1651254840417,578.0757983944646,-0.1745,65.07728476404118,-9.243107713100455,0.165,-3.3943954137308396,1.3801984716175137
46.20000000000039,-2.3934681938470703,2867.674308292015,577.1514569605413,-0.1745,65.10637139542868,-9.243720965366093,0.165,-3.3943954137308396,1.3801984716175137
46.30000000000039,-2.393267442082657,2874.186389965759,576.2270278931546,-0.1745,65.13526207944717,-9.244860382366637,0.165,-3.3943954137308396,1.3801984716175137
46.40000000000039,-2.393139072858312,2880.701352373689,575.3024679777274,-0.1745,65.16398607914805,-9.246337926178818,0.165,-3.3943954137308396,1.3801984716175137
46.50000000000039,-2.393395515575037,2887.219179802288,574.3777494921878,-0.1745,65.19256249283173,-9.248031784611507,0.165,-3.3943954137308396,1.3801984716175137
46.60000000000039,-2.3929935255032726,2893.741483060584,573.4525682836272,-0.1745,65.2535026730801,-9.255592386601883,0.495,-3.3943954137308396,1.3801984716175137
46.700000000000394,-2.3927401837545803,2900.2682514713924,572.5269718346713,-0.1745,65.28186554309221,-9.25633659251671,0.165,-3.3943954137308396,1.3801984716175137
46.800000000000395,-2.20722557471336,2906.797846956957,571.6012777045509,-0.1745,65.31004416819631,-9.257546009892012,0.165,-3.3943954137308396,1.3801984716175137
46.9000000000004,-2.2726346670402107,2913.3360211540366,570.705526787887,-0.1495,65.45343977339606,-8.65747232338363,0.8300000000000001,-3.3943954137308396,1.3801984716175137
47.0000000000004,-2.3148958351696516,2919.8810841317695,569.8290136573636,-0.1745,65.44781978126237,-8.872790287084912,0.165,-3.3943954137308396,1.3801984716175137
47.1000000000004,-2.3421951451029717,2926.426175794353,568.9347415356073,-0.1745,65.45401347040884,-9.012652148041179,0.165,-3.3943954137308396,1.3801984716175137
47.2000000000004,-2.3598290905357477,2932.9722632803046,568.0289231642163,-0.1745,65.46773624861424,-9.103715279777452,0.165,-3.3943954137308396,1.3801984716175137
47.3000000000004,-2.3712221941459646,2939.5199629568065,567.1155757005837,-0.1745,65.4862572814197,-9.163233992874664,0.165,-3.3943954137308396,1.3801984716175137
47.400000000000404,-2.3785874379247844,2946.069667211622,566.19729553493,-0.1745,65.5078278148931,-9.202369320197548,0.165,-3.3943954137308396,1.3801984716175137
47.500000000000405,-1.5488640715969666,2952.6216248355336,565.2757602170344,-0.1745,65.5313246633436,-9.228337037716155,0.165,-3.3943954137308396,1.3801984716175137
47.600000000000406,-0.8327139053308825,2959.175262892538,564.4908574284016,-0.06225,65.54143647674529,-6.469718734939866,0.8300000000000001,-3.3943954137308396,1.3801984716175137
47.70000000000041,-1.200683657039456,2965.726068186715,563.9622626478106,-0.03725,65.47466940679585,-4.102176876880801,0.8300000000000001,-3.3943954137308396,1.3801984716175137
47.80000000000041,-1.6239048037244812,2972.265304494293,563.4922086979894,-0.1495,65.3100567447648,-5.29890211954247,0.165,-3.3943954137308396,1.3801984716175137
47.90000000000041,-1.8993328052012948,2978.786175019532,562.8937270924639,-0.1745,65.10735376001216,-6.67072999096816,0.165,-3.3943954137308396,1.3801984716175137
48.00000000000041,-2.0783995444487315,2985.2911124572693,562.182030887628,-0.1745,64.99139499473131,-7.563194105749003,0.165,-3.3943954137308396,1.3801984716175137
48.10000000000041,-2.1947169507137314,2991.787118219244,561.3966641553523,-0.1745,64.92872024476304,-8.14414053976653,0.165,-3.3943954137308396,1.3801984716175137
48.200000000000415,-1.4438273843560259,2998.278523523781,560.563336219088,-0.1745,64.89938584598126,-8.52241818551834,0.165,-3.3943954137308396,1.3801984716175137
48.300000000000416,-1.7836306587975492,3004.7675717911557,559.8346308777068,-0.06225,64.88157950150702,-6.051688642105974,0.495,-3.3943954137308396,1.3801984716175137
48.40000000000042,-2.005180682375666,3011.248193000151,559.1746677553843,-0.1745,64.73084467839782,-7.147573804341958,0.165,-3.3943954137308396,1.3801984716175137
48.50000000000042,-2.1494882061411937,3017.7170783377233,558.4241604453296,-0.1745,64.64686207304734,-7.8625723967545715,0.165,-3.3943954137308396,1.3801984716175137
48.60000000000042,-2.2434040553836923,3024.1796421442264,557.6145706132212,-0.1745,64.60441405701458,-8.329224245412084,0.165,-3.3943954137308396,1.3801984716175137
48.70000000000042,-2.3044801639891013,3030.639272224278,556.7664139615978,-0.1745,64.58818754402054,-8.63390878705726,0.165,-3.3943954137308396,1.3801984716175137
48.80000000000042,-2.3441732656455203,3037.098114776435,555.8930680093383,-0.1745,64.58866349911732,-8.83301025813256,0.165,-3.3943954137308396,1.3801984716175137
48.900000000000425,-2.3699528026053915,3043.5575395228566,555.0032511778523,-0.1745,64.59983142931252,-8.963326371587877,0.165,-3.3943954137308396,1.3801984716175137
49.000000000000426,-2.3866842152643883,3050.0184239352075,554.1026420801168,-0.1745,64.61785681770839,-9.048855583123016,0.165,-3.3943954137308396,1.3801984716175137
49.10000000000043,-2.397534535955325,3056.4813306170017,553.1949374278682,-0.1745,64.64027681817512,-9.10523746184696,0.165,-3.3943954137308396,1.3801984716175137
49.20000000000043,-2.4045641280957746,3062.94661959377,552.282542678395,-0.1745,64.665502717183,-9.142657527617825,0.165,-3.3943954137308396,1.3801984716175137
49.30000000000043,-2.409112794209566,3069.4145200736334,551.3670225195748,-0.1745,64.69250688008636,-9.167745648785735,0.165,-3.3943954137308396,1.3801984716175137
49.40000000000043,-2.4120514445312837,3075.8851765924205,550.4493944711147,-0.1745,64.72062349565364,-9.184815320416366,0.165,-3.3943954137308396,1.3801984716175137
49.50000000000043,-2.413946007299627,3082.3586788061475,549.5303201107944,-0.1745,64.749420778883,-9.196671885990238,0.165,-3.3943954137308396,1.3801984716175137
49.600000000000435,-2.4154999470650056,3088.835080774846,548.610229555229,-0.1745,64.77861859508477,-9.205139225318112,0.165,-3.3943954137308396,1.3801984716175137
49.700000000000436,-2.4159245848326485,3095.3160384063895,547.6891159897465,-0.1745,64.84053403578135,-9.217132084332803,0.495,-3.3943954137308396,1.3801984716175137
49.80000000000044,-2.4161928681696057,3101.8015701185873,546.7672198134231,-0.1745,64.87010020817581,-9.22079144213308,0.165,-3.3943954137308396,1.3801984716175137
49.90000000000044,-2.4163610427596227,3108.2900565619057,545.8449839567648,-0.1745,64.8996286581951,-9.22392569103286,0.165,-3.3943954137308396,1.3801984716175137
50.00000000000044,-2.4164655926853644,3114.781492588993,544.9224518414785,-0.1745,64.92909188355056,-9.226716614695093,0.165,-3.3943954137308396,1.3801984716175137
50.10000000000044,-2.4165301755327406,3121.2758707916887,543.9996519002,-0.1745,64.95847217036406,-9.229282210875754,0.165,-3.3943954137308396,1.3801984716175137
50.20000000000044,-2.4172465261315916,3127.7731823082318,543.0766028368223,-0.1745,64.98775816049498,-9.23169905667817,0.165,-3.3943954137308396,1.3801984716175137
50.300000000000445,-2.41655687647251,3134.2766918521347,542.1527397696863,-0.1745,65.08243271756504,-9.245562286042183,0.8300000000000001,-3.3943954137308396,1.3801984716175137
50.400000000000446,-2.4161139436505024,3140.786393941809,541.2281891732156,-0.1745,65.11160907591938,-9.245449643370737,0.165,-3.3943954137308396,1.3801984716175137
50.50000000000045,-2.415831933621032,3147.2990019111026,540.3036107530335,-0.1745,65.14055030995021,-9.24611876027137,0.165,-3.3943954137308396,1.3801984716175137
50.60000000000045,-2.4156552868990087,3153.814494402185,539.3789402402039,-0.1745,65.16929951169713,-9.247291496321857,0.165,-3.3943954137308396,1.3801984716175137
50.70000000000045,-2.4155480293804583,3160.3328536148038,538.4541362815621,-0.1745,65.19788474067309,-9.248787676512109,0.165,-3.3943954137308396,1.3801984716175137
50.80000000000045,-2.415486871224062,3166.8540640673355,537.5291723670164,-0.1745,65.226324309963,-9.250490614402134,0.165,-3.3943954137308396,1.3801984716175137
50.90000000000045,-2.4154567356010483,3173.3781117936046,536.6040315983175,-0.1745,65.25463021542261,-9.252324759575359,0.165,-3.3943954137308396,1.3801984716175137
51.000000000000455,-2.4154478624015945,3179.904983822347,535.6787032998972,-0.1745,65.28281035942332,-9.254241208833001,0.165,-3.3943954137308396,1.3801984716175137
51.100000000000456,-2.4154539325528344,3186.434667839939,534.7531808236203,-0.1745,65.31086999241941,-9.256208316705338,0.165,-3.3943954137308396,1.3801984716175137
51.20000000000046,-2.4154708535727196,3192.967151971919,533.8274601271876,-0.1745,65.33881264718514,-9.258205611948227,0.165,-3.3943954137308396,1.3801984716175137
51.30000000000046,-2.4154959734307715,3199.5024246414832,532.9015388537453,-0.1745,65.36664074410186,-9.260219856898031,0.165,-3.3943954137308396,1.3801984716175137
51.40000000000046,-2.415527571776449,3206.0404744778493,531.9754157361273,-0.1745,65.39435598321944,-9.262242495462077,0.165,-3.3943954137308396,1.3801984716175137
51.50000000000046,-2.4155645307476448,3212.5812902569173,531.049090211315,-0.1745,65.42195959814244,-9.264268000781708,0.165,-3.3943954137308396,1.3801984716175137
51.60000000000046,-2.4156061220209994,3219.1248608628443,530.1225621709938,-0.1745,65.44945252039871,-9.266292805644651,0.165,-3.3943954137308396,1.3801984716175137
51.700000000000465,-2.415651869088307,3225.671175263156,529.1958318001977,-0.1745,65.4768354858282,-9.268314610278308,0.165,-3.3943954137308396,1.3801984716175137
51.800000000000466,-2.415701458204598,3232.2202224926186,528.26889947296,-0.1745,65.50410910342741,-9.2703319344744,0.165,-3.3943954137308396,1.3801984716175137
51.90000000000047,-2.229838830866266,3238.7719916427845,527.3417656848429,-0.1745,65.53127389988836,-9.272343827867369,0.165,-3.3943954137308396,1.3801984716175137
52.00000000000047,-2.295799330236536,3245.332269524224,526.4447026414965,-0.1495,65.67428372890133,-8.66891703906168,0.8300000000000001,-3.3943954137308396,1.3801984716175137
52.10000000000047,-2.338357212797341,3251.899352676208,525.5669281840985,-0.1745,65.66737931077002,-8.886572108898978,0.165,-3.3943954137308396,1.3801984716175137
52.20000000000047,-2.3658146910881084,3258.4663454628026,524.671215443453,-0.1745,65.67247642112063,-9.027682704011383,0.165,-3.3943954137308396,1.3801984716175137
52.30000000000047,-2.383534053162185,3265.034229783562,523.7638624482557,-0.1745,65.68520999406442,-9.119377199934005,0.165,-3.3943954137308396,1.3801984716175137
52.400000000000475,-2.3949763425176114,3271.603630436325,522.848934397683,-0.1745,65.70280306120276,-9.179183811521,0.165,-3.3943954137308396,1.3801984716175137
52.500000000000476,-2.4023742716410075,3278.174944615528,521.9290541645826,-0.1745,65.72348052286051,-9.218420850488478,0.165,-3.3943954137308396,1.3801984716175137
52.60000000000048,-2.4071675489276156,3284.7484238558545,521.0059134726256,-0.1745,65.74610428366415,-9.244392988650988,0.165,-3.3943954137308396,1.3801984716175137
52.70000000000048,-2.4102842084585125,3291.324226236052,520.0806031959212,-0.1745,65.76994332027984,-9.261812545436799,0.165,-3.3943954137308396,1.3801984716175137
52.80000000000048,-2.412322278548607,3297.9024497813357,519.1538266484531,-0.1745,65.7945275853973,-9.273718403923846,0.165,-3.3943954137308396,1.3801984716175137
52.90000000000048,-2.4136670257322197,3304.4831538947496,518.2260372442637,-0.1745,65.81955468288517,-9.282069679864946,0.165,-3.3943954137308396,1.3801984716175137
53.00000000000048,-2.4145665864885837,3311.066373131321,517.297527308381,-0.1745,65.84483004854565,-9.288129037790704,0.165,-3.3943954137308396,1.3801984716175137
53.100000000000485,-2.415180737726331,3317.6521260599875,516.3684853528865,-0.1745,65.87022852478277,-9.292710072096849,0.165,-3.3943954137308396,1.3801984716175137
53.200000000000486,-2.415612336173236,3324.2404209684905,515.4390330043515,-0.1745,65.89566964527764,-9.296336898604684,0.165,-3.3943954137308396,1.3801984716175137
53.30000000000049,-2.4159275798523,3330.8312595370367,514.5092488055392,-0.1745,65.92110172564895,-9.29934707764135,0.165,-3.3943954137308396,1.3801984716175137
53.40000000000049,-2.416169062527964,3337.4246392042287,513.5791835530642,-0.1745,65.94649161819427,-9.30195797185789,0.165,-3.3943954137308396,1.3801984716175137
53.50000000000049,-2.416364182681934,3344.020554690781,512.6488701785617,-0.1745,65.97181811285539,-9.30430951819437,0.165,-3.3943954137308396,1.3801984716175137
53.60000000000049,-2.4165305589013357,3350.6189989807494,511.71833011312344,-0.1745,65.99706768651053,-9.306491790569345,0.165,-3.3943954137308396,1.3801984716175137
53.70000000000049,-2.416679516630033,3357.2199639533264,510.787577385721,-0.1745,66.02223176502925,-9.308562757478903,0.165,-3.3943954137308396,1.3801984716175137
53.800000000000495,-2.4168183326672033,3363.823440789573,509.8566212618467,-0.1745,66.0473049598968,-9.310559720007575,0.165,-3.3943954137308396,1.3801984716175137
53.900000000000496,-2.4169516796958823,3370.429420234201,508.9254679419626,-0.1745,66.07228393266803,-9.312506677674648,0.165,-3.3943954137308396,1.3801984716175137
54.0000000000005,-2.417082555768028,3377.0378927640263,507.9941216545349,-0.1745,66.09716666383808,-9.314419070878808,0.165,-3.3943954137308396,1.3801984716175137
54.1000000000005,-2.4172128822601384,3383.6488486963276,507.06258535930886,-0.1745,66.12195198218373,-9.316306833642928,0.165,-3.3943954137308396,1.3801984716175137
54.2000000000005,-2.417343888470672,3390.2622782585286,506.13086119971285,-0.1745,66.14663926183722,-9.318176358277618,0.165,-3.3943954137308396,1.3801984716175137
54.3000000000005,-2.417476358937694,3396.878171632988,505.1989507938228,-0.1745,66.17122822735415,-9.320031759523618,0.165,-3.3943954137308396,1.3801984716175137
54.4000000000005,-2.417610792445627,3403.4965189857708,504.2668554214574,-0.1745,66.1957188282997,-9.321875687783779,0.165,-3.3943954137308396,1.3801984716175137
54.500000000000504,-2.417747504233968,3410.1173104851146,503.3345761444595,-0.1745,66.22011115857707,-9.323709852174034,0.165,-3.3943954137308396,1.3801984716175137
54.600000000000506,-2.4178866916832567,3416.7405363132707,502.4021138840074,-0.1745,66.24440540454609,-9.325535356868428,0.165,-3.3943954137308396,1.3801984716175137
54.70000000000051,-2.4180284765205866,3423.3661866740813,501.469469470297,-0.1745,66.26860181166401,-9.32735291734002,0.165,-3.3943954137308396,1.3801984716175137
54.80000000000051,-2.4181729319326415,3429.9942517978166,500.53664367446214,-0.1745,66.29270066304002,-9.329162999356992,0.165,-3.3943954137308396,1.3801984716175137
54.90000000000051,-2.4183200999796868,3436.624721944251,499.60363722907886,-0.1745,66.31670226565116,-9.33096590830903,0.165,-3.3943954137308396,1.3801984716175137
55.00000000000051,-2.4184700027778105,3443.257587404608,498.6704508413333,-0.1745,66.34060694148438,-9.332761846601654,0.165,-3.3943954137308396,1.3801984716175137
55.10000000000051,-2.418622649678024,3449.8928385027743,497.73708520147693,-0.1745,66.36441502184522,-9.33455095052598,0.165,-3.3943954137308396,1.3801984716175137
55.200000000000514,-2.4187780418742877,3456.5304655960517,496.8035409882537,-0.1745,66.38812684370154,-9.336333313938843,0.165,-3.3943954137308396,1.3801984716175137
55.300000000000516,-2.418936175360606,3463.1704590756035,495.86981887238335,-0.1745,66.41174274733514,-9.338109003468546,0.165,-3.3943954137308396,1.3801984716175137
55.40000000000052,-1.5741842223074953,3469.812809366712,494.9359195187961,-0.1745,66.43526307483343,-9.339878068276937,0.165,-3.3943954137308396,1.3801984716175137
55.50000000000052,-1.8789487126284035,3476.4567561237022,494.1442911570058,-0.06225,66.44367206497435,-6.492689167528516,0.8300000000000001,-3.3943954137308396,1.3801984716175137
55.60000000000052,-2.075183296711388,3483.0940398448975,493.4447089189664,-0.1745,66.30200235892704,-7.498955593259228,0.165,-3.3943954137308396,1.3801984716175137
55.70000000000052,-2.201450167979653,3489.7202638641243,492.6624058060342,-0.1745,66.22247802561157,-8.147106665384683,0.165,-3.3943954137308396,1.3801984716175137
55.80000000000052,-2.283072744842045,3496.3404533663174,491.82681483805237,-0.1745,66.18131201825128,-8.564712694251684,0.165,-3.3943954137308396,1.3801984716175137
55.900000000000524,-2.33494209080794,3502.959350917994,490.9565982750283,-0.1745,66.19663901528375,-8.839618566230277,0.495,-3.3943954137308396,1.3801984716175137
56.000000000000526,-2.368292856528048,3509.5789145508843,490.0640082761676,-0.1745,66.19463364252164,-9.012181410983567,0.165,-3.3943954137308396,1.3801984716175137
56.10000000000053,-2.3897480176747226,3516.198753980399,489.1572157855874,-0.1745,66.20215494777655,-9.123668400619616,0.165,-3.3943954137308396,1.3801984716175137
56.20000000000053,-2.4035655597487118,3522.819647616466,488.2412372708176,-0.1745,66.21571777356667,-9.195901894777423,0.165,-3.3943954137308396,1.3801984716175137
56.30000000000053,-2.412481411885945,3529.4420888973177,487.3192963328519,-0.1745,66.23310784346329,-9.24291686453645,0.165,-3.3943954137308396,1.3801984716175137
56.40000000000053,-2.418252732461443,3536.0663899421756,486.39346374164205,-0.1745,66.25291305369743,-9.273734959660244,0.165,-3.3943954137308396,1.3801984716175137
56.50000000000053,-2.422007654040966,3542.692747133681,485.46506935837783,-0.1745,66.27423077641077,-9.294152705623592,0.165,-3.3943954137308396,1.3801984716175137
56.600000000000534,-2.4244702415297676,3549.3212828349056,484.5349670688203,-0.1745,66.29648324807991,-9.307893085526809,0.165,-3.3943954137308396,1.3801984716175137
56.700000000000536,-2.4261050948471667,3555.9520720158744,483.6037050867728,-0.1745,66.31930037129916,-9.317346555424178,0.165,-3.3943954137308396,1.3801984716175137
56.80000000000054,-2.4272102543786005,3562.5851592845383,482.6716353804853,-0.1745,66.34244500197597,-9.32404757032511,0.165,-3.3943954137308396,1.3801984716175137
56.90000000000054,-2.4279768687969474,3569.2205697943773,481.7389839582803,-0.1745,66.36576519480319,-9.328980873775294,0.165,-3.3943954137308396,1.3801984716175137
57.00000000000054,-2.428527504172605,3575.85831623561,480.8058960001129,-0.1745,66.38916362985084,-9.332778289572765,0.165,-3.3943954137308396,1.3801984716175137
57.10000000000054,-2.428940733245275,3582.4984033180826,479.8724648296513,-0.1745,66.4125780196042,-9.335845119659577,0.165,-3.3943954137308396,1.3801984716175137
57.20000000000054,-2.42926691456175,3589.140830646351,478.93875050837784,-0.1745,66.43596854575681,-9.338441305809448,0.165,-3.3943954137308396,1.3801984716175137
57.300000000000544,-2.429538315794166,3595.7855945636993,478.0047917665104,-0.1745,66.45930980120755,-9.340733531539401,0.165,-3.3943954137308396,1.3801984716175137
57.400000000000546,-2.4297756071048364,3602.4326893348134,477.07061365686644,-0.1745,66.48258562107624,-9.342828661338997,0.165,-3.3943954137308396,1.3801984716175137
57.50000000000055,-2.4299920253072465,3609.0821079042134,476.1362324639269,-0.1745,66.50578576692554,-9.344795197452425,0.165,-3.3943954137308396,1.3801984716175137
57.60000000000055,-2.4301960437867502,3615.7338423825554,475.20165885180046,-0.1745,66.52890379990947,-9.346677045076298,0.165,-3.3943954137308396,1.3801984716175137
57.70000000000055,-2.430393084028478,3622.3878843583852,474.26689988247773,-0.1745,66.5519357166911,-9.348502341377875,0.165,-3.3943954137308396,1.3801984716175137
57.80000000000055,-2.4305866125640003,3629.0442250979545,473.331960309543,-0.1745,66.57487907469412,-9.350289117317184,0.165,-3.3943954137308396,1.3801984716175137
57.90000000000055,-2.4307788438879308,3635.702855673251,472.3968434072912,-0.1745,66.59773243123944,-9.352048927717968,0.165,-3.3943954137308396,1.3801984716175137
58.000000000000554,-2.241921887410693,3642.363767044013,471.46155150199365,-0.1745,66.62049498399689,-9.353789178233503,0.165,-3.3943954137308396,1.3801984716175137
58.100000000000556,-2.3105528324954423,3649.029598355039,470.55781215513326,-0.1495,66.69613123652596,-8.720997758974127,0.165,-3.3943954137308396,1.3801984716175137
58.20000000000056,-2.3545263478990055,3655.698560892817,469.6742540275258,-0.1745,66.6831195190326,-8.950164793175016,0.165,-3.3943954137308396,1.3801984716175137
58.30000000000056,-2.3827169281491747,3662.366868601609,468.7718744476819,-0.1745,66.68303465680532,-9.097426803703346,0.165,-3.3943954137308396,1.3801984716175137
58.40000000000056,-2.400810236286794,3669.0355759924964,467.85739109576116,-0.1745,66.6911131609462,-9.192240234711232,0.165,-3.3943954137308396,1.3801984716175137
58.50000000000056,-2.4124465098045964,3675.7053491860715,466.93510498237737,-0.1745,66.70435071055296,-9.253482032964818,0.165,-3.3943954137308396,1.3801984716175137
58.60000000000056,-2.4199552297363005,3682.3766088669445,466.0077687656887,-0.1745,66.72084290690816,-9.293242300808986,0.165,-3.3943954137308396,1.3801984716175137
58.700000000000564,-2.424826503929175,3689.0496199496843,465.077143618866,-0.1745,66.73937874788504,-9.319260635645529,0.165,-3.3943954137308396,1.3801984716175137
58.800000000000566,-2.4280132108925567,3695.7245482203843,464.14435610340615,-0.1745,66.75918666611618,-9.33648967355069,0.165,-3.3943954137308396,1.3801984716175137
58.90000000000057,-2.4301245223819348,3702.401496279557,463.21012673838675,-0.1745,66.77977451733355,-9.348097626837436,0.165,-3.3943954137308396,1.3801984716175137
59.00000000000057,-2.4315497863127264,3709.0805264157307,462.27491632435294,-0.1745,66.80082820614126,-9.356110653838297,0.165,-3.3943954137308396,1.3801984716175137
59.10000000000057,-2.4332326899171823,3715.761675187806,461.33901958026587,-0.1745,66.82214723536477,-9.3618242279037,0.165,-3.3943954137308396,1.3801984716175137
59.20000000000057,-2.4332427476658567,3722.4482372363664,460.40204777338124,-0.1745,66.9090937358429,-9.377611909788346,0.8300000000000001,-3.3943954137308396,1.3801984716175137
59.30000000000057,-2.4333316554666444,3729.140226889217,459.4642403566049,-0.1745,66.93069932117045,-9.378536425739158,0.165,-3.3943954137308396,1.3801984716175137
59.400000000000574,-2.433471753618776,3735.834370736255,458.5263280534104,-0.1745,66.95217761958878,-9.379709638150542,0.165,-3.3943954137308396,1.3801984716175137
59.500000000000576,-2.4336453862485286,3742.530656778706,457.58829060357994,-0.1745,66.97354322942687,-9.381039358459116,0.165,-3.3943954137308396,1.3801984716175137
59.60000000000058,-2.4338412836510366,3749.2290742195764,456.65011529858697,-0.1745,66.99480558798449,-9.382466741400652,0.165,-3.3943954137308396,1.3801984716175137
59.70000000000058,-2.2441926933521033,3755.9296130407724,455.7117942498151,-0.1745,67.01597083593707,-9.383954234036077,0.165,-3.3943954137308396,1.3801984716175137
59.80000000000058,-2.3133247762550893,3762.6365942093475,454.80515471555526,-0.1495,67.12365253556814,-8.748836451161006,0.495,-3.3943954137308396,1.3801984716175137
59.90000000000058,-2.357487841892655,3769.348195412587,453.9186704791589,-0.1745,67.10837152921427,-8.98084827676675,0.165,-3.3943954137308396,1.3801984716175137
60.00000000000058,-2.38572266631063,3776.0589287821876,453.0131587324465,-0.1745,67.10629586280521,-9.129386657480902,0.165,-3.3943954137308396,1.3801984716175137
60.100000000000584,-1.5515637896333203,3782.769870234474,452.09545662717835,-0.1745,67.11253318292117,-9.224655447882949,0.165,-3.3943954137308396,1.3801984716175137
60.200000000000585,-1.8730360353719133,3789.479883049556,451.3150646261777,-0.06225,67.08772311871613,-6.3831845721300375,0.495,-3.3943954137308396,1.3801984716175137
60.30000000000059,-2.0790628178085875,3796.180857136946,450.623196332488,-0.1745,66.93175862908318,-7.454181301662949,0.165,-3.3943954137308396,1.3801984716175137
60.40000000000059,-2.2110229921010855,3802.869597721549,449.84346152004446,-0.1745,66.84305306297621,-8.140514947208084,0.165,-3.3943954137308396,1.3801984716175137
60.50000000000059,-2.2955156342458514,3809.551529167814,449.0074118710465,-0.1745,66.7955758623252,-8.58047803275147,0.165,-3.3943954137308396,1.3801984716175137
60.60000000000059,-2.3496153442179573,3816.22999472818,448.13525760481025,-0.1745,66.77373534499526,-8.86260729197287,0.165,-3.3943954137308396,1.3801984716175137
60.70000000000059,-2.384268856805279,3822.9070802918895,447.23994411009807,-0.1745,66.7679759291985,-9.043662602270333,0.165,-3.3943954137308396,1.3801984716175137
60.800000000000594,-1.5581914300161173,3829.584096728927,446.32975973006296,-0.1745,66.77235281154668,-9.16002499843176,0.165,-3.3943954137308396,1.3801984716175137
60.900000000000595,-1.8794379411312492,3836.260132102117,445.5537375067083,-0.06225,66.74835465225358,-6.360419468661857,0.495,-3.3943954137308396,1.3801984716175137
61.0000000000006,-2.085861313532064,3842.9272976234915,444.8644443214183,-0.1745,66.5949557752339,-7.425444237137021,0.165,-3.3943954137308396,1.3801984716175137
61.1000000000006,-2.218416544678553,3849.582448373961,444.0876802088453,-0.1745,66.50805923416118,-8.109838014323433,0.165,-3.3943954137308396,1.3801984716175137
61.2000000000006,-2.3035034287428147,3856.230953147033,443.25469970664255,-0.1745,66.46203622727076,-8.54977202973124,0.165,-3.3943954137308396,1.3801984716175137
61.3000000000006,-2.358115218320961,3862.876129674034,442.38557767941165,-0.1745,66.44149431275333,-8.832668514887166,0.165,-3.3943954137308396,1.3801984716175137
61.4000000000006,-1.5488263787363399,3869.52005317474,441.4932078554825,-0.1745,66.43697570136705,-9.01472796369546,0.165,-3.3943954137308396,1.3801984716175137
61.500000000000604,-1.8753482106019346,3876.162619314526,440.7281441481524,-0.06225,66.41434709435909,-6.2865461829062514,0.495,-3.3943954137308396,1.3801984716175137
61.600000000000605,-2.0857213104456904,3882.7963497834858,440.0456297556055,-0.1745,66.2602622848364,-7.363741668031924,0.165,-3.3943954137308396,1.3801984716175137
61.70000000000061,-2.2211655995492907,3889.418022473371,439.27454944917025,-0.1745,66.17319151286624,-8.057864460672313,0.165,-3.3943954137308396,1.3801984716175137
61.80000000000061,-2.308327245504305,3896.0330515915944,438.44639187331853,-0.1745,66.1273908516042,-8.50528705636171,0.165,-3.3943954137308396,1.3801984716175137
61.90000000000061,-2.3644063828658237,3902.644789813173,437.581437687282,-0.1745,66.10737357996302,-8.793796664369026,0.165,-3.3943954137308396,1.3801984716175137
62.00000000000061,-2.400491054265921,3909.255338800278,436.6927486199805,-0.1745,66.10360616213781,-8.979984681661453,0.165,-3.3943954137308396,1.3801984716175137
62.10000000000061,-2.4237216393713448,3915.8660256119206,435.78873313228337,-0.1745,66.1101300707146,-9.10032507228121,0.165,-3.3943954137308396,1.3801984716175137
62.200000000000614,-2.438692656362335,3922.4776913230835,434.8748013269909,-0.1745,66.1231841525421,-9.178311033567605,0.165,-3.3943954137308396,1.3801984716175137
62.300000000000615,-2.4483586779201296,3929.090869485417,433.95443253262215,-0.1745,66.14037909412833,-9.229064853807827,0.165,-3.3943954137308396,1.3801984716175137
62.40000000000062,-2.454618791457813,3935.7058979846825,433.0298635360488,-0.1745,66.16019089118468,-9.262315077658853,0.165,-3.3943954137308396,1.3801984716175137
62.50000000000062,-2.4586931979897355,3942.322989779822,432.1025319111576,-0.1745,66.1816450116035,-9.28431742016541,0.165,-3.3943954137308396,1.3801984716175137
62.60000000000062,-2.4613656535437185,3948.9422778974035,431.17336139300215,-0.1745,66.20411734002883,-9.299092942943114,0.165,-3.3943954137308396,1.3801984716175137
62.70000000000062,-2.463139439642022,3955.563844156452,430.2429454715426,-0.1745,66.22720784093877,-9.309225486247602,0.165,-3.3943954137308396,1.3801984716175137
62.80000000000062,-2.464337653098839,3962.1877375490863,429.31166545194765,-0.1745,66.25066001174403,-9.316374905652085,0.165,-3.3943954137308396,1.3801984716175137
62.900000000000624,-2.465167667032255,3968.813986018783,428.3797663453552,-0.1745,66.27430938219392,-9.321607226196894,0.165,-3.3943954137308396,1.3801984716175137
63.000000000000625,-2.4657625493908606,3975.442604014233,427.44740563725384,-0.1745,66.29805052680462,-9.325606935830303,0.165,-3.3943954137308396,1.3801984716175137
63.10000000000063,-2.4662076683486482,3982.0735973362016,426.5146846181378,-0.1745,66.32181591256781,-9.328813446491106,0.165,-3.3943954137308396,1.3801984716175137
63.20000000000063,-2.278396094808941,3988.7069662481904,425.5816685065596,-0.1745,66.3455623272085,-9.331508785072023,0.165,-3.3943954137308396,1.3801984716175137
63.30000000000063,-2.3463524656241037,3995.346953226516,424.67963560073775,-0.1495,66.45417723929947,-8.709149331364303,0.495,-3.3943954137308396,1.3801984716175137
63.40000000000063,-2.389973662220084,4001.991794884978,423.7974100871202,-0.1745,66.44265592994039,-8.935360940985733,0.165,-3.3943954137308396,1.3801984716175137
63.50000000000063,-2.4179885060871658,4008.6361190100342,422.89659050836866,-0.1745,66.44382657118777,-9.081030634045828,0.165,-3.3943954137308396,1.3801984716175137
63.600000000000634,-1.5916811083358875,4015.280961673042,421.9837877284031,-0.1745,66.4530266889689,-9.175024965265063,0.165,-3.3943954137308396,1.3801984716175137
63.700000000000635,-1.9076563047636996,4021.923428044486,421.20582342277214,-0.06225,66.39630073991808,-6.384261147354069,0.165,-3.3943954137308396,1.3801984716175137
63.80000000000064,-2.111229991963163,4028.555667241779,420.5152826802546,-0.1745,66.24848320593411,-7.426553702997502,0.165,-3.3943954137308396,1.3801984716175137
63.90000000000064,-2.2422966396783606,4035.1763535988007,419.7390435949514,-0.1745,66.16524393449993,-8.098228003066602,0.165,-3.3943954137308396,1.3801984716175137
64.00000000000064,-2.3266436214610966,4041.7907072126263,418.90757214012996,-0.1745,66.12182834201485,-8.531201093361659,0.165,-3.3943954137308396,1.3801984716175137
64.10000000000063,-2.3809153944027557,4048.401964308741,418.0404914595267,-0.1745,66.10331358027166,-8.810412518702952,0.165,-3.3943954137308396,1.3801984716175137
64.20000000000063,-2.4158411272914777,4055.012155008373,417.1504398097552,-0.1745,66.10050041237015,-8.990620476727328,0.165,-3.3943954137308396,1.3801984716175137
64.30000000000062,-2.4383298113067893,4061.622561726409,416.2455529382734,-0.1745,66.10763394834518,-9.107116952908388,0.165,-3.3943954137308396,1.3801984716175137
64.40000000000062,-2.4528269662843716,4068.2339973924877,415.3310654261729,-0.1745,66.12107937322763,-9.182633289100966,0.165,-3.3943954137308396,1.3801984716175137
64.50000000000061,-2.4621913125238737,4074.8469776968645,414.41034370671224,-0.1745,66.13852671430814,-9.231801100113174,0.165,-3.3943954137308396,1.3801984716175137
64.6000000000006,-2.4682603185495116,4081.4618291421757,413.48555199361317,-0.1745,66.158502191912,-9.26403316186849,0.165,-3.3943954137308396,1.3801984716175137
64.7000000000006,-2.47221459493335,4088.0787574133283,412.558081229798,-0.1745,66.18006323113785,-9.285382114435219,0.165,-3.3943954137308396,1.3801984716175137
64.8000000000006,-2.4748124713480664,4094.6978908807437,411.6288251996258,-0.1745,66.20260611717218,-9.299738489008753,0.165,-3.3943954137308396,1.3801984716175137
64.90000000000059,-2.4765409052026124,4101.319308379817,410.69835816213754,-0.1745,66.22574386429613,-9.309602260756675,0.165,-3.3943954137308396,1.3801984716175137
65.00000000000058,-2.4777125160071303,4107.943056989435,409.76704907803537,-0.1745,66.24922832806709,-9.316579421286242,0.165,-3.3943954137308396,1.3801984716175137
65.10000000000058,-2.4785279539458314,4114.569163425609,408.83513503643314,-0.1745,66.27290039541508,-9.321701410757933,0.165,-3.3943954137308396,1.3801984716175137
65.20000000000057,-2.479115974088696,4121.1976413491775,407.90276844005894,-0.1745,66.29665807595205,-9.325630516726726,0.165,-3.3943954137308396,1.3801984716175137
65.30000000000057,-2.479559178425207,4127.828496054962,406.97004731902996,-0.1745,66.32043603972447,-9.328791903852578,0.165,-3.3943954137308396,1.3801984716175137
65.40000000000056,-2.479910547365679,4134.46172748132,406.03703480094987,-0.1745,66.34419248743963,-9.331458457749779,0.165,-3.3943954137308396,1.3801984716175137
65.50000000000055,-2.480204053806184,4141.097332141841,405.1037716134281,-0.1745,66.36790072299524,-9.33380529268607,0.165,-3.3943954137308396,1.3801984716175137
65.60000000000055,-2.4804614764161927,4147.735304365167,404.17028411071016,-0.1745,66.39154374352081,-9.335944761672932,0.165,-3.3943954137308396,1.3801984716175137
65.70000000000054,-1.6360129862659694,4154.375637090666,403.2365894257095,-0.1745,66.41511076644424,-9.337948938340137,0.165,-3.3943954137308396,1.3801984716175137
65.80000000000054,-1.9406645427171565,4161.017570308172,402.4450650909297,-0.06225,66.4235535836876,-6.492537757255775,0.8300000000000001,-3.3943954137308396,1.3801984716175137
65.90000000000053,-2.136867751998088,4167.652853248874,401.74553567732585,-0.1745,66.28210523035007,-7.498050514821099,0.165,-3.3943954137308396,1.3801984716175137
66.00000000000053,-2.2631447817766377,4174.277095082847,400.9633420959735,-0.1745,66.20273144912282,-8.145821112226443,0.165,-3.3943954137308396,1.3801984716175137
66.10000000000052,-2.3443843309848407,4180.89531559954,400.12788855624757,-0.1745,66.16167888472789,-8.563249682291168,0.165,-3.3943954137308396,1.3801984716175137
66.20000000000051,-2.3966433661164612,4187.510629598424,399.25810828030075,-0.1745,66.14460109296702,-8.83235583664491,0.165,-3.3943954137308396,1.3801984716175137
66.30000000000051,-2.430267809572078,4194.124991852099,398.3661906084072,-0.1745,66.14264398052782,-9.005997601226971,0.165,-3.3943954137308396,1.3801984716175137
66.4000000000005,-2.451917103456926,4200.739637301022,397.45997928274954,-0.1745,66.15026499794051,-9.118228911925605,0.165,-3.3943954137308396,1.3801984716175137
66.5000000000005,-2.4658745094929917,4207.355348669845,396.54451909102835,-0.1745,66.16396237850061,-9.190974922498414,0.165,-3.3943954137308396,1.3801984716175137
66.60000000000049,-2.4748933631013785,4213.972622315328,395.6230532051104,-0.1745,66.18151053116776,-9.238342795860827,0.165,-3.3943954137308396,1.3801984716175137
66.70000000000049,-2.480742744279945,4220.591772322704,394.69766584224584,-0.1745,66.20148961633487,-9.269404461430153,0.165,-3.3943954137308396,1.3801984716175137
66.80000000000048,-2.4845589129694274,4227.212996389219,393.76969605816345,-0.1745,66.22299171396955,-9.289991220217269,0.165,-3.3943954137308396,1.3801984716175137
66.90000000000047,-2.487071452575509,4233.836417747138,392.84000399881864,-0.1745,66.2454354443946,-9.303849966679051,0.165,-3.3943954137308396,1.3801984716175137
67.00000000000047,-2.489091980130695,4240.46211193159,391.9091421246988,-0.1745,66.26844824464303,-9.313387515717665,0.165,-3.3943954137308396,1.3801984716175137
67.10000000000046,-2.489884993826296,4247.09174885075,390.9771788096443,-0.1745,66.32429013857141,-9.32587878537291,0.495,-3.3943954137308396,1.3801984716175137
67.20000000000046,-2.490462730549903,4253.725356219818,390.0444007848688,-0.1745,66.3478572427862,-9.329681710136136,0.165,-3.3943954137308396,1.3801984716175137
67.30000000000045,-2.4909034853756107,4260.36132104589,389.1112788696861,-0.1745,66.37143927863389,-9.332756593518475,0.165,-3.3943954137308396,1.3801984716175137
67.40000000000045,-2.4912574554451377,4266.999642839972,388.17787292503937,-0.1745,66.39499660300706,-9.335362299415582,0.165,-3.3943954137308396,1.3801984716175137
67.50000000000044,-2.4915568155591976,4273.640317865777,387.24422156628754,-0.1745,66.41850391310385,-9.33766487562094,0.165,-3.3943954137308396,1.3801984716175137
67.60000000000043,-2.4918221831028,4280.2833403167315,386.31034978178275,-0.1745,66.44194510598113,-9.33977081447534,0.165,-3.3943954137308396,1.3801984716175137
67.70000000000043,-2.492066765357296,4286.928703071028,385.37627382094394,-0.1745,66.4653099799587,-9.341748402300473,0.165,-3.3943954137308396,1.3801984716175137
67.80000000000042,-2.492299019505691,4293.57639817593,384.442004329811,-0.1745,66.4885921180713,-9.343641420357724,0.165,-3.3943954137308396,1.3801984716175137
67.90000000000042,-2.4925243583713588,4300.22641715834,383.5075483620121,-0.1745,66.51178753013613,-9.345477935621686,0.165,-3.3943954137308396,1.3801984716175137
68.00000000000041,-2.492746244016431,4306.87875122393,382.5729106682326,-0.1745,66.53489378165523,-9.347275939967297,0.165,-3.3943954137308396,1.3801984716175137
68.1000000000004,-2.492966888744046,4313.533391384768,381.63809452288746,-0.1745,66.55790943510576,-9.349046966936129,0.165,-3.3943954137308396,1.3801984716175137
68.2000000000004,-2.493187704358387,4320.190328541106,380.7031022539934,-0.1745,66.58083369165284,-9.350798410945025,0.165,-3.3943954137308396,1.3801984716175137
68.3000000000004,-2.493409590032744,4326.849553533761,379.76793558273795,-0.1745,66.60366616142929,-9.352535014164017,0.165,-3.3943954137308396,1.3801984716175137
68.40000000000039,-2.493633116729045,4333.511057177646,378.83259584105014,-0.1745,66.6264067162745,-9.354259819592192,0.165,-3.3943954137308396,1.3801984716175137
68.50000000000038,-2.493858645321895,4340.1748302832275,377.8970841109778,-0.1745,66.6490553953507,-9.355974781854503,0.165,-3.3943954137308396,1.3801984716175137
68.60000000000038,-2.4940864022449336,4346.840863670228,376.9614013139567,-0.1745,66.67161234466099,-9.35768115856817,0.165,-3.3943954137308396,1.3801984716175137
68.70000000000037,-2.494316527925449,4353.509148176376,376.0255482679752,-0.1745,66.69407777829913,-9.359379761062215,0.165,-3.3943954137308396,1.3801984716175137
68.80000000000037,-2.494549107790131,4360.179674662972,375.0895257241738,-0.1745,66.71645195362723,-9.361071114964632,0.165,-3.3943954137308396,1.3801984716175137
68.90000000000036,-2.4947841921098486,4366.852434018422,374.1533343902736,-0.1745,66.73873515537812,-9.362755563039986,0.165,-3.3943954137308396,1.3801984716175137
69.00000000000036,-2.4950218086986076,4373.527417160465,373.21697494557,-0.1745,66.76092768547552,-9.364433331032666,0.165,-3.3943954137308396,1.3801984716175137
69.10000000000035,-2.4952619710382202,4380.2046150375645,372.2804480505275,-0.1745,66.7830298565166,-9.366104569816084,0.165,-3.3943954137308396,1.3801984716175137
69.20000000000034,-2.4955046834753607,4386.88401862977,371.34375435291827,-0.1745,66.8050419876001,-9.367769382369154,0.165,-3.3943954137308396,1.3801984716175137
69.30000000000034,-2.4957499445452647,4393.565618949233,370.4068944917479,-0.1745,66.8269644016563,-9.369427841038615,0.165,-3.3943954137308396,1.3801984716175137
69.40000000000033,-2.4959977490968743,4400.249407040503,369.4698690997668,-0.1745,66.84879742373842,-9.371079998583133,0.165,-3.3943954137308396,1.3801984716175137
69.50000000000033,-2.496248089651332,4406.935373980687,368.53267880507576,-0.1745,66.8705413799295,-9.37272589523771,0.165,-3.3943954137308396,1.3801984716175137
69.60000000000032,-2.4965009572701544,4413.623510879515,367.5953242321523,-0.1745,66.89219659664309,-9.374365563231589,0.165,-3.3943954137308396,1.3801984716175137
69.70000000000032,-2.496756342109889,4420.313808879357,366.65780600250685,-0.1745,66.91376340017587,-9.375999029676942,0.165,-3.3943954137308396,1.3801984716175137
69.80000000000031,-2.497014233776334,4427.006259155187,365.7201247351022,-0.1745,66.93524211642165,-9.377626318415487,0.165,-3.3943954137308396,1.3801984716175137
69.9000000000003,-2.4972746215506443,4433.700852914542,364.7822810466215,-0.1745,66.95663307068837,-9.37924745119863,0.165,-3.3943954137308396,1.3801984716175137
70.0000000000003,-2.49753749453355,4440.397581397456,363.8442755516395,-0.1745,66.97793658758108,-9.380862448441473,0.165,-3.3943954137308396,1.3801984716175137
70.10000000000029,-2.497802841737278,4447.096435876381,362.9061088627322,-0.1745,66.99915299092719,-9.382471329704382,0.165,-3.3943954137308396,1.3801984716175137
70.20000000000029,-2.498070652144037,4453.797407656114,361.96778159054696,-0.1745,67.02028260372853,-9.384074114000445,0.165,-3.3943954137308396,1.3801984716175137
70.30000000000028,-2.4983409147431654,4460.500488073707,361.02929434384737,-0.1745,67.04132574813084,-9.38567081999162,0.165,-3.3943954137308396,1.3801984716175137
70.40000000000028,-2.498613618554653,4467.205668498384,360.09064772954207,-0.1745,67.06228274540419,-9.387261466113813,0.165,-3.3943954137308396,1.3801984716175137
70.50000000000027,-2.49888875264395,4473.91294033145,359.15184235270357,-0.1745,67.08315391593047,-9.388846070656514,0.165,-3.3943954137308396,1.3801984716175137
70.60000000000026,-2.499166306131231,4480.6222950062065,358.2128788165801,-0.1745,67.10393957919545,-9.390424651813442,0.165,-3.3943954137308396,1.3801984716175137
70.70000000000026,-2.4994462681971163,4487.333723987856,357.2737577226037,-0.1745,67.12464005378372,-9.39199722771465,0.165,-3.3943954137308396,1.3801984716175137
70.80000000000025,-2.4997286280861304,4494.047218773414,356.33447967039564,-0.1745,67.14525565737542,-9.393563816446829,0.165,-3.3943954137308396,1.3801984716175137
70.90000000000025,-2.5000133751087223,4500.76277089162,355.39504525777,-0.1745,67.16578670674429,-9.395124436066036,0.165,-3.3943954137308396,1.3801984716175137
71.00000000000024,-2.5003004986423623,4507.480371902845,354.4554550807364,-0.1745,67.1862335177564,-9.396679104605639,0.165,-3.3943954137308396,1.3801984716175137
71.10000000000024,-2.5005899881320715,4514.200013399001,353.51570973350204,-0.1745,67.20659640536947,-9.39822784008117,0.165,-3.3943954137308396,1.3801984716175137
71.20000000000023,-2.5008818330905616,4520.921687003452,352.5758098084733,-0.1745,67.22687568363237,-9.399770660493235,0.165,-3.3943954137308396,1.3801984716175137
71.30000000000022,-2.501176023098153,4527.645384370918,351.6357558962572,-0.1745,67.24707166568508,-9.401307583829174,0.165,-3.3943954137308396,1.3801984716175137
71.40000000000022,-2.5014725478025395,4534.37109718739,350.69554858566255,-0.1745,67.26718466375857,-9.402838628063927,0.165,-3.3943954137308396,1.3801984716175137
71.50000000000021,-2.501771396918462,4541.098817170036,349.75518846370136,-0.1745,67.2872149891749,-9.4043638111604,0.165,-3.3943954137308396,1.3801984716175137
71.60000000000021,-2.5020725602273233,4547.8285360671125,348.81467611558986,-0.1745,67.30716295234741,-9.405883151069515,0.165,-3.3943954137308396,1.3801984716175137
71.7000000000002,-2.5023760275767692,4554.560245657869,347.87401212474987,-0.1745,67.32702886278092,-9.407396665730058,0.165,-3.3943954137308396,1.3801984716175137
71.8000000000002,-2.502681788880248,4561.293937752462,346.93319707280995,-0.1745,67.346813029072,-9.408904373068397,0.165,-3.3943954137308396,1.3801984716175137
71.90000000000019,-2.502989834116558,4568.029604191861,345.9922315396066,-0.1745,67.36651575890926,-9.410406290998134,0.165,-3.3943954137308396,1.3801984716175137
72.00000000000018,-2.503300153329386,4574.76723684776,345.05111610318573,-0.1745,67.38613735907374,-9.411902437419696,0.165,-3.3943954137308396,1.3801984716175137
72.10000000000018,-2.5036127366268506,4581.506827622486,344.10985133980375,-0.1745,67.40567813543923,-9.413392830219912,0.165,-3.3943954137308396,1.3801984716175137
72.20000000000017,-2.503927574181039,4588.248368448906,343.1684378239292,-0.1745,67.4251383929727,-9.414877487271562,0.165,-3.3943954137308396,1.3801984716175137
72.30000000000017,-2.504244656227548,4594.991851290341,342.226876128244,-0.1745,67.4445184357347,-9.416356426432928,0.165,-3.3943954137308396,1.3801984716175137
72.40000000000016,-2.5045639730650255,4601.737268140472,341.285166823645,-0.1745,67.46381856687984,-9.417829665547341,0.165,-3.3943954137308396,1.3801984716175137
72.50000000000016,-2.5048855150547173,4608.484611023249,340.3433104792455,-0.1745,67.48303908865726,-9.419297222442722,0.165,-3.3943954137308396,1.3801984716175137
72.60000000000015,-2.5052092726200126,4615.233871992803,339.4013076623768,-0.1745,67.50218030241118,-9.420759114931133,0.165,-3.3943954137308396,1.3801984716175137
72.70000000000014,-2.5055352362460015,4621.9850431333525,338.4591589385898,-0.1745,67.52124250858131,-9.422215360808336,0.165,-3.3943954137308396,1.3801984716175137
72.80000000000014,-2.505863396479027,4628.738116559117,337.5168648716567,-0.1745,67.54022600670355,-9.423665977853338,0.165,-3.3943954137308396,1.3801984716175137
72.90000000000013,-2.506193743926243,4635.493084414223,336.57442602357264,-0.1745,67.55913109541045,-9.425110983827963,0.165,-3.3943954137308396,1.3801984716175137
73.00000000000013,-2.5065262692551817,4642.249938872615,335.63184295455744,-0.1745,67.57795807243188,-9.426550396476419,0.165,-3.3943954137308396,1.3801984716175137
73.10000000000012,-2.5068609631933136,4649.008672137966,334.6891162230574,-0.1745,67.59670723459563,-9.427984233524864,0.165,-3.3943954137308396,1.3801984716175137
73.20000000000012,-2.507197816527624,4655.769276443587,333.7462463857471,-0.1745,67.61537887782802,-9.429412512680996,0.165,-3.3943954137308396,1.3801984716175137
73.30000000000011,-2.507536820104183,4662.531744052336,332.8032339975314,-0.1745,67.63397329715465,-9.430835251633626,0.165,-3.3943954137308396,1.3801984716175137
73.4000000000001,-2.5078779648277227,4669.296067256529,331.86007961154706,-0.1745,67.65249078670104,-9.432252468052283,0.165,-3.3943954137308396,1.3801984716175137
73.5000000000001,-2.5082212416612215,4676.062238377848,330.9167837791651,-0.1745,67.67093163969331,-9.433664179586797,0.165,-3.3943954137308396,1.3801984716175137
73.6000000000001,-2.508566641625483,4682.830249767256,329.9733470499924,-0.1745,67.68929614845896,-9.435070403866908,0.165,-3.3943954137308396,1.3801984716175137
73.70000000000009,-2.5089141557987293,4689.6000938049,329.029769971874,-0.1745,67.70758460442765,-9.43647115850187,0.165,-3.3943954137308396,1.3801984716175137
73.80000000000008,-2.509263775316187,4696.371762900028,328.0860530908949,-0.1745,67.7257972981319,-9.437866461080068,0.165,-3.3943954137308396,1.3801984716175137
73.90000000000008,-2.5096154913696873,4703.145249490895,327.14219695138246,-0.1745,67.74393451920793,-9.439256329168634,0.165,-3.3943954137308396,1.3801984716175137
74.00000000000007,-2.5099692952072585,4709.920546044676,326.19820209590836,-0.1745,67.76199655639648,-9.440640780313071,0.165,-3.3943954137308396,1.3801984716175137
74.10000000000007,-2.5103251781327316,4716.697645057373,325.2540690652909,-0.1745,67.77998369754367,-9.442019832036882,0.165,-3.3943954137308396,1.3801984716175137
74.20000000000006,-2.510683131505345,4723.47653905373,324.30979839859697,-0.1745,67.79789622960179,-9.443393501841205,0.165,-3.3943954137308396,1.3801984716175137
74.30000000000005,-2.511043146739351,4730.257220587142,323.36539063314467,-0.1745,67.81573443863023,-9.44476180720446,0.165,-3.3943954137308396,1.3801984716175137
74.40000000000005,-2.5114052153036246,4737.039682239563,322.42084630450535,-0.1745,67.83349860979637,-9.446124765581978,0.165,-3.3943954137308396,1.3801984716175137
74.50000000000004,-2.511769328721286,4743.823916621422,321.47616594650594,-0.1745,67.85118902737646,-9.44748239440567,0.165,-3.3943954137308396,1.3801984716175137
74.60000000000004,-2.51213547856931,4750.609916371528,320.5313500912315,-0.1745,67.86880597475664,-9.448834711083673,0.165,-3.3943954137308396,1.3801984716175137
74.70000000000003,-2.512503656478151,4757.397674156988,319.5863992690273,-0.1745,67.8863497344338,-9.450181733000012,0.165,-3.3943954137308396,1.3801984716175137
74.80000000000003,-2.5128738541313664,4764.18718267311,318.6413140085016,-0.1745,67.90382058801657,-9.451523477514264,0.165,-3.3943954137308396,1.3801984716175137
74.90000000000002,-2.513246063265245,4770.9784346433225,317.69609483652783,-0.1745,67.9212188162264,-9.452859961961236,0.165,-3.3943954137308396,1.3801984716175137
75.00000000000001,-2.3214236469388445,4777.771422819079,316.75074227824723,-0.1745,67.93854469889845,-9.454191203650632,0.165,-3.3943954137308396,1.3801984716175137
75.10000000000001,-2.3924389079590433,4784.570590222578,315.83791760070056,-0.1495,68.04480337107849,-8.802302347283115,0.495,-3.3943954137308396,1.3801984716175137
75.2,-2.4375260737129962,4791.3740384886705,314.94564739222767,-0.1745,68.02416195077029,-9.043101822175107,0.165,-3.3943954137308396,1.3801984716175137
75.3,-2.4661940865265137,4798.176121344465,314.0336909120015,-0.1745,68.017495165123,-9.196027782349113,0.165,-3.3943954137308396,1.3801984716175137
75.39999999999999,-2.4844694111254557,4804.977974363652,313.1092249601771,-0.1745,68.01956521860359,-9.293291254139103,0.165,-3.3943954137308396,1.3801984716175137
75.49999999999999,-2.4961690487004176,4811.7803079108235,312.17679492969506,-0.1745,68.02710572482992,-9.355309355500987,0.165,-3.3943954137308396,1.3801984716175137
75.59999999999998,-2.5037094722026723,4818.583566638741,311.2392786231385,-0.1745,68.03806883352598,-9.395016775630026,0.165,-3.3943954137308396,1.3801984716175137
75.69999999999997,-2.508619973209314,4825.38802839898,310.2984975649234,-0.1745,68.05116637126292,-9.420604388671649,0.165,-3.3943954137308396,1.3801984716175137
75.79999999999997,-2.5118681159297203,4832.193866036296,309.3556044815828,-0.1745,68.06558637504463,-9.437257278140224,0.165,-3.3943954137308396,1.3801984716175137
75.89999999999996,-2.514065928673829,4839.001186176653,308.41132877439253,-0.1745,68.08081643211153,-9.448256865665309,0.165,-3.3943954137308396,1.3801984716175137
75.99999999999996,-2.322805860489105,4845.810053646323,307.46613196336244,-0.1745,68.09653296127331,-9.455679354936958,0.165,-3.3943954137308396,1.3801984716175137
76.09999999999995,-2.3951102975726055,4852.623353507016,306.55335304371755,-0.1495,68.1694642525941,-8.799899037961396,0.165,-3.3943954137308396,1.3801984716175137
76.19999999999995,-2.4409747545357368,4859.43920322755,305.6610871016949,-0.1745,68.14753015809563,-9.045419802491804,0.165,-3.3943954137308396,1.3801984716175137
76.29999999999994,-2.4701121822320466,4866.253574187852,304.74875763587863,-0.1745,68.13988904793796,-9.201169513833442,0.165,-3.3943954137308396,1.3801984716175137
76.39999999999993,-2.4886723340309342,4873.067627374714,303.8236936128517,-0.1745,68.1411746893113,-9.300110946705452,0.165,-3.3943954137308396,1.3801984716175137
76.49999999999993,-2.500546489718168,4879.882088350041,302.8905322162976,-0.1745,68.14804481722352,-9.363116984376306,0.165,-3.3943954137308396,1.3801984716175137
76.59999999999992,-2.508195736740595,4886.6974109121475,301.9522064687305,-0.1745,68.1584064248941,-9.403397966965699,0.165,-3.3943954137308396,1.3801984716175137
76.69999999999992,-2.513176079737715,4893.513878451511,301.01057101739445,-0.1745,68.17094436238509,-9.429311059754658,0.165,-3.3943954137308396,1.3801984716175137
76.79999999999991,-2.51647102439116,4900.331667195948,300.06679839449396,-0.1745,68.18483052634987,-9.446141398255211,0.165,-3.3943954137308396,1.3801984716175137
76.8999999999999,-2.530671579614398,4907.15088586463,299.1216298028745,-0.1745,68.19954284728283,-9.457230434134296,0.165,-3.124081160936052,1.2468744972300387
76.9999999999999,-2.5398008224579973,4913.971342205515,298.1734893515881,-0.1745,68.2095839704078,-9.505578591593888,0.165,-3.124081160936052,1.2468744972300387
77.0999999999999,-2.5457205695356206,4920.792933906929,297.22137706111965,-0.1745,68.22225005787878,-9.536667217775364,0.165,-3.124081160936052,1.2468744972300387
77.19999999999989,-2.5496097969692104,4927.615873844312,296.2667024305734,-0.1745,68.23654868977866,-9.556825393149786,0.165,-3.124081160936052,1.2468744972300387
77.29999999999988,-2.5522148959264594,4934.440293947568,295.3103580576126,-0.1745,68.25185337533796,-9.57006206606676,0.165,-3.124081160936052,1.2468744972300387
77.39999999999988,-2.5540082964266775,4941.266275030623,294.3529091572594,-0.1745,68.26776828576688,-9.578915940997502,0.165,-3.124081160936052,1.2468744972300387
77.49999999999987,-2.555288968814597,4948.093865606282,293.3947136432606,-0.1745,68.28404322741336,-9.584994338978028,0.165,-3.124081160936052,1.2468744972300387
77.59999999999987,-2.5562460796629054,4954.923093770075,292.435998190772,-0.1745,68.30052004845939,-9.58931471079411,0.165,-3.124081160936052,1.2468744972300387
77.69999999999986,-2.556999300111611,4961.753974712557,291.47690640489145,-0.1745,68.31709880117293,-9.592521006817323,0.165,-3.124081160936052,1.2468744972300387
77.79999999999986,-2.5576243245966026,4968.58651547039,290.5175293183072,-0.1745,68.3337163554953,-9.595020724867368,0.165,-3.124081160936052,1.2468744972300387
77.89999999999985,-2.558169023455097,4975.420717931871,289.5579246972213,-0.1745,68.3503328741231,-9.597071696850149,0.165,-3.124081160936052,1.2468744972300387
77.99999999999984,-2.5586636653282824,4982.2565807384,288.598129260548,-0.1745,68.36692325644871,-9.598837036616235,0.165,-3.124081160936052,1.2468744972300387
78.09999999999984,-2.559127385533837,4989.094100487474,287.63816641254147,-0.1745,68.3834717250274,-9.60041992351448,0.165,-3.124081160936052,1.2468744972300387
78.19999999999983,-2.5595722784070936,4995.933272493736,286.6780511354736,-0.1745,68.39996840020032,-9.601885617842473,0.165,-3.124081160936052,1.2468744972300387
78.29999999999983,-2.560005986023403,5002.774091270384,285.7177930849366,-0.1745,68.41640713275591,-9.603275392896869,0.165,-3.124081160936052,1.2468744972300387
78.39999999999982,-2.5604333355323994,5009.616550833655,284.75739854777663,-0.1745,68.43278413267822,-9.604615350303018,0.165,-3.124081160936052,1.2468744972300387
78.49999999999982,-2.5608573746062877,5016.460644895372,283.79687168041136,-0.1745,68.44909710165042,-9.605921997002213,0.165,-3.124081160936052,1.2468744972300387
78.59999999999981,-2.5612800261655067,5023.30636698467,282.83621529191055,-0.1745,68.46534468430906,-9.607205773014291,0.165,-3.124081160936052,1.2468744972300387
78.6999999999998,-2.561702502312364,5030.153710524944,281.875431339128,-0.1745,68.48152612116971,-9.608473282637163,0.165,-3.124081160936052,1.2468744972300387
78.7999999999998,-2.5621255659943687,5037.002668882459,280.9145212397254,-0.1745,68.49764102913468,-9.609728705415499,0.165,-3.124081160936052,1.2468744972300387
78.89999999999979,-2.5625496963892362,5043.853235397051,279.9534860700402,-0.1745,68.5136892627027,-9.610974688288291,0.165,-3.124081160936052,1.2468744972300387
78.99999999999979,-2.562975193422803,5050.705403401497,278.9923266901452,-0.1745,68.52967082622008,-9.612212909611726,0.165,-3.124081160936052,1.2468744972300387
79.09999999999978,-2.563737551002409,5057.559166233729,278.03104382288006,-0.1745,68.54558581841003,-9.613444435690557,0.165,-3.124081160936052,1.2468744972300387
79.19999999999978,-2.5638261290061033,5064.41614218674,277.0693516377978,-0.1745,68.59393324181747,-9.6203992659542,0.495,-3.124081160936052,1.2468744972300387
79.29999999999977,-2.564043195572169,5071.276326869591,276.1073099677744,-0.1745,68.60976041520084,-9.620434134513992,0.165,-3.124081160936052,1.2468744972300387
79.39999999999976,-2.5643419902920153,5078.138087620054,275.1452433854562,-0.1745,68.62545459406323,-9.620897511850993,0.165,-3.124081160936052,1.2468744972300387
79.49999999999976,-2.5646930079575747,5085.0014123962155,274.18311703516827,-0.1745,68.64104092917624,-9.621629493907188,0.165,-3.124081160936052,1.2468744972300387
79.59999999999975,-2.5650776325500964,5091.866291212113,273.22090910172517,-0.1745,68.65653538876438,-9.62252917495476,0.165,-3.124081160936052,1.2468744972300387
79.69999999999975,-2.5654841190157014,5098.7327153887245,272.25860599849113,-0.1745,68.67194814347259,-9.623532889725434,0.165,-3.124081160936052,1.2468744972300387
79.79999999999974,-2.565905057272544,5105.600677081101,271.29619933017227,-0.1745,68.6872857040534,-9.624600476652104,0.165,-3.124081160936052,1.2468744972300387
79.89999999999974,-2.5663357718864956,5112.4701689798585,270.33368397602595,-0.1745,68.70255227109267,-9.625706606273802,0.165,-3.124081160936052,1.2468744972300387
79.99999999999973,-2.566773312321611,5119.341184122766,269.371056880322,-0.1745,68.7177505870706,-9.626835307805543,0.165,-3.124081160936052,1.2468744972300387
80.09999999999972,-2.567215815902948,5126.213715775828,268.408316289192,-0.1745,68.73288247416963,-9.627976514795003,0.165,-3.124081160936052,1.2468744972300387
80.19999999999972,-2.567662105969006,5133.08775735822,267.44546126918607,-0.1745,68.74794917368102,-9.629123885323349,0.165,-3.124081160936052,1.2468744972300387
80.29999999999971,-2.5681114384152637,5139.963302394913,266.482491403587,-0.1745,68.762951560172,-9.630273426657675,0.165,-3.124081160936052,1.2468744972300387
80.39999999999971,-2.56856334185212,5146.840344486752,265.51940660087496,-0.1745,68.7778902766083,-9.631422627583241,0.165,-3.124081160936052,1.2468744972300387
80.4999999999997,-2.5690175168132305,5153.7188772915615,264.5562069739415,-0.1745,68.79276581959475,-9.632569911085612,0.165,-3.124081160936052,1.2468744972300387
80.5999999999997,-2.5694737722071603,5160.598894512198,263.59289276392974,-0.1745,68.8075785931416,-9.63371428915046,0.165,-3.124081160936052,1.2468744972300387
80.69999999999969,-1.7043969129885286,5167.480389888984,262.62946429221876,-0.1745,68.82232894257407,-9.634855145068787,0.165,-3.124081160936052,1.2468744972300387
80.79999999999968,-2.0258522263111214,5174.362878246332,261.8169968595852,-0.06225,68.82743820438988,-6.614493507603279,0.8300000000000001,-3.124081160936052,1.2468744972300387
80.89999999999968,-2.2295425797337116,5181.23725652103,261.1006634795535,-0.1745,68.66012728957045,-7.712174093030484,0.165,-3.124081160936052,1.2468744972300387
80.99999999999967,-2.358576169179833,5188.098435676113,260.294695765091,-0.1745,68.5634558120829,-8.407180196219613,0.165,-3.124081160936052,1.2468744972300387
81.09999999999967,-2.440326468643244,5194.952087609499,259.43196901627294,-0.1745,68.50958285565434,-8.847354780141268,0.165,-3.124081160936052,1.2468744972300387
81.19999999999966,-2.4921547809747913,5201.801668139265,258.53329102808357,-0.1745,68.482027739646,-9.12620498364626,0.165,-3.124081160936052,1.2468744972300387
81.29999999999966,-2.5254212493817514,5208.649309680877,257.6118327965234,-0.1745,68.47080309260494,-9.302959647556623,0.165,-3.124081160936052,1.2468744972300387
81.39999999999965,-2.5460237162114434,5215.497962977884,256.6756418019304,-0.1745,68.50226284751753,-9.420860244302933,0.495,-3.124081160936052,1.2468744972300387
81.49999999999964,-2.5591915382644266,5222.348457719756,255.7300467264421,-0.1745,68.50763198993387,-9.49104126546263,0.165,-3.124081160936052,1.2468744972300387
81.59999999999964,-2.5676645161219565,5229.199685253519,254.77870382501538,-0.1745,68.51691868533256,-9.535816763071658,0.165,-3.124081160936052,1.2468744972300387
81.69999999999963,-2.5731736976922277,5236.051963608186,253.82368594109803,-0.1745,68.52864840800495,-9.56454091527557,0.165,-3.124081160936052,1.2468744972300387
81.79999999999963,-2.576812478707773,5242.9054907170275,252.86630262672452,-0.1745,68.54189376881637,-9.583125372194816,0.165,-3.124081160936052,1.2468744972300387
81.89999999999962,-2.579271332769213,5249.760388939152,251.9073811021125,-0.1745,68.55607067367198,-9.595305120045118,0.165,-3.124081160936052,1.2468744972300387
81.99999999999962,-2.580986206276955,5256.616733020618,250.94744387690656,-0.1745,68.57081095564698,-9.603439384073578,0.165,-3.124081160936052,1.2468744972300387
82.09999999999961,-2.5822322968784124,5263.474567691807,249.98682100302398,-0.1745,68.58588246813298,-9.609018093578017,0.165,-3.124081160936052,1.2468744972300387
82.1999999999996,-2.5831832996147193,5270.333918756541,249.02572099688112,-0.1745,68.6011388265357,-9.612982029279115,0.165,-3.124081160936052,1.2468744972300387
82.2999999999996,-2.5842846589030133,5277.194800085287,248.06427563869383,-0.1745,68.61648774839357,-9.615925134466929,0.165,-3.124081160936052,1.2468744972300387
82.3999999999996,-2.584593997337546,5284.058842969466,247.10228179943053,-0.1745,68.66436993518458,-9.62395165079907,0.495,-3.124081160936052,1.2468744972300387
82.49999999999959,-2.584957394566336,5290.926051255717,246.13985148991068,-0.1745,68.67979578982141,-9.624654539597847,0.165,-3.124081160936052,1.2468744972300387
82.59999999999958,-2.5853555438097904,5297.794797515566,245.1773421839805,-0.1745,68.69512940716221,-9.62553157900567,0.165,-3.124081160936052,1.2468744972300387
82.69999999999958,-2.5857762681910597,5304.665073052489,244.21473976996873,-0.1745,68.71038133130595,-9.626516701229997,0.165,-3.124081160936052,1.2468744972300387
82.79999999999957,-2.586211887738157,5311.536870034344,243.25203552279905,-0.1745,68.72555830579498,-9.627568242163777,0.165,-3.124081160936052,1.2468744972300387
82.89999999999957,-2.5866575583786906,5318.410181183433,242.2892241140509,-0.1745,68.74066467599698,-9.628659932798847,0.165,-3.124081160936052,1.2468744972300387
82.99999999999956,-2.5871102242378283,5325.284999580939,241.32630235666443,-0.1745,68.75570327412248,-9.62977521493051,0.165,-3.124081160936052,1.2468744972300387
83.09999999999955,-2.5875679568678307,5332.161318543528,240.36326841317336,-0.1745,68.77067597765497,-9.630903654890997,0.165,-3.124081160936052,1.2468744972300387
83.19999999999955,-2.588029538561512,5339.039131545494,239.40012129636736,-0.1745,68.78558406165911,-9.632038681228854,0.165,-3.124081160936052,1.2468744972300387
83.29999999999954,-2.5884941996194044,5345.9184321696275,238.4368605544184,-0.1745,68.80042842101777,-9.633176157750533,0.165,-3.124081160936052,1.2468744972300387
83.39999999999954,-2.5889614527096554,5352.799214076208,237.4734860723519,-0.1745,68.8152097106014,-9.634313483579279,0.165,-3.124081160936052,1.2468744972300387
83.49999999999953,-2.5894309884530116,5359.681470983422,236.50999794688997,-0.1745,68.82992843366421,-9.635449025659451,0.165,-3.124081160936052,1.2468744972300387
83.59999999999953,-2.59058018756181,5366.565196654984,235.54639640755985,-0.1745,68.84458499758338,-9.63658176094288,0.165,-3.124081160936052,1.2468744972300387
83.69999999999952,-2.590370700271731,5373.453659397101,234.58210449459486,-0.1745,68.9246698447487,-9.649256498357225,0.8300000000000001,-3.124081160936052,1.2468744972300387
83.79999999999951,-2.590418747035341,5380.346857527725,233.6172421344222,-0.1745,68.93929276773616,-9.64799070509587,0.165,-3.124081160936052,1.2468744972300387
83.89999999999951,-2.5906294421756164,5387.241508093258,232.65246259561548,-0.1745,68.95371854292878,-9.647600071039045,0.165,-3.124081160936052,1.2468744972300387
83.9999999999995,-2.5909430784570953,5394.137593931813,231.68769466767355,-0.1745,68.96799822817172,-9.647758487799525,0.165,-3.124081160936052,1.2468744972300387
84.0999999999995,-2.5913220881782855,5401.035102045813,230.72289370722922,-0.1745,68.98216405182998,-9.648260721087027,0.165,-3.124081160936052,1.2468744972300387
84.19999999999949,-2.5917428356370653,5407.934022067672,229.7580317899503,-0.1745,68.99623638534958,-9.648977624491065,0.165,-3.124081160936052,1.2468744972300387
84.29999999999949,-2.592190451312255,5414.834345293706,228.7930915116143,-0.1745,69.0102281353211,-9.649827942229008,0.165,-3.124081160936052,1.2468744972300387
84.39999999999948,-2.5926555808527896,5421.736064075939,227.82806208659838,-0.1745,69.0241475093345,-9.650760558089328,0.165,-3.124081160936052,1.2468744972300387
84.49999999999947,-1.7257532686646182,5428.639171439275,226.862936892604,-0.1745,69.0379997573792,-9.651743321798099,0.165,-3.124081160936052,1.2468744972300387
84.59999999999947,-2.0489677770697474,5435.539890972495,226.04988738341166,-0.06225,68.97639090702614,-6.609246862049092,0.165,-3.124081160936052,1.2468744972300387
84.69999999999946,-2.2535441914138237,5442.429057285322,225.33366660561344,-0.1745,68.80693534951246,-7.715168693915058,0.165,-3.124081160936052,1.2468744972300387
84.79999999999946,-2.382999089667689,5449.30484720053,224.52718109746118,-0.1745,68.70886295464976,-8.414541469130057,0.165,-3.124081160936052,1.2468744972300387
84.89999999999945,-2.464932077675954,5456.172989357081,223.66360686080398,-0.1745,68.65398017635728,-8.85694326401375,0.165,-3.124081160936052,1.2468744972300387
84.99999999999945,-2.5168271251017775,5463.036969498079,222.7639166943442,-0.1745,68.6256226436061,-9.136860065181551,0.165,-3.124081160936052,1.2468744972300387
85.09999999999944,-2.5497476413919333,5469.898935888395,221.84137027971047,-0.1745,68.61370516270607,-9.31406822749292,0.165,-3.124081160936052,1.2468744972300387
85.19999999999943,-2.5706880442256947,5476.760222664997,220.90434779627088,-0.1745,68.6120303693336,-9.426381441299055,0.165,-3.124081160936052,1.2468744972300387
85.29999999999943,-2.584067362356945,5483.621661811592,219.95814333242697,-0.1745,68.61675256256974,-9.497707835579169,0.165,-3.124081160936052,1.2468744972300387
85.39999999999942,-2.5926761544344785,5490.483772964303,219.00610016363086,-0.1745,68.62547049164718,-9.543155540342953,0.165,-3.124081160936052,1.2468744972300387
85.49999999999942,-2.5982759838427953,5497.346880437602,218.0503290126547,-0.1745,68.63667897432978,-9.572267479180423,0.165,-3.124081160936052,1.2468744972300387
85.59999999999941,-2.6019785420763872,5504.211185998578,217.09216217765305,-0.1745,68.64943224519729,-9.591069220852303,0.165,-3.124081160936052,1.2468744972300387
85.6999999999994,-2.6044852404685725,5511.076814370169,216.13244049926524,-0.1745,68.66313518662237,-9.603364346903845,0.165,-3.124081160936052,1.2468744972300387
85.7999999999994,-2.606238543974237,5517.943841780568,215.17169461766204,-0.1745,68.67741302135464,-9.611553285160419,0.165,-3.124081160936052,1.2468744972300387
85.8999999999994,-2.6075175218662734,5524.8123139138,214.210259420971,-0.1745,68.69202964328757,-9.617150648660663,0.165,-3.124081160936052,1.2468744972300387
85.99999999999939,-2.608498160014903,5531.6822572109595,213.24834629035894,-0.1745,68.70683629991467,-9.621111963580704,0.165,-3.124081160936052,1.2468744972300387
86.09999999999938,-2.609291421643816,5538.55368599072,212.28608869446754,-0.1745,68.72173929529826,-9.624039954247424,0.165,-3.124081160936052,1.2468744972300387
86.19999999999938,-2.6099672613841562,5545.426606937696,211.32357095907773,-0.1745,68.73667964423821,-9.626314753548522,0.165,-3.124081160936052,1.2468744972300387
86.29999999999937,-2.6105697741570477,5552.3010219323105,210.360846417523,-0.1745,68.75162024805313,-9.628176077545982,0.165,-3.124081160936052,1.2468744972300387
86.39999999999937,-2.6111267501492073,5559.1769298351555,209.39794885983557,-0.1745,68.7665378088499,-9.629775076202442,0.165,-3.124081160936052,1.2468744972300387
86.49999999999936,-2.611655700642413,5566.0543276121325,208.43489975376605,-0.1745,68.78141773068644,-9.63120704518767,0.165,-3.124081160936052,1.2468744972300387
86.59999999999935,-2.612167657677679,5572.933211043873,207.47171279849368,-0.1745,68.79625090411365,-9.63253206025956,0.165,-3.124081160936052,1.2468744972300387
86.69999999999935,-2.6126695696679336,5579.8135751730015,206.50839679590572,-0.1745,68.81103167846068,-9.633787991499897,0.165,-3.124081160936052,1.2468744972300387
86.79999999999934,-2.6131658115903593,5586.695414586085,205.54495746081142,-0.1745,68.82575658320191,-9.634998710386109,0.165,-3.124081160936052,1.2468744972300387
86.89999999999934,-2.613659136890213,5593.578723591332,204.58139856205784,-0.1745,68.84042352174525,-9.636179264685587,0.165,-3.124081160936052,1.2468744972300387
86.99999999999933,-2.6141512774095546,5600.463496330577,203.61772264177245,-0.1745,68.85503126314428,-9.637339141022217,0.165,-3.124081160936052,1.2468744972300387
87.09999999999933,-2.6146433214400617,5607.349726849818,202.6539314686445,-0.1745,68.86957912167546,-9.638484321536694,0.165,-3.124081160936052,1.2468744972300387
87.19999999999932,-2.615135951928604,5614.237409143645,201.69002632355742,-0.1745,68.8840667548678,-9.639618580204601,0.165,-3.124081160936052,1.2468744972300387
87.29999999999932,-2.6156295965487377,5621.126537183199,200.7260081795568,-0.1745,68.89849403621116,-9.640744299807686,0.165,-3.124081160936052,1.2468744972300387
87.39999999999931,-2.42313347145855,5628.017104933756,199.76187781522913,-0.1745,68.91286097494034,-9.641862986745693,0.165,-3.124081160936052,1.2468744972300387
87.4999999999993,-2.1082362874762333,5634.915305257343,198.83068681914585,-0.1495,69.05114549679926,-8.981956934919781,0.8300000000000001,-3.124081160936052,1.2468744972300387
87.5999999999993,-2.297305623215752,5641.825461092839,197.9872009015034,-0.1245,69.1519712131279,-7.887761417929408,0.495,-3.124081160936052,1.2468744972300387
87.69999999999929,-2.4166142560994377,5648.736097378642,197.16595097969483,-0.1745,69.06075450293775,-8.537237018242122,0.165,-3.124081160936052,1.2468744972300387
87.79999999999929,-2.4919298989096186,5655.639618135391,196.2917476218747,-0.1745,69.00966063205274,-8.946830138160749,0.165,-3.124081160936052,1.2468744972300387
87.89999999999928,-2.539523557099841,5662.539260437847,195.38414597498104,-0.1745,68.98318541706163,-9.205202799712554,0.165,-3.124081160936052,1.2468744972300387
87.99999999999928,-2.569658604122082,5669.437016904031,194.45547187534135,-0.1745,68.9719439066301,-9.368279193081516,0.165,-3.124081160936052,1.2468744972300387
88.09999999999927,-2.588803581453469,5676.334122796871,193.51349157259645,-0.1745,68.97017395017097,-9.471326861816223,0.165,-3.124081160936052,1.2468744972300387
88.19999999999926,-2.601032836648014,5683.23134676998,192.56309646909796,-0.1745,68.97430551199963,-9.536575208153494,0.165,-3.124081160936052,1.2468744972300387
88.29999999999926,-2.608911544156913,5690.129167746453,191.6073662810348,-0.1745,68.98211401748271,-9.578028553109434,0.165,-3.124081160936052,1.2468744972300387
88.39999999999925,-2.6140541839857727,5697.027883863015,190.64823956106434,-0.1745,68.992208313753,-9.604505846299913,0.165,-3.124081160936052,1.2468744972300387
88.49999999999925,-2.618160023796399,5703.927680104681,189.68693632621188,-0.1745,69.00371651956598,-9.621558850749388,0.165,-3.124081160936052,1.2468744972300387
88.59999999999924,-2.619819359147785,5710.831945009555,188.7236470283731,-0.1745,69.081581577924,-9.64422710602581,0.8300000000000001,-3.124081160936052,1.2468744972300387
88.69999999999924,-2.6210547041940364,5717.740752498053,187.75897409454876,-0.1745,69.09456819202623,-9.649231570461092,0.165,-3.124081160936052,1.2468744972300387
88.79999999999923,-2.6220242524154926,5724.650867222394,186.79387427294597,-0.1745,69.10772629479192,-9.652764861594527,0.165,-3.124081160936052,1.2468744972300387
88.89999999999922,-2.6228274206182483,5731.562302089097,185.82846743013752,-0.1745,69.1209710392816,-9.655371994574722,0.165,-3.124081160936052,1.2468744972300387
88.99999999999922,-2.623526679128892,5738.475063100447,184.86282905209234,-0.1745,69.13424918771265,-9.657395566329217,0.165,-3.124081160936052,1.2468744972300387
89.09999999999921,-2.624161276981562,5745.389151928209,183.89700672829787,-0.1745,69.14752736751905,-9.659050909560328,0.165,-3.124081160936052,1.2468744972300387
89.1999999999992,-2.6247558701155156,5752.304567531138,182.93103051513359,-0.1745,69.1607846910568,-9.660473353725159,0.165,-3.124081160936052,1.2468744972300387
89.2999999999992,-1.7560621456801608,5759.22130717154,181.96491945038522,-0.1745,69.1740081169717,-9.661747941242238,0.165,-3.124081160936052,1.2468744972300387
89.3999999999992,-1.022701495231109,5766.137263615274,181.15132282026576,-0.06225,69.1451207577136,-6.610184661146998,0.495,-3.124081160936052,1.2468744972300387
89.49999999999919,-1.4254543823721877,5773.044636381124,180.61833196369372,-0.03725,69.0023345592927,-4.0496324702939495,0.165,-3.124081160936052,1.2468744972300387
89.59999999999918,-1.4895068238124842,5779.934497780543,180.14443943264152,-0.1495,68.79489342908681,-5.428218150750282,0.165,-3.124081160936052,1.2468744972300387
89.69999999999918,-1.9136375597192408,5786.8112397970435,179.5908276892742,-0.1245,68.73994690093016,-5.644016716596002,0.165,-3.124081160936052,1.2468744972300387
89.79999999999917,-2.1822087752185837,5793.67537718958,178.95401316113427,-0.1745,68.54280094979731,-7.092273846202682,0.495,-3.124081160936052,1.2468744972300387
89.89999999999917,-2.352653567703845,5800.522972791434,178.19908777478804,-0.1745,68.40911108727178,-8.006233880722126,0.165,-3.124081160936052,1.2468744972300387
89.99999999999916,-2.460810277328439,5807.360073335633,177.3694760962966,-0.1745,68.33289979671301,-8.585999689106613,0.165,-3.124081160936052,1.2468744972300387
90.09999999999916,-2.529464858464227,5814.1913085623955,176.4924835046976,-0.1745,68.29180473852959,-8.953852142873778,0.165,-3.124081160936052,1.2468744972300387
90.19999999999915,-2.3817170977424866,5821.019520146803,175.58542412840328,-0.1745,68.27242694963064,-9.187335383012673,0.165,-3.124081160936052,1.2468744972300387
90.29999999999914,-2.4797607938976105,5827.85120737978,174.6918969927545,-0.1495,68.36131770991017,-8.683207329962816,0.495,-3.124081160936052,1.2468744972300387
90.39999999999914,-2.541987389112345,5834.685554444536,173.8068954250074,-0.1745,68.32562358520377,-9.01682402497909,0.165,-3.124081160936052,1.2468744972300387
90.49999999999913,-2.39004466594607,5841.517313238615,172.89462757987383,-0.1745,68.30955229637134,-9.228532877692409,0.165,-3.124081160936052,1.2468744972300387
90.59999999999913,-2.4855856648146912,5848.352792218198,171.99771545536942,-0.1495,68.40002729529124,-8.709709612395871,0.495,-3.124081160936052,1.2468744972300387
90.69999999999912,-2.5462085393543425,5855.191068971014,171.1104812623817,-0.1745,68.36550776101554,-9.034974247358093,0.165,-3.124081160936052,1.2468744972300387
90.79999999999912,-2.5847219968941637,5862.026850022081,170.19666667631336,-0.1745,68.35011326031793,-9.24131747400903,0.165,-3.124081160936052,1.2468744972300387
90.89999999999911,-2.6092438313249353,5868.861687776497,169.26598350056014,-0.1745,68.34664182800813,-9.37234604105505,0.165,-3.124081160936052,1.2468744972300387
90.9999999999991,-2.6249150354506465,5875.696551228712,168.32458134411164,-0.1745,68.35062721629915,-9.45569708791494,0.165,-3.124081160936052,1.2468744972300387
91.0999999999991,-2.6349896053709267,5882.532046573436,167.37635265486495,-0.1745,68.35927967815809,-9.50887669701906,0.165,-3.124081160936052,1.2468744972300387
91.1999999999991,-2.6415263176653814,5889.368552993193,166.42376040918333,-0.1745,68.37084871698156,-9.542968216613161,0.165,-3.124081160936052,1.2468744972300387
91.29999999999909,-2.6458273348591854,5896.206307070604,165.46836270386447,-0.1745,68.3842328312462,-9.564985889764044,0.165,-3.124081160936052,1.2468744972300387
91.39999999999908,-2.6487160599112936,5903.045455597716,164.51114504051864,-0.1745,68.39873771098344,-9.579367377152598,0.165,-3.124081160936052,1.2468744972300387
91.49999999999908,-2.458609619361429,5909.886088747212,163.55273069588506,-0.1745,68.41392527894247,-9.588919515519276,0.165,-3.124081160936052,1.2468744972300387
91.59999999999907,-2.5310252831586637,5916.731116315877,162.62660259771764,-0.1495,68.4866260943726,-8.933642447828934,0.165,-3.124081160936052,1.2468744972300387
91.69999999999906,-2.576969319211217,5923.57866168341,161.72089734246035,-0.1745,68.46428125628499,-9.180462657316877,0.165,-3.124081160936052,1.2468744972300387
91.79999999999906,-2.6061727881864267,5930.424691784204,160.79502564094068,-0.1745,68.45632075958723,-9.33697137307662,0.165,-3.124081160936052,1.2468744972300387
91.89999999999905,-2.624794456962798,5937.270374857949,159.85635951117987,-0.1745,68.45734071530448,-9.436351222139185,0.165,-3.124081160936052,1.2468744972300387
91.99999999999905,-2.6367297987405687,5944.116440739022,158.90956163085337,-0.1745,68.46397690616095,-9.499606384390603,0.165,-3.124081160936052,1.2468744972300387
92.09999999999904,-2.6444416157433066,5950.963345757097,157.9575800463602,-0.1745,68.4741234553374,-9.540025305472897,0.165,-3.124081160936052,1.2468744972300387
92.19999999999904,-2.6494864119246704,5957.8113748124815,157.0022782103548,-0.1745,68.48645765234193,-9.566011414635106,0.165,-3.124081160936052,1.2468744972300387
92.29999999999903,-2.652847642608946,5964.660705042833,156.04483378355124,-0.1745,68.50014695468958,-9.582877121436361,0.165,-3.124081160936052,1.2468744972300387
92.39999999999903,-2.655146554079209,5971.511445725199,155.08599093389347,-0.1745,68.51466669263728,-9.593979871719187,0.165,-3.124081160936052,1.2468744972300387
92.49999999999902,-2.6567755121308134,5978.363663359643,154.1262198852048,-0.1745,68.52968599625274,-9.60144110205426,0.165,-3.124081160936052,1.2468744972300387
92.59999999999901,-2.6579822846049987,5985.217397467119,153.16581777956597,-0.1745,68.54499615324355,-9.606601010722226,0.165,-3.124081160936052,1.2468744972300387
92.69999999999901,-2.658923305076347,5992.072670550418,152.20497242328298,-0.1745,68.56046551274322,-9.610306114937703,0.165,-3.124081160936052,1.2468744972300387
92.799999999999,-2.6596973261210604,5998.929494379019,151.24380256630295,-0.1745,68.57601105929602,-9.613091024663012,0.165,-3.124081160936052,1.2468744972300387
92.899999999999,-2.660366678202935,6005.787873955975,150.28238334902966,-0.1745,68.59158047982167,-9.615293320802802,0.165,-3.124081160936052,1.2468744972300387
92.99999999999899,-2.6609706967210354,6012.6478100222075,149.32076237588018,-0.1745,68.60714084483965,-9.61712614218666,0.165,-3.124081160936052,1.2468744972300387
93.09999999999899,-2.661534201182053,6019.509300637579,148.3589698666463,-0.1745,68.62267146259495,-9.61872404249075,0.165,-3.124081160936052,1.2468744972300387
93.19999999999898,-2.662072849014108,6026.372342179066,147.3970250667295,-0.1745,68.63815936715396,-9.620171955845315,0.165,-3.124081160936052,1.2468744972300387
93.29999999999897,-2.6625965155342097,6033.236929970901,146.4349402944217,-0.1745,68.65359646952514,-9.621523490311029,0.165,-3.124081160936052,1.2468744972300387
93.39999999999897,-2.6631114274988503,6040.103058682322,145.47272349592373,-0.1745,68.66897775889841,-9.622812479648005,0.165,-3.124081160936052,1.2468744972300387
93.49999999999896,-2.6636215096950258,6046.970722578617,144.51037985809612,-0.1745,68.68430016700037,-9.624060276904158,0.165,-3.124081160936052,1.2468744972300387
93.59999999999896,-2.6641292347302525,6053.839915679526,143.5479128263087,-0.1745,68.69956185117273,-9.625280358843938,0.165,-3.124081160936052,1.2468744972300387
93.69999999999895,-2.664636159238106,6060.710631859176,142.58532474674993,-0.1745,68.7147617418344,-9.626481232331615,0.165,-3.124081160936052,1.2468744972300387
93.79999999999895,-2.665143262172866,6067.582864909111,141.62261727170116,-0.1745,68.72989925686167,-9.627668268643628,0.165,-3.124081160936052,1.2468744972300387
93.89999999999894,-2.6656511582139846,6074.456608578021,140.65979161521835,-0.1745,68.7449741213406,-9.628844861012361,0.165,-3.124081160936052,1.2468744972300387
93.99999999999893,-2.66616023236969,6081.331856596779,139.69684871441768,-0.1745,68.75998625383126,-9.630013155000809,0.165,-3.124081160936052,1.2468744972300387
94.09999999999893,-2.6666707248666683,6088.2086026942015,138.73378933120327,-0.1745,68.7749356946099,-9.631174509287657,0.165,-3.124081160936052,1.2468744972300387
94.19999999999892,-2.667182784680187,6095.086840606952,137.77061411642217,-0.1745,68.78982256040156,-9.632329786334394,0.165,-3.124081160936052,1.2468744972300387
94.29999999999892,-2.6676965032851134,6101.966564085764,136.80732365031957,-0.1745,68.80464701582765,-9.633479535717294,0.165,-3.124081160936052,1.2468744972300387
94.39999999999891,-2.668211935933424,6108.8477668993255,135.84391846804644,-0.1745,68.81940925539882,-9.634624109745554,0.165,-3.124081160936052,1.2468744972300387
94.4999999999989,-2.6687291150663817,6115.730442836703,134.88039907574083,-0.1745,68.83410949216022,-9.635763736366556,0.165,-3.124081160936052,1.2468744972300387
94.5999999999989,-2.669248058767779,6122.614585708838,133.9167659606659,-0.1745,68.84874795053256,-9.636898565131952,0.165,-3.124081160936052,1.2468744972300387
94.6999999999989,-2.669768776091026,6129.500189349455,132.95301959760056,-0.1745,68.86332486179933,-9.638028696175214,0.165,-3.124081160936052,1.2468744972300387
94.79999999999889,-2.670291270415748,6136.3872476156075,131.98916045286794,-0.1745,68.87784046126275,-9.639154198477137,0.165,-3.124081160936052,1.2468744972300387
94.89999999999888,-2.670815541562492,6143.275754387993,131.02518898687518,-0.1745,68.89229498645169,-9.640275121377751,0.165,-3.124081160936052,1.2468744972300387
94.99999999999888,-2.671341587124812,6150.165703571116,130.06110565571475,-0.1745,68.90668867599288,-9.641391501830846,0.165,-3.124081160936052,1.2468744972300387
95.09999999999887,-2.671869403308251,6157.05708909336,129.09691091217445,-0.1745,68.92102176890026,-9.642503368975,0.165,-3.124081160936052,1.2468744972300387
95.19999999999887,-2.6723989854586385,6163.949904907012,128.13260520637502,-0.1745,68.9352945041278,-9.643610747013398,0.165,-3.124081160936052,1.2468744972300387
95.29999999999886,-2.6729303283946972,6170.844144988233,127.16818898617295,-0.1745,68.94950712028839,-9.644713657027937,0.165,-3.124081160936052,1.2468744972300387
95.39999999999885,-2.6734634266173702,6177.739803337021,126.20366269741547,-0.1745,68.96365985547739,-9.645812118121817,0.165,-3.124081160936052,1.2468744972300387
95.49999999999885,-2.6739982744415274,6184.636873977153,125.23902678410242,-0.1745,68.97775294716212,-9.646906148139095,0.165,-3.124081160936052,1.2468744972300387
95.59999999999884,-2.6745348660787838,6191.535350956117,124.27428168848958,-0.1745,68.99178663211283,-9.647995764117772,0.165,-3.124081160936052,1.2468744972300387
95.69999999999884,-2.6750731956895324,6198.435228345041,123.30942785115494,-0.1745,69.00576114635994,-9.64908098257502,0.165,-3.124081160936052,1.2468744972300387
95.79999999999883,-2.6756132574156144,6205.336500238617,122.34446571104185,-0.1745,69.01967672516766,-9.65016181968671,0.165,-3.124081160936052,1.2468744972300387
95.89999999999883,-2.6761550454007765,6212.239160755026,121.3793957054875,-0.1745,69.03353360301803,-9.65123829140039,0.165,-3.124081160936052,1.2468744972300387
95.99999999999882,-2.676698553803468,6219.143204035857,120.41421827024216,-0.1745,69.04733201360155,-9.65231041350634,0.165,-3.124081160936052,1.2468744972300387
96.09999999999881,-2.6772437768047928,6226.048624246027,119.44893383948273,-0.1745,69.06107218981184,-9.653378201682267,0.165,-3.124081160936052,1.2468744972300387
96.19999999999881,-2.6777907086134336,6232.955415573705,118.48354284582256,-0.1745,69.07475436374297,-9.654441671521374,0.165,-3.124081160936052,1.2468744972300387
96.2999999999988,-2.678339343468656,6239.863572230227,117.51804572031898,-0.1745,69.08837876668842,-9.655500838549992,0.165,-3.124081160936052,1.2468744972300387
96.3999999999988,-2.6788896756421243,6246.773088450019,116.55244289247955,-0.1745,69.10194562914101,-9.65655571823863,0.165,-3.124081160936052,1.2468744972300387
96.49999999999879,-2.679441699438945,6253.683958490516,115.58673479026717,-0.1745,69.11545518079356,-9.657606326008896,0.165,-3.124081160936052,1.2468744972300387
96.59999999999879,-2.6799954091982454,6260.5961766320825,114.62092184010484,-0.1745,69.1289076505399,-9.6586526772378,0.165,-3.124081160936052,1.2468744972300387
96.69999999999878,-2.680550799293457,6267.509737177933,113.65500446687993,-0.1745,69.14230326647623,-9.659694787260445,0.165,-3.124081160936052,1.2468744972300387
96.79999999999878,-2.6811078641324033,6274.424634454052,112.68898309394832,-0.1745,69.1556422559025,-9.66073267137167,0.165,-3.124081160936052,1.2468744972300387
96.89999999999877,-2.6816665981572814,6281.340862809113,111.72285814313838,-0.1745,69.1689248453241,-9.661766344827054,0.165,-3.124081160936052,1.2468744972300387
96.99999999999876,-2.6822269958445593,6288.2584166144015,110.75663003475485,-0.1745,69.18215126045337,-9.662795822843513,0.165,-3.124081160936052,1.2468744972300387
97.09999999999876,-2.68278905170484,6295.177290263735,109.79029918758269,-0.1745,69.19532172621143,-9.663821120599653,0.165,-3.124081160936052,1.2468744972300387
97.19999999999875,-2.6833527602826908,6302.097478173382,108.82386601889091,-0.1745,69.20843646672982,-9.664842253235948,0.165,-3.124081160936052,1.2468744972300387
97.29999999999875,-2.6845983786976535,6309.018974781986,107.85733094443637,-0.1745,69.22149570535225,-9.665859235854834,0.165,-3.124081160936052,1.2468744972300387
97.39999999999874,-2.6844851248083614,6315.945049055273,106.89011710609026,-0.1745,69.2999897603834,-9.678417531067375,0.8300000000000001,-3.124081160936052,1.2468744972300387
97.49999999999874,-2.6846293817393625,6322.875699918361,105.92234463668245,-0.1745,69.31302750137735,-9.677031857088872,0.165,-3.124081160936052,1.2468744972300387
97.59999999999873,-2.4907016152838186,6329.80764496538,104.954666699131,-0.1745,69.32587343901017,-9.6765268939403,0.165,-3.124081160936052,1.2468744972300387
97.69999999999872,-2.5635782076361235,6336.745462986829,104.02069094327064,-0.1495,69.43048698996836,-9.002988223266858,0.495,-3.124081160936052,1.2468744972300387
97.79999999999872,-2.6095108371776425,6343.6871532078485,103.10783710693927,-0.1745,69.40331743041537,-9.254088503360398,0.165,-3.124081160936052,1.2468744972300387
97.89999999999871,-2.638533620852882,6350.626871960602,102.17453301543294,-0.1745,69.39105762465594,-9.411993326766206,0.165,-3.124081160936052,1.2468744972300387
97.9999999999987,-2.656948378443571,6357.565826892634,101.22836345265596,-0.1745,69.38804101596112,-9.511397928773665,0.165,-3.124081160936052,1.2468744972300387
98.0999999999987,-2.668710618371594,6364.504767296555,100.27408887531924,-0.1745,69.39076706246607,-9.574093617960713,0.165,-3.124081160936052,1.2468744972300387
98.1999999999987,-2.67630208920409,6371.444158710315,99.31469616879212,-0.1745,69.3970612127248,-9.61376051258144,0.165,-3.124081160936052,1.2468744972300387
98.29999999999869,-2.6812794033770073,6378.384290167488,98.35205897439391,-0.1745,69.40556793074059,-9.638983375382825,0.165,-3.124081160936052,1.2468744972300387
98.39999999999868,-2.68461867901282,6385.325340585237,97.38735241389115,-0.1745,69.41544042424293,-9.655147834672373,0.165,-3.124081160936052,1.2468744972300387
98.49999999999868,-2.6869319057578163,6392.267420058338,96.42131343407482,-0.1745,69.42614903776112,-9.665631761654161,0.165,-3.124081160936052,1.2468744972300387
98.59999999999867,-2.688602719040824,6399.210595622524,95.45440417772558,-0.1745,69.43736224596472,-9.672553365330556,0.165,-3.124081160936052,1.2468744972300387
98.69999999999867,-2.6898715741873156,6406.1549073584065,94.48691447269915,-0.1745,69.44887247167874,-9.677240735197802,0.165,-3.124081160936052,1.2468744972300387
98.79999999999866,-2.6908891651862037,6413.100378469048,93.51902611318754,-0.1745,69.4605497411668,-9.680526455034679,0.165,-3.124081160936052,1.2468744972300387
98.89999999999866,-1.818734860226447,6420.047021590641,92.55085316981331,-0.1745,69.4723126906857,-9.682932412449762,0.165,-3.124081160936052,1.2468744972300387
98.99999999999865,-2.1460082431511385,6426.994456901436,91.73624102972894,-0.06225,69.4763935252219,-6.609310389237589,0.8300000000000001,-3.124081160936052,1.2468744972300387
99.09999999999864,-2.3523743502639975,6433.933317804785,91.01894002648517,-0.1745,69.30082454174921,-7.736709675637943,0.165,-3.124081160936052,1.2468744972300387
99.19999999999864,-2.4824885077893803,6440.858294444155,90.20976757677403,-0.1745,69.19870824566566,-8.446739318584866,0.165,-3.124081160936052,1.2468744972300387
99.29999999999863,-2.5645571813791084,6447.7752717458725,89.34272870574686,-0.1745,69.14083778868454,-8.894038101958337,0.165,-3.124081160936052,1.2468744972300387
99.39999999999863,-2.616376893958429,6454.6878151823075,88.43923285182512,-0.1745,69.11003094002002,-9.175878976476463,0.165,-3.124081160936052,1.2468744972300387
99.49999999999862,-2.649163849726081,6461.598113404335,87.51276140975149,-0.1745,69.09593350053112,-9.353549864996303,0.165,-3.124081160936052,1.2468744972300387
99.59999999999862,-2.6699809029871604,6468.5075205088515,86.5718007189492,-0.1745,69.09220858980127,-9.465663951049388,0.165,-3.124081160936052,1.2468744972300387
99.69999999999861,-2.6836200932754135,6475.4168779112615,85.62169067682542,-0.1745,69.09493945839641,-9.536536891426326,0.165,-3.124081160936052,1.2468744972300387
99.7999999999986,-2.6918439889777472,6482.328334328073,84.66550371321377,-0.1745,69.13418887782069,-9.587202380806808,0.495,-3.124081160936052,1.2468744972300387
99.8999999999986,-2.697221837935837,6489.24221779826,83.705410815382,-0.1745,69.1434805259286,-9.614655575828746,0.165,-3.124081160936052,1.2468744972300387
99.9999999999986,-2.7008125043459423,6496.157104437055,82.74306381156225,-0.1745,69.15425224996824,-9.632284500566168,0.165,-3.124081160936052,1.2468744972300387
100.09999999999859,-2.7032812971454256,6503.0731136505365,81.7792626220898,-0.1745,69.16593201966177,-9.643739288882877,0.165,-3.124081160936052,1.2468744972300387
100.19999999999858,-2.7050461749969212,6509.990318304343,80.81450996312722,-0.1745,69.17816105647907,-9.651313890368629,0.165,-3.124081160936052,1.2468744972300387
100.29999999999858,-2.706369667984207,6516.908762069747,79.84912178319166,-0.1745,69.19071425159852,-9.656449708342413,0.165,-3.124081160936052,1.2468744972300387
100.39999999999857,-2.7074166553067065,6523.828470300156,78.88329668195045,-0.1745,69.20345035658909,-9.660052316481684,0.165,-3.124081160936052,1.2468744972300387
100.49999999999856,-2.7082906741669905,6530.749456856063,77.9171595373753,-0.1745,69.21628076155726,-9.662690575021418,0.165,-3.124081160936052,1.2468744972300387
100.59999999999856,-2.70905673325988,6537.671728389475,76.95078891930771,-0.1745,69.22914990668494,-9.66472178633027,0.165,-3.124081160936052,1.2468744972300387
100.69999999999855,-2.709755644758793,6544.595287034109,75.9842343125732,-0.1745,69.2420229859996,-9.666370348360132,0.165,-3.124081160936052,1.2468744972300387
100.79999999999855,-2.7104130268185433,6551.52013209473,75.01752693632633,-0.1745,69.2548782264293,-9.667777176576942,0.165,-3.124081160936052,1.2468744972300387
100.89999999999854,-2.71104495771312,6558.4462611080035,74.05068653979554,-0.1745,69.26770203903952,-9.669030754039111,0.165,-3.124081160936052,1.2468744972300387
100.99999999999854,-2.7116615265715227,6565.3736705086485,73.08372567026223,-0.1745,69.2804859738545,-9.670186636627104,0.165,-3.124081160936052,1.2468744972300387
101.09999999999853,-2.7122690629466906,6572.302356047711,72.11665235320605,-0.1745,69.29322480740599,-9.671279704496413,0.165,-3.124081160936052,1.2468744972300387
101.19999999999852,-2.7128715366450464,6579.232313055168,71.14947177515792,-0.1745,69.3059153417202,-9.672331856466297,0.165,-3.124081160936052,1.2468744972300387
101.29999999999852,-2.7134714365100026,6586.16353660476,70.182187340242,-0.1745,69.31855565013785,-9.673356841852275,0.165,-3.124081160936052,1.2468744972300387
101.39999999999851,-2.714070322044122,6593.096021617455,69.21480133343093,-0.1745,69.33114460376454,-9.674363294369034,0.165,-3.124081160936052,1.2468744972300387
101.49999999999851,-2.714669169631359,6600.029762926351,68.2473153368671,-0.1745,69.34368157415625,-9.67535663690743,0.165,-3.124081160936052,1.2468744972300387
101.5999999999985,-2.715268589818203,6606.964755317393,67.27973049115761,-0.1745,69.35616624667138,-9.676340277282625,0.165,-3.124081160936052,1.2468744972300387
101.6999999999985,-2.715868963659905,6613.900993554892,66.31204765935348,-0.1745,69.36859850330899,-9.677316358799809,0.165,-3.124081160936052,1.2468744972300387
101.79999999999849,-2.7164705282701718,6620.838472397516,65.34426752984696,-0.1745,69.38097834917234,-9.678286231330771,0.165,-3.124081160936052,1.2468744972300387
101.89999999999849,-2.717073430493215,6627.77718660829,64.37639068093324,-0.1745,69.39330586631887,-9.67925074694374,0.165,-3.124081160936052,1.2468744972300387
101.99999999999848,-2.717677760572919,6634.717130960847,63.40841762131556,-0.1745,69.40558118480062,-9.680210445409923,0.165,-3.124081160936052,1.2468744972300387
102.09999999999847,-2.7182835732717265,6641.658300243312,62.440348815515264,-0.1745,69.41780446449401,-9.681165670595925,0.165,-3.124081160936052,1.2468744972300387
102.19999999999847,-2.7188909011160085,6648.600689260721,61.47218469981126,-0.1745,69.42997588370058,-9.682116643484218,0.165,-3.124081160936052,1.2468744972300387
102.29999999999846,-2.7194997627024287,6655.5442928365055,60.503925692238106,-0.1745,69.44209563199665,-9.68306350797884,0.165,-3.124081160936052,1.2468744972300387
102.39999999999846,-2.720110167906432,6662.489105813393,59.53557219885735,-0.1745,69.45416390574889,-9.684006359636305,0.165,-3.124081160936052,1.2468744972300387
102.49999999999845,-2.7207221211478565,6669.435123053945,58.5671246176913,-0.1745,69.4661809053023,-9.684945263684746,0.165,-3.124081160936052,1.2468744972300387
102.59999999999845,-2.7213356234381676,6676.382339440871,57.598583341190874,-0.1745,69.47814683321748,-9.685880266323805,0.165,-3.124081160936052,1.2468744972300387
102.69999999999844,-2.7219506736637307,6683.33074987719,56.62994875778418,-0.1745,69.49006189316597,-9.686811401810125,0.165,-3.124081160936052,1.2468744972300387
102.79999999999843,-2.7225672693901046,6690.28034928631,55.661221252848684,-0.1745,69.50192628923827,-9.68773869689978,0.165,-3.124081160936052,1.2468744972300387
102.89999999999843,-2.723185407366058,6697.231132612048,54.69240120932203,-0.1745,69.51374022551074,-9.688662173633293,0.165,-3.124081160936052,1.2468744972300387
102.99999999999842,-2.72380508383935,6704.1830948186125,53.7234890080863,-0.1745,69.52550390577481,-9.689581851081405,0.165,-3.124081160936052,1.2468744972300387
103.09999999999842,-2.7244262947545432,6711.13623089057,52.75448502821026,-0.1745,69.53721753336794,-9.6904977464393,0.165,-3.124081160936052,1.2468744972300387
103.19999999999841,-2.7250490358768826,6718.090535832792,51.785389647102676,-0.1745,69.54888131106839,-9.69140987571237,0.165,-3.124081160936052,1.2468744972300387
103.2999999999984,-2.725673302869827,6725.0460046703965,50.81620324060976,-0.1745,69.56049544102999,-9.692318254145956,0.165,-3.124081160936052,1.2468744972300387
103.3999999999984,-2.7262990913435674,6732.002632448685,49.846926183077734,-0.1745,69.57206012474192,-9.693222896494605,0.165,-3.124081160936052,1.2468744972300387
103.4999999999984,-2.726926396885338,6738.960414233073,48.877558847393466,-0.1745,69.58357556300432,-9.694123817190775,0.165,-3.124081160936052,1.2468744972300387
103.59999999999839,-2.7275552150783504,6745.919345109019,47.9081016050114,-0.1745,69.5950419559136,-9.695021030450507,0.165,-3.124081160936052,1.2468744972300387
103.69999999999838,-2.728185541513578,6752.879420181957,46.9385548259719,-0.1745,69.60645950285407,-9.695914550339621,0.165,-3.124081160936052,1.2468744972300387
103.79999999999838,-1.854741316575872,6759.840634577225,45.96891887891416,-0.1745,69.6178284024933,-9.696804390815172,0.165,-3.124081160936052,1.2468744972300387
103.89999999999837,-2.183034037323809,6766.799290128745,45.15378503723421,-0.06225,69.55528262792124,-6.605872442783864,0.165,-3.124081160936052,1.2468744972300387
103.99999999999837,-2.389925515075668,6773.7459801666155,44.43659439921432,-0.1745,69.37851812948338,-7.737940317613838,0.165,-3.124081160936052,1.2468744972300387
104.09999999999836,-2.520301562102822,6780.678687461814,43.6271749303869,-0.1745,69.27562777448443,-8.450449058934662,0.165,-3.124081160936052,1.2468744972300387
104.19999999999835,-2.6024961253011525,6787.6033290588175,42.75970150378601,-0.1745,69.21720416558482,-8.899019473083055,0.165,-3.124081160936052,1.2468744972300387
104.29999999999835,-2.6543748988608042,6794.523487323443,41.855676688491926,-0.1745,69.18596112692471,-9.181476832798731,0.165,-3.124081160936052,1.2468744972300387
104.39999999999834,-2.6871906351406736,6801.441359844888,40.928631979121114,-0.1745,69.17148930198472,-9.359417354617513,0.165,-3.124081160936052,1.2468744972300387
104.49999999999834,-2.7080247897077547,6808.358305425177,39.98707992021098,-0.1745,69.16742230379359,-9.471623823585222,0.165,-3.124081160936052,1.2468744972300387
104.59999999999833,-2.72133094467509,6815.275167923516,39.0363735630841,-0.1745,69.16982766299321,-9.542503318952411,0.165,-3.124081160936052,1.2468744972300387
104.69999999999833,-2.7299086972612447,6822.192472359609,38.0798779901302,-0.1745,69.17626105887803,-9.587408140125513,0.165,-3.124081160936052,1.2468744972300387
104.79999999999832,-2.7355173243493214,6829.110545272496,37.11970803488486,-0.1745,69.18519719885342,-9.615990964781373,0.165,-3.124081160936052,1.2468744972300387
104.89999999999831,-2.7392620775444207,6836.029589231158,36.157192543843735,-0.1745,69.19568197439136,-9.634318856041055,0.165,-3.124081160936052,1.2468744972300387
104.99999999999831,-2.7418371810199567,6842.949729214845,35.19316639089596,-0.1745,69.20711769935423,-9.646204202914443,0.165,-3.124081160936052,1.2468744972300387
105.0999999999983,-2.5497210910926302,6849.871041582505,34.228154074680376,-0.1745,69.21912965383997,-9.654042121397291,0.165,-3.124081160936052,1.2468744972300387
105.1999999999983,-2.6233587221518446,6856.798163328959,33.296062976007775,-0.1495,69.32330527524195,-8.987779852054706,0.495,-3.124081160936052,1.2468744972300387
105.29999999999829,-2.6698187504830133,6863.729141592411,32.38462058471643,-0.1745,69.29625999379157,-9.241067973772253,0.165,-3.124081160936052,1.2468744972300387
105.39999999999829,-2.69920718040832,6870.658165991762,31.45254227877899,-0.1745,69.28422799322585,-9.400498144976552,0.165,-3.124081160936052,1.2468744972300387
105.49999999999828,-2.7178766994300743,6877.586452900822,30.507469396548636,-0.1745,69.2815101879788,-9.500959499630481,0.165,-3.124081160936052,1.2468744972300387
105.59999999999827,-2.729818302773626,6884.514757578991,29.554202172009393,-0.1745,69.28458337538774,-9.564384991154366,0.165,-3.124081160936052,1.2468744972300387
105.69999999999827,-2.7375382199143887,6891.443549609168,28.595755120245126,-0.1745,69.29125722817199,-9.604556044130995,0.165,-3.124081160936052,1.2468744972300387
105.79999999999826,-2.742609799492824,6898.373120734218,27.63402088236895,-0.1745,69.30016527283112,-9.630128713392526,0.165,-3.124081160936052,1.2468744972300387
105.89999999999826,-2.7460205160173787,6905.3036516567145,26.670187538473247,-0.1745,69.31045317710439,-9.646538164521564,0.165,-3.124081160936052,1.2468744972300387
105.99999999999825,-2.748390016726054,6912.235253621566,25.705000813224537,-0.1745,69.32158611992622,-9.657196340452662,0.165,-3.124081160936052,1.2468744972300387
106.09999999999825,-2.7501070728648145,6919.167994380512,24.738928761730584,-0.1745,69.33322905899705,-9.664244689426388,0.165,-3.124081160936052,1.2468744972300387
106.19999999999824,-2.7520977856493523,6926.101914435308,23.77226517520129,-0.1745,69.34517203690976,-9.66902704115951,0.165,-3.124081160936052,1.2468744972300387
106.29999999999824,-2.7524713536834158,6933.040311715848,22.80461722190153,-0.1745,69.4227735738958,-9.683932024835674,0.8300000000000001,-3.124081160936052,1.2468744972300387
106.39999999999823,-2.7529410768260796,6939.983203365441,21.836220438000232,-0.1745,69.43505941797088,-9.684003653190272,0.165,-3.124081160936052,1.2468744972300387
106.49999999999822,-2.753471640844949,6946.927318461211,20.867800310511743,-0.1745,69.44724249742146,-9.68439889657949,0.165,-3.124081160936052,1.2468744972300387
106.59999999999822,-2.754040912976306,6953.872647691752,19.899330590073987,-0.1745,69.45934211339228,-9.684995512175671,0.165,-3.124081160936052,1.2468744972300387
106.69999999999821,-1.8816253129070073,6960.819183319532,18.930794970280626,-0.1745,69.47137044221323,-9.68571688369154,0.165,-3.124081160936052,1.2468744972300387
106.7999999999982,-2.2087378265533597,6967.766523403639,18.11595578254901,-0.06225,69.47543123992197,-6.6110668709408404,0.8300000000000001,-3.124081160936052,1.2468744972300387
106.8999999999982,-2.415017461242975,6974.705294371899,17.398513130568443,-0.1745,69.29998812526937,-7.737786168670455,0.165,-3.124081160936052,1.2468744972300387
106.9999999999982,-2.5450917492283534,6981.630191151744,16.58925422183816,-0.1745,69.19794747161875,-8.447392005935159,0.165,-3.124081160936052,1.2468744972300387
107.09999999999819,-2.6271497239916575,6988.547094711825,15.72216330179174,-0.1745,69.14012372999186,-8.894426394993266,0.165,-3.124081160936052,1.2468744972300387
107.19999999999818,-2.6789769816389395,6995.4595682210465,14.818636863350575,-0.1745,69.1093464544534,-9.176102373830059,0.165,-3.124081160936052,1.2468744972300387
107.29999999999818,-2.7117828870814624,7002.3697989557695,13.892148219975452,-0.1745,69.09526824000845,-9.353670493672396,0.165,-3.124081160936052,1.2468744972300387
107.39999999999817,-2.7326260195975682,7009.279140179386,12.951178665925266,-0.1745,69.0915562323175,-9.465720587331324,0.165,-3.124081160936052,1.2468744972300387
107.49999999999817,-2.7459483489396668,7016.188432796564,12.001064950356504,-0.1745,69.09429611124597,-9.536553724043921,0.165,-3.124081160936052,1.2468744972300387
107.59999999999816,-2.7545439103686835,7023.09820026647,11.045164005585617,-0.1745,69.1010532868674,-9.581465171373805,0.165,-3.124081160936052,1.2468744972300387
107.69999999999816,-2.7601695734788887,7030.008768310121,10.085586857584973,-0.1745,69.1103075861682,-9.61007778863906,0.165,-3.124081160936052,1.2468744972300387
107.79999999999815,-1.895289913021215,7036.920339065064,9.123660784277137,-0.1745,69.12110751267946,-9.62844367751767,0.165,-3.124081160936052,1.2468744972300387
107.89999999999814,-2.2212934736256544,7043.831020716795,8.312611356054514,-0.06225,69.09252552194897,-6.592544886934773,0.495,-3.124081160936052,1.2468744972300387
107.99999999999814,-2.4274935281049332,7050.731675921893,7.597510398191086,-0.1745,68.92057858000975,-7.709474270333795,0.165,-3.124081160936052,1.2468744972300387
108.09999999999813,-2.5579022001303935,7057.618751158761,6.79127938419582,-0.1745,68.82092615735122,-8.415146009571519,0.165,-3.124081160936052,1.2468744972300387
108.19999999999813,-2.6404079247819645,7064.498045518145,5.927466309786647,-0.1745,68.76496103032588,-8.861115478611945,0.165,-3.124081160936052,1.2468744972300387
108.29999999999812,-2.692661767745819,7071.373083484397,5.027259394513225,-0.1745,68.73579829472904,-9.143022826856505,0.165,-3.124081160936052,1.2468744972300387
108.39999999999812,-2.7258228835639695,7078.246034975546,4.104042346544608,-0.1745,68.72323152824387,-9.321318132515824,0.165,-3.124081160936052,1.2468744972300387
108.49999999999811,-2.746939927129872,7085.118246330061,3.1662661209919465,-0.1745,68.72099556207169,-9.434206378537407,0.165,-3.124081160936052,1.2468744972300387
108.5999999999981,-2.7604622313745377,7091.990556431554,2.2192647393933984,-0.1745,68.725206467797,-9.505821253433556,0.165,-3.124081160936052,1.2468744972300387
108.6999999999981,-2.769196999474364,7098.863488825724,1.2664036912834755,-0.1745,68.73344141559959,-9.5513997087649,0.165,-3.124081160936052,1.2468744972300387
108.7999999999981,-10000.0,7105.737370050998,0.30980583487144053,-0.1745,68.74418308988894,-9.580557419475799,0.165,-3.124081160936052,1.2468744972300387
