t,reward,x,y,theta,vx,vy,throttle,wind_vx,wind_vy
0.0,0.0,132.45735535120178,811.0328177862511,0.08694057599012944,44.05775465766648,5.174015681031283,0.5,3.4203562954688778,1.2912602287210309
0.1,-2.215135136045596,132.45735535120178,811.0328177862511,0.08694057599012944,44.05775465766648,5.174015681031283,0.5,3.4203562954688778,1.2912602287210309
0.2,-1.2659313405850483,136.86032333495308,811.4756513299623,-0.025309424009870546,44.00160501735941,3.682655193191248,0.165,3.4203562954688778,1.2912602287210309
0.30000000000000004,-0.3698811393013697,141.24878854628346,811.7386570155064,-0.13755942400987053,43.76769920924812,1.5774585176910971,0.165,3.4203562954688778,1.2912602287210309
0.4,-0.34899022539466307,145.61351160869685,811.7984157708834,-0.1745,43.52676203901946,-0.3822834101516208,0.165,3.4203562954688778,1.2912602287210309
0.5,-0.9237610981241734,149.95880951101927,811.6822276558137,-0.1745,43.379196007428575,-1.9414788912420105,0.165,3.4203562954688778,1.2912602287210309
0.6,-1.3816782620310728,154.2926072358052,811.4258379391295,-0.1745,43.29675848829035,-3.186315442441386,0.165,3.4203562954688778,1.2912602287210309
0.7,-1.7451831790099388,158.62049011081803,811.0574709428781,-0.1745,43.26089901196591,-4.181024482585429,0.165,3.4203562954688778,1.2912602287210309
0.7999999999999999,-2.032694420528579,162.94648488900629,810.5996491644478,-0.1745,43.2589965517991,-4.975411086021364,0.165,3.4203562954688778,1.2912602287210309
0.8999999999999999,-2.259255595341479,167.27354610473822,810.0704286357607,-0.1745,43.282227762839376,-5.6089994877212686,0.165,3.4203562954688778,1.2912602287210309
0.9999999999999999,-2.4370911247862233,171.6038719423108,809.4843020513362,-0.1745,43.3242889886121,-6.113532200769176,0.165,3.4203562954688778,1.2912602287210309
1.0999999999999999,-2.5760864887600414,175.93911617844805,808.852894034863,-0.1745,43.380595734133,-6.514628128694831,0.165,3.4203562954688778,1.2912602287210309
1.2,-2.684200864655557,180.28053414926035,808.1855135327523,-0.1745,43.44776368211307,-6.832981913518192,0.165,3.4203562954688778,1.2912602287210309
1.3,-2.7678179844771837,184.62908547397367,807.4895999926995,-0.1745,43.52326281215352,-7.085288887538154,0.165,3.4203562954688778,1.2912602287210309
1.4000000000000001,-2.8320410827800586,188.98550769030047,806.7710862007015,-0.1745,43.60518151438206,-7.284986952422245,0.165,3.4203562954688778,1.2912602287210309
1.5000000000000002,-2.8809382164725554,193.3503698896116,806.0346936847363,-0.1745,43.69206247184062,-7.44286336688016,0.165,3.4203562954688778,1.2912602287210309
1.6000000000000003,-2.9177444092706355,197.72411233414647,805.284172791717,-0.1745,43.78278641885673,-7.567554493507686,0.165,3.4203562954688778,1.2912602287210309
1.7000000000000004,-2.945026903829283,202.10707607827953,804.5224971985576,-0.1745,43.87648846380452,-7.66595736967851,0.165,3.4203562954688778,1.2912602287210309
1.8000000000000005,-2.9648193638220532,206.49952534943304,803.7520209545121,-0.1745,43.97249695926553,-7.7435675112333575,0.165,3.4203562954688778,1.2912602287210309
1.9000000000000006,-2.978730265427263,210.90166460974422,802.974604835292,-0.1745,44.07028824695804,-7.804754873168541,0.165,3.4203562954688778,1.2912602287210309
2.0000000000000004,-2.9880300482594944,215.3136516599745,802.1917176823927,-0.1745,44.16945275764799,-7.852988184817001,0.165,3.4203562954688778,1.2912602287210309
2.1000000000000005,-2.9937209278019483,219.73560776559583,801.4045174493284,-0.1745,44.26966935477824,-7.8910164764682005,0.165,3.4203562954688778,1.2912602287210309
2.2000000000000006,-2.9965926467632045,224.16762552063372,800.613915857448,-0.1745,44.37068574597977,-7.921015361140039,0.165,3.4203562954688778,1.2912602287210309
2.3000000000000007,-2.9972668833013305,228.6097749787826,799.8206298647699,-0.1745,44.47230341699824,-7.944704492421827,0.165,3.4203562954688778,1.2912602287210309
2.400000000000001,-2.996232547787689,233.06210844831656,799.0252225607231,-0.1745,44.57436597368104,-7.963441588514266,0.165,3.4203562954688778,1.2912602287210309
2.500000000000001,-2.9938737862475917,237.5246642508498,798.2281356062539,-0.1745,44.676750076983865,-7.978297500869953,0.165,3.4203562954688778,1.2912602287210309
2.600000000000001,-2.9904650891959594,241.99746967304708,797.4297149304455,-0.1745,44.779358366961596,-7.990116015297899,0.165,3.4203562954688778,1.2912602287210309
2.700000000000001,-2.9857814430767213,246.4821682297573,796.6299445937001,-0.1745,44.91461276724253,-8.005290719609592,0.495,3.4203562954688778,1.2912602287210309
2.800000000000001,-2.9806145140755076,250.978776431386,795.8290952297148,-0.1745,45.01755126533162,-8.011696560096654,0.165,3.4203562954688778,1.2912602287210309
2.9000000000000012,-2.9750837426566683,255.48567887344177,795.0276641644134,-0.1745,45.120497575784086,-8.016924745931542,0.165,3.4203562954688778,1.2912602287210309
3.0000000000000013,-2.9692825157451352,260.0028747514549,794.2257558761402,-0.1745,45.22341998447872,-8.021241019533665,0.165,3.4203562954688778,1.2912602287210309
3.1000000000000014,-2.9632837748539846,264.5303604139625,793.4234511341476,-0.1745,45.32629326567384,-8.024853820316793,0.165,3.4203562954688778,1.2912602287210309
3.2000000000000015,-2.957144428565928,269.0681299425743,792.620812117843,-0.1745,45.42909730656113,-8.027926505776396,0.165,3.4203562954688778,1.2912602287210309
3.3000000000000016,-2.9509088215973485,273.61617560903954,791.8178864429249,-0.1745,45.531816022744536,-8.03058699258731,0.165,3.4203562954688778,1.2912602287210309
3.4000000000000017,-2.944611460128626,278.17448823533556,791.0147103254944,-0.1745,45.63443650317589,-8.032935356021065,0.165,3.4203562954688778,1.2912602287210309
3.5000000000000018,-2.9382791513100877,282.7430574773013,790.2113110669285,-0.1745,45.73694833613868,-8.035049815297473,0.165,3.4203562954688778,1.2912602287210309
3.600000000000002,-2.931932681691829,287.32187204801363,789.4077090039583,-0.1745,45.83934307810768,-8.036991444105507,0.165,3.4203562954688778,1.2912602287210309
3.700000000000002,-2.9255881330370115,291.9109198936869,788.603919037998,-0.1745,45.94161383535839,-8.038807875100483,0.165,3.4203562954688778,1.2912602287210309
3.800000000000002,-2.919257913162159,296.5101883321817,787.7999518336853,-0.1745,46.0437549345375,-8.040536211153091,0.165,3.4203562954688778,1.2912602287210309
3.900000000000002,-2.9129515629828373,301.11966416207883,786.9958147575471,-0.1745,46.145761663405295,-8.042205311611196,0.165,3.4203562954688778,1.2912602287210309
4.000000000000002,-2.9066763879318676,305.7393337485945,786.1915126126408,-0.1745,46.24763006690849,-8.04383758651426,0.165,3.4203562954688778,1.2912602287210309
4.100000000000001,-2.9004379516448715,310.36918309128305,785.3870482131299,-0.1745,46.34935678686223,-8.045450403705079,0.165,3.4203562954688778,1.2912602287210309
4.200000000000001,-2.894240461704478,315.00919787742544,784.5824228333638,-0.1745,46.450938935985604,-8.04705719161749,0.165,3.4203562954688778,1.2912602287210309
4.300000000000001,-2.8880870708473556,319.65936352417395,783.7776365586337,-0.1745,46.55237399898529,-8.048668302984096,0.165,3.4203562954688778,1.2912602287210309
4.4,-2.8819801120076267,324.3196652118694,782.9726885589421,-0.1745,46.65365975492313,-8.050291690849644,0.165,3.4203562954688778,1.2912602287210309
4.5,-2.771557923955208,328.99008791043167,782.167577302533,-0.1745,46.75479421632194,-8.051933437331455,0.165,3.4203562954688778,1.2912602287210309
4.6,-2.7901034244113876,333.6704937786743,781.3748951808369,-0.1495,46.85332314853116,-7.801708996590868,0.165,3.4203562954688778,1.2912602287210309
4.699999999999999,-2.803068266162886,338.36051915191,780.5917592522895,-0.1745,46.94718431618322,-7.861009574357807,0.165,3.4203562954688778,1.2912602287210309
4.799999999999999,-2.811732602958112,343.06000290345196,779.8033470279136,-0.1745,47.04249071465619,-7.9072349131628075,0.165,3.4203562954688778,1.2912602287210309
4.899999999999999,-2.8170883698790976,347.769071237397,779.0108182631623,-0.1745,47.13887596424396,-7.943340381862202,0.165,3.4203562954688778,1.2912602287210309
4.999999999999998,-2.8199033754365113,352.4878178976411,778.2150701293498,-0.1745,47.23605724063801,-7.971622294388084,0.165,3.4203562954688778,1.2912602287210309
5.099999999999998,-2.820771371141765,357.2163115566074,777.4167958721605,-0.1745,47.33381593868854,-7.993862849397521,0.165,3.4203562954688778,1.2912602287210309
5.1999999999999975,-2.8201510930023623,361.9546014998301,776.6165305395797,-0.1745,47.43198292576551,-8.011443802219292,0.165,3.4203562954688778,1.2912602287210309
5.299999999999997,-2.818396655251303,366.7027220084088,775.8146865785639,-0.1745,47.53042724580735,-8.025435418097452,0.165,3.4203562954688778,1.2912602287210309
5.399999999999997,-2.815781179144131,371.4606957425712,775.0115815101001,-0.1745,47.62904743744127,-8.036665951178058,0.165,3.4203562954688778,1.2912602287210309
5.4999999999999964,-2.81251514030372,376.22853635666377,774.2074594212872,-0.1745,47.72776484441017,-8.045775825079671,0.165,3.4203562954688778,1.2912602287210309
5.599999999999996,-2.808760599743187,381.006250521467,773.402507638815,-0.1745,47.82651845165475,-8.053259824365147,0.165,3.4203562954688778,1.2912602287210309
5.699999999999996,-2.697313842320695,385.79383948874846,772.5968696521278,-0.1745,47.9252608939743,-8.059499909379939,0.165,3.4203562954688778,1.2912602287210309
5.799999999999995,-2.7187252147318173,390.5912780790344,771.8038950558748,-0.1495,48.02351091174417,-7.799992015678969,0.165,3.4203562954688778,1.2912602287210309
5.899999999999995,-2.733885955246124,395.39817632473466,771.0205684250208,-0.1745,48.114454002261084,-7.866540601401927,0.165,3.4203562954688778,1.2912602287210309
5.999999999999995,-2.744413261081782,400.21425446548824,770.2313363429928,-0.1745,48.20710881281096,-7.9181010391584605,0.165,3.4203562954688778,1.2912602287210309
6.099999999999994,-2.750659607992114,405.0412865553491,769.4372376697352,-0.1745,48.333532984405615,-7.963872425993645,0.495,3.4203562954688778,1.2912602287210309
6.199999999999994,-2.754229407251367,409.8793870366318,768.6393480297168,-0.1745,48.428476641248295,-7.993920374375698,0.165,3.4203562954688778,1.2912602287210309
6.299999999999994,-2.755761846857161,414.7270139022489,767.8387791950848,-0.1745,48.52406067109415,-8.017456318263081,0.165,3.4203562954688778,1.2912602287210309
6.399999999999993,-2.755747081853443,419.5842216404057,767.0361060884625,-0.1745,48.62009409204165,-8.03600581418433,0.165,3.4203562954688778,1.2912602287210309
6.499999999999993,-2.7545606600658203,424.45104785745497,766.2317687207171,-0.1745,48.716430248943425,-8.050741540722477,0.165,3.4203562954688778,1.2912602287210309
6.5999999999999925,-2.7524900791134286,429.32751719297136,765.4261034373661,-0.1745,48.8129564613847,-8.06256412629807,0.165,3.4203562954688778,1.2912602287210309
6.699999999999992,-2.7497552486320123,434.21364432157594,764.6193669969142,-0.1745,48.90958611070656,-8.072164682739466,0.165,3.4203562954688778,1.2912602287210309
6.799999999999992,-2.746524239603203,439.10943625610906,763.8117551068456,-0.1745,49.00625257995532,-8.080073118633301,0.165,3.4203562954688778,1.2912602287210309
6.8999999999999915,-2.742925394560916,444.01489411544446,763.0034166798641,-0.1745,49.102904606752965,-8.086695420995014,0.165,3.4203562954688778,1.2912602287210309
6.999999999999991,-2.739056631286305,448.93001448161084,762.1944647891562,-0.1745,49.199502716574045,-8.092342393162472,0.165,3.4203562954688778,1.2912602287210309
7.099999999999991,-2.624091155741153,453.8547904416315,761.3849850802358,-0.1745,49.29601648383945,-8.097251785245561,0.165,3.4203562954688778,1.2912602287210309
7.19999999999999,-2.6468170736638292,458.79093294226664,760.5888186344603,-0.1495,49.42683352886302,-7.826077130263387,0.495,3.4203562954688778,1.2912602287210309
7.29999999999999,-2.662949833783607,463.7380053937195,759.8026884952436,-0.1745,49.51461550019465,-7.896525654069131,0.165,3.4203562954688778,1.2912602287210309
7.39999999999999,-2.6740787722536714,468.6939514809503,759.0103263521208,-0.1745,49.60430624442186,-7.950717208385428,0.165,3.4203562954688778,1.2912602287210309
7.499999999999989,-2.681415627668169,473.6589368394919,758.2131642193845,-0.1745,49.69540092640934,-7.9925254463412685,0.165,3.4203562954688778,1.2912602287210309
7.599999999999989,-2.6858832868932323,478.63308272353714,757.412292396382,-0.1745,49.78751675449495,-8.024911013708099,0.165,3.4203562954688778,1.2912602287210309
7.699999999999989,-2.6881839693472447,483.6164767144895,756.6085401368242,-0.1745,49.88036306455205,-8.050134177446147,0.165,3.4203562954688778,1.2912602287210309
7.799999999999988,-2.688851513742216,488.6091808139457,755.8025374908085,-0.1745,49.97371892457213,-8.069918742868355,0.165,3.4203562954688778,1.2912602287210309
7.899999999999988,-2.688291409456538,493.61123757445836,754.994762646345,-0.1745,50.06741628568013,-8.085578146403213,0.165,3.4203562954688778,1.2912602287210309
7.999999999999988,-2.686811402914394,498.6226747516561,754.1855781253147,-0.1745,50.16132725827548,-8.09811227420305,0.165,3.4203562954688778,1.2912602287210309
8.099999999999987,-2.68464487000399,503.64350883840274,753.3752584272853,-0.1745,50.25535447665702,-8.108281686385691,0.165,3.4203562954688778,1.2912602287210309
8.199999999999987,-2.681968645407446,508.6737477516304,752.564011120838,-0.1745,50.349423787896,-8.116664442560294,0.165,3.4203562954688778,1.2912602287210309
8.299999999999986,-2.6789166104734026,513.713392875857,751.7519929209432,-0.1745,50.443478696636156,-8.12369955533706,0.165,3.4203562954688778,1.2912602287210309
8.399999999999986,-2.6755900395764707,518.762440617703,750.9393219340088,-0.1745,50.53747614028194,-8.129720183349956,0.165,3.4203562954688778,1.2912602287210309
8.499999999999986,-2.672065471836447,523.8208835884295,750.1260869767259,-0.1745,50.63138327424941,-8.134978962308649,0.165,3.4203562954688778,1.2912602287210309
8.599999999999985,-2.6684006954757837,528.888711503401,749.312354662648,-0.1745,50.72517502518155,-8.139667319249678,0.165,3.4203562954688778,1.2912602287210309
8.699999999999985,-2.6646392939983436,533.9659118660904,748.4981747873319,-0.1745,50.81883222860689,-8.143930187072545,0.165,3.4203562954688778,1.2912602287210309
8.799999999999985,-2.6608140973726297,539.052470488102,747.6835844176726,-0.1745,50.91234021162522,-8.147877206112772,0.165,3.4203562954688778,1.2912602287210309
8.899999999999984,-2.65694980015909,544.1483718844108,746.8686109951102,-0.1745,51.00568771455164,-8.151591245134654,0.165,3.4203562954688778,1.2912602287210309
8.999999999999984,-2.6530649463310105,549.2535995736755,746.0532746889238,-0.1745,51.09886607074146,-8.155134878594062,0.165,3.4203562954688778,1.2912602287210309
9.099999999999984,-2.649173432986562,554.3681363063647,745.2375901796471,-0.1745,51.19186858304367,-8.158555306939299,0.165,3.4203562954688778,1.2912602287210309
9.199999999999983,-2.645285648826654,559.4919642380153,744.4215680097168,-0.1745,51.28469004996657,-8.16188809166792,0.165,3.4203562954688778,1.2912602287210309
9.299999999999983,-2.6414093355528645,564.6250650608032,743.6052156056953,-0.1745,51.377326405792985,-8.165159988761516,0.165,3.4203562954688778,1.2912602287210309
9.399999999999983,-2.63755023920252,569.7674201034623,742.7885380514207,-0.1745,51.4697744473883,-8.168391096731371,0.165,3.4203562954688778,1.2912602287210309
9.499999999999982,-2.633712602333222,574.9190104071783,741.9715386723838,-0.1745,51.56203162693225,-8.17159648400619,0.165,3.4203562954688778,1.2912602287210309
9.599999999999982,-2.6298995357080317,580.0798167832627,741.1542194771301,-0.1745,51.65409589475473,-8.174787421066405,0.165,3.4203562954688778,1.2912602287210309
9.699999999999982,-2.6261132988045195,585.249819857012,740.3365814904406,-0.1745,51.74596558023101,-8.177972312723998,0.165,3.4203562954688778,1.2912602287210309
9.799999999999981,-2.622355511379313,590.429000101102,739.5186250046509,-0.1745,51.83763930157027,-8.181157403070529,0.165,3.4203562954688778,1.2912602287210309
9.89999999999998,-2.618627312932222,595.6173378610569,738.7003497690879,-0.1745,51.929115897525946,-8.184347308187911,0.165,3.4203562954688778,1.2912602287210309
9.99999999999998,-2.614929482823744,600.8148133747195,737.8817551327561,-0.1745,52.020394375728216,-8.187545418448604,0.165,3.4203562954688778,1.2912602287210309
10.09999999999998,-2.0865322776030295,606.0214067871865,737.0628401517267,-0.1745,52.11147387361251,-8.190754202138049,0.165,3.4203562954688778,1.2912602287210309
10.19999999999998,-2.2196560955539897,611.2307350223203,736.3143215031484,-0.06225,52.07509082906509,-6.779618769427449,0.165,3.4203562954688778,1.2912602287210309
10.29999999999998,-2.3183266316825515,616.4403474248963,735.6184823399823,-0.1745,52.1171572224539,-7.137164493895549,0.165,3.4203562954688778,1.2912602287210309
10.399999999999979,-2.391143954843048,621.6547995643435,734.891325411611,-0.1745,52.17188556649087,-7.405974073531196,0.165,3.4203562954688778,1.2912602287210309
10.499999999999979,-2.4445936446904115,626.8751864609031,734.1406245505675,-0.1745,52.23585236470223,-7.6080431473381225,0.165,3.4203562954688778,1.2912602287210309
10.599999999999978,-2.483555773494898,632.1023079690186,733.3722228600933,-0.1745,52.306577797606856,-7.7599906621452455,0.165,3.4203562954688778,1.2912602287210309
10.699999999999978,-2.5116954322038287,637.3367494071987,732.5905058481768,-0.1745,52.382250965995155,-7.874349576184748,0.165,3.4203562954688778,1.2912602287210309
10.799999999999978,-2.5323340966030754,642.5789390203901,731.798760644588,-0.1745,52.46154129783204,-7.96055449558995,0.165,3.4203562954688778,1.2912602287210309
10.899999999999977,-2.545515591928954,647.8324639225359,730.9988708423682,-0.1745,52.608956745085315,-8.037241548806003,0.8300000000000001,3.4203562954688778,1.2912602287210309
10.999999999999977,-2.554442570903004,653.0975587746091,730.1927901826166,-0.1745,52.69294029637715,-8.084371646225321,0.165,3.4203562954688778,1.2912602287210309
11.099999999999977,-2.560475790551091,658.3711165735209,729.3825558175415,-0.1745,52.778215681859315,-8.120315655277237,0.165,3.4203562954688778,1.2912602287210309
11.199999999999976,-2.5634715188038593,663.6548723104665,728.568857580115,-0.1745,52.89689905705435,-8.153649093251405,0.495,3.4203562954688778,1.2912602287210309
11.299999999999976,-2.564844912662983,668.9489064877381,727.7524802530965,-0.1745,52.98378448837624,-8.17389744712063,0.165,3.4203562954688778,1.2912602287210309
11.399999999999975,-2.5650207539386587,674.2516478616394,726.9342946200572,-0.1745,53.071042989650195,-8.189815213663866,0.165,3.4203562954688778,1.2912602287210309
11.499999999999975,-2.564315100699597,679.5631263251939,726.1146781471285,-0.1745,53.15852628144033,-8.202514244909766,0.165,3.4203562954688778,1.2912602287210309
11.599999999999975,-2.562962937494568,684.8833588311768,725.2939112644972,-0.1745,53.24612383821755,-8.212823407718213,0.165,3.4203562954688778,1.2912602287210309
11.699999999999974,-2.561138839736239,690.2123526864364,724.4722020866261,-0.1745,53.33375326697388,-8.221360149702578,0.165,3.4203562954688778,1.2912602287210309
11.799999999999974,-2.5589724035309223,695.5501080069209,723.6497048744584,-0.1745,53.42135314271794,-8.22858409365212,0.165,3.4203562954688778,1.2912602287210309
11.899999999999974,-2.5565597575551107,700.8966195475105,722.8265338130335,-0.1745,53.508877669071545,-8.234837134845062,0.165,3.4203562954688778,1.2912602287210309
11.999999999999973,-2.553972145301722,706.2518780658247,722.0027732855834,-0.1745,53.596292697213514,-8.24037341415629,0.165,3.4203562954688778,1.2912602287210309
12.099999999999973,-2.551262318647764,711.6158713385386,721.1784855296169,-0.1745,53.68357275706261,-8.245381705174529,0.165,3.4203562954688778,1.2912602287210309
12.199999999999973,-2.548469297626249,716.9885849185604,720.3537163382252,-0.1745,53.77069884337316,-8.25000212265903,0.165,3.4203562954688778,1.2912602287210309
12.299999999999972,-2.545621911536216,722.3700026989827,719.5284993029013,-0.1745,53.85765676507327,-8.254338583820457,0.165,3.4203562954688778,1.2912602287210309
12.399999999999972,-2.5427414316976398,727.7601073329816,718.7028589689291,-0.1745,53.94443591490549,-8.25846809562197,0.165,3.4203562954688778,1.2912602287210309
12.499999999999972,-2.539843527612784,733.1588805463615,717.8768131805525,-0.1745,54.031028352690946,-8.262447671911573,0.165,3.4203562954688778,1.2912602287210309
12.599999999999971,-2.536939719500001,738.5663033701245,717.0503748228617,-0.1745,54.11742812256884,-8.266319481905319,0.165,3.4203562954688778,1.2912602287210309
12.69999999999997,-2.5340384561931106,743.9823563134898,716.2235531147767,-0.1745,54.203630744737005,-8.270114679795858,0.165,3.4203562954688778,1.2912602287210309
12.79999999999997,-2.5311459145390467,749.407019492591,715.3963545682099,-0.1745,54.28963283728635,-8.273856251541531,0.165,3.4203562954688778,1.2912602287210309
12.89999999999997,-2.528266591888932,754.8402727262043,714.5687836991457,-0.1745,54.37543183497898,-8.277561129742843,0.165,3.4203562954688778,1.2912602287210309
12.99999999999997,-2.5254037449684335,760.2820956069647,713.740843554468,-0.1745,54.461025780231466,-8.281241763809406,0.165,3.4203562954688778,1.2912602287210309
13.09999999999997,-2.522559714760641,765.7324675543688,712.9125361020277,-0.1745,54.54641316784892,-8.28490728499637,0.165,3.4203562954688778,1.2912602287210309
13.199999999999969,-2.5197361668614837,771.1913678542487,712.0838625192623,-0.1745,54.63159282975036,-8.288564370312177,0.165,3.4203562954688778,1.2912602287210309
13.299999999999969,-2.516934269191994,776.6587756882078,711.2548234066097,-0.1745,54.716563849431,-8.292217882740378,0.165,3.4203562954688778,1.2912602287210309
13.399999999999968,-2.5147395683939577,782.1346701556056,710.4254189452024,-0.1745,54.801325498523596,-8.295871345404713,0.165,3.4203562954688778,1.2912602287210309
13.499999999999968,-2.511154286572253,787.6223047948077,709.5950717409281,-0.1745,54.95136728552023,-8.31107274008183,0.8300000000000001,3.4203562954688778,1.2912602287210309
13.599999999999968,-1.9494099709169666,793.1216660707295,708.7638974680951,-0.1745,55.035858232913974,-8.312412716577073,0.165,3.4203562954688778,1.2912602287210309
13.699999999999967,-2.099169096982213,798.6233561352577,708.0116875592024,-0.06225,54.99794305765132,-6.731785461276724,0.165,3.4203562954688778,1.2912602287210309
13.799999999999967,-2.2083682083206293,804.1243687002706,707.3174853097013,-0.1745,55.02230824260544,-7.152259528745598,0.165,3.4203562954688778,1.2912602287210309
13.899999999999967,-2.2877093499003855,809.628638829868,706.5867546599895,-0.1745,55.06309434934355,-7.462353465489311,0.165,3.4203562954688778,1.2912602287210309
13.999999999999966,-2.3451066463994144,815.1375741397021,705.8290844948278,-0.1745,55.11561184733945,-7.69104983774376,0.165,3.4203562954688778,1.2912602287210309
14.099999999999966,-2.386399642283565,820.6521817986508,705.0515417779997,-0.1745,55.17654133163436,-7.859804498820406,0.165,3.4203562954688778,1.2912602287210309
14.199999999999966,-2.415889115159466,826.1731844117827,704.2593277930964,-0.1745,55.24351093100359,-7.984475199244774,0.165,3.4203562954688778,1.2912602287210309
14.299999999999965,-2.436737605178025,831.7011006529567,703.4562658911368,-0.1745,55.31481389247659,-8.076762839948431,0.165,3.4203562954688778,1.2912602287210309
14.399999999999965,-2.451267582108981,837.2363021345639,702.6451633500071,-0.1745,55.38921573966519,-8.14528798264627,0.165,3.4203562954688778,1.2912602287210309
14.499999999999964,-2.3348174515285667,842.7790539355575,701.8280792919198,-0.1745,55.46582028020747,-8.196393179098383,0.165,3.4203562954688778,1.2912602287210309
14.599999999999964,-2.376050920275012,848.3302486582929,701.0243371628164,-0.1495,55.55807417450089,-7.878449402969111,0.165,3.4203562954688778,1.2912602287210309
14.699999999999964,-2.27888349068555,853.8893501548963,700.2302386229588,-0.1745,55.62395575756678,-8.003521394182545,0.165,3.4203562954688778,1.2912602287210309
14.799999999999963,-2.334109412261556,859.4577128986363,699.4429036241706,-0.1495,55.74329911723182,-7.743178581582131,0.495,3.4203562954688778,1.2912602287210309
14.899999999999963,-2.3736795524355356,865.0350351313339,698.6603774688543,-0.1745,55.803145536720336,-7.907344524744276,0.165,3.4203562954688778,1.2912602287210309
14.999999999999963,-2.4018248381115965,870.618640213784,697.8636023496763,-0.1745,55.86895611228287,-8.028157858817815,0.165,3.4203562954688778,1.2912602287210309
15.099999999999962,-2.421642505491698,876.2090393564297,697.0563311517816,-0.1745,55.939026740629416,-8.117266099076323,0.165,3.4203562954688778,1.2912602287210309
15.199999999999962,-2.435396975558641,881.8065971661754,696.2413072801833,-0.1745,56.01212945428396,-8.183211332889583,0.165,3.4203562954688778,1.2912602287210309
15.299999999999962,-2.444741968410096,887.4115724499078,695.4205342136767,-0.1745,56.087376220365435,-8.232249997243597,0.165,3.4203562954688778,1.2912602287210309
15.399999999999961,-2.4508840406715606,893.0241474226195,694.5954737536291,-0.1745,56.164123233870406,-8.268959203708029,0.165,3.4203562954688778,1.2912602287210309
15.499999999999961,-2.454702736839825,898.6444487323776,693.7671915881897,-0.1745,56.24190296129007,-8.296684105080182,0.165,3.4203562954688778,1.2912602287210309
15.59999999999996,-2.4568387111822503,904.2725626558349,692.9364640192401,-0.1745,56.320375507857065,-8.317867273911592,0.165,3.4203562954688778,1.2912602287210309
15.69999999999996,-2.457758265657527,909.9085461117888,692.1038561170396,-0.1745,56.39929361122238,-8.334290770098164,0.165,3.4203562954688778,1.2912602287210309
15.79999999999996,-2.45780055856438,915.5524346592299,691.2697788901143,-0.1745,56.478477337598704,-8.347253768410143,0.165,3.4203562954688778,1.2912602287210309
15.89999999999996,-2.4572121012670336,921.2042483129526,690.434531065169,-0.1745,56.5577957368561,-8.357702730493678,0.165,3.4203562954688778,1.2912602287210309
15.99999999999996,-2.456171943013107,926.8639957755769,689.5983295939955,-0.1745,56.63715351562887,-8.366326692977278,0.165,3.4203562954688778,1.2912602287210309
16.09999999999996,-2.4548100424442305,932.5316775184994,688.7613319117557,-0.1745,56.71648134282122,-8.373626951816274,0.165,3.4203562954688778,1.2912602287210309
16.19999999999996,-2.4532206589891787,938.2072880252219,687.9236521652538,-0.1745,56.79572879162991,-8.379967978223535,0.165,3.4203562954688778,1.2912602287210309
16.29999999999996,-2.451472107325185,943.8908174247415,687.0853730367537,-0.1745,56.87485919876176,-8.385614591776742,0.165,3.4203562954688778,1.2912602287210309
16.399999999999963,-2.449613857951743,949.5822526806515,686.2465543531538,-0.1745,56.95384591943947,-8.390759080221741,0.165,3.4203562954688778,1.2912602287210309
16.499999999999964,-2.447681702638071,955.2815784565894,685.4072393505801,-0.1745,57.03266959931737,-8.395540971251283,0.165,3.4203562954688778,1.2912602287210309
16.599999999999966,-2.445701509816357,960.9887777459322,684.5674592301302,-0.1745,57.111316187540254,-8.40006143774558,0.165,3.4203562954688778,1.2912602287210309
16.699999999999967,-2.44369195319642,966.7038323298101,683.7272364689198,-0.1745,57.18977549001679,-8.404393786461084,0.165,3.4203562954688778,1.2912602287210309
16.79999999999997,-2.441666493169587,972.4267231101319,682.8865872250802,-0.1745,57.26804011641847,-8.408591090330475,0.165,3.4203562954688778,1.2912602287210309
16.89999999999997,-2.439634814783582,978.1574303516566,682.0455230836177,-0.1745,57.346104714074585,-8.41269173892131,0.165,3.4203562954688778,1.2912602287210309
16.99999999999997,-2.437603870731389,983.895933857903,681.2040523230453,-0.1745,57.42396541085287,-8.416723472527476,0.165,3.4203562954688778,1.2912602287210309
17.099999999999973,-2.4355786374178208,989.6422130989563,680.3621808337964,-0.1745,57.501619410213294,-8.420706312449708,0.165,3.4203562954688778,1.2912602287210309
17.199999999999974,-1.8446784873875104,995.3962473043179,679.5199127837609,-0.1745,57.57906469701778,-8.424654688260869,0.165,3.4203562954688778,1.2912602287210309
17.299999999999976,-2.0103637887784043,1001.1554924520672,678.7638850866878,-0.06225,57.60583825796892,-6.695899253201566,0.8300000000000001,3.4203562954688778,1.2912602287210309
17.399999999999977,-2.1293046745499082,1006.9163993712019,678.0701040526145,-0.1745,57.61230012472717,-7.1797214282644894,0.165,3.4203562954688778,1.2912602287210309
17.49999999999998,-2.2144349441740436,1012.678976183609,677.334606495508,-0.1745,57.63923612341478,-7.530229713867116,0.165,3.4203562954688778,1.2912602287210309
17.59999999999998,-2.2751488456707665,1018.4449639405761,676.568885488122,-0.1745,57.68051901592611,-7.784190433852083,0.165,3.4203562954688778,1.2912602287210309
17.69999999999998,-2.318254942542548,1024.2155850323422,675.7812600525442,-0.1745,57.73190281939677,-7.968318277703169,0.165,3.4203562954688778,1.2912602287210309
17.799999999999983,-2.3486788024868686,1029.9917008384755,674.9777442679048,-0.1745,57.790413303267606,-8.101997415085572,0.165,3.4203562954688778,1.2912602287210309
17.899999999999984,-2.369978342621781,1035.7739190326727,674.1626808077216,-0.1745,57.85395058067809,-8.199271788578784,0.165,3.4203562954688778,1.2912602287210309
17.999999999999986,-2.3847202962819565,1041.5626677431496,673.3392021254823,-0.1745,57.921023628860716,-8.270301856206315,0.165,3.4203562954688778,1.2912602287210309
18.099999999999987,-2.394754331822787,1047.3582473987954,672.5095655757684,-0.1745,57.990569484054994,-8.322429138071248,0.165,3.4203562954688778,1.2912602287210309
18.19999999999999,-2.401412122261189,1053.1608672849502,671.6753964988296,-0.1745,58.06182823904048,-8.36095240070517,0.165,3.4203562954688778,1.2912602287210309
18.29999999999999,-2.2726639657195085,1058.9706714782017,670.8378642635082,-0.1745,58.13425562599107,-8.389692305722908,0.165,3.4203562954688778,1.2912602287210309
18.39999999999999,-2.313107498552056,1064.7903234770326,670.017191783885,-0.1495,58.258784350630144,-8.02375728674061,0.495,3.4203562954688778,1.2912602287210309
18.499999999999993,-2.341539980163433,1070.6190991039236,669.2084765623417,-0.1745,58.31672818718967,-8.150547144123546,0.165,3.4203562954688778,1.2912602287210309
18.599999999999994,-2.3613636435572456,1076.4539096331348,668.3888223579523,-0.1745,58.37948239703328,-8.24253694366508,0.165,3.4203562954688778,1.2912602287210309
18.699999999999996,-2.3750234108849098,1082.2951640423441,667.5612187681235,-0.1745,58.44560578715389,-8.309534852912684,0.165,3.4203562954688778,1.2912602287210309
18.799999999999997,-2.3842744291873537,1088.14314803326,666.7278120256238,-0.1745,58.5140740311643,-8.358599997078686,0.165,3.4203562954688778,1.2912602287210309
18.9,-2.3903755321114115,1093.9980595944812,665.8901416489515,-0.1745,58.58415719325843,-8.39480753636722,0.165,3.4203562954688778,1.2912602287210309
19.0,-2.394228856948274,1099.8600341653016,665.0493111304709,-0.1745,58.655334223147406,-8.42180283324424,0.165,3.4203562954688778,1.2912602287210309
19.1,-2.396480440346006,1105.7291625153423,664.2061108851225,-0.1745,58.72723277766607,-8.442202073723646,0.165,3.4203562954688778,1.2912602287210309
19.200000000000003,-2.397592602742042,1111.6055034851572,663.3611067110062,-0.1745,58.79958661863118,-8.457881408601684,0.165,3.4203562954688778,1.2912602287210309
19.300000000000004,-2.3978959755104907,1117.489093082484,662.5147033732683,-0.1745,58.8722053279043,-8.470185346156715,0.165,3.4203562954688778,1.2912602287210309
19.400000000000006,-2.397626860667803,1123.3799509846986,661.667190267428,-0.1745,58.94495271638835,-8.480076770646642,0.165,3.4203562954688778,1.2912602287210309
19.500000000000007,-2.396954035892297,1129.2780851905848,660.8187741874207,-0.1745,59.01773140133698,-8.488244829500454,0.165,3.4203562954688778,1.2912602287210309
19.60000000000001,-2.395997972375099,1135.1834953494529,659.9696028232864,-0.1745,59.09047177602695,-8.495182453183501,0.165,3.4203562954688778,1.2912602287210309
19.70000000000001,-2.3948446036212236,1141.0961751440038,659.119781600046,-0.1745,59.16312411499135,-8.501242011623209,0.165,3.4203562954688778,1.2912602287210309
19.80000000000001,-2.3935551839139495,1147.01611399582,658.2693857372188,-0.1745,59.23565292133131,-8.50667524492159,0.165,3.4203562954688778,1.2912602287210309
19.900000000000013,-2.3921733426835488,1152.943298285831,657.4184688803413,-0.1745,59.30803287888756,-8.511661892630958,0.165,3.4203562954688778,1.2912602287210309
20.000000000000014,-2.3907301294106578,1158.877712227467,656.5670692753433,-0.1745,59.38024595383472,-8.5163302073268,0.165,3.4203562954688778,1.2912602287210309
20.100000000000016,-2.389247619418282,1164.8193384911453,655.7152141827638,-0.1745,59.45227931972839,-8.520771644263128,0.165,3.4203562954688778,1.2912602287210309
20.200000000000017,-2.387741489641093,1170.7681586507567,654.8629230318282,-0.1745,59.52412387249951,-8.525051374447811,0.165,3.4203562954688778,1.2912602287210309
20.30000000000002,-2.3862228575996056,1176.7241535027842,654.0102096728874,-0.1745,59.595773168050215,-8.529215804369153,0.165,3.4203562954688778,1.2912602287210309
20.40000000000002,-2.3846995936290734,1182.6873032943117,653.1570839850854,-0.1745,59.66722266250024,-8.533297951670948,0.165,3.4203562954688778,1.2912602287210309
20.50000000000002,-2.245970342347372,1188.657587885892,652.3035530232023,-0.1745,59.738469169107326,-8.537321285991048,0.165,3.4203562954688778,1.2912602287210309
20.600000000000023,-2.2853439927221553,1194.636051256226,651.4703890064512,-0.1495,59.83079823756957,-8.125959049030183,0.165,3.4203562954688778,1.2912602287210309
20.700000000000024,-2.3121181441191783,1200.6234296336509,650.651273667904,-0.1745,59.916769310928906,-8.256347721915436,0.495,3.4203562954688778,1.2912602287210309
20.800000000000026,-2.3306263610354283,1206.6180293203497,649.8212186134464,-0.1745,59.97522442304869,-8.344753367237212,0.165,3.4203562954688778,1.2912602287210309
20.900000000000027,-2.343282497990038,1212.6186428896438,648.9835559323735,-0.1745,60.03704696283131,-8.408500254219087,0.165,3.4203562954688778,1.2912602287210309
21.00000000000003,-2.351799560313768,1218.6255545266,648.1403931944824,-0.1745,60.10118577629194,-8.454754503603834,0.165,3.4203562954688778,1.2912602287210309
21.10000000000003,-2.357392163801267,1224.638958815524,647.293225048698,-0.1745,60.16690000218987,-8.488608412083043,0.165,3.4203562954688778,1.2912602287210309
21.20000000000003,-2.3609208900278382,1230.6589871471592,646.443110755383,-0.1745,60.23366663051852,-8.513677454215186,0.165,3.4203562954688778,1.2912602287210309
21.300000000000033,-2.3629950605294807,1236.685726282731,645.590800553205,-0.1745,60.30111608091678,-8.532526589345434,0.165,3.4203562954688778,1.2912602287210309
21.400000000000034,-2.3640458186638797,1242.7192314397105,644.7368255126202,-0.1745,60.36898705867336,-8.546974222351777,0.165,3.4203562954688778,1.2912602287210309
21.500000000000036,-2.3647434049600142,1248.7595355324997,643.881561368608,-0.1745,60.43709479710979,-8.558308657892418,0.165,3.4203562954688778,1.2912602287210309
21.600000000000037,-2.364199075690891,1254.8082806474795,643.0249873659001,-0.1745,60.537807502484405,-8.57317139626667,0.495,3.4203562954688778,1.2912602287210309
21.70000000000004,-2.3634160889710323,1260.8654759837639,642.167348642306,-0.1745,60.60609922320126,-8.579603075614024,0.165,3.4203562954688778,1.2912602287210309
21.80000000000004,-2.362468771778366,1266.929495504396,641.3091048269291,-0.1745,60.67429118944213,-8.58527323192335,0.165,3.4203562954688778,1.2912602287210309
21.90000000000004,-2.361409533503362,1273.0003276429986,640.4503208992061,-0.1745,60.742351582607284,-8.590405322536299,0.165,3.4203562954688778,1.2912602287210309
22.000000000000043,-2.3602753017745313,1279.0779581215938,639.5910427752909,-0.1745,60.81025798929892,-8.595157155766517,0.165,3.4203562954688778,1.2912602287210309
22.100000000000044,-2.359092074207638,1285.1623707535323,638.7313029118707,-0.1745,60.87799464946917,-8.599640112638628,0.165,3.4203562954688778,1.2912602287210309
22.200000000000045,-2.3578781359194823,1291.2535480114143,637.8711242683444,-0.1745,60.94555050817259,-8.603932757887236,0.165,3.4203562954688778,1.2912602287210309
22.300000000000047,-2.3566463327138507,1297.351471428657,637.0105231068137,-0.1745,61.01291783668318,-8.60809047272675,0.165,3.4203562954688778,1.2912602287210309
22.40000000000005,-2.3554056762669893,1303.4561218833383,636.1495109697512,-0.1745,61.08009125694229,-8.612152268524554,0.165,3.4203562954688778,1.2912602287210309
22.50000000000005,-2.3541624770328577,1309.5674797987674,635.2880960761308,-0.1745,61.14706705164178,-8.616145603883414,0.165,3.4203562954688778,1.2912602287210309
22.60000000000005,-2.352921143418088,1315.6855252851756,634.4262843065153,-0.1745,61.21384267652161,-8.620089788427832,0.165,3.4203562954688778,1.2912602287210309
22.700000000000053,-2.3516847452527103,1321.8102382397901,633.5640798977582,-0.1745,61.2804164157677,-8.623998386713103,0.165,3.4203562954688778,1.2912602287210309
22.800000000000054,-2.3504554108747646,1327.9415984175102,632.701485932667,-0.1745,61.346787138633566,-8.627880915112227,0.165,3.4203562954688778,1.2912602287210309
22.900000000000055,-2.2079763401508705,1334.0795854808234,631.8385046849604,-0.1745,61.41295412763151,-8.631744039019813,0.165,3.4203562954688778,1.2912602287210309
23.000000000000057,-2.2501964396666736,1340.2270502369606,630.9968706322347,-0.1495,61.53634099511466,-8.20093701549293,0.495,3.4203562954688778,1.2912602287210309
23.10000000000006,-2.278043148012521,1346.386289765443,630.1694814028615,-0.1745,61.648449574533565,-8.346847571972015,0.8300000000000001,3.4203562954688778,1.2912602287210309
23.20000000000006,-2.2971553890619276,1352.5537506659964,629.3301448640731,-0.1745,61.700768436533,-8.43988320379609,0.165,3.4203562954688778,1.2912602287210309
23.30000000000006,-2.3101589450597495,1358.7266303564513,628.4828451338955,-0.1745,61.75682537256468,-8.506111399756218,0.165,3.4203562954688778,1.2912602287210309
23.400000000000063,-2.3188940898178685,1364.905242984556,627.6298616610668,-0.1745,61.81542718952939,-8.553558056816398,0.165,3.4203562954688778,1.2912602287210309
23.500000000000064,-1.6872033046979924,1371.0898015240587,626.772791019895,-0.1745,61.875743600521304,-8.587854766619643,0.165,3.4203562954688778,1.2912602287210309
23.600000000000065,-1.8853644148029778,1377.2768834531487,626.0133227657292,-0.06225,61.865894981280356,-6.60151031669531,0.495,3.4203562954688778,1.2912602287210309
23.700000000000067,-2.0238212930490427,1383.4620080083562,625.3223724022129,-0.1745,61.83659612287123,-7.217496953632093,0.165,3.4203562954688778,1.2912602287210309
23.800000000000068,-2.120351621393909,1389.645674142497,624.5789750465129,-0.1745,61.83672655994544,-7.650450160365378,0.165,3.4203562954688778,1.2912602287210309
23.90000000000007,-2.187484784496693,1395.8303506870257,623.7987116033103,-0.1745,61.85680433062876,-7.954818703688108,0.165,3.4203562954688778,1.2912602287210309
24.00000000000007,-2.234033009502967,1402.0177157199926,622.992523517439,-0.1745,61.89049632871086,-8.168943013736792,0.165,3.4203562954688778,1.2912602287210309
24.100000000000072,-2.266183271016225,1408.2089162766906,622.1680864605901,-0.1745,61.93351480525097,-8.319798123242329,0.165,3.4203562954688778,1.2912602287210309
24.200000000000074,-2.2882730770429074,1414.4047384470848,621.3307795805877,-0.1745,61.982928602631574,-8.42633947680508,0.165,3.4203562954688778,1.2912602287210309
24.300000000000075,-2.303339692521738,1420.6057208924296,620.4843690777908,-0.1745,62.036720304263824,-8.501870579132161,0.165,3.4203562954688778,1.2912602287210309
24.400000000000077,-2.3135077901685843,1426.8122316513104,619.6314896639135,-0.1745,62.093494873350174,-8.55571769841452,0.165,3.4203562954688778,1.2912602287210309
24.500000000000078,-2.3202623924119186,1433.0245206245727,618.7739831563998,-0.1745,62.15228459189554,-8.59441245185835,0.165,3.4203562954688778,1.2912602287210309
24.60000000000008,-2.32464067537645,1439.2427556930636,617.9131362686584,-0.1745,62.21241677792208,-8.622525302970793,0.165,3.4203562954688778,1.2912602287210309
24.70000000000008,-2.3273665477361756,1445.467047693771,617.0498474038588,-0.1745,62.273423236229185,-8.643251993018916,0.165,3.4203562954688778,1.2912602287210309
24.800000000000082,-2.328944961029653,1451.69746774884,616.1847435279577,-0.1745,62.33497786514905,-8.65882552500317,0.165,3.4203562954688778,1.2912602287210309
24.900000000000084,-2.3297279335596324,1457.93405931541,615.3182619901363,-0.1745,62.396853466251606,-8.670805231425694,0.165,3.4203562954688778,1.2912602287210309
25.000000000000085,-2.329960732353823,1464.176846576388,614.4507077592737,-0.1745,62.45889175330776,-8.68027938582699,0.165,3.4203562954688778,1.2912602287210309
25.100000000000087,-2.329814152347294,1470.425840288238,613.5822934354878,-0.1745,62.520982483693935,-8.688007089889279,0.165,3.4203562954688778,1.2912602287210309
25.200000000000088,-2.329407063288703,1476.6810418583443,612.7131672030265,-0.1745,62.58304891843032,-8.694517559337104,0.165,3.4203562954688778,1.2912602287210309
25.30000000000009,-2.328822149230097,1482.9424461884548,611.843432347453,-0.1745,62.64503768378071,-8.700179552132436,0.165,3.4203562954688778,1.2912602287210309
25.40000000000009,-2.3281168897637463,1489.2100436576015,610.973160875455,-0.1745,62.706911699153046,-8.705249887827483,0.165,3.4203562954688778,1.2912602287210309
25.500000000000092,-2.327331217421075,1495.4838215047218,610.1024030142914,-0.1745,62.768645243253154,-8.709907335444033,0.165,3.4203562954688778,1.2912602287210309
25.600000000000094,-2.3264928545787416,1501.7637647924926,609.2311938340548,-0.1745,62.830220512160096,-8.714276269287918,0.165,3.4203562954688778,1.2912602287210309
25.700000000000095,-2.3256210312279753,1508.0498570790312,608.3595578619122,-0.1745,62.89162521861412,-8.718443173564394,0.165,3.4203562954688778,1.2912602287210309
25.800000000000097,-2.3247290735716932,1514.3420808858612,607.4875122956433,-0.1745,62.95285091798613,-8.722468151811801,0.165,3.4203562954688778,1.2912602287210309
25.900000000000098,-2.3238262055438255,1520.6404180238278,606.6150692406021,-0.1745,63.01389184134772,-8.726392949011712,0.165,3.4203562954688778,1.2912602287210309
26.0000000000001,-2.322918801974298,1526.9448498200115,605.7422372661356,-0.1745,63.07474408232893,-8.730246540318484,0.165,3.4203562954688778,1.2912602287210309
26.1000000000001,-1.6700835445874458,1533.2553572756644,604.8690224879858,-0.1745,63.13540503072718,-8.734049022676258,0.165,3.4203562954688778,1.2912602287210309
26.200000000000102,-1.8720753545886457,1539.5683070287957,604.1003304811612,-0.06225,63.1235900318981,-6.639791113816369,0.495,3.4203562954688778,1.2912602287210309
26.300000000000104,-2.012006324741681,1545.8787769842068,603.4043684756476,-0.1745,63.08580907632338,-7.279448996456492,0.165,3.4203562954688778,1.2912602287210309
26.400000000000105,-2.108751791710172,1552.187042980408,602.6541502513643,-0.1745,63.07951084770067,-7.724915489210484,0.165,3.4203562954688778,1.2912602287210309
26.500000000000107,-2.1754910776042626,1558.4957361734773,601.8661433591027,-0.1745,63.094353013686785,-8.035222356020688,0.165,3.4203562954688778,1.2912602287210309
26.600000000000108,-2.2214079930823787,1564.8066285727382,601.0518051495402,-0.1745,63.12349497152828,-8.251541835228878,0.165,3.4203562954688778,1.2912602287210309
26.70000000000011,-2.2528912580455422,1571.1209207268523,600.2190995888543,-0.1745,63.16234811075375,-8.402569378490151,0.165,3.4203562954688778,1.2912602287210309
26.80000000000011,-2.269322368005894,1577.4394283186334,599.3735570365537,-0.1745,63.20780372487051,-8.508281667521386,0.165,3.4455215562176162,1.3417777182549788
26.900000000000112,-2.2804039224279227,1583.7628268616115,598.5198123344062,-0.1745,63.26016713469015,-8.566612375429052,0.165,3.4455215562176162,1.3417777182549788
27.000000000000114,-2.287787725204771,1590.0915763101045,597.6610771967444,-0.1745,63.31482183516975,-8.608090377808498,0.165,3.4455215562176162,1.3417777182549788
27.100000000000115,-2.2926178562704336,1596.425867319284,596.7987778411122,-0.1745,63.37099834841659,-8.637896734836028,0.165,3.4455215562176162,1.3417777182549788
27.200000000000117,-2.295686219137718,1602.7658255258666,595.93390181941,-0.1745,63.42816578323541,-8.659623699205412,0.165,3.4455215562176162,1.3417777182549788
27.300000000000118,-2.2975406252997135,1609.1115316926662,595.0671326196698,-0.1745,63.48595755275699,-8.675760295598874,0.165,3.4455215562176162,1.3417777182549788
27.40000000000012,-2.2985598220372943,1615.4630355918155,594.1989430995366,-0.1745,63.54412043022701,-8.688030107064815,0.165,3.4455215562176162,1.3417777182549788
27.50000000000012,-2.299005529701987,1621.8203655878933,593.3296602937439,-0.1745,63.60247949132926,-8.697626008788264,0.165,3.4455215562176162,1.3417777182549788
27.600000000000122,-2.299058507261246,1628.1835352591918,592.4595103359549,-0.1745,63.660913934638124,-8.705373146993022,0.165,3.4455215562176162,1.3417777182549788
27.700000000000124,-2.2988435323248337,1634.55254797497,591.5886495779617,-0.1745,63.71934038092651,-8.711842012870138,0.165,3.4455215562176162,1.3417777182549788
27.800000000000125,-2.2984466930061584,1640.9274000604264,590.7171861352676,-0.1745,63.77770132820507,-8.7174268410109,0.165,3.4455215562176162,1.3417777182549788
27.900000000000126,-2.297927351395143,1647.3080829851976,589.8451947965344,-0.1745,63.835957167217785,-8.722399933653252,0.165,3.4455215562176162,1.3417777182549788
28.000000000000128,-2.29732641635297,1653.6945848764776,588.9727273357211,-0.1745,63.89408065837981,-8.726949282613313,0.165,3.4455215562176162,1.3417777182549788
28.10000000000013,-2.296672061400659,1660.0868915649673,588.099819641059,-0.1745,63.95205311141489,-8.731204610629849,0.165,3.4455215562176162,1.3417777182549788
28.20000000000013,-2.2959836748724367,1666.4849873076964,587.2264966411342,-0.1745,64.00986174316479,-8.735255387866324,0.165,3.4455215562176162,1.3417777182549788
28.300000000000132,-2.295274587584383,1672.8888552873882,586.3527757072153,-0.1745,64.06749785067204,-8.73916329051202,0.165,3.4455215562176162,1.3417777182549788
28.400000000000134,-2.2945539554945866,1679.2984779573399,585.4786690020895,-0.1745,64.12495554835894,-8.742970812004398,0.165,3.4455215562176162,1.3417777182549788
28.500000000000135,-2.2938280585481285,1685.7138372795293,584.6041851008764,-0.1745,64.18223089542906,-8.74670721225753,0.165,3.4455215562176162,1.3417777182549788
28.600000000000136,-2.293101196350239,1692.1349148889576,583.7293301089667,-0.1745,64.23932129313437,-8.750392625936477,0.165,3.4455215562176162,1.3417777182549788
28.700000000000138,-2.292376305542639,1698.5616922070449,582.854108432761,-0.1745,64.29622506861061,-8.754040898176104,0.165,3.4455215562176162,1.3417777182549788
28.80000000000014,-2.291655385166429,1704.9941505198578,581.9785233107996,-0.1745,64.3529411876466,-8.75766154105164,0.165,3.4455215562176162,1.3417777182549788
28.90000000000014,-2.2909397896023904,1711.4322710320662,581.1025771796058,-0.1745,64.40946905652247,-8.761261082824438,0.165,3.4455215562176162,1.3417777182549788
29.000000000000142,-2.2902304302260377,1717.87603490416,580.2262719255638,-0.1745,64.46580838535239,-8.764843998015593,0.165,3.4455215562176162,1.3417777182549788
29.100000000000144,-2.2895279141629703,1724.3254232781217,579.3496090582505,-0.1745,64.52195909388044,-8.76841334825068,0.165,3.4455215562176162,1.3417777182549788
29.200000000000145,-2.288832639722425,1730.780417295144,578.4725898296567,-0.1745,64.57792124656646,-8.771971223625021,0.165,3.4455215562176162,1.3417777182549788
29.300000000000146,-2.2881448620061664,1737.2409981078658,577.595215316148,-0.1745,64.63369500787208,-8.775519046549773,0.165,3.4455215562176162,1.3417777182549788
29.400000000000148,-2.287464737993673,1743.707146888833,576.7174864747788,-0.1745,64.68928061147155,-8.779057780835352,0.165,3.4455215562176162,1.3417777182549788
29.50000000000015,-2.2867923575101194,1750.1788448363595,575.8394041819618,-0.1745,64.7446783390577,-8.782588075503718,0.165,3.4455215562176162,1.3417777182549788
29.60000000000015,-2.2861277644880627,1756.6560731786003,574.9609692600035,-0.1745,64.79988850575653,-8.786110363662447,0.165,3.4455215562176162,1.3417777182549788
29.700000000000152,-2.2854709715583934,1763.1388131763927,574.0821824952977,-0.1745,64.85491145009158,-8.78962493045299,0.165,3.4455215562176162,1.3417777182549788
29.800000000000153,-2.284821970058789,1769.6270461252511,573.2030446507888,-0.1745,64.9097475270794,-8.793131959725434,0.165,3.4455215562176162,1.3417777182549788
29.900000000000155,-2.284180736895478,1776.120753356779,572.3235564744982,-0.1745,64.96439710347876,-8.796631566085853,0.165,3.4455215562176162,1.3417777182549788
30.000000000000156,-2.2835472392452236,1782.619916239679,571.4437187053494,-0.1745,65.0188605545207,-8.800123816890297,0.165,3.4455215562176162,1.3417777182549788
30.100000000000158,-1.6095834599672332,1789.124516180488,570.5635320771382,-0.1745,65.07313826165652,-8.80360874733215,0.165,3.4455215562176162,1.3417777182549788
30.20000000000016,-1.8247267073080107,1795.629485029944,569.7946670263699,-0.06225,65.02623872746453,-6.573692268034281,0.165,3.4455215562176162,1.3417777182549788
30.30000000000016,-1.9718782679737554,1802.1293652515546,569.1022984543434,-0.1745,64.97136570475196,-7.2736791724958385,0.165,3.4455215562176162,1.3417777182549788
30.400000000000162,-2.0723554788075744,1808.6255627468622,568.3508937721784,-0.1745,64.95258420139886,-7.754414470804468,0.165,3.4455215562176162,1.3417777182549788
30.500000000000163,-2.140838413608302,1815.1210757569002,567.5589399192532,-0.1745,64.95767599936163,-8.084662587700096,0.165,3.4455215562176162,1.3417777182549788
30.600000000000165,-2.18786951027787,1821.6178941062635,566.7391218059274,-0.1745,64.9786909879036,-8.311699678816055,0.165,3.4455215562176162,1.3417777182549788
30.700000000000166,-2.2191177570516727,1828.1189724123742,565.8998496439453,-0.1745,65.04287513431171,-8.473743560826628,0.495,3.4455215562176162,1.3417777182549788
30.800000000000168,-2.24023655299266,1834.6252047955595,565.0471354152572,-0.1745,65.08177252939576,-8.58054101293504,0.165,3.4455215562176162,1.3417777182549788
30.90000000000017,-2.254441182532252,1841.1355645651738,564.185381141985,-0.1745,65.12542286289113,-8.654544452509533,0.165,3.4455215562176162,1.3417777182549788
31.00000000000017,-2.263929949693127,1847.650447996296,563.3173472264957,-0.1745,65.17224575954964,-8.706133857276399,0.165,3.4455215562176162,1.3417777182549788
31.100000000000172,-2.2702047171986233,1854.1701187536376,562.4449199164512,-0.1745,65.22116938728146,-8.742412343613328,0.165,3.4455215562176162,1.3417777182549788
31.200000000000173,-2.2742908818895207,1860.6947504880932,561.569387448339,-0.1745,65.27146530183157,-8.768237018631204,0.165,3.4455215562176162,1.3417777182549788
31.300000000000175,-2.2768881317452196,1867.2244556437995,560.6916292468152,-0.1745,65.32263781229538,-8.786927011844218,0.165,3.4455215562176162,1.3417777182549788
31.400000000000176,-2.2784736540520574,1873.759305003749,559.8122454383538,-0.1745,65.37434938669607,-8.800749157383741,0.165,3.4455215562176162,1.3417777182549788
31.500000000000178,-2.2793727301250297,1880.2993409798544,558.9316454405035,-0.1745,65.42637013541038,-8.811250799621945,0.165,3.4455215562176162,1.3417777182549788
31.60000000000018,-2.2798069872312965,1886.8445866616462,558.0501085184219,-0.1745,65.47854350042373,-8.819487642010996,0.165,3.4455215562176162,1.3417777182549788
31.70000000000018,-2.2799273584273525,1893.3950519820476,557.1678251551418,-0.1745,65.53076290760232,-8.826179623589944,0.165,3.4455215562176162,1.3417777182549788
31.800000000000182,-2.279836584187099,1899.9507379204558,556.2849252995001,-0.1745,65.58295586056444,-8.83181748924568,0.165,3.4455215562176162,1.3417777182549788
31.900000000000183,-2.27960456643125,1906.5116393683375,555.4014976446061,-0.1745,65.63507309706785,-8.836735608631736,0.165,3.4455215562176162,1.3417777182549788
32.000000000000185,-2.27927884041418,1913.0777470829025,554.5176027788153,-0.1745,65.6870811942345,-8.841161707183963,0.165,3.4455215562176162,1.3417777182549788
32.100000000000186,-2.278891713632192,1919.649049018876,553.6332821528025,-0.1745,65.7389575252343,-8.845250813073049,0.165,3.4455215562176162,1.3417777182549788
32.20000000000019,-2.2784651304558374,1926.2255312361335,552.7485641911903,-0.1745,65.79068681991717,-8.849108419170516,0.165,3.4455215562176162,1.3417777182549788
32.30000000000019,-2.2780139856116763,1932.807178518114,551.8634684562581,-0.1745,65.84225881969101,-8.852806279472368,0.165,3.4455215562176162,1.3417777182549788
32.40000000000019,-2.2775483801818837,1939.3939747930435,550.9780084834034,-0.1745,65.89366667890282,-8.856393177623204,0.165,3.4455215562176162,1.3417777182549788
32.50000000000019,-2.2770751569843077,1945.9859034207595,550.0921937112818,-0.1745,65.94490587541712,-8.8599022648105,0.165,3.4455215562176162,1.3417777182549788
32.60000000000019,-2.2765989450932453,1952.5829473879526,549.2060307951466,-0.1745,65.99597346844439,-8.863356057891934,0.165,3.4455215562176162,1.3417777182549788
32.700000000000195,-2.2761228701429808,1959.1850894410304,548.3195245001307,-0.1745,66.04686759311092,-8.866769842425562,0.165,3.4455215562176162,1.3417777182549788
32.800000000000196,-2.27564903716158,1965.7923121765048,547.4326783085733,-0.1745,66.09758711637785,-8.87015398872249,0.165,3.4455215562176162,1.3417777182549788
32.9000000000002,-2.275178858650262,1972.404598102468,546.5454948327629,-0.1745,66.14813140288797,-8.87351552748468,0.165,3.4455215562176162,1.3417777182549788
33.0000000000002,-2.274713277420929,1979.0219296803964,545.6579760953235,-0.1745,66.19850015567937,-8.876859221301043,0.165,3.4455215562176162,1.3417777182549788
33.1000000000002,-2.274252917891789,1985.6442893535739,544.7701237196077,-0.1745,66.24869330786838,-8.880188293017065,0.165,3.4455215562176162,1.3417777182549788
33.2000000000002,-2.2737981887690575,1992.2716595664183,543.8819390589238,-0.1745,66.2987109490189,-8.883504920661196,0.165,3.4455215562176162,1.3417777182549788
33.3000000000002,-2.2733493527077444,1998.9040227776247,542.99342328421,-0.1745,66.34855327510809,-8.886810573613692,0.165,3.4455215562176162,1.3417777182549788
33.400000000000205,-2.272906573551877,2005.541361469107,542.1045774434867,-0.1745,66.3982205545377,-8.890106240852342,0.165,3.4455215562176162,1.3417777182549788
33.500000000000206,-2.272469948357544,2012.1836581520865,541.215402502151,-0.1745,66.44771310505237,-8.893392585861323,0.165,3.4455215562176162,1.3417777182549788
33.60000000000021,-2.272039529091838,2018.8308953712426,540.3258993702717,-0.1745,66.49703127806886,-8.896670051725268,0.165,3.4455215562176162,1.3417777182549788
33.70000000000021,-2.2716153373301635,2025.483055707548,539.4360689210655,-0.1745,66.54617544803901,-8.899938932399452,0.165,3.4455215562176162,1.3417777182549788
33.80000000000021,-2.2711973742069635,2032.1401217802113,538.5459120033944,-0.1745,66.59514600523023,-8.903199421022846,0.165,3.4455215562176162,1.3417777182549788
33.90000000000021,-2.2707856271498823,2038.8020762480141,537.6554294502105,-0.1745,66.64394335082555,-8.906451642655657,0.165,3.4455215562176162,1.3417777182549788
34.00000000000021,-2.270380074435054,2045.4689018102354,536.764622084255,-0.1745,66.69256789359719,-8.909695676453634,0.165,3.4455215562176162,1.3417777182549788
34.100000000000215,-2.270804824693813,2052.1405812072976,535.8734907218983,-0.1745,66.74102004764731,-8.912931570681229,0.165,3.4455215562176162,1.3417777182549788
34.200000000000216,-2.2697228080478435,2058.8203717260108,534.9814589033433,-0.1745,66.85479032661932,-8.927704800418505,0.8300000000000001,3.4455215562176162,1.3417777182549788
34.30000000000022,-2.1141355970974103,2065.508261743358,534.0886441207019,-0.1745,66.90301002033088,-8.92859085240862,0.165,3.4455215562176162,1.3417777182549788
34.40000000000022,-2.1640690524690926,2072.2060917792487,533.2213898466349,-0.1495,67.05359069748255,-8.416494628932435,0.8300000000000001,3.4455215562176162,1.3417777182549788
34.50000000000022,-2.1975219244460886,2078.912544476615,532.3711836272714,-0.1745,67.07546324984743,-8.587629758336696,0.165,3.4455215562176162,1.3417777182549788
34.60000000000022,-2.2198852448663517,2085.6215985042054,531.5066124814506,-0.1745,67.10561730196288,-8.70379315807946,0.165,3.4455215562176162,1.3417777182549788
34.70000000000022,-2.2347921095374765,2092.333941743607,530.6322762185869,-0.1745,67.14124748606343,-8.782932099194968,0.165,3.4455215562176162,1.3417777182549788
34.800000000000225,-2.244688807304324,2099.0500285115922,529.7512721372335,-0.1745,67.18048787364633,-8.837149527871322,0.165,3.4455215562176162,1.3417777182549788
34.900000000000226,-2.2512213428040138,2105.7701575477704,528.8656846304325,-0.1745,67.22209284992029,-8.874600608149896,0.165,3.4455215562176162,1.3417777182549788
35.00000000000023,-2.255496579651866,2112.4945236382327,527.9769157687795,-0.1745,67.2652289593228,-8.900776624910053,0.165,3.4455215562176162,1.3417777182549788
35.10000000000023,-2.2582584437332804,2119.2232519732133,527.0859082907475,-0.1745,67.30933774029289,-8.919372935728571,0.165,3.4455215562176162,1.3417777182549788
35.20000000000023,-2.2600066931625684,2125.9564210955277,526.193295892577,-0.1745,67.35404470599521,-8.93287502768243,0.165,3.4455215562176162,1.3417777182549788
35.30000000000023,-2.261076910239639,2132.694078263969,525.299504448986,-0.1745,67.39909866283296,-8.942953844136788,0.165,3.4455215562176162,1.3417777182549788
35.40000000000023,-2.2616943403337313,2139.4362497536163,524.4048201448504,-0.1745,67.44433113011016,-8.950732238575153,0.165,3.4455215562176162,1.3417777182549788
35.500000000000234,-2.2620101077787407,2146.182947767555,523.5094353106222,-0.1745,67.48962914866509,-8.956964445989525,0.165,3.4455215562176162,1.3417777182549788
35.600000000000236,-1.5602014939256001,2152.934175076929,522.613479243464,-0.1745,67.53491703881345,-8.96215689717454,0.165,3.4455215562176162,1.3417777182549788
35.70000000000024,-1.7932470477727012,2159.6868196441624,521.8374938382734,-0.06225,67.51797430584948,-6.557551206636141,0.495,3.4455215562176162,1.3417777182549788
35.80000000000024,-1.9498802955164531,2166.4346656995704,521.1424841215678,-0.1745,67.43894680231013,-7.342643127477219,0.165,3.4455215562176162,1.3417777182549788
35.90000000000024,-2.0550159244815145,2173.176754433234,520.381764491884,-0.1745,67.40282787095639,-7.87174946619855,0.165,3.4455215562176162,1.3417777182549788
36.00000000000024,-2.125492287537179,2179.9166218078813,519.5767550314149,-0.1745,67.3945196219937,-8.228439743184028,0.165,3.4455215562176162,1.3417777182549788
36.10000000000024,-2.1726691102704514,2186.6565684176626,518.7418798428322,-0.1745,67.40441257363729,-8.469064028470378,0.165,3.4455215562176162,1.3417777182549788
36.200000000000244,-2.2041980656229314,2193.39810329728,517.8868457911432,-0.1745,67.42628501871415,-8.63161700530971,0.165,3.4455215562176162,1.3417777182549788
36.300000000000246,-2.22522657768581,2200.142220609598,517.0181801289957,-0.1745,67.45606122764435,-8.741696237640554,0.165,3.4455215562176162,1.3417777182549788
36.40000000000025,-2.2392138742057712,2206.8895761725807,516.1402687870936,-0.1745,67.49105003200714,-8.816530600400824,0.165,3.4455215562176162,1.3417777182549788
36.50000000000025,-2.2484827474846645,2213.6406019280907,515.2560569622154,-0.1745,67.52946507818882,-8.867705897163841,0.165,3.4455215562176162,1.3417777182549788
36.60000000000025,-2.2545918415503143,2220.39558100815,514.3675213115239,-0.1745,67.57011652299872,-8.903007116666595,0.165,3.4455215562176162,1.3417777182549788
36.70000000000025,-2.2585864387378067,2227.15469733995,513.4759878631361,-0.1745,67.61221011299747,-8.927661851088901,0.165,3.4455215562176162,1.3417777182549788
36.80000000000025,-2.261167189223841,2233.9180685940532,512.5823458504483,-0.1745,67.6552149690713,-8.945178402667828,0.165,3.4455215562176162,1.3417777182549788
36.900000000000254,-2.262803522660164,2240.685768142838,511.68719142775865,-0.1745,67.69877600662016,-8.957910051125248,0.165,3.4455215562176162,1.3417777182549788
37.000000000000256,-2.2638098189690896,2247.4578397264972,510.7909241952509,-0.1745,67.74265566657182,-8.967434599029714,0.165,3.4455215562176162,1.3417777182549788
37.10000000000026,-2.2643965344555745,2254.2343072616213,509.8938119917656,-0.1745,67.78669503590883,-8.974809470676735,0.165,3.4455215562176162,1.3417777182549788
37.20000000000026,-2.2647044991943135,2261.0151814063247,508.9960343653151,-0.1745,67.8307878581577,-8.980743058332884,0.165,3.4455215562176162,1.3417777182549788
37.30000000000026,-1.558674048020821,2267.8004639562787,508.0977117249154,-0.1745,67.87486314092294,-8.985709749660234,0.165,3.4455215562176162,1.3417777182549788
37.40000000000026,-1.7942084333850712,2274.5887528326057,507.3205312314707,-0.06225,67.89091438562005,-6.557900119234703,0.8300000000000001,3.4455215562176162,1.3417777182549788
37.50000000000026,-1.9520933761124137,2281.3737114438727,506.6248630790934,-0.1745,67.80825783971888,-7.3554629283108675,0.165,3.4455215562176162,1.3417777182549788
37.600000000000264,-2.0583083191174842,2288.1526020830624,505.86251803613203,-0.1745,67.76955494407429,-7.8914379309172045,0.165,3.4455215562176162,1.3417777182549788
37.700000000000266,-2.1286470415083896,2294.930667430083,505.0550733279627,-0.1745,67.7917519963297,-8.257456232469682,0.495,3.4455215562176162,1.3417777182549788
37.80000000000027,-2.1756065923200736,2301.7102561091706,504.21726182153054,-0.1745,67.80002158542327,-8.49877389617307,0.165,3.4455215562176162,1.3417777182549788
37.90000000000027,-2.2069120685190136,2308.4912777114246,503.3592587670719,-0.1745,67.82041045965408,-8.661287193000751,0.165,3.4455215562176162,1.3417777182549788
38.00000000000027,-2.227744399591651,2315.274736875632,502.4876446368126,-0.1745,67.84877282448797,-8.770995412184933,0.165,3.4455215562176162,1.3417777182549788
38.10000000000027,-2.2415747435592976,2322.061294485838,501.60682767972287,-0.1745,67.88237937963734,-8.845343729609658,0.165,3.4455215562176162,1.3417777182549788
38.20000000000027,-2.2507268535971834,2328.851384645478,500.71975912503825,-0.1745,67.91942381316484,-8.896027364083064,0.165,3.4455215562176162,1.3417777182549788
38.300000000000274,-2.2567553252295696,2335.645291163203,499.8284137158892,-0.1745,67.95870654134082,-8.930880818897899,0.165,3.4455215562176162,1.3417777182549788
38.400000000000276,-2.2606996022259356,2342.4431979491164,498.93411222751826,-0.1745,67.99942917692199,-8.955148948521314,0.165,3.4455215562176162,1.3417777182549788
38.50000000000028,-2.263254342917328,2349.2452223909186,498.0377377302864,-0.1745,68.04105965911947,-8.972340996115864,0.165,3.4455215562176162,1.3417777182549788
38.60000000000028,-2.264883579994797,2356.0514375323496,497.1398804911393,-0.1745,68.08324316950063,-8.984803786825585,0.165,3.4455215562176162,1.3417777182549788
38.70000000000028,-2.2658971596222672,2362.861886842476,496.2409349978247,-0.1745,68.12574303302932,-8.99410607946666,0.165,3.4455215562176162,1.3417777182549788
38.80000000000028,-2.2665018918365645,2369.676594064117,495.3411648889031,-0.1745,68.16840139978872,-9.001296098964957,0.165,3.4455215562176162,1.3417777182549788
38.90000000000028,-2.2668357605536973,2376.49556978608,494.44074638461325,-0.1745,68.21111303947237,-9.007073986832268,0.165,3.4455215562176162,1.3417777182549788
39.000000000000284,-2.2669907929861477,2383.3188158308685,493.53979732442923,-0.1745,68.25380785629494,-9.01190721684809,0.165,3.4455215562176162,1.3417777182549788
39.100000000000286,-2.2670283413997416,2390.1463281844412,492.6383965734519,-0.1745,68.29643921515519,-9.016107802698453,0.165,3.4455215562176162,1.3417777182549788
39.20000000000029,-2.266989290633453,2396.9780989524634,491.7365969871124,-0.1745,68.33897614528853,-9.019883924091378,0.165,3.4455215562176162,1.3417777182549788
39.30000000000029,-1.5555953836194907,2403.814117666379,490.834434069228,-0.1745,68.38139813302605,-9.023374433597585,0.165,3.4455215562176162,1.3417777182549788
39.40000000000029,-1.7946277152475119,2410.649707197516,490.0556301864344,-0.06225,68.33039248971643,-6.552703222273536,0.165,3.4455215562176162,1.3417777182549788
39.50000000000029,-1.954354925041066,2417.478381538317,489.35964556745114,-0.1745,68.24309432630473,-7.3669891573927515,0.165,3.4455215562176162,1.3417777182549788
39.60000000000029,-2.0609595077995237,2424.300592248004,488.5956783295431,-0.1745,68.20111986743048,-7.912355600767816,0.165,3.4455215562176162,1.3417777182549788
39.700000000000294,-2.1329970873856583,2431.120064448071,487.78617450984547,-0.1745,68.18832413391125,-8.277720793185223,0.165,3.4455215562176162,1.3417777182549788
39.800000000000296,-2.1796436341891554,2437.9424804496666,486.94557829836185,-0.1745,68.25999589800044,-8.534203436486633,0.8300000000000001,3.4455215562176162,1.3417777182549788
39.9000000000003,-2.210649866736986,2444.7694141561474,486.084045459599,-0.1745,68.27867823161098,-8.696453338770096,0.165,3.4455215562176162,1.3417777182549788
40.0000000000003,-2.23122874452701,2451.5986182682086,485.2089436040296,-0.1745,68.30540400961695,-8.805583772616933,0.165,3.4455215562176162,1.3417777182549788
40.1000000000003,-2.244860491195872,2458.4307586246186,484.3247009349785,-0.1745,68.33740311858335,-8.879269608404872,0.165,3.4455215562176162,1.3417777182549788
40.2000000000003,-2.253866705432937,2465.2662712070573,483.4342715756947,-0.1745,68.37284853019295,-8.929317577271112,0.165,3.4455215562176162,1.3417777182549788
40.3000000000003,-2.259795086880125,2472.105440187189,482.5396252621111,-0.1745,68.41053107243232,-8.963608694400875,0.165,3.4455215562176162,1.3417777182549788
40.400000000000304,-2.2636768514213146,2478.9484491782373,481.6420748149919,-0.1745,68.44964874853717,-8.987400247983663,0.165,3.4455215562176162,1.3417777182549788
40.500000000000306,-2.2661987605389946,2485.795415062553,480.74249493299715,-0.1745,68.48966893777549,-9.004197391911184,0.165,3.4455215562176162,1.3417777182549788
40.60000000000031,-2.267817982160917,2492.646410393312,479.8414682641138,-0.1745,68.53023767741232,-9.016335985755111,0.165,3.4455215562176162,1.3417777182549788
40.70000000000031,-2.2696761392763927,2499.501478261268,478.9393828648578,-0.1745,68.57111968170376,-9.025371999365309,0.165,3.4455215562176162,1.3417777182549788
40.80000000000031,-2.269627357610275,2506.3639166787584,478.03591991789165,-0.1745,68.6776486681022,-9.043886939957792,0.8300000000000001,3.4455215562176162,1.3417777182549788
40.90000000000031,-2.2695457793686042,2513.233741429505,477.131368612582,-0.1745,68.7188463468234,-9.047139166235064,0.165,3.4455215562176162,1.3417777182549788
41.00000000000031,-2.269443979433321,2520.107679275053,476.22649890964243,-0.1745,68.7599105641496,-9.050254892555524,0.165,3.4455215562176162,1.3417777182549788
41.100000000000314,-2.269330300263652,2526.985716565669,475.3213223069325,-0.1745,68.80083524816483,-9.05327716164404,0.165,3.4455215562176162,1.3417777182549788
41.200000000000315,-2.26921027160612,2533.867839153517,474.41584671990995,-0.1745,68.84161650878819,-9.056234578806167,0.165,3.4455215562176162,1.3417777182549788
41.30000000000032,-2.2690875546080376,2540.7540325743084,473.51007768353537,-0.1745,68.8822519070431,-9.05914614868514,0.165,3.4455215562176162,1.3417777182549788
41.40000000000032,-2.268964569452095,2547.6442821680976,472.6040191514143,-0.1745,68.92273996874329,-9.0620244937358,0.165,3.4455215562176162,1.3417777182549788
41.50000000000032,-2.2688429124644154,2554.5385731595816,471.69767402696976,-0.1745,68.96307986093854,-9.064877995155669,0.165,3.4455215562176162,1.3417777182549788
41.60000000000032,-2.2687236332231167,2561.436890711464,470.7910445163836,-0.1745,69.00327117671287,-9.06771221656793,0.165,3.4455215562176162,1.3417777182549788
41.70000000000032,-2.2686074185980205,2568.3392199599043,469.88413236303325,-0.1745,69.0433137920935,-9.0705308504385,0.165,3.4455215562176162,1.3417777182549788
41.800000000000324,-2.1077565423753115,2575.2455460380556,468.9769390031604,-0.1745,69.08320777093614,-9.073336347018788,0.165,3.4455215562176162,1.3417777182549788
41.900000000000325,-2.162319592299195,2582.1579590108818,468.09742933486,-0.1495,69.16505168558434,-8.516857018988734,0.165,3.4455215562176162,1.3417777182549788
42.00000000000033,-2.1983900541864188,2589.075001670966,467.23619054156956,-0.1745,69.1758015160968,-8.70791884682077,0.165,3.4455215562176162,1.3417777182549788
42.10000000000033,-1.501783547658647,2595.9936070631907,466.3590271089178,-0.1745,69.19630632840263,-8.835349806213703,0.165,3.4455215562176162,1.3417777182549788
42.20000000000033,-1.762190590660846,2602.910730450043,465.59778402421045,-0.06225,69.14616140864815,-6.3895118879333985,0.165,3.4455215562176162,1.3417777182549788
42.30000000000033,-1.9352343526318616,2609.8201055585346,464.91400140243496,-0.1745,69.04134076118174,-7.286140547576864,0.165,3.4455215562176162,1.3417777182549788
42.40000000000033,-2.0500963929847957,2616.7215565453225,464.1555471223298,-0.1745,68.98767897457324,-7.882945054526877,0.165,3.4455215562176162,1.3417777182549788
42.500000000000334,-2.1262619452322773,2623.6192738148175,463.34738513324476,-0.1745,68.96666641532862,-8.280294727173654,0.165,3.4455215562176162,1.3417777182549788
42.600000000000335,-2.176719920134012,2630.515943670494,462.50612053905127,-0.1745,68.96673069819794,-8.54499715669567,0.165,3.4455215562176162,1.3417777182549788
42.70000000000034,-2.2101154575298367,2637.413304957087,461.6427935548575,-0.1745,68.98049503366293,-8.721542527178796,0.165,3.4455215562176162,1.3417777182549788
42.80000000000034,-2.2321953088081283,2644.3124894517046,460.7647393809872,-0.1745,69.00319485869227,-8.839540950227654,0.165,3.4455215562176162,1.3417777182549788
42.90000000000034,-2.086776556786214,2651.214235472549,459.87682822911285,-0.1745,69.03172555819133,-8.91868208725929,0.165,3.4455215562176162,1.3417777182549788
43.00000000000034,-2.1504022300739263,2658.124506598048,459.00968368143543,-0.1495,69.17369695178743,-8.424208866289014,0.8300000000000001,3.4455215562176162,1.3417777182549788
43.10000000000034,-2.192476077623952,2665.0421701480677,458.1561504825335,-0.1745,69.17957404861221,-8.646455111749004,0.165,3.4455215562176162,1.3417777182549788
43.200000000000344,-2.2202737625247964,2671.960993544301,457.2841001760477,-0.1745,69.19689387605018,-8.79455101796757,0.165,3.4455215562176162,1.3417777182549788
43.300000000000345,-2.238621574701902,2678.8819217388263,456.39969780701034,-0.1745,69.22167001445887,-8.893496362779073,0.165,3.4455215562176162,1.3417777182549788
43.40000000000035,-2.251145506882942,2685.8055703219547,455.5070289130699,-0.1745,69.25130164811094,-8.959881516029904,0.165,3.4455215562176162,1.3417777182549788
43.50000000000035,-2.258777757126713,2692.7339645317115,454.6085129951678,-0.1745,69.31658254702747,-9.01043684201249,0.495,3.4455215562176162,1.3417777182549788
43.60000000000035,-2.263791665298855,2699.667365837029,453.70599899889004,-0.1745,69.35144355932674,-9.039843083542841,0.165,3.4455215562176162,1.3417777182549788
43.70000000000035,-2.2670771555380016,2706.604314855084,452.8009972803487,-0.1745,69.38753680176609,-9.060191287283988,0.165,3.4455215562176162,1.3417777182549788
43.80000000000035,-2.2692225565309987,2713.544911421394,451.89426026729006,-0.1745,69.42439452443014,-9.074548973888952,0.165,3.4455215562176162,1.3417777182549788
43.900000000000354,-2.2706166613117214,2720.489216550766,450.98628555479024,-0.1745,69.46170806301045,-9.084945276107224,0.165,3.4455215562176162,1.3417777182549788
44.000000000000355,-2.2715163076719533,2727.437265639547,450.07740219451995,-0.1745,69.49927371261762,-9.092721929299227,0.165,3.4455215562176162,1.3417777182549788
44.10000000000036,-2.2720911039818095,2734.38907717868,449.1678278069716,-0.1745,69.53695707003631,-9.098765821667936,0.165,3.4455215562176162,1.3417777182549788
44.20000000000036,-2.272453016104297,2741.3446585076003,448.25770636638197,-0.1745,69.57466950836707,-9.103662990124532,0.165,3.4455215562176162,1.3417777182549788
44.30000000000036,-2.1111211760600086,2748.3040096151476,447.3471331893414,-0.1745,69.61235264257861,-9.107800550687429,0.165,3.4455215562176162,1.3417777182549788
44.40000000000036,-2.1662978808877598,2755.2725841088,446.46408107643316,-0.1495,69.75913723047049,-8.553241707477047,0.8300000000000001,3.4455215562176162,1.3417777182549788
44.50000000000036,-2.2026321153947857,2762.248892529242,445.5990346509524,-0.1745,69.76703117836853,-8.747686802138892,0.165,3.4455215562176162,1.3417777182549788
44.600000000000364,-2.226544177524708,2769.226493636703,444.7178134526709,-0.1745,69.78499097085471,-8.876737163490274,0.165,3.4455215562176162,1.3417777182549788
44.700000000000365,-1.5147285308761782,2776.206217358652,443.82584425449045,-0.1745,69.80948346812471,-8.962646800119082,0.165,3.4455215562176162,1.3417777182549788
44.80000000000037,-1.211488999317426,2783.1845835287154,443.0556580182256,-0.06225,69.75783993314347,-6.441077925178016,0.165,3.4455215562176162,1.3417777182549788
44.90000000000037,-1.5739157150510783,2790.160725813111,442.4648480350515,-0.08725,69.76500575477627,-5.375121738304435,0.165,3.4455215562176162,1.3417777182549788
45.00000000000037,-1.8141218898978129,2797.128658896359,441.86453251775464,-0.1745,69.59365591018067,-6.631188607632449,0.165,3.4455215562176162,1.3417777182549788
45.10000000000037,-1.973147216829805,2804.08324193796,441.1597822358447,-0.1745,69.49800492183421,-7.463817030566297,0.165,3.4455215562176162,1.3417777182549788
45.20000000000037,-2.07832110586602,2811.0306334677903,440.38579144630245,-0.1745,69.44982567477227,-8.015998760278853,0.165,3.4455215562176162,1.3417777182549788
45.300000000000374,-2.147817727709601,2817.9747206302677,439.56587617127457,-0.1745,69.43191757477472,-8.382306740279315,0.165,3.4455215562176162,1.3417777182549788
45.400000000000375,-2.193703156436161,2824.9179923591173,438.7154873688092,-0.1745,69.43351700221868,-8.625469309027851,0.165,3.4455215562176162,1.3417777182549788
45.50000000000038,-2.2239765517451695,2831.8620564854955,437.84485885628334,-0.1745,69.44776552534717,-8.787100941489559,0.165,3.4455215562176162,1.3417777182549788
45.60000000000038,-2.2439346603783314,2838.8079567337704,436.96076428893275,-0.1745,69.47023944015382,-8.894790405522425,0.165,3.4455215562176162,1.3417777182549788
45.70000000000038,-2.2570815177048424,2845.7563718145325,436.0676841495356,-0.1745,69.49806217508421,-8.966812382421455,0.165,3.4455215562176162,1.3417777182549788
45.80000000000038,-2.265733484338587,2852.7077425830535,435.1685804162002,-0.1745,69.52935319533817,-9.015262284286594,0.165,3.4455215562176162,1.3417777182549788
45.90000000000038,-2.271420883735585,2859.662354186944,434.26541029331014,-0.1745,69.56287888247428,-9.048140173514339,0.165,3.4455215562176162,1.3417777182549788
46.000000000000384,-2.2751542296501523,2866.6203895434674,433.3594665681939,-0.1745,69.5978282479939,-9.070734328810298,0.165,3.4455215562176162,1.3417777182549788
46.100000000000385,-2.2780197743590977,2873.5819643290433,432.4516029151923,-0.1745,69.63366746352897,-9.086538731221937,0.165,3.4455215562176162,1.3417777182549788
46.20000000000039,-2.2792889671276972,2880.5487748897885,431.54209646924727,-0.1745,69.70254375137561,-9.103590187679206,0.495,3.4455215562176162,1.3417777182549788
46.30000000000039,-2.280115023222917,2887.520866011326,430.63137742432355,-0.1745,69.73927867936642,-9.110790710795003,0.165,3.4455215562176162,1.3417777182549788
46.40000000000039,-2.2806505905347545,2894.49663534986,429.7200163337257,-0.1745,69.77610809131394,-9.116431101161535,0.165,3.4455215562176162,1.3417777182549788
46.50000000000039,-2.2809962493945597,2901.476088349035,428.8081427455377,-0.1745,69.81295189218179,-9.121040662599311,0.165,3.4455215562176162,1.3417777182549788
46.60000000000039,-2.281218249869459,2908.459223815105,427.89584229362555,-0.1745,69.84975742922295,-9.124968375643382,0.165,3.4455215562176162,1.3417777182549788
46.700000000000394,-2.2813602138469715,2915.4460361938636,426.98317166182005,-0.1745,69.88649014595305,-9.128444260466482,0.165,3.4455215562176162,1.3417777182549788
46.800000000000395,-2.2814508528507833,2922.436517072046,426.0701684546275,-0.1745,69.92312741769993,-9.131619883385113,0.165,3.4455215562176162,1.3417777182549788
46.9000000000004,-2.281509056507333,2929.430656167213,425.15685770611987,-0.1745,69.95965448563344,-9.134595086767288,0.165,3.4455215562176162,1.3417777182549788
47.0000000000004,-2.281547246405719,2936.4284419802534,424.24325617067177,-0.1745,69.99606177517825,-9.137435622194596,0.165,3.4455215562176162,1.3417777182549788
47.1000000000004,-2.2815735859906585,2943.4298622253996,423.3293751506092,-0.1745,70.03234312774507,-9.140184779056268,0.165,3.4455215562176162,1.3417777182549788
47.2000000000004,-2.2815934362491874,2950.4349041135347,422.415222359109,-0.1745,70.06849463495685,-9.142871050948157,0.165,3.4455215562176162,1.3417777182549788
47.3000000000004,-2.2816103143084523,2957.443554538796,421.50080314714216,-0.1745,70.10451387026605,-9.145513188388836,0.165,3.4455215562176162,1.3417777182549788
47.400000000000404,-2.28162652450615,2964.4558002014405,420.5861213113258,-0.1745,70.14039938262829,-9.148123527937374,0.165,3.4455215562176162,1.3417777182549788
47.500000000000405,-2.2816435737202694,2971.4716276887193,419.6711796256777,-0.1745,70.17615036294687,-9.150710185025225,0.165,3.4455215562176162,1.3417777182549788
47.600000000000406,-2.281662444633211,2978.4910235280863,418.7559801915308,-0.1745,70.21176642439397,-9.153278497913428,0.165,3.4455215562176162,1.3417777182549788
47.70000000000041,-2.2816837754727826,2985.5139742221945,417.8405246677228,-0.1745,70.24724745777047,-9.155831978246615,0.165,3.4455215562176162,1.3417777182549788
47.80000000000041,-2.2817079782038845,2992.540466271898,416.9248144219795,-0.1745,70.28259353629842,-9.158372936619367,0.165,3.4455215562176162,1.3417777182549788
47.90000000000041,-2.2817353162251512,2999.5704861913614,416.00885063044115,-0.1745,70.3178048529688,-9.16090289414696,0.165,3.4455215562176162,1.3417777182549788
48.00000000000041,-2.281765955430395,3006.604020517976,415.0926343430755,-0.1745,70.35288167932346,-9.163422853166805,0.165,3.4455215562176162,1.3417777182549788
48.10000000000041,-2.281799997756045,3013.6410558188595,414.1761665266554,-0.1745,70.38782433834521,-9.165933475235114,0.165,3.4455215562176162,1.3417777182549788
48.200000000000415,-2.2818375032155034,3020.6815786951083,413.259448092987,-0.1745,70.42263318663127,-9.168435198132983,0.165,3.4455215562176162,1.3417777182549788
48.300000000000416,-2.28187850436737,3027.7255757845737,412.3424799174424,-0.1745,70.45730860267366,-9.170928312758258,0.165,3.4455215562176162,1.3417777182549788
48.40000000000042,-2.281923015812769,3034.7730337636654,411.4252628511224,-0.1745,70.49185097915571,-9.173413013641355,0.165,3.4455215562176162,1.3417777182549788
48.50000000000042,-2.281971040427782,3041.823939348518,410.5077977288342,-0.1745,70.52626071788913,-9.175889432123114,0.165,3.4455215562176162,1.3417777182549788
48.60000000000042,-2.2820225734520623,3048.878279295737,409.59008537432106,-0.1745,70.56053822648659,-9.178357658139053,0.165,3.4455215562176162,1.3417777182549788
48.70000000000042,-1.5450869202787574,3055.93604040287,408.6721266036882,-0.1745,70.59468391617466,-9.180817754518422,0.165,3.4455215562176162,1.3417777182549788
48.80000000000042,-1.8007020151325168,3062.994453835203,407.8859202586897,-0.06225,70.57358473048377,-6.543309145452204,0.495,3.4455215562176162,1.3417777182549788
48.900000000000425,-1.968745923275561,3070.046264003418,407.18671064504963,-0.1745,70.46261863381832,-7.440883127348728,0.165,3.4455215562176162,1.3417777182549788
49.000000000000426,-2.0791218430679317,3077.089599631654,406.41308541979544,-0.1745,70.40409393090164,-8.03162137773569,0.165,3.4455215562176162,1.3417777182549788
49.10000000000043,-2.151568616719948,3084.128739350476,405.5904777864817,-0.1745,70.37870044553651,-8.420531288539195,0.165,3.4455215562176162,1.3417777182549788
49.20000000000043,-2.1990952285704997,3091.1663984730694,404.73561546211386,-0.1745,70.37448200633237,-8.676715198817615,0.165,3.4455215562176162,1.3417777182549788
49.30000000000043,-1.4962860632416635,3098.204317108161,403.85949620275056,-0.1745,70.3838906954995,-8.845669988448067,0.165,3.4455215562176162,1.3417777182549788
49.40000000000043,-1.7701059011847633,3105.24014265364,403.1003649636604,-0.06225,70.33262021407465,-6.336954793354423,0.165,3.4455215562176162,1.3417777182549788
49.50000000000043,-1.9505089040246362,3112.2673818396083,402.41877164078073,-0.1745,70.2121635052984,-7.29491166423867,0.165,3.4455215562176162,1.3417777182549788
49.600000000000435,-1.906765743384049,3119.285383632937,401.65769180489605,-0.1745,70.14787236127296,-7.926685053455396,0.165,3.4455215562176162,1.3417777182549788
49.700000000000436,-2.0405098266376527,3126.303379790358,400.87252529337724,-0.1495,70.21205078715019,-7.776645176920958,0.495,3.4455215562176162,1.3417777182549788
49.80000000000044,-2.1284591920935823,3133.322705326634,400.0713920831694,-0.1745,70.17445993837255,-8.246019027235466,0.165,3.4455215562176162,1.3417777182549788
49.90000000000044,-2.186256639307563,3140.339560230492,399.23130933322204,-0.1745,70.16263813879067,-8.55563597171203,0.165,3.4455215562176162,1.3417777182549788
50.00000000000044,-2.2242207075016593,3147.3560612484666,398.36552500535964,-0.1745,70.16738222069846,-8.760050585535419,0.165,3.4455215562176162,1.3417777182549788
50.10000000000044,-2.249148994742277,3154.3735717407917,397.48276076557886,-0.1745,70.18282762580372,-8.89523421008028,0.165,3.4455215562176162,1.3417777182549788
50.20000000000044,-2.2655149514368116,3161.392973033464,396.5887546967957,-0.1745,70.20519822763802,-8.984887165582952,0.165,3.4455215562176162,1.3417777182549788
50.300000000000445,-2.2762601321350413,3168.4148352403163,395.6872797278734,-0.1745,70.23204590940838,-9.044612212864447,0.165,3.4455215562176162,1.3417777182549788
50.400000000000446,-2.1196293480338984,3175.4395263584015,394.78081542582305,-0.1745,70.26177645229862,-9.084673828142574,0.165,3.4455215562176162,1.3417777182549788
50.50000000000045,-2.180866574491086,3182.469576931646,393.89992698250586,-0.1495,70.33923501258913,-8.533095038200813,0.165,3.4455215562176162,1.3417777182549788
50.60000000000045,-2.2210444213931453,3189.5036054507414,393.03577504850756,-0.1745,70.34133536932067,-8.749943641764817,0.165,3.4455215562176162,1.3417777182549788
50.70000000000045,-2.2473981764912114,3196.538415442044,392.1536228092689,-0.1745,70.35486445673502,-8.89310114300885,0.165,3.4455215562176162,1.3417777182549788
50.80000000000045,-2.264683361519371,3203.5749476447772,391.259574870476,-0.1745,70.3757795979283,-8.987857632848906,0.165,3.4455215562176162,1.3417777182549788
50.90000000000045,-2.2760230253755935,3210.6138098986944,390.35763993771957,-0.1745,70.40146548041837,-9.050841022279876,0.165,3.4455215562176162,1.3417777182549788
51.000000000000455,-2.283466789394743,3217.655394280901,389.45044908541576,-0.1745,70.43022216370865,-9.092976023796092,0.165,3.4455215562176162,1.3417777182549788
51.100000000000456,-2.288359079479058,3224.6999524570797,388.53972849025723,-0.1745,70.4609413598643,-9.121435879374552,0.165,3.4455215562176162,1.3417777182549788
51.20000000000046,-2.2915813620609344,3231.74764448364,387.62661028829706,-0.1745,70.4928991713457,-9.140928159828887,0.165,3.4455215562176162,1.3417777182549788
51.30000000000046,-2.293711341163533,3238.798570555561,386.7118368335534,-0.1745,70.52562226706895,-9.154540935044706,0.165,3.4455215562176162,1.3417777182549788
51.40000000000046,-2.29512750476974,3245.8527917185565,385.79589483003247,-0.1745,70.55880099284003,-9.16429913537355,0.165,3.4455215562176162,1.3417777182549788
51.50000000000046,-2.2960777412439537,3252.9103434057465,384.8791033681765,-0.1745,70.59223275096174,-9.171530101745683,0.165,3.4455215562176162,1.3417777182549788
51.60000000000046,-2.2967243523694956,3259.971244294259,383.96167168173076,-0.1745,70.62578501929075,-9.177103627169089,0.165,3.4455215562176162,1.3417777182549788
51.700000000000465,-2.2971735702352047,3267.035502103381,383.04373702505006,-0.1745,70.65937116314488,-9.181589506445146,0.165,3.4455215562176162,1.3417777182549788
51.800000000000466,-2.2974949056479392,3274.1031173916026,382.12538950470724,-0.1745,70.69293460128537,-9.185360900410828,0.165,3.4455215562176162,1.3417777182549788
51.90000000000047,-2.2977338268820398,3281.1740860434616,381.20668835339796,-0.1745,70.72643843589078,-9.188662125775275,0.165,3.4455215562176162,1.3417777182549788
52.00000000000047,-2.297920065316706,3288.2484008982365,380.2876725921486,-0.1745,70.75985865960968,-9.191653099211136,0.165,3.4455215562176162,1.3417777182549788
52.10000000000047,-2.2980730547124866,3295.326052816498,379.3683680138628,-0.1745,70.7931797056166,-9.194438466506343,0.165,3.4455215562176162,1.3417777182549788
52.20000000000047,-2.2982054923189645,3302.407031378415,378.4487917561152,-0.1745,70.82639153272417,-9.197086688444898,0.165,3.4455215562176162,1.3417777182549788
52.30000000000047,-2.2983256696894743,3309.4913253408654,377.52895529456435,-0.1745,70.85948771627918,-9.199642542572562,0.165,3.4455215562176162,1.3417777182549788
52.400000000000475,-2.298438997825944,3316.5789229365805,376.60886640194155,-0.1745,70.89246419802448,-9.202135309883989,0.165,3.4455215562176162,1.3417777182549788
52.500000000000476,-2.2985490048710795,3323.669812069864,375.6885304297309,-0.1745,70.92531846764525,-9.204584134328798,0.165,3.4455215562176162,1.3417777182549788
52.60000000000048,-2.2986579885854526,3330.763980444599,374.7679511464888,-0.1745,70.95804902705828,-9.207001530512487,0.165,3.4455215562176162,1.3417777182549788
52.70000000000048,-2.29876744294469,3337.8614156479443,373.8471312860231,-0.1745,70.99065503985292,-9.209395678801972,0.165,3.4455215562176162,1.3417777182549788
52.80000000000048,-2.298878336979684,3344.9621052050343,372.926072905752,-0.1745,71.02313610194891,-9.211771926620202,0.165,3.4455215562176162,1.3417777182549788
52.90000000000048,-2.298991296989005,3352.0660366147113,372.0047776209098,-0.1745,71.05549209159409,-9.214133770223613,0.165,3.4455215562176162,1.3417777182549788
53.00000000000048,-2.2991067255770368,3359.173197372855,371.0832467575702,-0.1745,71.08772307127974,-9.216483496568424,0.165,3.4455215562176162,1.3417777182549788
53.100000000000485,-2.299224879400325,3366.2835749876003,370.16148145259984,-0.1745,71.11982922361997,-9.218822602838653,0.165,3.4455215562176162,1.3417777182549788
53.200000000000486,-2.2993459199320436,3373.3971569892537,369.2394827189289,-0.1745,71.15181080944485,-9.221152070579928,0.165,3.4455215562176162,1.3417777182549788
53.30000000000049,-2.299469946599932,3380.513930936747,368.3172514881609,-0.1745,71.18366814041798,-9.223472544780597,0.165,3.4455215562176162,1.3417777182549788
53.40000000000049,-2.2995970184123005,3387.6338844218253,367.3947886383805,-0.1745,71.21540156114861,-9.22578445082776,0.165,3.4455215562176162,1.3417777182549788
53.50000000000049,-2.2997271680675437,3394.757005071758,366.4720950122956,-0.1745,71.24701143750859,-9.22808807086996,0.165,3.4455215562176162,1.3417777182549788
53.60000000000049,-2.2998604111571503,3401.8832805510838,365.54917142906896,-0.1745,71.27849814900314,-9.230383593662596,0.165,3.4455215562176162,1.3417777182549788
53.70000000000049,-2.299996752166785,3409.0126985627235,364.62601869203104,-0.1745,71.30986208378962,-9.232671147095703,0.165,3.4455215562176162,1.3417777182549788
53.800000000000495,-2.3001361883883273,3416.145246848684,363.7026375937055,-0.1745,71.34110363542541,-9.234950819415,0.165,3.4455215562176162,1.3417777182549788
53.900000000000496,-2.300278712469342,3423.280913190493,362.7790289190816,-0.1745,71.37222320074461,-9.237222673062723,0.165,3.4455215562176162,1.3417777182549788
54.0000000000005,-2.3004243140740104,3430.4196854094535,361.8551934477434,-0.1745,71.40322117847157,-9.239486753702387,0.165,3.4455215562176162,1.3417777182549788
54.1000000000005,-2.300572980964818,3437.5615513667926,360.9311319552532,-0.1745,71.43409796831514,-9.241743096101581,0.165,3.4455215562176162,1.3417777182549788
54.2000000000005,-2.300724699706714,3444.7064989637274,360.00684521404986,-0.1745,71.46485397037664,-9.243991727965494,0.165,3.4455215562176162,1.3417777182549788
54.3000000000005,-2.3008794561252706,3451.8545161414845,359.08233399402985,-0.1745,71.49548958476232,-9.246232672434195,0.165,3.4455215562176162,1.3417777182549788
54.4000000000005,-2.3010372356046034,3459.005590881289,358.1575990629227,-0.1745,71.52600521132935,-9.248465949708844,0.165,3.4455215562176162,1.3417777182549788
54.500000000000504,-2.30161810256852,3466.1597112043314,357.23264118653174,-0.1745,71.55640124951863,-9.250691578110182,0.165,3.4455215562176162,1.3417777182549788
54.600000000000506,-2.3014588513703282,3473.318490113945,356.3071746628961,-0.1745,71.61917694275047,-9.25863889460232,0.495,3.4455215562176162,1.3417777182549788
54.70000000000051,-2.3014171074465932,3480.481918157861,355.3812588387356,-0.1745,71.6493839355722,-9.259677588606898,0.165,3.4455215562176162,1.3417777182549788
54.80000000000051,-2.134411366686181,3487.6483578694742,354.4552190964279,-0.1745,71.67941029669552,-9.261117257546804,0.165,3.4455215562176162,1.3417777182549788
54.90000000000051,-2.1932937222768074,3494.821845921034,353.5589427207667,-0.1495,71.79035073449604,-8.664410255677797,0.495,3.4455215562176162,1.3417777182549788
55.00000000000051,-2.2315452139023675,3502.000729886705,352.68190243122336,-0.1745,71.78732857892737,-8.876395535188536,0.165,3.4455215562176162,1.3417777182549788
55.10000000000051,-2.256407234119473,3509.1798867899474,351.78734840344225,-0.1745,71.79580948592206,-9.014685020433825,0.165,3.4455215562176162,1.3417777182549788
55.200000000000514,-2.2725846500987865,3516.3602596767055,350.88135795591904,-0.1745,71.81164824923785,-9.1051239300305,0.165,3.4455215562176162,1.3417777182549788
55.300000000000516,-2.2831319899871207,3523.5424516910066,349.9678763420265,-0.1745,71.83219203678524,-9.164508347820473,0.165,3.4455215562176162,1.3417777182549788
55.40000000000052,-2.2900311697985627,3530.7268480536527,349.0494636004295,-0.1745,71.85573521613654,-9.203746484120408,0.165,3.4455215562176162,1.3417777182549788
55.50000000000052,-2.294567541512021,3537.9136937117023,348.12778033529327,-0.1745,71.88117794485846,-9.229918818603936,0.165,3.4455215562176162,1.3417777182549788
55.60000000000052,-2.2975743824504704,3545.1031430962003,347.2039034348044,-0.1745,71.9078097450974,-9.24761919117441,0.165,3.4455215562176162,1.3417777182549788
55.70000000000052,-2.2995917139930535,3552.29529214313,346.2785311269308,-0.1745,71.93517119350368,-9.259826966298165,0.165,3.4455215562176162,1.3417777182549788
55.80000000000052,-2.300969401784238,3559.4901989560035,345.3521160890436,-0.1745,71.96296506396305,-9.268473791445684,0.165,3.4455215562176162,1.3417777182549788
55.900000000000524,-2.3023552467896384,3566.6878971615674,344.42495181622405,-0.1745,71.99099904731469,-9.274811664944632,0.165,3.4455215562176162,1.3417777182549788
56.000000000000526,-2.3027320777916467,3573.8900294935397,343.49694217448564,-0.1745,72.051647592135,-9.285381169823816,0.495,3.4455215562176162,1.3417777182549788
56.10000000000053,-2.3030521744221844,3581.0966059174516,342.56826927269213,-0.1745,72.07988088610044,-9.288076866046787,0.165,3.4455215562176162,1.3417777182549788
56.20000000000053,-2.3033365425589674,3588.306001702298,341.63933784132337,-0.1745,72.10803481083235,-9.290551761328775,0.165,3.4455215562176162,1.3417777182549788
56.30000000000053,-2.3035987662118136,3595.5182083511477,340.7101661910929,-0.1745,72.13609816615758,-9.29288124327969,0.165,3.4455215562176162,1.3417777182549788
56.40000000000053,-2.3038476262314544,3602.733216451364,339.78076642365943,-0.1745,72.16406383816722,-9.295114105390748,0.165,3.4455215562176162,1.3417777182549788
56.50000000000053,-2.304088795763982,3609.951016011191,338.85114662222054,-0.1745,72.1919273583719,-9.297281923387468,0.165,3.4455215562176162,1.3417777182549788
56.600000000000534,-2.1361947861813206,3617.1715966776324,337.9213122696354,-0.1745,72.219685970456,-9.29940512831601,0.165,3.4455215562176162,1.3417777182549788
56.700000000000536,-1.2718728226984066,3624.400726546292,337.0214065750324,-0.1495,72.3629114027335,-8.69870876374369,0.8300000000000001,3.4455215562176162,1.3417777182549788
56.80000000000054,-1.4704601433158648,3631.631800322138,336.30992041217405,-0.037250000000000005,72.25856411418725,-5.5310144934233225,0.8300000000000001,3.4455215562176162,1.3417777182549788
56.90000000000054,-1.7678196009799738,3638.853051335246,335.7211732954635,-0.1495,72.16645614797362,-6.24392784078799,0.165,3.4455215562176162,1.3417777182549788
57.00000000000054,-1.9595903963206907,3646.065647990831,335.0431491388171,-0.1745,72.0854769637266,-7.316555292138995,0.8300000000000001,3.4455215562176162,1.3417777182549788
57.10000000000054,-2.084616875435254,3653.2701131828676,334.2770903196485,-0.1745,72.00382687700065,-8.004621091233716,0.165,3.4455215562176162,1.3417777182549788
57.20000000000054,-2.165090376394095,3660.4700477462115,333.453982327875,-0.1745,71.99486438988265,-8.457538744236793,0.495,3.4455215562176162,1.3417777182549788
57.300000000000544,-2.218227951236325,3667.6687275942204,332.59374240421954,-0.1745,71.97873257029482,-8.747259728872615,0.165,3.4455215562176162,1.3417777182549788
57.400000000000546,-2.2514553141225067,3674.869869513443,331.7090147255206,-0.1745,72.04410581416205,-8.94729384510608,0.8300000000000001,3.4455215562176162,1.3417777182549788
57.50000000000055,-2.104869153611711,3682.0747890452935,330.80825612048477,-0.1745,72.0542848228456,-9.067878255610418,0.165,3.4455215562176162,1.3417777182549788
57.60000000000055,-2.178475801127943,3689.2836619708473,329.9279699077926,-0.1495,72.12317368822626,-8.537845998232823,0.165,3.4455215562176162,1.3417777182549788
57.70000000000055,-2.226180836733058,3696.4953376860694,329.0609082766201,-0.1745,72.11034061621501,-8.803386625217057,0.165,3.4455215562176162,1.3417777182549788
57.80000000000055,-2.2571125468398607,3703.7064628740277,328.1719390453031,-0.1745,72.112163142952,-8.97599800112336,0.165,3.4455215562176162,1.3417777182549788
57.90000000000055,-2.277189240364613,3710.9182375026435,327.26871869040815,-0.1745,72.12332942936132,-9.088409096775441,0.165,3.4455215562176162,1.3417777182549788
58.000000000000554,-2.2902447775567207,3718.131426972368,326.3562061376501,-0.1745,72.14045996512755,-9.161841958385915,0.165,3.4455215562176162,1.3417777182549788
58.100000000000556,-2.29876109331666,3725.346519570734,325.4376116425593,-0.1745,72.16139200219263,-9.210047943429142,0.165,3.4455215562176162,1.3417777182549788
58.20000000000056,-2.3043440989540116,3732.563825985838,324.5150126261911,-0.1745,72.18473629988533,-9.24193238393521,0.165,3.4455215562176162,1.3417777182549788
58.30000000000056,-2.3080324518573674,3739.7835427212503,323.5897530291607,-0.1745,72.20959840836476,-9.263259556672981,0.165,3.4455215562176162,1.3417777182549788
58.40000000000056,-2.3113489896773514,3747.0057927241373,322.6627020970676,-0.1745,72.23540164937147,-9.277759085189354,0.165,3.4455215562176162,1.3417777182549788
58.50000000000056,-2.3123790999156175,3754.2339260086674,321.7338447055281,-0.1745,72.32726404122866,-9.29938874560091,0.8300000000000001,3.4455215562176162,1.3417777182549788
58.60000000000056,-2.1446642234520836,3761.467992289427,320.80366247390384,-0.1745,72.35406157396379,-9.304255886884595,0.165,3.4455215562176162,1.3417777182549788
58.700000000000564,-2.2049537868377658,3768.7105396670145,319.9032998484119,-0.1495,72.4968859777871,-8.702996622953947,0.8300000000000001,3.4455215562176162,1.3417777182549788
58.800000000000566,-2.2439301479654272,3775.95987860166,319.0220663004406,-0.1745,72.48989271512154,-8.921674336472238,0.165,3.4455215562176162,1.3417777182549788
58.90000000000057,-2.269150343791556,3783.209121014006,318.12280927086823,-0.1745,72.49495553179867,-9.06346625497498,0.165,3.4455215562176162,1.3417777182549788
59.00000000000057,-2.2854970105310257,3790.4592533089854,317.211855232251,-0.1745,72.50769036779046,-9.155614517369296,0.165,3.4455215562176162,1.3417777182549788
59.10000000000057,-2.2961225136979255,3797.7109032259687,316.29328833346733,-0.1745,72.52530797187843,-9.21572345830449,0.165,3.4455215562176162,1.3417777182549788
59.20000000000057,-2.303060951142009,3804.964469885778,315.3697440501277,-0.1745,72.54602522430787,-9.255162208488565,0.165,3.4455215562176162,1.3417777182549788
59.30000000000057,-2.3076242571510703,3812.2202060850805,314.4429224747172,-0.1745,72.56869876174457,-9.28126929972085,0.165,3.4455215562176162,1.3417777182549788
59.400000000000574,-2.310658280105901,3819.478270727597,313.5139200311045,-0.1745,72.59259408858892,-9.298779572533249,0.165,3.4455215562176162,1.3417777182549788
59.500000000000576,-1.5523021562227788,3826.738762375258,312.5834437091546,-0.1745,72.61723886462876,-9.310746866464111,0.165,3.4455215562176162,1.3417777182549788
59.60000000000058,-1.8247531369196666,3834.0009634448975,311.7917521273486,-0.06225,72.62678252816379,-6.523084769655677,0.8300000000000001,3.4455215562176162,1.3417777182549788
59.70000000000058,-2.0011549166432,3841.256907236633,311.09029618008634,-0.1745,72.4920933065475,-7.506034175589759,0.165,3.4455215562176162,1.3417777182549788
59.80000000000058,-2.115301634331333,3848.5023790163955,310.3078685869943,-0.1745,72.41734228869582,-8.142517686251482,0.165,3.4455215562176162,1.3417777182549788
59.90000000000058,-2.1891427611984637,3855.7422358115414,309.47300380358524,-0.1745,72.37979361422039,-8.554777981929101,0.165,3.4455215562176162,1.3417777182549788
60.00000000000058,-2.2373745609604296,3862.979507329368,308.60416856406175,-0.1745,72.36563674231049,-8.821926808540388,0.165,3.4455215562176162,1.3417777182549788
60.100000000000584,-2.267978805892497,3870.2177292793463,307.7130252700964,-0.1745,72.39880225725595,-9.000939070766458,0.495,3.4455215562176162,1.3417777182549788
60.200000000000585,-2.2878109958523405,3877.4581165148165,306.8073574579288,-0.1745,72.40894245215051,-9.112417172586499,0.165,3.4455215562176162,1.3417777182549788
60.30000000000059,-2.3006914431540677,3884.699815373064,305.8924835932802,-0.1745,72.42503471280153,-9.18506012038557,0.165,3.4455215562176162,1.3417777182549788
60.40000000000059,-2.3090876478596374,3891.943312776138,304.97159927564763,-0.1745,72.44491334867418,-9.232626232265481,0.165,3.4455215562176162,1.3417777182549788
60.50000000000059,-2.3145925458453647,3899.188917957761,304.0467677253916,-0.1745,72.46719028378085,-9.264004772855444,0.165,3.4455215562176162,1.3417777182549788
60.60000000000059,-2.3182340688030942,3906.4368261616632,303.1193206662992,-0.1745,72.49097379426657,-9.284936408993087,0.165,3.4455215562176162,1.3417777182549788
60.70000000000059,-2.3206753230942163,3913.6871593632086,302.1901174955246,-0.1745,72.51569023664253,-9.299127006499388,0.165,3.4455215562176162,1.3417777182549788
60.800000000000594,-1.5633075618806547,3920.9399923908386,301.25971274113346,-0.1745,72.5409703159587,-9.308968081323698,0.165,3.4455215562176162,1.3417777182549788
60.900000000000595,-1.8348394555710419,3928.191252204394,300.468174101484,-0.06225,72.48422595514661,-6.52180471166567,0.165,3.4455215562176162,1.3417777182549788
61.0000000000006,-1.9854485205902495,3935.433016729334,299.767104344653,-0.1745,72.35106454365399,-7.499590424954946,0.165,4.115024478999969,1.5396227706531747
61.1000000000006,-2.083477281061285,3942.6653348970162,298.98999679112376,-0.1745,72.29529880998426,-8.042560645629042,0.165,4.115024478999969,1.5396227706531747
61.2000000000006,-2.147263149285986,3949.8936229017486,298.1680425412719,-0.1745,72.2704612846658,-8.396524351407393,0.165,4.115024478999969,1.5396227706531747
61.3000000000006,-2.188770245698382,3957.120408349735,297.31684521785866,-0.1745,72.26524767506612,-8.627422116857895,0.165,4.115024478999969,1.5396227706531747
61.4000000000006,-2.2157939799941766,3964.3472989082684,296.4465623104941,-0.1745,72.27256349559825,-8.778236030433446,0.165,4.115024478999969,1.5396227706531747
61.500000000000604,-2.2334081406676427,3971.575322216316,295.5638021727669,-0.1745,72.28790266536004,-8.876966724110808,0.165,4.115024478999969,1.5396227706531747
61.600000000000605,-1.502592522184802,3978.805136379976,294.6728617515373,-0.1745,72.3083806078364,-8.941841700480424,0.165,4.115024478999969,1.5396227706531747
61.70000000000061,-1.7709450245493699,3986.033243868885,293.9125959345575,-0.06225,72.25376917035298,-6.263474639115946,0.165,4.115024478999969,1.5396227706531747
61.80000000000061,-1.9461055409454386,3993.25228197808,293.23806930510375,-0.1745,72.12699301355205,-7.227057949958455,0.165,4.115024478999969,1.5396227706531747
61.90000000000061,-2.0603543277277385,4000.4615262722364,292.4839045059621,-0.1745,72.05789286956971,-7.856238032874762,0.165,4.115024478999969,1.5396227706531747
62.00000000000061,-2.1348391638382354,4007.665665141518,291.67773314577425,-0.1745,72.02488451606102,-8.2671891708814,0.165,4.115024478999969,1.5396227706531747
62.10000000000061,-2.1833932533666216,4014.8676467473483,290.83758689126563,-0.1745,72.0147476005467,-8.535735919290607,0.165,4.115024478999969,1.5396227706531747
62.200000000000614,-2.2150520810750907,4022.069344869797,289.97522968809045,-0.1745,72.01921484843047,-8.711408144212577,0.165,4.115024478999969,1.5396227706531747
62.300000000000615,-2.235710422517842,4029.2719578335636,289.0983319941214,-0.1745,72.03304442690501,-8.826545735168137,0.165,4.115024478999969,1.5396227706531747
62.40000000000062,-2.249210514957202,4036.4762541738737,288.211892255286,-0.1745,72.05288237929528,-8.902249041540145,0.165,4.115024478999969,1.5396227706531747
62.50000000000062,-2.2580549643854884,4043.6827267904296,287.31916604578896,-0.1745,72.07656995181911,-8.952275148400968,0.165,4.115024478999969,1.5396227706531747
62.60000000000062,-2.263872908409362,4050.8916909080585,286.4222728953434,-0.1745,72.10271240076315,-8.985587860511117,0.165,4.115024478999969,1.5396227706531747
62.70000000000062,-2.2677243951363315,4058.10334685133,285.5225922644917,-0.1745,72.13040646466753,-9.00802475652215,0.165,4.115024478999969,1.5396227706531747
62.80000000000062,-2.270298912439862,4065.3178204919495,284.62102173460846,-0.1745,72.15906634771707,-9.023385841142971,0.165,4.115024478999969,1.5396227706531747
62.900000000000624,-2.2720447732142817,4072.535189401916,283.71814525122375,-0.1745,72.18831185160622,-9.034143826551647,0.165,4.115024478999969,1.5396227706531747
63.000000000000625,-2.2732533860762625,4079.75549980166,282.81434269943827,-0.1745,72.21789614327258,-9.041907209157575,0.165,4.115024478999969,1.5396227706531747
63.10000000000063,-2.274114115281534,4086.978777558022,281.9098612389016,-0.1745,72.24765898397507,-9.047722001575297,0.165,4.115024478999969,1.5396227706531747
63.20000000000063,-2.274749979823831,4094.2050353268,281.00486172672913,-0.1745,72.2774963915831,-9.05226824187378,0.165,4.115024478999969,1.5396227706531747
63.30000000000063,-2.275240875851036,4101.434277193444,280.0994489184735,-0.1745,72.30734094129802,-9.055987923238604,0.165,4.115024478999969,1.5396227706531747
63.40000000000063,-2.2756386782237166,4108.666501688835,279.19369110987753,-0.1745,72.33714896651185,-9.05916824868139,0.165,4.115024478999969,1.5396227706531747
63.50000000000063,-2.2759770582446817,4115.901703749175,278.2876329076901,-0.1745,72.36689224030206,-9.061995795066908,0.165,4.115024478999969,1.5396227706531747
63.600000000000634,-2.2762778645657353,4123.139875989609,277.3813035308815,-0.1745,72.39655256839036,-9.064591741105177,0.165,4.115024478999969,1.5396227706531747
63.700000000000635,-2.276555269294918,4130.3810095317585,276.47472220516596,-0.1745,72.42611827459486,-9.067034773205132,0.165,4.115024478999969,1.5396227706531747
63.80000000000064,-2.27681846132107,4137.6250945413185,275.5679016677378,-0.1745,72.45558191660311,-9.069375975359023,0.165,4.115024478999969,1.5396227706531747
63.90000000000064,-2.277073395472069,4144.872120577228,274.66085044367964,-0.1745,72.4849388015879,-9.071648505804074,0.165,4.115024478999969,1.5396227706531747
64.00000000000064,-2.2773239282140696,4152.122076818396,273.7535743241826,-0.1745,72.51418602176551,-9.073873884136592,0.165,4.115024478999969,1.5396227706531747
64.10000000000063,-2.2775725548637116,4159.374952210879,272.8460773262174,-0.1745,72.54332182789865,-9.076066075166167,0.165,4.115024478999969,1.5396227706531747
64.20000000000063,-2.277820888017167,4166.630735563394,271.93836231541036,-0.1745,72.57234522241349,-9.078234140975644,0.165,4.115024478999969,1.5396227706531747
64.30000000000062,-2.2780699679625096,4173.889415609276,271.03043141022374,-0.1745,72.60125569520494,-9.08038396275615,0.165,4.115024478999969,1.5396227706531747
64.40000000000062,-2.278320464032442,4181.150981046642,270.1222862441644,-0.1745,72.6300530521301,-9.082519358430543,0.165,4.115024478999969,1.5396227706531747
64.50000000000061,-2.2785728051833214,4188.415420564434,269.213928135847,-0.1745,72.65873730369704,-9.084642807916852,0.165,4.115024478999969,1.5396227706531747
64.6000000000006,-2.2788272646568632,4195.68272285926,268.30535819926797,-0.1745,72.68730859283805,-9.086755923664256,0.165,4.115024478999969,1.5396227706531747
64.7000000000006,-2.2790840148581757,4202.9528766463045,267.39657741529203,-0.1745,72.71576714805418,-9.088859755854866,0.165,4.115024478999969,1.5396227706531747
64.8000000000006,-2.2793431629195418,4210.225870666359,266.48758667798336,-0.1745,72.7441132530255,-9.090954990318748,0.165,4.115024478999969,1.5396227706531747
64.90000000000059,-2.2796047737421463,4217.501693690356,265.5783868246251,-0.1745,72.77234722690507,-9.093042076846176,0.165,4.115024478999969,1.5396227706531747
65.00000000000058,-2.27986888492125,4224.780334522278,264.668978655165,-0.1745,72.80046941154318,-9.09512131235545,0.165,4.115024478999969,1.5396227706531747
65.10000000000058,-2.2801355164115935,4232.061782001016,263.7593629448079,-0.1745,72.82848016320621,-9.097192894786868,0.165,4.115024478999969,1.5396227706531747
65.20000000000057,-2.2804046767850927,4239.346025001537,262.8495404521676,-0.1745,72.85637984720972,-9.099256958018568,0.165,4.115024478999969,1.5396227706531747
65.30000000000057,-2.2806763672812753,4246.633052435619,261.9395119245426,-0.1745,72.88416883444062,-9.101313594481784,0.165,4.115024478999969,1.5396227706531747
65.40000000000056,-2.28095058442832,4253.922853252297,261.02927810132826,-0.1745,72.91184749910364,-9.103362869805405,0.165,4.115024478999969,1.5396227706531747
65.50000000000055,-2.281227321738678,4261.2154164381145,260.11883971622314,-0.1745,72.9394162172612,-9.105404832296745,0.165,4.115024478999969,1.5396227706531747
65.60000000000055,-2.281506570805665,4268.510731017272,259.2081974986544,-0.1745,72.96687536588696,-9.107439519077772,0.165,4.115024478999969,1.5396227706531747
65.70000000000054,-2.2817883220124218,4275.808786051679,258.2973521746977,-0.1745,72.99422532225249,-9.109466960055595,0.165,4.115024478999969,1.5396227706531747
65.80000000000054,-2.282072564990065,4283.109570640968,257.3863044676704,-0.1745,73.02146646352921,-9.111487180490858,0.165,4.115024478999969,1.5396227706531747
65.90000000000053,-2.282359288913617,4290.413073922471,256.47505509851294,-0.1745,73.04859916653001,-9.11350020265863,0.165,4.115024478999969,1.5396227706531747
66.00000000000053,-2.282648482693024,4297.719285071174,255.5636047860339,-0.1745,73.07562380754118,-9.115506046922055,0.165,4.115024478999969,1.5396227706531747
66.10000000000052,-2.2829401350963434,4305.028193299662,254.6519542470665,-0.1745,73.10254076221273,-9.117504732426092,0.165,4.115024478999969,1.5396227706531747
66.20000000000051,-2.2832342348290924,4312.339787858047,253.74010419656793,-0.1745,73.12935040548665,-9.119496277545519,0.165,4.115024478999969,1.5396227706531747
66.30000000000051,-2.283530770585262,4319.654058033899,252.82805534768195,-0.1745,73.1560531115496,-9.12148070017404,0.165,4.115024478999969,1.5396227706531747
66.4000000000005,-2.283829731080028,4326.970993152167,251.91580841177773,-0.1745,73.18264925380146,-9.123458017910668,0.165,4.115024478999969,1.5396227706531747
66.5000000000005,-2.2841311050706405,4334.290582575099,251.0033640984732,-0.1745,73.20913920483416,-9.125428248179709,0.165,4.115024478999969,1.5396227706531747
66.60000000000049,-2.28443488136968,4341.612815702161,250.09072311564884,-0.1745,73.23552333641716,-9.127391408307842,0.165,4.115024478999969,1.5396227706531747
66.70000000000049,-2.2847410488533852,4348.937681969956,249.17788616945478,-0.1745,73.26180201948729,-9.129347515573485,0.165,4.115024478999969,1.5396227706531747
66.80000000000048,-2.285049596466809,4356.265170852138,248.2648539643142,-0.1745,73.28797562414132,-9.131296587238268,0.165,4.115024478999969,1.5396227706531747
66.90000000000047,-2.285360513226916,4363.595271859326,247.35162720292394,-0.1745,73.31404451963043,-9.133238640566942,0.165,4.115024478999969,1.5396227706531747
67.00000000000047,-2.286125282757242,4370.927974539026,246.43820658625359,-0.1745,73.34000907435583,-9.135173692839842,0.165,4.115024478999969,1.5396227706531747
67.10000000000046,-2.286124353705645,4378.264893417762,245.5243063475518,-0.1745,73.39836850037128,-9.142831081195718,0.495,4.115024478999969,1.5396227706531747
67.20000000000046,-1.530787742164603,4385.606020496987,244.60998596532275,-0.1745,73.42417308412355,-9.143576563385302,0.165,4.115024478999969,1.5396227706531747
67.30000000000045,-1.8006073111707164,4392.947224905678,243.83604234782356,-0.06225,73.39991508968825,-6.335295786598451,0.495,4.115024478999969,1.5396227706531747
67.40000000000045,-1.9751967216091406,4400.280454068705,243.1533354705696,-0.1745,73.26466817084871,-7.318841758480893,0.165,4.115024478999969,1.5396227706531747
67.50000000000044,-2.088104917247346,4407.603162297229,242.3896344904102,-0.1745,73.18949639962004,-7.955177844707007,0.165,4.115024478999969,1.5396227706531747
67.60000000000043,-2.1611081907841747,4414.920216283385,241.57352575596406,-0.1745,73.15158332352084,-8.36699684421603,0.165,4.115024478999969,1.5396227706531747
67.70000000000043,-2.208320855444274,4422.234649443279,240.72349417122192,-0.1745,73.13707987434917,-8.63363485062693,0.165,4.115024478999969,1.5396227706531747
67.80000000000042,-2.238878525118857,4429.5483734496,239.8514904507781,-0.1745,73.13740025207592,-8.806439558249316,0.165,4.115024478999969,1.5396227706531747
67.90000000000042,-2.258687713394707,4436.862600803156,238.96523687283087,-0.1745,73.1471468190476,-8.918632000695244,0.165,4.115024478999969,1.5396227706531747
68.00000000000041,-2.271563924061903,4444.178102902185,238.0697207212023,-0.1745,73.16289516152284,-8.991691031876444,0.165,4.115024478999969,1.5396227706531747
68.1000000000004,-2.27997029050406,4451.4953706560655,237.16816144796945,-0.1745,73.18245991608009,-9.039494432780439,0.165,4.115024478999969,1.5396227706531747
68.2000000000004,-2.2854961017111934,4458.814715712969,236.26263653969156,-0.1745,73.20444122197976,-9.071003732777374,0.165,4.115024478999969,1.5396227706531747
68.3000000000004,-2.2891663968467855,4466.136334788927,235.35448619806203,-0.1745,73.22794029719248,-9.092003099813192,0.165,4.115024478999969,1.5396227706531747
68.40000000000039,-2.291642067095841,4473.460350767791,234.44457482085582,-0.1745,73.25237928008774,-9.10622444431126,0.165,4.115024478999969,1.5396227706531747
68.50000000000038,-2.293349093780007,4480.78683905001,233.53345985964387,-0.1745,73.2773863642876,-9.116074779927528,0.165,4.115024478999969,1.5396227706531747
68.60000000000038,-2.294561971930432,4488.1158444808725,232.6215008137021,-0.1745,73.30272225296707,-9.123106138907515,0.165,4.115024478999969,1.5396227706531747
68.70000000000037,-2.295457536925802,4495.447392240659,231.70892955650606,-0.1745,73.32823294275217,-9.128319005013667,0.165,4.115024478999969,1.5396227706531747
68.80000000000037,-2.2961496821349896,4502.781494855829,230.7958956980872,-0.1745,73.35381936064299,-9.132358163363314,0.165,4.115024478999969,1.5396227706531747
68.90000000000036,-2.2967117445921192,4510.11815671481,229.88249583657574,-0.1745,73.37941781897659,-9.135639066866123,0.165,4.115024478999969,1.5396227706531747
69.00000000000036,-2.297190935181555,4517.457376977102,228.96879241593965,-0.1745,73.40498742688308,-9.138429345855645,0.165,4.115024478999969,1.5396227706531747
69.10000000000035,-2.2976176382537448,4524.799151447441,228.0548258801626,-0.1745,73.43050197989226,-9.140901369684954,0.165,4.115024478999969,1.5396227706531747
69.20000000000034,-2.2980114034057184,4532.143473783139,227.1406225050444,-0.1745,73.4559447340733,-9.143166132679168,0.165,4.115024478999969,1.5396227706531747
69.30000000000034,-2.298384805138763,4539.490336271782,226.2261994436639,-0.1745,73.48130503880367,-9.14529509493099,0.165,4.115024478999969,1.5396227706531747
69.40000000000033,-2.2987459285459453,4546.839730332087,225.3115679761002,-0.1745,73.50657616729193,-9.147334256342889,0.165,4.115024478999969,1.5396227706531747
69.50000000000033,-1.5426310206263296,4554.191646836401,224.39673560209127,-0.1745,73.53175391897524,-9.149313223835843,0.165,4.115024478999969,1.5396227706531747
69.60000000000032,-1.81339337581989,4561.541955364415,223.62270881399246,-0.06225,73.47441664130587,-6.331222538140581,0.165,4.115024478999969,1.5396227706531747
69.70000000000032,-1.9884981541291915,4568.882580103999,222.94019122030198,-0.1745,73.33807815036981,-7.319129335669125,0.165,4.115024478999969,1.5396227706531747
69.80000000000031,-2.101680474413719,4576.2125930296725,222.1763393801999,-0.1745,73.26218036308687,-7.957907466372441,0.165,4.115024478999969,1.5396227706531747
69.9000000000003,-2.1748246654443277,4583.536889153642,221.35989092752612,-0.1745,73.2237421163074,-8.371061587102803,0.165,4.115024478999969,1.5396227706531747
70.0000000000003,-2.222106868633807,4590.858517512311,220.5094176611473,-0.1745,73.20882505706224,-8.638403740473757,0.165,4.115024478999969,1.5396227706531747
70.10000000000029,-2.2526974435460545,4598.17939845982,219.63691952026565,-0.1745,73.20879389312653,-8.811559077159137,0.165,4.115024478999969,1.5396227706531747
70.20000000000029,-2.2725219739260485,4605.500749318345,218.75014613374256,-0.1745,73.2182232773725,-8.923908653302899,0.165,4.115024478999969,1.5396227706531747
70.30000000000028,-2.285406099581821,4612.823344145974,217.85409958660958,-0.1745,73.23367327522358,-8.997022289356519,0.165,4.115024478999969,1.5396227706531747
70.40000000000028,-1.5404296888080111,4620.147675304514,216.95200704630125,-0.1745,73.25294989557204,-9.04482851681015,0.165,4.115024478999969,1.5396227706531747
70.50000000000027,-1.8141121747704414,4627.471803711559,216.18566562624676,-0.06225,73.22961824532096,-6.281999884279361,0.495,4.115024478999969,1.5396227706531747
70.60000000000026,-1.991449539552553,4634.787937103097,215.5077001951174,-0.1745,73.09304958542786,-7.277308738307962,0.165,4.115024478999969,1.5396227706531747
70.70000000000026,-2.106293340988846,4642.093449308761,214.74772663199917,-0.1745,73.01719452784462,-7.9221625240566595,0.165,4.115024478999969,1.5396227706531747
70.80000000000025,-2.180648758111766,4649.393260277989,213.93461431645642,-0.1745,72.97902485670714,-8.340083786798226,0.165,4.115024478999969,1.5396227706531747
70.90000000000025,-2.0619607786923897,4656.690439316976,213.08705742775751,-0.1745,72.9645559230439,-8.611053987179796,0.165,4.115024478999969,1.5396227706531747
71.00000000000024,-2.1522623143932202,4663.991383522044,212.2474997645112,-0.1495,73.0543281783113,-8.1800992777466,0.495,4.115024478999969,1.5396227706531747
71.10000000000024,-2.2107045486339754,4671.29561467267,211.4130356502106,-0.1745,73.03029483420035,-8.509183008265351,0.165,4.115024478999969,1.5396227706531747
71.20000000000023,-2.081161553743122,4678.598364595351,210.5514495613888,-0.1745,73.02470361941933,-8.722538768170176,0.165,4.115024478999969,1.5396227706531747
71.30000000000022,-2.1651802387752923,4685.903907390836,209.70293325354368,-0.1495,73.08615229028526,-8.247787388732398,0.165,4.115024478999969,1.5396227706531747
71.40000000000022,-1.4687226641636022,4693.211495327369,208.86283483161054,-0.1745,73.06560644037586,-8.55418104993046,0.165,4.115024478999969,1.5396227706531747
71.50000000000021,-0.8568490581766988,4700.518742626355,208.13594731508056,-0.06225,73.0793395393349,-5.983569280669462,0.8300000000000001,4.115024478999969,1.5396227706531747
71.60000000000021,-1.2071484472078002,4707.821881294043,207.65018890580583,-0.03725,72.98343381442906,-3.7315989048252485,0.495,4.115024478999969,1.5396227706531747
71.7000000000002,-1.599948973456887,4715.111424343423,207.21354212640662,-0.1495,72.80742717317864,-5.0013366831588355,0.165,4.115024478999969,1.5396227706531747
71.8000000000002,-1.8558344079626123,4722.3816001110135,206.64247676224613,-0.1745,72.59608817863601,-6.419970600050751,0.165,4.115024478999969,1.5396227706531747
71.90000000000019,-2.022396544040728,4729.6351496821335,205.95432571978864,-0.1745,72.47490324375954,-7.343050249099301,0.165,4.115024478999969,1.5396227706531747
72.00000000000018,-2.130750186838733,4736.8793452927,205.18996972505758,-0.1745,72.40900896757803,-7.944069645522051,0.165,4.115024478999969,1.5396227706531747
72.10000000000018,-2.201217023109512,4744.118679666165,204.37599071903722,-0.1745,72.37767850171468,-8.335510474885353,0.165,4.115024478999969,1.5396227706531747
72.20000000000017,-2.2470493269332055,4751.3559744169515,203.52968576423044,-0.1745,72.36821651401229,-8.590588621250317,0.165,4.115024478999969,1.5396227706531747
72.30000000000017,-2.2768771489836324,4758.593019768752,202.66230678450728,-0.1745,72.37269052199258,-8.756990973212625,0.165,4.115024478999969,1.5396227706531747
72.40000000000016,-2.296314150620919,4765.830958199498,201.78116912763335,-0.1745,72.38607809293127,-8.865762164266053,0.165,4.115024478999969,1.5396227706531747
72.50000000000016,-2.309008711471118,4773.070520683721,200.8910261258226,-0.1745,72.40517159152576,-8.937097871948826,0.165,4.115024478999969,1.5396227706531747
72.60000000000015,-2.3173303572650905,4780.3121748075755,199.99496488283663,-0.1745,72.4279108855583,-8.98412698777096,0.165,4.115024478999969,1.5396227706531747
72.70000000000014,-2.322817217144558,4787.556218756527,199.0949895669006,-0.1745,72.45296809348557,-9.015379330949386,0.165,4.115024478999969,1.5396227706531747
72.80000000000014,-2.326467306289212,4794.802841431696,198.19240090127175,-0.1745,72.47948540989081,-9.036393981627937,0.165,4.115024478999969,1.5396227706531747
72.90000000000013,-2.328927951144984,4802.052161100542,197.28804288136564,-0.1745,72.50690796704507,-9.050766416494346,0.165,4.115024478999969,1.5396227706531747
73.00000000000013,-2.3306188820690847,4809.304250328967,196.3824630768615,-0.1745,72.53487660144229,-9.060829673588012,0.165,4.115024478999969,1.5396227706531747
73.10000000000012,-2.331812175127207,4816.5591520975395,195.4760167359135,-0.1745,72.56315876999882,-9.06809714537217,0.165,4.115024478999969,1.5396227706531747
73.20000000000012,-2.3335945895578467,4823.816890232377,194.56893436569285,-0.1745,72.59160392674504,-9.073550259040632,0.165,4.115024478999969,1.5396227706531747
73.30000000000011,-2.167503342679929,4831.080750666113,193.6607883155072,-0.1745,72.68560474797397,-9.08937074467239,0.8300000000000001,4.115024478999969,1.5396227706531747
73.4000000000001,-2.226226368007809,4838.356492882582,192.78175681930628,-0.1495,72.8292395814021,-8.49125917934624,0.8300000000000001,4.115024478999969,1.5396227706531747
73.5000000000001,-2.0980993318044057,4845.639174854766,191.921937350145,-0.1745,72.82439986227698,-8.705130203879914,0.165,4.115024478999969,1.5396227706531747
73.6000000000001,-2.1814837384382137,4852.927987563946,191.07446316012167,-0.1495,72.9518543213183,-8.244353596586263,0.8300000000000001,4.115024478999969,1.5396227706531747
73.70000000000009,-2.2364910486794396,4860.222196265619,190.23484885087422,-0.1745,72.93231971214428,-8.547932588362611,0.165,4.115024478999969,1.5396227706531747
73.80000000000008,-2.2708560188404605,4867.518571662012,189.36962756104944,-0.1745,72.99518821571745,-8.756493208133048,0.8300000000000001,4.115024478999969,1.5396227706531747
73.90000000000008,-2.2931501320224315,4874.818501461273,188.48768783003462,-0.1745,73.0034077695015,-8.882301412163256,0.165,4.115024478999969,1.5396227706531747
74.00000000000007,-2.3076486296188663,4882.119590473537,187.59536017353585,-0.1745,73.01837247577974,-8.964251717812257,0.165,4.115024478999969,1.5396227706531747
74.10000000000007,-2.3171149763554553,4889.422390746532,186.6962544532353,-0.1745,73.03763298412615,-9.017862688198548,0.165,4.115024478999969,1.5396227706531747
74.20000000000006,-2.3233344629919332,4896.72725339059,185.79270291014538,-0.1745,73.05961989702138,-9.053168173600055,0.165,4.115024478999969,1.5396227706531747
74.30000000000005,-2.327459943494873,4904.034400634436,184.88621187490605,-0.1745,73.08332497989072,-9.076652531186552,0.165,4.115024478999969,1.5396227706531747
74.40000000000005,-2.330235605915448,4911.343971857187,183.9777540215348,-0.1745,73.1080994751335,-9.092504536238614,0.165,4.115024478999969,1.5396227706531747
74.50000000000004,-2.33214168738194,4918.656053109048,183.0679573387936,-0.1745,73.1335255620936,-9.103429118584987,0.165,4.115024478999969,1.5396227706531747
74.60000000000004,-2.333488006375935,4925.9706960893445,182.15722725904948,-0.1745,73.1593340438285,-9.111172476297533,0.165,4.115024478999969,1.5396227706531747
74.70000000000003,-2.334474386152095,4933.287930365326,181.24582555615487,-0.1745,73.1853514758027,-9.116861581594403,0.165,4.115024478999969,1.5396227706531747
74.80000000000003,-2.3352296743873553,4940.607771246172,180.3339212978048,-0.1745,73.21146614110559,-9.121223585406591,0.165,4.115024478999969,1.5396227706531747
74.90000000000002,-2.3358369327663757,4947.93022485967,179.42162374082886,-0.1745,73.2376061288525,-9.12472755411232,0.165,4.115024478999969,1.5396227706531747
75.00000000000001,-2.336349693776115,4955.255291426161,178.50900356296398,-0.1745,73.26372520099308,-9.127676003185284,0.165,4.115024478999969,1.5396227706531747
75.10000000000001,-2.3368024497514335,4962.58296737007,177.59610656315778,-0.1745,73.2897936771777,-9.130263992939096,0.165,4.115024478999969,1.5396227706531747
75.2,-2.3372174188654937,4969.913246681684,176.68296249991613,-0.1745,73.31579255509484,-9.132617271894002,0.165,4.115024478999969,1.5396227706531747
75.3,-2.169231425517014,4977.246121795326,175.7695907918,-0.1745,73.34170971774452,-9.134816890428505,0.165,4.115024478999969,1.5396227706531747
75.39999999999999,-2.2298230328714457,4984.584132286818,174.88703446259157,-0.1495,73.41850011210207,-8.51630969374031,0.165,4.115024478999969,1.5396227706531747
75.49999999999999,-2.2689531160495098,4991.925553493225,174.0243007789142,-0.1745,73.40992401604872,-8.738363979806895,0.165,4.115024478999969,1.5396227706531747
75.59999999999998,-2.2942580409680464,4999.266732746391,173.14328106354938,-0.1745,73.41366104727636,-8.882030327489442,0.165,4.115024478999969,1.5396227706531747
75.69999999999997,-2.3106621820426656,5006.608676753705,172.2504203458895,-0.1745,73.42521909899521,-8.9751840257085,0.165,4.115024478999969,1.5396227706531747
75.79999999999997,-2.3213386743299935,5013.952025026364,171.34987102733365,-0.1745,73.44174635417099,-9.035802345408658,0.165,4.115024478999969,1.5396227706531747
75.89999999999996,-2.328331025254427,5021.297183518604,170.4443073088358,-0.1745,73.46142349062715,-9.075472024548777,0.165,4.115024478999969,1.5396227706531747
75.99999999999996,-2.3329546662869043,5028.644409008281,169.53545085045133,-0.1745,73.48308630293458,-9.101657143140228,0.165,4.115024478999969,1.5396227706531747
76.09999999999995,-2.336056047429168,5035.993862743609,168.62440979426688,-0.1745,73.5059884036068,-9.119163980548876,0.165,4.115024478999969,1.5396227706531747
76.19999999999995,-2.3381796710598977,5043.345644701559,167.71189727926463,-0.1745,73.5296507553923,-9.131086319496223,0.165,4.115024478999969,1.5396227706531747
76.29999999999994,-2.3396757075466663,5050.699815526471,166.79837221236951,-0.1745,73.55376574284921,-9.139415018405895,0.165,4.115024478999969,1.5396227706531747
76.39999999999993,-2.340769295517817,5058.056410603719,165.8841299184109,-0.1745,73.57813580210589,-9.14543086076641,0.165,4.115024478999969,1.5396227706531747
76.49999999999993,-2.3416051512538387,5065.415449097503,164.9693604945243,-0.1745,73.60263407357722,-9.149957616965782,0.165,4.115024478999969,1.5396227706531747
76.59999999999992,-2.3422762750100645,5072.776939758225,164.05418636377343,-0.1745,73.62717914086447,-9.153524998051452,0.165,4.115024478999969,1.5396227706531747
76.69999999999992,-2.342842418478214,5080.1408846552795,163.13868643621439,-0.1745,73.65171880022412,-9.156473553129597,0.165,4.115024478999969,1.5396227706531747
76.79999999999991,-2.343341962348193,5087.507281576677,162.2229116497716,-0.1745,73.67621962772832,-9.159022175726498,0.165,4.115024478999969,1.5396227706531747
76.8999999999999,-2.3437995537121274,5094.87612557165,161.30689496416687,-0.1745,73.70066027173569,-9.161311536367666,0.165,4.115024478999969,1.5396227706531747
76.9999999999999,-2.3442310159098243,5102.247409942246,160.39065778635293,-0.1745,73.72502714019234,-9.163432019911207,0.165,4.115024478999969,1.5396227706531747
77.0999999999999,-1.5852616718350185,5109.621126880646,159.47421410076706,-0.1745,73.74931162781384,-9.165441691806397,0.165,4.115024478999969,1.5396227706531747
77.19999999999989,-1.8578571127429426,5116.99649341818,158.6992371544593,-0.06225,73.7580191228491,-6.334097234348766,0.8300000000000001,4.115024478999969,1.5396227706531747
77.29999999999988,-2.033777743157728,5124.365325982379,158.01591876231527,-0.1745,73.61863216112278,-7.332270608531937,0.165,4.115024478999969,1.5396227706531747
77.39999999999988,-2.1472568129319525,5131.723290181214,157.25049433517083,-0.1745,73.54065181557567,-7.9762179343566135,0.165,4.115024478999969,1.5396227706531747
77.49999999999987,-2.2204514008223235,5139.075354676723,156.4320950929835,-0.1745,73.50063809460265,-8.391766909390064,0.165,4.115024478999969,1.5396227706531747
77.59999999999987,-2.2676821215280123,5146.424607114254,155.5795046654406,-0.1745,73.48441065603136,-8.660041641467839,0.165,4.115024478999969,1.5396227706531747
77.69999999999986,-2.2986677420005184,5153.772987892015,154.70483275621424,-0.1745,73.48320489919405,-8.833396543058914,0.165,4.115024478999969,1.5396227706531747
77.79999999999986,-2.318100730645374,5161.12334940765,153.81559606459112,-0.1745,73.5240254134825,-8.951337289403797,0.495,4.115024478999969,1.5396227706531747
77.89999999999985,-2.3307218637477805,5168.476472741175,152.91687723980473,-0.1745,73.53844125701582,-9.023039206323805,0.165,4.115024478999969,1.5396227706531747
77.99999999999984,-2.338964339137026,5175.831226586133,152.0122353977856,-0.1745,73.55663564215448,-9.069797634059205,0.165,4.115024478999969,1.5396227706531747
78.09999999999984,-2.3443933933119836,5183.187919207437,151.1037199254408,-0.1745,73.57721678391545,-9.100511812836434,0.165,4.115024478999969,1.5396227706531747
78.19999999999983,-2.348015523396052,5190.546744730836,150.1926489227921,-0.1745,73.5992936840664,-9.120908240137513,0.165,4.115024478999969,1.5396227706531747
78.29999999999983,-2.3504777286011413,5197.907824173209,149.27986998849815,-0.1745,73.62229516339218,-9.134670445741618,0.165,4.115024478999969,1.5396227706531747
78.39999999999982,-2.3521957972626844,5205.271231671178,148.36592811162714,-0.1745,73.64585479599515,-9.144167091678447,0.165,4.115024478999969,1.5396227706531747
78.49999999999982,-2.3534368639460315,5212.637011283119,147.45117371160717,-0.1745,73.66973744284147,-9.15092090872099,0.165,4.115024478999969,1.5396227706531747
78.59999999999981,-2.354372515618902,5220.005187766376,146.53583213783983,-0.1745,73.69379222231102,-9.155910566625858,0.165,4.115024478999969,1.5396227706531747
78.6999999999998,-2.355112941400415,5227.375773495264,145.62004836348962,-0.1745,73.71792235544825,-9.159764920378436,0.165,4.115024478999969,1.5396227706531747
78.7999999999998,-2.355728886058664,5234.748772903647,144.70391571939925,-0.1745,73.74206581220682,-9.162887961428906,0.165,4.115024478999969,1.5396227706531747
78.89999999999979,-2.3562657593865968,5242.124185338407,143.78749436277616,-0.1745,73.76618288301374,-9.165539171032998,0.165,4.115024478999969,1.5396227706531747
78.99999999999979,-2.3567527020627894,5249.502006892322,142.8708231452026,-0.1745,73.79024819529388,-9.167885180438347,0.165,4.115024478999969,1.5396227706531747
79.09999999999978,-2.357208409546481,5256.88223158132,141.95392723737925,-0.1745,73.81424558466324,-9.170032976028523,0.165,4.115024478999969,1.5396227706531747
79.19999999999978,-2.3576448725402157,5264.264852100556,141.03682302670137,-0.1745,73.83816480003829,-9.172051237529057,0.165,4.115024478999969,1.5396227706531747
79.29999999999977,-2.3580697788465868,5271.649860309911,140.11952126245617,-0.1745,73.8619993870546,-9.173984047374832,0.165,4.115024478999969,1.5396227706531747
79.39999999999976,-2.3584880553552896,5279.037247545692,139.202029075244,-0.1745,73.8857453285691,-9.175859696868452,0.165,4.115024478999969,1.5396227706531747
79.49999999999976,-2.3589028577976623,5286.427004820698,138.28435127331923,-0.1745,73.90940017157034,-9.177696341626937,0.165,4.115024478999969,1.5396227706531747
79.59999999999975,-2.3593162059143262,5293.819122952605,137.36649117459473,-0.1745,73.93296246655882,-9.179505632863416,0.165,4.115024478999969,1.5396227706531747
79.69999999999975,-2.3597293909893517,5301.213592646314,136.4484511405257,-0.1745,73.95643140763055,-9.181295048517113,0.165,4.115024478999969,1.5396227706531747
79.79999999999974,-2.3601432372800177,5308.610404546768,135.53023291862758,-0.1745,73.97980660145343,-9.183069389445146,0.165,4.115024478999969,1.5396227706531747
79.89999999999974,-2.3605582696892986,5316.009549272791,134.61183786217848,-0.1745,74.0030879190053,-9.184831739536598,0.165,4.115024478999969,1.5396227706531747
79.99999999999973,-2.360974821284731,5323.411017438764,133.6932670711165,-0.1745,74.02627540044286,-9.186584081702483,0.165,4.115024478999969,1.5396227706531747
80.09999999999972,-2.3623022186677742,5330.81479966849,132.7745214823811,-0.1745,74.04936919407326,-9.188327693005808,0.165,4.115024478999969,1.5396227706531747
80.19999999999972,-2.362089255116348,5338.224161108842,131.85502465544994,-0.1745,74.13785961295754,-9.201608845617482,0.8300000000000001,4.115024478999969,1.5396227706531747
80.29999999999971,-2.362108360689437,5345.6390971414285,130.9348961058687,-0.1745,74.16086103877903,-9.200962146007608,0.165,4.115024478999969,1.5396227706531747
80.39999999999971,-2.3622765965024706,5353.056322151388,130.01479009246685,-0.1745,74.1836391603969,-9.20115812202931,0.165,4.115024478999969,1.5396227706531747
80.4999999999997,-2.362540909864329,5360.475816189809,129.09463764588816,-0.1745,74.20624160802467,-9.201890809544567,0.165,4.115024478999969,1.5396227706531747
80.5999999999997,-2.362867369956429,5367.897563219459,128.1743948828006,-0.1745,74.22869898496552,-9.202964452206462,0.165,4.115024478999969,1.5396227706531747
80.69999999999969,-2.3632342784755305,5375.32154971833,127.25403396872807,-0.1745,74.25103099246363,-9.204253829244442,0.165,4.115024478999969,1.5396227706531747
80.79999999999968,-2.3636277610568817,5382.747763785611,126.3335373344428,-0.1745,74.27325035315731,-9.2056788564609,0.165,4.115024478999969,1.5396227706531747
80.89999999999968,-2.3640389466623177,5390.176194569444,125.41289397522026,-0.1745,74.29536532351706,-9.20718832798989,0.165,4.115024478999969,1.5396227706531747
80.99999999999967,-2.364462163266736,5397.606831900734,124.49209708327113,-0.1745,74.31738130226782,-9.208749510992494,0.165,4.115024478999969,1.5396227706531747
81.09999999999967,-2.3648937838639057,5405.0396660588385,123.57114253335034,-0.1745,74.3393018598216,-9.21034148742336,0.165,4.115024478999969,1.5396227706531747
81.19999999999966,-2.365331488532017,5412.47468762168,122.6500279142658,-0.1745,74.36112939699466,-9.211950894267359,0.165,4.115024478999969,1.5396227706531747
81.29999999999966,-2.365773792637567,5419.911887369851,121.7287519096152,-0.1745,74.38286556642191,-9.213569198744835,0.165,4.115024478999969,1.5396227706531747
81.39999999999965,-2.366219745247831,5427.351256225277,120.80731390189361,-0.1745,74.4045115421035,-9.215190955686918,0.165,4.115024478999969,1.5396227706531747
81.49999999999964,-2.3666687363805745,5434.792785211971,119.88571371944667,-0.1745,74.42606819177995,-9.21681269325195,0.165,4.115024478999969,1.5396227706531747
81.59999999999964,-2.367120373835599,5442.236465430918,118.96395147475661,-0.1745,74.44753618714535,-9.21843220054907,0.165,4.115024478999969,1.5396227706531747
81.69999999999963,-2.3675744045033538,5449.68228804399,118.04202746111476,-0.1745,74.46891607430263,-9.220048072288066,0.165,4.115024478999969,1.5396227706531747
81.79999999999963,-2.3680306640984545,5457.130244263645,117.11994208661174,-0.1745,74.49020831879461,-9.221659417772054,0.165,4.115024478999969,1.5396227706531747
81.89999999999962,-2.3684890450560787,5464.580325346304,116.19769583197552,-0.1745,74.51141333438032,-9.223265674952255,0.165,4.115024478999969,1.5396227706531747
81.99999999999962,-2.369858209902876,5472.032522588093,115.27528922364614,-0.1745,74.53253150142044,-9.2248664916354,0.165,4.115024478999969,1.5396227706531747
82.09999999999961,-2.369690627826471,5479.490101826883,114.35214554420676,-0.1745,74.61905327436907,-9.238007097152142,0.8300000000000001,4.115024478999969,1.5396227706531747
82.1999999999996,-2.370663520842256,5486.953059090521,113.42838430363177,-0.1745,74.64009199838739,-9.23721771434765,0.165,4.115024478999969,1.5396227706531747
82.2999999999996,-2.3702478202234625,5494.421383856355,112.50408219064475,-0.1745,74.72640331830145,-9.24882454539283,0.8300000000000001,4.115024478999969,1.5396227706531747
82.3999999999996,-2.370158216143028,5501.895061450956,111.5792886953729,-0.1745,74.74714857372298,-9.247045360044167,0.165,4.115024478999969,1.5396227706531747
82.49999999999959,-2.370276817433582,5509.3708000661345,110.65461308548468,-0.1745,74.76762372984447,-9.24646683772012,0.165,4.115024478999969,1.5396227706531747
82.59999999999958,-2.37052857187868,5516.848576103689,109.72995721667581,-0.1745,74.78789702125609,-9.24665053845732,0.165,4.115024478999969,1.5396227706531747
82.69999999999958,-2.37086570597322,5524.328371555971,108.80525882575256,-0.1745,74.80801202439045,-9.247317280007882,0.165,4.115024478999969,1.5396227706531747
82.79999999999957,-2.3712578139865186,5531.810171987284,107.88047849577563,-0.1745,74.82799660187011,-9.248289319530677,0.165,4.115024478999969,1.5396227706531747
82.89999999999957,-2.3716855461823108,5539.293965247641,106.95559135398103,-0.1745,74.8478686052594,-9.249453516361246,0.165,4.115024478999969,1.5396227706531747
82.99999999999956,-2.372136589761935,5546.779740653387,106.03058178488146,-0.1745,74.86763950966393,-9.25073786563034,0.165,4.115024478999969,1.5396227706531747
83.09999999999955,-2.3726031101050147,5554.267488465346,105.10544006401176,-0.1745,74.88731672951634,-9.252096551763684,0.165,4.115024478999969,1.5396227706531747
83.19999999999955,-2.3739884525632693,5561.757199556508,104.18016021492075,-0.1745,74.9069050937102,-9.253500430056565,0.165,4.115024478999969,1.5396227706531747
83.29999999999954,-2.373845120188963,5569.252139705232,103.25416137274117,-0.1745,74.9918978807874,-9.26647641353503,0.8300000000000001,4.115024478999969,1.5396227706531747
83.39999999999954,-2.3739378842871526,5576.752305067831,102.32756054680505,-0.1745,75.01140937118276,-9.265540105187432,0.165,4.115024478999969,1.5396227706531747
83.49999999999953,-2.374181226985428,5584.254410840494,101.40100987883079,-0.1745,75.03070608206193,-9.265473254297552,0.165,4.115024478999969,1.5396227706531747
83.59999999999953,-2.374520820970104,5591.758438035761,100.47443838205284,-0.1745,75.04983782328563,-9.265956681261647,0.165,4.115024478999969,1.5396227706531747
83.69999999999952,-2.3749221577727404,5599.264371744965,99.54780116890434,-0.1745,75.0688363607794,-9.266787581708188,0.165,4.115024478999969,1.5396227706531747
83.79999999999951,-2.3753633202299875,5606.772199662389,98.62106993397649,-0.1745,75.0877219877029,-9.267837116848863,0.165,4.115024478999969,1.5396227706531747
83.89999999999951,-2.375830389503597,5614.281911146986,97.69422690553817,-0.1745,75.106507704256,-9.269023451917283,0.165,4.115024478999969,1.5396227706531747
83.9999999999995,-2.376314526742715,5621.793496625977,96.76726100204122,-0.1745,75.12520187555778,-9.270294618021785,0.165,4.115024478999969,1.5396227706531747
84.0999999999995,-2.376810119074091,5629.306947215821,95.84016539014694,-0.1745,75.14380992132543,-9.27161761986409,0.165,4.115024478999969,1.5396227706531747
84.19999999999949,-2.3773136019333507,5636.822254481378,94.91293593344845,-0.1745,75.16233538981051,-9.272971514105526,0.165,4.115024478999969,1.5396227706531747
84.29999999999949,-2.377822711122024,5644.339410282881,93.98557020716326,-0.1745,75.18078064024476,-9.27434301159817,0.165,4.115024478999969,1.5396227706531747
84.39999999999948,-2.3783360078575577,5651.858406678714,93.05806687240235,-0.1745,75.19914727643048,-9.275723683620189,0.165,4.115024478999969,1.5396227706531747
84.49999999999947,-2.378852577221922,5659.379235863645,92.13042527885351,-0.1745,75.21743642217419,-9.27710818735658,0.165,4.115024478999969,1.5396227706531747
84.59999999999947,-2.3793718367320733,5666.901890129565,91.20264521253829,-0.1745,75.23564889622439,-9.278493138947919,0.165,4.115024478999969,1.5396227706531747
84.69999999999946,-2.3798934148358435,5674.426361840544,90.27472673569578,-0.1745,75.25378532336293,-9.279876397902221,0.165,4.115024478999969,1.5396227706531747
84.79999999999946,-2.3804170738024943,5681.952643416959,89.34667008516156,-0.1745,75.27184620494093,-9.281256612782178,0.165,4.115024478999969,1.5396227706531747
84.89999999999945,-2.3809426607945188,5689.480727325389,88.41847560788172,-0.1745,75.28983196365763,-9.282632932814801,0.165,4.115024478999969,1.5396227706531747
84.99999999999945,-2.3814700768258916,5697.010606072171,87.4901437199983,-0.1745,75.3077429719836,-9.284004824853607,0.165,4.115024478999969,1.5396227706531747
85.09999999999944,-2.3824499653902196,5704.54227219928,86.5616748808944,-0.1745,75.32557957019942,-9.285371957224276,0.165,4.115024478999969,1.5396227706531747
85.19999999999943,-2.3826706332648544,5712.0773432239075,85.63278311074018,-0.1745,75.37584092234849,-9.292463445860253,0.495,4.115024478999969,1.5396227706531747
85.29999999999943,-2.3830076528793676,5719.6158140186135,84.70352807241186,-0.1745,75.39357497177183,-9.292637320706048,0.165,4.115024478999969,1.5396227706531747
85.39999999999942,-2.383418934764478,5727.156051225339,83.77423438064778,-0.1745,75.41116916274528,-9.293236514575453,0.165,4.115024478999969,1.5396227706531747
85.49999999999942,-2.383877822152582,5734.698042099096,82.84486739802391,-0.1745,75.42864831238703,-9.294103137902185,0.165,4.115024478999969,1.5396227706531747
85.59999999999941,-2.3843674339809557,5742.2417759269765,81.91540538194252,-0.1745,75.44602824522757,-9.295137183725533,0.165,4.115024478999969,1.5396227706531747
85.6999999999994,-2.384877080668585,5749.787243293572,80.98583475680553,-0.1745,75.46331908667332,-9.296275319014123,0.165,4.115024478999969,1.5396227706531747
85.7999999999994,-2.385399993492555,5757.334435615448,80.05614711866559,-0.1745,75.48052735083152,-9.297477443784688,0.165,4.115024478999969,1.5396227706531747
85.8999999999994,-2.385931886335461,5764.883344846176,79.1263373377669,-0.1745,75.49765726375482,-9.298718174189052,0.165,4.115024478999969,1.5396227706531747
85.99999999999939,-2.3864700447983815,5772.433963289462,78.19640235673424,-0.1745,75.51471160194123,-9.299981446464038,0.165,4.115024478999969,1.5396227706531747
86.09999999999938,-2.3870127493907014,5779.986283480737,77.2663404294788,-0.1745,75.53169222357396,-9.301257098644681,0.165,4.115024478999969,1.5396227706531747
86.19999999999938,-2.3875589103221033,5787.540298112168,76.33615063927375,-0.1745,75.54860040503885,-9.302538705456348,0.165,4.115024478999969,1.5396227706531747
86.29999999999937,-2.3881078363031647,5795.095999985123,75.40583259364334,-0.1745,75.56543705406098,-9.30382220715188,0.165,4.115024478999969,1.5396227706531747
86.39999999999937,-2.388659088202244,5802.65338198006,74.47538623122189,-0.1745,75.58220284467642,-9.305105041277058,0.165,4.115024478999969,1.5396227706531747
86.49999999999936,-2.3892123864270696,5810.212437037429,73.54481169950938,-0.1745,75.59889830269277,-9.306385592973133,0.165,4.115024478999969,1.5396227706531747
86.59999999999935,-2.3897675523160653,5817.773158145553,72.61410927751068,-0.1745,75.61552385979292,-9.307662847000879,0.165,4.115024478999969,1.5396227706531747
86.69999999999935,-2.3903244710560485,5825.335538332932,71.68327932678605,-0.1745,75.63207988778227,-9.308936167491673,0.165,4.115024478999969,1.5396227706531747
86.79999999999934,-2.3908830682231064,5832.899570663334,70.75232226048337,-0.1745,75.64856672026445,-9.310205158561969,0.165,4.115024478999969,1.5396227706531747
86.89999999999934,-2.3914432949438296,5840.4652482326655,69.82123852374953,-0.1745,75.66498466635822,-9.31146957611481,0.165,4.115024478999969,1.5396227706531747
86.99999999999933,-2.3920051185104927,5848.032564166952,68.89002858134187,-0.1745,75.6813340193769,-9.312729272038512,0.165,4.115024478999969,1.5396227706531747
87.09999999999933,-2.3925685164463877,5855.601511621037,67.95869290979458,-0.1745,75.69761506231984,-9.313984158907187,0.165,4.115024478999969,1.5396227706531747
87.19999999999932,-2.393133472753403,5863.172083777721,67.02723199246654,-0.1745,75.71382807134634,-9.315234187653635,0.165,4.115024478999969,1.5396227706531747
87.29999999999932,-2.3936999755397057,5870.744273847187,66.0956463164114,-0.1745,75.7299733179734,-9.316479333449218,0.165,4.115024478999969,1.5396227706531747
87.39999999999931,-2.3942680155201095,5878.318075066609,65.16393637040018,-0.1745,75.74605107046588,-9.317719586775205,0.165,4.115024478999969,1.5396227706531747
87.4999999999993,-2.3948375850682027,5885.893480699868,64.23210264367253,-0.1745,75.762061594716,-9.318954947777591,0.165,4.115024478999969,1.5396227706531747
87.5999999999993,-2.395408677617271,5893.470484037343,63.30014562514874,-0.1745,75.77800515479989,-9.320185422698382,0.165,4.115024478999969,1.5396227706531747
87.69999999999929,-2.3959812872816957,5901.04907839575,62.368065802932826,-0.1745,75.79388201332985,-9.32141102161981,0.165,4.115024478999969,1.5396227706531747
87.79999999999929,-1.6136101538997016,5908.629257118001,61.4358636639999,-0.1745,75.80969243167752,-9.32263175703863,0.165,4.115024478999969,1.5396227706531747
87.89999999999928,-1.9026571335717823,5916.210501893369,60.653575028583475,-0.06225,75.81520307567332,-6.323140951289989,0.8300000000000001,4.115024478999969,1.5396227706531747
87.99999999999928,-2.086289952235931,5923.783812832202,59.966934652248625,-0.1745,75.65101570098695,-7.40966657540702,0.165,4.115024478999969,1.5396227706531747
88.09999999999927,-2.202935327095776,5931.344184367364,59.191500029769145,-0.1745,75.55641500225231,-8.09902587418258,0.165,4.115024478999969,1.5396227706531747
88.19999999999926,-2.2770556906475665,5938.897208569002,58.359722570548534,-0.1745,75.50406903051123,-8.536523310229686,0.165,4.115024478999969,1.5396227706531747
88.29999999999926,-2.3242049039236363,5946.446300008399,57.492183695220575,-0.1745,75.47775975742424,-8.814254196329546,0.165,4.115024478999969,1.5396227706531747
88.39999999999925,-2.1806578116330138,5953.993569881704,56.6019373452786,-0.1745,75.46763770868846,-8.990672802509911,0.165,4.115024478999969,1.5396227706531747
88.49999999999925,-2.263698578143058,5961.543364474564,55.73011172450088,-0.1495,75.52825414850572,-8.44583961304447,0.165,4.115024478999969,1.5396227706531747
88.59999999999924,-2.3164986890483394,5969.094600489903,54.86996352936523,-0.1745,75.49646615826359,-8.757124289668539,0.165,4.115024478999969,1.5396227706531747
88.69999999999924,-2.3501317508491186,5976.643569338716,53.984367685855005,-0.1745,75.48291081797588,-8.95479258053592,0.165,4.115024478999969,1.5396227706531747
88.79999999999923,-2.3716235711398452,5984.191751681744,53.08260573059536,-0.1745,75.48073604258438,-9.08044652465698,0.165,4.115024478999969,1.5396227706531747
88.89999999999922,-2.385428124993702,5991.740072754869,52.170559681092314,-0.1745,75.48568541991811,-9.160474465403913,0.165,4.115024478999969,1.5396227706531747
88.99999999999922,-2.3943672823180626,5999.289111857458,51.25195569749276,-0.1745,75.49509663185911,-9.211605206587091,0.165,4.115024478999969,1.5396227706531747
89.09999999999921,-2.4002280734596004,6006.83923154829,50.32915350025081,-0.1745,75.50729718477986,-9.244438738251917,0.165,4.115024478999969,1.5396227706531747
89.1999999999992,-2.4041418023111776,6014.390658085662,49.40364711482218,-0.1745,75.52123356266118,-9.265688970320797,0.165,4.115024478999969,1.5396227706531747
89.2999999999992,-2.4068244639195155,6021.943531817018,48.47638231194455,-0.1745,75.53624106446293,-9.279607087231794,0.165,4.115024478999969,1.5396227706531747
89.3999999999992,-2.4087291063142042,6029.497938866012,47.54795774672665,-0.1745,75.55189991542248,-9.288884217126148,0.165,4.115024478999969,1.5396227706531747
89.49999999999919,-2.410142341763843,6037.053931106603,46.61875235769105,-0.1745,75.56794489638958,-9.295223563585822,0.165,4.115024478999969,1.5396227706531747
89.59999999999918,-2.411245458467893,6044.611538772436,45.68900603561547,-0.1745,75.58420842026688,-9.299702877925784,0.165,4.115024478999969,1.5396227706531747
89.69999999999918,-2.412153106172663,6052.170778424035,44.75887069044387,-0.1745,75.60058461172076,-9.30300402550622,0.165,4.115024478999969,1.5396227706531747
89.79999999999917,-2.4129377797985545,6059.731657985406,43.828442572203485,-0.1745,75.61700661568845,-9.30555833930145,0.165,4.115024478999969,1.5396227706531747
89.89999999999917,-2.413645311789507,6067.2941799288665,42.89778272361507,-0.1745,75.63343225353034,-9.307638632466798,0.165,4.115024478999969,1.5396227706531747
89.99999999999916,-2.414304673403193,6074.858343289178,41.96692992031596,-0.1745,75.64983495270118,-9.3094174335154,0.165,4.115024478999969,1.5396227706531747
90.09999999999916,-2.4149341745377195,6082.424144937319,41.03590885677614,-0.1745,75.6661980101284,-9.311003837281024,0.165,4.115024478999969,1.5396227706531747
90.19999999999915,-2.415545384850554,6089.991580386017,40.104735323896065,-0.1745,75.68251096381098,-9.312466820320378,0.165,4.115024478999969,1.5396227706531747
90.29999999999914,-2.4161456133329677,6097.560644299102,39.17341948336979,-0.1745,75.69876729789354,-9.31384999020504,0.165,4.115024478999969,1.5396227706531747
90.39999999999914,-2.4167394760810486,6105.131330813559,38.24196793813254,-0.1745,75.71496299123454,-9.31518091454001,0.165,4.115024478999969,1.5396227706531747
90.49999999999913,-2.4173298874187927,6112.703633743096,37.3103850413663,-0.1745,75.73109559952519,-9.316477020784717,0.165,4.115024478999969,1.5396227706531747
90.59999999999913,-1.63587280387827,6120.277546706817,36.37867372398347,-0.1745,75.74716367488527,-9.317749326871976,0.165,4.115024478999969,1.5396227706531747
90.69999999999912,-1.3203483568438936,6127.850871838289,35.596717852768286,-0.06225,75.71933895456553,-6.321368097431607,0.495,4.115024478999969,1.5396227706531747
90.79999999999912,-1.7238142527378413,6135.424341158214,35.02463740418356,-0.08725,75.75004744392902,-5.120240874262934,0.495,4.115024478999969,1.5396227706531747
90.89999999999911,-1.980734515854303,6142.987244865761,34.436898466161296,-0.1745,75.50802670700763,-6.634537886182303,0.165,4.115024478999969,1.5396227706531747
90.9999999999991,-2.1442777221042535,6150.531004301883,33.725335913857805,-0.1745,75.36716201543281,-7.596713159887564,0.165,4.115024478999969,1.5396227706531747
91.0999999999991,-1.4731533502497653,6158.063705321521,32.9350736676288,-0.1745,75.2868583773359,-8.208531764692575,0.165,4.115024478999969,1.5396227706531747
91.1999999999991,-1.8217573551325772,6165.589721338593,32.24193046339054,-0.06225,75.23346196410019,-5.654332320072587,0.165,4.115024478999969,1.5396227706531747
91.29999999999909,-2.044457343357637,6173.103064271745,31.611493290105344,-0.1745,75.03339669893863,-6.95441114563131,0.165,4.115024478999969,1.5396227706531747
91.39999999999908,-2.18667443625728,6180.600620390674,30.874590303444013,-0.1745,74.91772567963837,-7.783648587595327,0.165,4.115024478999969,1.5396227706531747
91.49999999999908,-2.2774962930924474,6188.089163838455,30.069766869259567,-0.1745,74.85314327597484,-8.312820096093605,0.165,4.115024478999969,1.5396227706531747
91.59999999999907,-2.335531268599004,6195.572822858349,29.221596266818707,-0.1745,74.82003712192761,-8.650591952723573,0.165,4.115024478999969,1.5396227706531747
91.69999999999906,-2.372667790032143,6203.054151525621,28.345751532211345,-0.1745,74.80653622349934,-8.866302739423688,0.165,4.115024478999969,1.5396227706531747
91.79999999999906,-2.396492252519922,6210.534744583741,27.45222598003938,-0.1745,74.8053249388857,-9.004208304015648,0.165,4.115024478999969,1.5396227706531747
91.89999999999905,-2.411841424186595,6218.015602933491,26.54738847930011,-0.1745,74.81184205612936,-9.092541710769751,0.165,4.115024478999969,1.5396227706531747
91.99999999999905,-2.421796950962422,6225.497356154291,25.63529622369855,-0.1745,74.82322235987387,-9.149303401261436,0.165,4.115024478999969,1.5396227706531747
92.09999999999904,-2.428321250642759,6232.980400144567,24.7185328712162,-0.1745,74.83765744565288,-9.185963648385526,0.165,4.115024478999969,1.5396227706531747
92.19999999999904,-2.432663525113723,6240.464983143608,23.798743272157633,-0.1745,74.85400253516852,-9.209828332785817,0.165,4.115024478999969,1.5396227706531747
92.29999999999903,-2.4356187256179775,6247.95125985227,22.876974394883547,-0.1745,74.87153163805822,-9.225549212695881,0.165,4.115024478999969,1.5396227706531747
92.39999999999903,-2.266030026639982,6255.439325627638,21.953892570808392,-0.1745,74.88978386931706,-9.236087268807236,0.165,4.115024478999969,1.5396227706531747
92.49999999999902,-2.3299990960308996,6262.9352830204025,21.061826657523927,-0.1495,75.02936398596643,-8.605230996882097,0.8300000000000001,4.115024478999969,1.5396227706531747
92.59999999999901,-2.370858116622546,6270.437320452182,20.18938766772955,-0.1745,75.01138464961615,-8.8435487990054,0.165,4.115024478999969,1.5396227706531747
92.69999999999901,-2.2248875541558335,6277.938244171969,19.29743055433564,-0.1745,75.00708974612526,-8.995593468872796,0.165,4.115024478999969,1.5396227706531747
92.799999999999,-2.3044847936053365,6285.443741920817,18.425213755109933,-0.1495,75.10286523083573,-8.448742515641388,0.495,4.115024478999969,1.5396227706531747
92.899999999999,-2.355267386760797,6292.952647275127,17.565497120049443,-0.1745,75.07524185535122,-8.745590185568451,0.165,4.115024478999969,1.5396227706531747
92.99999999999899,-2.38772587211619,6300.4596510731135,16.681478237558938,-0.1745,75.06483410437471,-8.934787464241644,0.165,4.115024478999969,1.5396227706531747
93.09999999999899,-2.408538418650049,6307.966153288495,15.781962828750315,-0.1745,75.06521020325502,-9.055520711930821,0.165,4.115024478999969,1.5396227706531747
93.19999999999898,-2.4219528126514582,6315.473031706073,14.872550251125453,-0.1745,75.07235814830919,-9.1327308405664,0.165,4.115024478999969,1.5396227706531747
93.29999999999897,-1.6565091920594073,6322.980837555146,13.95679957159323,-0.1745,75.0837588331456,-9.182282750078073,0.165,4.115024478999969,1.5396227706531747
93.39999999999897,-1.9446641691378974,6330.486259729772,13.184162411616802,-0.06225,75.02468465938185,-6.270460449450502,0.165,4.115024478999969,1.5396227706531747
93.49999999999896,-2.12887666887897,6337.980823953818,12.503506551302053,-0.1745,74.86659982152024,-7.342656756844497,0.165,4.115024478999969,1.5396227706531747
93.59999999999896,-2.246612804439101,6345.462968331519,11.7350060171301,-0.1745,74.77628773250107,-8.027353926594557,0.165,4.115024478999969,1.5396227706531747
93.69999999999895,-2.3218795168058532,6352.938152124849,10.910401930307929,-0.1745,74.72738813409296,-8.46472780984889,0.165,4.115024478999969,1.5396227706531747
93.79999999999895,-2.371022112286777,6360.409729530288,10.049955209470056,-0.1745,74.70415997469817,-8.744206606908573,0.165,4.115024478999969,1.5396227706531747
93.89999999999894,-2.4012669266189928,6367.883061299523,9.16602156407071,-0.1745,74.76247541000504,-8.934466301078345,0.8300000000000001,4.115024478999969,1.5396227706531747
93.99999999999893,-2.420712263905317,6375.359458419372,8.266966604247063,-0.1745,74.76546698694843,-9.046632895394621,0.165,4.115024478999969,1.5396227706531747
94.09999999999893,-2.433281048310004,6382.836466232124,7.358704934782763,-0.1745,74.77468926808588,-9.118600493891385,0.165,4.115024478999969,1.5396227706531747
94.19999999999892,-2.4414729170018,6390.314592264589,6.4445268557733755,-0.1745,74.7878313812265,-9.16496108629635,0.165,4.115024478999969,1.5396227706531747
94.29999999999892,-2.446879898032452,6397.794155435803,5.526528091494524,-0.1745,74.80343204305667,-9.195014199280688,0.165,4.115024478999969,1.5396227706531747
94.39999999999891,-2.4509689923299667,6405.27535528903,4.606043177573293,-0.1745,74.8205650214791,-9.214684079143941,0.165,4.115024478999969,1.5396227706531747
94.4999999999989,-2.453166873330294,6412.759940602159,3.683635330990204,-0.1745,74.87114124110248,-9.23347285251783,0.495,4.115024478999969,1.5396227706531747
94.5999999999989,-2.45567332385912,6420.247989412475,2.7599043821743217,-0.1745,74.88983496521423,-9.241146123799817,0.165,4.115024478999969,1.5396227706531747
94.6999999999989,-2.45626038148255,6427.741195512585,1.8349415906080075,-0.1745,74.97428703698111,-9.258109707526467,0.8300000000000001,4.115024478999969,1.5396227706531747
94.79999999999889,-10000.0,6435.239583986206,0.9090504803600346,-0.1745,74.99348243542697,-9.259712497432991,0.165,4.115024478999969,1.5396227706531747
