t,reward,x,y,theta,vx,vy,throttle,wind_vx,wind_vy
0.0,0.0,59.323520160246815,643.6553958905587,0.05376033957994086,50.80138629225511,7.715471653386822,0.5,3.454798775564202,3.5490161491174534
0.1,-2.6924773497752934,59.323520160246815,643.6553958905587,0.05376033957994086,50.80138629225511,7.715471653386822,0.5,3.454798775564202,3.5490161491174534
0.2,-1.6377779044869143,64.39695131911199,644.3287442786387,-0.058489660420059125,50.667236885048496,5.7514961082140745,0.165,3.454798775564202,3.5490161491174534
0.30000000000000004,-0.805900927617898,69.44208896582015,644.7679073376452,-0.17073966042005911,50.235516049114636,3.0317650719149363,0.165,3.454798775564202,3.5490161491174534
0.4,-0.16388232792917287,74.4515416319936,644.9661421228616,-0.1745,49.95353727435459,0.9329306324128162,0.165,3.454798775564202,3.5490161491174534
0.5,-0.3299269861356055,79.43835833458587,644.9793545316539,-0.1745,49.78279677749057,-0.6686824565646245,0.165,3.454798775564202,3.5490161491174534
0.6,-0.7084370028486736,84.41185532512539,644.8511684130647,-0.1745,49.68714303329967,-1.895039915220656,0.165,3.454798775564202,3.5490161491174534
0.7,-0.9976102086378944,89.37839200993623,644.6146738212414,-0.1745,49.64359066291722,-2.8348519212460985,0.165,3.454798775564202,3.5490161491174534
0.7999999999999999,-1.2178333541959803,94.34241851154866,644.2951919086767,-0.1745,49.63693936933138,-3.554786330046967,0.165,3.454798775564202,3.5490161491174534
0.8999999999999999,-1.3850283891096649,99.30710706033307,643.9121631883647,-0.1745,49.656831606356945,-4.105788076191561,0.165,3.454798775564202,3.5490161491174534
0.9999999999999999,-1.5115656189421134,104.27475074409638,643.4805202421312,-0.1745,49.69604206890919,-4.5270708484798705,0.165,3.454798775564202,3.5490161491174534
1.0999999999999999,-1.6070115496798898,109.24702461277337,643.011722563241,-0.1745,49.749435304630516,-4.848882729323884,0.165,3.454798775564202,3.5490161491174534
1.2,-1.6787351715716348,114.22516168640209,642.5145511590472,-0.1745,49.813306167943864,-5.094545354553983,0.165,3.454798775564202,3.5490161491174534
1.3,-1.7323939612490171,119.21007446112269,641.9957233455658,-0.1745,49.88494932646807,-5.282010915073578,0.165,3.454798775564202,3.5490161491174534
1.4000000000000001,-1.77231943913857,124.20244046333815,641.4603692771286,-0.1745,49.96237071784106,-5.425070453669969,0.165,3.454798775564202,3.5490161491174534
1.5000000000000002,-1.801820343811504,129.20276348208003,640.9124009228528,-0.1745,50.04408965699644,-5.534296631845809,0.165,3.454798775564202,3.5490161491174534
1.6000000000000003,-1.8234192949741286,134.2114179844428,640.3547971286541,-0.1745,50.12900039025888,-5.617779252129059,0.165,3.454798775564202,3.5490161491174534
1.7000000000000004,-1.839036451151542,139.22868168283216,639.7898232833527,-0.1745,50.21627357752831,-5.681697653898866,0.165,3.454798775564202,3.5490161491174534
1.8000000000000005,-1.8501313612460102,144.25475962060526,639.2192001666174,-0.1745,50.30528517793385,-5.730764680807161,0.165,3.454798775564202,3.5490161491174534
1.9000000000000006,-1.8578121116586037,149.28980210491983,638.6442334388549,-0.1745,50.395564508357864,-5.768569874440859,0.165,3.454798775564202,3.5490161491174534
2.0000000000000004,-1.8629190531074726,154.3339181275066,638.0659127477193,-0.1745,50.48675594337713,-5.797843948271641,0.165,3.454798775564202,3.5490161491174534
2.1000000000000005,-1.8660888685839474,159.38718544771612,637.4849874479631,-0.1745,50.57859046081362,-5.8206620468505,0.165,3.454798775564202,3.5490161491174534
2.2000000000000006,-1.8678034987009258,164.4496581896698,636.902024365768,-0.1745,50.67086437825988,-5.838599597050316,0.165,3.454798775564202,3.5490161491174534
2.3000000000000007,-1.8684274402135035,169.5213725782139,636.3174518072462,-0.1745,50.76342339262222,-5.852851573385939,0.165,3.454798775564202,3.5490161491174534
2.400000000000001,-1.8682361400322316,174.60235127586859,635.7315930479357,-0.1745,50.85615056047145,-5.864323612825532,0.165,3.454798775564202,3.5490161491174534
2.500000000000001,-1.8674375838656094,179.69260666511227,635.1446917911306,-0.1745,50.94895722440201,-5.873701523274682,0.165,3.454798775564202,3.5490161491174534
2.600000000000001,-1.8661886927694005,184.79214333391917,634.5569315028212,-0.1745,51.04177615173635,-5.881504242915202,0.165,3.454798775564202,3.5490161491174534
2.700000000000001,-1.864607764211263,189.90095995851834,633.9684500833768,-0.1745,51.13455634024721,-5.888124145972938,0.165,3.454798775564202,3.5490161491174534
2.800000000000001,-1.8627839035098055,195.01905072968478,633.3793509916864,-0.1745,51.22725908308152,-5.89385768783408,0.165,3.454798775564202,3.5490161491174534
2.9000000000000012,-1.8607841678429382,200.14640643316312,632.7897116730965,-0.1745,51.319854986485346,-5.898928683964722,0.165,3.454798775564202,3.5490161491174534
3.0000000000000013,-1.858658973428162,205.2830152679537,632.1995899399752,-0.1745,51.41232170932579,-5.903505978460467,0.165,3.454798775564202,3.5490161491174534
3.1000000000000014,-1.85644618512186,210.4288634659105,631.6090287988609,-0.1745,51.504642249810395,-5.907716843825717,0.165,3.454798775564202,3.5490161491174534
3.2000000000000015,-1.854174207311285,215.58393576076114,631.0180600998826,-0.1745,51.59680364720231,-5.911657135738335,0.165,3.454798775564202,3.5490161491174534
3.3000000000000016,-1.851864318389583,220.74821574303684,630.4267072939397,-0.1745,51.688795998311974,-5.915398983119885,0.165,3.454798775564202,3.5490161491174534
3.4000000000000017,-1.731364949455678,225.9216861285892,629.8349875143999,-0.1745,51.78061171273521,-5.918996607675436,0.165,3.454798775564202,3.5490161491174534
3.5000000000000018,-1.7593136140540935,231.10462699602908,629.2583930417229,-0.1495,51.87820563606255,-5.6128928458646925,0.165,3.454798775564202,3.5490161491174534
3.600000000000002,-1.7796006814138423,236.29650626001182,628.693031418998,-0.1745,51.959379643592385,-5.69433960863477,0.165,3.454798775564202,3.5490161491174534
3.700000000000002,-1.7941564738520719,241.49662438872355,628.1205088864515,-0.1745,52.04298293064183,-5.756111042295305,0.165,3.454798775564202,3.5490161491174534
3.800000000000002,-1.804430350667952,246.7051909847306,627.5425470072458,-0.1745,52.12834898949899,-5.803126541817207,0.165,3.454798775564202,3.5490161491174534
3.900000000000002,-1.811509301800259,251.92235748294183,626.9604363566613,-0.1745,52.21498097472568,-5.839086469873792,0.165,3.454798775564202,3.5490161491174534
4.000000000000002,-1.816207718777552,257.14823192777664,626.3751434767249,-0.1745,52.30250792197053,-5.866771128851903,0.165,3.454798775564202,3.5490161491174534
4.100000000000001,-1.8207052576084157,262.3828899514442,625.7873915486496,-0.1745,52.39065255138046,-5.888267432655489,0.165,3.454798775564202,3.5490161491174534
4.200000000000001,-1.8214377291079786,267.6296574567286,625.197143884461,-0.1745,52.544697554307355,-5.91668585111607,0.8300000000000001,3.454798775564202,3.5490161491174534
4.300000000000001,-1.8214247862812112,272.8885755936787,624.6049200671954,-0.1745,52.63366518469495,-5.927790494194694,0.165,3.454798775564202,3.5490161491174534
4.4,-1.282382273974164,278.15639352294875,624.0116848469906,-0.1745,52.72269340070608,-5.9369139098996895,0.165,3.454798775564202,3.5490161491174534
4.5,-1.421673858689671,283.42684103730295,623.4899357703424,-0.06225,52.686256886377514,-4.498067623065323,0.165,3.454798775564202,3.5490161491174534
4.6,-1.524994731535162,288.69738002956444,623.0214924116892,-0.1745,52.724522958852546,-4.870799549998469,0.165,3.454798775564202,3.5490161491174534
4.699999999999999,-1.4819266844324408,293.97241968173427,622.5204532564769,-0.1745,52.77627008454414,-5.149983554246898,0.165,3.454798775564202,3.5490161491174534
4.799999999999999,-1.5689477292442082,299.25552872810687,622.0107031323446,-0.1495,52.88591084290756,-5.045018928399643,0.495,3.454798775564202,3.5490161491174534
4.899999999999999,-1.6331150063686162,304.54698412241333,621.4943369412738,-0.1745,52.94319704322126,-5.282304893015534,0.165,3.454798775564202,3.5490161491174534
4.999999999999998,-1.680241400050374,309.84457950375145,620.9572271693444,-0.1745,53.008710583541415,-5.459890545573231,0.165,3.454798775564202,3.5490161491174534
5.099999999999998,-1.7146806792341873,315.14902594334745,620.4045882739958,-0.1745,53.08021820837877,-5.5928873613971035,0.165,3.454798775564202,3.5490161491174534
5.1999999999999975,-1.7396871512827965,320.4608414301685,619.8403126549151,-0.1745,53.156091528042346,-5.692625020217915,0.165,3.454798775564202,3.5490161491174534
5.299999999999997,-1.757689211027439,325.78040284483257,619.2673022248738,-0.1745,53.235136765238856,-5.76758358060943,0.165,3.454798775564202,3.5490161491174534
5.399999999999997,-1.770496375279957,331.1079834467472,618.687718011206,-0.1745,53.316475273053534,-5.824100692746411,0.165,3.454798775564202,3.5490161491174534
5.4999999999999964,-1.2329331021048984,336.44378013478786,618.1031676467996,-0.1745,53.39945848776022,-5.8669065953820905,0.165,3.454798775564202,3.5490161491174534
5.599999999999996,-1.382642830033558,341.78525808765886,617.5888206264655,-0.06225,53.43010056965991,-4.420033811301555,0.8300000000000001,3.454798775564202,3.5490161491174534
5.699999999999996,-1.4932573719317612,347.1298365059809,617.1265604093785,-0.1745,53.46146779678073,-4.825170530437439,0.165,3.454798775564202,3.5490161491174534
5.799999999999995,-1.574743440699235,352.4783067701259,616.6289438720696,-0.1745,53.507937486119914,-5.127160215739554,0.165,3.454798775564202,3.5490161491174534
5.899999999999995,-1.634569541759632,357.8319693477957,616.104974069092,-0.1745,53.56531406727527,-5.352235843811569,0.165,3.454798775564202,3.5490161491174534
5.999999999999995,-1.678316340358128,363.1917648056495,615.561360140143,-0.1745,53.63059508980034,-5.520042735168518,0.165,3.454798775564202,3.5490161491174534
6.099999999999994,-1.7101441523477567,368.5583751722323,615.0030946573329,-0.1745,53.70161224185546,-5.645266921034326,0.165,3.454798775564202,3.5490161491174534
6.199999999999994,-1.7331484863345108,373.93229522523035,614.4338879189064,-0.1745,53.77678881810547,-5.738867847496209,0.165,3.454798775564202,3.5490161491174534
6.299999999999994,-1.7496288931961124,379.31388328851057,613.8564939846884,-0.1745,53.85497244749872,-5.809010836862784,0.165,3.454798775564202,3.5490161491174534
6.399999999999993,-1.7612913270517079,384.70339779872035,613.2729549055988,-0.1745,53.93531775669706,-5.861770744929584,0.165,3.454798775564202,3.5490161491174534
6.499999999999993,-1.7693999042287345,390.1010238332251,612.6847832952986,-0.1745,54.01720293339813,-5.901661461073813,0.165,3.454798775564202,3.5490161491174534
6.5999999999999925,-1.7748903827294096,395.5068924677045,612.093098558493,-0.1745,54.100169756190716,-5.932033275039778,0.165,3.454798775564202,3.5490161491174534
6.699999999999992,-1.7784548200475925,400.9210949621848,611.4987283765198,-0.1745,54.18388013341434,-5.955370364424219,0.165,3.454798775564202,3.5490161491174534
6.799999999999992,-1.780604610153114,406.34369318930953,610.9022842059644,-0.1745,54.26808440908063,-5.9735130466848885,0.165,3.454798775564202,3.5490161491174534
6.8999999999999915,-1.781717348326302,411.7747273169055,610.3042173770608,-0.1745,54.35259814283881,-5.9878235313866215,0.165,3.454798775564202,3.5490161491174534
6.999999999999991,-1.7820716272550252,417.21422147610707,609.7048607329131,-0.1745,54.437285041191934,-5.9993093515690274,0.165,3.454798775564202,3.5490161491174534
7.099999999999991,-1.781872843392624,422.6621879472021,609.1044595072051,-0.1745,54.522044380708216,-6.008715162589784,0.165,3.454798775564202,3.5490161491174534
7.19999999999999,-1.78127231730808,428.1186302525425,608.5031942021033,-0.1745,54.60680172610071,-6.016590939447371,0.165,3.454798775564202,3.5490161491174534
7.29999999999999,-1.7803814477965392,433.58354544248874,607.9011975255846,-0.1745,54.69150207282363,-6.023342590925122,0.165,3.454798775564202,3.5490161491174534
7.39999999999999,-1.7792821812370514,439.0569257850174,607.2985669214946,-0.1745,54.77610477775019,-6.0292694908755164,0.165,3.454798775564202,3.5490161491174534
7.499999999999989,-1.2148341267714289,444.53876001443325,606.6953738326586,-0.1745,54.86057981056576,-6.034592285845821,0.165,3.454798775564202,3.5490161491174534
7.599999999999989,-1.365426376118712,450.02625286912405,606.1699660714872,-0.06225,54.88927728324981,-4.4735629375796675,0.8300000000000001,3.454798775564202,3.5490161491174534
7.699999999999989,-1.4756845361337356,455.51643992255407,605.7017157829462,-0.1745,54.91446378535103,-4.891442833242825,0.165,3.454798775564202,3.5490161491174534
7.799999999999988,-1.5561882940331726,461.00995802372756,605.1971476367528,-0.1745,54.95589823811851,-5.199920090625444,0.165,3.454798775564202,3.5490161491174534
7.899999999999988,-1.6147842722959256,466.5082005530093,604.6657695827944,-0.1745,55.008952347516704,-5.427640988541563,0.165,3.454798775564202,3.5490161491174534
7.999999999999988,-1.657276093879455,472.0121654945868,604.1145958303459,-0.1745,55.07034648403213,-5.595834060427202,0.165,3.454798775564202,3.5490161491174534
8.099999999999987,-1.687946651802113,477.52256955742916,603.5487938841136,-0.1745,55.13773477281501,-5.720204864218568,0.165,3.454798775564202,3.5490161491174534
8.199999999999987,-1.7107632718406105,483.03992766995685,602.9721659612211,-0.1745,55.20942747773875,-5.812353593632172,0.165,3.454798775564202,3.5490161491174534
8.299999999999986,-1.7260084736357817,488.56623404763195,602.3872200600373,-0.1745,55.31670007576352,-5.886564430043111,0.495,3.454798775564202,3.5490161491174534
8.399999999999986,-1.7367220756076385,494.10175581677174,601.7960639249511,-0.1745,55.393735307031996,-5.936558271680591,0.165,3.454798775564202,3.5490161491174534
8.499999999999986,-1.744125737224858,499.64505630268553,601.2005303126905,-0.1745,55.47227441124333,-5.974113973532609,0.165,3.454798775564202,3.5490161491174534
8.599999999999985,-1.749114710147546,505.1962627902553,600.6016965801655,-0.1745,55.55185534015142,-6.0025606769671995,0.165,3.454798775564202,3.5490161491174534
8.699999999999985,-1.7523444814706997,510.75546258248266,600.0003514572235,-0.1745,55.63214050439614,-6.024341781871927,0.165,3.454798775564202,3.5490161491174534
8.799999999999985,-1.7226366346577617,516.3227137616198,599.3970719136615,-0.1745,55.712883078345214,-6.041249089365874,0.165,3.6439301315883834,3.8663526577889504
8.899999999999984,-1.7006423948208367,521.8986684728403,598.7966804999503,-0.1745,55.80621114606671,-5.96657918485837,0.165,3.6439301315883834,3.8663526577889504
8.999999999999984,-1.684274637848476,527.48380323373,598.2026944497773,-0.1745,55.896484071726604,-5.913141818603052,0.165,3.6439301315883834,3.8663526577889504
9.099999999999984,-1.6720109196767632,533.0778502221087,597.6132770436205,-0.1745,55.98445569584798,-5.875206304531176,0.165,3.6439301315883834,3.8663526577889504
9.199999999999983,-1.0893384150247944,538.6806071398197,597.027087430451,-0.1745,56.07068265837074,-5.848585958859708,0.165,3.6439301315883834,3.8663526577889504
9.299999999999983,-1.2397847949339644,544.2857146356396,596.5247518698362,-0.06225,56.031467258026495,-4.1981252534367695,0.165,3.6439301315883834,3.8663526577889504
9.399999999999983,-1.3493212778643913,549.8899207391349,596.083678411964,-0.1745,56.05265481188037,-4.62334390400855,0.165,3.6439301315883834,3.8663526577889504
9.499999999999982,-1.4288714244329905,555.4970942787029,595.6057500698201,-0.1745,56.09081597947832,-4.93522293886751,0.165,3.6439301315883834,3.8663526577889504
9.599999999999982,-1.4864841343487856,561.1086869818758,595.1007890465063,-0.1745,56.141038083981954,-5.163997527409534,0.165,3.6439301315883834,3.8663526577889504
9.699999999999982,-1.5280737845151675,566.7257320004275,594.5759932118293,-0.1745,56.19986228704998,-5.331919166130076,0.165,3.6439301315883834,3.8663526577889504
9.799999999999981,-1.5579765126403897,572.3489666150531,594.0366303612539,-0.1745,56.26483000546295,-5.45533784537975,0.165,3.6439301315883834,3.8663526577889504
9.89999999999998,-1.5793655243785298,577.9789171799634,593.4865510690955,-0.1745,56.33418129274515,-5.546247997785923,0.165,3.6439301315883834,3.8663526577889504
9.99999999999998,-1.594559466788203,583.6159587366338,592.9285668783461,-0.1745,56.4066498406621,-5.613435817200779,0.165,3.6439301315883834,3.8663526577889504
10.09999999999998,-1.6052504133847847,589.2603572876842,592.364728639454,-0.1745,56.48132118034422,-5.663328960641947,0.165,3.6439301315883834,3.8663526577889504
10.19999999999998,-1.6126718440018692,594.9123000084455,591.7965309786005,-0.1745,56.55753323488143,-5.700624256429764,0.165,3.6439301315883834,3.8663526577889504
10.29999999999998,-1.617722081114058,600.5719169616475,591.2250622509059,-0.1745,56.63480582915899,-5.728750297461396,0.165,3.6439301315883834,3.8663526577889504
10.399999999999979,-1.6210548012113928,606.2392967692838,590.6511143548141,-0.1745,56.7127903235658,-5.750207624373389,0.165,3.6439301315883834,3.8663526577889504
10.499999999999979,-1.6231452896750493,611.914497956121,590.0752630518788,-0.1745,56.791233413177615,-5.766818434332489,0.165,3.6439301315883834,3.8663526577889504
10.599999999999978,-1.6243388715027804,617.5975571766247,589.4979266503882,-0.1745,56.86995099689674,-5.779909595479439,0.165,3.6439301315883834,3.8663526577889504
10.699999999999978,-1.6248862712456236,623.2884951893841,588.9194088403549,-0.1745,56.94880925829039,-5.790446605187243,0.165,3.6439301315883834,3.8663526577889504
10.799999999999978,-1.6249694036446178,628.9873211992657,588.339929933515,-0.1745,57.02771093934154,-5.799131531609439,0.165,3.6439301315883834,3.8663526577889504
10.899999999999977,-1.6247201679237597,634.6940360146388,587.759649629325,-0.1745,57.106585368120236,-5.806474552188937,0.165,3.6439301315883834,3.8663526577889504
10.999999999999977,-1.624234132708084,640.4086343434251,587.1786835936442,-0.1745,57.185381207606824,-5.812846161428668,0.165,3.6439301315883834,3.8663526577889504
11.099999999999977,-1.623580493267196,646.1311064628414,586.5971155235068,-0.1745,57.264061180720006,-5.818515241321226,0.165,3.6439301315883834,3.8663526577889504
11.199999999999976,-1.6228093114981208,651.8614394334916,586.0150059213181,-0.1745,57.34259823228153,-5.823676802451727,0.165,3.6439301315883834,3.8663526577889504
11.299999999999976,-1.621956776735038,657.5996179819339,585.4323984719706,-0.1745,57.42097273656512,-5.828472184498374,0.165,3.6439301315883834,3.8663526577889504
11.399999999999975,-1.6210490260311032,663.3456251420594,584.8493246749345,-0.1745,57.499170465944864,-5.833003756224635,0.165,3.6439301315883834,3.8663526577889504
11.499999999999975,-1.0296756569868855,669.0994427210377,584.2658072068231,-0.1745,57.57718111362246,-5.837345606003983,0.165,3.6439301315883834,3.8663526577889504
11.599999999999975,-1.1948279154288117,674.856836876769,583.767900588697,-0.06225,57.5707020010036,-4.12078675651676,0.495,3.6439301315883834,3.8663526577889504
11.699999999999974,-1.3139521555576321,680.6143163024393,583.3319147536699,-0.1745,57.57888651240242,-4.598929944024215,0.165,3.6439301315883834,3.8663526577889504
11.799999999999974,-1.3996795875142465,686.3736183384162,582.8546709466127,-0.1745,57.607154207136254,-4.945946197119722,0.165,3.6439301315883834,3.8663526577889504
11.899999999999974,-1.4612224198280952,692.1364521338621,582.3474823591401,-0.1745,57.64952170178179,-5.197825552332501,0.165,3.6439301315883834,3.8663526577889504
11.999999999999973,-1.5052803534262238,697.9040199270015,581.818552689625,-0.1745,57.701834161006644,-5.3807678379706125,0.165,3.6439301315883834,3.8663526577889504
12.099999999999973,-1.5367146531954372,703.677170412977,581.273823351643,-0.1745,57.76117555850373,-5.513818921667451,0.165,3.6439301315883834,3.8663526577889504
12.199999999999973,-1.5590460586959753,709.4565033540579,580.7175922534552,-0.1745,57.82548326311278,-5.610803042088918,0.165,3.6439301315883834,3.8663526577889504
12.299999999999972,-1.5748205617629094,715.2424420191967,580.1529651012185,-0.1745,57.893290039663455,-5.681740002645856,0.165,3.6439301315883834,3.8663526577889504
12.399999999999972,-1.5858769478447803,721.0352839213899,579.582183957725,-0.1745,57.96354800420206,-5.733882867224648,0.165,3.6439301315883834,3.8663526577889504
12.499999999999972,-1.593541816840043,726.8352366562663,579.0068660123727,-0.1745,58.03550669332569,-5.772476039821484,0.165,3.6439301315883834,3.8663526577889504
12.599999999999971,-1.5987713612821854,732.6424433732417,578.4281768202582,-0.1745,58.108627646182086,-5.801307802469017,0.165,3.6439301315883834,3.8663526577889504
12.69999999999997,-1.603093975129436,738.4570009582552,577.8469558194603,-0.1745,58.18252405408786,-5.823112213488254,0.165,3.6439301315883834,3.8663526577889504
12.79999999999997,-1.604933955843646,744.28059799593,577.2635206967395,-0.1745,58.28941669940732,-5.845590240926639,0.495,3.6439301315883834,3.8663526577889504
12.89999999999997,-1.605991259884587,750.1132776149751,576.6783631095469,-0.1745,58.364175681496555,-5.857561502926456,0.165,3.6439301315883834,3.8663526577889504
12.99999999999997,-1.6064904589042879,755.9534385543224,576.092122889024,-0.1745,58.43904310544924,-5.867242907530366,0.165,3.6439301315883834,3.8663526577889504
13.09999999999997,-1.606592792749353,761.8010871233254,575.5049967200471,-0.1745,58.51392827461005,-5.875280472008841,0.165,3.6439301315883834,3.8663526577889504
13.199999999999969,-1.6064139544367737,767.6562218373429,574.917125761823,-0.1745,58.588766005740304,-5.882138692473855,0.165,3.6439301315883834,3.8663526577889504
13.299999999999969,-1.6060369010624895,773.5188356114124,574.3286112600392,-0.1745,58.663509475652084,-5.88815134320142,0.165,3.6439301315883834,3.8663526577889504
13.399999999999968,-1.6055210754791878,779.3889173387706,573.7395257869891,-0.1745,58.73812507151154,-5.893558117800415,0.165,3.6439301315883834,3.8663526577889504
13.499999999999968,-1.6049090400737955,785.2664530265088,573.1499213290818,-0.1745,58.81258868325129,-5.898531040344443,0.165,3.6439301315883834,3.8663526577889504
13.599999999999968,-1.6042312459675907,791.1514266123959,572.559835102541,-0.1745,58.88688303449048,-5.903193490471563,0.165,3.6439301315883834,3.8663526577889504
13.699999999999967,-1.6035094596929647,797.0438205521953,571.9692937330371,-0.1745,58.96099576149611,-5.9076338996049484,0.165,3.6439301315883834,3.8663526577889504
13.799999999999967,-1.467299165653787,802.9436162418185,571.3783162578043,-0.1745,59.03491803096994,-5.911915605052103,0.165,3.6439301315883834,3.8663526577889504
13.899999999999967,-1.5075098967285059,808.8517641536785,570.8070280675323,-0.1495,59.12804020622864,-5.513848200387913,0.165,3.6439301315883834,3.8663526577889504
13.999999999999966,-1.5338960516451492,814.7706980178754,570.2491078032874,-0.1745,59.25063707770857,-5.644557084508979,0.8300000000000001,3.6439301315883834,3.8663526577889504
14.099999999999966,-1.5524536296614628,820.6988516788113,569.6804557054946,-0.1745,59.31243614101018,-5.728484871347227,0.165,3.6439301315883834,3.8663526577889504
14.199999999999966,-1.5654319008659758,826.6333401172278,569.1045604977381,-0.1745,59.37733262732008,-5.789419283783675,0.165,3.6439301315883834,3.8663526577889504
14.299999999999965,-1.574437725586002,832.5744252186836,568.5233925597441,-0.1745,59.444369401795086,-5.833939476095281,0.165,3.6439301315883834,3.8663526577889504
14.399999999999965,-1.5806179359871517,838.5222870558706,567.9383580561118,-0.1745,59.51286734194609,-5.866750596551383,0.165,3.6439301315883834,3.8663526577889504
14.499999999999964,-1.5847903542489727,844.4770476158178,567.3504597959247,-0.1745,59.58234385699727,-5.891214607191158,0.165,3.6439301315883834,3.8663526577889504
14.599999999999964,-1.5875377437611022,850.4387875936706,566.7604124740959,-0.1745,59.65245570005726,-5.909731829385345,0.165,3.6439301315883834,3.8663526577889504
14.699999999999964,-1.5892750831948836,856.4075583095672,566.168725143818,-0.1745,59.72295861787592,-5.9240147761725614,0.165,3.6439301315883834,3.8663526577889504
14.799999999999963,-1.5902976814900192,862.3833901792183,565.5757601835899,-0.1745,59.793678775144876,-5.9352844283921105,0.165,3.6439301315883834,3.8663526577889504
14.899999999999963,-1.5908155559513057,868.3662987412821,564.9817754237672,-0.1745,59.864492466131935,-5.94441076806122,0.165,3.6439301315883834,3.8663526577889504
14.999999999999963,-1.5909779742995822,874.3562889488936,564.3869542200579,-0.1745,59.93531168609828,-5.952013306125463,0.165,3.6439301315883834,3.8663526577889504
15.099999999999962,-1.5908909615881337,880.3533582261628,563.7914269080534,-0.1745,60.00607385928451,-5.958532933963547,0.165,3.6439301315883834,3.8663526577889504
15.199999999999962,-1.5906297800286073,886.3574986452106,563.1952860993119,-0.1745,60.07673452167259,-5.964283240864628,0.165,3.6439301315883834,3.8663526577889504
15.299999999999962,-1.5902478195522762,892.3686984766514,562.5985975802204,-0.1745,60.147262107142396,-5.969487140967923,0.165,3.6439301315883834,3.8663526577889504
15.399999999999961,-0.9694729064089824,898.3869432936198,562.0014080732446,-0.1745,60.21763423222513,-5.974302998547201,0.165,3.6439301315883834,3.8663526577889504
15.499999999999961,-1.151148661435694,904.4082730982556,561.4981618115008,-0.06225,60.20896186049054,-4.0906222363283655,0.495,3.6439301315883834,3.8663526577889504
15.59999999999996,-1.279973458412905,910.4285842989207,561.0616878504452,-0.1745,60.19726215281131,-4.638856984784724,0.165,3.6439301315883834,3.8663526577889504
15.69999999999996,-1.371141508119147,916.4489674140314,560.578273298891,-0.1745,60.21040014940186,-5.029434046300188,0.165,3.6439301315883834,3.8663526577889504
15.79999999999996,-1.43553091442435,922.4715189211471,560.061414347201,-0.1745,60.24062999291231,-5.307744987499249,0.165,3.6439301315883834,3.8663526577889504
15.89999999999996,-1.480907895161046,928.4976849088681,559.520716984864,-0.1745,60.28268976150837,-5.50620225924141,0.165,3.6439301315883834,3.8663526577889504
15.99999999999996,-1.512804414744554,934.528467459012,558.9630106452316,-0.1745,60.33296124136749,-5.647924533403895,0.165,3.6439301315883834,3.8663526577889504
16.09999999999996,-1.535153776325967,940.5645622514062,558.3931454627644,-0.1745,60.38893460651775,-5.749379115938933,0.165,3.6439301315883834,3.8663526577889504
16.19999999999996,-1.5507485023256513,946.6064518835608,557.8145625030145,-0.1745,60.44885803657526,-5.822280079059484,0.165,3.6439301315883834,3.8663526577889504
16.29999999999996,-1.5615688098805272,952.6544699594831,557.2297009806731,-0.1745,60.51150348187,-5.874950367767605,0.165,3.6439301315883834,3.8663526577889504
16.399999999999963,-1.5690174845191178,958.70884550949,556.6402885947244,-0.1745,60.57600751826592,-5.913297351204928,0.165,3.6439301315883834,3.8663526577889504
16.499999999999964,-1.5740874000181369,964.7697339804603,556.047548222963,-0.1745,60.641761901141564,-5.941510084023939,0.165,3.6439301315883834,3.8663526577889504
16.599999999999966,-1.5774807637778294,970.8372389568464,555.4523448819903,-0.1745,60.70833762658132,-5.962556735429993,0.165,3.6439301315883834,3.8663526577889504
16.699999999999967,-1.579693866851796,976.9114274333932,554.8552901006531,-0.1745,60.7754319043566,-5.978538891314399,0.165,3.6439301315883834,3.8663526577889504
16.79999999999997,-1.5810772417943335,982.9923405767801,554.2568159773828,-0.1745,60.84283096338153,-5.990943574091645,0.165,3.6439301315883834,3.8663526577889504
16.89999999999997,-1.5818783199663164,989.0800013190417,553.6572276833762,-0.1745,60.910383881851175,-6.00082230604098,0.165,3.6439301315883834,3.8663526577889504
16.99999999999997,-1.5822716526939153,995.1744197199481,553.056740657367,-0.1745,60.97798413627735,-6.008918214142051,0.165,3.6439301315883834,3.8663526577889504
17.099999999999973,-1.582380305358426,1001.2755967555373,552.455506937762,-0.1745,61.04555657550625,-6.015756177956238,0.165,3.6439301315883834,3.8663526577889504
17.199999999999974,-1.5822909921748645,1007.3835269951823,551.8536337929235,-0.1745,61.113048217392276,-6.021706718815398,0.165,3.6439301315883834,3.8663526577889504
17.299999999999976,-1.5837113474972497,1013.4982004932343,551.2511968945519,-0.1745,61.18042174364817,-6.027031248616583,0.165,3.6439301315883834,3.8663526577889504
17.399999999999977,-1.5826397515259327,1019.6228786302635,550.6476723549047,-0.1745,61.31314099693525,-6.043459544327978,0.8300000000000001,3.6439301315883834,3.8663526577889504
17.49999999999998,-1.581731177320711,1025.757552445688,550.0432135758426,-0.1745,61.38033531155563,-6.04571603691319,0.165,3.6439301315883834,3.8663526577889504
17.59999999999998,-1.5809392713733974,1031.8989319595903,549.4385057237889,-0.1745,61.447254966492956,-6.048441004159979,0.165,3.6439301315883834,3.8663526577889504
17.69999999999998,-1.4392051668845682,1038.0469907265997,548.8335089685575,-0.1745,61.51392037369325,-6.051494100468626,0.165,3.6439301315883834,3.8663526577889504
17.799999999999983,-1.4809483221604012,1044.2045611544359,548.2498386899452,-0.1495,61.637488183031486,-5.621911471775205,0.495,3.6439301315883834,3.8663526577889504
17.899999999999984,-1.5100335986754803,1050.3706696158383,547.680988932823,-0.1745,61.68468104501867,-5.755083670670716,0.165,3.6439301315883834,3.8663526577889504
17.999999999999986,-1.5302419848826643,1056.5417732198061,547.1007558480144,-0.1745,61.7373910343386,-5.849578025501616,0.165,3.6439301315883834,3.8663526577889504
18.099999999999987,-1.5442309642057679,1062.718337044611,546.5124311156404,-0.1745,61.79388546175985,-5.916916621978102,0.165,3.6439301315883834,3.8663526577889504
18.19999999999999,-1.5546916326159301,1068.9006793392975,545.9183251135927,-0.1745,61.85296043197078,-5.9652034189757295,0.165,3.6439301315883834,3.8663526577889504
18.29999999999999,-1.560912951232346,1075.0906411618882,545.319771836716,-0.1745,61.946276019843616,-6.005862118558209,0.495,3.6439301315883834,3.8663526577889504
18.39999999999999,-1.565117749745374,1081.28837045805,544.7179639831227,-0.1745,62.008309903388714,-6.030294953307323,0.165,3.6439301315883834,3.8663526577889504
18.499999999999993,-1.5679152704977695,1087.492338061339,544.114023679346,-0.1745,62.07104216239173,-6.048511122224672,0.165,3.6439301315883834,3.8663526577889504
18.599999999999994,-1.5697318215311682,1093.702600244815,543.5084792935696,-0.1745,62.1342015071246,-6.062376593303482,0.165,3.6439301315883834,3.8663526577889504
18.699999999999996,-1.57086552828565,1099.9191902342645,542.9017005422883,-0.1745,62.19759828186999,-6.073198432323888,0.165,3.6439301315883834,3.8663526577889504
18.799999999999997,-1.5715247570177395,1106.1421251444021,542.2939460364955,-0.1745,62.26109992088164,-6.081891683531052,0.165,3.6439301315883834,3.8663526577889504
18.9,-1.571855058297598,1112.3714108304766,541.6853966225364,-0.1745,62.32461380060647,-6.0890965956528635,0.165,3.6439301315883834,3.8663526577889504
19.0,-1.571958047423707,1118.6070452828492,541.0761787474147,-0.1745,62.388075246845375,-6.095260906781195,0.165,3.6439301315883834,3.8663526577889504
19.1,-1.571904626416366,1124.8490210023044,540.466380823851,-0.1745,62.451439142260064,-6.100697564492753,0.165,3.6439301315883834,3.8663526577889504
19.200000000000003,-1.5717442380315445,1131.0973266620078,539.8560646861313,-0.1745,62.514674051809486,-6.105625189900762,0.165,3.6439301315883834,3.8663526577889504
19.300000000000004,-1.5723197990619777,1137.351948270124,539.2452736052195,-0.1745,62.57775811051215,-6.1101964283350645,0.165,3.6439301315883834,3.8663526577889504
19.400000000000006,-1.571673254148394,1143.614494925134,538.6337514277039,-0.1745,62.6731749896888,-6.120247121976037,0.495,3.6439301315883834,3.8663526577889504
19.500000000000007,-1.5711074628695998,1149.8849525666164,538.0215769130065,-0.1745,62.735977839957634,-6.123243171974096,0.165,3.6439301315883834,3.8663526577889504
19.60000000000001,-1.570599706086016,1156.1616787694445,537.40909149599,-0.1745,62.798546216604294,-6.1264651683555735,0.165,3.6439301315883834,3.8663526577889504
19.70000000000001,-1.5701341597870413,1162.444650612276,536.7962760978543,-0.1745,62.860890640025545,-6.1298427943585,0.165,3.6439301315883834,3.8663526577889504
19.80000000000001,-1.5696998025556246,1168.7338460712047,536.1831176054092,-0.1745,62.92301853854491,-6.1333270545432095,0.165,3.6439301315883834,3.8663526577889504
19.900000000000013,-1.5692889566012806,1175.029243757335,535.5696070617063,-0.1745,62.98493518406129,-6.13688381951541,0.165,3.6439301315883834,3.8663526577889504
20.000000000000014,-1.5688962709956777,1181.3308227338155,534.9557384047123,-0.1745,63.04664434554688,-6.140489320365125,0.165,3.6439301315883834,3.8663526577889504
20.100000000000016,-1.5685180134062482,1187.6385623883546,534.3415075884244,-0.1745,63.108148745233144,-6.144127005391846,0.165,3.6439301315883834,3.8663526577889504
20.200000000000017,-1.5681515769518781,1193.952442344461,533.726911970743,-0.1745,63.16945037689349,-6.147785348235228,0.165,3.6439301315883834,3.8663526577889504
20.30000000000002,-1.5677951369987229,1200.2724423996954,533.1119498873238,-0.1745,63.23055072779636,-6.151456320148947,0.165,3.6439301315883834,3.8663526577889504
20.40000000000002,-1.5674474124161264,1206.5985424827554,532.4966203550326,-0.1745,63.291450933404676,-6.155134325673958,0.165,3.6439301315883834,3.8663526577889504
20.50000000000002,-1.5671074995740577,1212.9307226236829,531.8809228656743,-0.1745,63.352151885144906,-6.158815461493276,0.165,3.6439301315883834,3.8663526577889504
20.600000000000023,-1.566774756971228,1219.2689629332124,531.264857242571,-0.1745,63.412654305444235,-6.162497000573005,0.165,3.6439301315883834,3.8663526577889504
20.700000000000024,-1.566448725087687,1225.613243588482,530.6484235408786,-0.1745,63.47295879994948,-6.166177033274595,0.165,3.6439301315883834,3.8663526577889504
20.800000000000026,-1.5661290707323077,1231.9635448231718,530.0316219783255,-0.1745,63.53306589384674,-6.1698542177879006,0.165,3.6439301315883834,3.8663526577889504
20.900000000000027,-1.5658155484160263,1238.3198469207196,529.4144528871028,-0.1745,63.592976057107954,-6.173527606664012,0.165,3.6439301315883834,3.8663526577889504
21.00000000000003,-1.5655079735538178,1244.6821302096764,528.7969166804547,-0.1745,63.65268972202936,-6.1771965262976,0.165,3.6439301315883834,3.8663526577889504
21.10000000000003,-1.5652062038809893,1251.0503750605483,528.1790138294781,-0.1745,63.71220729540667,-6.180860493233964,0.165,3.6439301315883834,3.8663526577889504
21.20000000000003,-0.9043112048225854,1257.4245618836676,527.5607448470126,-0.1745,63.77152916698045,-6.18451915607466,0.165,3.6439301315883834,3.8663526577889504
21.300000000000033,-1.109169160545008,1263.8011015496215,527.0484315382049,-0.06225,63.75926415209748,-4.061747020079665,0.495,3.6439301315883834,3.8663526577889504
21.400000000000034,-1.2509859284014855,1270.1749572724093,526.6096369617786,-0.1745,63.7178503036585,-4.714144508446314,0.165,3.6439301315883834,3.8663526577889504
21.500000000000036,-1.3490021828968874,1276.5462938308665,526.1155744851637,-0.1745,63.708880865487274,-5.167105023852102,0.165,3.6439301315883834,3.8663526577889504
21.600000000000037,-1.4166441439330675,1282.9178191951587,525.583135388171,-0.1745,63.72162642035727,-5.481676916003267,0.165,3.6439301315883834,3.8663526577889504
21.70000000000004,-1.4632550972350467,1289.2913512939874,525.0240362614741,-0.1745,63.74901555621907,-5.70030561793479,0.165,3.6439301315883834,3.8663526577889504
21.80000000000004,-1.497008547216032,1295.6681180932949,524.4463968285776,-0.1745,63.78632042993147,-5.85248303999506,0.165,3.6439301315883834,3.8663526577889504
21.90000000000004,-1.5183076734772685,1302.0522260207338,523.8552615119613,-0.1745,63.89583811884699,-5.97022329232991,0.8300000000000001,3.6439301315883834,3.8663526577889504
22.000000000000043,-1.532892027904602,1308.44424423011,523.2546312808871,-0.1745,63.944526068676375,-6.042381329153326,0.165,3.6439301315883834,3.8663526577889504
22.100000000000044,-0.8799141933003846,1314.8412796330028,522.6478500302566,-0.1745,63.99618198918399,-6.093243683457003,0.165,3.6439301315883834,3.8663526577889504
22.200000000000045,-1.0931169795119202,1321.2403189279462,522.1437330977764,-0.06225,63.98460390968354,-3.989094966147886,0.495,3.6439301315883834,3.8663526577889504
22.300000000000047,-1.2405090428942362,1327.6364290700105,521.7107699751109,-0.1745,63.937598931605564,-4.670167487160882,0.165,3.6439301315883834,3.8663526577889504
22.40000000000005,-1.3422400621645327,1334.0295479732927,521.2201482697732,-0.1745,63.924779134038616,-5.142266619593078,0.165,3.6439301315883834,3.8663526577889504
22.50000000000005,-1.4123516687051574,1340.4225259061461,520.6895556056594,-0.1745,63.934779523030535,-5.469586662681923,0.165,3.6439301315883834,3.8663526577889504
22.60000000000005,-1.4606018885573846,1346.8172716600557,520.1312419769355,-0.1745,63.96013555515948,-5.696685911795287,0.165,3.6439301315883834,3.8663526577889504
22.700000000000053,-1.493756683483951,1353.215071974894,519.5536838741506,-0.1745,63.99587074160773,-5.854476143902842,0.165,3.6439301315883834,3.8663526577889504
22.800000000000054,-1.5164990533517728,1359.616797127188,518.9627411258061,-0.1745,64.03863230426866,-5.964378822985947,0.165,3.6439301315883834,3.8663526577889504
22.900000000000055,-1.5320657416762211,1366.023035986151,518.3624611026894,-0.1745,64.08614487498926,-6.041221639349273,0.165,3.6439301315883834,3.8663526577889504
23.000000000000057,-0.878172903461138,1372.4341860584984,517.7556371561667,-0.1745,64.13685657196255,-6.095257291104238,0.165,3.6439301315883834,3.8663526577889504
23.10000000000006,-1.0927575750369198,1378.8456410250053,517.2517970232894,-0.06225,64.0922427581772,-3.9815453664407383,0.165,3.6439301315883834,3.8663526577889504
23.20000000000006,-1.2409970596319098,1385.252449167741,516.8193142511325,-0.1745,64.04392009653395,-4.668110076698717,0.165,3.6439301315883834,3.8663526577889504
23.30000000000006,-1.1975270374897715,1391.6561532729343,516.3287268022269,-0.1745,64.0301620073319,-5.143638901413063,0.165,3.6439301315883834,3.8663526577889504
23.400000000000063,-0.5039139344129362,1398.0650370206138,515.8209509038858,-0.1495,64.1475129462561,-5.011879065410469,0.8300000000000001,3.6439301315883834,3.8663526577889504
23.500000000000064,-0.6883362982672874,1404.476660791831,515.4315843878005,-0.037250000000000005,64.0849624780862,-2.7754512562945917,0.8300000000000001,3.6439301315883834,3.8663526577889504
23.600000000000065,-0.961677902338804,1410.883092163684,515.1245544749012,-0.1495,64.0436649589761,-3.3651470016924785,0.165,3.6439301315883834,3.8663526577889504
23.700000000000067,-1.1508752874183228,1417.2834796160794,514.7444136361751,-0.1745,63.964084088929916,-4.237669772830149,0.165,3.6439301315883834,3.8663526577889504
23.800000000000068,-1.2816019235989606,1423.678170289418,514.2904076373985,-0.1745,63.9297293778409,-4.842450202701988,0.165,3.6439301315883834,3.8663526577889504
23.90000000000007,-1.3717871607752643,1430.0709231708702,513.7852008914218,-0.1745,63.925328251205656,-5.261684716832919,0.165,3.6439301315883834,3.8663526577889504
24.00000000000007,-1.2880326545031822,1436.4642387430613,513.2444966210014,-0.1745,63.94098319261756,-5.552400691575109,0.165,3.6439301315883834,3.8663526577889504
24.100000000000072,-1.3761231020429576,1442.8649472026366,512.7022432912081,-0.1495,64.07318599888661,-5.292665904290835,0.8300000000000001,3.6439301315883834,3.8663526577889504
24.200000000000074,-1.436739600069137,1449.2730687412236,512.1587432415521,-0.1745,64.08924477285251,-5.577335088829788,0.165,3.6439301315883834,3.8663526577889504
24.300000000000075,-1.4783913707222829,1455.6834592893124,511.5911407063053,-0.1745,64.11856618892237,-5.774715616105778,0.165,3.6439301315883834,3.8663526577889504
24.400000000000077,-1.5069676286423634,1462.097230156268,511.0068139961038,-0.1745,64.15685115019092,-5.911818587924281,0.165,3.6439301315883834,3.8663526577889504
24.500000000000078,-1.5265377021611606,1468.5151325757563,510.4108564127845,-0.1745,64.20119723957235,-6.007333078461785,0.165,3.6439301315883834,3.8663526577889504
24.60000000000008,-1.539909817678243,1474.937674065924,509.80678097607466,-0.1745,64.24963256378503,-6.074175655734207,0.165,3.6439301315883834,3.8663526577889504
24.70000000000008,-1.5490199243439218,1481.3651962786441,509.1970089729705,-0.1745,64.3008116906167,-6.121264406349328,0.165,3.6439301315883834,3.8663526577889504
24.800000000000082,-1.4077528751272737,1487.7979275647929,508.58320818425267,-0.1745,64.35381403235908,-6.154751368006853,0.165,3.6439301315883834,3.8663526577889504
24.900000000000084,-1.45820028623179,1494.2408803196806,507.9900379927197,-0.1495,64.50524106539383,-5.708652462652464,0.8300000000000001,3.6439301315883834,3.8663526577889504
25.000000000000085,-0.8242263745283451,1500.6930349896998,507.41087654319057,-0.1745,64.53785233499052,-5.874576527929946,0.165,3.6439301315883834,3.8663526577889504
25.100000000000087,-1.057418267597665,1507.147987129443,506.92626542722536,-0.06225,64.56119045987614,-3.8176457913736828,0.8300000000000001,3.6439301315883834,3.8663526577889504
25.200000000000088,-1.2180536680723342,1513.6010627026983,506.5069539193677,-0.1745,64.50032100523006,-4.56858436578015,0.165,3.6439301315883834,3.8663526577889504
25.30000000000009,-1.328530904907665,1520.0499787124077,506.0241776499802,-0.1745,64.47799918895832,-5.086941021969923,0.165,3.6439301315883834,3.8663526577889504
25.40000000000009,-1.4044032299715103,1526.4979407101332,505.49758973232525,-0.1745,64.48124076555136,-5.444817331128268,0.165,3.6439301315883834,3.8663526577889504
25.500000000000092,-1.4564399618205908,1532.9470822370615,504.94074674887236,-0.1745,64.50158977301338,-5.692042337929349,0.165,3.6439301315883834,3.8663526577889504
25.600000000000094,-1.4920805594925204,1539.3988341437937,504.36299241511455,-0.1745,64.53344836163116,-5.863044337227043,0.165,3.6439301315883834,3.8663526577889504
25.700000000000095,-1.5164547182212615,1545.854159956111,503.7707608243619,-0.1745,64.57306788471561,-5.981587477825408,0.165,3.6439301315883834,3.8663526577889504
25.800000000000097,-1.5330943525874576,1552.313709247112,503.16847862683244,-0.1745,64.61791793530298,-6.064056472763752,0.165,3.6439301315883834,3.8663526577889504
25.900000000000098,-1.5444284612667816,1558.7779191999884,502.559188994913,-0.1745,64.66628112222519,-6.121736165625261,0.165,3.6439301315883834,3.8663526577889504
26.0000000000001,-1.5521259732128456,1565.2470826360448,501.9449826027681,-0.1745,64.71698759890096,-6.1623916772725895,0.165,3.6439301315883834,3.8663526577889504
26.1000000000001,-1.5573326908306115,1571.7213939462627,501.32729492356276,-0.1745,64.76923860545593,-6.191361906834013,0.165,3.6439301315883834,3.8663526577889504
26.200000000000102,-1.5608347371454685,1578.200980274359,500.7071110761647,-0.1745,64.82248795647168,-6.212315041126992,0.165,3.6439301315883834,3.8663526577889504
26.300000000000104,-1.5631711423577017,1584.6859227655418,500.0851068334262,-0.1745,64.87636186718818,-6.227769813643379,0.165,3.6439301315883834,3.8663526577889504
26.400000000000105,-1.5647113088822868,1591.1762710811743,499.46174560648456,-0.1745,64.93060444546143,-6.239454725190064,0.165,3.6439301315883834,3.8663526577889504
26.500000000000107,-1.5665012631921176,1597.6720533289092,498.8373451023087,-0.1745,64.98504050923827,-6.248555358327731,0.165,3.6439301315883834,3.8663526577889504
26.600000000000108,-1.4162278652027025,1604.174907804952,498.21183664294483,-0.1745,65.07204901161947,-6.261613828949193,0.495,3.6439301315883834,3.8663526577889504
26.70000000000011,-1.4643178568084283,1610.686458684829,497.6100020208593,-0.1495,65.15896858592136,-5.775078612760797,0.165,3.6439301315883834,3.8663526577889504
26.80000000000011,-1.497104933503854,1617.2039175550215,497.0245096576047,-0.1745,65.19020881792869,-5.934768652331293,0.165,3.6439301315883834,3.8663526577889504
26.900000000000112,-1.5194293703511934,1623.7248667078138,496.4255218063471,-0.1745,65.22877423792015,-6.04498837282141,0.165,3.6439301315883834,3.8663526577889504
27.000000000000114,-1.5346066793597064,1630.249918040628,495.81720440709773,-0.1745,65.27225241836365,-6.121359612166091,0.165,3.6439301315883834,3.8663526577889504
27.100000000000115,-1.5449054809845797,1636.7794812869427,495.2024070980319,-0.1745,65.31901250793003,-6.174586569149926,0.165,3.6439301315883834,3.8663526577889504
27.200000000000117,-1.551876705526967,1643.313829327225,494.58307789919587,-0.1745,65.36794829771814,-6.211997407571118,0.165,3.6439301315883834,3.8663526577889504
27.300000000000118,-1.4058155094270428,1649.8531421330777,493.96054776674725,-0.1745,65.41830781933366,-6.238605241400709,0.165,3.6439301315883834,3.8663526577889504
27.40000000000012,-1.4571668769682415,1656.4008522012552,493.3603152257156,-0.1495,65.53589354421855,-5.7660455792313625,0.495,3.6439301315883834,3.8663526577889504
27.50000000000012,-1.4920961009071076,1662.9558501148783,492.7751577085327,-0.1745,65.56406472824115,-5.937104764427335,0.165,3.6439301315883834,3.8663526577889504
27.600000000000122,-1.5158273745076076,1669.5140629237471,492.17556418875347,-0.1745,65.6001914491344,-6.054765631156646,0.165,3.6439301315883834,3.8663526577889504
27.700000000000124,-1.5319296669730462,1676.0761545803716,491.56602639271455,-0.1745,65.64164168335485,-6.1359902896215,0.165,3.6439301315883834,3.8663526577889504
27.800000000000125,-1.5428384583180275,1682.6425687887884,490.9496084034308,-0.1745,65.68664248498118,-6.192369496054385,0.165,3.6439301315883834,3.8663526577889504
27.900000000000126,-1.5502142457714776,1689.2136006746284,490.3283990993358,-0.1745,65.73399523181844,-6.231816585844979,0.165,3.6439301315883834,3.8663526577889504
28.000000000000128,-1.5551883088958176,1695.789444819957,489.7038217649475,-0.1745,65.78288767475209,-6.2597301019203275,0.165,3.6439301315883834,3.8663526577889504
28.10000000000013,-1.5585308879369775,1702.3702276335423,489.07684573270853,-0.1745,65.8327685969519,-6.27979054285886,0.165,3.6439301315883834,3.8663526577889504
28.20000000000013,-1.5607661125379304,1708.9560292447445,488.4481309228989,-0.1745,65.88326362709188,-6.294505653334691,0.165,3.6439301315883834,3.8663526577889504
28.300000000000132,-1.5622504575216722,1715.5468983470364,487.81812647975335,-0.1745,65.93411841874406,-6.305583209576038,0.165,3.6439301315883834,3.8663526577889504
28.400000000000134,-1.5632262547295008,1722.1428622767646,487.1871380371773,-0.1745,65.985160175819,-6.314185641944784,0.165,3.6439301315883834,3.8663526577889504
28.500000000000135,-1.5638581655672095,1728.7439338628442,486.5553735642192,-0.1745,66.03627154577052,-6.321103817216851,0.165,3.6439301315883834,3.8663526577889504
28.600000000000136,-1.5642580247432867,1735.3501160842159,485.9229745948843,-0.1745,66.08737288166166,-6.326875569481712,0.165,3.6439301315883834,3.8663526577889504
28.700000000000138,-0.8770300164049007,1741.9614052373533,485.2900374914274,-0.1745,66.13841018108842,-6.331866499655747,0.165,3.6439301315883834,3.8663526577889504
28.80000000000014,-0.2583875922994615,1748.572851270442,484.7713857523591,-0.06225,66.09051048068632,-4.041168281710585,0.165,3.6439301315883834,3.8663526577889504
28.90000000000014,-0.3486757879440431,1755.1507757366396,484.555266691274,0.04999999999999999,65.46797884326648,-0.28121293999086117,0.495,3.6439301315883834,3.8663526577889504
29.000000000000142,-0.2526743568962395,1761.6953245464233,484.54191091281234,-0.06225,65.42299735240923,0.014097370756778083,0.165,3.6439301315883834,3.8663526577889504
29.100000000000144,-0.6679145116942459,1768.2231275418897,484.4453673582793,-0.1745,65.13306255691565,-1.944968461417576,0.165,3.6439301315883834,3.8663526577889504
29.200000000000145,-0.9540688474240178,1774.7280032669373,484.18358824912286,-0.1745,64.96445194403984,-3.290613721712013,0.165,3.6439301315883834,3.8663526577889504
29.300000000000146,-1.15088778576605,1781.219830445943,483.80822674908484,-0.1745,64.8720916360743,-4.216616279048885,0.165,3.6439301315883834,3.8663526577889504
29.400000000000148,-1.2860326428887925,1787.704881854254,483.3546897975272,-0.1745,64.82893653014385,-4.8541227521030565,0.165,3.6439301315883834,3.8663526577889504
29.50000000000015,-1.3786929162155275,1794.1872338294822,482.8473301794747,-0.1745,64.81810297442145,-5.293069608947696,0.165,3.6439301315883834,3.8663526577889504
29.60000000000015,-1.4421403602669454,1800.6695765259985,482.3029064580708,-0.1745,64.82875095590477,-5.595404819129042,0.165,3.6439301315883834,3.8663526577889504
29.700000000000152,-1.485530134943482,1807.1537031120479,481.7329447874709,-0.1745,64.85378076508123,-5.803828592869839,0.165,3.6439301315883834,3.8663526577889504
29.800000000000153,-1.5151645483824532,1813.6408159863004,481.14536564969296,-0.1745,64.88847671996754,-5.947754162688955,0.165,3.6439301315883834,3.8663526577889504
29.900000000000155,-1.5353749453192274,1820.1317236158407,480.54560691412854,-0.1745,64.92967587083871,-6.047420548599478,0.165,3.6439301315883834,3.8663526577889504
30.000000000000156,-1.5491342681878018,1826.6269695318128,479.9373989440148,-0.1745,64.97524244860635,-6.116738853675705,0.165,3.6439301315883834,3.8663526577889504
30.100000000000158,-1.5584809816142,1833.1269180410961,479.32329893487946,-0.1745,65.02372773705792,-6.165261329031099,0.165,3.6439301315883834,3.8663526577889504
30.20000000000016,-1.5648116266203997,1839.6318117337491,478.7050587906634,-0.1745,65.07414611600196,-6.1995415552903,0.165,3.6439301315883834,3.8663526577889504
30.30000000000016,-1.5690822853239523,1846.1418103271908,478.08387808923334,-0.1745,65.1258257528308,-6.22407247331065,0.165,3.6439301315883834,3.8663526577889504
30.400000000000162,-1.5719470927518244,1852.6570170240814,477.46057784964967,-0.1745,65.17830818498253,-6.241932318362871,0.165,3.6439301315883834,3.8663526577889504
30.500000000000163,-1.573853347453581,1859.1774964520177,476.8357197910503,-0.1745,65.23128037374354,-6.25522885362534,0.165,3.6439301315883834,3.8663526577889504
30.600000000000165,-1.5751067551303692,1865.7032868977183,476.20968812000325,-0.1745,65.28452854026784,-6.265404567315087,0.165,3.6439301315883834,3.8663526577889504
30.700000000000166,-1.575916147736653,1872.2344086605058,475.58274558329424,-0.1745,65.33790671548441,-6.273446166865401,0.165,3.6439301315883834,3.8663526577889504
30.800000000000168,-1.426316968358226,1878.7708697601138,474.9550718612245,-0.1745,65.39131527667755,-6.280028274529148,0.165,3.6439301315883834,3.8663526577889504
30.90000000000017,-1.4745205994412636,1885.317613043732,474.3511180692199,-0.1495,65.54355039568844,-5.7990475655625096,0.8300000000000001,3.6439301315883834,3.8663526577889504
31.00000000000017,-1.507303575717073,1891.8734528434668,473.76317247903364,-0.1745,65.57324559900376,-5.9598642381633775,0.165,3.6439301315883834,3.8663526577889504
31.100000000000172,-1.5295734097799314,1898.432634572148,473.1616527153671,-0.1745,65.61038897461982,-6.070531035167796,0.165,3.6439301315883834,3.8663526577889504
31.200000000000173,-1.544681960188497,1904.9957797497084,472.5507770047479,-0.1745,65.65251457659215,-6.1469831772163435,0.165,3.6439301315883834,3.8663526577889504
31.300000000000175,-1.5549161198295707,1911.5633034884358,471.93342245974065,-0.1745,65.6979601979578,-6.200107722928525,0.165,3.6439301315883834,3.8663526577889504
31.400000000000176,-1.5618348323896756,1918.1354815779848,471.31155025494076,-0.1745,65.7456015930204,-6.2373363730691604,0.165,3.6439301315883834,3.8663526577889504
31.500000000000178,-1.5665000430973064,1924.7124954932845,470.68649651777844,-0.1745,65.79467671297215,-6.263738370177053,0.165,3.6439301315883834,3.8663526577889504
31.60000000000018,-1.5696346955896046,1931.294462745666,470.05917113601134,-0.1745,65.84466833465727,-6.282769265165128,0.165,3.6439301315883834,3.8663526577889504
31.70000000000018,-1.5717306789706287,1937.8814574201417,469.4301935100209,-0.1745,65.89522515485764,-6.296783254643792,0.165,3.6439301315883834,3.8663526577889504
31.800000000000182,-1.573122504216784,1944.4735241029825,468.7999851787034,-0.1745,65.94610850195855,-6.30738337170568,0.165,3.6439301315883834,3.8663526577889504
31.900000000000183,-1.5740375484544809,1951.0706873400425,468.16883297827275,-0.1745,65.99715623924068,-6.315660636907743,0.165,3.6439301315883834,3.8663526577889504
32.000000000000185,-1.5746302958026885,1957.6729580652948,467.5369320835334,-0.1745,66.0482582658062,-6.322357257879866,0.165,3.6439301315883834,3.8663526577889504
32.100000000000186,-1.5750056581326544,1964.2803379720256,466.9044153242396,-0.1745,66.09933986880893,-6.327977927995302,0.165,3.6439301315883834,3.8663526577889504
32.20000000000019,-1.575234849909772,1970.8928224856145,466.2713731434896,-0.1745,66.15035040297145,-6.332865687004677,0.165,3.6439301315883834,3.8663526577889504
32.30000000000019,-1.5753661891913873,1977.5104027852624,465.63786717909704,-0.1745,66.20125558998768,-6.337253600845867,0.165,3.6439301315883834,3.8663526577889504
32.40000000000019,-1.5754324430936548,1984.1330671787484,465.00393950147406,-0.1745,66.25203227973486,-6.3412999516136095,0.165,3.6439301315883834,3.8663526577889504
32.50000000000019,-1.5754558210630834,1990.7608020370587,464.3696188944719,-0.1745,66.30266488647057,-6.345112188429834,0.165,3.6439301315883834,3.8663526577889504
32.60000000000019,-1.5754513677497588,1997.3935924296259,463.7349251239632,-0.1745,66.3531429648734,-6.348763221744503,0.165,3.6439301315883834,3.8663526577889504
32.700000000000195,-1.5754292674783488,2004.0314225559573,463.0998718376738,-0.1745,66.40345956175345,-6.352302504044087,0.165,3.6439301315883834,3.8663526577889504
32.800000000000196,-1.5753964088333907,2010.674276038822,462.46446853437016,-0.1745,66.45361009553983,-6.355763562028125,0.165,3.6439301315883834,3.8663526577889504
32.9000000000002,-1.5753574464867097,2017.3221361233389,461.82872190054,-0.1745,66.50359159479692,-6.35916911457475,0.165,3.6439301315883834,3.8663526577889504
33.0000000000002,-1.5753155215365868,2023.974985812124,461.1926367173661,-0.1745,66.55340218090805,-6.362534548903747,0.165,3.6439301315883834,3.8663526577889504
33.1000000000002,-0.8825115445931396,2030.6328079570073,460.5562164758871,-0.1745,66.60304071675988,-6.365870280676271,0.165,3.6439301315883834,3.8663526577889504
33.2000000000002,-1.1069490884712914,2037.2906872530218,460.0358989478564,-0.06225,66.55454520352943,-4.040480279937325,0.165,3.6439301315883834,3.8663526577889504
33.3000000000002,-1.2593007528104527,2043.9427655088257,459.59462558647385,-0.1745,66.4870199125461,-4.78498694771361,0.165,3.6439301315883834,3.8663526577889504
33.400000000000205,-1.362578234961288,2050.5900720794134,459.09081618327343,-0.1745,66.45911149920381,-5.291201116295291,0.165,3.6439301315883834,3.8663526577889504
33.500000000000206,-1.4325092839796174,2057.235883992062,458.5444816281923,-0.1745,66.45712675376858,-5.635489985328254,0.165,3.6439301315883834,3.8663526577889504
33.60000000000021,-1.4798149447422437,2063.88235330991,457.96921622991755,-0.1745,66.47225960318622,-5.86981798016667,0.165,3.6439301315883834,3.8663526577889504
33.70000000000021,-1.5117877430093398,2070.5309039928134,457.3742485151687,-0.1745,66.49875405488397,-6.029536314810435,0.165,3.6439301315883834,3.8663526577889504
33.80000000000021,-1.5333798006171564,2077.1824819603326,456.7658380724109,-0.1745,66.53280529550149,-6.138672540345433,0.165,3.6439301315883834,3.8663526577889504
33.90000000000021,-1.5479495677834598,2083.8377161732546,456.14822739241936,-0.1745,66.57187896293668,-6.213541059484487,0.165,3.6439301315883834,3.8663526577889504
34.00000000000021,-1.557772359635946,2090.497024033918,455.5242899048649,-0.1745,66.6142782503353,-6.265208691604784,0.165,3.6439301315883834,3.8663526577889504
34.100000000000215,-1.5643884080387458,2097.160681110169,454.89597064935367,-0.1745,66.65886327468642,-6.301176418618956,0.165,3.6439301315883834,3.8663526577889504
34.200000000000216,-1.5688396311080235,2103.828867605842,454.26458559072296,-0.1745,66.70486663876302,-6.326524753994842,0.165,3.6439301315883834,3.8663526577889504
34.30000000000022,-1.5718304399264673,2110.501699490012,453.63102471820366,-0.1745,66.75177104464161,-6.344692696391639,0.165,3.6439301315883834,3.8663526577889504
34.40000000000022,-1.5738368187316047,2117.1792494195515,452.99588974105524,-0.1745,66.79922754615248,-6.3580068465768065,0.165,3.6439301315883834,3.8663526577889504
34.50000000000022,-1.5751802459813813,2123.8615608320415,452.3595873757272,-0.1745,66.84700070364465,-6.368040459983844,0.165,3.6439301315883834,3.8663526577889504
34.60000000000022,-1.5760777499485679,2130.548657451241,451.7223925079765,-0.1745,66.89493168034298,-6.375856895029594,0.165,3.6439301315883834,3.8663526577889504
34.70000000000022,-1.5766757818356802,2137.24054970349,451.0844909350095,-0.1745,66.94291336463456,-6.382174564310306,0.165,3.6439301315883834,3.8663526577889504
34.800000000000225,-1.5770731251978798,2143.9372390507274,450.44600827515796,-0.1745,66.99087358010856,-6.387478632720335,0.165,3.6439301315883834,3.8663526577889504
34.900000000000226,-1.5773363825368594,2150.6387209170625,449.80702951277357,-0.1745,67.03876374659728,-6.392096614967361,0.165,3.6439301315883834,3.8663526577889504
35.00000000000023,-1.5775104393160178,2157.344986665395,449.1676122062442,-0.1745,67.08655122005331,-6.3962495156197186,0.165,3.6439301315883834,3.8663526577889504
35.10000000000023,-1.5776255312648335,2164.056024932258,448.5277954100237,-0.1745,67.13421411720776,-6.400086408790501,0.165,3.6439301315883834,3.8663526577889504
35.20000000000023,-1.5777020156124286,2170.7718225290787,447.88760569907384,-0.1745,67.18173781920646,-6.403707810206405,0.165,3.6439301315883834,3.8663526577889504
35.30000000000023,-1.5785289840247565,2177.4923650505348,447.2470612351771,-0.1745,67.22911260991424,-6.407181467728251,0.165,3.6439301315883834,3.8663526577889504
35.40000000000023,-1.5782224452848326,2184.219262227307,446.605888044527,-0.1745,67.3088309255299,-6.416282345274508,0.495,3.6439301315883834,3.8663526577889504
35.500000000000234,-1.5780196677429958,2190.9525010531747,445.9641527164438,-0.1745,67.35594559182411,-6.418424216389018,0.165,3.6439301315883834,3.8663526577889504
35.600000000000236,-1.5778876140929523,2197.6904404155366,445.32218681368704,-0.1745,67.40284165541534,-6.420893838745838,0.165,3.6439301315883834,3.8663526577889504
35.70000000000024,-1.5778040705110303,2204.433059300563,444.6799630679885,-0.1745,67.44953604511083,-6.423581075224103,0.165,3.6439301315883834,3.8663526577889504
35.80000000000024,-1.577754103528584,2211.1803381174623,444.0374634222183,-0.1745,67.49604029287526,-6.4264118401805135,0.165,3.6439301315883834,3.8663526577889504
35.90000000000024,-1.5777276750641855,2217.932258246931,443.39467601444153,-0.1745,67.54236229649996,-6.4293363153551155,0.165,3.6439301315883834,3.8663526577889504
36.00000000000024,-1.5777180376048454,2224.6888017371357,442.7515931480819,-0.1745,67.5885075075957,-6.432321011837721,0.165,3.6439301315883834,3.8663526577889504
36.10000000000024,-1.5777206547225653,2231.4499510991113,442.1082099262534,-0.1745,67.6344797319153,-6.435343424732416,0.165,3.6439301315883834,3.8663526577889504
36.200000000000244,-1.5777324752160329,2238.2156891691216,441.46452333326727,-0.1745,67.68028166828684,-6.438388434989786,0.165,3.6439301315883834,3.8663526577889504
36.300000000000246,-1.5777514452077548,2244.985999016105,440.82053161710775,-0.1745,67.7259152713822,-6.441445888200431,0.165,3.6439301315883834,3.8663526577889504
36.40000000000025,-1.5777761803050678,2251.7608638794645,440.17623387440017,-0.1745,67.77138199580959,-6.444508965951055,0.165,3.6439301315883834,3.8663526577889504
36.50000000000025,-1.5778057453917542,2258.5402671272695,439.53162977156774,-0.1745,67.81668296028955,-6.44757309069752,0.165,3.6439301315883834,3.8663526577889504
36.60000000000025,-1.5778395067670603,2265.324192228186,438.8867193575505,-0.1745,67.86181905803689,-6.450635189647371,0.165,3.6439301315883834,3.8663526577889504
36.70000000000025,-1.5778770328979905,2272.112622732635,438.2415029380613,-0.1745,67.90679103094567,-6.453693200136541,0.165,3.6439301315883834,3.8663526577889504
36.80000000000025,-1.5779180278252674,2278.9055422601537,437.59598099118483,-0.1745,67.9515995194275,-6.456745737392854,0.165,3.6439301315883834,3.8663526577889504
36.900000000000254,-1.577962286495032,2285.702934490919,436.9501541107425,-0.1745,67.99624509587947,-6.459791871453184,0.165,3.6439301315883834,3.8663526577889504
37.000000000000256,-1.5780096648076558,2292.50478316007,436.30402296829857,-0.1745,68.04072828714943,-6.462830977425493,0.165,3.6439301315883834,3.8663526577889504
37.10000000000026,-1.5788289840622616,2299.311072053908,435.65758828767645,-0.1745,68.08504958960862,-6.465862635016683,0.165,3.6439301315883834,3.8663526577889504
37.20000000000026,-1.578543576636827,2306.123409949577,435.01056436187685,-0.1745,68.1617083237652,-6.474615880975704,0.495,3.6439301315883834,3.8663526577889504
37.30000000000026,-1.5783745214815053,2312.9417834069673,434.36301000129936,-0.1745,68.20576082404564,-6.476471330573842,0.165,3.6439301315883834,3.8663526577889504
37.40000000000026,-1.5782840234440763,2319.76455121378,433.71525129900726,-0.1745,68.24959531221005,-6.4787027152677155,0.165,3.6439301315883834,3.8663526577889504
37.50000000000026,-1.579014095054832,2326.591692551374,433.067257044145,-0.1745,68.29323143966123,-6.481182381978058,0.165,3.6439301315883834,3.8663526577889504
37.600000000000264,-1.5786754879998435,2333.424813189932,432.418720207712,-0.1745,68.36918133150031,-6.489554346681475,0.495,3.6439301315883834,3.8663526577889504
37.700000000000266,-1.5784756052232252,2340.2638977375573,431.7696854022222,-0.1745,68.4125096210025,-6.491141763115139,0.165,3.6439301315883834,3.8663526577889504
37.80000000000027,-1.5783690356983313,2347.1073037301007,431.1204691871455,-0.1745,68.45561022986537,-6.493182538418536,0.165,3.6439301315883834,3.8663526577889504
37.90000000000027,-1.5783254961208228,2353.9550095806926,430.4710339200365,-0.1745,68.49850678197342,-6.495522803760299,0.165,3.6439301315883834,3.8663526577889504
38.00000000000027,-1.5783247959426268,2360.8069956792315,429.82135478473145,-0.1745,68.54121518880332,-6.498059902341439,0.165,3.6439301315883834,3.8663526577889504
38.10000000000027,-1.5783534760350366,2367.6632437492103,429.17141552126833,-0.1745,68.58374621077103,-6.500725366921156,0.165,3.6439301315883834,3.8663526577889504
38.20000000000027,-1.578402565382599,2374.5237364182135,428.52120557552155,-0.1745,68.62610716929123,-6.50347354801462,0.165,3.6439301315883834,3.8663526577889504
38.300000000000274,-1.5784660844195049,2381.388456931211,427.87071819714686,-0.1745,68.6683030906549,-6.506274019479695,0.165,3.6439301315883834,3.8663526577889504
38.400000000000276,-1.5785400468286568,2388.2573889592427,427.21994917075176,-0.1745,68.71033746997853,-6.509106508421832,0.165,3.6439301315883834,3.8663526577889504
38.50000000000028,-1.419445039612658,2395.1305164718024,426.56889596975685,-0.1745,68.75221278121931,-6.511957511475824,0.165,3.6439301315883834,3.8663526577889504
38.60000000000028,-1.4730473152224572,2402.0114967398404,425.94483665409666,-0.1495,68.86739257953644,-5.969228801727426,0.495,3.6439301315883834,3.8663526577889504
38.70000000000028,-1.5086901601105218,2408.898909301882,425.3386165217817,-0.1745,68.88085866129597,-6.155173844571453,0.165,3.6439301315883834,3.8663526577889504
38.80000000000028,-1.5323896419772842,2415.788137317333,424.71687234198566,-0.1745,68.90370164772648,-6.279709751350054,0.165,3.6439301315883834,3.8663526577889504
38.90000000000028,-1.548152703301804,2422.679956242882,424.0847172706098,-0.1745,68.93267686325198,-6.36339167616697,0.165,3.6439301315883834,3.8663526577889504
39.000000000000284,-1.5586454243376098,2429.5748727986415,423.4455521939944,-0.1745,68.96565425194542,-6.41990985614172,0.165,3.6439301315883834,3.8663526577889504
39.100000000000286,-1.5656403162895431,2436.4732170047564,422.80163793170397,-0.1745,69.00122987035256,-6.458375389667163,0.165,3.6439301315883834,3.8663526577889504
39.20000000000029,-1.5703150592462345,2443.375202298487,422.15447676438436,-0.1745,69.03847600425715,-6.48484795672451,0.165,3.6439301315883834,3.8663526577889504
39.30000000000029,-1.5734517023123873,2450.280965032553,421.5050665887469,-0.1745,69.07677867706646,-6.503355556024678,0.165,3.6439301315883834,3.8663526577889504
39.40000000000029,-1.5755693322107094,2457.1905905264016,420.85407009081035,-0.1745,69.11573119990724,-6.516574402705879,0.165,3.6439301315883834,3.8663526577889504
39.50000000000029,-1.5770123508058993,2464.1041302909202,420.2019272794739,-0.1745,69.15506409046851,-6.526281824022772,0.165,3.6439301315883834,3.8663526577889504
39.60000000000029,-1.5780091727485401,2471.021613434768,419.5489303023903,-0.1745,69.19459878648276,-6.5336577176492545,0.165,3.6439301315883834,3.8663526577889504
39.700000000000294,-1.5787112320134187,2477.9430542246987,418.8952731622258,-0.1745,69.23421701213073,-6.539485085641343,0.165,3.6439301315883834,3.8663526577889504
39.800000000000296,-1.5792188902190234,2484.868457099223,418.2410847398206,-0.1745,69.27384047835466,-6.5442833624626315,0.165,3.6439301315883834,3.8663526577889504
39.9000000000003,-1.5795986375723794,2491.7978199942004,417.5864507207147,-0.1745,69.31341742118512,-6.548397019655345,0.165,3.6439301315883834,3.8663526577889504
40.0000000000003,-1.5798945083482285,2498.7311365488235,416.93142814848704,-0.1745,69.35291367128147,-6.552054424898246,0.165,3.6439301315883834,3.8663526577889504
40.1000000000003,-1.5801356540397207,2505.6683975688184,416.27605508091443,-0.1745,69.39230672861363,-6.5554069265539,0.165,3.6439301315883834,3.8663526577889504
40.2000000000003,-1.5803413657163294,2512.6095919968034,415.62035699469055,-0.1745,69.4315818310824,-6.5585547979241055,0.165,3.6439301315883834,3.8663526577889504
40.3000000000003,-1.5805244036293842,2519.554707555677,414.96435103214026,-0.1745,69.47072934639034,-6.561564453081876,0.165,3.6439301315883834,3.8663526577889504
40.400000000000304,-1.5806932038736554,2526.5037311751007,414.30804881613767,-0.1745,69.50974304208826,-6.56447986697032,0.165,3.6439301315883834,3.8663526577889504
40.500000000000306,-1.5808533403596856,2533.4566492741237,413.6514583153674,-0.1745,69.54861893836802,-6.567330148434954,0.165,3.6439301315883834,3.8663526577889504
40.60000000000031,-1.581008493102619,2540.413447948417,412.99458507991926,-0.1745,69.58735454749329,-6.570134560527814,0.165,3.6439301315883834,3.8663526577889504
40.70000000000031,-1.5811610893349815,2547.3741130942767,412.33743305951776,-0.1745,69.62594836969879,-6.572905847502086,0.165,3.6439301315883834,3.8663526577889504
40.80000000000031,-1.5813127278610946,2554.3386304907203,411.68000514519554,-0.1745,69.66439955917022,-6.575652438942236,0.165,3.6439301315883834,3.8663526577889504
40.90000000000031,-1.582221117616971,2561.306985853818,411.0223035277714,-0.1745,69.7027077027846,-6.57837990954042,0.165,3.6439301315883834,3.8663526577889504
41.00000000000031,-1.5820414643996104,2568.2807898148617,410.364043469023,-0.1745,69.77337151809363,-6.586821265427923,0.495,3.6439301315883834,3.8663526577889504
41.100000000000314,-1.5819769296647839,2575.2600306332083,409.70528464535715,-0.1745,69.81144484883787,-6.588355207888312,0.165,3.6439301315883834,3.8663526577889504
41.200000000000315,-1.5819889883648741,2582.2430686597268,409.0463532646138,-0.1745,69.84931568153264,-6.590272406978645,0.165,3.6439301315883834,3.8663526577889504
41.30000000000032,-1.5820522263425896,2589.229884678056,408.3872176653744,-0.1745,69.88700468504643,-6.592439577809552,0.165,3.6439301315883834,3.8663526577889504
41.40000000000032,-1.5821498817145587,2596.220461194766,407.72785724825764,-0.1745,69.92452564915345,-6.594768764526127,0.165,3.6439301315883834,3.8663526577889504
41.50000000000032,-1.5822709008606426,2603.214781868206,407.0682587129231,-0.1745,69.9618878196462,-6.5972019421644585,0.165,3.6439301315883834,3.8663526577889504
41.60000000000032,-1.5824079950588348,2610.2128311312777,406.40841357364246,-0.1745,69.9990974417864,-6.59970084344913,0.165,3.6439301315883834,3.8663526577889504
41.70000000000032,-1.582556358025498,2617.2145939423717,405.74831651949256,-0.1745,70.03615878009904,-6.602240239548362,0.165,3.6439301315883834,3.8663526577889504
41.800000000000324,-1.5827128198446683,2624.2200556209737,405.0879643323442,-0.1745,70.07307479193555,-6.604803503418712,0.165,3.6439301315883834,3.8663526577889504
41.900000000000325,-1.5828752889570072,2631.2292017391806,404.42735517311394,-0.1745,70.10984757220578,-6.607379681186269,0.165,3.6439301315883834,3.8663526577889504
42.00000000000033,-1.5830423842408845,2638.242018050137,403.76648811107725,-0.1745,70.14647864692469,-6.609961559547461,0.165,3.6439301315883834,3.8663526577889504
42.10000000000033,-1.5832131924994957,2645.2584904408286,403.1053628135588,-0.1745,70.18296916690721,-6.612544390820728,0.165,3.6439301315883834,3.8663526577889504
42.20000000000033,-1.5833871086555522,2652.278604900951,402.44397934141267,-0.1745,70.21932003553626,-6.615125052102494,0.165,3.6439301315883834,3.8663526577889504
42.30000000000033,-1.583563730477133,2659.302347502379,401.7823380142634,-0.1745,70.25553199301672,-6.617701490883091,0.165,3.6439301315883834,3.8663526577889504
42.40000000000033,-1.5837427892467468,2666.3297043856255,401.12043932173736,-0.1745,70.29160567191732,-6.620272359638057,0.165,3.6439301315883834,3.8663526577889504
42.500000000000334,-1.5839241041147842,2673.36066175091,400.45828386500307,-0.1745,70.3275416337732,-6.622836775048103,0.165,3.6439301315883834,3.8663526577889504
42.600000000000335,-1.5841075520549914,2680.3952058522586,399.7958723182813,-0.1745,70.36334039319915,-6.625394159387089,0.165,3.6439301315883834,3.8663526577889504
42.70000000000034,-1.5842930480947437,2687.433322993607,399.13320540350855,-0.1745,70.3990024337697,-6.627944136067647,0.165,3.6439301315883834,3.8663526577889504
42.80000000000034,-1.5844805323098865,2694.474999526219,398.4702838736616,-0.1745,70.43452821847288,-6.630486460872124,0.165,3.6439301315883834,3.8663526577889504
42.90000000000034,-1.5846699612718513,2701.520221846972,397.80710850178343,-0.1745,70.46991819658929,-6.63302097669027,0.165,3.6439301315883834,3.8663526577889504
43.00000000000034,-1.5848613024242932,2708.5689763972123,397.1436800737621,-0.1745,70.5051728082164,-6.635547583736853,0.165,3.6439301315883834,3.8663526577889504
43.10000000000034,-1.5850545303867793,2715.621249661985,396.47999938357725,-0.1745,70.54029248724257,-6.63806621996034,0.165,3.6439301315883834,3.8663526577889504
43.200000000000344,-1.5852496245257077,2722.677028169512,395.8160672301713,-0.1745,70.57527766330041,-6.6405768481588225,0.165,3.6439301315883834,3.8663526577889504
43.300000000000345,-1.5854465673583464,2729.7362984908295,395.15188441538794,-0.1745,70.61012876304876,-6.64307944750907,0.165,3.6439301315883834,3.8663526577889504
43.40000000000035,-1.5856453435044249,2736.7990472395327,394.48745174261256,-0.1745,70.64484621101268,-6.645574007998383,0.165,3.6439301315883834,3.8663526577889504
43.50000000000035,-1.585845938997499,2743.86526107159,393.82277001587437,-0.1745,70.679430430133,-6.6480605267653194,0.165,3.6439301315883834,3.8663526577889504
43.60000000000035,-1.5860483408326442,2750.9349266852028,393.1578400392513,-0.1745,70.71388184212495,-6.650539005695289,0.165,3.6439301315883834,3.8663526577889504
43.70000000000035,-1.5862525366693414,2758.008030820695,392.4926626164745,-0.1745,70.74820086771115,-6.653009449840871,0.165,3.6439301315883834,3.8663526577889504
43.80000000000035,-1.5864585146362487,2765.084560260419,391.82723855066325,-0.1745,70.78238792677219,-6.655471866384015,0.165,3.6439301315883834,3.8663526577889504
43.900000000000354,-1.5866662632028492,2772.16450182868,391.16156864414637,-0.1745,70.81644343844312,-6.657926263954147,0.165,3.6439301315883834,3.8663526577889504
44.000000000000355,-1.5868757710949788,2779.247842391661,390.49565369833965,-0.1745,70.85036782117439,-6.660372652180028,0.165,3.6439301315883834,3.8663526577889504
44.10000000000036,-0.8456107783663813,2786.334568857358,389.8294945136609,-0.1745,70.88416149276945,-6.662811041395031,0.165,3.6439301315883834,3.8663526577889504
44.20000000000036,-1.1013312375187314,2793.4202768101245,389.2955443156976,-0.06225,70.829997562555,-4.01619291787096,0.165,3.6439301315883834,3.8663526577889504
44.30000000000036,-1.269580264482795,2800.497689918784,388.84889601643084,-0.1745,70.71826461063858,-4.916773067464922,0.165,3.6439301315883834,3.8663526577889504
44.40000000000036,-1.3801658024360575,2807.5665640493726,388.32759633610516,-0.1745,70.65921800113549,-5.50922053904854,0.165,3.6439301315883834,3.8663526577889504
44.50000000000036,-1.4528040319700555,2814.6311969524777,387.7571813861272,-0.1745,70.63344006096864,-5.89907846051076,0.165,3.6439301315883834,3.8663526577889504
44.600000000000364,-1.5005044533099858,2821.6943147046873,387.15443900446115,-0.1745,70.62891498322686,-6.155769172809504,0.165,3.6439301315883834,3.8663526577889504
44.700000000000365,-1.5318341168250935,2828.7576635090923,386.5304015714578,-0.1745,70.63806110487148,-6.324979487257326,0.165,3.6439301315883834,3.8663526577889504
44.80000000000037,-1.5524259598814816,2835.8223681531867,385.89231462912096,-0.1745,70.65603177702123,-6.436759359479634,0.165,3.6439301315883834,3.8663526577889504
44.90000000000037,-1.5659794218106302,2842.8891548342085,385.2449337566732,-0.1745,70.6797018434139,-6.510858089475433,0.165,3.6439301315883834,3.8663526577889504
45.00000000000037,-1.5749219867680375,2849.9584921646783,384.5913785845365,-0.1745,70.70704476597892,-6.560245353258564,0.165,3.6439301315883834,3.8663526577889504
45.10000000000037,-1.5808454330584802,2857.0306814850223,383.9336946686428,-0.1745,70.73674164090491,-6.593432964616554,0.165,3.6439301315883834,3.8663526577889504
45.20000000000037,-1.5847929749867873,2864.1059151748295,383.27322281850866,-0.1745,70.76793215523898,-6.616004038065666,0.165,3.6439301315883834,3.8663526577889504
45.300000000000374,-1.5874480032424336,2871.1843145013104,382.61084166761646,-0.1745,70.80005437437934,-6.631618979777818,0.165,3.6439301315883834,3.8663526577889504
45.400000000000375,-1.5892580204504336,2878.2659542697265,381.9471268854104,-0.1745,70.83274099394262,-6.642676664342832,0.165,3.6439301315883834,3.8663526577889504
45.50000000000038,-1.5905159610319428,2885.3508789127227,381.2824556196752,-0.1745,70.86575186598263,-6.650748650361501,0.165,3.6439301315883834,3.8663526577889504
45.60000000000038,-1.5914135172141077,2892.439113005782,380.6170749788446,-0.1745,70.8989299952075,-6.656864166251393,0.165,3.6439301315883834,3.8663526577889504
45.70000000000038,-1.592076090981554,2899.530668145128,379.95114691764945,-0.1745,70.93217279171171,-6.66169705765153,0.165,3.6439301315883834,3.8663526577889504
45.80000000000038,-1.592585693557049,2906.625547448264,379.2847776462757,-0.1745,70.96541327101308,-6.665688369823579,0.165,3.6439301315883834,3.8663526577889504
45.90000000000038,-1.59299594304109,2913.723748499419,378.6180368930241,-0.1745,70.99860775208191,-6.669126695208689,0.165,3.6439301315883834,3.8663526577889504
46.000000000000384,-1.593341883639878,2920.8252652772744,377.9509705172707,-0.1745,71.0317278050323,-6.67220081985962,0.165,3.6439301315883834,3.8663526577889504
46.100000000000385,-1.5936464125172478,2927.930089416522,377.2836087658661,-0.1745,71.06475497992331,-6.6750342082326135,0.165,3.6439301315883834,3.8663526577889504
46.20000000000039,-1.593924485046806,2935.0382110333294,376.6159716762121,-0.1745,71.09767735622523,-6.677707584847525,0.165,3.6439301315883834,3.8663526577889504
46.30000000000039,-1.5941858656360859,2942.149619265358,375.94807261111214,-0.1745,71.13048728434691,-6.680273717152212,0.165,3.6439301315883834,3.8663526577889504
46.40000000000039,-1.594436926653667,2949.2643026249575,375.2799205707416,-0.1745,71.16317990764472,-6.68276709025865,0.165,3.6439301315883834,3.8663526577889504
46.50000000000039,-1.5946818245347467,2956.382249230109,374.61152170438436,-0.1745,71.19575219538835,-6.68521023688596,0.165,3.6439301315883834,3.8663526577889504
46.60000000000039,-1.5949232684910764,2963.5034469553875,373.942880298652,-0.1745,71.22820231018092,-6.687617877760161,0.165,3.6439301315883834,3.8663526577889504
46.700000000000394,-1.5951630228110225,2970.6278835306093,373.2739994233085,-0.1745,71.26052919425801,-6.689999629109816,0.165,3.6439301315883834,3.8663526577889504
46.800000000000395,-1.59540223499212,2977.7555466052722,372.6048813532189,-0.1745,71.29273229899755,-6.692361772682135,0.165,3.6439301315883834,3.8663526577889504
46.9000000000004,-1.596385881119308,2984.8864237906278,371.9355278439559,-0.1745,71.32481140810914,-6.69470841257779,0.165,3.6439301315883834,3.8663526577889504
47.0000000000004,-1.5962999589320228,2992.022127629363,371.2656538457789,-0.1745,71.38926536659358,-6.702771550962472,0.495,3.6439301315883834,3.8663526577889504
47.1000000000004,-1.5963293993488739,2999.162648201856,370.5953190647129,-0.1745,71.42114608327371,-6.7039240703573375,0.165,3.6439301315883834,3.8663526577889504
47.2000000000004,-0.8485343599124984,3006.30634758128,369.92484924683987,-0.1745,71.4528415052046,-6.705472287103601,0.165,3.6439301315883834,3.8663526577889504
47.3000000000004,-0.2017486237647412,3013.450529213764,369.3887701816673,-0.06225,71.43079114448143,-4.016109016346824,0.495,3.6439301315883834,3.8663526577889504
47.400000000000404,-0.5196923951749612,3020.5870803813023,369.103035869066,-0.03725,71.30023220628031,-1.698577235680017,0.165,3.6439301315883834,3.8663526577889504
47.500000000000405,-0.8915148249061902,3027.709659013568,368.87675890834305,-0.1495,71.15134043903552,-2.826961978778508,0.165,3.6439301315883834,3.8663526577889504
47.600000000000406,-1.1361621149188044,3034.815441920488,368.5283415791497,-0.1745,70.96431769936547,-4.1413846050881045,0.165,3.6439301315883834,3.8663526577889504
47.70000000000041,-1.296924352375704,3041.906581252317,368.0710405311405,-0.1745,70.85846893722308,-5.004636355095398,0.165,3.6439301315883834,3.8663526577889504
47.80000000000041,-1.4024634170853516,3048.9896548522206,367.5422151009178,-0.1745,70.80300306084683,-5.571872249358831,0.165,3.6439301315883834,3.8663526577889504
47.90000000000041,-1.471709493447661,3056.068773171252,366.9663858620456,-0.1745,70.77936331977601,-5.944712528085401,0.165,3.6439301315883834,3.8663526577889504
48.00000000000041,-1.5171356413694004,3063.1465439164394,366.3596537866608,-0.1745,70.77605158397144,-6.189928979611661,0.165,3.6439301315883834,3.8663526577889504
48.10000000000041,-1.5469444450930898,3070.224636938601,365.7325868175127,-0.1745,70.7858088592671,-6.351410403350015,0.165,3.6439301315883834,3.8663526577889504
48.200000000000415,-1.5665221355706547,3077.3041271182906,365.09211691629986,-0.1745,70.80399473451648,-6.45798762090644,0.165,3.6439301315883834,3.8663526577889504
48.300000000000416,-1.5794016455925903,3084.385707762465,364.4427882953591,-0.1745,70.8276181489678,-6.5285847979092955,0.165,3.6439301315883834,3.8663526577889504
48.40000000000042,-1.5878983399759585,3091.46982570732,363.78757834188536,-0.1745,70.85474074813843,-6.575614271565025,0.165,3.6439301315883834,3.8663526577889504
48.50000000000042,-1.593528639252482,3098.556767846936,363.12843702314206,-0.1745,70.88410204418388,-6.607212103301631,0.165,3.6439301315883834,3.8663526577889504
48.60000000000042,-1.5972851849698384,3105.6467169789817,362.466640993277,-0.1745,70.91488059672527,-6.6287084939993655,0.165,3.6439301315883834,3.8663526577889504
48.70000000000042,-1.5998174719408245,3112.739788029212,361.8030258755826,-0.1745,70.94654040787658,-6.643593859888537,0.165,3.6439301315883834,3.8663526577889504
48.80000000000042,-1.6015503099069477,3119.836051624793,361.1381385343791,-0.1745,70.97873150374232,-6.654152964181797,0.165,3.6439301315883834,3.8663526577889504
48.900000000000425,-1.6027614559563554,3126.935549466159,360.47233684364323,-0.1745,71.01122532357574,-6.661880850535053,0.165,3.6439301315883834,3.8663526577889504
49.000000000000426,-1.6036324608550614,3134.03830436334,359.8058550263912,-0.1745,71.04387262004474,-6.667755494505834,0.165,3.6439301315883834,3.8663526577889504
49.10000000000043,-1.6042819559199866,3141.1443267934783,359.13884642951166,-0.1745,71.07657598271483,-6.67241644308542,0.165,3.6439301315883834,3.8663526577889504
49.20000000000043,-1.6047874358101866,3148.2536191870067,358.47141151689664,-0.1745,71.10927188785055,-6.67628180921456,0.165,3.6439301315883834,3.8663526577889504
49.30000000000043,-1.6051995080808068,3155.3661787296614,357.80361618315516,-0.1745,71.14191896524196,-6.67962486561451,0.165,3.6439301315883834,3.8663526577889504
49.40000000000043,-1.6055512117584376,3162.481999194261,357.1355037312521,-0.1745,71.17449032674716,-6.6826241724466175,0.165,3.6439301315883834,3.8663526577889504
49.50000000000043,-1.6058641094426187,3169.601072138102,356.4671027039429,-0.1745,71.20696855007657,-6.6853963737367215,0.165,3.6439301315883834,3.8663526577889504
49.600000000000435,-1.6061522689278207,3176.7233876855516,355.79843200283665,-0.1745,71.23934239891153,-6.6880176483874765,0.165,3.6439301315883834,3.8663526577889504
49.700000000000436,-1.6064248647536548,3183.8489350394266,355.1295042335889,-0.1745,71.27160467858462,-6.690537736568524,0.165,3.6439301315883834,3.8663526577889504
49.80000000000044,-1.6066878775690172,3190.9777028150756,354.46032789132244,-0.1745,71.30375083440121,-6.692989108759734,0.165,3.6439301315883834,3.8663526577889504
49.90000000000044,-1.6069452038808574,3198.109679258575,353.79090878798826,-0.1745,71.33577803558688,-6.695392957923782,0.165,3.6439301315883834,3.8663526577889504
50.00000000000044,-1.6071993805706455,3205.2448523891912,353.1212509843683,-0.1745,71.36768457674276,-6.697763114475522,0.165,3.6439301315883834,3.8663526577889504
50.10000000000044,-1.607452057782341,3212.383210092371,352.4513573984726,-0.1745,71.39946948685056,-6.700108603438737,0.165,3.6439301315883834,3.8663526577889504
50.20000000000044,-1.607704307493631,3219.5247401804095,351.7812302025869,-0.1745,71.43113227391952,-6.70243531427573,0.165,3.6439301315883834,3.8663526577889504
50.300000000000445,-1.6079568248143934,3226.6694304320185,351.1108710823229,-0.1745,71.46267275825998,-6.704747091005233,0.165,3.6439301315883834,3.8663526577889504
50.400000000000446,-1.6082100592712782,3233.817268618114,350.44028140558856,-0.1745,71.49409096365049,-6.70704644368111,0.165,3.6439301315883834,3.8663526577889504
50.50000000000045,-1.6084643004080912,3240.9682425186124,349.7694623327731,-0.1745,71.52538704631283,-6.709335012627386,0.165,3.6439301315883834,3.8663526577889504
50.60000000000045,-1.6087197335848065,3248.1223399333567,349.09841488857825,-0.1745,71.55656124857221,-6.711613871270326,0.165,3.6439301315883834,3.8663526577889504
50.70000000000045,-1.6089764763411258,3255.279548689217,348.4271400088331,-0.1745,71.58761386863004,-6.7138837236325495,0.165,3.6439301315883834,3.8663526577889504
50.80000000000045,-1.609234602088119,3262.4398566446907,347.7556385709966,-0.1745,71.61854524085139,-6.7161450330971455,0.165,3.6439301315883834,3.8663526577889504
50.90000000000045,-1.609494155539871,3269.603251692879,347.0839114140248,-0.1745,71.64935572291223,-6.71839810633902,0.165,3.6439301315883834,3.8663526577889504
51.000000000000455,-1.6097551627623488,3276.769721763396,346.41195935130685,-0.1745,71.68004568742087,-6.720643148019164,0.165,3.6439301315883834,3.8663526577889504
51.100000000000456,-1.6100176377153672,3283.9392548235896,345.739783179085,-0.1745,71.71061551645691,-6.722880296417263,0.165,3.6439301315883834,3.8663526577889504
51.20000000000046,-1.6102815865103581,3291.111838879313,345.06738368193214,-0.1745,71.74106559801213,-6.725109646639831,0.165,3.6439301315883834,3.8663526577889504
51.30000000000046,-1.6105470101807395,3298.287461975397,344.39476163631355,-0.1745,71.77139632367096,-6.727331265732098,0.165,3.6439301315883834,3.8663526577889504
51.40000000000046,-1.6108139064839464,3305.4661121959357,343.72191781290115,-0.1745,71.80160808709866,-6.729545202515402,0.165,3.6439301315883834,3.8663526577889504
51.50000000000046,-1.6125734714267803,3312.6477776644433,343.0488529780759,-0.1745,71.83170128305572,-6.731751493989251,0.165,3.6439301315883834,3.8663526577889504
51.60000000000046,-1.6121901306392274,3319.835721048721,342.37499062252425,-0.1745,71.92716640250185,-6.745495617043146,0.8300000000000001,3.6439301315883834,3.8663526577889504
51.700000000000465,-1.613527645602769,3327.029935474571,341.70044962391086,-0.1745,71.95712211450426,-6.745324355224911,0.165,3.6439301315883834,3.8663526577889504
51.800000000000466,-1.6128754483794494,3334.2304078213306,341.02530760519744,-0.1745,72.05232482068774,-6.7575160190431065,0.8300000000000001,3.6439301315883834,3.8663526577889504
51.90000000000047,-1.6125527233248342,3341.437120937062,340.3496155246969,-0.1745,72.08193749394383,-6.7563255909680295,0.165,3.6439301315883834,3.8663526577889504
52.00000000000047,-1.6124438568304045,3348.6467805643947,339.6739841422109,-0.1745,72.1112550527068,-6.756302058752655,0.165,3.6439301315883834,3.8663526577889504
52.10000000000047,-1.612473942888225,3355.859360383853,338.99831744290407,-0.1745,72.14034133646057,-6.7570319273833785,0.165,3.6439301315883834,3.8663526577889504
52.20000000000047,-1.6125944595723323,3363.07483934443,338.3225534867478,-0.1745,72.16923787507956,-6.758247195742282,0.165,3.6439301315883834,3.8663526577889504
52.30000000000047,-1.614259335952012,3370.2931998243994,337.6466524167999,-0.1745,72.19797172431012,-6.759774203215432,0.165,3.6439301315883834,3.8663526577889504
52.400000000000475,-1.613826963432974,3377.5177009430345,336.9700114118766,-0.1745,72.29205064839272,-6.773045895250348,0.8300000000000001,3.6439301315883834,3.8663526577889504
52.500000000000476,-1.613651204733929,3384.7483336580312,336.29273244870785,-0.1745,72.32060365154148,-6.772533368124396,0.165,3.6439301315883834,3.8663526577889504
52.60000000000048,-1.6136417892918167,3391.981809047622,335.6154592618045,-0.1745,72.34890414027355,-6.7729303699428325,0.165,3.6439301315883834,3.8663526577889504
52.70000000000048,-1.6137403406170852,3399.218104368082,334.9381170955466,-0.1745,72.37700226893084,-6.773912955215911,0.165,3.6439301315883834,3.8663526577889504
52.80000000000048,-1.6139091147906588,3406.457201012941,334.2606578696056,-0.1745,72.40493062824483,-6.775271563604095,0.165,3.6439301315883834,3.8663526577889504
52.90000000000048,-1.6141237125129395,3413.6990830661935,333.58305075832135,-0.1745,72.43271043680778,-6.776870662080992,0.165,3.6439301315883834,3.8663526577889504
53.00000000000048,-1.6151038233156692,3420.943736365647,332.9052760944152,-0.1745,72.46035555226634,-6.778622616041524,0.165,3.6439301315883834,3.8663526577889504
53.100000000000485,-1.6150463710283303,3428.192772838934,332.2270349588119,-0.1745,72.52037391347751,-6.786200096025641,0.495,3.6439301315883834,3.8663526577889504
53.200000000000486,-1.615116938344855,3435.446182631784,331.5483782717573,-0.1745,72.5478219435177,-6.786933645065318,0.165,3.6439301315883834,3.8663526577889504
53.30000000000049,-1.6152705596329562,3442.7023282906803,330.8696257569823,-0.1745,72.57509123441055,-6.788116650434429,0.165,3.6439301315883834,3.8663526577889504
53.40000000000049,-1.6154782073133367,3449.9611932056764,330.19074056212344,-0.1745,72.60220706550824,-6.789587246743203,0.165,3.6439301315883834,3.8663526577889504
53.50000000000049,-1.6157211457803053,3457.222762853807,329.5116991540066,-0.1745,72.62918589710293,-6.7912409155938285,0.165,3.6439301315883834,3.8663526577889504
53.60000000000049,-1.6159872840649536,3464.4870240731857,328.8324865989855,-0.1745,72.65603849046697,-6.793010184827979,0.165,3.6439301315883834,3.8663526577889504
53.70000000000049,-1.6162688201623747,3471.7539645939573,328.153093514289,-0.1745,72.6827719249646,-6.7948515091013695,0.165,3.6439301315883834,3.8663526577889504
53.800000000000495,-1.6165607199146137,3479.0235727352915,327.47351409917354,-0.1745,72.70939090171986,-6.796736793208394,0.165,3.6439301315883834,3.8663526577889504
53.900000000000496,-1.6168597349959994,3486.295837209675,326.79374486369625,-0.1745,72.73589858595082,-6.798647916337162,0.165,3.6439301315883834,3.8663526577889504
54.0000000000005,-1.617163769071863,3493.570746996527,326.1137838080983,-0.1745,72.76229715108485,-6.8005731956220306,0.165,3.6439301315883834,3.8663526577889504
54.1000000000005,-1.4481341213442087,3500.8482912605887,325.433629893184,-0.1745,72.78858813015073,-6.802505102663199,0.165,3.6439301315883834,3.8663526577889504
54.2000000000005,-1.5087608481350192,3508.1326282886243,324.78399541191624,-0.1495,72.89815243055997,-6.190184522692266,0.495,3.6439301315883834,3.8663526577889504
54.3000000000005,-1.5479229578344982,3515.422037943329,324.1539563311257,-0.1745,72.89004066353561,-6.4105970931190415,0.165,3.6439301315883834,3.8663526577889504
54.4000000000005,-1.5732481588389302,3522.7112467249867,323.5057632494161,-0.1745,72.89413496961845,-6.553264541073708,0.165,3.6439301315883834,3.8663526577889504
54.500000000000504,-1.5896595352176504,3530.0012527352396,322.8458093057808,-0.1745,72.90598523544278,-6.645814331631766,0.165,3.6439301315883834,3.8663526577889504
54.600000000000506,-1.6003315974955956,3537.2926902439494,322.17821505028917,-0.1745,72.92276493875339,-6.706070778200659,0.165,3.6439301315883834,3.8663526577889504
54.70000000000051,-1.6073099287784254,3544.5859619954695,321.5056351886489,-0.1745,72.94267009164537,-6.745526454604398,0.165,3.6439301315883834,3.8663526577889504
54.80000000000051,-1.6119119667007187,3551.8813227908267,320.82977948461905,-0.1745,72.96454581550283,-6.771587625992435,0.165,3.6439301315883834,3.8663526577889504
54.90000000000051,-1.6149858435983322,3559.17893265173,320.1517488446786,-0.1745,72.98765140256086,-6.789025172817276,0.165,3.6439301315883834,3.8663526577889504
55.00000000000051,-1.617077379489937,3566.4788907855327,319.4722520226982,-0.1745,73.01151127349627,-6.8009112667903,0.165,3.6439301315883834,3.8663526577889504
55.10000000000051,-1.6185377369295537,3573.7812573449814,318.79174527866485,-0.1745,73.03581991547544,-6.809223613877565,0.165,3.6439301315883834,3.8663526577889504
55.200000000000514,-1.619592783064117,3581.086067392784,318.1105223469691,-0.1745,73.06038104057868,-6.8152350200374565,0.165,3.6439301315883834,3.8663526577889504
55.300000000000516,-1.62038775992206,3588.393339872891,317.4287723742198,-0.1745,73.08506856155792,-6.819764434948465,0.165,3.6439301315883834,3.8663526577889504
55.40000000000052,-1.450871543646488,3595.703083377376,316.7466172190401,-0.1745,73.10980152814102,-6.823338668645834,0.165,3.6439301315883834,3.8663526577889504
55.50000000000052,-1.5122673329048455,3603.0195116803725,316.0951295700387,-0.1495,73.21876453178602,-6.206414311381822,0.495,3.6439301315883834,3.8663526577889504
55.60000000000052,-1.5518318277036183,3610.340886876684,315.46328643259636,-0.1745,73.20873939444938,-6.430448437464637,0.165,3.6439301315883834,3.8663526577889504
55.70000000000052,-1.577358407777898,3617.66188435181,314.8130111330883,-0.1745,73.21121010806274,-6.575057552696919,0.165,3.6439301315883834,3.8663526577889504
55.80000000000052,-1.5938643338073335,3624.983524965081,314.15082843749946,-0.1745,73.22160215735607,-6.66859635907967,0.165,3.6439301315883834,3.8663526577889504
55.900000000000524,-1.6045766601399427,3632.3064559669074,313.48093304935384,-0.1745,73.23701787917294,-6.729311403832325,0.165,3.6439301315883834,3.8663526577889504
56.000000000000526,-1.6115695841582705,3639.6310874975693,312.80602060679314,-0.1745,73.25561273406439,-6.768937447381269,0.165,3.6439301315883834,3.8663526577889504
56.10000000000053,-1.6161756155513536,3646.9576785803147,312.1278228548978,-0.1745,73.27620892084039,-6.79501759052623,0.165,3.6439301315883834,3.8663526577889504
56.20000000000053,-1.619250442423812,3654.2863916737765,311.4474520479498,-0.1745,73.29805294839642,-6.81239854843302,0.165,3.6439301315883834,3.8663526577889504
56.30000000000053,-1.6213433744389754,3661.6173274335615,310.76562244795906,-0.1745,73.32066224730707,-6.824193451381464,0.165,3.6439301315883834,3.8663526577889504
56.40000000000053,-1.6228069417586082,3668.9505469253595,310.08279270856195,-0.1745,73.34372758865426,-6.832401336560342,0.165,3.6439301315883834,3.8663526577889504
56.50000000000053,-1.6238673304598312,3676.286085844275,309.39925736580636,-0.1745,73.36705078965171,-6.838305518551659,0.165,3.6439301315883834,3.8663526577889504
56.600000000000534,-1.6246696294712117,3683.623963626708,308.71520560735854,-0.1745,73.3905048590023,-6.8427296504053166,0.165,3.6439301315883834,3.8663526577889504
56.700000000000536,-1.6253068866381164,3690.964189292888,308.0307590122193,-0.1745,73.41400846459825,-6.846202252380247,0.165,3.6439301315883834,3.8663526577889504
56.80000000000054,-1.625838762101547,3698.306765194302,307.34599577983073,-0.1745,73.43750956367815,-6.849062395391104,0.165,3.6439301315883834,3.8663526577889504
56.90000000000054,-1.6263035002949429,3705.651689417627,306.6609662816818,-0.1745,73.4609749028227,-6.851527567587711,0.165,3.6439301315883834,3.8663526577889504
57.00000000000054,-1.6267256119389066,3712.998957326847,305.9757030410229,-0.1745,73.4843832815796,-6.853737245590435,0.165,3.6439301315883834,3.8663526577889504
57.10000000000054,-1.4553899619348973,3720.348562552446,305.2902271356683,-0.1745,73.50772123039505,-6.855780861500641,0.165,3.6439301315883834,3.8663526577889504
57.20000000000054,-1.5175777964385804,3727.7031268508963,304.63614410289495,-0.1495,73.58356473861501,-6.225879793966529,0.165,3.6439301315883834,3.8663526577889504
57.300000000000544,-1.5575439561723567,3735.06087486428,304.00216221381885,-0.1745,73.57139552906,-6.453757987554843,0.165,3.6439301315883834,3.8663526577889504
57.400000000000546,-1.5832621954614399,3742.4180465858035,303.3494551410718,-0.1745,73.57203890141422,-6.600383467386097,0.165,3.6439301315883834,3.8663526577889504
57.50000000000055,-1.5998510300159303,3749.775687655852,302.6846902080177,-0.1745,73.58078249955355,-6.694915193696675,0.165,3.6439301315883834,3.8663526577889504
57.60000000000055,-1.610593130269937,3757.13445930663,302.0121413349518,-0.1745,73.5946505160089,-6.756062267621167,0.165,3.6439301315883834,3.8663526577889504
57.70000000000055,-1.617592366176782,3764.494779548117,301.3345471298739,-0.1745,73.6117543137285,-6.795821833937621,0.165,3.6439301315883834,3.8663526577889504
57.80000000000055,-1.6221964330070384,3771.8569118369346,300.65366187519754,-0.1745,73.63089146262223,-6.821883259589037,0.165,3.6439301315883834,3.8663526577889504
57.90000000000055,-1.6212684583774408,3779.221021157066,299.97060906448155,-0.1745,73.65129494000811,-6.839172954730739,0.165,3.6921993945729787,3.903799211432519
58.000000000000554,-1.6208026975286067,3786.587331472147,299.2868397541217,-0.1745,73.67491136161091,-6.836213252467376,0.165,3.6921993945729787,3.903799211432519
58.100000000000556,-1.6206329929732088,3793.955985739289,298.60328233715995,-0.1745,73.69817398123308,-6.834935086766762,0.165,3.6921993945729787,3.903799211432519
58.20000000000056,-1.620653014800233,3801.3269532887894,297.91979904785904,-0.1745,73.72117700876895,-6.834730699250986,0.165,3.6921993945729787,3.903799211432519
58.30000000000056,-1.6207947295895648,3808.7002111841675,297.23630196047355,-0.1745,73.74398089879382,-6.835211048459031,0.165,3.6921993945729787,3.903799211432519
58.40000000000056,-1.6210146142077007,3816.075741452943,296.55273505083096,-0.1745,73.76662447671724,-6.836127144393148,0.165,3.6921993945729787,3.903799211432519
58.50000000000056,-1.6212848298400984,3823.4535293124673,295.8690627105294,-0.1745,73.78913271376592,-6.837319661638128,0.165,3.6921993945729787,3.903799211432519
58.60000000000056,-1.6215875724654465,3830.8335620336393,295.1852623939238,-0.1745,73.81152170967715,-6.838686670474636,0.165,3.6921993945729787,3.903799211432519
58.700000000000564,-1.621911457180028,3838.2158282133587,294.501319911671,-0.1745,73.83380188470998,-6.840162974581871,0.165,3.6921993945729787,3.903799211432519
58.800000000000566,-1.6222492045770152,3845.6003173087884,293.8172264187963,-0.1745,73.85598002387893,-6.841706882912004,0.165,3.6921993945729787,3.903799211432519
58.90000000000057,-1.6225961605527703,3852.9870193392712,293.13297648752757,-0.1745,73.87806058577996,-6.843291742461999,0.165,3.6921993945729787,3.903799211432519
59.00000000000057,-1.4516325576169475,3860.3759246955788,292.44856687443286,-0.1745,73.90004654037303,-6.844900519432374,0.165,3.6921993945729787,3.903799211432519
59.10000000000057,-1.5154549995049087,3867.7729848345207,291.79539782915253,-0.1495,74.0411562384633,-6.218480386174518,0.8300000000000001,3.6921993945729787,3.903799211432519
59.20000000000057,-1.5547079813311138,3875.1796679703125,291.16150462305757,-0.1745,74.09250647737483,-6.459383735724793,0.8300000000000001,3.6921993945729787,3.903799211432519
59.30000000000057,-1.5798838020529518,3882.5888655764397,290.50832541179426,-0.1745,74.09144564517078,-6.6042004895417445,0.165,3.6921993945729787,3.903799211432519
59.400000000000574,-1.5960737269889467,3889.9983610526556,289.8432563922785,-0.1745,74.09846387914614,-6.697179900774323,0.165,3.6921993945729787,3.903799211432519
59.500000000000576,-0.8294905991560707,3897.408813068132,289.17054411346413,-0.1745,74.11057643038527,-6.757065675512674,0.165,3.6921993945729787,3.903799211432519
59.60000000000058,-1.1158172210278643,3904.816967122366,288.63783614757017,-0.06225,74.0525046542952,-3.8970936423668157,0.165,3.6921993945729787,3.903799211432519
59.70000000000058,-1.299753765229036,3912.2146082269073,288.1954894729415,-0.1745,73.90031743653023,-4.949839850206167,0.165,3.6921993945729787,3.903799211432519
59.80000000000058,-1.4178237482186198,3919.6003237974737,287.6667414398801,-0.1745,73.81399397479788,-5.625120811021819,0.165,3.6921993945729787,3.903799211432519
59.90000000000058,-1.4935914583301608,3926.97942874285,287.0825649757552,-0.1745,73.76810493272673,-6.058408471477273,0.165,3.6921993945729787,3.903799211432519
60.00000000000058,-1.54222643351652,3934.355203501305,286.4628183356718,-0.1745,73.74739023637277,-6.336524330191129,0.165,3.6921993945729787,3.903799211432519
60.100000000000584,-1.5734756321476513,3941.7296971870187,285.82023305360184,-0.1745,73.7424834779008,-6.515181311208134,0.165,3.6921993945729787,3.903799211432519
60.200000000000585,-1.5935928018441001,3949.104198867787,285.1629678875948,-0.1745,73.74755013747087,-6.630122008932847,0.165,3.6921993945729787,3.903799211432519
60.30000000000059,-1.6065861835562845,3956.479522413673,284.49624863340654,-0.1745,73.75892078024833,-6.704263074832396,0.165,3.6921993945729787,3.903799211432519
60.40000000000059,-1.6150228265520281,3963.856182122711,283.8234210495182,-0.1745,73.77427340051275,-6.752288602935058,0.165,3.6921993945729787,3.903799211432519
60.50000000000059,-1.6205458474179613,3971.2345024383917,283.14662648871314,-0.1745,73.7921329131089,-6.783602613166117,0.165,3.6921993945729787,3.903799211432519
60.60000000000059,-1.6242065175517129,3978.6146870833795,282.46723510529114,-0.1745,73.8115599866463,-6.804225055273923,0.165,3.6921993945729787,3.903799211432519
60.70000000000059,-1.6266772129869478,3985.9968628623824,281.7861234413194,-0.1745,73.83195559340754,-6.818008224161226,0.165,3.6921993945729787,3.903799211432519
60.800000000000594,-1.628387851761288,3993.381107513054,281.10385220202807,-0.1745,73.85293742002494,-6.827416561664713,0.165,3.6921993945729787,3.903799211432519
60.900000000000595,-1.6296132558000491,4000.767467453179,280.4207800612608,-0.1745,73.87426138247841,-6.834026253679822,0.165,3.6921993945729787,3.903799211432519
61.0000000000006,-1.6305290635635472,4008.1559691047746,279.73713649081583,-0.1745,73.89577164943363,-6.838845155219572,0.165,3.6921993945729787,3.903799211432519
61.1000000000006,-1.6312475018725823,4015.546626125514,279.0530683539555,-0.1745,73.91736876535494,-6.842517581986693,0.165,3.6921993945729787,3.903799211432519
61.2000000000006,-1.631840265243689,4022.9394440286683,278.3686697067791,-0.1745,73.93898929772944,-6.845455361541053,0.165,3.6921993945729787,3.903799211432519
61.3000000000006,-1.6323531455833122,4030.3344231352867,277.68400085500616,-0.1745,73.96059283464051,-6.847921673917191,0.165,3.6921993945729787,3.903799211432519
61.4000000000006,-1.6328153847044025,4037.7315604607975,276.99910053748795,-0.1745,73.98215367557627,-6.85008467644699,0.165,3.6921993945729787,3.903799211432519
61.500000000000604,-1.633245651981019,4045.1308509206137,276.31399371391365,-0.1745,74.00365552074749,-6.852051795038749,0.165,3.6921993945729787,3.903799211432519
61.600000000000605,-1.6336558642067565,4052.5322881004904,275.6286965417686,-0.1745,74.02508807678767,-6.853891647862646,0.165,3.6921993945729787,3.903799211432519
61.70000000000061,-1.6340536261079384,4059.9358647487006,274.94321955641254,-0.1745,74.04644488741457,-6.8556480592580025,0.165,3.6921993945729787,3.903799211432519
61.80000000000061,-1.6344437893027126,4067.341573090427,274.25756970265354,-0.1745,74.06772194711502,-6.85734901592163,0.165,3.6921993945729787,3.903799211432519
61.90000000000061,-1.634829447957427,4074.7494050285495,273.571751632373,-0.1745,74.08891681533308,-6.859012389689872,0.165,3.6921993945729787,3.903799211432519
62.00000000000061,-1.6352125745661201,4082.1593522718435,272.88576853320893,-0.1745,74.11002805054603,-6.860649593590933,0.165,3.6921993945729787,3.903799211432519
62.10000000000061,-1.6355944258575763,4089.571406416809,272.19962265767293,-0.1745,74.13105484876557,-6.8622679171287455,0.165,3.6921993945729787,3.903799211432519
62.200000000000614,-1.6359758018970851,4096.985558999881,271.51331566093313,-0.1745,74.15199681265871,-6.863872017667708,0.165,3.6921993945729787,3.903799211432519
62.300000000000615,-1.636357211449396,4104.401801530719,270.82684881641427,-0.1745,74.17285380411644,-6.865464872708971,0.165,3.6921993945729787,3.903799211432519
62.40000000000062,-1.6367389774977048,4111.820125513432,270.14022315338735,-0.1745,74.19362585012533,-6.867048387829336,0.165,3.6921993945729787,3.903799211432519
62.50000000000062,-1.637121304564226,4119.2405224600725,269.45343954475965,-0.1745,74.21431308268086,-6.868623784725236,0.165,3.6921993945729787,3.903799211432519
62.60000000000062,-1.6375043216529537,4126.6629838992285,268.76649876308056,-0.1745,74.23491570043798,-6.870191848855902,0.165,3.6921993945729787,3.903799211432519
62.70000000000062,-1.6378881096374762,4134.087501381462,268.0794015162649,-0.1745,74.25543394423924,-6.871753087457641,0.165,3.6921993945729787,3.903799211432519
62.80000000000062,-1.638272718725223,4141.5140664827495,267.3921484703745,-0.1745,74.27586808150141,-6.873307830350961,0.165,3.6921993945729787,3.903799211432519
62.900000000000624,-1.6386581795918844,4148.942670806638,266.7047402641449,-0.1745,74.29621839625558,-6.87485629424058,0.165,3.6921993945729787,3.903799211432519
63.000000000000625,-1.6390445104789793,4156.37330598559,266.01717751824674,-0.1745,74.3164851827948,-6.876398623722234,0.165,3.6921993945729787,3.903799211432519
63.10000000000063,-1.6394317217173664,4163.805963681812,265.32946084118913,-0.1745,74.33666874162341,-6.877934917429907,0.165,3.6921993945729787,3.903799211432519
63.20000000000063,-1.6398198186097113,4171.2406355877365,264.6415908330824,-0.1745,74.35676937687437,-6.879465244705241,0.165,3.6921993945729787,3.903799211432519
63.30000000000063,-1.6402088032669082,4178.677313426313,263.953568088036,-0.1745,74.37678739466304,-6.880989656222763,0.165,3.6921993945729787,3.903799211432519
63.40000000000063,-1.640598675777838,4186.115988951148,263.2653931956868,-0.1745,74.39672310203804,-6.882508190761309,0.165,3.6921993945729787,3.903799211432519
63.50000000000063,-1.6409894349543297,4193.556653946565,262.5770667421728,-0.1745,74.4165768063128,-6.884020879518625,0.165,3.6921993945729787,3.903799211432519
63.600000000000634,-1.6413810788054715,4200.999300227613,261.88858931075384,-0.1745,74.43634881463974,-6.8855277488600315,0.165,3.6921993945729787,3.903799211432519
63.700000000000635,-1.6417736048395266,4208.443919640033,261.1999614822074,-0.1745,74.45603943373919,-6.887028822069117,0.165,3.6921993945729787,3.903799211432519
63.80000000000064,-1.6421670102560517,4215.890504060206,260.51118383508083,-0.1745,74.47564896972685,-6.888524120462566,0.165,3.6921993945729787,3.903799211432519
63.90000000000064,-1.6425612920680952,4223.339045395092,259.8222569458527,-0.1745,74.49517772800407,-6.890013664099894,0.165,3.6921993945729787,3.903799211432519
64.00000000000064,-1.6429564471798817,4230.789535582152,259.13318138903594,-0.1745,74.51462601318813,-6.891497472235137,0.165,3.6921993945729787,3.903799211432519
64.10000000000063,-1.6433524724361581,4238.241966589265,258.443957737244,-0.1745,74.5339941290681,-6.892975563604235,0.165,3.6921993945729787,3.903799211432519
64.20000000000063,-1.6437493646535104,4245.6963304146475,257.7545865612334,-0.1745,74.55328237857685,-6.894447956607755,0.165,3.6921993945729787,3.903799211432519
64.30000000000062,-1.644147120640197,4253.152619086765,257.06506842993167,-0.1745,74.57249106377344,-6.895914669427027,0.165,3.6921993945729787,3.903799211432519
64.40000000000062,-1.6445457372086896,4260.610824664245,256.3754039104554,-0.1745,74.59162048583218,-6.897375720097861,0.165,3.6921993945729787,3.903799211432519
64.50000000000061,-1.6449452111835634,4268.0709392357885,255.68559356812267,-0.1745,74.61067094503579,-6.8988311265572895,0.165,3.6921993945729787,3.903799211432519
64.6000000000006,-1.6453455394064336,4275.532954920079,254.99563796646115,-0.1745,74.62964274077135,-6.90028090667314,0.165,3.6921993945729787,3.903799211432519
64.7000000000006,-1.6457467187390242,4282.996863865694,254.30553766721437,-0.1745,74.64853617152784,-6.901725078262681,0.165,3.6921993945729787,3.903799211432519
64.8000000000006,-1.6461487460650313,4290.462658251015,253.61529323034603,-0.1745,74.66735153489496,-6.903163659104332,0.165,3.6921993945729787,3.903799211432519
64.90000000000059,-1.6465516182912363,4297.930330284137,252.92490521404355,-0.1745,74.68608912756251,-6.904596666944957,0.165,3.6921993945729787,3.903799211432519
65.00000000000058,-1.6469553323481365,4305.399872202781,252.2343741747211,-0.1745,74.70474924532024,-6.906024119504339,0.165,3.6921993945729787,3.903799211432519
65.10000000000058,-1.6473598851902707,4312.8712762742,251.543700667022,-0.1745,74.72333218305813,-6.907446034477892,0.165,3.6921993945729787,3.903799211432519
65.20000000000057,-1.6477652737963528,4320.344534795091,250.8528852438212,-0.1745,74.74183823476669,-6.908862429538231,0.165,3.6921993945729787,3.903799211432519
65.30000000000057,-1.648171495169279,4327.819640091506,250.16192845622749,-0.1745,74.76026769353751,-6.9102733223360255,0.165,3.6921993945729787,3.903799211432519
65.40000000000056,-1.648578546336064,4335.296584518761,249.47083085358565,-0.1745,74.7786208515639,-6.911678730500405,0.165,3.6921993945729787,3.903799211432519
65.50000000000055,-1.6489864243477275,4342.775360461346,248.7795929834787,-0.1745,74.79689800014151,-6.913078671639074,0.165,3.6921993945729787,3.903799211432519
65.60000000000055,-1.6493951262791462,4350.255960332836,248.08821539172982,-0.1745,74.81509942966913,-6.914473163338245,0.165,3.6921993945729787,3.903799211432519
65.70000000000054,-1.6498046492288954,4357.738376575802,247.39669862240478,-0.1745,74.83322542964942,-6.91586222316247,0.165,3.6921993945729787,3.903799211432519
65.80000000000054,-1.650214990319072,4365.22260166172,246.70504321781394,-0.1745,74.85127628868969,-6.917245868654388,0.165,3.6921993945729787,3.903799211432519
65.90000000000053,-1.6506261466951173,4372.708628090879,246.0132497185145,-0.1745,74.86925229450276,-6.918624117334442,0.165,3.6921993945729787,3.903799211432519
66.00000000000053,-1.6510381155256326,4380.196448392299,245.32131866331272,-0.1745,74.88715373390781,-6.919996986700566,0.165,3.6921993945729787,3.903799211432519
66.10000000000052,-1.6514508940021941,4387.686055123636,244.6292505892663,-0.1745,74.90498089283123,-6.921364494227858,0.165,3.6921993945729787,3.903799211432519
66.20000000000051,-1.65186447933917,4395.177440871093,243.9370460316865,-0.1745,74.92273405630756,-6.92272665736825,0.165,3.6921993945729787,3.903799211432519
66.30000000000051,-1.652278868773533,4402.670598249332,243.24470552414058,-0.1745,74.94041350848036,-6.92408349355017,0.165,3.6921993945729787,3.903799211432519
66.4000000000005,-1.65269405956468,4410.165519901387,242.55222959845418,-0.1745,74.95801953260319,-6.925435020178207,0.165,3.6921993945729787,3.903799211432519
66.5000000000005,-1.6531100489942474,4417.662198498569,241.85961878471363,-0.1745,74.97555241104051,-6.926781254632781,0.165,3.6921993945729787,3.903799211432519
66.60000000000049,-1.6535268343659322,4425.160626740384,241.1668736112685,-0.1745,74.99301242526873,-6.928122214269812,0.165,3.6921993945729787,3.903799211432519
66.70000000000049,-1.6539444130053087,4432.6607973544415,240.473994604734,-0.1745,75.01039985587713,-6.929457916420391,0.165,3.6921993945729787,3.903799211432519
66.80000000000048,-1.6543627822596563,4440.162703096364,239.78098228999346,-0.1745,75.02771498256892,-6.930788378390461,0.165,3.6921993945729787,3.903799211432519
66.90000000000047,-1.479984903001767,4447.6663367497,239.0878371902009,-0.1745,75.04495808416226,-6.9321136174605,0.165,3.6921993945729787,3.903799211432519
67.00000000000047,-1.5445813501748493,4455.1761439554275,238.42723849172592,-0.1495,75.15118603038137,-6.27986035203917,0.495,3.6921993945729787,3.903799211432519
67.10000000000046,-1.5856265201188573,4462.690224680834,237.78720297306631,-0.1745,75.13042847774285,-6.520850021153083,0.165,3.6921993945729787,3.903799211432519
67.20000000000046,-1.6117527926750788,4470.202929223297,237.12746696461593,-0.1745,75.12366237151667,-6.673870147854722,0.165,3.6921993945729787,3.903799211432519
67.30000000000045,-1.6284342372353333,4477.715394457507,236.45521466291842,-0.1745,75.12564231266977,-6.771175886095699,0.165,3.6921993945729787,3.903799211432519
67.40000000000045,-1.6391390955405083,4485.228331459186,235.77499541761742,-0.1745,75.13309772091336,-6.833209019924517,0.165,3.6921993945729787,3.903799211432519
67.50000000000044,-1.6460633910805467,4492.742185267766,235.08968907747368,-0.1745,75.14397845069377,-6.8729177829502,0.165,3.6921993945729787,3.903799211432519
67.60000000000043,-1.6505969726912195,4500.257233944875,234.40111817261223,-0.1745,75.15699509148497,-6.898500314278859,0.165,3.6921993945729787,3.903799211432519
67.70000000000043,-1.6536191672001976,4507.773650450922,233.71043588341053,-0.1745,75.17133502945221,-6.915145469755169,0.165,3.6921993945729787,3.903799211432519
67.80000000000042,-1.6556861569941483,4515.291541478487,233.01837178304035,-0.1745,75.18648552183203,-6.926136537648415,0.165,3.6921993945729787,3.903799211432519
67.90000000000042,-1.6571496554193055,4522.81097189606,232.32538742742116,-0.1745,75.20212282965386,-6.933550574735421,0.165,3.6921993945729787,3.903799211432519
68.00000000000041,-1.6582320335303158,4530.331980162384,231.63177483346868,-0.1745,75.21804249682243,-6.938701304314012,0.165,3.6921993945729787,3.903799211432519
68.1000000000004,-1.6590738616524823,4537.854588057589,230.93771879300547,-0.1745,75.23411540729074,-6.942419504950246,0.165,3.6921993945729787,3.903799211432519
68.2000000000004,-1.659763986216647,4545.378806830532,230.24333629441858,-0.1745,75.2502600515601,-6.945230466787309,0.165,3.6921993945729787,3.903799211432519
68.3000000000004,-1.4850040371440203,4552.904641083564,229.54870145727682,-0.1745,75.26642500906907,-6.947466276047814,0.165,3.6921993945729787,3.903799211432519
68.40000000000039,-1.5501122670996565,4560.436574182146,228.88674016589857,-0.1495,75.3722369625816,-6.291759551517354,0.495,3.6921993945729787,3.903799211432519
68.50000000000038,-1.5914133144426126,4567.97269189038,228.24538878328977,-0.1745,75.35011720209546,-6.5352681006586995,0.165,3.6921993945729787,3.903799211432519
68.60000000000038,-1.6176600081188397,4575.507307803829,227.58414604090163,-0.1745,75.3422010668878,-6.689586747104381,0.165,3.6921993945729787,3.903799211432519
68.70000000000037,-1.6343929071006729,4583.041575294881,226.91029074899103,-0.1745,75.34314875417179,-6.787519091107746,0.165,3.6921993945729787,3.903799211432519
68.80000000000037,-1.6451161411259152,4590.576214588862,226.2284239437716,-0.1745,75.3496371254421,-6.849817013281148,0.165,3.6921993945729787,3.903799211432519
68.90000000000036,-1.6520445281370595,4598.111675790621,225.54145301359142,-0.1745,75.35958690973526,-6.889601590322381,0.165,3.6921993945729787,3.903799211432519
69.00000000000036,-1.6565773393068235,4605.648239772662,224.85121465593386,-0.1745,75.37169273109578,-6.915165562828602,0.165,3.6921993945729787,3.903799211432519
69.10000000000035,-1.6595983076953271,4613.186081078003,224.15886896116874,-0.1745,75.38513337570592,-6.931748332473923,0.165,3.6921993945729787,3.903799211432519
69.20000000000034,-1.661665424977567,4620.725307326128,223.4651485793859,-0.1745,75.3993915867962,-6.942659303183085,0.165,3.6921993945729787,3.903799211432519
69.30000000000034,-1.6631309340999143,4628.2659839727585,222.7705161960509,-0.1745,75.41414134580633,-6.949988363516786,0.165,3.6921993945729787,3.903799211432519
69.40000000000033,-1.6642171547546794,4635.808149895729,222.0752640262094,-0.1745,75.42917711359706,-6.955055033313159,0.165,3.6921993945729787,3.903799211432519
69.50000000000033,-1.6650643821362427,4643.351827217042,221.37957665960872,-0.1745,75.44436931267192,-6.95869229870067,0.165,3.6921993945729787,3.903799211432519
69.60000000000032,-1.6657611363377391,4650.897027496702,220.68357074821742,-0.1745,75.45963628053227,-6.961425929125444,0.165,3.6921993945729787,3.903799211432519
69.70000000000032,-1.666363261534608,4658.443755640006,219.98732006487236,-0.1745,75.47492658553924,-6.9635877377758435,0.165,3.6921993945729787,3.903799211432519
69.80000000000031,-1.6669059828017723,4665.992012362852,219.29087132270885,-0.1745,75.49020787136608,-6.9653871054944005,0.165,3.6921993945729787,3.903799211432519
69.9000000000003,-1.6674115160215184,4673.541795747324,218.594254160412,-0.1745,75.50545981807834,-6.9669561404429965,0.165,3.6921993945729787,3.903799211432519
70.0000000000003,-1.6678938703106683,4681.093102223239,217.89748744403138,-0.1745,75.52066970023485,-6.968378187169108,0.165,3.6921993945729787,3.903799211432519
70.10000000000029,-1.6683618782854528,4688.645927187439,217.20058324359175,-0.1745,75.53582958377434,-6.969705821623649,0.165,3.6921993945729787,3.903799211432519
70.20000000000029,-1.668821107856255,4696.200265394485,216.50354934210554,-0.1745,75.55093455713696,-6.970972208100452,0.165,3.6921993945729787,3.903799211432519
70.30000000000028,-1.6692750682196102,4703.756111203097,215.80639081840977,-0.1745,75.56598161510676,-6.972198265815304,0.165,3.6921993945729787,3.903799211432519
70.40000000000028,-1.669725970519286,4711.313458731582,215.10911104558687,-0.1745,75.58096895458317,-6.973397190642515,0.165,3.6921993945729787,3.903799211432519
70.50000000000027,-1.6701752075602148,4718.872301955826,214.41171232066856,-0.1745,75.59589553030098,-6.97457730772398,0.165,3.6921993945729787,3.903799211432519
70.60000000000026,-1.6706236563036483,4726.432634771069,213.71419626173977,-0.1745,75.61076077457719,-6.975743870851763,0.165,3.6921993945729787,3.903799211432519
70.70000000000026,-1.671071868588752,4733.994451030826,213.01656405832983,-0.1745,75.62556442054714,-6.976900197346942,0.165,3.6921993945729787,3.903799211432519
70.80000000000025,-1.6715201913665332,4741.557744571388,212.31881662927537,-0.1745,75.64030639068817,-6.97804838374243,0.165,3.6921993945729787,3.903799211432519
70.90000000000025,-1.4962165499681492,4749.122509227249,211.62095472223558,-0.1745,75.65498672652552,-6.9791897570536445,0.165,3.6921993945729787,3.903799211432519
71.00000000000024,-1.5617085878381107,4756.6949279641185,210.95596223373525,-0.1495,75.79338801086429,-6.320660012953187,0.8300000000000001,3.6921993945729787,3.903799211432519
71.10000000000024,-1.6046221078793814,4764.273047955508,210.31159066216827,-0.1745,75.76901181692587,-6.566771418386297,0.165,3.6921993945729787,3.903799211432519
71.20000000000023,-1.630233383153851,4771.852728720182,209.64656670391793,-0.1745,75.8246034765593,-6.73370774662069,0.8300000000000001,3.6921993945729787,3.903799211432519
71.30000000000022,-1.6465111377615802,4779.43514831861,208.9683993889998,-0.1745,75.82378849199739,-6.82963855174142,0.165,3.6921993945729787,3.903799211432519
71.40000000000022,-1.6569161654862192,4787.017760725688,208.28239825603654,-0.1745,75.82845964956229,-6.8903841075242,0.165,3.6921993945729787,3.903799211432519
71.50000000000021,-1.6636272375087882,4794.601011081826,207.59142966041168,-0.1745,75.83654747318624,-6.928987804973198,0.165,3.6921993945729787,3.903799211432519
71.60000000000021,-1.6680154403635195,4802.185176337969,206.89729724563045,-0.1745,75.84675764967439,-6.953660490651107,0.165,3.6921993945729787,3.903799211432519
71.7000000000002,-1.6709433226478254,4809.770428171859,206.201135755641,-0.1745,75.85827902812933,-6.969569309138316,0.165,3.6921993945729787,3.903799211432519
71.8000000000002,-1.6729533832471115,4817.356872255524,205.5036590308337,-0.1745,75.87060264516904,-6.97996518700778,0.165,3.6921993945729787,3.903799211432519
71.90000000000019,-1.674386760542908,4824.944572834675,204.80531611895458,-0.1745,75.88340893784789,-6.986893050574631,0.165,3.6921993945729787,3.903799211432519
72.00000000000018,-1.6754579367968738,4832.533568141903,204.10638951628496,-0.1745,75.8964972067207,-6.99163900281779,0.165,3.6921993945729787,3.903799211432519
72.10000000000018,-1.6763017428136917,4840.12388007255,203.40705697680193,-0.1745,75.90974140621246,-6.995011786843188,0.165,3.6921993945729787,3.903799211432519
72.20000000000017,-1.6770029264307706,4847.715520262808,202.70743039246656,-0.1745,75.92306239896968,-6.997519899864269,0.165,3.6921993945729787,3.903799211432519
72.30000000000017,-1.6776147490484583,4855.308493909207,202.00758024641613,-0.1745,75.93641052901133,-6.999483021144491,0.165,3.6921993945729787,3.903799211432519
72.40000000000016,-1.6781706796214466,4862.902802169208,201.3075509902241,-0.1745,75.9497546710157,-7.001102102696011,0.165,3.6921993945729787,3.903799211432519
72.50000000000016,-1.6786917470782643,4870.498443670129,200.60737071252632,-0.1745,75.96307534739316,-7.002503451259406,0.165,3.6921993945729787,3.903799211432519
72.60000000000015,-1.6791911624275064,4878.095415457579,199.90705721751928,-0.1745,75.97636040162287,-7.003766448881537,0.165,3.6921993945729787,3.903799211432519
72.70000000000014,-1.6796772240862086,4885.6937135915805,199.20662184594852,-0.1745,75.98960227839821,-7.0049409825336255,0.165,3.6921993945729787,3.903799211432519
72.80000000000014,-1.680155143870189,4893.293333521196,198.50607187673,-0.1745,76.00279631389478,-7.006058401836562,0.165,3.6921993945729787,3.903799211432519
72.90000000000013,-1.6806281944900472,4900.894270319944,197.80541203627845,-0.1745,76.0159396610739,-7.00713840719468,0.165,3.6921993945729787,3.903799211432519
73.00000000000013,-1.681098430582867,4908.496518833707,197.10464544695654,-0.1745,76.0290306142064,-7.008193379243387,0.165,3.6921993945729787,3.903799211432519
73.10000000000012,-1.6815671417232037,4916.100073773636,196.40377422300648,-0.1745,76.0420681843556,-7.009231099757719,0.165,3.6921993945729787,3.903799211432519
73.20000000000012,-1.5041151406944748,4923.704929774484,195.70279984494573,-0.1745,76.05505183260689,-7.010256461457048,0.165,3.6921993945729787,3.903799211432519
73.30000000000011,-1.5708145313254924,4931.314035469773,195.0355678269805,-0.1495,76.12706207318391,-6.33438389784776,0.165,3.6921993945729787,3.903799211432519
73.4000000000001,-1.612882400592587,4938.9254056834025,194.38954961394646,-0.1745,76.10034219939305,-6.585980362832915,0.165,3.6921993945729787,3.903799211432519
73.5000000000001,-1.6394689189905851,4946.5348492175735,193.72303238251007,-0.1745,76.08852848402857,-6.744364265894942,0.165,3.6921993945729787,3.903799211432519
73.6000000000001,-1.6563308064727977,4954.1435738300115,193.0436051998111,-0.1745,76.08596376472691,-6.844179388084196,0.165,3.6921993945729787,3.903799211432519
73.70000000000009,-1.6670867483622636,4961.752329521648,192.35603590798146,-0.1745,76.08915006799987,-6.907206448508946,0.165,3.6921993945729787,3.903799211432519
73.80000000000008,-1.6740101023374572,4969.361582645345,191.6633189613951,-0.1745,76.09591240594114,-6.947132483218179,0.165,3.6921993945729787,3.903799211432519
73.90000000000008,-1.6785284522679476,4976.971622950246,190.96733458400576,-0.1745,76.1048936920705,-6.972555064568604,0.165,3.6921993945729787,3.903799211432519
74.00000000000007,-1.6815379924483564,4984.5826299029395,190.2692631735784,-0.1745,76.11524536181366,-6.988873143978802,0.165,3.6921993945729787,3.903799211432519
74.10000000000007,-1.6836011957030537,4992.194713978368,189.569845703864,-0.1745,76.12643614674684,-6.999476250309288,0.165,3.6921993945729787,3.903799211432519
74.20000000000006,-1.68507101779135,4999.807942445511,188.86954729311282,-0.1745,76.13813319611424,-7.006491964713907,0.165,3.6921993945729787,3.903799211432519
74.30000000000005,-1.6861689065089978,5007.422355500597,188.16865991784053,-0.1745,76.15012790562352,-7.011255540731814,0.165,3.6921993945729787,3.903799211432519
74.40000000000005,-1.6870337812748517,5015.037976372661,187.46736689791658,-0.1745,76.16228953565185,-7.01460485774748,0.165,3.6921993945729787,3.903799211432519
74.50000000000004,-1.6877527785768875,5022.654817657791,186.76578337376296,-0.1745,76.17453616693646,-7.0170656253247525,0.165,3.6921993945729787,3.903799211432519
74.60000000000004,-1.6898142037993789,5030.27288529103,186.06398170990735,-0.1745,76.18681649786528,-7.018967651787555,0.165,3.6921993945729787,3.903799211432519
74.70000000000003,-1.6897606450323688,5037.895455542257,185.3614301637451,-0.1745,76.26458852666157,-7.032063271457637,0.8300000000000001,3.6921993945729787,3.903799211432519
74.80000000000003,-1.6906162004083218,5045.522531992265,184.65827719884308,-0.1745,76.27694047348561,-7.030996026582865,0.165,3.6921993945729787,3.903799211432519
74.90000000000002,-1.6905759656298307,5053.152460164584,183.95490718880293,-0.1745,76.32162297291187,-7.036404174220328,0.495,3.6921993945729787,3.903799211432519
75.00000000000001,-1.5132584709844765,5060.785227619578,183.2513189894964,-0.1745,76.3337261269572,-7.035359811909995,0.165,3.6921993945729787,3.903799211432519
75.10000000000001,-1.5798164939657875,5068.425473702939,182.58140477421654,-0.1495,76.47119554024566,-6.362924493687552,0.8300000000000001,3.6921993945729787,3.903799211432519
75.2,-1.6216855874938716,5076.071177611904,181.93251067324988,-0.1745,76.44288263906617,-6.6149575256454956,0.165,3.6921993945729787,3.903799211432519
75.3,-1.6480807698666424,5083.714801775225,181.2631061068955,-0.1745,76.42960062734815,-6.77313380144242,0.165,3.6921993945729787,3.903799211432519
75.39999999999999,-1.664783108385148,5091.357562870825,180.58082425390657,-0.1745,76.42562128465403,-6.872503258336113,0.165,3.6921993945729787,3.903799211432519
75.49999999999999,-1.675416345513177,5099.000214559835,179.89044713781652,-0.1745,76.42741249554419,-6.935039063464749,0.165,3.6921993945729787,3.903799211432519
75.59999999999998,-1.682250634231428,5106.643224388853,179.1949696841501,-0.1745,76.4327840848322,-6.974510009864051,0.165,3.6921993945729787,3.903799211432519
75.69999999999997,-1.6867075720280118,5114.286882255267,178.49626715236886,-0.1745,76.44037324345183,-6.999540625760651,0.165,3.6921993945729787,3.903799211432519
75.79999999999997,-1.6896771204485528,5121.931367425798,177.79551354144434,-0.1745,76.4493301671714,-7.0155315927299124,0.165,3.6921993945729787,3.903799211432519
75.89999999999996,-1.6917162993693105,5129.576790147612,177.09344375880974,-0.1745,76.45912426910986,-7.025864059961925,0.165,3.6921993945729787,3.903799211432519
75.99999999999996,-1.6931736829976822,5137.223217562729,176.3905178331991,-0.1745,76.46942403323281,-7.032654452250836,0.165,3.6921993945729787,3.903799211432519
76.09999999999995,-1.6942673723582269,5144.870689877185,175.68702374317635,-0.1745,76.48002225589265,-7.037227348204513,0.165,3.6921993945729787,3.903799211432519
76.19999999999995,-1.6951338151057387,5152.519230461223,174.98314179375492,-0.1745,76.4907894248529,-7.0404116402243115,0.165,3.6921993945729787,3.903799211432519
76.29999999999994,-0.891334003083829,5160.168852162741,174.2789849130682,-0.1745,76.50164460551701,-7.042725973510244,0.165,3.6921993945729787,3.903799211432519
76.39999999999993,-1.1908498276554704,5167.815884749367,173.72949519261493,-0.06225,76.43900712700088,-3.947068435555188,0.165,3.6921993945729787,3.903799211432519
76.49999999999993,-1.3797037811865696,5175.450899484008,173.27800430811388,-0.1745,76.26128756582439,-5.082749254465844,0.165,3.6921993945729787,3.903799211432519
76.59999999999992,-1.4987202033597362,5183.0718526466435,172.7340100599637,-0.1745,76.15777568688739,-5.797135708537369,0.165,3.6921993945729787,3.903799211432519
76.69999999999992,-1.5737288418588735,5190.684686610502,172.13182132489501,-0.1745,76.09890359027594,-6.246638992836265,0.165,3.6921993945729787,3.903799211432519
76.79999999999991,-1.6210395825612554,5198.292996912839,171.49301311852793,-0.1745,76.06730245647053,-6.529525134505642,0.165,3.6921993945729787,3.903799211432519
76.8999999999999,-1.6509331073098688,5205.898988008237,170.83115517611918,-0.1745,76.05251945149243,-6.707633713669034,0.165,3.6921993945729787,3.903799211432519
76.9999999999999,-1.669881166508564,5213.504022240568,170.15477951353682,-0.1745,76.04816519511111,-6.819879537978271,0.165,3.6921993945729787,3.903799211432519
77.0999999999999,-1.6819539580393486,5221.10894525818,169.46924855983343,-0.1745,76.05029515712971,-6.890739536089358,0.165,3.6921993945729787,3.903799211432519
77.19999999999989,-1.6897096272441234,5228.714282957325,168.77793149943653,-0.1745,76.05645882576711,-6.935601671848611,0.165,3.6921993945729787,3.903799211432519
77.29999999999988,-0.8953973370949309,5236.32036229118,168.08294462200004,-0.1745,76.06512785132692,-6.964135876881197,0.165,3.6921993945729787,3.903799211432519
77.39999999999988,-1.1940354877490647,5243.925442123717,167.53852369243359,-0.06225,76.03646879942788,-3.924282714447999,0.495,3.6921993945729787,3.903799211432519
77.49999999999987,-1.384665851578063,5251.520376902433,167.08976916356647,-0.1745,75.8622267748852,-5.050807862894006,0.165,3.6921993945729787,3.903799211432519
77.59999999999987,-1.5034747001099946,5259.104817971169,166.54856132570475,-0.1745,75.82659459982784,-5.773348894340282,0.8300000000000001,3.6921993945729787,3.903799211432519
77.69999999999986,-1.578549225442385,5266.684629402004,165.948881962699,-0.1745,75.76963401687904,-6.220238365774654,0.165,3.6921993945729787,3.903799211432519
77.79999999999986,-1.6260237719709716,5274.26009223695,165.3127563768685,-0.1745,75.73962268203525,-6.502273350835778,0.165,3.6921993945729787,3.903799211432519
77.89999999999985,-1.6560961442540392,5281.833387071104,164.65362484111074,-0.1745,75.72627400103825,-6.680357364319397,0.165,3.6921993945729787,3.903799211432519
77.99999999999984,-1.6752033401067246,5289.405864928387,163.9799608944735,-0.1745,75.72328314463034,-6.792921568425756,0.165,3.6921993945729787,3.903799211432519
78.09999999999984,-1.6874046185843303,5296.978366457373,163.2971045813262,-0.1745,75.72674743509609,-6.8642046945198425,0.165,3.6921993945729787,3.903799211432519
78.19999999999983,-1.6952580897660876,5304.551415627683,162.60842003090292,-0.1745,75.73423597110353,-6.9094863139459655,0.165,3.6921993945729787,3.903799211432519
78.29999999999983,-1.700375085433974,5312.125338858727,161.91602600756892,-0.1745,75.74422864978254,-6.938394152733952,0.165,3.6921993945729787,3.903799211432519
78.39999999999982,-1.7037702173802758,5319.7003389218835,161.2212566696435,-0.1745,75.7557726133371,-6.9569926057742535,0.165,3.6921993945729787,3.903799211432519
78.49999999999982,-1.5288972036376962,5327.276541037923,160.52495201241362,-0.1745,75.76826970746636,-6.969100538823321,0.165,3.6921993945729787,3.903799211432519
78.59999999999981,-1.59622810481223,5334.856950970614,159.86121824363488,-0.1495,75.839928946344,-6.3055748367513225,0.165,3.6921993945729787,3.903799211432519
78.6999999999998,-1.6387938279225656,5342.439659220642,159.2180064544158,-0.1745,75.81423605422391,-6.558660947630664,0.165,3.6921993945729787,3.903799211432519
78.7999999999998,-1.6657575335589556,5350.020543953291,158.55415416938735,-0.1745,75.8034585987583,-6.7183847529381655,0.165,3.6921993945729787,3.903799211432519
78.89999999999979,-1.682897886694699,5357.600814638913,157.8772695988012,-0.1745,75.80195511368537,-6.819306658784776,0.165,3.6921993945729787,3.903799211432519
78.99999999999979,-1.6938559739770276,5365.181223877493,157.19214391516385,-0.1745,75.80622965791541,-6.88320701396239,0.165,3.6921993945729787,3.903799211432519
79.09999999999978,-1.7009246062181327,5372.762240543475,156.50179330484005,-0.1745,75.81410366173351,-6.923805192513852,0.165,3.6921993945729787,3.903799211432519
79.19999999999978,-1.7055469473977305,5380.3441564636605,155.8081160722866,-0.1745,75.82421474198036,-6.949739458555111,0.165,3.6921993945729787,3.903799211432519
79.29999999999977,-0.9119345158370052,5387.9271526552675,155.11230674595998,-0.1745,75.83570909016777,-6.966447067976862,0.165,3.6921993945729787,3.903799211432519
79.39999999999976,-1.2075831905401953,5395.510973348453,154.566984353392,-0.06225,75.84070477355304,-3.940000783382809,0.8300000000000001,3.6921993945729787,3.903799211432519
79.49999999999976,-1.3948856814072588,5403.086502148023,154.1173629781664,-0.1745,75.66987121784356,-5.052426721128992,0.165,3.6921993945729787,3.903799211432519
79.59999999999975,-1.5134814884035306,5410.648542581852,153.57695947069953,-0.1745,75.57093745872706,-5.755643428208376,0.165,3.6921993945729787,3.903799211432519
79.69999999999975,-1.5885742893888568,5418.202863500667,152.97916190993143,-0.1745,75.51548091757375,-6.200307787153384,0.165,3.6921993945729787,3.903799211432519
79.79999999999974,-1.6361561742313584,5425.752973220878,152.34506913302525,-0.1745,75.48671348664332,-6.48154775097037,0.165,3.6921993945729787,3.903799211432519
79.89999999999974,-1.6663562636219444,5433.30103293511,151.68801559965405,-0.1745,75.47448079800999,-6.659522916453366,0.165,3.6921993945729787,3.903799211432519
79.99999999999973,-1.6863127537367766,5440.848384274362,151.0164256853189,-0.1745,75.47254598701744,-6.772275370249981,0.165,3.6921993945729787,3.903799211432519
80.09999999999972,-1.6983001028069822,5448.3974885417865,150.3353330072419,-0.1745,75.50953936147489,-6.84957819129005,0.495,3.6921993945729787,3.903799211432519
80.19999999999972,-1.706031701664335,5455.948870037231,149.64815430140192,-0.1745,75.51809054742834,-6.893995925509426,0.165,3.6921993945729787,3.903799211432519
80.29999999999971,-1.711080096808877,5463.501228489196,148.95733288342714,-0.1745,75.52907849187967,-6.922432433986068,0.165,3.6921993945729787,3.903799211432519
80.39999999999971,-1.7144372220581097,5471.05476125788,148.26417181926485,-0.1745,75.54157688180752,-6.940788849259909,0.165,3.6921993945729787,3.903799211432519
80.4999999999997,-0.9232112200813851,5478.609590260421,147.56949298525763,-0.1745,75.55500316900164,-6.952787830884699,0.165,3.6921993945729787,3.903799211432519
80.5999999999997,-1.2161156276856098,5486.1653598093935,147.0245273171549,-0.06225,75.56038781045093,-3.9465255311694185,0.8300000000000001,3.6921993945729787,3.903799211432519
80.69999999999969,-1.4020873996832517,5493.713048081322,146.57496902677923,-0.1745,75.39337762811935,-5.044640276344164,0.165,3.6921993945729787,3.903799211432519
80.79999999999968,-1.520097691071722,5501.247564571837,146.03571685407263,-0.1745,75.29695218216692,-5.740403177787497,0.165,3.6921993945729787,3.903799211432519
80.89999999999968,-1.5949814775005207,5508.774578066987,145.43962850385944,-0.1745,75.243317720835,-6.181363826476301,0.165,3.6921993945729787,3.903799211432519
80.99999999999967,-1.6425322752783469,5516.297544561885,144.80751491139205,-0.1745,75.21601217712922,-6.460908022871637,0.165,3.6921993945729787,3.903799211432519
81.09999999999967,-1.6727757582427263,5523.818597856869,144.15255807606437,-0.1745,75.20505372255691,-6.63822868368175,0.165,3.6921993945729787,3.903799211432519
81.19999999999966,-1.6920675668828915,5531.339065404026,143.48310458694485,-0.1745,75.20429722058782,-6.750841098708563,0.165,3.6921993945729787,3.903799211432519
81.29999999999966,-1.7044328474105819,5538.859776388948,142.80443707263046,-0.1745,75.2099224778656,-6.822509187579309,0.165,3.6921993945729787,3.903799211432519
81.39999999999965,-1.7124190344542367,5546.381249506751,142.11989771708284,-0.1745,75.21953987819235,-6.868277923373136,0.165,3.6921993945729787,3.903799211432519
81.49999999999964,-1.7176375453450987,5553.9038089426695,141.43160042411392,-0.1745,75.23164884017368,-6.897667936005011,0.165,3.6921993945729787,3.903799211432519
81.59999999999964,-1.7211073301913584,5561.427656624421,140.74088193783106,-0.1745,75.2453047948461,-6.916701789652422,0.165,3.6921993945729787,3.903799211432519
81.69999999999963,-1.7234725203923116,5568.952917479663,140.0485874415874,-0.1745,75.25991230998483,-6.929188135221049,0.165,3.6921993945729787,3.903799211432519
81.79999999999963,-1.7251402115113414,5576.479667882068,139.35525128569535,-0.1745,75.27509573810931,-6.937534982619925,0.165,3.6921993945729787,3.903799211432519
81.89999999999962,-1.726367640726896,5584.007953569088,138.66121131223187,-0.1745,75.29061800231032,-6.9432644866496105,0.165,3.6921993945729787,3.903799211432519
81.99999999999962,-1.7273173240326574,5591.537800942872,137.96668115457607,-0.1745,75.30632947337688,-6.947338666466732,0.165,3.6921993945729787,3.903799211432519
82.09999999999961,-1.552019138451917,5599.069224203411,137.27179594956704,-0.1745,75.32213573740569,-6.950365433713578,0.165,3.6921993945729787,3.903799211432519
82.1999999999996,-1.6175860584151656,5606.605089474899,136.60981608240309,-0.1495,75.39516969235117,-6.28923190956514,0.165,3.6921993945729787,3.903799211432519
82.2999999999996,-1.6591857402465782,5614.143482484199,135.96863595769827,-0.1745,75.37269049365595,-6.534370584531019,0.165,3.6921993945729787,3.903799211432519
82.3999999999996,-1.6856324797456093,5621.680342993028,135.30743295320383,-0.1745,75.36451968291267,-6.68968950535786,0.165,3.6921993945729787,3.903799211432519
82.49999999999959,-1.7025047997560152,5629.2168327885975,134.6335367773762,-0.1745,75.36527622848844,-6.788234011194467,0.165,3.6921993945729787,3.903799211432519
82.59999999999958,-1.7133302315652246,5636.753677212986,133.95157981678824,-0.1745,75.37161225928668,-6.850905200564997,0.165,3.6921993945729787,3.903799211432519
82.69999999999958,-1.7203379952782663,5644.291329502499,133.26448874909508,-0.1745,75.38143353097828,-6.890916153298455,0.165,3.6921993945729787,3.903799211432519
82.79999999999957,-1.7249362138883193,5651.830072456615,132.5741121277845,-0.1745,75.39342555133842,-6.916616272912988,0.165,3.6921993945729787,3.903799211432519
82.89999999999957,-1.7280140545887424,5659.370081811067,131.88161732301887,-0.1745,75.4067615377015,-6.933279822399583,0.165,3.6921993945729787,3.903799211432519
82.99999999999956,-1.7301328414877073,5666.911465929208,131.18774145025205,-0.1745,75.42092082511307,-6.944237632937128,0.165,3.6921993945729787,3.903799211432519
83.09999999999955,-1.7316468590150942,5674.454290735825,130.49294993105792,-0.1745,75.43557530723307,-6.951592750945501,0.165,3.6921993945729787,3.903799211432519
83.19999999999955,-1.7327796762280032,5681.9985954094645,129.79753665507337,-0.1745,75.45051816554012,-6.956672768745401,0.165,3.6921993945729787,3.903799211432519
83.29999999999954,-1.7336723521354747,5689.544402269667,129.1016872356123,-0.1745,75.4656190385156,-6.960315620475887,0.165,3.6921993945729787,3.903799211432519
83.39999999999954,-1.7344138733100545,5697.091723010756,128.40551894930766,-0.1745,75.48079578325321,-6.963050105617159,0.165,3.6921993945729787,3.903799211432519
83.49999999999953,-1.7350603685107377,5704.640562633607,127.70910594947289,-0.1745,75.49599667376577,-6.965209891078344,0.165,3.6921993945729787,3.903799211432519
83.59999999999953,-1.7356472362352022,5712.190921925963,127.01249518038736,-0.1745,75.5111891733477,-6.967005490632211,0.165,3.6921993945729787,3.903799211432519
83.69999999999952,-1.736196797928176,5719.742799027204,126.31571642064996,-0.1745,75.52635285145311,-6.968569704115755,0.165,3.6921993945729787,3.903799211432519
83.79999999999951,-1.736723126888584,5727.296190415512,125.61878862054994,-0.1745,75.54147491470546,-6.96998629788474,0.165,3.6921993945729787,3.903799211432519
83.89999999999951,-1.7372350947112647,5734.851091530607,124.9217239004148,-0.1745,75.55654738718994,-6.971308104817791,0.165,3.6921993945729787,3.903799211432519
83.9999999999995,-1.561611473176002,5742.407497166538,124.2245300728986,-0.1745,75.57156533141828,-6.972568445506323,0.165,3.6921993945729787,3.903799211432519
84.0999999999995,-1.627232832406103,5749.969923660871,123.5603688842935,-0.1495,75.67696455524852,-6.310655326595856,0.495,3.6921993945729787,3.903799211432519
84.19999999999949,-1.6687792779532478,5757.536426768946,122.91699739429589,-0.1745,75.65309760623487,-6.5567744733563185,0.165,3.6921993945729787,3.903799211432519
84.29999999999949,-1.69513936350878,5765.101265475189,122.2535422080068,-0.1745,75.6436765186456,-6.712329252425486,0.165,3.6921993945729787,3.903799211432519
84.39999999999948,-1.7119256567156471,5772.665611788819,121.57738722240825,-0.1745,75.64324975394734,-6.810770459545682,0.165,3.6921993945729787,3.903799211432519
84.49999999999947,-1.72267908955771,5780.230195943157,120.89318837094164,-0.1745,75.64843333282317,-6.873206569786505,0.165,3.6921993945729787,3.903799211432519
84.59999999999947,-1.7303527963731624,5787.795473370373,120.20388049295197,-0.1745,75.65711521149622,-6.912950990006997,0.165,3.6921993945729787,3.903799211432519
84.69999999999946,-1.734601349128204,5795.363352708557,119.51102661611758,-0.1745,75.70047155218192,-6.944126546680726,0.495,3.6921993945729787,3.903799211432519
84.79999999999946,-1.7374582700582866,5802.934012191467,118.81585102079627,-0.1745,75.71271810602904,-6.95938535974544,0.165,3.6921993945729787,3.903799211432519
84.89999999999945,-1.7394395460211631,5810.505934193956,118.11941175791941,-0.1745,75.7257219437336,-6.96939989779197,0.165,3.6921993945729787,3.903799211432519
84.99999999999945,-1.7408700283132101,5818.0791792878135,117.4221361940864,-0.1745,75.73917993341357,-6.9761113788681195,0.165,3.6921993945729787,3.903799211432519
85.09999999999944,-1.7419542004855626,5825.653783357768,116.72429351807634,-0.1745,75.75290146567336,-6.980742141333204,0.165,3.6921993945729787,3.903799211432519
85.19999999999943,-1.7428207592586547,5833.229766765683,116.02605332362717,-0.1745,75.7667666926312,-6.984061747650155,0.165,3.6921993945729787,3.903799211432519
85.29999999999943,-1.7435506918461174,5840.807140114529,115.32752250447477,-0.1745,75.78070028428318,-6.986554635397814,0.165,3.6921993945729787,3.903799211432519
85.39999999999942,-1.7441949557138436,5848.385907874941,114.62876848675413,-0.1745,75.79465492396142,-6.988525719015185,0.165,3.6921993945729787,3.903799211432519
85.49999999999942,-1.7447856093140024,5855.96607066735,113.92983385602115,-0.1745,75.80860092422058,-6.9901668956444345,0.165,3.6921993945729787,3.903799211432519
85.59999999999941,-1.745342818669252,5863.547626698162,113.23074556510436,-0.1745,75.82251969201631,-6.991598922691459,0.165,3.6921993945729787,3.903799211432519
85.6999999999994,-1.745879267277814,5871.130572663556,112.53152072978635,-0.1745,75.8363996158733,-6.992897783668551,0.165,3.6921993945729787,3.903799211432519
85.7999999999994,-1.746402931323715,5878.714904318217,111.83217027631486,-0.1745,75.85023347733761,-6.994111285761263,0.165,3.6921993945729787,3.903799211432519
85.8999999999994,-1.7469188259351687,5886.300616833176,111.1327012366847,-0.1745,75.86401682184,-6.995269506841868,0.165,3.6921993945729787,3.903799211432519
85.99999999999939,-1.7474301038578453,5893.88770502094,110.43311819282616,-0.1745,75.87774693344267,-6.996391370328772,0.165,3.6921993945729787,3.903799211432519
86.09999999999938,-1.7479387466123997,5901.476163477097,109.73342418517993,-0.1745,75.89142218967743,-6.997488782595759,0.165,3.6921993945729787,3.903799211432519
86.19999999999938,-1.7484459992395454,5909.06598666936,109.03362128423812,-0.1745,75.90504165560327,-6.998569236240453,0.165,3.6921993945729787,3.903799211432519
86.29999999999937,-1.7503902675519887,5916.657168993561,108.33371095003234,-0.1745,75.91860482840964,-6.999637447875241,0.165,3.6921993945729787,3.903799211432519
86.39999999999937,-1.7502708443851864,5924.252979313606,107.63311698584181,-0.1745,75.99760157249935,-7.012241835935284,0.8300000000000001,3.6921993945729787,3.903799211432519
86.49999999999936,-1.7503853030902614,5931.853416429122,106.93195989472132,-0.1745,76.0111407378119,-7.010899986474473,0.165,3.6921993945729787,3.903799211432519
86.59999999999935,-1.7506468564957363,5939.455197802345,106.23089314693902,-0.1745,76.02448672664325,-7.010434969171329,0.165,3.6921993945729787,3.903799211432519
86.69999999999935,-1.751001008539158,5947.058306683301,105.52984544832994,-0.1745,76.03769089249415,-7.0105190030105,0.165,3.6921993945729787,3.903799211432519
86.79999999999934,-1.7514135428477462,5954.662730506743,104.82877218641913,-0.1745,76.05078557634079,-7.0109462352057195,0.165,3.6921993945729787,3.903799211432519
86.89999999999934,-1.7518629780285728,5962.268459344184,104.12764550457968,-0.1745,76.06379117247403,-7.011587401583418,0.165,3.6921993945729787,3.903799211432519
86.99999999999933,-1.7523358290419817,5969.875484931295,103.42644806740482,-0.1745,76.07672056976796,-7.012361341913602,0.165,3.6921993945729787,3.903799211432519
87.09999999999933,-1.7528236312836107,5977.483800056911,102.72516914500507,-0.1745,76.0895819425457,-7.01321710608154,0.165,3.6921993945729787,3.903799211432519
87.19999999999932,-1.7533210718567183,5985.093398179238,102.02380215397793,-0.1745,76.10238050398938,-7.01412271446145,0.165,3.6921993945729787,3.903799211432519
87.29999999999932,-1.7538248162250545,5992.704273184816,101.32234311331918,-0.1745,76.11511960756681,-7.015058098713393,0.165,3.6921993945729787,3.903799211432519
87.39999999999931,-1.7543327715617942,6000.316419237135,100.6207896749526,-0.1745,76.12780143880663,-7.016010668617981,0.165,3.6921993945729787,3.903799211432519
87.4999999999993,-1.7548436243135868,6007.929830681562,99.9191405151041,-0.1745,76.14042744972609,-7.01697252835211,0.165,3.6921993945729787,3.903799211432519
87.5999999999993,-1.7553565499348676,6015.544501985629,99.21739495225218,-0.1745,76.15299863161431,-7.017938728686396,0.165,3.6921993945729787,3.903799211432519
87.69999999999929,-1.7558710307106116,6023.160427701524,98.51555270733195,-0.1745,76.16551568629696,-7.0189061697180986,0.165,3.6921993945729787,3.903799211432519
87.79999999999929,-1.7570984585970693,6030.777602442521,97.81361375324194,-0.1745,76.17797913365146,-7.019872912082121,0.165,3.6921993945729787,3.903799211432519
87.89999999999928,-1.757305308149114,6038.397645810383,97.11129175441495,-0.1745,76.22288822360103,-7.026567064457528,0.495,3.6921993945729787,3.903799211432519
87.99999999999928,-1.7576290922386348,6046.020554697203,96.40864636199784,-0.1745,76.23528951278159,-7.026340783884621,0.165,3.6921993945729787,3.903799211432519
88.09999999999927,-1.7580264080539607,6053.644697678339,95.7060017648563,-0.1745,76.24757010994628,-7.026551158946324,0.165,3.6921993945729787,3.903799211432519
88.19999999999926,-1.7584700513020182,6061.270063978824,95.00332251805416,-0.1745,76.25975589975016,-7.02703377709638,0.165,3.6921993945729787,3.903799211432519
88.29999999999926,-1.7589429721676162,6068.896644933226,94.30058655036291,-0.1745,76.27186318829423,-7.027685576728775,0.165,3.6921993945729787,3.903799211432519
88.39999999999925,-1.759434485844931,6076.524433206378,93.59778017341498,-0.1745,76.2839022747416,-7.028441962229853,0.165,3.6921993945729787,3.903799211432519
88.49999999999925,-1.7599378968479424,6084.153422304696,92.89489495264526,-0.1745,76.29587969160985,-7.029262453164335,0.165,3.6921993945729787,3.903799211432519
88.59999999999924,-1.7604490097863899,6091.783606269763,92.19192574568983,-0.1745,76.30779960974628,-7.030121685944262,0.165,3.6921993945729787,3.903799211432519
88.69999999999924,-1.760965195921321,6099.414979486216,91.48886947278307,-0.1745,76.31966471931341,-7.031003772191064,0.165,3.6921993945729787,3.903799211432519
88.79999999999923,-1.761484808139953,6107.047536561288,90.78572434607479,-0.1745,76.33147678213662,-7.031898761974626,0.165,3.6921993945729787,3.903799211432519
88.89999999999922,-1.7620068143341374,6114.681272249293,90.08248938663475,-0.1745,76.34323697796626,-7.032800426826196,0.165,3.6921993945729787,3.903799211432519
88.99999999999922,-1.7625305676698324,6122.316181404268,89.37916412178454,-0.1745,76.35494612152243,-7.033704870177824,0.165,3.6921993945729787,3.903799211432519
89.09999999999921,-1.763055662648658,6129.95225895027,88.67574839545055,-0.1745,76.36660479852921,-7.034609656501765,0.165,3.6921993945729787,3.903799211432519
89.1999999999992,-1.7635818449316167,6137.5894998627455,87.97224224934638,-0.1745,76.37821345096621,-7.035513265581841,0.165,3.6921993945729787,3.903799211432519
89.2999999999992,-1.7641089548498934,6145.227899156818,87.26864584853908,-0.1745,76.38977243049004,-7.0364147505640515,0.165,3.6921993945729787,3.903799211432519
89.3999999999992,-1.7646368920217208,6152.867451879938,86.56495943482514,-0.1745,76.40128203190669,-7.037313523714803,0.165,3.6921993945729787,3.903799211432519
89.49999999999919,-1.7651655931915957,6160.50815310724,85.86118329752915,-0.1745,76.4127425141427,-7.038209222205085,0.165,3.6921993945729787,3.903799211432519
89.59999999999918,-1.7656950183521092,6168.149997938616,85.15731775521706,-0.1745,76.42415411338295,-7.039101624036636,0.165,3.6921993945729787,3.903799211432519
89.69999999999918,-1.766225142053581,6175.79298149685,84.4533631442461,-0.1745,76.43551705130052,-7.039990595382601,0.165,3.6921993945729787,3.903799211432519
89.79999999999917,-1.7667559479627628,6183.437098926426,83.74931981159658,-0.1745,76.44683154021192,-7.040876057607713,0.165,3.6921993945729787,3.903799211432519
89.89999999999917,-1.7672874254561863,6191.082345392752,83.04518811038541,-0.1745,76.45809778630621,-7.0417579666155135,0.165,3.6921993945729787,3.903799211432519
89.99999999999916,-1.7678195674875536,6198.728716081651,82.34096839705882,-0.1745,76.46931599166788,-7.042636299916299,0.165,3.6921993945729787,3.903799211432519
90.09999999999916,-1.7683523692528014,6206.376206199012,81.63666102963649,-0.1745,76.48048635554404,-7.043511048530299,0.165,3.6921993945729787,3.903799211432519
90.19999999999915,-1.5910164065615886,6214.024810970546,80.93226636661403,-0.1745,76.49160907513857,-7.044382211918706,0.165,3.6921993945729787,3.903799211432519
90.29999999999914,-1.6581182161169048,6221.6808255407,80.26153561087476,-0.1495,76.62868232794033,-6.370232902866761,0.8300000000000001,3.6921993945729787,3.903799211432519
90.39999999999914,-1.7002959046450306,6229.342224449024,79.61179380935032,-0.1745,76.59929583852865,-6.6246031276222,0.165,3.6921993945729787,3.903799211432519
90.49999999999913,-1.7268721231716166,6237.0014457099605,78.94136254081704,-0.1745,76.58512938021065,-6.784022243043327,0.165,3.6921993945729787,3.903799211432519
90.59999999999913,-1.7436879860136445,6244.659720734987,78.25796016297521,-0.1745,76.58037112031633,-6.8840253137933365,0.165,3.6921993945729787,3.903799211432519
90.69999999999912,-1.7544002036467476,6252.317811409506,77.56641585801135,-0.1745,76.58144237006701,-6.946860785483716,0.165,3.6921993945729787,3.903799211432519
90.79999999999912,-1.7612966685425369,6259.9761898800425,76.86975021965671,-0.1745,76.58612704066306,-6.98645198160924,0.165,3.6921993945729787,3.903799211432519
90.89999999999911,-1.7658082711510827,6267.635148631912,76.16985216870206,-0.1745,76.59304799671364,-7.011509037483542,0.165,3.6921993945729787,3.903799211432519
90.9999999999991,-0.9633054752064252,6275.294868411884,75.46790275307046,-0.1745,76.60134760272281,-7.0274792751485124,0.165,3.6921993945729787,3.903799211432519
91.0999999999991,-1.2650861398877415,6282.953518583336,74.91980591363287,-0.06225,76.57165582631038,-3.934457513603433,0.495,3.6921993945729787,3.903799211432519
91.1999999999991,-1.4551913696568035,6290.601674925485,74.46905731834995,-0.1745,76.39147101668209,-5.080514392054981,0.165,3.6921993945729787,3.903799211432519
91.29999999999909,-1.5748925871549355,6298.2355679592265,73.92499922583386,-0.1745,76.28638965814339,-5.800647458267046,0.165,3.6921993945729787,3.903799211432519
91.39999999999908,-1.6502748732286985,6305.86120878279,73.32230298233708,-0.1745,76.22642681312257,-6.253277411668613,0.165,3.6921993945729787,3.903799211432519
91.49999999999908,-1.6977921783058192,6313.482229877321,72.68274810784217,-0.1745,76.19399507749841,-6.537820078229393,0.165,3.6921993945729787,3.903799211432519
91.59999999999907,-1.7278052228271004,6321.100855817966,72.0200185444352,-0.1745,76.17852373539796,-6.716771189910067,0.165,3.6921993945729787,3.903799211432519
91.69999999999906,-1.7468293848367067,6328.718459951057,71.34270914180826,-0.1745,76.17355892643747,-6.82941686262894,0.165,3.6921993945729787,3.903799211432519
91.79999999999906,-1.7589580676627812,6336.335893933213,70.6562162156134,-0.1745,76.17512071666337,-6.90044166126834,0.165,3.6921993945729787,3.903799211432519
91.89999999999905,-1.7667613535383808,6343.953686930969,69.96392673735801,-0.1745,76.18073923844898,-6.94534790383933,0.165,3.6921993945729787,3.903799211432519
91.99999999999905,-1.7718521560577984,6351.572167676899,69.26796597843088,-0.1745,76.18887568015592,-6.973867274703118,0.165,3.6921993945729787,3.903799211432519
92.09999999999904,-1.775242363108711,6359.1915399096,68.5696672682174,-0.1745,76.19856897385016,-6.992106929566455,0.165,3.6921993945729787,3.903799211432519
92.19999999999904,-1.7775666431835055,6366.811929258443,67.86986699789651,-0.1745,76.20921800302321,-7.003898476851272,0.165,3.6921993945729787,3.903799211432519
92.29999999999903,-1.7792229914372655,6374.433412482333,67.16908980520871,-0.1745,76.22044647476717,-7.011645376904719,0.165,3.6921993945729787,3.903799211432519
92.39999999999903,-1.7804609475234745,6382.056035742894,66.46766478602379,-0.1745,76.23201873645974,-7.0168550067937625,0.165,3.6921993945729787,3.903799211432519
92.49999999999902,-1.7814369491652529,6389.679826039525,65.76579840490326,-0.1745,76.24378719616259,-7.020472615616704,0.165,3.6921993945729787,3.903799211432519
92.59999999999901,-1.782249055763279,6397.304798370857,65.0636202301706,-0.1745,76.2556594304696,-7.023090879036611,0.165,3.6921993945729787,3.903799211432519
92.69999999999901,-1.782958726417072,6404.93096022181,64.36121161791797,-0.1745,76.26757758859667,-7.025081366015907,0.165,3.6921993945729787,3.903799211432519
92.799999999999,-1.7836044765016448,6412.558314375676,63.658623699505426,-0.1745,76.27950548871654,-7.026677002235001,0.165,3.6921993945729787,3.903799211432519
92.899999999999,-1.7842104402533718,6420.186860676665,62.95588865997477,-0.1745,76.29142053107132,-7.028023788378213,0.165,3.6921993945729787,3.903799211432519
92.99999999999899,-1.7847917387875325,6427.816597134669,62.253026808958985,-0.1745,76.30330862901447,-7.02921323193744,0.165,3.6921993945729787,3.903799211432519
93.09999999999899,-1.7853578450031307,6435.447520617696,61.55005101324564,-0.1745,76.31516103153118,-7.030302682329417,0.165,3.6921993945729787,3.903799211432519
93.19999999999898,-1.7859146926192857,6443.079627285844,60.84696947513793,-0.1745,76.32697233143159,-7.031328079824734,0.165,3.6921993945729787,3.903799211432519
93.29999999999897,-1.7864659979256794,6450.712912863258,60.14378747377064,-0.1745,76.33873921683063,-7.032311947521157,0.165,3.6921993945729787,3.903799211432519
93.39999999999897,-1.7870140880490137,6458.347372808529,59.44050845635557,-0.1745,76.35045968858827,-7.033268400780152,0.165,3.6921993945729787,3.903799211432519
93.49999999999896,-1.7875604199282793,6465.983002421451,58.73713472197349,-0.1745,76.36213256984635,-7.034206286861459,0.165,3.6921993945729787,3.903799211432519
93.59999999999896,-1.7881059054617663,6473.619796909876,58.03366785000687,-0.1745,76.37375719866056,-7.035131152470893,0.165,3.6921993945729787,3.903799211432519
93.69999999999895,-1.788651115197102,6481.257751431578,57.330108968550306,-0.1745,76.38533323539392,-7.036046476660435,0.165,3.6921993945729787,3.903799211432519
93.79999999999895,-1.789196405921369,6488.896861120449,56.626458922551876,-0.1745,76.39686054203483,-7.0369544433081925,0.165,3.6921993945729787,3.903799211432519
93.89999999999894,-1.7897420005749023,6496.5371211028805,55.922718379132874,-0.1745,76.40833910658856,-7.0378564250718405,0.165,3.6921993945729787,3.903799211432519
93.99999999999893,-1.7902880382989927,6504.178526507995,55.21888789355167,-0.1745,76.41976899571249,-7.038753286552324,0.165,3.6921993945729787,3.903799211432519
94.09999999999893,-1.7915443805223985,6511.821072474033,54.51496795051472,-0.1745,76.43115032504778,-7.039645574186581,0.165,3.6921993945729787,3.903799211432519
94.19999999999892,-1.7917824113071839,6519.466379094542,53.81067252405468,-0.1745,76.47498208514372,-7.0462629550142735,0.495,3.6921993945729787,3.903799211432519
94.29999999999892,-1.792137199612598,6527.11444371819,53.10606150175288,-0.1745,76.48631038781507,-7.045957491021619,0.165,3.6921993945729787,3.903799211432519
94.39999999999891,-1.7925652569579276,6534.7636353455055,52.401459136074294,-0.1745,76.49752215849121,-7.046089822550146,0.165,3.6921993945729787,3.903799211432519
94.4999999999989,-1.7930393816502836,6542.413943624839,51.69682991228886,-0.1745,76.50864342816915,-7.046494653158444,0.165,3.6921993945729787,3.903799211432519
94.5999999999989,-1.7935425606002138,6550.0653603240025,50.9921517505281,-0.1745,76.51969055511194,-7.047068582056766,0.165,3.6921993945729787,3.903799211432519
94.6999999999989,-1.7940641539064992,6557.717878543975,50.28741097468624,-0.1745,76.53067384432389,-7.04774693478056,0.165,3.6921993945729787,3.903799211432519
94.79999999999889,-1.7945975078844867,6565.371492226844,49.58259916471385,-0.1745,76.54159981306303,-7.0484892646671895,0.165,3.6921993945729787,3.903799211432519
94.89999999999888,-1.7951384618748965,6573.026195847929,48.877711187431096,-0.1745,76.5524726086423,-7.049270280987868,0.165,3.6921993945729787,3.903799211432519
94.99999999999888,-0.9906292692491847,6580.681984223141,48.17274396472705,-0.1745,76.5632948955942,-7.05007417309308,0.165,3.6921993945729787,3.903799211432519
95.09999999999887,-0.31481302302646985,6588.338494420137,47.622620666087315,-0.06225,76.5669090443379,-3.9523917997016156,0.8300000000000001,3.6921993945729787,3.903799211432519
95.19999999999887,-0.6868953344077071,6595.9896062508715,47.35705269711949,-0.03725,76.45532757035375,-1.3589675796548395,0.495,3.6921993945729787,3.903799211432519
95.29999999999886,-1.0972230021969822,6603.62433479108,47.15040704831466,-0.1495,76.23924323382533,-2.77394539644182,0.165,3.6921993945729787,3.903799211432519
95.39999999999885,-1.3569347533167195,6611.235600003416,46.79540826142686,-0.1745,75.98606101287999,-4.326030341314248,0.165,3.6921993945729787,3.903799211432519
95.49999999999885,-1.5211892184851976,6618.826812594608,46.31386337067032,-0.1745,75.83819081096398,-5.304867473816502,0.165,3.6921993945729787,3.903799211432519
95.59999999999884,-1.6250388955255213,6626.406366030644,45.7524867066716,-0.1745,75.75287790975958,-5.922665806157904,0.165,3.6921993945729787,3.903799211432519
95.69999999999884,-1.6907200552597712,6633.979286085575,45.14071968944118,-0.1745,75.70552318886104,-6.312674538450456,0.165,3.6921993945729787,3.903799211432519
95.79999999999883,-1.7323104379652645,6641.5486375536475,44.49713845458153,-0.1745,75.68150617258617,-6.558950158742521,0.165,3.6921993945729787,3.903799211432519
95.89999999999883,-1.7587079788916549,6649.116310485117,43.833462712639346,-0.1745,75.67195245679278,-6.714564680101196,0.165,3.6921993945729787,3.903799211432519
95.99999999999882,-1.7769957531907217,6656.683478208017,43.157083581155,-0.1745,75.67140200121412,-6.813017949585742,0.165,3.6921993945729787,3.903799211432519
96.09999999999881,-1.7886126849577102,6664.254146130259,42.47208319012778,-0.1745,75.74195644363394,-6.886989870958632,0.8300000000000001,3.6921993945729787,3.903799211432519
96.19999999999881,-1.7945785391687727,6671.8320487540195,41.78093839876033,-0.1745,75.81609603158071,-6.935905956390552,0.8300000000000001,3.6921993945729787,3.903799211432519
96.2999999999988,-1.7985296019509247,6679.41419737157,41.08627019730526,-0.1745,75.82687631941248,-6.957458072710825,0.165,3.6921993945729787,3.903799211432519
96.3999999999988,-1.8012139178705486,6686.997480445332,40.389826843483824,-0.1745,75.8387851558381,-6.971409003717894,0.165,3.6921993945729787,3.903799211432519
96.49999999999879,-1.8031020289127504,6694.581988781218,39.69222751960433,-0.1745,75.85138156187261,-6.980577473872,0.165,3.6921993945729787,3.903799211432519
96.59999999999879,-1.8044898656893482,6702.16777728802,38.99386180653713,-0.1745,75.8643885741705,-6.9867367874719095,0.165,3.6921993945729787,3.903799211432519
96.69999999999878,-1.806277953087398,6709.754878327271,38.29497484817975,-0.1745,75.87763221085507,-6.9910023796757965,0.165,3.6921993945729787,3.903799211432519
96.79999999999878,-1.8068436444509952,6717.344935039642,37.59543447436198,-0.1745,75.92350203656761,-6.999805096679635,0.495,3.6921993945729787,3.903799211432519
96.89999999999877,-1.8074015452644336,6724.937958936989,36.8953971776163,-0.1745,75.93697591036795,-7.000940838233926,0.165,3.6921993945729787,3.903799211432519
96.99999999999876,-1.8079548322333194,6732.532327623753,36.19524813256029,-0.1745,75.95039782490524,-7.002040062886449,0.165,3.6921993945729787,3.903799211432519
97.09999999999876,-1.808505500790163,6740.128035821848,35.49499039047644,-0.1745,75.96376613698973,-7.0031147787904775,0.165,3.6921993945729787,3.903799211432519
97.19999999999875,-1.8090548040161005,6747.725078123586,34.79462602464035,-0.1745,75.97707989777439,-7.004172537931313,0.165,3.6921993945729787,3.903799211432519
97.29999999999875,-1.8096035285276821,6755.323449048204,34.09415649317646,-0.1745,75.99033859456706,-7.005218091346408,0.165,3.6921993945729787,3.903799211432519
97.39999999999874,-1.8101521678675945,6762.923143077358,33.39358286712341,-0.1745,76.00354198851018,-7.006254429714659,0.165,3.6921993945729787,3.903799211432519
97.49999999999874,-1.8107010314659457,6770.5241546774105,32.69290597376413,-0.1745,76.01669001254237,-7.007283437471018,0.165,3.6921993945729787,3.903799211432519
97.59999999999873,-1.8112503131055326,6778.126478313401,31.992126486693735,-0.1745,76.02978270726226,-7.0083063039368225,0.165,3.6921993945729787,3.903799211432519
97.69999999999872,-1.8118001339368626,6785.730108457795,31.29124498241197,-0.1745,76.0428201806201,-7.009323781698434,0.165,3.6921993945729787,3.903799211432519
97.79999999999872,-1.8123505695004458,6793.335039595955,30.59026197587857,-0.1745,76.05580258258793,-7.010336348969595,0.165,3.6921993945729787,3.903799211432519
97.89999999999871,-1.8129016667004807,6800.941266229546,29.889177942849745,-0.1745,76.06873008924421,-7.011344311606884,0.165,3.6921993945729787,3.903799211432519
97.9999999999987,-1.813453454465477,6808.548782878647,29.187993333909354,-0.1745,76.08160289277515,-7.012347867200939,0.165,3.6921993945729787,3.903799211432519
98.0999999999987,-1.814005950443098,6816.157584083046,28.48670858328244,-0.1745,76.09442119519404,-7.013347145337367,0.165,3.6921993945729787,3.903799211432519
98.1999999999987,-1.8145591652040474,6823.767664403025,27.785324114371317,-0.1745,76.10718520439688,-7.014342232885094,0.165,3.6921993945729787,3.903799211432519
98.29999999999869,-1.8151131048815108,6831.37901841983,27.083840343233135,-0.1745,76.11989513168557,-7.015333189878569,0.165,3.6921993945729787,3.903799211432519
98.39999999999868,-1.8156677728281565,6838.991640735924,26.38225768076464,-0.1745,76.13255119021318,-7.01632005949137,0.165,3.6921993945729787,3.903799211432519
98.49999999999868,-1.8162231706562615,6846.605525975136,25.680576534075133,-0.1745,76.1451535940084,-7.017302874298712,0.165,3.6921993945729787,3.903799211432519
98.59999999999867,-1.816779298890521,6854.220668782704,24.978797307349733,-0.1745,76.15770255736363,-7.01828166020927,0.165,3.6921993945729787,3.903799211432519
98.69999999999867,-1.8173361573777227,6861.8370638252945,24.276920402392598,-0.1745,76.17019829445152,-7.019256438933468,0.165,3.6921993945729787,3.903799211432519
98.79999999999866,-1.8178937455437993,6869.454705790971,23.574946218969284,-0.1745,76.182641019085,-7.020227229532804,0.165,3.6921993945729787,3.903799211432519
98.89999999999866,-1.8184520625550857,6877.073589389154,22.87287515502303,-0.1745,76.19503094456724,-7.021194049392266,0.165,3.6921993945729787,3.903799211432519
98.99999999999865,-1.8190111074194617,6884.693709350562,22.170707606811888,-0.1745,76.20736828359827,-7.022156914830568,0.165,3.6921993945729787,3.903799211432519
99.09999999999864,-1.819570879049774,6892.315060427153,21.46844396899621,-0.1745,76.21965324821706,-7.023115841483058,0.165,3.6921993945729787,3.903799211432519
99.19999999999864,-1.820131376303581,6899.937637392052,20.766084634694955,-0.1745,76.23188604976576,-7.024070844541962,0.165,3.6921993945729787,3.903799211432519
99.29999999999863,-1.8206925980080597,6907.5614350394835,20.063629995522504,-0.1745,76.24406689886814,-7.025021938907081,0.165,3.6921993945729787,3.903799211432519
99.39999999999863,-1.8212545429755855,6915.186448184698,19.361080441613133,-0.1745,76.2561960054166,-7.025969139280319,0.165,3.6921993945729787,3.903799211432519
99.49999999999862,-1.821817210013481,6922.812671663897,18.658436361637868,-0.1745,76.26827357856477,-7.026912460224951,0.165,3.6921993945729787,3.903799211432519
99.59999999999862,-1.8223805979300913,6930.440100334162,17.95569814281648,-0.1745,76.28029982672362,-7.02785191620279,0.165,3.6921993945729787,3.903799211432519
99.69999999999861,-1.82294470553857,6938.068729073376,17.252866170926467,-0.1745,76.29227495755964,-7.028787521597472,0.165,3.6921993945729787,3.903799211432519
99.7999999999986,-1.8235095316592163,6945.6985527801535,16.549940830310142,-0.1745,76.30419917799443,-7.029719290729058,0.165,3.6921993945729787,3.903799211432519
99.8999999999986,-1.8240750751209156,6953.329566373764,15.846922503880531,-0.1745,76.3160726942052,-7.030647237863159,0.165,3.6921993945729787,3.903799211432519
99.9999999999986,-1.8246413347620147,6960.961764794055,15.143811573126541,-0.1745,76.32789571162566,-7.031571377216659,0.165,3.6921993945729787,3.903799211432519
100.09999999999859,-1.8252083094308345,6968.595143001384,14.440608418117643,-0.1745,76.33966843494741,-7.032491722961294,0.165,3.6921993945729787,3.903799211432519
100.19999999999858,-1.8257759979859725,6976.229695976537,13.737313417508284,-0.1745,76.35139106812147,-7.033408289225868,0.165,3.6921993945729787,3.903799211432519
100.29999999999858,-1.8263443992964559,6983.865418720661,13.033926948542108,-0.1745,76.36306381435992,-7.034321090097654,0.165,3.6921993945729787,3.903799211432519
100.39999999999857,-1.8269135122418159,6991.502306255186,12.330449387056063,-0.1745,76.37468687613764,-7.035230139623247,0.165,3.6921993945729787,3.903799211432519
100.49999999999856,-1.8274833357121016,6999.140353621753,11.626881107484445,-0.1745,76.38626045519418,-7.0361354518091,0.165,3.6921993945729787,3.903799211432519
100.59999999999856,-1.8280538686078651,7006.77955588214,10.923222482862897,-0.1745,76.39778475253551,-7.037037040621847,0.165,3.6921993945729787,3.903799211432519
100.69999999999855,-1.828625109840122,7014.419908118189,10.219473884832379,-0.1745,76.40925996843602,-7.037934919988503,0.165,3.6921993945729787,3.903799211432519
100.79999999999855,-1.8291970583303028,7022.061405431732,9.515635683643124,-0.1745,76.42068630244026,-7.03882910379658,0.165,3.6921993945729787,3.903799211432519
100.89999999999854,-1.8297697130101922,7029.704042944522,8.811708248158586,-0.1745,76.43206395336492,-7.039719605894154,0.165,3.6921993945729787,3.903799211432519
100.99999999999854,-1.8303430728218695,7037.347815798155,8.107691945859383,-0.1745,76.44339311930071,-7.040606440089906,0.165,3.6921993945729787,3.903799211432519
101.09999999999853,-1.6531401094232743,7044.992719154001,7.403587142847231,-0.1745,76.45467399761424,-7.041489620153139,0.165,3.6921993945729787,3.903799211432519
101.19999999999852,-1.720213100603207,7052.64504317466,6.7331109732421,-0.1495,76.59180641556604,-6.36803377194947,0.8300000000000001,3.6921993945729787,3.903799211432519
101.29999999999852,-1.5841009177398726,7060.302765642076,6.083607514274938,-0.1745,76.56264293276378,-6.622035407393768,0.165,3.6921993945729787,3.903799211432519
101.39999999999851,-1.6774032741570954,7067.963284238221,5.44740491524877,-0.1495,76.64772899012885,-6.102016573129596,0.495,3.6921993945729787,3.903799211432519
101.49999999999851,-1.7360152280550778,7075.625781492818,4.819502256312129,-0.1745,76.60221610181667,-6.4560366056032175,0.165,3.6921993945729787,3.903799211432519
101.5999999999985,-1.772897984647119,7083.284799324724,4.1628073016342855,-0.1745,76.578140536308,-6.67786248795365,0.165,3.6921993945729787,3.903799211432519
101.6999999999985,-1.7961799500415903,7090.942070153151,3.4880674664469242,-0.1745,76.5672760322292,-6.8169342157935775,0.165,3.6921993945729787,3.903799211432519
101.79999999999849,-1.81095324475986,7098.59866327561,2.802009714507665,-0.1745,76.56458641695613,-6.904220822991603,0.165,3.6921993945729787,3.903799211432519
101.89999999999849,-1.8204054932315206,7106.255240807412,2.108843084378888,-0.1745,76.56696421907147,-6.959111779583936,0.165,3.6921993945729787,3.903799211432519
101.99999999999848,-1.826531088962712,7113.912213147254,1.4112004263050506,-0.1745,76.57248257777648,-6.9937413818928125,0.165,3.6921993945729787,3.903799211432519
102.09999999999847,-1.8305774061967668,7121.569834428455,0.7107283131889104,-0.1745,76.57994304624084,-7.01570088042999,0.165,3.6921993945729787,3.903799211432519
102.19999999999847,8464.15811730118,7129.228261522727,0.008456362736471656,-0.1745,76.58859883919375,-7.029738128618785,0.165,3.6921993945729787,3.903799211432519
