t,reward,x,y,theta,vx,vy,throttle,wind_vx,wind_vy
0.0,0.0,268.6803349506662,934.8614602337565,0.0465761110102087,43.59620724092047,2.6652358983488154,0.5,2.816468636758621,-0.5283322105607988
0.1,-1.0802702080200304,268.6803349506662,934.8614602337565,0.0465761110102087,43.59620724092047,2.6652358983488154,0.5,2.816468636758621,-0.5283322105607988
0.2,-0.0546367524368991,273.0350566916267,935.0435862035857,-0.06567388898979129,43.49822757828989,0.9772834982354432,0.165,2.816468636758621,-0.5283322105607988
0.30000000000000004,-0.7646859207283516,277.36947053997494,935.0301910699567,-0.1745,43.190049388674545,-1.2451861708171885,0.165,2.816468636758621,-0.5283322105607988
0.4,-1.417544659579673,281.67881376152803,934.8176590263008,-0.1745,42.99681504238715,-3.0054547023012512,0.165,2.816468636758621,-0.5283322105607988
0.5,-1.936214072629291,285.97277382008457,934.447012396119,-0.1745,42.882386128743406,-4.407477901334842,0.165,2.816468636758621,-0.5283322105607988
0.6,-2.346951516314219,290.258072487293,933.9503158978893,-0.1745,42.82358721542612,-5.526452063259934,0.165,2.816468636758621,-0.5283322105607988
0.7,-2.6711130871051147,294.53949850071143,933.3530141357248,-0.1745,42.804933052942566,-6.419583180027976,0.165,2.816468636758621,-0.5283322105607988
0.7999999999999999,-2.926024820125469,298.82053265082067,932.6754469466708,-0.1745,42.8157499492426,-7.131760601051796,0.165,2.816468636758621,-0.5283322105607988
0.8999999999999999,-3.125694989271344,303.103745100943,931.9339181014578,-0.1745,42.84849905320455,-7.698816303207793,0.165,2.816468636758621,-0.5283322105607988
0.9999999999999999,-3.2814081714544674,307.39105752454634,931.1414980804811,-0.1745,42.89774941886233,-8.149584116326107,0.165,2.816468636758621,-0.5283322105607988
1.0999999999999999,-3.4022229968181428,311.68392119437976,930.3086524747048,-0.1745,42.95952397780657,-8.507327999200943,0.165,2.816468636758621,-0.5283322105607988
1.2,-3.4953879562459376,315.98344088925904,929.4437455183362,-0.1745,43.03086991977883,-8.790811128171184,0.165,2.816468636758621,-0.5283322105607988
1.3,-3.566686609299532,320.2904628478488,928.5534480528959,-0.1745,43.109569252016755,-9.015138180635123,0.165,2.816468636758621,-0.5283322105607988
1.4000000000000001,-3.6207221479384137,324.60563828821205,927.6430692424568,-0.1745,43.19393955524873,-9.192438028146013,0.165,2.816468636758621,-0.5283322105607988
1.5000000000000002,-3.661150351209286,328.9294699760218,926.7168261437882,-0.1745,43.28269420094532,-9.332423945225985,0.165,2.816468636758621,-0.5283322105607988
1.6000000000000003,-3.6908691004765073,333.2623468156587,925.7780622153895,-0.1745,43.37484259179334,-9.442854622748834,0.165,2.816468636758621,-0.5283322105607988
1.7000000000000004,-3.712171717377778,337.6045698377382,924.8294238453967,-0.1745,43.46961784979685,-9.529912777105308,0.165,2.816468636758621,-0.5283322105607988
1.8000000000000005,-3.726870455360772,341.9563719130958,923.87300246728,-0.1745,43.56642365735485,-9.598514785228105,0.165,2.816468636758621,-0.5283322105607988
1.9000000000000006,-3.7363955652929004,346.31793283016594,922.9104485936525,-0.1745,43.66479468404816,-9.652562687322018,0.165,2.816468636758621,-0.5283322105607988
2.0000000000000004,-3.741874505418448,350.68939090437766,921.9430630437392,-0.1745,43.76436680018623,-9.695148310942804,0.165,2.816468636758621,-0.5283322105607988
2.1000000000000005,-3.307443517183791,355.07085196652247,920.9718697333601,-0.1745,43.86485444271037,-9.728717896639681,0.165,2.816468636758621,-0.5283322105607988
2.2000000000000006,-3.406610237760603,359.4589303593621,920.048493699199,-0.06225,43.89671341408304,-8.73880278658244,0.8300000000000001,2.816468636758621,-0.5283322105607988
2.3000000000000007,-3.482347484406781,363.85236109311495,919.1625783415274,-0.1745,43.97190126097409,-8.979504366849167,0.165,2.816468636758621,-0.5283322105607988
2.400000000000001,-3.539678056726081,368.25362777857725,918.2551595038798,-0.1745,44.053432448272154,-9.168872386103118,0.165,2.816468636758621,-0.5283322105607988
2.500000000000001,-3.5825708699158856,372.6632913039372,917.3308300713553,-0.1745,44.139838058927005,-9.317716264385728,0.165,2.816468636758621,-0.5283322105607988
2.600000000000001,-3.6141560908673096,377.08178292985616,916.3932130129283,-0.1745,44.22999445945181,-9.434624904154473,0.165,2.816468636758621,-0.5283322105607988
2.700000000000001,-3.6368982786607296,381.50943450973193,915.4451614281771,-0.1745,44.32303713806319,-9.526406790868489,0.165,2.816468636758621,-0.5283322105607988
2.800000000000001,-3.652735083011458,385.9465012592109,914.4889187075473,-0.1745,44.41829785151588,-9.598447621728445,0.165,2.816468636758621,-0.5283322105607988
2.9000000000000012,-3.6631879175366726,390.3931790599634,913.5262463456957,-0.1745,44.51525816353466,-9.654999615304959,0.165,2.816468636758621,-0.5283322105607988
3.0000000000000013,-3.6694499803229035,394.84961770315846,912.5585256405188,-0.1745,44.61351470036664,-9.699414488232296,0.165,2.816468636758621,-0.5283322105607988
3.1000000000000014,-3.672456065213547,399.3159310836644,911.5868384022737,-0.1745,44.71275290975175,-9.73433027667132,0.165,2.816468636758621,-0.5283322105607988
3.2000000000000015,-3.6729378021942924,403.7922050829792,910.6120308590829,-0.1745,44.812727076544746,-9.76182058714282,0.165,2.816468636758621,-0.5283322105607988
3.3000000000000016,-3.6714672819684053,408.27850368673313,909.6347641573458,-0.1745,44.913244998534324,-9.783513447599141,0.165,2.816468636758621,-0.5283322105607988
3.4000000000000017,-3.668491449170443,412.7748737451828,908.6555542004833,-0.1745,45.0141561704592,-9.800685689651164,0.165,2.816468636758621,-0.5283322105607988
3.5000000000000018,-3.6643591780708453,417.2813486853535,907.6748030298235,-0.1745,45.11534263295592,-9.814337723544922,0.165,2.816468636758621,-0.5283322105607988
3.600000000000002,-3.65934256034516,421.79795141005764,906.6928235106247,-0.1745,45.21671186112641,-9.825252660428498,0.165,2.816468636758621,-0.5283322105607988
3.700000000000002,-3.653653623111902,426.3246965642998,905.7098587287015,-0.1745,45.318191223717044,-9.834042978036553,0.165,2.816468636758621,-0.5283322105607988
3.800000000000002,-3.6474574446907857,430.86159230836927,904.7260972148339,-0.1745,45.41972365767245,-9.841187299315322,0.165,2.816468636758621,-0.5283322105607988
3.900000000000002,-3.64088243457997,435.4086417055919,903.7416848828282,-0.1745,45.52126428677983,-9.84705934079935,0.165,2.816468636758621,-0.5283322105607988
4.000000000000002,-3.634028383736068,439.9658438087223,902.7567343822238,-0.1745,45.62277777582853,-9.851950671286245,0.165,2.816468636758621,-0.5283322105607988
4.100000000000001,-3.168652836058221,444.5331945104662,901.7713324193846,-0.1745,45.72423625905035,-9.856088585498789,0.165,2.816468636758621,-0.5283322105607988
4.200000000000001,-3.26948175265332,449.10716323161904,900.8408927733799,-0.06225,45.75513816400593,-8.752704334596581,0.8300000000000001,2.816468636758621,-0.5283322105607988
4.300000000000001,-3.354532059226582,453.6861901729208,899.9530249991449,-0.1745,45.82540066202995,-9.004651150103685,0.165,2.8201441150282225,-0.6185971668455327
4.4,-3.4186152279544704,458.2724700859449,899.041742545949,-0.1745,45.90019759845213,-9.22099791381494,0.165,2.8201441150282225,-0.6185971668455327
4.5,-3.466429632438258,462.8665319982144,898.1112261625922,-0.1745,45.981040646937316,-9.389329753320425,0.165,2.8201441150282225,-0.6185971668455327
4.6,-3.501639409191956,467.46890791955684,897.165747478501,-0.1745,46.066477779912375,-9.520243928502524,0.165,2.8201441150282225,-0.6185971668455327
4.699999999999999,-3.5270973232690253,472.08000214401665,896.2086330546582,-0.1745,46.155406709283945,-9.622044548353587,0.165,2.8201441150282225,-0.6185971668455327
4.799999999999999,-3.545021171418358,476.7001217954592,895.2424695659389,-0.1745,46.24698631956697,-9.701225226033506,0.165,2.8201441150282225,-0.6185971668455327
4.899999999999999,-3.557132874741658,481.32949972125436,894.2692655865353,-0.1745,46.34057219633554,-9.762854362039276,0.165,2.8201441150282225,-0.6185971668455327
4.999999999999998,-3.563816933304688,485.9683117856087,893.2905787963562,-0.1745,46.4356690907514,-9.810881441544048,0.165,2.8201441150282225,-0.6185971668455327
5.099999999999998,-3.567033890121016,490.61996451942105,892.3070384729871,-0.1745,46.59738558549498,-9.859925025837383,0.8300000000000001,2.8201441150282225,-0.6185971668455327
5.1999999999999975,-3.5678401694726336,495.28456507176753,891.3196949214349,-0.1745,46.69462546143485,-9.886946005205541,0.165,2.8201441150282225,-0.6185971668455327
5.299999999999997,-3.566802702929735,499.9589167337515,890.3299370189981,-0.1745,46.792407778244836,-9.908212043532107,0.165,2.8201441150282225,-0.6185971668455327
5.399999999999997,-3.5643592619905284,504.6430656761337,889.3382743412607,-0.1745,46.89057106939917,-9.925041511215634,0.165,2.8201441150282225,-0.6185971668455327
5.4999999999999964,-3.453951050070639,509.3370437462192,888.3450995088373,-0.1745,46.98899033231091,-9.938455137252943,0.165,2.8201441150282225,-0.6185971668455327
5.599999999999996,-3.4747206365036747,514.0424642031708,887.3635167888486,-0.1495,47.119418806720795,-9.69319926251893,0.495,2.8201441150282225,-0.6185971668455327
5.699999999999996,-3.489032100749098,518.7589682934743,886.3907721924759,-0.1745,47.210662999349076,-9.761692664935898,0.165,2.8201441150282225,-0.6185971668455327
5.799999999999995,-3.4983934420587643,523.484684462228,885.4119465611877,-0.1745,47.303660375725,-9.814819960827021,0.165,2.8201441150282225,-0.6185971668455327
5.899999999999995,-3.503966659587076,528.2197656489624,884.4283998155987,-0.1745,47.397963358963786,-9.85611495095341,0.165,2.8201441150282225,-0.6185971668455327
5.999999999999995,-3.5066462564891427,532.9643252548777,883.4411786205804,-0.1745,47.493228759343886,-9.888308949412673,0.165,2.8201441150282225,-0.6185971668455327
6.099999999999994,-3.507120185413459,537.7184463450504,882.4510876464559,-0.1745,47.589193044110175,-9.913510533077211,0.165,2.8201441150282225,-0.6185971668455327
6.199999999999994,-3.5059170823173846,542.4821886787715,881.4587448301413,-0.1745,47.68565363031141,-9.933345793213544,0.165,2.8201441150282225,-0.6185971668455327
6.299999999999994,-3.503442820075517,547.2555940934385,880.4646241646748,-0.1745,47.782454663027984,-9.949067516117184,0.165,2.8201441150282225,-0.6185971668455327
6.399999999999993,-3.5000087608394286,552.0386906346948,879.4690887884041,-0.1745,47.8794761620993,-9.961640009296591,0.165,2.8201441150282225,-0.6185971668455327
6.499999999999993,-3.4958535677634894,556.831495728584,878.4724165431816,-0.1745,47.9766257156821,-9.971804895153797,0.165,2.8201441150282225,-0.6185971668455327
6.5999999999999925,-3.4911600273107295,561.6340186198493,877.4748196950003,-0.1745,48.07383210962306,-9.980132068471226,0.165,2.8201441150282225,-0.6185971668455327
6.699999999999992,-3.486068011472735,566.446262247042,876.4764601359196,-0.1745,48.17104043423098,-9.987059113141587,0.165,2.8201441150282225,-0.6185971668455327
6.799999999999992,-3.4806844570915736,571.2682246848565,875.4774610923845,-0.1745,48.2682083220587,-9.992921757562543,0.165,2.8201441150282225,-0.6185971668455327
6.8999999999999915,-3.475091042533771,576.0999002536332,874.4779161353966,-0.1745,48.36530305347589,-9.997977382193973,0.165,2.8201441150282225,-0.6185971668455327
6.999999999999991,-3.4693500885182,580.9412803727641,873.4778961089128,-0.1745,48.46229932914241,-10.002423147482247,0.165,2.8201441150282225,-0.6185971668455327
7.099999999999991,-3.463509090575181,585.7923542169991,872.4774544534765,-0.1745,48.55917755555626,-10.006409961243516,0.165,2.8201441150282225,-0.6185971668455327
7.19999999999999,-3.4576041979800176,590.6531092210571,871.4766312938298,-0.1745,48.65592252560272,-10.010053231692682,0.165,2.8201441150282225,-0.6185971668455327
7.29999999999999,-3.4516628821930206,595.5235314675031,870.475456575271,-0.1745,48.75252240331621,-10.01344113948235,0.165,2.8201441150282225,-0.6185971668455327
7.39999999999999,-3.3347268130111707,600.4036059848171,869.4739524684729,-0.1745,48.84896794296388,-10.016640996478538,0.165,2.8201441150282225,-0.6185971668455327
7.499999999999989,-3.3563347731273243,605.2934163591249,868.4862471554186,-0.1495,48.94723954319198,-9.73746526460863,0.165,2.8201441150282225,-0.6185971668455327
7.599999999999989,-3.3712814337250077,610.1925135801134,867.5089487173733,-0.1745,49.03470487657957,-9.808503496296554,0.165,2.8201441150282225,-0.6185971668455327
7.699999999999989,-3.381179157493686,615.1004540559894,866.5253679650855,-0.1745,49.12410464094042,-9.86311154945975,0.165,2.8201441150282225,-0.6185971668455327
7.799999999999988,-3.387255873844615,620.0174056022769,865.5369516934512,-0.1745,49.214926284807945,-9.905213883226368,0.165,2.8201441150282225,-0.6185971668455327
7.899999999999988,-3.3904458415636585,624.943490991322,864.5448006181052,-0.1745,49.306781496096086,-9.937807623693244,0.165,2.8201441150282225,-0.6185971668455327
7.999999999999988,-3.391459248328891,629.8787988494713,863.5497512821449,-0.1745,49.39937566688912,-9.963179095513429,0.165,2.8201441150282225,-0.6185971668455327
8.099999999999987,-2.889049057136956,634.8233918855634,862.5524387967744,-0.1745,49.49248505495354,-9.983070611897737,0.165,2.8201441150282225,-0.6185971668455327
8.199999999999987,-3.013742477254362,639.7742017344139,861.6183064946462,-0.06225,49.523711922055895,-8.699575430667206,0.8300000000000001,2.8201441150282225,-0.6185971668455327
8.299999999999986,-3.1064857999992808,644.7291508742283,860.7320120133254,-0.1745,49.57527087423194,-9.026314195747243,0.165,2.8201441150282225,-0.6185971668455327
8.399999999999986,-3.174539874540965,649.6930709002157,859.8163679641465,-0.1745,49.70312964551666,-9.286566787830482,0.8300000000000001,2.8201441150282225,-0.6185971668455327
8.499999999999986,-3.224570075991395,654.6669086446535,858.878352998671,-0.1745,49.77362524324005,-9.473732521680924,0.165,2.8201441150282225,-0.6185971668455327
8.599999999999985,-3.260963634625202,659.648089205925,857.9238604454067,-0.1745,49.849985982190184,-9.616118543604795,0.165,2.8201441150282225,-0.6185971668455327
8.699999999999985,-3.2870534080043443,664.6371231946046,856.956829241132,-0.1745,49.930693791401,-9.72450554188935,0.165,2.8201441150282225,-0.6185971668455327
8.799999999999985,-3.3053677644699815,669.6343888131471,855.9802483351634,-0.1745,50.01461857945059,-9.807112577482131,0.165,2.8201441150282225,-0.6185971668455327
8.899999999999984,-3.317822433304966,674.6401655148198,854.9963829476403,-0.1745,50.10091545400482,-9.870195172981067,0.165,2.8201441150282225,-0.6185971668455327
8.999999999999984,-3.3258673742195373,679.65465882366,854.0069478245734,-0.1745,50.18895072279842,-9.918507288356938,0.165,2.8201441150282225,-0.6185971668455327
9.099999999999984,-3.3305989402062997,684.6780187590874,853.0132396106419,-0.1745,50.27824798574918,-9.955656990272939,0.165,2.8201441150282225,-0.6185971668455327
9.199999999999983,-3.332845361679552,689.7103535829089,852.0162377883535,-0.1745,50.36844849068046,-9.984379455496626,0.165,2.8201441150282225,-0.6185971668455327
9.299999999999983,-3.3332317863577647,694.7517400955032,851.016681516967,-0.1745,50.45928176120653,-10.006745972232725,0.165,2.8201441150282225,-0.6185971668455327
9.399999999999983,-3.332229692319503,699.8022313690693,850.0151280391174,-0.1745,50.550543710114745,-10.024323584758731,0.165,2.8201441150282225,-0.6185971668455327
9.499999999999982,-3.330194381628231,704.8618625675616,849.0119970196469,-0.1745,50.64208025973207,-10.038296804651003,0.165,2.8201441150282225,-0.6185971668455327
9.599999999999982,-3.32739339832387,709.9306553327608,848.0076041668501,-0.1745,50.73377504425282,-10.049560251284278,0.165,2.8201441150282225,-0.6185971668455327
9.699999999999982,-3.3240280463578142,715.0086210927415,847.0021867009501,-0.1745,50.8255401553602,-10.058789066716288,0.165,2.8201441150282225,-0.6185971668455327
9.799999999999981,-3.320249668228702,720.095763558847,845.9959226290082,-0.1745,50.917309166751004,-10.066492372121473,0.165,2.8201441150282225,-0.6185971668455327
9.89999999999998,-3.316171949801674,725.1920806107207,844.9889453200831,-0.1745,51.00903187072251,-10.073053806381369,0.165,2.8201441150282225,-0.6185971668455327
9.99999999999998,-3.3118802141387675,730.2975657194564,843.9813545178259,-0.1745,51.100670303992494,-10.078762238760959,0.165,2.8201441150282225,-0.6185971668455327
10.09999999999998,-3.3074384359472244,735.412209021953,842.973224655049,-0.1745,51.19219574593882,-10.08383501677919,0.165,2.8201441150282225,-0.6185971668455327
10.19999999999998,-3.3028945319296303,740.5359981318047,841.9646111267501,-0.1745,51.283586451095196,-10.088435549198284,0.165,2.8201441150282225,-0.6185971668455327
10.29999999999998,-3.2982843480677375,745.6689187511814,840.9555550195774,-0.1745,51.374825936438405,-10.092686594254358,0.165,2.8201441150282225,-0.6185971668455327
10.399999999999979,-3.2936346627865025,750.8109551324038,839.9460866751261,-0.1745,51.465901688009595,-10.096680294772057,0.165,2.8201441150282225,-0.6185971668455327
10.499999999999979,-3.2889654474080943,755.9620904260302,838.9362283728274,-0.1745,51.556804184516245,-10.100485751204129,0.165,2.8201441150282225,-0.6185971668455327
10.599999999999978,-3.284291566473952,761.1223069432821,837.9259963486305,-0.1745,51.647526160523064,-10.104154732733033,0.165,2.8201441150282225,-0.6185971668455327
10.699999999999978,-3.2796240559151633,766.291586353843,836.9154023129274,-0.1745,51.738062050694296,-10.107725981329509,0.165,2.8201441150282225,-0.6185971668455327
10.799999999999978,-3.2749710832723533,771.469909834918,835.9044545911968,-0.1745,51.82840757080665,-10.11122845328445,0.165,2.8201441150282225,-0.6185971668455327
10.899999999999977,-3.270338668601895,776.6572581835603,834.893158980586,-0.1745,51.91855940203951,-10.114683758930175,0.165,2.8201441150282225,-0.6185971668455327
10.999999999999977,-3.265731225372432,781.853611901323,833.8815193927543,-0.1745,52.00851495321467,-10.118107997703262,0.165,2.8201441150282225,-0.6185971668455327
11.099999999999977,-3.2611519660460258,787.0589512580757,832.8695383359927,-0.1745,52.098272181838894,-10.121513137527332,0.165,2.8201441150282225,-0.6185971668455327
11.199999999999976,-3.256603206005585,792.2732563401418,831.8572172765657,-0.1745,52.187829459481556,-10.124908051012998,0.165,2.8201441150282225,-0.6185971668455327
11.299999999999976,-3.2520865911645065,797.4965070866439,830.8445569093468,-0.1745,52.277185470560084,-10.128299293366512,0.165,2.8201441150282225,-0.6185971668455327
11.399999999999975,-3.2474014365414403,802.7286833169861,829.8315573603772,-0.1745,52.36633913628451,-10.131691686024238,0.165,2.8201441150282225,-0.6185971668455327
11.499999999999975,-3.2425268769140327,807.9713896939026,828.8179318723714,-0.1745,52.48778840204363,-10.140818074091921,0.495,2.8201441150282225,-0.6185971668455327
11.599999999999975,-3.2378006970429323,813.224609749192,827.8037375903467,-0.1745,52.576612703745965,-10.143067566401609,0.165,2.8201441150282225,-0.6185971668455327
11.699999999999974,-2.6971522236477616,818.4867000069304,826.7893029222431,-0.1745,52.665192451021575,-10.145625795670957,0.165,2.8201441150282225,-0.6185971668455327
11.799999999999974,-2.836413511189728,823.7513736026319,825.8485783440005,-0.06225,52.628279463009754,-8.668865769179819,0.165,2.8201441150282225,-0.6185971668455327
11.899999999999974,-2.9386458387316727,829.0159693040486,824.9626147898279,-0.1745,52.66363456532174,-9.050405314273371,0.165,2.8201441150282225,-0.6185971668455327
11.999999999999973,-3.013327089540989,834.2848034686217,824.0433389441735,-0.1745,52.713048726142354,-9.335111598814487,0.165,2.8201441150282225,-0.6185971668455327
12.099999999999973,-3.0675384145042672,839.5590877302271,823.0992060146751,-0.1745,52.77263650596665,-9.547546991151714,0.165,2.8201441150282225,-0.6185971668455327
12.199999999999973,-3.106560857353367,844.8396999933915,822.1365225514653,-0.1745,52.83960875732103,-9.706122273043947,0.165,2.8201441150282225,-0.6185971668455327
12.299999999999972,-3.13432685243625,850.1272777298348,821.1599858086946,-0.1745,52.911945971543744,-9.82461258237047,0.165,2.8201441150282225,-0.6185971668455327
12.399999999999972,-3.153760680439312,855.4222838482201,820.1730898456079,-0.1745,52.98817639616323,-9.91330667936249,0.165,2.8201441150282225,-0.6185971668455327
12.499999999999972,-2.624901377017075,860.7250537832412,819.1784306547909,-0.1745,53.06722230425739,-9.979877136979784,0.165,2.8201441150282225,-0.6185971668455327
12.599999999999971,-2.355286978046291,866.0316630462796,818.2528352712236,-0.06225,53.06496295651085,-8.532030534365497,0.495,2.8201441150282225,-0.6185971668455327
12.69999999999997,-2.580170598603188,871.3427125420002,817.4356405606978,-0.08725,53.156026957899606,-7.811863676150704,0.8300000000000001,2.8201441150282225,-0.6185971668455327
12.79999999999997,-2.745688104664315,876.6582498797534,816.6239445831571,-0.1745,53.15471979716399,-8.42205587466244,0.165,2.8201441150282225,-0.6185971668455327
12.89999999999997,-2.867122342362097,881.9748696971194,815.759037304029,-0.1745,53.177676550156335,-8.876089707899698,0.165,2.8201441150282225,-0.6185971668455327
12.99999999999997,-2.9553635074233453,887.2962764984738,814.854258710079,-0.1745,53.250459476933486,-9.21948217110097,0.495,2.8201441150282225,-0.6185971668455327
13.09999999999997,-3.019447807483275,892.6239623586237,813.9198070904815,-0.1745,53.30325772606224,-9.469550220846752,0.165,2.8201441150282225,-0.6185971668455327
13.199999999999969,-3.0656630131316005,897.9573764674915,812.963555451005,-0.1745,53.36502445129398,-9.655482568681792,0.165,2.8201441150282225,-0.6185971668455327
13.299999999999969,-3.0986767330709784,903.2972917409065,811.9910896402534,-0.1745,53.43328101700624,-9.793833646351072,0.165,2.8201441150282225,-0.6185971668455327
13.399999999999968,-3.121948929371685,908.6442674686482,811.0065514620266,-0.1745,53.50623353782654,-9.89692991818615,0.165,2.8201441150282225,-0.6185971668455327
13.499999999999968,-3.1377906424926123,913.9987079617937,810.0130082350033,-0.1745,53.58257632508323,-9.973934622278744,0.165,2.8201441150282225,-0.6185971668455327
13.599999999999968,-3.147760585523791,919.3641790366465,809.0121517569613,-0.1745,53.72684517197416,-10.043194938562316,0.8300000000000001,2.8201441150282225,-0.6185971668455327
13.699999999999967,-3.1540682637347537,924.7408965603329,808.0057724687493,-0.1745,53.80750530175318,-10.084390825676696,0.165,2.8201441150282225,-0.6185971668455327
13.799999999999967,-3.1576891173541144,930.1257372191506,806.9957698658044,-0.1745,53.88930787460043,-10.115661233221537,0.165,2.8201441150282225,-0.6185971668455327
13.899999999999967,-3.159342257551022,935.5187973934588,805.9830059485957,-0.1745,53.97189561156612,-10.139617110951365,0.165,2.8201441150282225,-0.6185971668455327
13.999999999999966,-3.159557422850324,940.9201424491401,804.9681157390662,-0.1745,54.05500550206004,-10.158187079639747,0.165,2.8201441150282225,-0.6185971668455327
14.099999999999966,-3.1587245633081897,946.3298149160189,803.9515666563814,-0.1745,54.138443835514444,-10.172794574057814,0.165,2.8201441150282225,-0.6185971668455327
14.199999999999966,-3.157130521803494,951.7478405031275,802.9337024594428,-0.1745,54.22206790665566,-10.184489364713553,0.165,2.8201441150282225,-0.6185971668455327
14.299999999999965,-3.154986145114455,957.1742325273499,801.9147757370527,-0.1745,54.30577257779376,-10.194045083088668,0.165,2.8201441150282225,-0.6185971668455327
14.399999999999965,-3.1524463049772598,962.6089951758473,800.8949719099966,-0.1745,54.38948039215486,-10.202031458034053,0.165,2.8201441150282225,-0.6185971668455327
14.499999999999964,-3.1496246719268624,968.0521259100537,799.8744269486613,-0.1745,54.47313429197283,-10.208867768672338,0.165,2.8201441150282225,-0.6185971668455327
14.599999999999964,-3.1466046092805087,973.5036172372338,798.8532404420595,-0.1745,54.556692251628846,-10.21486236336433,0.165,2.8201441150282225,-0.6185971668455327
14.699999999999964,-3.1434472006762832,978.9634580158628,797.8314852312141,-0.1745,54.64012332095009,-10.220241853543753,0.165,2.8201441150282225,-0.6185971668455327
14.799999999999963,-3.1401971614949833,984.4316344173066,796.8092145053391,-0.1745,54.72340470792442,-10.225172663955343,0.165,2.8201441150282225,-0.6185971668455327
14.899999999999963,-3.136887189207254,989.9081306341028,795.7864670256748,-0.1745,54.806519628000935,-10.229776929329738,0.165,2.8201441150282225,-0.6185971668455327
14.999999999999963,-3.1335411628921,995.3929294014483,794.7632709685707,-0.1745,54.88945571890929,-10.234144212751588,0.165,2.8201441150282225,-0.6185971668455327
15.099999999999962,-3.003432128117364,1000.8860123810279,793.7396467510173,-0.1745,54.972203872682215,-10.238340138317303,0.165,2.8201441150282225,-0.6185971668455327
15.199999999999962,-3.0350848996100135,1006.3880111146693,792.7335180224999,-0.1495,55.06777080014639,-9.884234432029924,0.165,2.8201441150282225,-0.6185971668455327
15.299999999999962,-3.0572269548158193,1011.8982371734046,791.7400535412294,-0.1745,55.13675037455922,-9.985055193379564,0.165,2.8201441150282225,-0.6185971668455327
15.399999999999961,-3.0724360339416616,1017.4155345253898,790.7378190342479,-0.1745,55.209196665146315,-10.05963494625146,0.165,2.8201441150282225,-0.6185971668455327
15.499999999999961,-3.0825970548755626,1022.9401995986743,789.7290857159911,-0.1745,55.28410480054368,-10.115031418882744,0.165,2.8201441150282225,-0.6185971668455327
15.59999999999996,-3.08908705945034,1028.472442142057,788.7155133146824,-0.1745,55.3607460671068,-10.15641660729032,0.165,2.8201441150282225,-0.6185971668455327
15.69999999999996,-3.0929112189889985,1034.01240899353,787.6983136563204,-0.1745,55.438590962355036,-10.187576559952191,0.165,2.8201441150282225,-0.6185971668455327
15.79999999999996,-3.0948026922660707,1039.5602012530858,786.6783708215105,-0.1745,55.51725422876233,-10.211280136245062,0.165,2.8201441150282225,-0.6185971668455327
15.89999999999996,-3.0952958460726583,1045.1158867309998,785.6563292868979,-0.1745,55.59645532951765,-10.229550556007215,0.165,2.8201441150282225,-0.6185971668455327
15.99999999999996,-3.0947798832665545,1050.67950899202,784.6326585074111,-0.1745,55.67598989088246,-10.243865033729024,0.165,2.8201441150282225,-0.6185971668455327
16.09999999999996,-3.0935380822582346,1056.2510939364201,783.6077001888797,-0.1745,55.755708997123556,-10.255301336899462,0.165,2.8201441150282225,-0.6185971668455327
16.19999999999996,-2.962819126759239,1061.8306545934122,782.5817028595058,-0.1745,55.83550414271592,-10.26464525057964,0.165,2.8201441150282225,-0.6185971668455327
16.29999999999996,-2.9968383967072167,1067.4189354482994,781.5733274666309,-0.1495,55.93011295502806,-9.90286260691794,0.165,2.8201441150282225,-0.6185971668455327
16.399999999999963,-3.020624691253234,1073.0152256074823,780.5776320757951,-0.1745,55.99569022862945,-10.011045209797468,0.165,2.8201441150282225,-0.6185971668455327
16.499999999999964,-3.036993972668864,1078.6182657443094,779.5725513573466,-0.1745,56.06511250791316,-10.090569159173715,0.165,2.8201441150282225,-0.6185971668455327
16.599999999999966,-3.0479932512695114,1084.2283840161112,778.5605596398761,-0.1745,56.137252928123964,-10.149265190234484,0.165,2.8201441150282225,-0.6185971668455327
16.699999999999967,-3.0551091989437342,1089.8458116452264,777.5434544992938,-0.1745,56.211299654179335,-10.192837621411567,0.165,2.8201441150282225,-0.6185971668455327
16.79999999999997,-3.0594206404588116,1095.4707099551613,776.5225407512968,-0.1745,56.286666544517175,-10.225437338529614,0.165,2.8201441150282225,-0.6185971668455327
16.89999999999997,-3.061709843893268,1101.103189772502,775.4987647854646,-0.1745,56.36292980229852,-10.250081978113824,0.165,2.8201441150282225,-0.6185971668455327
16.99999999999997,-3.0625436341485357,1106.7433253995341,774.4728125137037,-0.1745,56.43978273834306,-10.26896345710334,0.165,2.8201441150282225,-0.6185971668455327
17.099999999999973,-3.0623324454125873,1112.3911647015577,773.4451807068472,-0.1745,56.5170033021291,-10.28367268002798,0.165,2.8201441150282225,-0.6185971668455327
17.199999999999974,-3.061373270643999,1118.0467364012663,772.4162288978509,-0.1745,56.59443069204459,-10.29536349989555,0.165,2.8201441150282225,-0.6185971668455327
17.299999999999976,-3.0598808721651682,1123.7100553590353,771.3862171122287,-0.1745,56.6719484633365,-10.304872212548652,0.165,2.8201441150282225,-0.6185971668455327
17.399999999999977,-3.0580104440951765,1129.381126397597,770.3553332738746,-0.1745,56.74947230789543,-10.312804554531235,0.165,2.8201441150282225,-0.6185971668455327
17.49999999999998,-3.0558740559986135,1135.0599470731997,769.3237130969152,-0.1745,56.826941204160754,-10.31959898465762,0.165,2.8201441150282225,-0.6185971668455327
17.59999999999998,-3.053497442093822,1140.7465096835901,768.2914545138237,-0.1745,56.904311003648985,-10.325572677171362,0.165,2.8201441150282225,-0.6185971668455327
17.69999999999998,-3.050657793955299,1146.4424276650896,767.2583416677334,-0.1745,57.01404862633727,-10.33668424463681,0.495,2.8201441150282225,-0.6185971668455327
17.799999999999983,-3.047846287621108,1152.1476902226539,766.224482799121,-0.1745,57.091202524949814,-10.34049312761067,0.165,2.8201441150282225,-0.6185971668455327
17.899999999999984,-3.0450614490728567,1157.8606573821626,765.1902422384426,-0.1745,57.168140665222644,-10.344318085956818,0.165,2.8201441150282225,-0.6185971668455327
17.999999999999986,-3.0423021665541423,1163.5813075950775,764.1556185697718,-0.1745,57.24486359307752,-10.348155287457,0.165,2.8201441150282225,-0.6185971668455327
18.099999999999987,-3.039567590063408,1169.309619360626,763.1206107092186,-0.1745,57.32137171789028,-10.352001923607911,0.165,2.8201441150282225,-0.6185971668455327
18.19999999999999,-3.03685705875297,1175.0455712141122,762.0852178167485,-0.1745,57.39766535183727,-10.355855925794138,0.165,2.8201441150282225,-0.6185971668455327
18.29999999999999,-3.0341700485136265,1180.7891417186222,761.0494392324592,-0.1745,57.473744738363784,-10.359715759989516,0.165,2.8201441150282225,-0.6185971668455327
18.39999999999999,-3.031506134152133,1186.5403094591786,760.0132744305427,-0.1745,57.54961007276627,-10.363580278341512,0.165,2.8201441150282225,-0.6185971668455327
18.499999999999993,-3.0288649621125074,1192.2990530386699,758.9767229860288,-0.1745,57.62526151706046,-10.367448611936393,0.165,2.8201441150282225,-0.6185971668455327
18.599999999999994,-3.026246230811438,1198.0653510750585,757.939784550764,-0.1745,57.7006992107118,-10.371320093360703,0.165,2.8201441150282225,-0.6185971668455327
18.699999999999996,-3.0236496764690353,1203.8391821995126,756.9024588360554,-0.1745,57.775923278371266,-10.375194200809814,0.165,2.8201441150282225,-0.6185971668455327
18.799999999999997,-3.0210750629036265,1209.6205250552034,755.8647456001264,-0.1745,57.850933835445296,-10.379070517769375,0.165,2.8201441150282225,-0.6185971668455327
18.9,-3.018522174184388,1215.4093582965806,754.8266446390406,-0.1745,57.92573099209992,-10.382948703945681,0.165,2.8201441150282225,-0.6185971668455327
19.0,-2.8812524952841105,1221.2056605889923,753.7881557801275,-0.1745,58.00031485613381,-10.386828474317008,0.165,2.8201441150282225,-0.6185971668455327
19.1,-2.917521768728788,1227.0119901387163,752.7689976415503,-0.1495,58.12627613834683,-9.996334297226113,0.495,2.8201441150282225,-0.6185971668455327
19.200000000000003,-2.9426983534574367,1232.827516498188,751.7635213079369,-0.1745,58.18425105108784,-10.113192375041004,0.165,2.8201441150282225,-0.6185971668455327
19.300000000000004,-2.959954590509925,1238.6490629393527,750.7479721292325,-0.1745,58.246677772202716,-10.19779119904728,0.165,2.8201441150282225,-0.6185971668455327
19.400000000000006,-2.9715613155881666,1244.4770072753415,749.7251174437296,-0.1745,58.312208947575265,-10.259302511012196,0.165,2.8201441150282225,-0.6185971668455327
19.500000000000007,-2.979142619154358,1250.3116121847456,748.6969371252284,-0.1745,58.37988924050861,-10.304303859012597,0.165,2.8201441150282225,-0.6185971668455327
19.60000000000001,-2.9838591298001194,1256.1530586308018,747.6648465539232,-0.1745,58.44903968061211,-10.337507567089752,0.165,2.8201441150282225,-0.6185971668455327
19.70000000000001,-2.9865396744099977,1262.0014694636263,746.629856843224,-0.1745,58.519176975878885,-10.362286646893654,0.165,2.8201441150282225,-0.6185971668455327
19.80000000000001,-2.987775735770668,1267.856926152322,745.5926898347943,-0.1745,58.58995679803437,-10.381053521701432,0.165,2.8201441150282225,-0.6185971668455327
19.900000000000013,-2.9879891475535447,1273.7194806774783,744.5538605419513,-0.1745,58.66113370508908,-10.39553233515916,0.165,2.8201441150282225,-0.6185971668455327
20.000000000000014,-2.987480564791944,1279.5891639984384,743.5137362006242,-0.1745,58.732532714112,-10.406954491382422,0.165,2.8201441150282225,-0.6185971668455327
20.100000000000016,-2.9864641413095234,1285.4659920884264,742.4725785303405,-0.1745,58.8040290856492,-10.416198914291957,0.165,2.8201441150282225,-0.6185971668455327
20.200000000000017,-2.8479307516301473,1291.3499702388683,741.4305739566686,-0.1745,58.87553392318856,-10.423892559146323,0.165,2.8201441150282225,-0.6185971668455327
20.30000000000002,-2.8860093343555744,1297.2454262869683,740.4079385383593,-0.1495,59.03358703881079,-10.028815807040301,0.8300000000000001,2.8201441150282225,-0.6185971668455327
20.40000000000002,-2.912366129569779,1303.1514998105272,739.398897582495,-0.1745,59.08788343236765,-10.15200331024446,0.165,2.8201441150282225,-0.6185971668455327
20.50000000000002,-2.9304056559976726,1309.0632447302125,738.3792682876198,-0.1745,59.1470149613379,-10.240582587260903,0.165,2.8201441150282225,-0.6185971668455327
20.600000000000023,-2.9425493652140617,1314.9810704866486,737.352011589878,-0.1745,59.20950016738333,-10.304551367575836,0.165,2.8201441150282225,-0.6185971668455327
20.700000000000024,-2.950518012005587,1320.9052602865743,736.3192323658609,-0.1745,59.27429583113009,-10.351033112764618,0.165,2.8201441150282225,-0.6185971668455327
20.800000000000026,-2.9555334704030733,1326.836008353022,735.282425796844,-0.1745,59.34066549782411,-10.38509826757272,0.165,2.8201441150282225,-0.6185971668455327
20.900000000000027,-2.9584627582196257,1332.7734460492402,734.2426532445015,-0.1745,59.40808842653861,-10.410352779277023,0.165,2.8201441150282225,-0.6185971668455327
21.00000000000003,-2.959920690717701,1338.7176602726627,733.2006676513796,-0.1745,59.47619604191053,-10.429359083161758,0.165,2.8201441150282225,-0.6185971668455327
21.10000000000003,-2.9603429703512214,1344.6687064414514,732.1570028577614,-0.1745,59.54472733386509,-10.443936789201253,0.165,2.8201441150282225,-0.6185971668455327
21.20000000000003,-2.9600381800631013,1350.6266176798274,731.1120371596747,-0.1745,59.613497433653414,-10.455377172531596,0.165,2.8201441150282225,-0.6185971668455327
21.300000000000033,-2.959224740146666,1356.5914113222404,730.0660385004225,-0.1745,59.682375414607066,-10.464596012514855,0.165,2.8201441150282225,-0.6185971668455327
21.400000000000034,-2.9580571585529984,1362.5630935220743,729.0191965797771,-0.1745,59.75126858206877,-10.472242400391576,0.165,2.8201441150282225,-0.6185971668455327
21.500000000000036,-2.9566446642206747,1368.5416625183443,727.9716456528665,-0.1745,59.82011134333224,-10.478776137819757,0.165,2.8201441150282225,-0.6185971668455327
21.600000000000037,-2.95506442555387,1374.5271109513785,726.9234807083204,-0.1745,59.88885731735057,-10.4845227531021,0.165,2.8201441150282225,-0.6185971668455327
21.70000000000004,-2.9533709221664006,1380.5194275042204,725.874768941581,-0.1745,59.957473739487526,-10.489712581687337,0.165,2.8201441150282225,-0.6185971668455327
21.80000000000004,-2.951602585626355,1386.51859806587,724.8255578870173,-0.1745,60.02593749350425,-10.494508509587188,0.165,2.8201441150282225,-0.6185971668455327
21.90000000000004,-2.949786502481851,1392.5246065554372,723.77588117869,-0.1745,60.09423229783857,-10.499025656959072,0.165,2.8201441150282225,-0.6185971668455327
22.000000000000043,-2.9479417432097805,1398.5374355058714,722.7257626290697,-0.1745,60.16234671084217,-10.50334533544892,0.165,2.8201441150282225,-0.6185971668455327
22.100000000000044,-2.9460817173175564,1404.5570664772658,721.6752191153117,-0.1745,60.23027271704672,-10.507524939710226,0.165,2.8201441150282225,-0.6185971668455327
22.200000000000045,-2.9442158386249115,1410.5834803493974,720.6242626206399,-0.1745,60.298004725585585,-10.511604953727257,0.165,2.8201441150282225,-0.6185971668455327
22.300000000000047,-2.94235070217405,1416.6166575287218,719.572901677409,-0.1745,60.36553886090115,-10.515613910888998,0.165,2.8201441150282225,-0.6185971668455327
22.40000000000005,-2.9404909155681205,1422.6565780948,718.5211423866842,-0.1745,60.43287246065903,-10.519571903606927,0.165,2.8201441150282225,-0.6185971668455327
22.50000000000005,-2.938639685909714,1428.7032219038576,717.4689891382366,-0.1745,60.500003720497794,-10.52349306534682,0.165,2.8201441150282225,-0.6185971668455327
22.60000000000005,-2.9367992339800213,1434.756568662022,716.416445118717,-0.1745,60.566931442787684,-10.527387325043895,0.165,2.8201441150282225,-0.6185971668455327
22.700000000000053,-2.9349710863615783,1440.8165979771127,715.3635126701362,-0.1745,60.63365485902936,-10.531261646573286,0.165,2.8201441150282225,-0.6185971668455327
22.800000000000054,-2.9331562813704712,1446.8832893952824,714.3101935426088,-0.1745,60.70017350436661,-10.535120903975168,0.165,2.8201441150282225,-0.6185971668455327
22.900000000000055,-2.931355514155496,1452.9566224269488,713.2564890724518,-0.1745,60.76648712896135,-10.53896849916376,0.165,2.8201441150282225,-0.6185971668455327
23.000000000000057,-2.929569238883078,1459.0365765651684,712.2024003076102,-0.1745,60.83259563543032,-10.542806797669137,0.165,2.8201441150282225,-0.6185971668455327
23.10000000000006,-2.7858777851428966,1465.1231312986747,711.1479280959337,-0.1745,60.89849903469814,-10.546637435861852,0.165,2.8201441150282225,-0.6185971668455327
23.20000000000006,-2.827317312452244,1471.2175148087817,710.1151146880696,-0.1495,60.989171167440816,-10.109630721420363,0.165,2.8201441150282225,-0.6185971668455327
23.30000000000006,-2.855778523010375,1477.3187440623992,709.0973646469638,-0.1745,61.03541390491044,-10.245370100697,0.165,2.8201441150282225,-0.6185971668455327
23.400000000000063,-2.8751564945247017,1483.424880518937,708.0680188480634,-0.1745,61.08731522584494,-10.341545877312129,0.165,2.8201441150282225,-0.6185971668455327
23.500000000000064,-2.8881830005820044,1489.5364009905584,707.0304426150996,-0.1745,61.14309420658242,-10.409978781965101,0.165,2.8201441150282225,-0.6185971668455327
23.600000000000065,-2.8967723386667767,1495.653631462617,705.9869950596816,-0.1745,61.20151523459037,-10.458972326393654,0.165,2.8201441150282225,-0.6185971668455327
23.700000000000067,-2.9022649673800656,1501.7767931562894,704.9393287561013,-0.1745,61.261718638857154,-10.494353745211498,0.165,2.8201441150282225,-0.6185971668455327
23.800000000000068,-2.905598897798522,1507.9060343495194,703.8886006163318,-0.1745,61.32310522574265,-10.520209050179323,0.165,2.8201441150282225,-0.6185971668455327
23.90000000000007,-2.907430116665282,1514.0414524556502,702.8356201037258,-0.1745,61.385256896874914,-10.539401201941264,0.165,2.8201441150282225,-0.6185971668455327
24.00000000000007,-2.9082171133358186,1520.183109387854,701.780953300373,-0.1745,61.44788174720414,-10.553934865114297,0.165,2.8201441150282225,-0.6185971668455327
24.100000000000072,-2.908280159960441,1526.3310422720544,700.7249959141249,-0.1745,61.51077593680472,-10.565212859848556,0.165,2.8201441150282225,-0.6185971668455327
24.200000000000074,-2.9078428547808177,1532.4852709257755,699.6680244568806,-0.1745,61.5737971376174,-10.574216285036865,0.165,2.8201441150282225,-0.6185971668455327
24.300000000000075,-2.907061216158009,1538.6458030830227,698.610232096541,-0.1745,61.636846007324316,-10.58163092175404,0.165,2.8201441150282225,-0.6185971668455327
24.400000000000077,-2.9060440456223864,1544.8126380458348,697.5517537568803,-0.1745,61.69985324891804,-10.587935871460953,0.165,2.8201441150282225,-0.6185971668455327
24.500000000000078,-2.904867171986308,1550.9857692365754,696.4926836797978,-0.1745,61.762770565893724,-10.593465670189742,0.165,2.8201441150282225,-0.6185971668455327
24.60000000000008,-2.90358340984693,1557.1651859817855,695.4330877068394,-0.1745,61.825564338307665,-10.598453788977645,0.165,2.8201441150282225,-0.6185971668455327
24.70000000000008,-2.9022295182790945,1563.350874758744,694.3730118633372,-0.1745,61.88821120086594,-10.60306308106535,0.165,2.8201441150282225,-0.6185971668455327
24.800000000000082,-2.900831060906543,1569.54282006635,693.3124883552251,-0.1745,61.95069495125452,-10.607407081175118,0.165,2.8201441150282225,-0.6185971668455327
24.900000000000084,-2.8994057985868507,1575.741005033362,692.2515397562868,-0.1745,62.01300438898164,-10.611564897592345,0.165,2.8201441150282225,-0.6185971668455327
25.000000000000085,-2.8979660566046768,1581.9454118430663,691.190181930449,-0.1745,62.075131805106736,-10.615591619163757,0.165,2.8201441150282225,-0.6185971668455327
25.100000000000087,-2.7511735984384917,1588.156022029681,690.1284260702715,-0.1745,62.137071927187094,-10.619525584384169,0.165,2.8201441150282225,-0.6185971668455327
25.200000000000088,-2.7941855704587057,1594.3774867095867,689.088746705397,-0.1495,62.29222167092897,-10.174061713104724,0.8300000000000001,2.8201441150282225,-0.6185971668455327
25.30000000000009,-2.8235451885188216,1600.6087551344372,688.0642211157233,-0.1745,62.33314682608127,-10.316450080370975,0.165,2.8201441150282225,-0.6185971668455327
25.40000000000009,-2.843438533089895,1606.844424050184,687.0275814825692,-0.1745,62.38023148885386,-10.416342582711895,0.165,2.8201441150282225,-0.6185971668455327
25.500000000000092,-2.8567736972213726,1613.0850107128763,685.9824284685623,-0.1745,62.431501764991765,-10.486717697425815,0.165,2.8201441150282225,-0.6185971668455327
25.600000000000094,-2.8657171083972472,1619.330865880365,684.9312623430532,-0.1745,62.48560158478323,-10.536604812756396,0.165,2.8201441150282225,-0.6185971668455327
25.700000000000095,-2.870650204506928,1625.585500293004,683.8752408271805,-0.1745,62.607086667998196,-10.583825504695735,0.8300000000000001,2.8201441150282225,-0.6185971668455327
25.800000000000097,-2.8736401657085793,1631.8490771191018,682.815681939167,-0.1745,62.66444985395441,-10.607352255573325,0.165,2.8201441150282225,-0.6185971668455327
25.900000000000098,-2.875290572717532,1638.1184253688825,681.7540768172787,-0.1745,62.722515141660885,-10.62475018219343,0.165,2.8201441150282225,-0.6185971668455327
26.0000000000001,-2.876019141767254,1644.3936014062701,680.6909440733782,-0.1745,62.78100560609022,-10.637904695817204,0.165,2.8201441150282225,-0.6185971668455327
26.1000000000001,-2.8761148070410316,1650.6746381750856,679.6266427357823,-0.1745,62.83972977022205,-10.648122056100986,0.165,2.8201441150282225,-0.6185971668455327
26.200000000000102,-2.875777320309694,1656.9615524268904,678.5614212934544,-0.1745,62.898555265873945,-10.656306790457869,0.165,2.8201441150282225,-0.6185971668455327
26.300000000000104,-2.8751447055410786,1663.2543497216836,677.4954517076593,-0.1745,62.957390629988794,-10.66308492544348,0.165,2.8201441150282225,-0.6185971668455327
26.400000000000105,-2.8743122826493277,1669.553027888742,676.428852985288,-0.1745,63.01617271117741,-10.668889521982756,0.165,2.8201441150282225,-0.6185971668455327
26.500000000000107,-2.2144782603902535,1675.8575794219378,675.3617075087295,-0.1745,63.07485795273663,-10.674020009186531,0.165,2.8201441150282225,-0.6185971668455327
26.600000000000108,-2.421582605542895,1682.166118234613,674.4007262768927,-0.06225,63.095918300767735,-8.545604627551057,0.8300000000000001,2.8201441150282225,-0.6185971668455327
26.70000000000011,-2.5637049088737154,1688.4751930206567,673.5130096341027,-0.1745,63.085577420108876,-9.208728228247846,0.495,2.8201441150282225,-0.6185971668455327
26.80000000000011,-2.6615724066157576,1694.783251229088,672.5693876274457,-0.1745,63.07558674851621,-9.663711904889784,0.165,2.8201441150282225,-0.6185971668455327
26.900000000000112,-2.728184613674119,1701.093030747632,671.5869535957082,-0.1745,63.12000362236423,-9.984968729860313,0.495,2.8201441150282225,-0.6185971668455327
27.000000000000114,-2.773936960588443,1707.406366850046,670.5775593545189,-0.1745,63.146718425915935,-10.20291609392571,0.165,2.8201441150282225,-0.6185971668455327
27.100000000000115,-2.804161756179016,1713.7261456327033,669.5491176231111,-0.1745,63.248857227229045,-10.365918534230646,0.8300000000000001,2.8201441150282225,-0.6185971668455327
27.200000000000117,-2.8245690438017927,1720.0532052223564,668.5073601115046,-0.1745,63.29233456583428,-10.469231697900172,0.165,2.8201441150282225,-0.6185971668455327
27.300000000000118,-2.8382196036940126,1726.3848349704965,667.4568240363616,-0.1745,63.340260396966286,-10.541489804959173,0.165,2.8201441150282225,-0.6185971668455327
27.40000000000012,-2.8472237788823445,1732.721406844607,666.4001326807862,-0.1745,63.391177085242205,-10.592337306549055,0.165,2.8201441150282225,-0.6185971668455327
27.50000000000012,-2.853035602209879,1739.0631700604963,665.339094201592,-0.1745,63.444087232545236,-10.62843227733465,0.165,2.8201441150282225,-0.6185971668455327
27.600000000000122,-2.8566562899468018,1745.410289772315,664.2749542097964,-0.1745,63.498307003830114,-10.65436755857681,0.165,2.8201441150282225,-0.6185971668455327
27.700000000000124,-2.8587748697544955,1751.762873471764,663.2085703718683,-0.1745,63.55336698514422,-10.673309199985905,0.165,2.8201441150282225,-0.6185971668455327
27.800000000000125,-2.859865273077828,1758.1209890582911,662.1405329933899,-0.1745,63.608944745398034,-10.687438369582676,0.165,2.8201441150282225,-0.6185971668455327
27.900000000000126,-2.8602533168311317,1764.484677233815,661.0712482304214,-0.1745,63.66481876508357,-10.698256889789233,0.165,2.8201441150282225,-0.6185971668455327
28.000000000000128,-2.8601628809658712,1770.853960015627,660.0009954714833,-0.1745,63.72083687115434,-10.706798288971058,0.165,2.8201441150282225,-0.6185971668455327
28.10000000000013,-2.8598306470044292,1777.2288465876898,658.9299668834082,-0.1745,63.77689457009916,-10.713773472532198,0.165,2.8201441150282225,-0.6185971668455327
28.20000000000013,-2.8588436592779076,1783.610962266323,657.858008183843,-0.1745,63.865419002564984,-10.725400518771195,0.495,2.8201441150282225,-0.6185971668455327
28.300000000000132,-2.857823127242102,1790.0003042950036,656.7852679273116,-0.1745,63.92142157104732,-10.729404611858495,0.165,2.8201441150282225,-0.6185971668455327
28.400000000000134,-2.856783043750198,1796.3952381789125,655.7121347328647,-0.1745,63.977256107128056,-10.733259277079197,0.165,2.8201441150282225,-0.6185971668455327
28.500000000000135,-2.8557329786649506,1802.7957468032198,654.6386213032156,-0.1745,64.0329163790194,-10.737009315903844,0.165,2.8201441150282225,-0.6185971668455327
28.600000000000136,-2.854679467165184,1809.2018125336933,653.5647365646109,-0.1745,64.08839823045321,-10.740685456189624,0.165,2.8201441150282225,-0.6185971668455327
28.700000000000138,-2.8536269632222537,1815.6134173917894,652.4904868537701,-0.1745,64.14369893146925,-10.744308760626108,0.165,2.8201441150282225,-0.6185971668455327
28.80000000000014,-2.8525784941583416,1822.0305431749634,651.4158767328801,-0.1745,64.19881673200882,-10.747893657175167,0.165,2.8201441150282225,-0.6185971668455327
28.90000000000014,-2.8515361098066783,1828.453171539318,650.3409095489542,-0.1745,64.25375055507992,-10.75145002134293,0.165,2.8201441150282225,-0.6185971668455327
29.000000000000142,-2.850501190595795,1834.881284056369,649.2655878175705,-0.1745,64.30849978593928,-10.754984606331153,0.165,2.8201441150282225,-0.6185971668455327
29.100000000000144,-2.8494746587784228,1841.314862252031,648.1899134860101,-0.1745,64.36306412730256,-10.758502024876204,0.165,2.8201441150282225,-0.6185971668455327
29.200000000000145,-2.8484571231929996,1847.753887633393,647.1138881136153,-0.1745,64.41744349994164,-10.762005423021103,0.165,2.8201441150282225,-0.6185971668455327
29.300000000000146,-2.847448978430997,1854.1983417071135,646.03751299535,-0.1745,64.47163797446763,-10.765496942284436,0.165,2.8201441150282225,-0.6185971668455327
29.400000000000148,-2.8464504727415796,1860.6482059920636,644.9607892464084,-0.1745,64.52564772453303,-10.768978036546995,0.165,2.8201441150282225,-0.6185971668455327
29.50000000000015,-2.845461754509338,1867.1034620280273,643.8837178601193,-0.1745,64.5794729947388,-10.772449689233271,0.165,2.8201441150282225,-0.6185971668455327
29.60000000000015,-2.8444829040525548,1873.5640913816958,642.8062997475529,-0.1745,64.63311407863252,-10.775912562095879,0.165,2.8201441150282225,-0.6185971668455327
29.700000000000152,-2.8435139553688367,1880.0300756508088,641.7285357645931,-0.1745,64.68657130362878,-10.779367097099923,0.165,2.8201441150282225,-0.6185971668455327
29.800000000000153,-2.842554910999513,1886.501396467024,640.65042673043,-0.1745,64.73984502067577,-10.782813586161499,0.165,2.8201441150282225,-0.6185971668455327
29.900000000000155,-2.8416057521856377,1892.9780354979166,639.5719734401788,-0.1745,64.79293559717495,-10.78625221886227,0.165,2.8201441150282225,-0.6185971668455327
30.000000000000156,-2.8406664458036817,1899.459974448382,638.4931766734816,-0.1745,64.84584341212937,-10.7896831150813,0.165,2.8201441150282225,-0.6185971668455327
30.100000000000158,-2.839736949099608,1905.9471950616294,637.4140372003624,-0.1745,64.89856885281829,-10.793106347301988,0.165,2.8201441150282225,-0.6185971668455327
30.20000000000016,-2.8390163806043174,1912.439679119896,636.3345557852045,-0.1745,64.9511123125165,-10.796521955854088,0.165,2.8201441150282225,-0.6185971668455327
30.30000000000016,-2.8374068199151674,1918.9406829497557,635.2541559170684,-0.1745,65.06896428467563,-10.8114754068701,0.8300000000000001,2.8201441150282225,-0.6185971668455327
30.400000000000162,-2.8360357199047637,1925.450194127587,634.1729547792968,-0.1745,65.12125927195474,-10.812547348562035,0.165,2.8201441150282225,-0.6185971668455327
30.500000000000163,-2.83482951027026,1931.9649202561632,633.0916095908577,-0.1745,65.1732632995656,-10.814356420218285,0.165,2.8201441150282225,-0.6185971668455327
30.600000000000165,-2.8337381897968914,1938.4848340329722,632.010058579412,-0.1745,65.22501223661335,-10.81666380869583,0.165,2.8201441150282225,-0.6185971668455327
30.700000000000166,-2.8327277827363395,1945.0099111755972,630.9282600323279,-0.1745,65.27653061588285,-10.819307132985248,0.165,2.8201441150282225,-0.6185971668455327
30.800000000000168,-2.8317752054980976,1951.5401294689502,629.8461858745668,-0.1745,65.32783525117763,-10.82217602223734,0.165,2.8201441150282225,-0.6185971668455327
30.90000000000017,-2.830864774846016,1958.0754681166636,628.7638172992681,-0.1745,65.37893770309093,-10.825195483736126,0.165,2.8201441150282225,-0.6185971668455327
31.00000000000017,-2.8299858335998396,1964.6159072997607,627.6811417960664,-0.1745,65.42984595884967,-10.828314580297022,0.165,2.8201441150282225,-0.6185971668455327
31.100000000000172,-2.8291311368234333,1971.1614278765103,626.5981511307956,-0.1745,65.48056557614402,-10.831498725118392,0.165,2.8201441150282225,-0.6185971668455327
31.200000000000173,-2.828295755341572,1977.7120111783977,625.5148399725208,-0.1745,65.53110046160398,-10.834724440376512,0.165,2.8201441150282225,-0.6185971668455327
31.300000000000175,-2.827476331037986,1984.267638871497,624.4312049608438,-0.1745,65.58145340038048,-10.837975793162746,0.165,2.8201441150282225,-0.6185971668455327
31.400000000000176,-2.8266705712699345,1990.8282928623285,623.3472440725392,-0.1745,65.63162641625007,-10.84124197292997,0.165,2.8201441150282225,-0.6185971668455327
31.500000000000178,-2.8258769057541726,1997.3939552339596,622.2629561916184,-0.1745,65.68162101637415,-10.844515645485446,0.165,2.8201441150282225,-0.6185971668455327
31.60000000000018,-2.8250942538034596,2003.9646082026577,621.1783408175918,-0.1745,65.73143835758866,-10.84779183504592,0.165,2.8201441150282225,-0.6185971668455327
31.70000000000018,-2.669868912803199,2010.540234088504,620.0933978675774,-0.1745,65.78107935933357,-10.85106716524111,0.165,2.8201441150282225,-0.6185971668455327
31.800000000000182,-2.7194716866703024,2017.1242367096388,619.0336650936607,-0.1495,65.89897306336537,-10.34358831309358,0.495,2.8201441150282225,-0.6185971668455327
31.900000000000183,-2.062283863275798,2023.715340500134,617.9908459312603,-0.1745,65.92310274654074,-10.512794934914321,0.165,2.8201441150282225,-0.6185971668455327
32.000000000000185,-2.3115671318673057,2030.3053588754901,617.0504750734768,-0.06225,65.87726476058172,-8.29462222075456,0.165,2.8201441150282225,-0.6185971668455327
32.100000000000186,-2.480180952533983,2036.8890186492695,616.1798898100367,-0.1745,65.7959307150045,-9.11708304804851,0.165,2.8201441150282225,-0.6185971668455327
32.20000000000019,-2.594055034078078,2043.4667642689908,615.240247590767,-0.1745,65.75898167942223,-9.675761337345772,0.165,2.8201441150282225,-0.6185971668455327
32.30000000000019,-2.670823404266396,2050.0422614703166,614.2536922219826,-0.1745,65.75096234709322,-10.055346038342096,0.165,2.8201441150282225,-0.6185971668455327
32.40000000000019,-2.722464004114746,2056.6179092472576,613.2352549665634,-0.1745,65.76199319172976,-10.313399070042951,0.165,2.8201441150282225,-0.6185971668455327
32.50000000000019,-2.757103017955963,2063.195291162534,612.195132558683,-0.1745,65.78564511379868,-10.48904908756409,0.165,2.8201441150282225,-0.6185971668455327
32.60000000000019,-2.7802476081039935,2069.77545753677,611.1402364499502,-0.1745,65.81768237091627,-10.608873087091975,0.165,2.8201441150282225,-0.6185971668455327
32.700000000000195,-2.7956266512720584,2076.3591061870948,610.0752475735018,-0.1745,65.85529063558566,-10.690904441875345,0.165,2.8201441150282225,-0.6185971668455327
32.800000000000196,-2.805763044510388,2082.946700186311,609.0033339720621,-0.1745,65.89658934873442,-10.747367586917507,0.165,2.8201441150282225,-0.6185971668455327
32.9000000000002,-2.8123626372612054,2089.5385455127926,607.9266384831101,-0.1745,65.94031718089649,-10.786542192124701,0.165,2.8201441150282225,-0.6185971668455327
33.0000000000002,-2.816578183953102,2096.1348426764507,606.8466097711466,-0.1745,65.98562609226448,-10.814032047144014,0.165,2.8201441150282225,-0.6185971668455327
33.1000000000002,-2.819188281304388,2102.7357212346906,605.7642267941031,-0.1745,66.0319450725363,-10.833627493726011,0.165,2.8201441150282225,-0.6185971668455327
33.2000000000002,-2.820718564787923,2109.341262954829,604.6801508762043,-0.1745,66.0788893302256,-10.847890864250841,0.165,2.8201441150282225,-0.6185971668455327
33.3000000000002,-2.821523736375253,2115.95151739512,603.5948286591326,-0.1745,66.12619947559611,-10.858553477180571,0.165,2.8201441150282225,-0.6185971668455327
33.400000000000205,-2.821843047771349,2122.5665124018456,602.5085617544833,-0.1745,66.17370065891697,-10.866784615807054,0.165,2.8201441150282225,-0.6185971668455327
33.500000000000206,-2.8218378086810265,2129.186261187743,601.4215538416455,-0.1745,66.2212750590378,-10.87337364094848,0.165,2.8201441150282225,-0.6185971668455327
33.60000000000021,-2.8216167310953892,2135.8107671075195,600.3339424988218,-0.1745,66.26884333649001,-10.878853215525952,0.165,2.8201441150282225,-0.6185971668455327
33.70000000000021,-2.837804175639244,2142.4400268803743,599.2458207061261,-0.1745,66.31635212060286,-10.883582638387255,0.165,2.511247041958391,-0.7662368633993897
33.80000000000021,-2.848451804363811,2149.073567628337,598.1545081261899,-0.1745,66.35446283865497,-10.942668960337459,0.165,2.511247041958391,-0.7662368633993897
33.90000000000021,-2.855383421686181,2155.711050259073,597.0582069352046,-0.1745,66.39518977606656,-10.98335485936737,0.165,2.511247041958391,-0.7662368633993897
34.00000000000021,-2.859922984884334,2162.352690499459,595.9584553520178,-0.1745,66.43761503165973,-11.011676804367278,0.165,2.511247041958391,-0.7662368633993897
34.100000000000215,-2.8623552958711063,2169.0002524068464,594.8560003521313,-0.1745,66.51362311608429,-11.037423193363841,0.495,2.511247041958391,-0.7662368633993897
34.200000000000216,-2.863785705525486,2175.6538264748306,593.7515936959493,-0.1745,66.55785824360377,-11.050709930276323,0.165,2.511247041958391,-0.7662368633993897
34.30000000000022,-2.864547374508899,2182.311841070476,592.646026749269,-0.1745,66.60243366930644,-11.060629003329153,0.165,2.511247041958391,-0.7662368633993897
34.40000000000022,-2.8648636760683397,2188.974321913259,591.5395809313574,-0.1745,66.64718318635187,-11.068287354904875,0.165,2.511247041958391,-0.7662368633993897
34.50000000000022,-2.8648843138931683,2195.6412808465775,590.4324451766438,-0.1745,66.69199548002067,-11.074427739366234,0.165,2.511247041958391,-0.7662368633993897
34.60000000000022,-2.864709577294299,2202.312720423266,589.3247463722139,-0.1745,66.73679605374527,-11.079548349231645,0.165,2.511247041958391,-0.7662368633993897
34.70000000000022,-2.8644066230714933,2208.988636981344,588.2165697940038,-0.1745,66.78153510781755,-11.083983214970843,0.165,2.511247041958391,-0.7662368633993897
34.800000000000225,-2.864020400755221,2215.669022707108,587.1079728224269,-0.1745,66.82617940746984,-11.087956216569015,0.165,2.511247041958391,-0.7662368633993897
34.900000000000226,-2.8635809807149326,2222.3538670188177,585.9989941439716,-0.1745,66.87070682672683,-11.091617352536078,0.165,2.511247041958391,-0.7662368633993897
35.00000000000023,-2.8631084676642464,2229.0431574945405,584.8896599220948,-0.1745,66.91510268772862,-11.095067084999625,0.165,2.511247041958391,-0.7662368633993897
35.10000000000023,-2.8626162939740762,2235.736880494179,583.7799879341067,-0.1745,66.95935730503736,-11.098372674762745,0.165,2.511247041958391,-0.7662368633993897
35.20000000000023,-2.862113426249682,2242.4350215763625,582.669990343483,-0.1745,67.00346433863338,-11.101579137708683,0.165,2.511247041958391,-0.7662368633993897
35.30000000000023,-2.861605843252187,2249.137565777773,581.5596755570525,-0.1745,67.04741968957407,-11.104716590901722,0.165,2.511247041958391,-0.7662368633993897
35.40000000000023,-2.8610975254335846,2255.844497800238,580.4490494686943,-0.1745,67.09122075972898,-11.107805176263565,0.165,2.511247041958391,-0.7662368633993897
35.500000000000234,-2.8605911172439367,2262.5558021360102,579.338116291908,-0.1745,67.13486595571527,-11.110858359461817,0.165,2.511247041958391,-0.7662368633993897
35.600000000000236,-2.860088370267419,2269.271463151625,578.2268791169648,-0.1745,67.17835435658142,-11.113885139402845,0.165,2.511247041958391,-0.7662368633993897
35.70000000000024,-2.859590439613004,2275.991465144017,577.1153402836165,-0.1745,67.221685491259,-11.116891527562924,0.165,2.511247041958391,-0.7662368633993897
35.80000000000024,-2.859098082086521,2282.7157923780587,576.0035016303331,-0.1745,67.26485918957295,-11.119881538106043,0.165,2.511247041958391,-0.7662368633993897
35.90000000000024,-2.858611788646406,2289.444429111664,574.8913646609108,-0.1745,67.30787548252964,-11.122857850340809,0.165,2.511247041958391,-0.7662368633993897
36.00000000000024,-2.8581318729050764,2296.1773596125704,573.778930655804,-0.1745,67.35073453560535,-11.125822251796453,0.165,2.511247041958391,-0.7662368633993897
36.10000000000024,-2.8576585302414728,2302.9145681695572,572.6662007464907,-0.1745,67.39343660412723,-11.12877593446651,0.165,2.511247041958391,-0.7662368633993897
36.200000000000244,-2.857191877270355,2309.6560390999357,571.5531759651269,-0.1745,67.43598200343911,-11.131719692811204,0.165,2.511247041958391,-0.7662368633993897
36.300000000000246,-2.8567319781866773,2316.4017567545557,570.4398572776837,-0.1745,67.47837108895851,-11.134654056052142,0.165,2.511247041958391,-0.7662368633993897
36.40000000000025,-2.856278862343355,2323.151705521146,569.3262456060544,-0.1745,67.52060424284863,-11.137579376534177,0.165,2.511247041958391,-0.7662368633993897
36.50000000000025,-2.855832535975462,2329.9058698265444,568.2123418427915,-0.1745,67.56268186511268,-11.14049588872343,0.165,2.511247041958391,-0.7662368633993897
36.60000000000025,-2.8553929900172816,2336.664234138182,567.098146860926,-0.1745,67.60460436764382,-11.143403748585765,0.165,2.511247041958391,-0.7662368633993897
36.70000000000025,-2.854960205312256,2343.4267829650767,565.9836615205037,-0.1745,67.64637217024983,-11.146303059860902,0.165,2.511247041958391,-0.7662368633993897
36.80000000000025,-2.8545341560839215,2350.193500858489,564.8688866729314,-0.1745,67.6879856979965,-11.149193891586764,0.165,2.511247041958391,-0.7662368633993897
36.900000000000254,-2.854114812247249,2356.9643724123607,563.7538231638629,-0.1745,67.72944537943154,-11.152076289783599,0.165,2.511247041958391,-0.7662368633993897
37.000000000000256,-2.8537021409470036,2363.7393822636022,562.6384718351117,-0.1745,67.77075164539633,-11.15495028524123,0.165,2.511247041958391,-0.7662368633993897
37.10000000000026,-2.85329610758104,2370.5185150922835,561.5228335259143,-0.1745,67.8119049282297,-11.157815898707005,0.165,2.511247041958391,-0.7662368633993897
37.20000000000026,-2.8528966764804724,2377.3017556217565,560.4069090737619,-0.1745,67.85290566123335,-11.160673144340556,0.165,2.511247041958391,-0.7662368633993897
37.30000000000026,-2.8525038113613723,2384.0890886187335,559.2906993149442,-0.1745,67.89375427831175,-11.16352203201323,0.165,2.511247041958391,-0.7662368633993897
37.40000000000026,-2.852117475624363,2390.8804988933357,558.1742050849016,-0.1745,67.9344512137283,-11.166362568837686,0.165,2.511247041958391,-0.7662368633993897
37.50000000000026,-2.6902885319126972,2397.6759712991193,557.0574272184505,-0.1745,67.97499690193911,-11.1691947601847,0.165,2.511247041958391,-0.7662368633993897
37.600000000000264,-2.7445672311809233,2404.4792063666346,555.9679400071475,-0.1495,68.08970444836783,-10.620549465874449,0.495,2.511247041958391,-0.7662368633993897
37.700000000000266,-2.7803956211273912,2411.288758927153,554.8964428068741,-0.1745,68.10134676200356,-10.809394539593676,0.165,2.511247041958391,-0.7662368633993897
37.80000000000027,-2.8039960136414233,2418.0999560183723,553.809198098814,-0.1745,68.12259506238186,-10.935499621607676,0.165,2.511247041958391,-0.7662368633993897
37.90000000000027,-2.8194972464454944,2424.9135912656034,552.7114241566698,-0.1745,68.1501098822424,-11.019979221277415,0.165,2.511247041958391,-0.7662368633993897
38.00000000000027,-2.8296372023456335,2431.7301820205103,551.6065823279567,-0.1745,68.18170521589464,-11.076857352983119,0.165,2.511247041958391,-0.7662368633993897
38.10000000000027,-2.836230390688232,2438.5500644947333,550.4969673787906,-0.1745,68.21594426856286,-11.115441630339125,0.165,2.511247041958391,-0.7662368633993897
38.20000000000027,-2.840478784308335,2445.3734557197013,549.3841000218433,-0.1745,68.25188023079197,-11.141905508605868,0.165,2.511247041958391,-0.7662368633993897
38.300000000000274,-2.8431782579127707,2452.2004941410532,548.2689876744118,-0.1745,68.28888819624576,-11.160341440023569,0.165,2.511247041958391,-0.7662368633993897
38.400000000000276,-2.845092960319728,2459.0312663187265,547.1522975480634,-0.1745,68.32655535721543,-11.173461086945105,0.165,2.511247041958391,-0.7662368633993897
38.50000000000028,-2.845425668041007,2465.8690990370783,546.0338941987682,-0.1745,68.43009900981976,-11.194605898958756,0.8300000000000001,2.511247041958391,-0.7662368633993897
38.60000000000028,-2.8455463315081375,2472.7140271095213,544.9141873275653,-0.1745,68.46846243904025,-11.199531525099932,0.165,2.511247041958391,-0.7662368633993897
38.70000000000028,-2.8455290081818,2479.5627899206647,543.7940256305866,-0.1745,68.50679378382934,-11.203702414474606,0.165,2.511247041958391,-0.7662368633993897
38.80000000000028,-2.845422613664179,2486.4153823611937,542.6734719159857,-0.1745,68.54505502675194,-11.207371877543192,0.165,2.511247041958391,-0.7662368633993897
38.90000000000028,-2.845259443551982,2493.2717961716503,541.5525679538691,-0.1745,68.58322118237822,-11.210707364787654,0.165,2.511247041958391,-0.7662368633993897
39.000000000000284,-2.8450608102338464,2500.1320210249814,540.4313416088478,-0.1745,68.62127588424062,-11.213819535638189,0.165,2.511247041958391,-0.7662368633993897
39.100000000000286,-2.8448407701762775,2506.996045242439,539.3098115571829,-0.1745,68.65920846490909,-11.216781497658804,0.165,2.511247041958391,-0.7662368633993897
39.20000000000029,-2.8448504214589656,2513.8638562669,538.1879904055103,-0.1745,68.69701202430839,-11.21964153579384,0.165,2.511247041958391,-0.7662368633993897
39.30000000000029,-2.843944037871352,2520.7387154805065,537.0653094797557,-0.1745,68.80017224782264,-11.233976979298257,0.8300000000000001,2.511247041958391,-0.7662368633993897
39.40000000000029,-2.843267338481304,2527.6206145732094,535.941892193523,-0.1745,68.83780960623433,-11.234368745354372,0.165,2.511247041958391,-0.7662368633993897
39.50000000000029,-2.8427437829841735,2534.5062644844597,534.8183976083254,-0.1745,68.87518861876772,-11.235522958597151,0.165,2.511247041958391,-0.7662368633993897
39.60000000000029,-2.842322940694986,2541.3956413989363,533.6947626295356,-0.1745,68.91234967076056,-11.237176617199044,0.165,2.511247041958391,-0.7662368633993897
39.700000000000294,-2.8419715898947686,2548.2887248592497,532.5709459796383,-0.1745,68.94931953550696,-11.239156380747119,0.165,2.511247041958391,-0.7662368633993897
39.800000000000296,-2.841667848175393,2555.185496636285,531.4469207587605,-0.1745,68.98611600519682,-11.241348036807974,0.165,2.511247041958391,-0.7662368633993897
39.9000000000003,-2.841397302704285,2562.085939983975,530.3226695392005,-0.1745,69.02275094860788,-11.243676354390422,0.165,2.511247041958391,-0.7662368633993897
40.0000000000003,-2.8411504597183157,2568.9900391478614,529.1981811317526,-0.1745,69.05923232911381,-11.246091794568493,0.165,2.511247041958391,-0.7662368633993897
40.1000000000003,-2.840921063990786,2575.897779041117,528.0734484546834,-0.1745,69.09556553599516,-11.248561746814552,0.165,2.511247041958391,-0.7662368633993897
40.2000000000003,-2.840704991843413,2582.8091450310367,526.9484671297696,-0.1745,69.13175426240709,-11.251064751462849,0.165,2.511247041958391,-0.7662368633993897
40.3000000000003,-2.8404995221692393,2589.724122798366,525.823234557601,-0.1745,69.16780108418153,-11.253586691907696,0.165,2.511247041958391,-0.7662368633993897
40.400000000000304,-2.8403028565223485,2596.642698244639,524.6977493087196,-0.1745,69.20370784128005,-11.256118285720305,0.165,2.511247041958391,-0.7662368633993897
40.500000000000306,-2.8401138032672235,2603.5648574311585,523.5720107228299,-0.1745,69.23947588910647,-11.258653432074711,0.165,2.511247041958391,-0.7662368633993897
40.60000000000031,-2.8399315697625536,2610.4905865388155,522.4460186450497,-0.1745,69.2751062640282,-11.261188123529632,0.165,2.511247041958391,-0.7662368633993897
40.70000000000031,-2.839755625665974,2617.4198718416346,521.319773252391,-0.1745,69.31059979235943,-11.26371972964463,0.165,2.511247041958391,-0.7662368633993897
40.80000000000031,-2.8395856130454353,2624.3526996893575,520.193274939633,-0.1745,69.34595716209627,-11.266246525513667,0.165,2.511247041958391,-0.7662368633993897
40.90000000000031,-2.8394212872864895,2631.2890564959685,519.0665242442788,-0.1745,69.38117897011978,-11.26876738157251,0.165,2.511247041958391,-0.7662368633993897
41.00000000000031,-2.8392624782555735,2638.228928732137,517.9395217972216,-0.1745,69.41626575324636,-11.271281559571404,0.165,2.511247041958391,-0.7662368633993897
41.100000000000314,-2.8391090647829085,2645.1723029202317,516.8122682903222,-0.1745,69.45121800864634,-11.273788578415378,0.165,2.511247041958391,-0.7662368633993897
41.200000000000315,-2.8389609579013637,2652.1191656310275,515.6847644551028,-0.1745,69.4860362072662,-11.27628812597132,0.165,2.511247041958391,-0.7662368633993897
41.30000000000032,-2.8388180898396715,2659.069503481523,514.5570110487488,-0.1745,69.52072080264854,-11.27878000110855,0.165,2.511247041958391,-0.7662368633993897
41.40000000000032,-2.838680406796263,2666.023303133492,513.4290088449125,-0.1745,69.55527223672523,-11.281264075619003,0.165,2.511247041958391,-0.7662368633993897
41.50000000000032,-2.83854786419629,2672.980551292509,512.3007586276713,-0.1745,69.58969094362057,-11.283740269205236,0.165,2.511247041958391,-0.7662368633993897
41.60000000000032,-2.8384204235792025,2679.9412347072976,511.1722611875582,-0.1745,69.6239773521466,-11.286208533056168,0.165,2.511247041958391,-0.7662368633993897
41.70000000000032,-2.838298050556708,2686.9053401692768,510.0435173189522,-0.1745,69.65813188743896,-11.288668839064732,0.165,2.511247041958391,-0.7662368633993897
41.800000000000324,-2.8383109402643125,2693.8728545122503,508.91452781836136,-0.1745,69.69215497202823,-11.291121172751096,0.165,2.511247041958391,-0.7662368633993897
41.900000000000325,-2.8378706911437126,2700.845389554404,507.7850070173011,-0.1745,69.75854587104664,-11.299294848454185,0.495,2.511247041958391,-0.7662368633993897
42.00000000000033,-2.837550672059128,2707.8229347171473,506.6550141432254,-0.1745,69.79235738382052,-11.300562633059524,0.165,2.511247041958391,-0.7662368633993897
42.10000000000033,-2.8373109142549557,2714.8038514703107,505.5248747790846,-0.1745,69.82597767945157,-11.302224649756315,0.165,2.511247041958391,-0.7662368633993897
42.20000000000033,-2.8371252755709064,2721.788121775841,504.39455646255766,-0.1745,69.8594284311526,-11.304141680782509,0.165,2.511247041958391,-0.7662368633993897
42.30000000000033,-2.836976658791302,2728.775729395566,503.26403824552466,-0.1745,69.89272396335112,-11.306222659877104,0.165,2.511247041958391,-0.7662368633993897
42.40000000000033,-2.8368538821065576,2735.766659283189,502.1333067107733,-0.1745,69.925873789104,-11.308408035149979,0.165,2.511247041958391,-0.7662368633993897
42.500000000000334,-2.836749631398479,2742.760897186259,501.0023533652675,-0.1745,69.95888427230122,-11.31065887496644,0.165,2.511247041958391,-0.7662368633993897
42.600000000000335,-2.6700646884721975,2749.758429385682,499.87117293470635,-0.1745,69.99175971615922,-11.312949736256737,0.165,2.511247041958391,-0.7662368633993897
42.70000000000034,-2.7277897712440833,2756.764859720096,498.76878487591705,-0.1495,70.13684697211491,-10.73481143952886,0.8300000000000001,2.511247041958391,-0.7662368633993897
42.80000000000034,-2.7654098663934032,2763.778595403712,497.68505878155213,-0.1745,70.13786670021052,-10.939710447769558,0.165,2.511247041958391,-0.7662368633993897
42.90000000000034,-2.6230233943592527,2770.7929798536793,496.5843631572473,-0.1745,70.14982229913491,-11.074202038327087,0.165,2.511247041958391,-0.7662368633993897
43.00000000000034,-2.6969510642321297,2777.814711324219,495.50161805068916,-0.1495,70.28480711165588,-10.580700092835942,0.8300000000000001,2.511247041958391,-0.7662368633993897
43.10000000000034,-2.7451010798589284,2784.84276464007,494.43044721709117,-0.1745,70.27625920536451,-10.842716579124183,0.165,2.511247041958391,-0.7662368633993897
43.200000000000344,-2.776445985372974,2791.8706728200273,493.3375952838319,-0.1745,70.28190439377776,-11.014322086061132,0.165,2.511247041958391,-0.7662368633993897
43.300000000000345,-2.7969948162884433,2798.8996009659227,492.23053230456713,-0.1745,70.29665852413062,-11.12693749923418,0.165,2.511247041958391,-0.7662368633993897
43.40000000000035,-2.809934118535052,2805.931922025423,491.1138447177574,-0.1745,70.34976266587326,-11.206814236960895,0.495,2.511247041958391,-0.7662368633993897
43.50000000000035,-2.8183453033762547,2812.9681184450883,489.99076701859036,-0.1745,70.37416572743918,-11.254739746379457,0.165,2.511247041958391,-0.7662368633993897
43.60000000000035,-2.075341382492411,2820.0068718582097,488.86369414500984,-0.1745,70.40090253499149,-11.286717725230785,0.165,2.511247041958391,-0.7662368633993897
43.70000000000035,-2.342866774535724,2827.0442298069684,487.8688696467507,-0.06225,70.34625644018044,-8.609772239952449,0.165,2.511247041958391,-0.7662368633993897
43.80000000000035,-2.3511197651221853,2834.0728038085776,486.96098412180584,-0.1745,70.22522359200617,-9.5479382589449,0.165,2.511247041958391,-0.7662368633993897
43.900000000000354,-2.522986481962677,2841.097210314458,486.00456727982953,-0.1495,70.2629065256033,-9.58039858058177,0.495,2.511247041958391,-0.7662368633993897
44.000000000000355,-2.6351519466608675,2848.120308866306,485.01631707613876,-0.1745,70.1990645113547,-10.184605493233942,0.165,2.511247041958391,-0.7662368633993897
44.10000000000036,-2.7083076965253072,2855.1387428217113,483.97808392022444,-0.1745,70.16961459675386,-10.580057625052122,0.165,2.511247041958391,-0.7662368633993897
44.20000000000036,-2.755992892474212,2862.155324494203,482.9071300618762,-0.1745,70.16201885307633,-10.839019541912494,0.165,2.511247041958391,-0.7662368633993897
44.30000000000036,-2.787219919264346,2869.1718459457247,481.8147395132597,-0.1745,70.16841017736489,-11.008791430417212,0.165,2.511247041958391,-0.7662368633993897
44.40000000000036,-2.807121483439886,2876.191080706844,480.7079975792793,-0.1745,70.21628504501679,-11.126047249191005,0.495,2.511247041958391,-0.7662368633993897
44.50000000000036,-2.820070803643004,2883.213769040839,479.5917741163243,-0.1745,70.23748163488777,-11.198422009909667,0.165,2.511247041958391,-0.7662368633993897
44.600000000000364,-2.828492184245397,2890.2387594029715,478.4695342088593,-0.1745,70.26232560776369,-11.2463761393905,0.165,2.511247041958391,-0.7662368633993897
44.700000000000365,-2.8339660820902477,2897.26635051925,477.3432949842304,-0.1745,70.28949671780686,-11.27840835318669,0.165,2.511247041958391,-0.7662368633993897
44.80000000000037,-2.837522429760477,2904.2967322721956,476.21437143986486,-0.1745,70.31813834110588,-11.30006253412455,0.165,2.511247041958391,-0.7662368633993897
44.90000000000037,-2.8398321696577207,2911.3300238858437,475.0836206384203,-0.1745,70.3476939318579,-11.31495349476612,0.165,2.511247041958391,-0.7662368633993897
45.00000000000037,-2.8413322447827802,2918.3662986649742,473.95160109665596,-0.1745,70.37780165075465,-11.32543734052133,0.165,2.511247041958391,-0.7662368633993897
45.10000000000037,-2.842307124359107,2925.405600056936,472.81867676706264,-0.1745,70.40822618848064,-11.333049251345667,0.165,2.511247041958391,-0.7662368633993897
45.20000000000037,-2.6752360729293443,2932.447952093188,471.68508484402054,-0.1745,70.4388145365648,-11.338789209496387,0.165,2.511247041958391,-0.7662368633993897
45.300000000000374,-2.734470858692712,2939.497386827259,470.5806340835858,-0.1495,70.54988014484992,-10.750225999198639,0.495,2.511247041958391,-0.7662368633993897
45.400000000000375,-2.7729750400315134,2946.5522936078873,469.4950581089888,-0.1745,70.54825546771394,-10.961293492741184,0.165,2.511247041958391,-0.7662368633993897
45.50000000000038,-2.797997140872273,2953.6076068474804,468.39202644555775,-0.1745,70.55800932415092,-11.09933977588006,0.165,2.511247041958391,-0.7662368633993897
45.60000000000038,-2.8142558172563477,2960.664260183027,467.2775665370213,-0.1745,70.575057386788,-11.189858394848864,0.165,2.511247041958391,-0.7662368633993897
45.70000000000038,-2.824820986738039,2967.7228520255526,466.1556007396908,-0.1745,70.59677946371718,-11.249457551760976,0.165,2.511247041958391,-0.7662368633993897
45.80000000000038,-2.831688932289835,2974.7837653424976,465.028680374001,-0.1745,70.62148687518824,-11.288949762034264,0.165,2.511247041958391,-0.7662368633993897
45.90000000000038,-2.8361572490708675,2981.8472440920423,463.8984643643706,-0.1745,70.6480881157073,-11.315370430573157,0.165,2.511247041958391,-0.7662368633993897
46.000000000000384,-2.8390690818824864,2988.913442318679,462.76603108378566,-0.1745,70.67587641702303,-11.33329518112653,0.165,2.511247041958391,-0.7662368633993897
46.100000000000385,-2.840972110933185,2995.9824558230443,461.63208138970367,-0.1745,70.70439367029137,-11.345698700513429,0.165,2.511247041958391,-0.7662368633993897
46.20000000000039,-2.8422219872885126,3003.0543426464637,460.4970707436309,-0.1745,70.73334279810048,-11.354514220941521,0.165,2.511247041958391,-0.7662368633993897
46.30000000000039,-2.674521658352687,3010.1291363430464,459.3612951448327,-0.1745,70.76253113354988,-11.36099775502232,0.165,2.511247041958391,-0.7662368633993897
46.40000000000039,-2.7344554457796066,3017.2109165694524,458.25488009092703,-0.1495,70.87307339457216,-10.767303323090552,0.495,2.511247041958391,-0.7662368633993897
46.50000000000039,-2.7733326928024784,3024.2980516096554,457.1674376231934,-0.1745,70.86962740949203,-10.981546031582454,0.165,2.511247041958391,-0.7662368633993897
46.60000000000039,-2.798550247474798,3031.385423811587,456.062296218631,-0.1745,70.87781662914063,-11.12128205966507,0.165,2.511247041958391,-0.7662368633993897
46.700000000000394,-2.81491110203917,3038.4739870001795,454.9455997752206,-0.1745,70.8934471427159,-11.212646808542642,0.165,2.511247041958391,-0.7662368633993897
46.800000000000395,-2.8255321408116867,3045.5643511412177,453.8213362871158,-0.1745,70.91383567804623,-11.272622953554071,0.165,2.511247041958391,-0.7662368633993897
46.9000000000004,-2.8324350817045523,3052.6569057956544,452.6920932106739,-0.1745,70.93725741068566,-11.31223857528426,0.165,2.511247041958391,-0.7662368633993897
47.0000000000004,-2.8369307546697096,3059.751898682642,451.55954872707383,-0.1745,70.96260032906511,-11.338651096716273,0.165,2.511247041958391,-0.7662368633993897
47.1000000000004,-2.839868774885461,3066.849486009658,450.42479098663205,-0.1745,70.98914621125321,-11.35650371211918,0.165,2.511247041958391,-0.7662368633993897
47.2000000000004,-2.8417996513421144,3073.949764854954,449.2885254297744,-0.1745,71.01643069466796,-11.368807425033568,0.165,2.511247041958391,-0.7662368633993897
47.3000000000004,-2.843079985493866,3081.052794059618,448.1512093507645,-0.1745,71.04415339861337,-11.37751415516436,0.165,2.511247041958391,-0.7662368633993897
47.400000000000404,-2.8439407094680176,3088.158607729428,447.0131391988001,-0.1745,71.07211999757928,-11.383888884123243,0.165,2.511247041958391,-0.7662368633993897
47.500000000000405,-2.8445313334670574,3095.2672239696208,445.8745071952538,-0.1745,71.10020480628336,-11.388751186802592,0.165,2.511247041958391,-0.7662368633993897
47.600000000000406,-2.844948627829777,3102.3786505389953,444.73543803958825,-0.1745,71.12832658120391,-11.392631926508196,0.165,2.511247041958391,-0.7662368633993897
47.70000000000041,-2.845255209996088,3109.4928885109443,443.59601269944375,-0.1745,71.15643285777706,-11.395874876382138,0.165,2.511247041958391,-0.7662368633993897
47.80000000000041,-2.8454915862914314,3116.609934644239,442.4562838254496,-0.1745,71.1844898081159,-11.398702603501018,0.165,2.511247041958391,-0.7662368633993897
47.90000000000041,-2.8456839513641228,3123.7297829182553,441.3162857367054,-0.1745,71.21247567221106,-11.401259171382753,0.165,2.511247041958391,-0.7662368633993897
48.00000000000041,-2.8458492386304157,3130.852425527034,440.1760408876296,-0.1745,71.24037650336183,-11.403637810133683,0.165,2.511247041958391,-0.7662368633993897
48.10000000000041,-2.8459983898595507,3137.977853522835,439.0355640550484,-0.1745,71.26818341266404,-11.40589884149052,0.165,2.511247041958391,-0.7662368633993897
48.200000000000415,-2.8461384713609315,3145.1060572326974,437.8948650485718,-0.1745,71.29589078458116,-11.408081288041165,0.165,2.511247041958391,-0.7662368633993897
48.300000000000416,-2.8462740433367,3152.237026528004,436.7539504646602,-0.1745,71.32349512155338,-11.410210390190596,0.165,2.511247041958391,-0.7662368633993897
48.40000000000042,-2.846408045766502,3159.3707509988835,435.61282482153797,-0.1745,71.35099429603414,-11.412302472253945,0.165,2.511247041958391,-0.7662368633993897
48.50000000000042,-2.8465423713890385,3166.5072200670043,434.4714912933361,-0.1745,71.37838706637739,-11.414368091783821,0.165,2.511247041958391,-0.7662368633993897
48.60000000000042,-2.84667823621735,3173.646423058501,433.3299521848798,-0.1745,71.40567276356428,-11.416414077342624,0.165,2.511247041958391,-0.7662368633993897
48.70000000000042,-2.8468164190766396,3180.7883492511055,432.1882092386755,-0.1745,71.43285108852467,-11.41844484674323,0.165,2.511247041958391,-0.7662368633993897
48.80000000000042,-2.846957416430654,3187.9329879045836,431.0462638333568,-0.1745,71.45992198103805,-11.420463259629729,0.165,2.511247041958391,-0.7662368633993897
48.900000000000425,-2.847101542432125,3195.080328280383,429.90411711193707,-0.1745,71.48688553495289,-11.42247116876547,0.165,2.511247041958391,-0.7662368633993897
49.000000000000426,-2.8472489935620087,3202.2303596542993,428.7617700646777,-0.1745,71.51374194337136,-11.424469776422034,0.165,2.511247041958391,-0.7662368633993897
49.10000000000043,-2.676895135131612,3209.3830713246284,427.6192235826205,-0.1745,71.54049146321583,-11.426459864721116,0.165,2.511247041958391,-0.7662368633993897
49.20000000000043,-2.7380273299890625,3216.540975454518,426.5073359006177,-0.1495,71.61759113457758,-10.811293775335448,0.165,2.511247041958391,-0.7662368633993897
49.30000000000043,-2.777489558403051,3223.702361763546,425.41519828879916,-0.1745,71.61013504598348,-11.031458461035243,0.165,2.511247041958391,-0.7662368633993897
49.40000000000043,-2.802975799239219,3230.8636102226114,424.3049181334398,-0.1745,71.61483413533038,-11.174144646151785,0.165,2.511247041958391,-0.7662368633993897
49.50000000000043,-2.8194526327474905,3238.025715183871,423.18286960211583,-0.1745,71.62726508985928,-11.26682598032793,0.165,2.511247041958391,-0.7662368633993897
49.600000000000435,-2.8301242453753317,3245.189309195426,422.053165866508,-0.1745,71.64461514124609,-11.327248731828702,0.165,2.511247041958391,-0.7662368633993897
49.700000000000436,-2.8370568708293797,3252.3547943026992,420.91845999221863,-0.1745,71.66508700421294,-11.366868753958265,0.165,2.511247041958391,-0.7662368633993897
49.80000000000044,-2.841582426712048,3259.5224250910915,419.780462685755,-0.1745,71.68752876362863,-11.393077375313661,0.165,2.511247041958391,-0.7662368633993897
49.90000000000044,-2.8445592063289666,3266.692361567314,418.6402767442578,-0.1745,71.71120076082069,-11.410641454631486,0.165,2.511247041958391,-0.7662368633993897
50.00000000000044,-2.846540140323397,3273.8647029825124,417.49861296318954,-0.1745,71.73562754314429,-11.422634166733204,0.165,2.511247041958391,-0.7662368633993897
50.10000000000044,-2.84788134548584,3281.0395095260687,416.35592944643633,-0.1745,71.76050332798503,-11.431036168330975,0.165,2.511247041958391,-0.7662368633993897
50.20000000000044,-2.848812123462268,3288.2168162639086,415.2125214558667,-0.1745,71.78563142880921,-11.437123643061874,0.165,2.511247041958391,-0.7662368633993897
50.300000000000445,-2.8494800848937745,3295.396642103248,414.06857934059775,-0.1745,71.81088535797207,-11.441718662316413,0.165,2.511247041958391,-0.7662368633993897
50.400000000000446,-2.8499802298642134,3302.5789955619366,412.92422587485584,-0.1745,71.83618381580698,-11.445350652521418,0.165,2.511247041958391,-0.7662368633993897
50.50000000000045,-2.850373684002354,3309.763878482524,411.7795403173349,-0.1745,71.86147459594277,-11.44836049789633,0.165,2.511247041958391,-0.7662368633993897
50.60000000000045,-2.850699766941286,3316.9512884235105,410.63457391046296,-0.1745,71.8867242237875,-11.450967639542782,0.165,2.511247041958391,-0.7662368633993897
50.70000000000045,-2.8509837641687903,3324.1412201989287,409.48935986284573,-0.1745,71.91191128457577,-11.45331331280143,0.165,2.511247041958391,-0.7662368633993897
50.80000000000045,-2.8512419308367405,3331.3336668695047,408.3439197771118,-0.1745,71.93702212694174,-11.455488401876492,0.165,2.511247041958391,-0.7662368633993897
50.90000000000045,-2.851484712706323,3338.528620380668,407.19826778799785,-0.1745,71.96204809632364,-11.457551380402558,0.165,2.511247041958391,-0.7662368633993897
51.000000000000455,-2.8517188190268348,3345.7260719731667,406.0524132257764,-0.1745,71.98698375364631,-11.459539864026475,0.165,2.511247041958391,-0.7662368633993897
51.100000000000456,-2.8519485562834475,3352.926012447276,404.9063623301786,-0.1745,72.01182572854782,-11.461478047929676,0.165,2.511247041958391,-0.7662368633993897
51.20000000000046,-2.8521766861899804,3360.128432332765,403.76011935307855,-0.1745,72.03657198123076,-11.463381494070786,0.165,2.511247041958391,-0.7662368633993897
51.30000000000046,-2.852404977517712,3367.3333219981973,402.61368726777994,-0.1745,72.06122132741889,-11.465260211901613,0.165,2.511247041958391,-0.7662368633993897
51.40000000000046,-2.8526345609385615,3374.540671721203,401.467068225161,-0.1745,72.0857731326948,-11.46712064047739,0.165,2.511247041958391,-0.7662368633993897
51.50000000000046,-2.852866157154019,3381.750471733631,400.3202638469636,-0.1745,72.11022711586207,-11.468966923469555,0.165,2.511247041958391,-0.7662368633993897
51.60000000000046,-2.8531002235297005,3388.9627122505476,399.17327541433195,-0.1745,72.1345832224695,-11.470801729162964,0.165,2.511247041958391,-0.7662368633993897
51.700000000000465,-2.8533370483287275,3396.177383488845,398.0261039889882,-0.1745,72.1588415434788,-11.472626777712188,0.165,2.511247041958391,-0.7662368633993897
51.800000000000466,-2.853576811257754,3403.3944756791675,396.8787504910977,-0.1745,72.18300226297295,-11.474443180097325,0.165,2.511247041958391,-0.7662368633993897
51.90000000000047,-2.853819622360652,3410.6139790735433,395.73121574929365,-0.1745,72.20706562454238,-11.476251655983601,0.165,2.511247041958391,-0.7662368633993897
52.00000000000047,-2.8540655469980787,3417.8358839502544,394.5835005328085,-0.1745,72.23103190968172,-11.47805267371966,0.165,2.511247041958391,-0.7662368633993897
52.10000000000047,-2.854314621887413,3425.060180616934,393.43560557210833,-0.1745,72.25490142390825,-11.479846540283484,0.165,2.511247041958391,-0.7662368633993897
52.20000000000047,-2.854875645000009,3432.2868594125216,392.2875315721412,-0.1745,72.27867448784373,-11.48163345905913,0.165,2.511247041958391,-0.7662368633993897
52.30000000000047,-2.8544884200760396,3439.5191852132753,391.1387019484638,-0.1745,72.3678415272328,-11.494959014488767,0.8300000000000001,2.511247041958391,-0.7662368633993897
52.400000000000475,-2.8543384452925658,3446.757153159048,389.98923606602204,-0.1745,72.39151738822261,-11.494358634345577,0.165,2.511247041958391,-0.7662368633993897
52.500000000000476,-2.8543414960170743,3453.9974774219118,388.83978818834345,-0.1745,72.4149678690575,-11.494598919226833,0.165,2.511247041958391,-0.7662368633993897
52.60000000000048,-2.854443623368785,3461.240137833218,387.69028947718243,-0.1745,72.43824035706751,-11.495375303993676,0.165,2.511247041958391,-0.7662368633993897
52.70000000000048,-2.8547649488070492,3468.4851181182203,386.5406960786842,-0.1745,72.4613653429803,-11.496492665970727,0.165,2.511247041958391,-0.7662368633993897
52.80000000000048,-2.854655637669042,3475.734029451806,385.3906936782479,-0.1745,72.51686132872636,-11.503555342756384,0.495,2.511247041958391,-0.7662368633993897
52.90000000000048,-2.8546907587297476,3482.986862024178,384.24032359958477,-0.1745,72.53979011872529,-11.503846230506248,0.165,2.511247041958391,-0.7662368633993897
53.00000000000048,-2.854819338639202,3490.2419788978823,383.0898991198514,-0.1745,72.56254735535855,-11.504643364160998,0.165,2.511247041958391,-0.7662368633993897
53.100000000000485,-2.8550087640258908,3497.499364361982,381.9393788484303,-0.1745,72.58516192663605,-11.505762064261091,0.165,2.511247041958391,-0.7662368633993897
53.200000000000486,-2.8552381705030907,3504.7590050804497,380.78873653733905,-0.1745,72.60765244272118,-11.507084157563902,0.165,2.511247041958391,-0.7662368633993897
53.30000000000049,-2.8554942108035735,3512.020889249217,379.6379556273137,-0.1745,72.63003093262087,-11.50853404294219,0.165,2.511247041958391,-0.7662368633993897
53.40000000000049,-2.8557683463354833,3519.285006056456,378.4870257568783,-0.1745,72.65230521216183,-11.510063365765548,0.165,2.511247041958391,-0.7662368633993897
53.50000000000049,-2.8562115364732716,3526.551345337085,377.33594052827794,-0.1745,72.67448040041647,-11.511641206241652,0.165,2.511247041958391,-0.7662368633993897
53.60000000000049,-2.8561897696121044,3533.8215222938593,376.18440961202464,-0.1745,72.72905873507445,-11.518977118825003,0.495,2.511247041958391,-0.7662368633993897
53.70000000000049,-2.85629117010049,3541.0955297974133,375.03248972111,-0.1745,72.75109133600758,-11.51942069946791,0.165,2.511247041958391,-0.7662368633993897
53.800000000000495,-2.8564722562220113,3548.371732721626,373.88050392066026,-0.1745,72.77296714824166,-11.520295309526352,0.165,2.511247041958391,-0.7662368633993897
53.900000000000496,-2.682998229014357,3555.6501166264757,372.72841700738394,-0.1745,72.79471094875332,-11.521442956000177,0.165,2.511247041958391,-0.7662368633993897
54.0000000000005,-2.7464589784604887,3562.933351200955,371.60817156558596,-0.1495,72.86998054083104,-10.883465879958983,0.165,2.511247041958391,-0.7662368633993897
54.1000000000005,-2.787083670981569,3570.2196236084587,370.5082523568703,-0.1745,72.85546760924595,-11.114918294354275,0.165,2.511247041958391,-0.7662368633993897
54.2000000000005,-2.0353077457755235,3577.5051012598424,369.38934130099847,-0.1745,72.85408541842769,-11.263302823081691,0.165,2.511247041958391,-0.7662368633993897
54.3000000000005,-2.3350125862179953,3584.7909880636385,368.4025323382399,-0.06225,72.86365065749358,-8.472876432089608,0.8300000000000001,2.511247041958391,-0.7662368633993897
54.4000000000005,-2.5272054062484695,3592.0694536682395,367.500962925703,-0.1745,72.70566143452523,-9.558511818648789,0.165,2.511247041958391,-0.7662368633993897
54.500000000000504,-2.650426833687269,3599.3355279929765,366.51028780825055,-0.1745,72.61582506021735,-10.254990530400004,0.165,2.511247041958391,-0.7662368633993897
54.600000000000506,-2.729426918821798,3606.594708404877,365.46244069212855,-0.1745,72.56778317779784,-10.701951792040317,0.165,2.511247041958391,-0.7662368633993897
54.70000000000051,-2.780092515692621,3613.850384886276,364.3778988131117,-0.1745,72.54574645017854,-10.988885788297031,0.165,2.511247041958391,-0.7662368633993897
54.80000000000051,-2.812613412160318,3621.1046739334765,363.26979316944744,-0.1745,72.54003449383481,-11.173227084987849,0.165,2.511247041958391,-0.7662368633993897
54.90000000000051,-2.833520544798736,3628.358906722501,362.14654028176574,-0.1745,72.54462128666191,-11.291830668646163,0.165,2.511247041958391,-0.7662368633993897
55.00000000000051,-2.8469972614666803,3635.613923706235,361.0135321652833,-0.1745,72.55571838800964,-11.368331661001761,0.165,2.511247041958391,-0.7662368633993897
55.10000000000051,-2.8557218912051434,3642.8702560715615,359.87422169195844,-0.1745,72.57092891852056,-11.417877805496383,0.165,2.511247041958391,-0.7662368633993897
55.200000000000514,-2.688268666415195,3650.12823903276,358.7308191979009,-0.1745,72.58873030544889,-11.450172075653745,0.165,2.511247041958391,-0.7662368633993897
55.300000000000516,-2.7543420562908025,3657.394064364377,357.616012539526,-0.1495,72.72777632688361,-10.845961091844423,0.8300000000000001,2.511247041958391,-0.7662368633993897
55.40000000000052,-2.7966797100449474,3664.666074476884,356.5193882034377,-0.1745,72.7124259232655,-11.086525629921692,0.165,2.511247041958391,-0.7662368633993897
55.50000000000052,-2.823841416392157,3671.937231047108,355.4030156807768,-0.1745,72.71070548121035,-11.240924823297336,0.165,2.511247041958391,-0.7662368633993897
55.60000000000052,-2.8413044181462683,3679.2086454551168,354.273959468735,-0.1745,72.71758267896799,-11.340199417539019,0.165,2.511247041958391,-0.7662368633993897
55.70000000000052,-2.8525715912558445,3686.48101903587,353.1367383486903,-0.1745,72.72988893609038,-11.404222983354334,0.165,2.511247041958391,-0.7662368633993897
55.80000000000052,-2.859882172828346,3693.754794410719,351.994241602493,-0.1745,72.74561856089757,-11.44571194059143,0.165,2.511247041958391,-0.7662368633993897
55.900000000000524,-2.8649905923105017,3701.0302502248674,350.8483160494856,-0.1745,72.76349772206724,-11.472799119556234,0.165,2.511247041958391,-0.7662368633993897
56.000000000000526,-2.867524618026376,3708.3108354027686,349.69956462905327,-0.1745,72.8482058359576,-11.502229289090868,0.8300000000000001,2.511247041958391,-0.7662368633993897
56.10000000000053,-2.869264456475247,3715.596662613399,348.54885982849606,-0.1745,72.86833837665198,-11.511866722052824,0.165,2.511247041958391,-0.7662368633993897
56.20000000000053,-2.8704987378177855,3722.8845212120837,347.3973367611261,-0.1745,72.88883359704307,-11.518594625346813,0.165,2.511247041958391,-0.7662368633993897
56.30000000000053,-2.8714116246917714,3730.1744393345525,346.24523383666826,-0.1745,72.90952885233293,-11.523463863809583,0.165,2.511247041958391,-0.7662368633993897
56.40000000000053,-2.8721205999684396,3737.466431802081,345.09270338446987,-0.1745,72.93032049823108,-11.527145180158435,0.165,2.511247041958391,-0.7662368633993897
56.50000000000053,-2.872700594419651,3744.7605049534413,343.9398427947852,-0.1745,72.95114252897888,-11.53006661353468,0.165,2.511247041958391,-0.7662368633993897
56.600000000000534,-2.8731993890487773,3752.056659727535,342.78671440051653,-0.1745,72.97195295289431,-11.532501271838122,0.165,2.511247041958391,-0.7662368633993897
56.700000000000536,-2.8736474454868093,3759.3548936301777,341.633358167875,-0.1745,72.99272509995697,-11.534623380993272,0.165,2.511247041958391,-0.7662368633993897
56.80000000000054,-2.8740641789644323,3766.6552019889364,340.4797997953691,-0.1745,73.01344207521743,-11.53654406912361,0.165,2.511247041958391,-0.7662368633993897
56.90000000000054,-2.8744619604893336,3773.9575787536687,339.32605588150506,-0.1745,73.03409321943087,-11.538334208157718,0.165,2.511247041958391,-0.7662368633993897
57.00000000000054,-2.8748486697935633,3781.262017007172,338.1721372215347,-0.1745,73.05467185062757,-11.54003899124919,0.165,2.511247041958391,-0.7662368633993897
57.10000000000054,-2.875229323546824,3788.5685092908616,337.01805091025557,-0.1745,73.0751738231635,-11.541687234332988,0.165,2.511247041958391,-0.7662368633993897
57.20000000000054,-2.8756071136151884,3795.8770478124425,335.8638016830287,-0.1745,73.09559660845873,-11.543297310203373,0.165,2.511247041958391,-0.7662368633993897
57.300000000000544,-2.875984069011455,3803.187624578297,334.709392770839,-0.1745,73.11593870863038,-11.544880933591136,0.165,2.511247041958391,-0.7662368633993897
57.400000000000546,-2.8763614778552276,3810.5002314778544,333.55482644540575,-0.1745,73.13619928252393,-11.546445575073122,0.165,2.511247041958391,-0.7662368633993897
57.50000000000055,-2.876740156305723,3817.814860337343,332.4001043666389,-0.1745,73.15637790724408,-11.547996000263694,0.165,2.511247041958391,-0.7662368633993897
57.60000000000055,-2.8771206199350634,3825.131502954011,331.2452278040713,-0.1745,73.17647442611404,-11.549535251088576,0.165,2.511247041958391,-0.7662368633993897
57.70000000000055,-2.877503192914915,3832.4501511179046,330.09019777795356,-0.1745,73.19648885175512,-11.551065271265887,0.165,2.511247041958391,-0.7662368633993897
57.80000000000055,-2.8778880775706845,3839.770796625708,328.9350151491437,-0.1745,73.21642130431357,-11.552587304931379,0.165,2.511247041958391,-0.7662368633993897
57.90000000000055,-2.878275398681585,3847.0934312895283,327.77968067636493,-0.1745,73.23627197209558,-11.554102150643537,0.165,2.511247041958391,-0.7662368633993897
58.000000000000554,-2.8786652316912886,3854.4180469424573,326.6241950526723,-0.1745,73.25604108648596,-11.555610323209244,0.165,2.511247041958391,-0.7662368633993897
58.100000000000556,-2.87905762066967,3861.74463544208,325.4685589286736,-0.1745,73.2757289059705,-11.557112156765061,0.165,2.511247041958391,-0.7662368633993897
58.20000000000056,-2.879452589747151,3869.073188672676,324.3127729273139,-0.1745,73.29533570595923,-11.558607870428018,0.165,2.511247041958391,-0.7662368633993897
58.30000000000056,-2.8798501503924783,3876.4036985465896,323.1568376532875,-0.1745,73.31486177230589,-11.560097610100565,0.165,2.511247041958391,-0.7662368633993897
58.40000000000056,-2.8802503060441103,3883.736157005064,322.0007536990281,-0.1745,73.33430739718155,-11.561581475086602,0.165,2.511247041958391,-0.7662368633993897
58.50000000000056,-2.880653055056972,3891.0705560187453,320.84452164852206,-0.1745,73.35367287644796,-11.563059535034316,0.165,2.511247041958391,-0.7662368633993897
58.60000000000056,-2.8810583925769855,3898.406887587967,319.68814207973435,-0.1745,73.3729585079858,-11.564531840719583,0.165,2.511247041958391,-0.7662368633993897
58.700000000000564,-2.881466311733289,3905.745143742898,318.531615566153,-0.1745,73.39216459063094,-11.565998430907978,0.165,2.511247041958391,-0.7662368633993897
58.800000000000566,-2.8818768043962932,3913.0853165436047,317.37494267777157,-0.1745,73.41129142349774,-11.56745933672065,0.165,2.511247041958391,-0.7662368633993897
58.90000000000057,-2.8822898616595842,3920.427398080057,316.21812398171494,-0.1745,73.4303393055488,-11.568914584411555,0.165,2.511247041958391,-0.7662368633993897
59.00000000000057,-2.882705474146128,3927.7713804721006,315.06116004263765,-0.1745,73.44930853532138,-11.570364197133765,0.165,2.511247041958391,-0.7662368633993897
59.10000000000057,-2.8831236322027864,3935.1172558694043,313.90405142297783,-0.1745,73.46819941075378,-11.571808196062621,0.165,2.511247041958391,-0.7662368633993897
59.20000000000057,-2.8835443260237756,3942.4650164513955,312.7467986831192,-0.1745,73.48701222907505,-11.573246601109734,0.165,2.511247041958391,-0.7662368633993897
59.30000000000057,-2.8839675457289857,3949.814654427186,311.5894023814949,-0.1745,73.50574728673514,-11.57467943137676,0.165,2.511247041958391,-0.7662368633993897
59.400000000000574,-2.8843932814135753,3957.1661620354907,310.43186307465385,-0.1745,73.52440487936079,-11.576106705443703,0.165,2.511247041958391,-0.7662368633993897
59.500000000000576,-2.88482152317934,3964.5195315445453,309.27418131730406,-0.1745,73.54298530172768,-11.577528441551992,0.165,2.511247041958391,-0.7662368633993897
59.60000000000058,-2.88525226115448,3971.874755252019,308.1163576623404,-0.1745,73.56148884774309,-11.578944657720674,0.165,2.511247041958391,-0.7662368633993897
59.70000000000058,-2.8856854855060106,3979.231825484928,306.95839266086335,-0.1745,73.57991581043505,-11.580355371820097,0.165,2.511247041958391,-0.7662368633993897
59.80000000000058,-2.88612118644749,3986.590734599547,305.8002868621914,-0.1745,73.59826648194583,-11.581760601618571,0.165,2.511247041958391,-0.7662368633993897
59.90000000000058,-2.7107948021885746,3993.9514749813206,304.64204081386987,-0.1745,73.61654115352799,-11.583160364811873,0.165,2.511247041958391,-0.7662368633993897
60.00000000000058,-2.7754329406081535,4001.3201159422756,303.51586082997983,-0.1495,73.75627806557031,-10.940439312988664,0.8300000000000001,2.511247041958391,-0.7662368633993897
60.100000000000584,-2.8165675158413643,4008.6947772921753,302.4099251450363,-0.1745,73.73694893242441,-11.178274385882055,0.165,2.511247041958391,-0.7662368633993897
60.200000000000585,-2.842798209180464,4016.0681929468487,301.2845325802834,-0.1745,73.7313641610424,-11.329576909177032,0.165,2.511247041958391,-0.7662368633993897
60.30000000000059,-2.8595819739674475,4023.4414804059497,300.14675470650945,-0.1745,73.73438502098122,-11.425980566301648,0.165,2.511247041958391,-0.7662368633993897
60.40000000000059,-2.8465203121569465,4030.8153397285228,299.0010772703309,-0.1745,73.74280143048097,-11.487568157269544,0.165,3.045206690775944,-0.5638485051087402
60.50000000000059,-2.8383675429016804,4038.1909934950845,297.8547285430995,-0.1745,73.77027390074986,-11.439406387357998,0.165,3.045206690775944,-0.5638485051087402
60.60000000000059,-2.83333673594441,4045.5692509816763,296.71229180772076,-0.1745,73.79487583108853,-11.409328320216622,0.165,3.045206690775944,-0.5638485051087402
60.70000000000059,-2.830291576969114,4052.9498757200727,295.57228798548977,-0.1745,73.81761893683716,-11.390748124403117,0.165,3.045206690775944,-0.5638485051087402
60.800000000000594,-2.828509521597666,4060.332714124471,294.4337767238164,-0.1745,73.83914915112375,-11.379477109064872,0.165,3.045206690775944,-0.5638485051087402
60.900000000000595,-2.827531170684855,4067.7176655001304,293.2961603047108,-0.1745,73.85987836206587,-11.37285127304706,0.165,3.045206690775944,-0.5638485051087402
61.0000000000006,-2.82706446812021,4075.104662869132,292.15905891868476,-0.1745,73.88006901797016,-11.369176447472736,0.165,3.045206690775944,-0.5638485051087402
61.1000000000006,-2.8269237669199243,4082.493660734057,291.0222313290539,-0.1745,73.89988828052392,-11.3673753451447,0.165,3.045206690775944,-0.5638485051087402
61.2000000000006,-2.826991074969323,4089.884627278635,289.8855244103026,-0.1745,73.91944261103708,-11.36676302988172,0.165,3.045206690775944,-0.5638485051087402
61.3000000000006,-2.8271914094079875,4097.277539400588,288.74884105463934,-0.1745,73.93879982801091,-11.366904083383114,0.165,3.045206690775944,-0.5638485051087402
61.4000000000006,-2.827477125178897,4104.672379550029,287.6121197629808,-0.1745,73.958003160829,-11.367521749788267,0.165,3.045206690775944,-0.5638485051087402
61.500000000000604,-2.827817951308034,4112.069133717963,286.4753216680398,-0.1745,73.97708019784962,-11.368440149032324,0.165,3.045206690775944,-0.5638485051087402
61.600000000000605,-2.828194656983859,4119.467790156904,285.3384222842143,-0.1745,73.99604858095734,-11.369547527477586,0.165,3.045206690775944,-0.5638485051087402
61.70000000000061,-2.8285950256850074,4126.868338567364,284.2014062633212,-0.1745,74.01491962823927,-11.370772890384522,0.165,3.045206690775944,-0.5638485051087402
61.80000000000061,-2.8290112966990333,4134.270769580673,283.06426406152525,-0.1745,74.03370063793739,-11.372071145534523,0.165,3.045206690775944,-0.5638485051087402
61.90000000000061,-2.829438539429452,4141.675074430238,281.92698982127865,-0.1745,74.05239635336385,-11.373413659397022,0.165,3.045206690775944,-0.5638485051087402
62.00000000000061,-2.8298736205667114,4149.081244742613,280.7895800255674,-0.1745,74.07100989413773,-11.374782254828592,0.165,3.045206690775944,-0.5638485051087402
62.10000000000061,-2.830314548015722,4156.489272404723,279.65203264298987,-0.1745,74.08954334805308,-11.376165396721529,0.165,3.045206690775944,-0.5638485051087402
62.200000000000614,-2.8307600542100895,4163.8991494794855,278.51434658473244,-0.1745,74.10799814718693,-11.377555768426909,0.165,3.045206690775944,-0.5638485051087402
62.300000000000615,-2.831209331506452,4171.310868152188,277.37652135970654,-0.1745,74.12637530686025,-11.378948732090416,0.165,3.045206690775944,-0.5638485051087402
62.40000000000062,-2.831661864179038,4178.724420696403,276.2385568555682,-0.1745,74.14467557743738,-11.380341350676039,0.165,3.045206690775944,-0.5638485051087402
62.50000000000062,-2.832117321764549,4186.139799452312,275.1004531996913,-0.1745,74.16289954074111,-11.38173176686266,0.165,3.045206690775944,-0.5638485051087402
62.60000000000062,-2.8325754913643792,4193.556996812913,273.9622106709158,-0.1745,74.18104767128081,-11.38311880864763,0.165,3.045206690775944,-0.5638485051087402
62.70000000000062,-2.833036234680894,4200.976005215233,272.8238296435361,-0.1745,74.19912037512944,-11.384501738945962,0.165,3.045206690775944,-0.5638485051087402
62.80000000000062,-2.0509116969538277,4208.39681713472,271.685310551757,-0.1745,74.21711801460476,-11.385880096635983,0.165,3.045206690775944,-0.5638485051087402
62.900000000000624,-0.7932589265956367,4215.818845757578,270.6945421196856,-0.06225,74.22345444256838,-8.429488544792772,0.8300000000000001,3.045206690775944,-0.5638485051087402
63.000000000000625,-0.7679805880390446,4223.20219446598,270.08863814518537,0.04999999999999999,73.44351972547682,-3.6885909452116126,0.165,3.045206690775944,-0.5638485051087402
63.10000000000063,-0.9238896139145454,4230.542467943782,269.72467252936985,-0.06225,73.36194983056545,-3.5907213710986245,0.165,3.045206690775944,-0.5638485051087402
63.20000000000063,-1.6183584993889535,4237.875228925473,269.3371652884844,-0.08725,73.2932698032385,-4.159423446610552,0.495,3.045206690775944,-0.5638485051087402
63.30000000000063,-2.0664346326611875,4245.182722429687,268.79532782761265,-0.1745,72.8566002810373,-6.677325770825223,0.165,3.045206690775944,-0.5638485051087402
63.40000000000063,-2.3556401768048523,4252.455691413789,268.046660201158,-0.1745,72.60277940100839,-8.29602675826781,0.165,3.045206690775944,-0.5638485051087402
63.50000000000063,-2.542251191576026,4259.708613628788,267.16485180681997,-0.1745,72.45566489896095,-9.340141128492277,0.165,3.045206690775944,-0.5638485051087402
63.600000000000634,-2.6626237772796433,4266.950048161839,266.19713128634214,-0.1745,72.37302576205654,-10.014269281064605,0.165,3.045206690775944,-0.5638485051087402
63.700000000000635,-2.7402598704602528,4274.185210014302,265.1739352055041,-0.1745,72.33021128722237,-10.449652335695658,0.165,3.045206690775944,-0.5638485051087402
63.80000000000064,-2.790342445219821,4281.4173375192495,264.1149048496331,-0.1745,72.31233881172322,-10.730954781724385,0.165,3.045206690775944,-0.5638485051087402
63.90000000000064,-2.822671579578009,4288.648465443598,263.03271402492686,-0.1745,72.3102196752431,-10.912861712400723,0.165,3.045206690775944,-0.5638485051087402
64.00000000000064,-2.8435678051252964,4295.879881247284,261.9355366798175,-0.1745,72.31809639848109,-11.030685189786624,0.165,3.045206690775944,-0.5638485051087402
64.10000000000063,-2.8571048458102917,4303.112402392771,260.8286417899985,-0.1745,72.33232651126717,-11.10721260659322,0.165,3.045206690775944,-0.5638485051087402
64.20000000000063,-2.695879491487832,4310.346548280218,259.7154241960139,-0.1745,72.35059123765295,-11.15713927309995,0.165,3.045206690775944,-0.5638485051087402
64.30000000000062,-2.7624040372804766,4317.58689610028,258.62890373326206,-0.1495,72.45636516359772,-10.573269981936333,0.495,3.045206690775944,-0.5638485051087402
64.40000000000062,-2.8052872612638176,4324.831927321741,257.55949839408146,-0.1745,72.44425926563665,-10.814836801675428,0.165,3.045206690775944,-0.5638485051087402
64.50000000000061,-2.8329569993393564,4332.0764215522495,256.4702093926602,-0.1745,72.44562534453138,-10.970943226750226,0.165,3.045206690775944,-0.5638485051087402
64.6000000000006,-2.850841550835306,4339.32147977137,255.36806122339615,-0.1745,72.45553903787167,-11.072020158530385,0.165,3.045206690775944,-0.5638485051087402
64.7000000000006,-2.8624351293762635,4346.567800745258,254.25757626566624,-0.1745,72.4708804398854,-11.137678996067741,0.165,3.045206690775944,-0.5638485051087402
64.8000000000006,-2.6996433537046953,4353.815827884568,253.1416647904764,-0.1745,72.48966234630906,-11.18055050772908,0.165,3.045206690775944,-0.5638485051087402
64.90000000000059,-2.76537404511757,4361.071754939255,252.05290812633754,-0.1495,72.62887874743289,-10.5945827750483,0.8300000000000001,3.045206690775944,-0.5638485051087402
65.00000000000058,-2.044632581568889,4368.334020520481,250.9814933201732,-0.1745,72.61643287709545,-10.833713348238703,0.165,3.045206690775944,-0.5638485051087402
65.10000000000058,-2.3464501405732903,4375.592941595331,250.03165329940333,-0.06225,72.56198861988229,-8.163087067158784,0.165,3.045206690775944,-0.5638485051087402
65.20000000000057,-2.541298102055973,4382.841397590859,249.16090685674195,-0.1745,72.40713129067926,-9.251841786069143,0.165,3.045206690775944,-0.5638485051087402
65.30000000000057,-2.6676189674167987,4390.077743948989,248.20055980312517,-0.1745,72.31979587192804,-9.955099286266162,0.165,3.045206690775944,-0.5638485051087402
65.40000000000056,-2.748119711841155,4397.310713947062,247.18175238368272,-0.1745,72.33960408952544,-10.42104910258314,0.8300000000000001,3.045206690775944,-0.5638485051087402
65.50000000000055,-2.8000488206304084,4404.5436966484995,246.12506601554333,-0.1745,72.32004993922442,-10.71267826020453,0.165,3.045206690775944,-0.5638485051087402
65.60000000000055,-2.8335686250844527,4411.775542000769,245.04437040113805,-0.1745,72.31685710616958,-10.901234027900882,0.165,3.045206690775944,-0.5638485051087402
65.70000000000054,-2.8552333244456203,4419.007586988817,243.9481419073016,-0.1745,72.32404265478606,-11.023335848828212,0.165,3.045206690775944,-0.5638485051087402
65.80000000000054,-2.869267218900822,4426.240680328062,242.8418443751334,-0.1745,72.33782413011897,-11.102614794535615,0.165,3.045206690775944,-0.5638485051087402
65.90000000000053,-2.8783914890500744,4433.475361273052,241.72899812614918,-0.1745,72.3557947696859,-11.154310185148749,0.165,3.045206690775944,-0.5638485051087402
66.00000000000053,-2.884358291540423,4440.711971854465,240.61187041936364,-0.1745,72.37641685858321,-11.188243950561908,0.165,3.045206690775944,-0.5638485051087402
66.10000000000052,-2.8882954311609383,4447.950727967832,239.49192105020714,-0.1745,72.39870540875084,-11.210743432567869,0.165,3.045206690775944,-0.5638485051087402
66.20000000000051,-2.890928616865599,4455.191764663769,238.37008972145856,-0.1745,72.42202850999679,-11.225883142403918,0.165,3.045206690775944,-0.5638485051087402
66.30000000000051,-2.1310319506150996,4462.43516511022,237.24698126389887,-0.1745,72.4459804190133,-11.236286008789989,0.165,3.045206690775944,-0.5638485051087402
66.4000000000005,-2.406158435819576,4469.6785503072,236.26380674524628,-0.06225,72.42172352059083,-8.427204364261868,0.495,3.045206690775944,-0.5638485051087402
66.5000000000005,-2.583899022040808,4476.913873154391,235.37152681212436,-0.1745,72.28473342323929,-9.41839429817646,0.165,3.045206690775944,-0.5638485051087402
66.60000000000049,-2.6986880950426713,4484.138530986501,234.39764652869988,-0.1745,72.2084232189656,-10.059211370312983,0.165,3.045206690775944,-0.5638485051087402
66.70000000000049,-2.7728133618168904,4491.357437739009,233.37100444960697,-0.1745,72.16971183118402,-10.473630211545437,0.165,3.045206690775944,-0.5638485051087402
66.80000000000048,-2.8206904675566418,4498.57365356063,232.3102351928535,-0.1745,72.1546046012471,-10.74175492352391,0.165,3.045206690775944,-0.5638485051087402
66.90000000000047,-2.0929278235835596,4505.789105462456,231.22737780175132,-0.1745,72.15443343526807,-10.915392898519876,0.165,3.045206690775944,-0.5638485051087402
67.00000000000047,-2.384140695697736,4513.005140992585,230.26950538441582,-0.06225,72.16627716732259,-8.242055448190262,0.8300000000000001,3.045206690775944,-0.5638485051087402
67.10000000000046,-2.5726853796135547,4520.214498485317,229.39303746290005,-0.1745,72.02087268730938,-9.287302982124979,0.165,3.045206690775944,-0.5638485051087402
67.20000000000046,-2.6947109773892852,4527.412521788897,228.43044446607334,-0.1745,71.93959338429815,-9.964556954409298,0.165,3.045206690775944,-0.5638485051087402
67.30000000000045,-2.773669092821527,4534.604403729728,227.41204099023042,-0.1745,71.89804543233113,-10.403512562448793,0.165,3.045206690775944,-0.5638485051087402
67.40000000000045,-2.8247639352234497,4541.79337889605,226.35745866787065,-0.1745,71.88145789411416,-10.68813388474696,0.165,3.045206690775944,-0.5638485051087402
67.50000000000044,-2.8578438563585964,4548.981485991973,225.2794096312542,-0.1745,71.88068402436146,-10.872846847582027,0.165,3.045206690775944,-0.5638485051087402
67.60000000000043,-2.87928273250585,4556.170018952935,224.18612123530528,-0.1745,71.88997519486527,-10.992921071396433,0.165,3.045206690775944,-0.5638485051087402
67.70000000000043,-2.8932029360332283,4563.359801872304,223.0829153321399,-0.1745,71.90568319252404,-11.071196991911545,0.165,3.045206690775944,-0.5638485051087402
67.80000000000042,-2.902269195051821,4570.551359940566,221.97323269129214,-0.1745,71.9254781727068,-11.122455825043456,0.165,3.045206690775944,-0.5638485051087402
67.90000000000042,-2.9082032431238893,4577.745027161971,220.8592970210471,-0.1745,71.94786625539632,-11.156257579857634,0.165,3.045206690775944,-0.5638485051087402
68.00000000000041,-2.912117115661865,4584.941014833431,219.74254502575474,-0.1745,71.97188717380388,-11.178782325989774,0.165,3.045206690775944,-0.5638485051087402
68.1000000000004,-2.9147288266584037,4592.139455329092,218.62390473206906,-0.1745,71.99692273941163,-11.19402354772344,0.165,3.045206690775944,-0.5638485051087402
68.2000000000004,-2.9165018478653915,4599.340430198712,217.5039755098138,-0.1745,72.02257465298372,-11.204560897381333,0.165,3.045206690775944,-0.5638485051087402
68.3000000000004,-2.9177352671253622,4606.543988241347,216.3831444529122,-0.1745,72.04858619970115,-11.21206024065083,0.165,3.045206690775944,-0.5638485051087402
68.40000000000039,-2.9186220431940773,4613.750157147438,215.2616615881034,-0.1745,72.07479192212541,-11.217597055525182,0.165,3.045206690775944,-0.5638485051087402
68.50000000000038,-2.919286633967368,4620.958951004358,214.13968846059984,-0.1745,72.10108521628013,-11.221865494546059,0.165,3.045206690775944,-0.5638485051087402
68.60000000000038,-2.9198092943935476,4628.170375137423,213.0173295116657,-0.1745,72.12739744502457,-11.22531348413661,0.165,3.045206690775944,-0.5638485051087402
68.70000000000037,-2.920241762360088,4635.384429233008,211.89465233744073,-0.1745,72.15368446665643,-11.228230000362819,0.165,3.045206690775944,-0.5638485051087402
68.80000000000037,-2.9206173824510753,4642.601109353505,210.77170076571105,-0.1745,72.17991794330146,-11.230801434230864,0.165,3.045206690775944,-0.5638485051087402
68.90000000000036,-2.920957638335903,4649.820409237291,209.6485032947664,-0.1745,72.20607973241165,-11.233147984661809,0.165,3.045206690775944,-0.5638485051087402
69.00000000000036,-2.9212763668547455,4657.042321137295,208.52507853801558,-0.1745,72.23215826768516,-11.235347150355004,0.165,3.045206690775944,-0.5638485051087402
69.10000000000035,-2.9215824759470053,4664.266836361874,207.40143873597924,-0.1745,72.25814622389225,-11.23744889037164,0.165,3.045206690775944,-0.5638485051087402
69.20000000000034,-2.921881697230586,4671.493945623584,206.2775920211672,-0.1745,72.28403901031092,-11.239485405869196,0.165,3.045206690775944,-0.5638485051087402
69.30000000000034,-2.922177715858829,4678.723639264045,205.15354387837596,-0.1745,72.30983379889946,-11.241477449956033,0.165,3.045206690775944,-0.5638485051087402
69.40000000000033,-2.9224728987633677,4685.955907398866,204.0292980860248,-0.1745,72.33552889751728,-11.243438397067209,0.165,3.045206690775944,-0.5638485051087402
69.50000000000033,-2.162049403576998,4693.190740011029,202.9048573228297,-0.1745,72.36112334576013,-11.245376866834157,0.165,3.045206690775944,-0.5638485051087402
69.60000000000032,-2.4355713512937474,4700.425639798268,201.92072041590745,-0.06225,72.33687239901268,-8.437361271610765,0.495,3.045206690775944,-0.5638485051087402
69.70000000000032,-2.6123907648203955,4707.652556577282,201.02776919374273,-0.1745,72.20146318126773,-9.4216631716838,0.165,3.045206690775944,-0.5638485051087402
69.80000000000031,-2.7266598811941387,4714.8689390712325,200.0537633093394,-0.1745,72.12618669774895,-10.058454516382856,0.165,3.045206690775944,-0.5638485051087402
69.9000000000003,-2.800498427384897,4722.079658496836,199.0273132685385,-0.1745,72.0882018143082,-10.470546299634629,0.165,3.045206690775944,-0.5638485051087402
70.0000000000003,-2.8482226984712726,4729.287750874244,197.96691862560797,-0.1745,72.07364573386255,-10.737346558975878,0.165,3.045206690775944,-0.5638485051087402
70.10000000000029,-2.8790902149630226,4736.495129400421,196.88453895538984,-0.1745,72.07392478967567,-10.91024684538698,0.165,3.045206690775944,-0.5638485051087402
70.20000000000029,-2.899082503839825,4743.703007477502,195.7879018701328,-0.1745,72.0836367519391,-11.022494859753937,0.165,3.045206690775944,-0.5638485051087402
70.30000000000028,-2.742644804801313,4750.912157039962,194.6819978469436,-0.1745,72.099354497263,-11.095585604030076,0.165,3.045206690775944,-0.5638485051087402
70.40000000000028,-2.8116516131089715,4758.125682046086,193.6008971945269,-0.1495,72.17114562521228,-10.526427444304018,0.165,3.045206690775944,-0.5638485051087402
70.50000000000027,-2.097994473008216,4765.342187111416,192.53577156447537,-0.1745,72.1589556813858,-10.776085156726763,0.165,3.045206690775944,-0.5638485051087402
70.60000000000026,-2.3977834536646574,4772.557050468496,191.58938001466248,-0.06225,72.1383114602084,-8.151745839530886,0.495,3.045206690775944,-0.5638485051087402
70.70000000000026,-2.591952477244665,4779.7633503194975,190.72043647610496,-0.1745,71.98768555983085,-9.22712493161916,0.165,3.045206690775944,-0.5638485051087402
70.80000000000025,-2.5491014837686605,4786.957896007566,189.76287477011363,-0.1745,71.90322820153482,-9.924109188207398,0.165,3.045206690775944,-0.5638485051087402
70.90000000000025,-2.6902218185821765,4794.149397985404,188.77828662185587,-0.1495,71.92681135523321,-9.767653776947869,0.165,3.045206690775944,-0.5638485051087402
71.00000000000024,-2.781568662977965,4801.3394483921475,187.7761669050776,-0.1745,71.87419677964336,-10.274740558617625,0.165,3.045206690775944,-0.5638485051087402
71.10000000000024,-2.840697179741239,4808.525691575948,186.7322511763977,-0.1745,71.85066689637235,-10.603574014979706,0.165,3.045206690775944,-0.5638485051087402
71.20000000000023,-2.878985095194272,4815.710501199367,185.66122436180368,-0.1745,71.84552557200648,-10.816962276901185,0.165,3.045206690775944,-0.5638485051087402
71.30000000000022,-2.9038000489350457,4822.895381342947,184.57259499128628,-0.1745,71.85207729959825,-10.955625133446906,0.165,3.045206690775944,-0.5638485051087402
71.40000000000022,-2.919909451644094,4830.081289391778,183.47251643022025,-0.1745,71.86608367703204,-11.045946087873546,0.165,3.045206690775944,-0.5638485051087402
71.50000000000021,-2.930396349197342,4837.268835680681,182.36496873849256,-0.1745,71.88484210103283,-11.10500774667998,0.165,3.045206690775944,-0.5638485051087402
71.60000000000021,-2.9372535731694454,4844.458408845689,181.252525167417,-0.1745,71.90662119911953,-11.1438636748317,0.165,3.045206690775944,-0.5638485051087402
71.7000000000002,-2.9417687526474836,4851.650255332324,180.13684885876017,-0.1745,71.93030853359612,-11.169662498304586,0.165,3.045206690775944,-0.5638485051087402
71.8000000000002,-2.944773585641367,4858.8445301619995,179.01901446309674,-0.1745,71.95518805990727,-11.187025414964273,0.165,3.045206690775944,-0.5638485051087402
71.90000000000019,-2.946805118744496,4866.041329485362,177.89971625779677,-0.1745,71.98079840734817,-11.198938691035133,0.165,3.045206690775944,-0.5638485051087402
72.00000000000018,-2.948210041203896,4873.240711513365,176.7794027494299,-0.1745,72.00684215269308,-11.207331476302372,0.165,3.045206690775944,-0.5638485051087402
72.10000000000018,-2.9492121000071467,4880.442709998121,175.65836369228336,-0.1745,72.03312754244173,-11.213449666628067,0.165,3.045206690775944,-0.5638485051087402
72.20000000000017,-2.949955661320163,4887.647342924186,174.53678632454248,-0.1745,72.05953097886116,-11.218097688189516,0.165,3.045206690775944,-0.5638485051087402
72.30000000000017,-2.95053384990082,4894.854618115153,173.41479169998206,-0.1745,72.08597284049313,-11.22179480301902,0.165,3.045206690775944,-0.5638485051087402
72.40000000000016,-2.9510067213582043,4902.06453685145,172.29245815373957,-0.1745,72.1124018854361,-11.224876121830604,0.165,3.045206690775944,-0.5638485051087402
72.50000000000016,-2.9514129947089742,4909.2770962050545,171.16983645441354,-0.1745,72.13878518666228,-11.227557864690219,0.165,3.045206690775944,-0.5638485051087402
72.60000000000015,-2.9517776254487904,4916.492290546185,170.0469595855643,-0.1745,72.16510163595547,-11.229979512294154,0.165,3.045206690775944,-0.5638485051087402
72.70000000000014,-2.9521166926502227,4923.71011251553,168.92384905873382,-0.1745,72.19133775095446,-11.232231024315338,0.165,3.045206690775944,-0.5638485051087402
72.80000000000014,-2.952440552022841,4930.930553651523,167.80051898697153,-0.1745,72.21748496888918,-11.234370410930573,0.165,3.045206690775944,-0.5638485051087402
72.90000000000013,-2.952755869756598,4938.15360479497,166.676978712726,-0.1745,72.24353790006157,-11.236435073979953,0.165,3.045206690775944,-0.5638485051087402
73.00000000000013,-2.953066934142084,4945.379256350017,165.5532345027656,-0.1745,72.26949320087293,-11.238449125227627,0.165,3.045206690775944,-0.5638485051087402
73.10000000000012,-2.9533765012484743,4952.607498452398,164.4292906411207,-0.1745,72.29534884674828,-11.240428107670503,0.165,3.045206690775944,-0.5638485051087402
73.20000000000012,-2.9536863400646363,4959.838321077893,163.30515013369805,-0.1745,72.32110366314446,-11.24238204078276,0.165,3.045206690775944,-0.5638485051087402
73.30000000000011,-2.9539975838333143,4967.071714112205,162.18081516244519,-0.1745,72.34675702309099,-11.244317384274272,0.165,3.045206690775944,-0.5638485051087402
73.4000000000001,-2.9543109564321037,4974.307667395968,161.056287378023,-0.1745,72.37230865216942,-11.246238304169445,0.165,3.045206690775944,-0.5638485051087402
73.5000000000001,-2.9546269182104923,4981.546170753716,159.9315680883694,-0.1745,72.39775850279261,-11.248147488902324,0.165,3.045206690775944,-0.5638485051087402
73.6000000000001,-2.954945759919867,4988.787214012515,158.8066583801619,-0.1745,72.42310667317497,-11.250046675247383,0.165,3.045206690775944,-0.5638485051087402
73.70000000000009,-2.955267663198793,4996.0307870139295,157.6815591970404,-0.1745,72.44835335511785,-11.251936987182866,0.165,3.045206690775944,-0.5638485051087402
73.80000000000008,-2.955592739513726,5003.276879621704,156.55627138997232,-0.1745,72.47349880036961,-11.253819154178391,0.165,3.045206690775944,-0.5638485051087402
73.90000000000008,-2.9559210552239463,5010.5254817266705,155.43079574967436,-0.1745,72.49854329895722,-11.25569365178103,0.165,3.045206690775944,-0.5638485051087402
74.00000000000007,-2.9562526477116746,5017.77658324988,154.30513302747835,-0.1745,72.52348716523153,-11.257560792139454,0.165,3.045206690775944,-0.5638485051087402
74.10000000000007,-2.95658753576012,5025.0301741445855,153.17928394875733,-0.1745,72.54833072888208,-11.259420782280717,0.165,3.045206690775944,-0.5638485051087402
74.20000000000006,-2.956925726229209,5032.286244397487,152.05324922156234,-0.1745,72.57307432915259,-11.261273761619242,0.165,3.045206690775944,-0.5638485051087402
74.30000000000005,-2.957267218348826,5039.544784029501,150.92702954217668,-0.1745,72.59771831111769,-11.263119826093856,0.165,3.045206690775944,-0.5638485051087402
74.40000000000005,-2.193877732694149,5046.805783096222,149.80062559868716,-0.1745,72.62226302328658,-11.264959043696654,0.165,3.045206690775944,-0.5638485051087402
74.50000000000004,-2.4694951086412074,5054.066777204482,148.81557757858496,-0.06225,72.59761914192428,-8.436001358347077,0.495,3.045206690775944,-0.5638485051087402
74.60000000000004,-2.647656105246882,5061.31961658524,147.92222186168277,-0.1745,72.45916847322813,-9.431112979696554,0.165,3.045206690775944,-0.5638485051087402
74.70000000000003,-2.762052597290774,5068.563291453567,146.94670208297933,-0.1745,72.41432889332388,-10.079282594372135,0.495,3.045206690775944,-0.5638485051087402
74.80000000000003,-2.8358275762595975,5075.8027490934855,145.91807886261626,-0.1745,72.37482390504478,-10.493181812889095,0.165,3.045206690775944,-0.5638485051087402
74.90000000000002,-2.883424675685919,5083.039439343711,144.85539394606567,-0.1745,72.35898109946685,-10.760516518122692,0.165,3.045206690775944,-0.5638485051087402
75.00000000000001,-2.9141622256695316,5090.275292828074,143.77070078476473,-0.1745,72.35808858780042,-10.933346707896375,0.165,3.045206690775944,-0.5638485051087402
75.10000000000001,-2.934047244339042,5097.511531371936,142.67176975162238,-0.1745,72.36668228943249,-11.045273954950536,0.165,3.045206690775944,-0.5638485051087402
75.2,-2.946949651316297,5104.748930666456,141.56360746847605,-0.1745,72.38130360096281,-11.117971707976142,0.165,3.045206690775944,-0.5638485051087402
75.3,-2.9553613049531755,5111.987983365105,140.44943835700204,-0.1745,72.39975037202596,-11.165410521503981,0.165,3.045206690775944,-0.5638485051087402
75.39999999999999,-2.9608860631176546,5119.229001643571,139.33133829487184,-0.1745,72.42061519729998,-11.196590721100224,0.165,3.045206690775944,-0.5638485051087402
75.49999999999999,-2.964555878184906,5126.472182228698,138.21064335917995,-0.1745,72.4429965052417,-11.217307992737629,0.165,3.045206690775944,-0.5638485051087402
75.59999999999998,-2.9670345314867093,5133.717647851876,137.08821330868966,-0.1745,72.46631595831398,-11.231293017068346,0.165,3.045206690775944,-0.5638485051087402
75.69999999999997,-2.9687488730263207,5140.965473764241,135.96460133446269,-0.1745,72.49020228899657,-11.240946467471357,0.165,3.045206690775944,-0.5638485051087402
75.79999999999997,-2.9699733246300792,5148.215704733137,134.84016337431348,-0.1745,72.51441708890835,-11.24781273551266,0.165,3.045206690775944,-0.5638485051087402
75.89999999999996,-2.9708842704899197,5155.468365951242,133.71512848230603,-0.1745,72.53880727320154,-11.252885104636224,0.165,3.045206690775944,-0.5638485051087402
75.99999999999996,-2.9717803130536673,5162.723470043974,132.58964411392844,-0.1745,72.56327458144605,-11.256802262915453,0.165,3.045206690775944,-0.5638485051087402
76.09999999999995,-2.9720460191769633,5169.982646514761,131.4635187946796,-0.1745,72.62025483428651,-11.265704122061601,0.495,3.045206690775944,-0.5638485051087402
76.19999999999995,-2.9723463565601,5177.245897115349,130.3368726059547,-0.1745,72.64475717748505,-11.267219652436486,0.165,3.045206690775944,-0.5638485051087402
76.29999999999994,-2.9726700881082477,5184.511592142743,129.21006951592076,-0.1745,72.66914337040029,-11.268842148242364,0.165,3.045206690775944,-0.5638485051087402
76.39999999999993,-2.9730099953245355,5191.7797203137325,128.0831008625861,-0.1745,72.69342004938983,-11.270530918450921,0.165,3.045206690775944,-0.5638485051087402
76.49999999999993,-2.9733614403096755,5199.050270896311,126.9559613246767,-0.1745,72.71759160218333,-11.272259839737025,0.165,3.045206690775944,-0.5638485051087402
76.59999999999992,-2.9737214420177676,5206.323233524997,125.82864772535461,-0.1745,72.74166097152253,-11.274012146704425,0.165,3.045206690775944,-0.5638485051087402
76.69999999999992,-2.9740880829770444,5213.598598082156,124.70115826381559,-0.1745,72.76563017166905,-11.27577708407607,0.165,3.045206690775944,-0.5638485051087402
76.79999999999991,-2.9744601283280696,5220.876354621754,123.57349202182125,-0.1745,72.78950062029588,-11.277547755810653,0.165,3.045206690775944,-0.5638485051087402
76.8999999999999,-2.974836781245001,5228.1564933203545,122.44564864685637,-0.1745,72.813273351705,-11.279319743486939,0.165,3.045206690775944,-0.5638485051087402
76.9999999999999,-2.9752175259458333,5235.439004445629,121.31762814873198,-0.1745,72.83694915377646,-11.28109021900067,0.165,3.045206690775944,-0.5638485051087402
77.0999999999999,-2.9756020269436663,5242.723878336113,120.18943076904037,-0.1745,72.86052865591242,-11.28285737483163,0.165,3.045206690775944,-0.5638485051087402
77.19999999999989,-2.9761772978647,5250.011105388183,119.06105689738416,-0.1745,72.8840123855005,-11.284620058292624,0.165,3.045206690775944,-0.5638485051087402
77.29999999999988,-2.9762520330679614,5257.302300989891,117.93222055163905,-0.1745,72.93989964866387,-11.292106856609621,0.495,3.045206690775944,-0.5638485051087402
77.39999999999988,-2.976445424752774,5264.597457975717,116.80298116991004,-0.1745,72.96324006786293,-11.292680777970604,0.165,3.045206690775944,-0.5638485051087402
77.49999999999987,-2.8050831194601047,5271.894941052173,115.6736636611149,-0.1745,72.98642146126254,-11.293669397932147,0.165,3.045206690775944,-0.5638485051087402
77.59999999999987,-2.867088314351501,5279.200661292303,114.57539971819274,-0.1495,73.12798334135385,-10.671609460511062,0.8300000000000001,3.045206690775944,-0.5638485051087402
77.69999999999986,-2.9069026781304332,5286.51283094474,113.49690861448221,-0.1745,73.1154097073848,-10.898212613699545,0.165,3.045206690775944,-0.5638485051087402
77.79999999999986,-2.9325144471375806,5293.8243819619875,112.39980591059327,-0.1745,73.11561063755914,-11.04384146407928,0.165,3.045206690775944,-0.5638485051087402
77.89999999999985,-2.949040434441861,5301.136356473151,111.2907330707592,-0.1745,73.12387958570521,-11.137615332601996,0.165,3.045206690775944,-0.5638485051087402
77.99999999999984,-2.95975636606656,5308.449412827773,110.17394250799438,-0.1745,73.13724750672772,-11.198195922694435,0.165,3.045206690775944,-0.5638485051087402
78.09999999999984,-2.9667584068600554,5315.763966806511,109.05215591106102,-0.1745,73.15383206803348,-11.237536015972703,0.165,3.045206690775944,-0.5638485051087402
78.19999999999983,-2.971387437274027,5323.08028021778,107.92711472713414,-0.1745,73.17243615733858,-11.263287662564892,0.165,3.045206690775944,-0.5638485051087402
78.29999999999983,-2.9745009430206446,5330.398516874921,106.79993295825119,-0.1745,73.19229698548995,-11.280347715094004,0.165,3.045206690775944,-0.5638485051087402
78.39999999999982,-2.976647141506874,5337.718778122693,105.67132312961658,-0.1745,73.2129279699396,-11.291848857598268,0.165,3.045206690775944,-0.5638485051087402
78.49999999999982,-2.978176444479969,5345.04112544842,104.5417409552997,-0.1745,73.23401854459948,-11.299794628739397,0.165,3.045206690775944,-0.5638485051087402
78.59999999999981,-2.9793127812345146,5352.3655948983505,103.41147791861307,-0.1745,73.25537045400824,-11.305466104993119,0.165,3.045206690775944,-0.5638485051087402
78.6999999999998,-2.980199223200885,5359.692206278947,102.2807205014297,-0.1745,73.2768571579172,-11.309682238674247,0.165,3.045206690775944,-0.5638485051087402
78.7999999999998,-2.9809271617935162,5367.020969033249,101.14958806669631,-0.1745,73.29839792811411,-11.312966455993614,0.165,3.045206690775944,-0.5638485051087402
78.89999999999979,-2.981554963899506,5374.351885995006,100.01815708201892,-0.1745,73.31994130704713,-11.31565323755412,0.165,3.045206690775944,-0.5638485051087402
78.99999999999979,-2.982119897128077,5381.684955787364,98.8864766058489,-0.1745,73.34145454010428,-11.31795628584627,0.165,3.045206690775944,-0.5638485051087402
79.09999999999978,-2.9826457513255815,5389.020174355509,97.75457818583125,-0.1745,73.36291682279563,-11.320012114506726,0.165,3.045206690775944,-0.5638485051087402
79.19999999999978,-2.983147708607145,5396.357535945916,96.62248218433676,-0.1745,73.38431498535711,-11.321907915382992,0.165,3.045206690775944,-0.5638485051087402
79.29999999999977,-2.9836354546526547,5403.697033731936,95.49020182003164,-0.1745,73.40564073503995,-11.323699370719444,0.165,3.045206690775944,-0.5638485051087402
79.39999999999976,-2.984115166044206,5411.038660213386,94.35774574968279,-0.1745,73.42688889395687,-11.325422036257587,0.165,3.045206690775944,-0.5638485051087402
79.49999999999976,-2.984590779447805,5418.382407471744,93.22511971714995,-0.1745,73.44805627320713,-11.327098614399214,0.165,3.045206690775944,-0.5638485051087402
79.59999999999975,-2.9850648020120807,5425.728267333086,92.09232760640482,-0.1745,73.46914095363054,-11.328743600503435,0.165,3.045206690775944,-0.5638485051087402
79.69999999999975,-2.9855388287333,5433.076231472087,90.95937211385288,-0.1745,73.49014182639844,-11.330366250535514,0.165,3.045206690775944,-0.5638485051087402
79.79999999999974,-2.986399590726983,5440.426291478388,89.82625517751589,-0.1745,73.51105829961888,-11.331972476204253,0.165,3.045206690775944,-0.5638485051087402
79.89999999999974,-2.9862422459007454,5447.781713403706,88.6924009785793,-0.1745,73.59738020674239,-11.345111502527503,0.8300000000000001,3.045206690775944,-0.5638485051087402
79.99999999999973,-2.9863199863975525,5455.142493433224,87.5579296168641,-0.1745,73.61822038362448,-11.344315731776518,0.165,3.045206690775944,-0.5638485051087402
80.09999999999972,-2.986548404942002,5462.505346657788,86.42349540008178,-0.1745,73.63884410765712,-11.344368603869846,0.165,3.045206690775944,-0.5638485051087402
80.19999999999972,-2.986873737508996,5469.870253851102,85.28902897756306,-0.1745,73.65929975860207,-11.344959846504509,0.165,3.045206690775944,-0.5638485051087402
80.29999999999971,-2.987261742688478,5477.237199753013,84.15448639549346,-0.1745,73.67961827962544,-11.345891794887587,0.165,3.045206690775944,-0.5638485051087402
80.39999999999971,-2.987690614839314,5484.606171641882,83.01983987847609,-0.1745,73.69981949775101,-11.347038545459952,0.165,3.045206690775944,-0.5638485051087402
80.4999999999997,-2.9885348760454806,5491.977158424518,81.8850719552707,-0.1745,73.71991615497437,-11.348319918647745,0.165,3.045206690775944,-0.5638485051087402
80.5999999999997,-2.9883761409455154,5499.353424560976,80.74959444375698,-0.1745,73.8054065741921,-11.361230311626805,0.8300000000000001,3.045206690775944,-0.5638485051087402
80.69999999999969,-2.988463108099247,5506.7349653160945,79.61351965423519,-0.1745,73.82540852817054,-11.360265478808923,0.165,3.045206690775944,-0.5638485051087402
80.79999999999968,-2.988707216634792,5514.1184952735275,78.477496807298,-0.1745,73.8451906204827,-11.360191459934832,0.165,3.045206690775944,-0.5638485051087402
80.89999999999968,-2.9890521517352924,5521.503994993204,77.34145314519115,-0.1745,73.86480377304659,-11.360681782202137,0.165,3.045206690775944,-0.5638485051087402
80.99999999999967,-2.9894621076607377,5528.8914492064205,76.20534261555476,-0.1745,73.88428049127383,-11.361528810525781,0.165,3.045206690775944,-0.5638485051087402
81.09999999999967,-2.989914320848766,5536.280845308966,75.06913614939886,-0.1745,73.9036415596266,-11.362600512592223,0.165,3.045206690775944,-0.5638485051087402
81.19999999999966,-2.9903943202807284,5543.672172402183,73.93281547645898,-0.1745,73.92290030470663,-11.363812946205314,0.165,3.045206690775944,-0.5638485051087402
81.29999999999966,-2.990892906736536,5551.065420682854,72.79636919144446,-0.1745,73.94206530871995,-11.36511275408539,0.165,3.045206690775944,-0.5638485051087402
81.39999999999965,-2.9914042319107903,5558.4605810550975,71.65979025235588,-0.1745,73.96114213615354,-11.366466027686283,0.165,3.045206690775944,-0.5638485051087402
81.49999999999964,-2.991924577117524,5565.857644883519,70.52307438977941,-0.1745,73.9801344322771,-11.367851223842898,0.165,3.045206690775944,-0.5638485051087402
81.59999999999964,-2.992451576913445,5573.2566038362265,69.3862190955878,-0.1745,73.99904462186373,-11.369254659989169,0.165,3.045206690775944,-0.5638485051087402
81.69999999999963,-2.9929837256326115,5580.657449784997,68.24922298010279,-0.1745,74.01787435354117,-11.370667649711308,0.165,3.045206690775944,-0.5638485051087402
81.79999999999963,-2.9935200637885644,5588.06017474179,67.11208536353605,-0.1745,74.03662478232735,-11.372084681623425,0.165,3.045206690775944,-0.5638485051087402
81.89999999999962,-2.9940599788134414,5595.464770818369,65.97480601636808,-0.1745,74.05529674924715,-11.373502261735965,0.165,3.045206690775944,-0.5638485051087402
81.99999999999962,-2.9946030784666893,5602.871230200607,64.83738499439623,-0.1745,74.07389089550189,-11.374918177700904,0.165,3.045206690775944,-0.5638485051087402
82.09999999999961,-2.995149110423472,5610.2795451321335,63.699822533948094,-0.1745,74.09240773502698,-11.376331031261772,0.165,3.045206690775944,-0.5638485051087402
82.1999999999996,-2.995697911204544,5617.6897079039145,62.562118985325704,-0.1745,74.11084770059699,-11.377739941185986,0.165,3.045206690775944,-0.5638485051087402
82.2999999999996,-2.9962493737460782,5625.1017108476,61.42427477053911,-0.1745,74.12921117311753,-11.379144354545947,0.165,3.045206690775944,-0.5638485051087402
82.3999999999996,-2.996803426809204,5632.515546331268,60.28629035646933,-0.1745,74.14749850023243,-11.380543926849619,0.165,3.045206690775944,-0.5638485051087402
82.49999999999959,-2.9973600219087175,5639.931206756686,59.148166237831134,-0.1745,74.16571000814196,-11.38193844591423,0.165,3.045206690775944,-0.5638485051087402
82.59999999999958,-2.9979191250163453,5647.348684557549,58.00990292635905,-0.1745,74.18384600910792,-11.383327783527593,0.165,3.045206690775944,-0.5638485051087402
82.69999999999958,-2.9984807112952945,5654.767972198315,56.87150094394473,-0.1745,74.20190680621928,-11.384711864758653,0.165,3.045206690775944,-0.5638485051087402
82.79999999999957,-2.9990447617590563,5662.1890621734465,55.73296081828299,-0.1745,74.21989269641777,-11.38609064847617,0.165,3.045206690775944,-0.5638485051087402
82.89999999999957,-2.999611261151498,5669.611947006888,54.59428308010998,-0.1745,74.23780397241873,-11.387464114984033,0.165,3.045206690775944,-0.5638485051087402
82.99999999999956,-3.000180196601989,5677.036619251706,53.45546826145205,-0.1745,74.25564092393043,-11.388832258174595,0.165,3.045206690775944,-0.5638485051087402
83.09999999999955,-3.000751556772299,5684.463071489824,52.31651689451582,-0.1745,74.27340383842817,-11.390195080549871,0.165,3.045206690775944,-0.5638485051087402
83.19999999999955,-3.001325331315467,5691.891296331828,51.177429510985185,-0.1745,74.29109300164575,-11.391552590062844,0.165,3.045206690775944,-0.5638485051087402
83.29999999999954,-3.001901510532561,5699.3212864168045,50.03820664157635,-0.1745,74.30870869788755,-11.392904798113772,0.165,3.045206690775944,-0.5638485051087402
83.39999999999954,-3.0024800851549522,5706.753034412211,48.8988488157567,-0.1745,74.32625121022689,-11.394251718279296,0.165,3.045206690775944,-0.5638485051087402
83.49999999999953,-3.003061046206172,5714.186533013753,47.759356561567415,-0.1745,74.34372082063209,-11.395593365506423,0.165,3.045206690775944,-0.5638485051087402
83.59999999999953,-3.0036443849142325,5721.621774945287,46.61973040551202,-0.1745,74.36111781004692,-11.396929755601382,0.165,3.045206690775944,-0.5638485051087402
83.69999999999952,-3.0042300926559404,5729.058752958712,45.47997087248668,-0.1745,74.37844245844187,-11.398260904905465,0.165,3.045206690775944,-0.5638485051087402
83.79999999999951,-3.004818160921487,5736.497459833877,44.34007848573694,-0.1745,74.39569504484706,-11.399586830089461,0.165,3.045206690775944,-0.5638485051087402
83.89999999999951,-3.005408581291889,5743.9378883784875,43.2000537668313,-0.1745,74.41287584737353,-11.400907548023262,0.165,3.045206690775944,-0.5638485051087402
83.9999999999995,-3.006001345424578,5751.380031428018,42.05989723564549,-0.1745,74.42998514322709,-11.40222307569313,0.165,3.045206690775944,-0.5638485051087402
84.0999999999995,-3.0065964450441522,5758.823881845615,40.919609410353374,-0.1745,74.44702320871752,-11.403533430149162,0.165,3.045206690775944,-0.5638485051087402
84.19999999999949,-3.0071938719363907,5766.269432522014,39.77919080742232,-0.1745,74.46399031926484,-11.404838628471927,0.165,3.045206690775944,-0.5638485051087402
84.29999999999949,-3.00779361794435,5773.716676375447,38.63864194161116,-0.1745,74.4808867494036,-11.4061386877512,0.165,3.045206690775944,-0.5638485051087402
84.39999999999948,-2.8329405014402513,5781.165606351557,37.497963325969984,-0.1745,74.49771277278616,-11.407433625072414,0.165,3.045206690775944,-0.5638485051087402
84.49999999999947,-2.897938140879908,5788.622337599607,36.38967493035162,-0.1495,74.63691218822423,-10.758334287294986,0.8300000000000001,3.045206690775944,-0.5638485051087402
84.59999999999947,-2.9392489555889756,5796.084960725689,35.30178337728075,-0.1745,74.61555033341735,-10.999496774122317,0.165,3.045206690775944,-0.5638485051087402
84.69999999999946,-2.965580729868113,5803.546149564621,34.19418608156997,-0.1745,74.60822644524487,-11.152449140093342,0.165,3.045206690775944,-0.5638485051087402
84.79999999999946,-2.982443889878486,5811.007044344002,33.07408386620078,-0.1745,74.60966914236872,-11.249595167290337,0.165,3.045206690775944,-0.5638485051087402
84.89999999999945,-2.993323762430003,5818.468357557343,31.946031687782316,-0.1745,74.61659512444407,-11.311448401078952,0.165,3.045206690775944,-0.5638485051087402
84.99999999999945,-3.0004239499817933,5825.930534735572,30.812909846646193,-0.1745,74.62694844014769,-11.350988421643507,0.165,3.045206690775944,-0.5638485051087402
85.09999999999944,-3.0051372617645313,5833.393854026944,29.67653920845555,-0.1745,74.639437387277,-11.376424342169305,0.165,3.045206690775944,-0.5638485051087402
85.19999999999943,-3.0083438225605907,5840.858488334466,28.538070672139273,-0.1745,74.65324876316157,-11.39294638415626,0.165,3.045206690775944,-0.5638485051087402
85.29999999999943,-3.0105996748764303,5848.324544272222,27.398231593404727,-0.1745,74.66786999195389,-11.403835190534679,0.165,3.045206690775944,-0.5638485051087402
85.39999999999942,-3.0122560503956732,5855.792086660758,26.257481637009562,-0.1745,74.68297777877065,-11.411163937368611,0.165,3.045206690775944,-0.5638485051087402
85.49999999999942,-3.0135347728228528,5863.261153957731,25.116111314880918,-0.1745,74.69836816068585,-11.416242505204261,0.165,3.045206690775944,-0.5638485051087402
85.59999999999941,-3.0145759151628693,5870.731767989083,23.974304271150803,-0.1745,74.7139124663547,-11.419898369398009,0.165,3.045206690775944,-0.5638485051087402
85.6999999999994,-3.0154679145190744,5878.203940089911,22.83217664356085,-0.1745,74.7295295502123,-11.422654182401086,0.165,3.045206690775944,-0.5638485051087402
85.7999999999994,-3.016266598293909,5885.677674981071,21.68980193356249,-0.1745,74.74516827296787,-11.424840017566108,0.165,3.045206690775944,-0.5638485051087402
85.8999999999994,-3.017007202777843,5893.152973216825,20.547226717642165,-0.1745,74.76079644211035,-11.426664300840352,0.165,3.045206690775944,-0.5638485051087402
85.99999999999939,-3.0177119639795897,5900.629832730365,19.40448057120862,-0.1745,74.77639382869916,-11.42825862783055,0.165,3.045206690775944,-0.5638485051087402
86.09999999999938,-3.0183949112369794,5908.108249809677,18.261582336002405,-0.1745,74.79194775754401,-11.429706076293707,0.165,3.045206690775944,-0.5638485051087402
86.19999999999938,-3.019064893964199,5915.588219713673,17.1185440777141,-0.1745,74.80745032240038,-11.431059089472395,0.165,3.045206690775944,-0.5638485051087402
86.29999999999937,-3.0197274925206075,5923.069737061165,15.975373584723148,-0.1745,74.82289662742824,-11.432350770346634,0.165,3.045206690775944,-0.5638485051087402
86.39999999999937,-3.0203862244346653,5930.552796076377,14.832075945527889,-0.1745,74.8382836767922,-11.433602013558533,0.165,3.045206690775944,-0.5638485051087402
86.49999999999936,-3.0210433057253576,5938.037390743895,13.68865454443161,-0.1745,74.85360967358464,-11.434826008367036,0.165,3.045206690775944,-0.5638485051087402
86.59999999999935,-3.0217001313561402,5945.523514906436,12.545111689945925,-0.1745,74.86887357723157,-11.436031081346684,0.165,3.045206690775944,-0.5638485051087402
86.69999999999935,-3.022357578400194,5953.011162326503,11.401449011341713,-0.1745,74.88407482411262,-11.437222490737556,0.165,3.045206690775944,-0.5638485051087402
86.79999999999934,-3.0230161973124456,5960.50032672527,10.257667708859037,-0.1745,74.89921315122855,-11.438403558915972,0.165,3.045206690775944,-0.5638485051087402
86.89999999999934,-3.0236763325908593,5967.991001807077,9.113768711561233,-0.1745,74.91428848492161,-11.43957638704009,0.165,3.045206690775944,-0.5638485051087402
86.99999999999933,-2.233539566156674,5975.483181274856,7.969752776910776,-0.1745,74.92930087065838,-11.440742305969046,0.165,3.045206690775944,-0.5638485051087402
87.09999999999933,-2.5279544677460324,5982.976371807398,6.97643779432791,-0.06225,74.93450978017354,-8.425557345688281,0.8300000000000001,3.045206690775944,-0.5638485051087402
87.19999999999932,-2.7149287883179882,5990.4614959756955,6.079136355504719,-0.1745,74.76797358577453,-9.520471430775533,0.165,3.045206690775944,-0.5638485051087402
87.29999999999932,-2.832959773669623,5997.9351103611325,5.09212236071824,-0.1745,74.70431412296828,-10.219808464954042,0.495,3.045206690775944,-0.5638485051087402
87.39999999999931,-2.1214169808633647,6005.402867868274,4.048215026657845,-0.1745,74.65083601987357,-10.658338216253865,0.165,3.045206690775944,-0.5638485051087402
87.4999999999993,-1.5007830391723218,6012.865165745997,3.117696985241494,-0.06225,74.5951215345775,-7.9520226120731445,0.165,3.045206690775944,-0.5638485051087402
87.5999999999993,-1.8914975609194384,6020.321270862516,2.439564917981926,-0.03725,74.5269807958121,-5.6106187331182245,0.8300000000000001,3.045206690775944,-0.5638485051087402
87.69999999999929,-2.314170870753532,6027.763216844252,1.8062967240321588,-0.1495,74.31193883891162,-7.054745145877119,0.165,3.045206690775944,-0.5638485051087402
87.79999999999929,-2.5838538185489646,6035.181992163566,1.0229866362764835,-0.1745,74.06356754736177,-8.611456609236384,0.165,3.045206690775944,-0.5638485051087402
87.89999999999928,-10000.0,6042.5811267166855,0.11223118660052989,-0.1745,73.919123515024,-9.603652384282686,0.165,3.045206690775944,-0.5638485051087402
