t,reward,x,y,theta,vx,vy,throttle,wind_vx,wind_vy
0.0,0.0,72.93154905320773,687.6697152058955,-0.007583741671986319,45.147267466222516,4.927011059527866,0.5,2.3853794963343353,3.297528275260904
0.1,-1.8154835445630957,72.93154905320773,687.6697152058955,-0.007583741671986319,45.147267466222516,4.927011059527866,0.5,2.3853794963343353,3.297528275260904
0.2,-0.9508979749303308,77.43763641992822,688.0685513677179,-0.11983374167198631,44.97447986818743,3.049712176919588,0.165,2.3853794963343353,3.297528275260904
0.30000000000000004,-0.2646328617672405,81.92297906846943,688.2757701211104,-0.1745,44.7323731026366,1.0946628909327352,0.165,2.3853794963343353,3.297528275260904
0.4,-0.27788561500217324,86.38887806816628,688.3085412158808,-0.1745,44.58560689130023,-0.4392409955243459,0.165,2.3853794963343353,3.297528275260904
0.5,-0.7050715949784294,90.84339943592944,688.2042584856193,-0.1745,44.504820463962915,-1.646413609706571,0.165,2.3853794963343353,3.297528275260904
0.6,-1.0401754420280638,95.29218326222903,687.9920849717822,-0.1745,44.4708560620288,-2.5970566670356665,0.165,2.3853794963343353,3.297528275260904
0.7,-1.3020980501212973,99.73926412303618,687.6949711791691,-0.1745,44.47076115411424,-3.3452191852273208,0.165,2.3853794963343353,3.297528275260904
0.7999999999999999,-1.5060993034997305,104.18757892096014,687.3310443302402,-0.1745,44.495534804364816,-3.933317793350649,0.165,2.3853794963343353,3.297528275260904
0.8999999999999999,-1.6644209136573278,108.63929484021607,686.9146311886359,-0.1745,44.53878358075391,-4.394945038734661,0.165,2.3853794963343353,3.297528275260904
0.9999999999999999,-1.7868281973320395,113.0960282304874,686.4570444003692,-0.1745,44.595884224673014,-4.756790726599158,0.165,2.3853794963343353,3.297528275260904
1.0999999999999999,-1.8810735702391523,117.55899462922982,685.9672018569902,-0.1745,44.66344375017521,-5.040060140981564,0.165,2.3853794963343353,3.297528275260904
1.2,-1.9532865103112003,122.02911388584123,685.4521201505585,-0.1745,44.738941382053135,-5.261573987652843,0.165,2.3853794963343353,3.297528275260904
1.3,-2.0082968618310986,126.50708522189834,684.917309220869,-0.1745,44.82048533908893,-5.43464460613601,0.165,2.3853794963343353,3.297528275260904
1.4000000000000001,-2.0498995906707305,130.99344169517082,684.3670878922028,-0.1745,44.906644126360554,-5.5697819671884785,0.165,2.3853794963343353,3.297528275260904
1.5000000000000002,-2.081069419182576,135.48859026669635,683.8048355935384,-0.1745,44.99632730415019,-5.675264006098842,0.165,2.3853794963343353,3.297528275260904
1.6000000000000003,-2.104133416917509,139.99284162221002,683.2331925672544,-0.1745,45.08869980612337,-5.7575965195818215,0.165,2.3853794963343353,3.297528275260904
1.7000000000000004,-2.120908875991189,144.50643258505457,682.6542186096102,-0.1745,45.18311945076732,-5.821882633301362,0.165,2.3853794963343353,3.297528275260904
1.8000000000000005,-2.132812874189869,149.02954309647174,682.069518560075,-0.1745,45.27909077757623,-5.872118357403094,0.165,2.3853794963343353,3.297528275260904
1.9000000000000006,-2.141589791472951,153.56230916363677,681.4803412404394,-0.1745,45.37623056572407,-5.911428035308213,0.165,2.3853794963343353,3.297528275260904
2.0000000000000004,-2.146303854538828,158.1064577261438,680.8873708124765,-0.1745,45.50674068441639,-5.947980523948649,0.495,2.3853794963343353,3.297528275260904
2.1000000000000005,-2.1488941529187255,162.66206893692728,680.2914191087403,-0.1745,45.605483531253775,-5.9710535507763165,0.165,2.3853794963343353,3.297528275260904
2.2000000000000006,-2.1498519471292092,167.22757594183375,679.6934020417322,-0.1745,45.70465656687528,-5.989287789387989,0.165,2.3853794963343353,3.297528275260904
2.3000000000000007,-2.1495581343480614,171.80301514669821,679.0937487248091,-0.1745,45.80412753041391,-6.003778549072715,0.165,2.3853794963343353,3.297528275260904
2.400000000000001,-2.1483077823696375,176.38841119779414,678.4927909349531,-0.1745,45.90379349150473,-6.0153772480474235,0.165,2.3853794963343353,3.297528275260904
2.500000000000001,-2.146329273024337,180.9837795870204,677.8907848151448,-0.1745,46.0035742930205,-6.024745148119009,0.165,2.3853794963343353,3.297528275260904
2.600000000000001,-2.1437992213806396,185.58912867514672,677.2879277878343,-0.1745,46.10340746950616,-6.032395398090181,0.165,2.3853794963343353,3.297528275260904
2.700000000000001,-2.140854090306695,190.20446126380335,676.6843717235714,-0.1745,46.2032443036265,-6.038725887168328,0.165,2.3853794963343353,3.297528275260904
2.800000000000001,-2.138231734857335,194.82977581712595,676.080233184827,-0.1745,46.303046762825375,-6.044044887720016,0.165,2.3853794963343353,3.297528275260904
2.9000000000000012,-2.1342481273927434,199.4666923534075,675.4753149219857,-0.1745,46.43528396280548,-6.054320369104962,0.495,2.3853794963343353,3.297528275260904
3.0000000000000013,-2.130218155571021,204.11520781542924,674.8697437788777,-0.1745,46.53502527762929,-6.057102493056089,0.165,2.3853794963343353,3.297528275260904
3.1000000000000014,-2.126162367578861,208.77369045108145,674.2639030024168,-0.1745,46.634627435414714,-6.059713036162788,0.165,2.3853794963343353,3.297528275260904
3.2000000000000015,-2.1220964961879223,213.44212600402545,673.6578073822301,-0.1745,46.73408362346532,-6.062199367570329,0.165,2.3853794963343353,3.297528275260904
3.3000000000000016,-2.118032557073774,218.12049960241384,673.0514675154936,-0.1745,46.83338834430238,-6.064597967157984,0.165,2.3853794963343353,3.297528275260904
3.4000000000000017,-2.1139796986963075,222.80879587579847,672.4448907727151,-0.1745,46.93253712339028,-6.066936888412672,0.165,2.3853794963343353,3.297528275260904
3.5000000000000018,-2.109944859501941,227.5069990460687,671.8380820448609,-0.1745,47.03152628201466,-6.0692376686699125,0.165,2.3853794963343353,3.297528275260904
3.600000000000002,-2.1059332757954445,232.21509299821378,671.231044320941,-0.1745,47.13035276088702,-6.0715168097282755,0.165,2.3853794963343353,3.297528275260904
3.700000000000002,-2.1019488739552483,236.93306133541932,670.6237791342196,-0.1745,47.229013983223744,-6.073786924698949,0.165,2.3853794963343353,3.297528275260904
3.800000000000002,-2.098643234107122,241.66088742200682,670.0162869066976,-0.1745,47.327507748526166,-6.076057625741508,0.165,2.3853794963343353,3.297528275260904
3.900000000000002,-2.0942335646176944,246.40017935916967,669.4082807488799,-0.1745,47.45833099473062,-6.0840655306124765,0.495,2.3853794963343353,3.297528275260904
4.000000000000002,-2.090628134502345,251.1509245289726,668.799818186086,-0.1745,47.55657240132814,-6.085185725264694,0.165,2.3853794963343353,3.297528275260904
4.100000000000001,-2.086011958996793,255.91310841820695,668.1909423142706,-0.1745,47.687105383358336,-6.092331711041742,0.495,2.3853794963343353,3.297528275260904
4.200000000000001,-2.0816195046737,260.68671501191193,667.5816851610612,-0.1745,47.785026490741885,-6.092811353147075,0.165,2.3853794963343353,3.297528275260904
4.300000000000001,-1.5707567508651938,265.47010218199034,666.9723567250389,-0.1745,47.882716910826495,-6.093757367297764,0.165,2.3853794963343353,3.297528275260904
4.4,-1.6899836840230098,270.25991180616336,666.4248172362118,-0.06225,47.91347557263436,-4.857032409245582,0.8300000000000001,2.3853794963343353,3.297528275260904
4.5,-1.780113071873434,275.05420545396885,665.9243926361187,-0.1745,47.972397383475226,-5.151459592616401,0.165,2.3853794963343353,3.297528275260904
4.6,-1.8479540276338646,279.8548550601092,665.3979599885223,-0.1745,48.04059473933073,-5.377193359311591,0.165,2.3853794963343353,3.297528275260904
4.699999999999999,-1.8987540285525402,284.662670332598,664.8515903835355,-0.1745,48.11571071044556,-5.550198740425517,0.165,2.3853794963343353,3.297528275260904
4.799999999999999,-1.936546542590492,289.4782556754098,664.2899406975205,-0.1745,48.195996145790595,-5.6827949798756485,0.165,2.3853794963343353,3.297528275260904
4.899999999999999,-1.9644251617783675,294.3020626868471,663.7165775324996,-0.1745,48.28014408295489,-5.784468320542434,0.165,2.3853794963343353,3.297528275260904
4.999999999999998,-1.9847582826699246,299.1344285316301,663.13422864048,-0.1745,48.36717281270507,-5.862509519848079,0.165,2.3853794963343353,3.297528275260904
5.099999999999998,-1.486471607942793,303.9756042710122,662.5449775449986,-0.1745,48.45634197493687,-5.922512389780659,0.165,2.3853794963343353,3.297528275260904
5.1999999999999975,-1.6225388741760984,308.82287930334957,662.0136933004601,-0.06225,48.48915867181148,-4.7031725009896865,0.8300000000000001,2.3853794963343353,3.297528275260904
5.299999999999997,-1.7252346272549226,313.6743676028154,661.5264793465453,-0.1745,48.540607317505284,-5.041106577304445,0.165,2.3853794963343353,3.297528275260904
5.399999999999997,-1.8024422706317402,318.5315518056061,661.0094584899812,-0.1745,48.603076738309724,-5.299310553977955,0.165,2.3853794963343353,3.297528275260904
5.4999999999999964,-1.8602211593960756,323.39539179319814,660.4696675087781,-0.1745,48.673723013531095,-5.496509070083592,0.165,2.3853794963343353,3.297528275260904
5.599999999999996,-1.9032155750165922,328.26660052583,659.9124867947817,-0.1745,48.75045163910497,-5.647105209845937,0.165,2.3853794963343353,3.297528275260904
5.699999999999996,-1.9349768955033135,333.1457085116174,659.3420237886646,-0.1745,48.83170807664357,-5.762154912494949,0.165,2.3853794963343353,3.297528275260904
5.799999999999995,-1.9582154882845204,338.033110496848,658.7614096334555,-0.1745,48.91633162796848,-5.850128191686763,0.165,2.3853794963343353,3.297528275260904
5.899999999999995,-1.9749964676979672,342.92909966284225,658.1730280998156,-0.1745,49.00345169191655,-5.917502481111901,0.165,2.3853794963343353,3.297528275260904
5.999999999999995,-1.9868910912596127,347.83389289820786,657.5786917949919,-0.1745,49.09241301539623,-5.969223615363583,0.165,2.3853794963343353,3.297528275260904
6.099999999999994,-1.9950933937497848,352.74764960761684,656.9797774767474,-0.1745,49.18272117278354,-6.009062749526473,0.165,2.3853794963343353,3.297528275260904
6.199999999999994,-2.0005097607000106,357.6704857864097,656.3773297477818,-0.1745,49.27400240307364,-6.03989182978501,0.165,2.3853794963343353,3.297528275260904
6.299999999999994,-2.003827545739554,362.60248459603616,655.7721403759733,-0.1745,49.36597378945559,-6.063895606383641,0.165,2.3853794963343353,3.297528275260904
6.399999999999993,-2.0055675255947953,367.5437043345805,655.1648088749221,-0.1745,49.458420981431445,-6.082734414640882,0.165,2.3853794963343353,3.297528275260904
6.499999999999993,-2.006123930522132,372.4941844573165,654.5557887091637,-0.1745,49.5511814732885,-6.097668900526213,0.165,2.3853794963343353,3.297528275260904
6.5999999999999925,-2.0057949485422544,377.45395013142223,653.945422493082,-0.1745,49.64413200882516,-6.109655421108076,0.165,2.3853794963343353,3.297528275260904
6.699999999999992,-2.004805941297305,382.4230156853457,653.3339687767347,-0.1745,49.737179069644014,-6.119418905839241,0.165,2.3853794963343353,3.297528275260904
6.799999999999992,-2.0033270934995966,387.4013872227746,652.7216224098539,-0.1745,49.8302516789338,-6.127508431776325,0.165,2.3853794963343353,3.297528275260904
6.8999999999999915,-2.0014868174199836,392.3890646042348,652.1085300099866,-0.1745,49.92329595027082,-6.13433956557126,0.165,2.3853794963343353,3.297528275260904
6.999999999999991,-1.9993819242827264,397.3860429494983,651.4948017021851,-0.1745,50.01627095499878,-6.140226590457657,0.165,2.3853794963343353,3.297528275260904
7.099999999999991,-1.9970853359823986,402.3923137766398,650.8805200220653,-0.1745,50.1091455878312,-6.14540701193894,0.165,2.3853794963343353,3.297528275260904
7.19999999999999,-1.9946519273850893,407.40786586548745,650.2657466626557,-0.1745,50.20189618912121,-6.150060176253484,0.165,2.3853794963343353,3.297528275260904
7.29999999999999,-1.9921229491124606,412.4326859120018,649.6505275836095,-0.1745,50.2945047411655,-6.154321404672172,0.165,2.3853794963343353,3.297528275260904
7.39999999999999,-1.8703091353654944,417.46675902406963,649.0348968776008,-0.1745,50.3869575001918,-6.158292715501292,0.165,2.3853794963343353,3.297528275260904
7.499999999999989,-1.8978255065483531,422.51197069348746,648.4339163939575,-0.1495,50.51727588816509,-5.861316957364248,0.495,2.3853794963343353,3.297528275260904
7.599999999999989,-1.917735938010776,427.56780454077403,647.8438217163679,-0.1745,50.599401057567,-5.940576594427074,0.165,2.3853794963343353,3.297528275260904
7.699999999999989,-1.9319471724652777,432.6319675912364,647.2467526880462,-0.1745,50.68385995168002,-6.00080397200722,0.165,2.3853794963343353,3.297528275260904
7.799999999999988,-1.9418934238977998,437.70466131567684,646.6443759500203,-0.1745,50.77001453712895,-6.046730788510952,0.165,2.3853794963343353,3.297528275260904
7.899999999999988,-1.9486522689806312,442.78603145089096,646.037943256597,-0.1745,50.857388167153545,-6.0819230799535715,0.165,2.3853794963343353,3.297528275260904
7.999999999999988,-1.9530325181841668,447.8761820695502,645.4283938331196,-0.1745,50.94562420603229,-6.109065389595741,0.165,2.3853794963343353,3.297528275260904
8.099999999999987,-1.9556406954150185,452.97518605624424,644.8164317315438,-0.1745,51.03445552784753,-6.1301766419185695,0.165,2.3853794963343353,3.297528275260904
8.199999999999987,-1.9569312431514165,458.0830929281076,644.202584209813,-0.1745,51.12368190941888,-6.146773792697007,0.165,2.3853794963343353,3.297528275260904
8.299999999999986,-1.413751386030646,463.19993468389606,643.5872457367064,-0.1745,51.21315320635039,-6.159995669435279,0.165,2.3853794963343353,3.297528275260904
8.399999999999986,-1.5540660167205211,468.3194443761816,643.0417903048553,-0.06225,51.177040639360044,-4.749112967586779,0.165,2.3853794963343353,3.297528275260904
8.499999999999986,-1.658339834438862,473.4391732377604,642.5485913692471,-0.1745,51.217536592215666,-5.114865744576895,0.165,2.3853794963343353,3.297528275260904
8.599999999999985,-1.7372602974162272,478.5636035704424,642.0233678556916,-0.1745,51.27107006142521,-5.389604526532237,0.165,2.3853794963343353,3.297528275260904
8.699999999999985,-1.7933275010963277,483.6971368155855,641.4735129969591,-0.1745,51.3995948414367,-5.607492648117639,0.8300000000000001,2.3853794963343353,3.297528275260904
8.799999999999985,-1.834456761329407,488.84060179737867,640.905119173475,-0.1745,51.46970479442625,-5.760383821566047,0.165,2.3853794963343353,3.297528275260904
8.899999999999984,-1.8644364875365562,493.9913283541144,640.3233344560073,-0.1745,51.54482634028856,-5.875310527788878,0.165,2.3853794963343353,3.297528275260904
8.999999999999984,-1.8861052702876329,499.1497500191273,639.7314769589705,-0.1745,51.6236069599689,-5.961839412948209,0.165,2.3853794963343353,3.297528275260904
9.099999999999984,-1.901586752996304,504.31618285082794,639.1320274577844,-0.1745,51.70504967404467,-6.027150610772591,0.165,2.3853794963343353,3.297528275260904
9.199999999999983,-1.3625417779651787,509.49085618903973,638.5268386588093,-0.1745,51.78841709019115,-6.076625368728467,0.165,2.3853794963343353,3.297528275260904
9.299999999999983,-1.513645069574595,514.6679359888016,637.9899180718107,-0.06225,51.75317890504553,-4.661786371242223,0.165,2.3853794963343353,3.297528275260904
9.399999999999983,-1.6256269078360561,519.844967761147,637.5038826030963,-0.1745,51.7874565418627,-5.058923003048012,0.165,2.3853794963343353,3.297528275260904
9.499999999999982,-1.7083482798921303,525.0261536311494,636.9831298719943,-0.1745,51.83626085818473,-5.356131618991609,0.165,2.3853794963343353,3.297528275260904
9.599999999999982,-1.6461600786215538,530.2127466745385,636.4363974609313,-0.1745,51.89560000959561,-5.578516602267284,0.165,2.3853794963343353,3.297528275260904
9.699999999999982,-1.7227984394268236,535.4063670931492,635.8863199834918,-0.1495,51.97680836261842,-5.423032946522355,0.165,2.3853794963343353,3.297528275260904
9.799999999999981,-1.7791015407449342,540.6071031662225,635.3336544877832,-0.1745,52.03791309884541,-5.630276967649668,0.165,2.3853794963343353,3.297528275260904
9.89999999999998,-1.8202687792567955,545.814305905483,634.7628763471056,-0.1745,52.10614168636433,-5.785285845902221,0.165,2.3853794963343353,3.297528275260904
9.99999999999998,-1.8501861984895653,551.028590807145,634.1785449705261,-0.1745,52.179556346873085,-5.901341685688195,0.165,2.3853794963343353,3.297528275260904
10.09999999999998,-1.8717529718689687,556.2504056991227,633.5840586300994,-0.1745,52.25674149268154,-5.988385122846057,0.165,2.3853794963343353,3.297528275260904
10.19999999999998,-1.8871287368198684,561.4800756812722,632.9819471669895,-0.1745,52.33665815030971,-6.05384413935292,0.165,2.3853794963343353,3.297528275260904
10.29999999999998,-1.8979201613174594,566.7178356464668,632.3740918918267,-0.1745,52.418541153582375,-6.1032613639027495,0.165,2.3853794963343353,3.297528275260904
10.399999999999979,-1.9053211912529204,571.9638539845745,631.7618904495422,-0.1745,52.501825608571906,-6.140767481787281,0.165,2.3853794963343353,3.297528275260904
10.499999999999979,-1.9102181904528523,577.2182499532887,631.1463801984106,-0.1745,52.58609376571298,-6.1694375408446485,0.165,2.3853794963343353,3.297528275260904
10.599999999999978,-1.9132685882915794,582.4811064584793,630.5283303972037,-0.1745,52.67103633809868,-6.191558483293656,0.165,2.3853794963343353,3.297528275260904
10.699999999999978,-1.9149596047361293,587.752479484039,629.9083109923704,-0.1745,52.75642417309486,-6.208829613373278,0.165,2.3853794963343353,3.297528275260904
10.799999999999978,-1.9156520342395498,593.0324050635152,629.2867438840304,-0.1745,52.84208741642995,-6.222512553424857,0.165,2.3853794963343353,3.297528275260904
10.899999999999977,-1.9156128487931454,598.3209044412946,628.663941093788,-0.1745,52.92790013915904,-6.233543251423037,0.165,2.3853794963343353,3.297528275260904
10.999999999999977,-1.9150394489158817,603.6179878967642,628.0401331543103,-0.1745,53.01376897023332,-6.242615538131123,0.165,2.3853794963343353,3.297528275260904
11.099999999999977,-1.9140776848438865,608.9236575791963,627.4154902078017,-0.1745,53.099624678408176,-6.250243392041443,0.165,2.3853794963343353,3.297528275260904
11.199999999999976,-1.9128352366958827,614.2379096097313,626.7901376735643,-0.1745,53.185415932293125,-6.256807292704934,0.165,2.3853794963343353,3.297528275260904
11.299999999999976,-1.9113915409284064,619.5607356399655,626.164167874014,-0.1745,53.271104672391274,-6.2625886983028245,0.165,2.3853794963343353,3.297528275260904
11.399999999999975,-1.909805149090197,624.8921240074764,625.5376486556321,-0.1745,53.35666267782654,-6.267795669335196,0.165,2.3853794963343353,3.297528275260904
11.499999999999975,-1.9081191792306913,630.2320605923318,624.9106297772776,-0.1745,53.44206901928111,-6.272581897754784,0.165,2.3853794963343353,3.297528275260904
11.599999999999975,-1.906365351610266,635.5805294517784,624.2831476409578,-0.1745,53.527308169650304,-6.277060828638501,0.165,2.3853794963343353,3.297528275260904
11.699999999999974,-1.9045669744085578,640.9375132904079,623.6552287928849,-0.1745,53.612368602939775,-6.281316132819366,0.165,2.3853794963343353,3.297528275260904
11.799999999999974,-1.9027411512099688,646.3029938083348,623.0268925128316,-0.1745,53.697241755597645,-6.285409468247579,0.165,2.3853794963343353,3.297528275260904
11.899999999999974,-1.9009004120886317,651.676951958957,622.3981527280047,-0.1745,53.78192125684777,-6.289386228291242,0.165,2.3853794963343353,3.297528275260904
11.999999999999973,-1.899053918054559,657.0593681397304,621.7690194267698,-0.1745,53.866402358620306,-6.293279796407918,0.165,2.3853794963343353,3.297528275260904
12.099999999999973,-1.8972083499131354,662.4502223333378,621.1394997022832,-0.1745,53.950681513527734,-6.29711469332517,0.165,2.3853794963343353,3.297528275260904
12.199999999999973,-1.8953685638302376,667.8494942121442,620.5095985224382,-0.1745,54.03475606260128,-6.300908903574678,0.165,2.3853794963343353,3.297528275260904
12.299999999999972,-1.8935380745435064,673.2571632154925,619.8793192975436,-0.1745,54.118624004364314,-6.3046755943173975,0.165,2.3853794963343353,3.297528275260904
12.399999999999972,-1.8917194113194986,678.6732086069181,619.2486642986064,-0.1745,54.20228382414852,-6.308424384427353,0.165,2.3853794963343353,3.297528275260904
12.499999999999972,-1.890623354076046,684.0976095165258,618.6176349653377,-0.1745,54.285734368005265,-6.312162280945939,0.165,2.3853794963343353,3.297528275260904
12.599999999999971,-1.8884140464711945,689.5319699146319,617.9859456668149,-0.1745,54.40147359411633,-6.321623689509268,0.495,2.3853794963343353,3.297528275260904
12.69999999999997,-1.8863360757992809,694.9762724144907,617.3536543138472,-0.1745,54.48457640306035,-6.324203369846655,0.165,2.3853794963343353,3.297528275260904
12.79999999999997,-1.8843588364698236,700.4288724982762,616.7210894038003,-0.1745,54.5674252726478,-6.327094831090421,0.165,2.3853794963343353,3.297528275260904
12.89999999999997,-1.882459904399556,705.8897453203178,616.0882238495717,-0.1745,54.6500311681851,-6.330216253481735,0.165,2.3853794963343353,3.297528275260904
12.99999999999997,-1.8806228471993731,711.3588669836495,615.4550376537934,-0.1745,54.73240209844813,-6.3335076620838135,0.165,2.3853794963343353,3.297528275260904
13.09999999999997,-1.8788356181316224,716.8362142837178,614.8215160154494,-0.1745,54.81454390291928,-6.3369251047943065,0.165,2.3853794963343353,3.297528275260904
13.199999999999969,-1.7466420131664244,722.3217645204095,614.1876479414365,-0.1745,54.89646083091295,-6.340436375464326,0.165,2.3853794963343353,3.297528275260904
13.299999999999969,-1.7807475616669604,727.8178110961804,613.5713263108529,-0.1495,55.02447068450569,-5.985996236206634,0.495,2.3853794963343353,3.297528275260904
13.399999999999968,-1.8050923658247375,733.3236489803221,612.967650565418,-0.1745,55.092286998328554,-6.0875186724909405,0.165,2.3853794963343353,3.297528275260904
13.499999999999968,-1.8223351799475647,738.8364451546468,612.3551532228666,-0.1745,55.163636488163384,-6.16242817853707,0.165,2.3853794963343353,3.297528275260904
13.599999999999968,-1.834416239621923,744.3565014112186,611.7361350656904,-0.1745,55.23748864327208,-6.217934964988137,0.165,2.3853794963343353,3.297528275260904
13.699999999999967,-1.8427498658213155,749.8840307532416,611.1122729067438,-0.1745,55.313098197188076,-6.259308213945255,0.165,2.3853794963343353,3.297528275260904
13.799999999999967,-1.8483660195071014,755.4191819177396,610.4847877692098,-0.1745,55.3899250927722,-6.290394536734231,0.165,2.3853794963343353,3.297528275260904
13.899999999999967,-1.8520141081703816,760.9620570454571,609.8545680724405,-0.1745,55.467577461578124,-6.313999398651038,0.165,2.3853794963343353,3.297528275260904
13.999999999999966,-1.8542389756858686,766.5127244550506,609.2222597431102,-0.1745,55.545770730291316,-6.332167187957081,0.165,2.3853794963343353,3.297528275260904
14.099999999999966,-1.8554364488222648,772.0712278991382,608.5883320574004,-0.1745,55.62429815146044,-6.346386526237742,0.165,2.3853794963343353,3.297528275260904
14.199999999999966,-1.8558938910768847,777.637593281407,607.9531257027179,-0.1745,55.70300949391521,-6.357740567413172,0.165,2.3853794963343353,3.297528275260904
14.299999999999965,-1.8558197798953993,783.211833535941,607.3168878295717,-0.1745,55.7817955967633,-6.367016895512263,0.165,2.3853794963343353,3.297528275260904
14.399999999999965,-1.855365258741795,788.7939521735605,606.6797975948385,-0.1745,55.86057715562552,-6.374787799150434,0.165,2.3853794963343353,3.297528275260904
14.499999999999964,-1.8546398287176513,794.383945860002,606.0419847621399,-0.1745,55.939296573204324,-6.381468854821127,0.165,2.3853794963343353,3.297528275260904
14.599999999999964,-1.8537227648144436,799.9818062903297,605.4035432371262,-0.1745,56.01791203335092,-6.387361645454186,0.165,2.3853794963343353,3.297528275260904
14.699999999999964,-1.8526714159155622,805.587521551538,604.7645409104915,-0.1745,56.096393190813956,-6.392684887239099,0.165,2.3853794963343353,3.297528275260904
14.799999999999963,-1.8515272352171697,811.2010771128809,604.125026811414,-0.1745,56.17471803604254,-6.397597094311316,0.165,2.3853794963343353,3.297528275260904
14.899999999999963,-1.8503201589110603,816.8224565454328,603.4850363031538,-0.1745,56.25287061499776,-6.402213070892743,0.165,2.3853794963343353,3.297528275260904
14.999999999999963,-1.8490717836026476,822.4516420447436,602.844594854394,-0.1745,56.33083937121688,-6.406615904304331,0.165,2.3853794963343353,3.297528275260904
15.099999999999962,-1.847797670650555,828.0886148103408,602.2037207751357,-0.1745,56.40861594072786,-6.41086568086168,0.165,2.3853794963343353,3.297528275260904
15.199999999999962,-1.2426755455289056,833.7333553212009,601.5624272002764,-0.1745,56.48619427647274,-6.41500581632392,0.165,2.3853794963343353,3.297528275260904
15.299999999999962,-1.4121984098550562,839.3816441448799,601.007281523262,-0.06225,56.479582197107945,-4.6879077239633276,0.495,2.3853794963343353,3.297528275260904
15.399999999999961,-1.534236450466705,845.0299522785435,600.5143766649915,-0.1745,56.48658047616414,-5.170189441446745,0.165,2.3853794963343353,3.297528275260904
15.499999999999961,-1.6610712695908814,850.6799781194372,599.9798770249429,-0.1745,56.51393634170942,-5.5198033595249285,0.165,2.742617412614106,2.872372053456116
15.59999999999996,-1.7530943681625988,856.3326832005334,599.4097025471708,-0.1745,56.54016528021524,-5.883686195915669,0.165,2.742617412614106,2.872372053456116
15.69999999999996,-1.8181590883487702,861.9903757782124,598.8078273612309,-0.1745,56.61368627336366,-6.153817522882775,0.495,2.742617412614106,2.872372053456116
15.79999999999996,-1.8646619612506683,867.6543201971195,598.1828863135231,-0.1745,56.66520210477852,-6.345003431272502,0.165,2.742617412614106,2.872372053456116
15.89999999999996,-1.8977531041289273,873.323783623679,597.5414293046044,-0.1745,56.724066426409415,-6.484136747102121,0.165,2.742617412614106,2.872372053456116
15.99999999999996,-1.9211653240187667,878.9993933610006,596.8879424207723,-0.1745,56.78812832002268,-6.585600929540169,0.165,2.742617412614106,2.872372053456116
16.09999999999996,-1.937600187238958,884.6815926499368,596.2256707358899,-0.1745,56.85585745870035,-6.659832768107814,0.165,2.742617412614106,2.872372053456116
16.19999999999996,-1.9490105147483305,890.3706935464563,595.5569593271844,-0.1745,56.926160471689904,-6.714395406003629,0.165,2.742617412614106,2.872372053456116
16.29999999999996,-1.95680642192434,896.0669142646882,594.8835013934921,-0.1745,56.99825389294765,-6.754763267841741,0.165,2.742617412614106,2.872372053456116
16.399999999999963,-1.9620052116591837,901.7704057198788,594.2065184848329,-0.1745,57.07157521086534,-6.784894905340596,0.165,2.742617412614106,2.872372053456116
16.499999999999964,-1.9653402001754638,907.4812704823,593.526891230413,-0.1745,57.14572003756046,-6.807650183058072,0.165,2.742617412614106,2.872372053456116
16.599999999999966,-1.9673395984121238,913.1995763560461,592.8452540436958,-0.1745,57.220397437360255,-6.8250935512853745,0.165,2.742617412614106,2.872372053456116
16.699999999999967,-1.9683836122199194,918.9253661287424,592.162063657494,-0.1745,57.29539801656629,-6.838714172752942,0.165,2.742617412614106,2.872372053456116
16.79999999999997,-1.9687457295576507,924.6586645822429,591.4776486742379,-0.1745,57.37057105344169,-6.8495854923668125,0.165,2.742617412614106,2.872372053456116
16.89999999999997,-1.9686225452430441,930.3994835384198,590.792245360532,-0.1745,57.44580807009653,-6.858480781751676,0.165,2.742617412614106,2.872372053456116
16.99999999999997,-1.9681552873843233,936.1478254926285,590.1060234851885,-0.1745,57.52103101407762,-6.865956725116521,0.165,2.742617412614106,2.872372053456116
17.099999999999973,-1.967445342588987,941.903686230746,589.4191049571946,-0.1745,57.596183748271045,-6.872413834761576,0.165,2.742617412614106,2.872372053456116
17.199999999999974,-1.9665654451740742,947.6670567141522,588.7315772611697,-0.1745,57.67122591985297,-6.8781400857360016,0.165,2.742617412614106,2.872372053456116
17.299999999999976,-1.9655677360914592,953.4379244372573,588.0435031364616,-0.1745,57.746128542248165,-6.883342408425693,0.165,2.742617412614106,2.872372053456116
17.399999999999977,-1.9644895636813875,959.2162744049436,587.3549275459017,-0.1745,57.820870811478486,-6.8881694027737765,0.165,2.742617412614106,2.872372053456116
17.49999999999998,-1.9633576565090152,965.0020898361361,586.6658826902259,-0.1745,57.89543781236885,-6.892727710742556,0.165,2.742617412614106,2.872372053456116
17.59999999999998,-1.9621911233928044,970.7953526700709,585.9763916141651,-0.1745,57.96981886632641,-6.89709381047321,0.165,2.742617412614106,2.872372053456116
17.69999999999998,-1.9610036090224037,976.5960439304699,585.2864707982718,-0.1745,58.04400634165544,-6.901322507393547,0.165,2.742617412614106,2.872372053456116
17.799999999999983,-1.9598048419715148,982.404143987416,584.596132020712,-0.1745,58.11799479726509,-6.905453043800511,0.165,2.742617412614106,2.872372053456116
17.899999999999984,-1.958601745755712,988.2196327456098,583.905383693903,-0.1745,58.191780366612434,-6.909513492380328,0.165,2.742617412614106,2.872372053456116
17.999999999999986,-1.9573992358359202,994.0424897796748,583.2142318235886,-0.1745,58.265360314688465,-6.913523913907035,0.165,2.742617412614106,2.872372053456116
18.099999999999987,-1.9562007910270802,999.872694431389,582.5226806966194,-0.1745,58.33873271959536,-6.917498625477016,0.165,2.742617412614106,2.872372053456116
18.19999999999999,-1.9550088629450733,1005.7102258795583,581.8307333738992,-0.1745,58.41189624378821,-6.921447828928406,0.165,2.742617412614106,2.872372053456116
18.29999999999999,-1.95382516924006,1011.5550631902383,581.1383920434887,-0.1745,58.48484996981411,-6.9253787792824895,0.165,2.742617412614106,2.872372053456116
18.39999999999999,-1.9526509034877733,1017.4071853528502,580.4456582733906,-0.1745,58.55759328242203,-6.929296622680051,0.165,2.742617412614106,2.872372053456116
18.499999999999993,-1.9514868853448957,1023.266571306171,579.7525331924079,-0.1745,58.63012578399422,-6.933204996973085,0.165,2.742617412614106,2.872372053456116
18.599999999999994,-1.9503336679115113,1029.1331999570662,579.059017619461,-0.1745,58.70244723390914,-6.937106461966431,0.165,2.742617412614106,2.872372053456116
18.699999999999996,-1.9491916144545505,1035.0070501940158,578.3651121559897,-0.1745,58.77455750508344,-6.941002807460355,0.165,2.742617412614106,2.872372053456116
18.799999999999997,-1.9480609532060131,1040.888100896912,577.6708172519325,-0.1745,58.846456552838696,-6.944895273682417,0.165,2.742617412614106,2.872372053456116
18.9,-1.9469418164799346,1046.776330944184,576.9761332528013,-0.1745,58.918144392605896,-6.948784708940858,0.165,2.742617412614106,2.872372053456116
19.0,-1.945834268579854,1052.6717192180126,576.2810604332384,-0.1745,58.98962108396379,-6.952671682317616,0.165,2.742617412614106,2.872372053456116
19.1,-1.9447383256976392,1058.5742446081715,575.5855990209136,-0.1745,59.06088671921405,-6.956556564179223,0.165,2.742617412614106,2.872372053456116
19.200000000000003,-1.9436539700935476,1064.4838860148925,574.8897492135214,-0.1745,59.131941415204466,-6.960439583664488,0.165,2.742617412614106,2.872372053456116
19.300000000000004,-1.942581160194854,1070.4006223510266,574.1935111908527,-0.1745,59.202785307476276,-6.964320869710109,0.165,2.742617412614106,2.872372053456116
19.400000000000006,-1.3145656878227006,1076.3244325437042,573.4968851233516,-0.1745,59.273418546073536,-6.968200480311867,0.165,2.742617412614106,2.872372053456116
19.500000000000007,-1.4981556509533562,1082.2530133894372,572.8940404663515,-0.06225,59.29819836858486,-5.088692659690279,0.8300000000000001,2.742617412614106,2.872372053456116
19.60000000000001,-1.6281965658882442,1088.1822611272787,572.3578298032742,-0.1745,59.28675638824562,-5.6355206018573325,0.165,2.742617412614106,2.872372053456116
19.70000000000001,-1.720103058220783,1094.1116027517357,571.7747977136537,-0.1745,59.30007610089423,-6.025121190552374,0.165,2.742617412614106,2.872372053456116
19.80000000000001,-1.7849012633506538,1100.0431284243657,571.1584038856977,-0.1745,59.33043735170659,-6.302755368568354,0.165,2.742617412614106,2.872372053456116
19.900000000000013,-1.830458161629581,1105.9782800324247,570.5182288988841,-0.1745,59.37259480947408,-6.500744367704024,0.165,2.742617412614106,2.872372053456116
20.000000000000014,-1.8623750590987815,1111.9180568317533,569.8610845221822,-0.1745,59.422941177097876,-6.6421431663355195,0.165,2.742617412614106,2.872372053456116
20.100000000000016,-1.8846333839643667,1117.8631525863148,569.1918086307606,-0.1745,59.47897391413048,-6.743374662094912,0.165,2.742617412614106,2.872372053456116
20.200000000000017,-1.9000592703638426,1123.8140485876283,568.5138337964931,-0.1745,59.53894611214113,-6.816122023254908,0.165,2.742617412614106,2.872372053456116
20.30000000000002,-1.910656517445645,1129.7710775460832,567.8295933588456,-0.1745,59.601633056954405,-6.868686729695056,0.165,2.742617412614106,2.872372053456116
20.40000000000002,-1.9178445079680535,1135.7344678789573,567.1408109589512,-0.1745,59.666173600528005,-6.906961268192822,0.165,2.742617412614106,2.872372053456116
20.50000000000002,-1.9226278212395531,1141.7043746118031,566.4487066759344,-0.1745,59.73196105638744,-6.935124392143394,0.165,2.742617412614106,2.872372053456116
20.600000000000023,-1.9257169306766357,1147.6809010390905,565.7541435987586,-0.1745,59.798567489357474,-6.956137151373407,0.165,2.742617412614106,2.872372053456116
20.700000000000024,-1.9276139682796456,1153.6641139557091,565.0577319302637,-0.1745,59.86569084301622,-6.972096218524943,0.165,2.742617412614106,2.872372053456116
20.800000000000026,-1.9286735946258404,1159.6540543903743,564.3599028578415,-0.1745,59.93311785028891,-6.984485229919547,0.165,2.742617412614106,2.872372053456116
20.900000000000027,-1.9291461578180722,1165.650745179663,563.6609609274789,-0.1745,60.000697935487885,-6.994353377332433,0.165,2.742617412614106,2.872372053456116
21.00000000000003,-1.9292082688225987,1171.6541963170712,562.9611211493192,-0.1745,60.06832481267484,-7.0024421858616925,0.165,2.742617412614106,2.872372053456116
21.10000000000003,-1.928984445996741,1177.6644087323841,562.2605352682536,-0.1745,60.135923493583114,-7.00927543544952,0.165,2.742617412614106,2.872372053456116
21.20000000000003,-1.9285624271107427,1183.6813769624443,561.5593103518021,-0.1745,60.203441107620655,-7.015222893582371,0.165,2.742617412614106,2.872372053456116
21.300000000000033,-1.9280039948174175,1189.7050910384644,560.8575219343206,-0.1745,60.27084041277897,-7.020545456045918,0.165,2.742617412614106,2.872372053456116
21.400000000000034,-1.9273526256857214,1195.7355378195048,560.1552233065488,-0.1745,60.33809520803026,-7.025427099390239,0.165,2.742617412614106,2.872372053456116
21.500000000000036,-1.9266388918119732,1201.7727019344156,559.4524520773355,-0.1745,60.40518709018666,-7.02999748487616,0.165,2.742617412614106,2.872372053456116
21.600000000000037,-1.7833092247664186,1207.8165664470066,558.7492348060892,-0.1745,60.47210316163111,-7.034347940048137,0.165,2.742617412614106,2.872372053456116
21.70000000000004,-1.8253009738612203,1213.8699572636394,558.0671301075043,-0.1495,60.59571317102692,-6.6077460316508825,0.495,2.742617412614106,2.872372053456116
21.80000000000004,-1.8544874108698046,1219.9319130567876,557.3997107818494,-0.1745,60.64340269193514,-6.740640481447719,0.165,2.742617412614106,2.872372053456116
21.90000000000004,-1.8746863537554646,1225.9989120388134,556.7209270651371,-0.1745,60.69657694858063,-6.835033852800222,0.165,2.742617412614106,2.872372053456116
22.000000000000043,-1.8885833159625154,1232.0714167327824,556.0340569730373,-0.1745,60.75351693079864,-6.902367989193872,0.165,2.742617412614106,2.872372053456116
22.100000000000044,-1.8980653439553734,1238.149743930665,555.3414036355202,-0.1745,60.81302702685369,-6.950698761148554,0.165,2.742617412614106,2.872372053456116
22.200000000000045,-1.9044572419949255,1244.2341089516076,554.6445840671789,-0.1745,60.87427339199913,-6.985692605677592,0.165,2.742617412614106,2.872372053456116
22.300000000000047,-1.9093300861432114,1250.3246562941647,553.9447328421707,-0.1745,60.93667345914106,-7.011331894487688,0.165,2.742617412614106,2.872372053456116
22.40000000000005,-1.911678741016512,1256.423105898426,553.2423591138523,-0.1745,61.03231862608566,-7.0361426718793,0.495,2.742617412614106,2.872372053456116
22.50000000000005,-1.9130880143124862,1262.5295212170556,552.5380776887566,-0.1745,61.095987746504555,-7.049485830034419,0.165,2.742617412614106,2.872372053456116
22.60000000000005,-1.9138434964557365,1268.642314055209,551.8326057789898,-0.1745,61.15986901656405,-7.059952365302563,0.165,2.742617412614106,2.872372053456116
22.700000000000053,-1.2652445582958878,1274.76149938596,551.1261879059979,-0.1745,61.223837598456136,-7.068405094535172,0.165,2.742617412614106,2.872372053456116
22.800000000000054,-1.4623872036420071,1280.8833617344917,550.5197004174317,-0.06225,61.2134093721784,-5.06134467678823,0.495,2.742617412614106,2.872372053456116
22.900000000000055,-1.600274475357826,1287.0033261824744,549.983337111596,-0.1745,61.18587958747511,-5.665921439927051,0.165,2.742617412614106,2.872372053456116
23.000000000000057,-1.6965274139901787,1293.1219795732868,549.3955025438685,-0.1745,61.187188228771106,-6.090769914625159,0.165,2.742617412614106,2.872372053456116
23.10000000000006,-1.763578950642223,1299.241741436721,548.7714946658906,-0.1745,61.20804903991238,-6.389387644933166,0.165,2.742617412614106,2.872372053456116
23.20000000000006,-1.8101794293146019,1305.3642566653027,548.1220534638258,-0.1745,61.24225553172026,-6.599436396363291,0.165,2.742617412614106,2.872372053456116
23.30000000000006,-1.8424747523497842,1311.4906496370677,547.4547113171427,-0.1745,61.28560390357731,-6.747406537298402,0.165,2.742617412614106,2.872372053456116
23.400000000000063,-1.8647744457531963,1317.6216908164185,546.7747456009142,-0.1745,61.33521968344161,-6.85190778727076,0.165,2.742617412614106,2.872372053456116
23.500000000000064,-1.880096344779203,1323.7579080129572,546.0858503379438,-0.1745,61.38912424732924,-6.925997472137028,0.165,2.742617412614106,2.872372053456116
23.600000000000065,-1.890551452643869,1329.899661693446,545.3906091202863,-0.1745,61.445949362449355,-6.978826881013186,0.165,2.742617412614106,2.872372053456116
23.700000000000067,-1.8976150916352486,1336.0471964594103,544.6908276031221,-0.1745,61.50474595683541,-7.01680346227015,0.165,2.742617412614106,2.872372053456116
23.800000000000068,-1.9023175178241303,1342.2006764762514,543.9877669454496,-0.1745,61.564854379984936,-7.044409691179001,0.165,2.742617412614106,2.872372053456116
23.90000000000007,-1.9053776884370466,1348.360209973886,543.2823075091513,-0.1745,61.62581557270784,-7.0647790347861505,0.165,2.742617412614106,2.872372053456116
24.00000000000007,-1.9072970073932158,1354.5258662450876,542.575063534032,-0.1745,61.687309851326695,-7.080100467600761,0.165,2.742617412614106,2.872372053456116
24.100000000000072,-1.908424950701206,1360.6976874642362,541.8664633995267,-0.1745,61.74911453164296,-7.091902222506234,0.165,2.742617412614106,2.872372053456116
24.200000000000074,-1.9090049646961071,1366.8756969160609,541.1568057571931,-0.1745,61.81107450485065,-7.101250624165468,0.165,2.742617412614106,2.872372053456116
24.300000000000075,-1.9092065420877566,1373.0599047295811,540.4462987612077,-0.1745,61.873081765553984,-7.108889295541322,0.165,2.742617412614106,2.872372053456116
24.400000000000077,-1.9091476229670654,1379.2503118753655,539.735087469212,-0.1745,61.935061150133734,-7.115336544373439,0.165,2.742617412614106,2.872372053456116
24.500000000000078,-1.9089102293401066,1385.4469129525753,539.0232729696461,-0.1745,61.99696039406482,-7.120953446945401,0.165,2.742617412614106,2.872372053456116
24.60000000000008,-1.9085513708264643,1391.6496981321593,538.3109257264612,-0.1745,62.058743197614156,-7.125991416752399,0.165,2.742617412614106,2.872372053456116
24.70000000000008,-1.9093892842756441,1397.8586545114938,537.5980948845886,-0.1745,62.12038438907767,-7.1306254206993405,0.165,2.742617412614106,2.872372053456116
24.800000000000082,-1.908155520924944,1404.0770415632987,536.8842374831398,-0.1745,62.24735664702074,-7.146522608276016,0.8300000000000001,2.742617412614106,2.872372053456116
24.900000000000084,-1.9071164548081154,1410.3048488977563,536.1694934512024,-0.1745,62.30879004213191,-7.148358030473922,0.165,2.742617412614106,2.872372053456116
25.000000000000085,-1.9062146011130459,1416.5387854377116,535.4545372894687,-0.1745,62.36994075697175,-7.15076520419947,0.165,2.742617412614106,2.872372053456116
25.100000000000087,-1.9054100848464546,1422.7788242219767,534.7393206764399,-0.1745,62.43083492833227,-7.153567056376491,0.165,2.742617412614106,2.872372053456116
25.200000000000088,-1.9046752528482125,1429.0249405089255,534.0238102899374,-0.1745,62.491490810644954,-7.156640673674504,0.165,2.742617412614106,2.872372053456116
25.30000000000009,-1.9039909306725917,1435.2771111083925,533.3079832177666,-0.1745,62.55192117869687,-7.1599007697418235,0.165,2.742617412614106,2.872372053456116
25.40000000000009,-1.9033438233101438,1441.5353139173378,532.5918237698944,-0.1745,62.61213500020707,-7.163288187702336,0.165,2.742617412614106,2.872372053456116
25.500000000000092,-1.9027247110020324,1447.7995275973199,531.8753212651159,-0.1745,62.67213859943261,-7.166761907869049,0.165,2.742617412614106,2.872372053456116
25.600000000000094,-1.9021271974905598,1454.069731350603,531.1584684949967,-0.1745,62.73193646622943,-7.170293494515834,0.165,2.742617412614106,2.872372053456116
25.700000000000095,-1.9015468419378687,1460.3459047648294,530.4412606583163,-0.1745,62.79153181829592,-7.173863239092313,0.165,2.742617412614106,2.872372053456116
25.800000000000097,-1.9009805571846932,1466.6280277053288,529.7236946222195,-0.1745,62.850926991694024,-7.177457482844516,0.165,2.742617412614106,2.872372053456116
25.900000000000098,-1.900426192818058,1472.9160802405115,529.0057684101264,-0.1745,62.910123711959805,-7.1810667590167405,0.165,2.742617412614106,2.872372053456116
26.0000000000001,-1.899882246417306,1479.2100425902206,528.2874808469589,-0.1745,62.969123282222824,-7.184684504331425,0.165,2.742617412614106,2.872372053456116
26.1000000000001,-1.8993476636610946,1485.5098950900156,527.5688313134569,-0.1745,63.02792671367475,-7.188306165708052,0.165,2.742617412614106,2.872372053456116
26.200000000000102,-1.8988217000104999,1491.8156181664997,526.8498195761083,-0.1745,63.086534816009866,-7.1919285812644755,0.165,2.742617412614106,2.872372053456116
26.300000000000104,-1.8983038250420503,1498.1271923203044,526.1304456694663,-0.1745,63.144948260086466,-7.195549551574507,0.165,2.742617412614106,2.872372053456116
26.400000000000105,-1.8977936563084685,1504.4445981143747,525.4107098147457,-0.1745,63.20316762131902,-7.199167542837014,0.165,2.742617412614106,2.872372053456116
26.500000000000107,-1.8972909136330907,1510.7678161659262,524.6906123635307,-0.1745,63.261193409710216,-7.202781481462632,0.165,2.742617412614106,2.872372053456116
26.600000000000108,-1.8967953875384438,1517.0968271409429,523.9701537588583,-0.1745,63.31902609062428,-7.20639061198624,0.165,2.742617412614106,2.872372053456116
26.70000000000011,-1.8963069174471692,1523.4316117504313,523.2493345083177,-0.1745,63.37666609914676,-7.20999439882596,0.165,2.742617412614106,2.872372053456116
26.80000000000011,-1.895825376636573,1529.7721507478889,522.5281551654571,-0.1745,63.43411385000383,-7.213592458387666,0.165,2.742617412614106,2.872372053456116
26.900000000000112,-1.895350661858478,1536.1184249276096,521.8066163169296,-0.1745,63.49136974440843,-7.217184512161742,0.165,2.742617412614106,2.872372053456116
27.000000000000114,-1.8948826861804127,1542.470415123569,521.0847185736048,-0.1745,63.548434174780645,-7.2207703543352135,0.165,2.742617412614106,2.872372053456116
27.100000000000115,-1.894421374050086,1548.8281022087078,520.3624625644163,-0.1745,63.60530752799831,-7.224349829436301,0.165,2.742617412614106,2.872372053456116
27.200000000000117,-1.8939666578936756,1555.1914670944893,519.639848932099,-0.1745,63.66199018763182,-7.22792281690983,0.165,2.742617412614106,2.872372053456116
27.300000000000118,-1.8935184757717964,1561.5604907306447,518.9168783302296,-0.1745,63.71848253547729,-7.231489220478718,0.165,2.742617412614106,2.872372053456116
27.40000000000012,-1.8930767697645159,1567.935154105049,518.1935514211651,-0.1745,63.77478495260527,-7.235048960808984,0.165,2.742617412614106,2.872372053456116
27.50000000000012,-1.8926414848586748,1574.315438243683,517.469868874602,-0.1745,63.83089782007521,-7.238601970453978,0.165,2.742617412614106,2.872372053456116
27.600000000000122,-1.892212568181146,1580.7013242106577,516.7458313665608,-0.1745,63.886821519419264,-7.242148190370423,0.165,2.742617412614106,2.872372053456116
27.700000000000124,-1.891789968470246,1587.092793108277,516.0214395786663,-0.1745,63.94255643296725,-7.245687567517993,0.165,2.742617412614106,2.872372053456116
27.800000000000125,-1.8913736357110256,1593.4898260771283,515.2966941976301,-0.1745,63.99810294406206,-7.249220053205449,0.165,2.742617412614106,2.872372053456116
27.900000000000126,-1.8909635208832942,1599.8924042961914,514.5715959148723,-0.1745,64.05346143719973,-7.252745601950987,0.165,2.742617412614106,2.872372053456116
28.000000000000128,-1.8905595757871603,1606.3005089829574,513.8461454262399,-0.1745,64.10863229811761,-7.256264170696588,0.165,2.742617412614106,2.872372053456116
28.10000000000013,-1.8901617529218548,1612.7141213935556,513.1203434317918,-0.1745,64.16361591384702,-7.259775718265988,0.165,2.742617412614106,2.872372053456116
28.20000000000013,-1.889770005401178,1619.133222822885,512.3941906356289,-0.1745,64.21841267274132,-7.263280204990219,0.165,2.742617412614106,2.872372053456116
28.300000000000132,-1.889384286894096,1625.5577946047465,511.66768774575695,-0.1745,64.27302296448731,-7.266777592448392,0.165,2.742617412614106,2.872372053456116
28.400000000000134,-1.8890045515826257,1631.9878181119761,510.94083547397014,-0.1745,64.32744718010517,-7.270267843287681,0.165,2.742617412614106,2.872372053456116
28.500000000000135,-1.8886307541315908,1638.4232747565784,510.2136345357509,-0.1745,64.38168571194056,-7.273750921097742,0.165,2.742617412614106,2.872372053456116
28.600000000000136,-1.88826284966653,1644.864145989858,509.48608565017986,-0.1745,64.43573895365147,-7.277226790322512,0.165,2.742617412614106,2.872372053456116
28.700000000000138,-1.8879007937572165,1651.31041330255,508.75818953985384,-0.1745,64.4896073001914,-7.280695416197692,0.165,2.742617412614106,2.872372053456116
28.80000000000014,-1.200939810730698,1657.762058224949,508.02994693080865,-0.1745,64.54329114779027,-7.284156764705862,0.165,2.742617412614106,2.872372053456116
28.90000000000014,-1.4200912658239795,1664.2140322189784,507.41364184422133,-0.06225,64.49618873279863,-5.0419449670401395,0.165,2.742617412614106,2.872372053456116
29.000000000000142,-1.569960051652407,1670.6608266956277,506.87416409217053,-0.1745,64.43970080018771,-5.747610073975714,0.165,2.742617412614106,2.872372053456116
29.100000000000144,-1.6722880651455074,1677.1037991742583,506.2752027001595,-0.1745,64.4197487724203,-6.231617766244849,0.165,2.742617412614106,2.872372053456116
29.200000000000145,-1.742050109645653,1683.5459831264952,505.6354376073326,-0.1745,64.42393027231701,-6.563684090293489,0.165,2.742617412614106,2.872372053456116
29.300000000000146,-1.789535414718707,1689.9893890192536,504.9676696256318,-0.1745,64.44418758284917,-6.791675543722406,0.165,2.742617412614106,2.872372053456116
29.400000000000148,-1.1363323790266266,1696.435358606497,504.2806636827834,-0.1745,64.47520416201867,-6.9484433132452805,0.165,2.742617412614106,2.872372053456116
29.50000000000015,-1.3766120002288442,1702.8823133015985,503.6920914578029,-0.06225,64.46388974001314,-4.823001186364635,0.495,2.742617412614106,2.872372053456116
29.60000000000015,-1.541059140711236,1709.3253203063705,503.17115488877573,-0.1745,64.39625035542834,-5.59573019417961,0.165,2.742617412614106,2.872372053456116
29.700000000000152,-1.6534259848877488,1715.7635835301112,502.58507174375694,-0.1745,64.36901411938612,-6.12593270619617,0.165,2.742617412614106,2.872372053456116
29.800000000000153,-1.7300891534348573,1722.2004544293468,501.9542849822158,-0.1745,64.36840386532558,-6.489802524625957,0.165,2.742617412614106,2.872372053456116
29.900000000000155,-1.7823118143772765,1728.638149961566,501.29281134924446,-0.1745,64.38550677905836,-6.739670134801078,0.165,2.742617412614106,2.872372053456116
30.000000000000156,-1.817824232391868,1735.078148253718,500.6102542514884,-0.1745,64.41445906398113,-6.911471820320128,0.165,2.742617412614106,2.872372053456116
30.100000000000158,-1.8419231296163672,1741.5214390713425,499.91318751286093,-0.1745,64.4513572885116,-7.029862952229718,0.165,2.742617412614106,2.872372053456116
30.20000000000016,-1.8588816842264304,1747.9686860292725,499.20610732151476,-0.1745,64.49358187009098,-7.111740874693026,0.165,2.742617412614106,2.872372053456116
30.30000000000016,-1.8695258006736937,1754.4219583211272,498.4918001016034,-0.1745,64.57186396700234,-7.174403523533626,0.495,2.742617412614106,2.872372053456116
30.400000000000162,-1.8766630963106656,1760.881554680809,497.7724214033822,-0.1745,64.62006322663204,-7.213170440889835,0.165,2.742617412614106,2.872372053456116
30.500000000000163,-1.881413298093988,1767.3460457733106,497.0497294313144,-0.1745,64.66975862340269,-7.2406690004661565,0.165,2.742617412614106,2.872372053456116
30.600000000000165,-1.8845399466737245,1773.8155544163744,496.32467184022556,-0.1745,64.720414237875,-7.260482821310442,0.165,2.742617412614106,2.872372053456116
30.700000000000166,-1.7327455718943532,1780.2901584025235,495.5978948208794,-0.1745,64.7716654851065,-7.275057565613027,0.165,2.742617412614106,2.872372053456116
30.800000000000168,-1.7835326786083436,1786.7716024096053,494.8948794120848,-0.1495,64.8572146565313,-6.785250610279743,0.165,2.742617412614106,2.872372053456116
30.90000000000017,-1.817959468226177,1793.2587140954104,494.20794505097194,-0.1745,64.88501905957207,-6.953436611976512,0.165,2.742617412614106,2.872372053456116
31.00000000000017,-1.8412514109921712,1799.7489988990437,493.5068261711586,-0.1745,64.92067701309445,-7.06894098429018,0.165,2.742617412614106,2.872372053456116
31.100000000000172,-1.856971307333506,1806.2431118375182,492.79595115278886,-0.1745,64.96158175639546,-7.148559383104612,0.165,2.742617412614106,2.872372053456116
31.200000000000173,-1.8675458577912676,1812.7414899184205,492.07833573998363,-0.1745,65.00597986165252,-7.203748872999434,0.165,2.742617412614106,2.872372053456116
31.300000000000175,-1.8746265731277558,1819.2444232950813,491.3560323942959,-0.1745,65.05268767156585,-7.2423180407556345,0.165,2.742617412614106,2.872372053456116
31.400000000000176,-1.879336622804276,1825.7521028944914,490.6304372488577,-0.1745,65.10090431663382,-7.269584868008019,0.165,2.742617412614106,2.872372053456116
31.500000000000178,-1.882439399970823,1832.2646524684624,489.9024995664331,-0.1745,65.15008716278473,-7.289168780482925,0.165,2.742617412614106,2.872372053456116
31.60000000000018,-1.8844534872146235,1838.782150239697,489.17286453973844,-0.1745,65.19986826191148,-7.303531753409988,0.165,2.742617412614106,2.872372053456116
31.70000000000018,-1.8857309899005292,1845.3046435548029,488.44197057289784,-0.1745,65.24999804020439,-7.314347583401712,0.165,2.742617412614106,2.872372053456116
31.800000000000182,-1.8865108673277948,1851.8321588180427,487.7101155101587,-0.1745,65.30030722459391,-7.322753671381133,0.165,2.742617412614106,2.872372053456116
31.900000000000183,-1.8869552176713347,1858.364708231662,486.9775016980891,-0.1745,65.35068104779263,-7.329522570010204,0.165,2.742617412614106,2.872372053456116
32.000000000000185,-1.8871739509144754,1864.9022943715484,486.2442666300977,-0.1745,65.40104174993279,-7.335178789817823,0.165,2.742617412614106,2.872372053456116
32.100000000000186,-1.8872415571904915,1871.444913294022,485.51050377623295,-0.1745,65.4513366995399,-7.340078287476651,0.165,2.742617412614106,2.872372053456116
32.20000000000019,-1.887208497533543,1877.9925566453112,484.7762767352986,-0.1745,65.50153032624496,-7.344462531210634,0.165,2.742617412614106,2.872372053456116
32.30000000000019,-1.8871089381581223,1884.5452130936944,484.04162884588743,-0.1745,65.55159864142013,-7.348495257012776,0.165,2.742617412614106,2.872372053456116
32.40000000000019,-1.8869659997563386,1891.1028693016003,483.30658971073166,-0.1745,65.60152551669742,-7.352287446102418,0.165,2.742617412614106,2.872372053456116
32.50000000000019,-1.8867953187460929,1897.665510585275,482.57117962388025,-0.1745,65.65130015679453,-7.355914290925758,0.165,2.742617412614106,2.872372053456116
32.60000000000019,-1.8866074623273987,1904.2331213623027,481.83541257360594,-0.1745,65.70091538376072,-7.359426714560164,0.165,2.742617412614106,2.872372053456116
32.700000000000195,-1.8864095655975421,1910.8056854551128,481.09929827843496,-0.1745,65.75036647244019,-7.36285918885925,0.165,2.742617412614106,2.872372053456116
32.800000000000196,-1.8862064408799306,1917.3831862967504,480.36284356706943,-0.1745,65.7996503603126,-7.366235038451092,0.165,2.742617412614106,2.872372053456116
32.9000000000002,-1.8860013291256599,1923.965607070343,479.62605331326387,-0.1745,65.84876511153529,-7.3695700376600035,0.165,2.742617412614106,2.872372053456116
33.0000000000002,-1.8857964086768528,1930.5529308035964,478.8889310689403,-0.1745,65.89770955353539,-7.3728748488121045,0.165,2.742617412614106,2.872372053456116
33.1000000000002,-1.8855931396105121,1937.1451404328075,478.15147949277537,-0.1745,65.94648303068777,-7.376156674486099,0.165,2.742617412614106,2.872372053456116
33.2000000000002,-1.8853924967098035,1943.7422188462126,477.413700640217,-0.1745,65.99508523741515,-7.379420376681638,0.165,2.742617412614106,2.872372053456116
33.3000000000002,-1.885195127024215,1950.3441489133404,476.67559615965257,-0.1745,66.04351610514257,-7.382669234606523,0.165,2.742617412614106,2.872372053456116
33.400000000000205,-1.885001456387982,1956.9509135048854,475.93716742504347,-0.1745,66.09177572575575,-7.3859054575759515,0.165,2.742617412614106,2.872372053456116
33.500000000000206,-1.8848117614043058,1963.5624955061628,475.1984156255632,-0.1745,66.13986429979343,-7.389130532029183,0.165,2.742617412614106,2.872372053456116
33.60000000000021,-1.8846262180730822,1970.178877826222,474.45934182615053,-0.1745,66.18778210139243,-7.392345456223697,0.165,2.742617412614106,2.872372053456116
33.70000000000021,-1.8844449346279286,1976.8000434040205,473.71994700839423,-0.1745,66.23552945457533,-7.39555089890277,0.165,2.742617412614106,2.872372053456116
33.80000000000021,-1.884267973701597,1983.42597521261,472.98023209812294,-0.1745,66.28310671721479,-7.398747306523383,0.165,2.742617412614106,2.872372053456116
33.90000000000021,-1.884095367282047,1990.0566562619804,472.2401979840121,-0.1745,66.3305142701916,-7.401934975693285,0.165,2.742617412614106,2.872372053456116
34.00000000000021,-1.8839271267999909,1996.6920696009931,471.49984553012314,-0.1745,66.37775251006508,-7.405114102086482,0.165,2.742617412614106,2.872372053456116
34.100000000000215,-1.8837632499299173,2003.3321983187022,470.7591755843457,-0.1745,66.42482184411813,-7.40828481346214,0.165,2.742617412614106,2.872372053456116
34.200000000000216,-1.8836037251733728,2009.9770255452586,470.0181889840754,-0.1745,66.47172268700692,-7.411447191944195,0.165,2.742617412614106,2.872372053456116
34.30000000000022,-1.8834485349462509,2016.6265344525336,469.27688656002573,-0.1745,66.51845545849467,-7.414601289048486,0.165,2.742617412614106,2.872372053456116
34.40000000000022,-1.883297657657352,2023.2807082545542,468.5352691387826,-0.1745,66.56502058191752,-7.417747135814022,0.165,2.742617412614106,2.872372053456116
34.50000000000022,-1.8831510691070026,2029.9395302078074,467.7933375445104,-0.1745,66.61141848314456,-7.420884749630428,0.165,2.742617412614106,2.872372053456116
34.60000000000022,-1.8830087434275473,2036.602983611458,467.05109260008703,-0.1745,66.65764958987143,-7.4240141388368,0.165,2.742617412614106,2.872372053456116
34.70000000000022,-1.8828706537152602,2043.2710518075087,466.3085351278543,-0.1745,66.7037143311389,-7.427135305817779,0.165,2.742617412614106,2.872372053456116
34.800000000000225,-1.8827367724545094,2049.9437181809158,465.5656659501091,-0.1745,66.74961313700327,-7.430248249086678,0.165,2.742617412614106,2.872372053456116
34.900000000000226,-1.8826070718020882,2056.6209661596813,464.8224858894205,-0.1745,66.79534643830898,-7.433352964686097,0.165,2.742617412614106,2.872372053456116
35.00000000000023,-1.8824815237774861,2063.3027792149232,464.0789957688297,-0.1745,66.84091466653042,-7.4364494471288065,0.165,2.742617412614106,2.872372053456116
35.10000000000023,-1.882360100389897,2069.989140860933,463.3351964119718,-0.1745,66.88631825366008,-7.4395376900291215,0.165,2.742617412614106,2.872372053456116
35.20000000000023,-1.8822427737227054,2076.6800346552222,462.5910886431441,-0.1745,66.93155763212815,-7.442617686525951,0.165,2.742617412614106,2.872372053456116
35.30000000000023,-1.882129515989401,2083.3754441985657,461.8466732873395,-0.1745,66.97663323474329,-7.445689429565699,0.165,2.742617412614106,2.872372053456116
35.40000000000023,-1.8820202995703132,2090.075353135035,461.10195117025665,-0.1745,67.02154549464771,-7.448752912090916,0.165,2.742617412614106,2.872372053456116
35.500000000000234,-1.8819150970364618,2096.7797451520314,460.3569231182938,-0.1745,67.0662948452818,-7.45180812716559,0.165,2.742617412614106,2.872372053456116
35.600000000000236,-1.8818138811647729,2103.488603980313,459.61158995853265,-0.1745,67.11088172035544,-7.454855068057869,0.165,2.742617412614106,2.872372053456116
35.70000000000024,-1.8817166249475115,2110.201913394022,458.86595251871506,-0.1745,67.15530655382362,-7.4578937282941995,0.165,2.742617412614106,2.872372053456116
35.80000000000024,-1.881623301597835,2116.9196572107066,458.12001162721566,-0.1745,67.19956977986521,-7.460924101694271,0.165,2.742617412614106,2.872372053456116
35.90000000000024,-1.881533884552755,2123.641819291343,457.3737681130113,-0.1745,67.24367183286373,-7.463946182393087,0.165,2.742617412614106,2.872372053456116
36.00000000000024,-1.8814483474743775,2130.368383540356,456.6272228056489,-0.1745,67.28761314738958,-7.466959964854415,0.165,2.742617412614106,2.872372053456116
36.10000000000024,-1.8813666642499864,2137.0993339056345,455.88037653521224,-0.1745,67.33139415818336,-7.469965443878459,0.165,2.742617412614106,2.872372053456116
36.200000000000244,-1.8812888089913693,2143.8346543785506,455.133230132288,-0.1745,67.37501530013982,-7.472962614605663,0.165,2.742617412614106,2.872372053456116
36.300000000000246,-1.8812147560336367,2150.5743289939724,454.38578442793187,-0.1745,67.41847700829241,-7.475951472517951,0.165,2.742617412614106,2.872372053456116
36.40000000000025,-1.8811444799337158,2157.318341830277,453.6380402536341,-0.1745,67.4617797177982,-7.478932013438235,0.165,2.742617412614106,2.872372053456116
36.50000000000025,-1.8810779554686308,2164.066677009363,452.88999844128574,-0.1745,67.50492386392314,-7.481904233528793,0.165,2.742617412614106,2.872372053456116
36.60000000000025,-1.8810151576336493,2170.8193186966605,452.14165982314483,-0.1745,67.54790988202758,-7.484868129288892,0.165,2.742617412614106,2.872372053456116
36.70000000000025,-1.8809560616403453,2177.5762511011394,451.39302523180277,-0.1745,67.590738207552,-7.487823697551924,0.165,2.742617412614106,2.872372053456116
36.80000000000025,-1.8809006429146191,2184.3374584753174,450.6440955001511,-0.1745,67.63340927600291,-7.490770935482221,0.165,2.742617412614106,2.872372053456116
36.900000000000254,-1.880848877094687,2191.1029251152645,449.8948714613484,-0.1745,67.67592352293897,-7.493709840571664,0.165,2.742617412614106,2.872372053456116
37.000000000000256,-1.8808007400290652,2197.8726353606094,449.145353948788,-0.1745,67.71828138395725,-7.496640410636175,0.165,2.742617412614106,2.872372053456116
37.10000000000026,-1.8807562077745599,2204.646573594541,448.39554379606557,-0.1745,67.7604832946796,-7.499562643812131,0.165,2.742617412614106,2.872372053456116
37.20000000000026,-1.880715256594254,2211.4247242438123,447.6454418369473,-0.1745,67.80252969073925,-7.502476538552747,0.165,2.742617412614106,2.872372053456116
37.30000000000026,-1.8806778629555203,2218.207071778738,446.89504890533846,-0.1745,67.84442100776748,-7.505382093624437,0.165,2.742617412614106,2.872372053456116
37.40000000000026,-1.8806440035280392,2224.993600713195,446.1443658352521,-0.1745,67.88615768138047,-7.508279308103185,0.165,2.742617412614106,2.872372053456116
37.50000000000026,-1.8806136551818384,2231.7842956046225,445.3933934607784,-0.1745,67.92774014716623,-7.511168181370916,0.165,2.742617412614106,2.872372053456116
37.600000000000264,-1.880586794985353,2238.579141054014,444.64213261605425,-0.1745,67.96916884067177,-7.5140487131118965,0.165,2.742617412614106,2.872372053456116
37.700000000000266,-1.8805634002034997,2245.3781217059172,443.8905841352332,-0.1745,68.01044419739029,-7.51692090330915,0.165,2.742617412614106,2.872372053456116
37.80000000000027,-1.880543448295774,2252.181222248424,443.1387488524557,-0.1745,68.05156665274853,-7.519784752240901,0.165,2.742617412614106,2.872372053456116
37.90000000000027,-1.8805269169143672,2258.9884274131664,442.3866276018198,-0.1745,68.09253664209434,-7.5226402604770435,0.165,2.742617412614106,2.872372053456116
38.00000000000027,-1.8805137839023036,2265.799721975305,441.63422121735215,-0.1745,68.13335460068424,-7.525487428875642,0.165,2.742617412614106,2.872372053456116
38.10000000000027,-1.8805040272915923,2272.615090753523,440.8815305329794,-0.1745,68.17402096367118,-7.52832625857946,0.165,2.742617412614106,2.872372053456116
38.20000000000027,-1.8804976253014045,2279.4345186100113,440.1285563824998,-0.1745,68.21453616609246,-7.531156751012513,0.165,2.742617412614106,2.872372053456116
38.300000000000274,-1.88049455633627,2286.2579904504587,439.3752995995554,-0.1745,68.2549006428577,-7.533978907876658,0.165,2.742617412614106,2.872372053456116
38.400000000000276,-1.880494798984288,2293.0854912240384,438.6217610176041,-0.1745,68.29511482873703,-7.536792731148211,0.165,2.742617412614106,2.872372053456116
38.50000000000028,-1.150564166994464,2299.9170059233925,437.86794146989297,-0.1745,68.33517915834925,-7.53959822307459,0.165,2.742617412614106,2.872372053456116
38.60000000000028,-1.3971577983415,2306.747929365917,437.2400042899969,-0.06225,68.2832896921438,-5.0191453748470085,0.165,2.742617412614106,2.872372053456116
38.70000000000028,-1.5612898543766693,2313.5715548217404,436.69618453562754,-0.1745,68.1892194243177,-5.85724971253988,0.165,2.742617412614106,2.872372053456116
38.80000000000028,-1.6704089147760386,2320.3881396479906,436.0825356130186,-0.1745,68.14247710068393,-6.41572873963936,0.165,2.742617412614106,2.872372053456116
38.90000000000028,-1.7428857707231438,2327.201565387766,435.4223498490392,-0.1745,68.12603769482836,-6.787986539947523,0.165,2.742617412614106,2.872372053456116
39.000000000000284,-1.7916543352882313,2334.0143276268464,434.73113668947445,-0.1745,68.12920708677679,-7.0362766513482295,0.165,2.742617412614106,2.872372053456116
39.100000000000286,-1.8232224274915518,2340.8296701506665,434.0189314106188,-0.1745,68.17764338962257,-7.207828925765553,0.495,2.742617412614106,2.872372053456116
39.20000000000029,-1.8441462931764685,2347.6486504974823,433.2926538335307,-0.1745,68.20196354669189,-7.317722615996238,0.165,2.742617412614106,2.872372053456116
39.30000000000029,-1.8580098157437273,2354.470332422671,432.55719020220346,-0.1745,68.23167495708392,-7.391550010549243,0.165,2.742617412614106,2.872372053456116
39.40000000000029,-1.8678215501590012,2361.295160972031,431.8155408874945,-0.1745,68.26489603011373,-7.44143628363069,0.165,2.742617412614106,2.872372053456116
39.50000000000029,-1.87356645479717,2368.1250500784126,431.06941075050514,-0.1745,68.33288609751165,-7.481166456155907,0.495,2.742617412614106,2.872372053456116
39.60000000000029,-1.8773723721754512,2374.9601883757477,430.32017855313535,-0.1745,68.36987984919452,-7.503477491240079,0.165,2.742617412614106,2.872372053456116
39.700000000000294,-1.879895664188567,2381.7990686915996,429.56904540597725,-0.1745,68.40772646784538,-7.519185451921592,0.165,2.742617412614106,2.872372053456116
39.800000000000296,-1.8815711666140111,2388.64175939802,428.8165603079646,-0.1745,68.44608766056396,-7.530516508331381,0.165,2.742617412614106,2.872372053456116
39.9000000000003,-1.882686844145567,2395.4883007627186,428.063087165129,-0.1745,68.48473963340426,-7.538946348381425,0.165,2.742617412614106,2.872372053456116
40.0000000000003,-1.8834333281306557,2402.338714462561,427.3088672068927,-0.1745,68.52353436344062,-7.5454528163435794,0.165,2.742617412614106,2.872372053456116
40.1000000000003,-1.883936770882324,2409.1930098804237,426.5540603840271,-0.1745,68.56237399381338,-7.550683640969652,0.165,2.742617412614106,2.872372053456116
40.2000000000003,-1.8842806256165712,2416.0511882745263,425.79877281510375,-0.1745,68.60119388824376,-7.555067737497449,0.165,2.742617412614106,2.872372053456116
40.3000000000003,-1.88452007917695,2422.91324553945,425.0430749764975,-0.1745,68.63995141022988,-7.558889034627635,0.165,2.742617412614106,2.872372053456116
40.400000000000304,-1.8846916125328401,2429.779174034513,424.2870137535064,-0.1745,68.67861849102025,-7.562335425193913,0.165,2.742617412614106,2.872372053456116
40.500000000000306,-1.884819331629709,2436.6489637944,423.5306204216993,-0.1745,68.71717670672685,-7.5655312109474595,0.165,2.742617412614106,2.872372053456116
40.60000000000031,-1.8849191582076257,2443.5226033306194,422.7739159311651,-0.1745,68.75561401765988,-7.568558599736791,0.165,2.742617412614106,2.872372053456116
40.70000000000031,-1.8850016030899002,2450.4000801619495,422.0169144039624,-0.1745,68.79392260894429,-7.571471944317216,0.165,2.742617412614106,2.872372053456116
40.80000000000031,-1.8850736008344966,2457.281381165434,421.259625448223,-0.1745,68.83209746074867,-7.574307170470552,0.165,2.742617412614106,2.872372053456116
40.90000000000031,-1.8851397230568299,2464.166492808563,420.50205568881063,-0.1745,68.8701354018287,-7.57708801777654,0.165,2.742617412614106,2.872372053456116
41.00000000000031,-1.885202980597033,2471.0554013028127,419.7442097794578,-0.1745,68.90803448316923,-7.579830169280323,0.165,2.742617412614106,2.872372053456116
41.100000000000314,-1.8852653536963837,2477.94809270515,418.98609107182665,-0.1745,68.94579356357886,-7.5825439833425605,0.165,2.742617412614106,2.872372053456116
41.200000000000315,-1.147983438834018,2484.8445529851083,418.227702057647,-0.1745,68.98341203559184,-7.585236300250522,0.165,2.742617412614106,2.872372053456116
41.30000000000032,-1.3994334607504326,2491.7402556723746,417.597663007784,-0.06225,68.93064170973516,-5.01554469700959,0.165,2.742617412614106,2.872372053456116
41.40000000000032,-1.5660070957336414,2498.628273672994,417.05299204052676,-0.1745,68.82971830265845,-5.8778746481346404,0.165,2.742617412614106,2.872372053456116
41.50000000000032,-1.6762338428120906,2505.5086686353006,416.43661775657694,-0.1745,68.77818094347157,-6.449611030861787,0.165,2.742617412614106,2.872372053456116
41.60000000000032,-1.7491127560757582,2512.3854823216057,415.77269758977025,-0.1745,68.75809278263277,-6.8287923052723025,0.165,2.742617412614106,2.872372053456116
41.70000000000032,-1.797268683955353,2519.2612996038756,415.077236778477,-0.1745,68.75825286276569,-7.080423920592156,0.165,2.742617412614106,2.872372053456116
41.800000000000324,-1.8290755750340684,2526.1377889779847,414.36083445598786,-0.1745,68.77153461941266,-7.247622529191004,0.165,2.742617412614106,2.872372053456116
41.900000000000325,-1.8500798831641592,2533.01603302202,413.6305049163234,-0.1745,68.79334626129982,-7.35896826409819,0.165,2.742617412614106,2.872372053456116
42.00000000000033,-1.8639512591819394,2539.896735545931,412.89088702511407,-0.1745,68.82070421691493,-7.433389560088598,0.165,2.742617412614106,2.872372053456116
42.10000000000033,-1.87311556490128,2546.780353713029,412.1450469216731,-0.1745,68.85165912505094,-7.483412508731131,0.165,2.742617412614106,2.872372053456116
42.20000000000033,-1.879175367383315,2553.6671833086084,411.3950102649372,-0.1745,68.88493278654094,-7.517320625987061,0.165,2.742617412614106,2.872372053456116
42.30000000000033,-1.883188770717,2560.5574142081578,410.64211480383244,-0.1745,68.91968520444684,-7.540588596107937,0.165,2.742617412614106,2.872372053456116
42.40000000000033,-1.8858540694801302,2567.45116664933,409.88724372890357,-0.1745,68.95536361899372,-7.556832902469635,0.165,2.742617412614106,2.872372053456116
42.500000000000334,-1.7241057040070413,2574.3485150317806,409.1309800091169,-0.1745,68.99160403001584,-7.568441493263709,0.165,2.742617412614106,2.872372053456116
42.600000000000335,-1.7811196770911784,2581.254981306996,408.4016836622165,-0.1495,69.13772147429016,-7.017485444744779,0.8300000000000001,2.742617412614106,2.872372053456116
42.70000000000034,-1.8186831699696524,2588.1691017309336,407.69001761385323,-0.1745,69.14468700446413,-7.215835522521186,0.165,2.742617412614106,2.872372053456116
42.80000000000034,-1.843428528360906,2595.084433542461,406.9618570705707,-0.1745,69.1619492260838,-7.347375343129469,0.165,2.742617412614106,2.872372053456116
42.90000000000034,-1.8597325948200343,2602.0018255095083,406.22274493047223,-0.1745,69.18589011486279,-7.434867458839709,0.165,2.742617412614106,2.872372053456116
43.00000000000034,-1.8704810837844101,2608.921827884435,405.4763348212306,-0.1745,69.21415738367139,-7.4933347259929715,0.165,2.742617412614106,2.872372053456116
43.10000000000034,-1.8775752174077034,2615.8447965077153,404.7250338469164,-0.1745,69.24521508192876,-7.532684760290893,0.165,2.742617412614106,2.872372053456116
43.200000000000344,-1.883516524521172,2622.770960139429,403.97042722610325,-0.1745,69.27805755234724,-7.559447655972342,0.165,2.742617412614106,2.872372053456116
43.300000000000345,-1.8859574520673341,2629.703738784159,403.2129813129276,-0.1745,69.37751534225454,-7.589470607541435,0.8300000000000001,2.742617412614106,2.872372053456116
43.40000000000035,-1.8875933843013564,2636.6432283714253,402.4535000736397,-0.1745,69.41227640307015,-7.600154178216548,0.165,2.742617412614106,2.872372053456116
43.50000000000035,-1.8887016226456854,2643.5862084383784,401.69309014621746,-0.1745,69.44732493599153,-7.6080443702288365,0.165,2.742617412614106,2.872372053456116
43.60000000000035,-1.889464363193998,2650.532700467469,400.93198310461725,-0.1745,69.48251564582627,-7.614096461775966,0.165,2.742617412614106,2.872372053456116
43.70000000000035,-1.8906170349471503,2657.4827139100603,400.17033135905746,-0.1745,69.51775320599363,-7.618938449419969,0.165,2.742617412614106,2.872372053456116
43.80000000000035,-1.8906739897552165,2664.4378752690395,399.40794881807415,-0.1745,69.58547397359344,-7.62871237024677,0.495,2.742617412614106,2.872372053456116
43.900000000000354,-1.890750695028364,2671.398183460662,398.6449600032062,-0.1745,69.62068985885413,-7.6310639271115015,0.165,2.742617412614106,2.872372053456116
44.000000000000355,-1.8908412507466676,2678.3620060549274,397.8817334834024,-0.1745,69.65576202645741,-7.6334664689653815,0.165,2.742617412614106,2.872372053456116
44.10000000000036,-1.890941781690354,2685.3293288561204,397.1182651762414,-0.1745,69.69069399740229,-7.635899674254695,0.165,2.742617412614106,2.872372053456116
44.20000000000036,-1.8910497414719636,2692.3001379673583,396.35455268200315,-0.1745,69.72548822735789,-7.63835021050967,0.165,2.742617412614106,2.872372053456116
44.30000000000036,-1.891163455561788,2699.2744197023353,395.59059470476046,-0.1745,69.76014647217853,-7.640809334344384,0.165,2.742617412614106,2.872372053456116
44.40000000000036,-1.8912818213201041,2706.252160527348,394.8263906723043,-0.1745,69.7946700280775,-7.643271314778896,0.165,2.742617412614106,2.872372053456116
44.50000000000036,-1.8914041111463875,2713.233347023222,394.06194048667874,-0.1745,69.82905988939373,-7.645732397731845,0.165,2.742617412614106,2.872372053456116
44.600000000000364,-1.8915298433335548,2720.2179658603013,393.2972443604859,-0.1745,69.86331685219572,-7.648190126124808,0.165,2.742617412614106,2.872372053456116
44.700000000000365,-1.8916586973639402,2727.206003782026,392.5323027094997,-0.1745,69.89744158229725,-7.6506428935991275,0.165,2.742617412614106,2.872372053456116
44.80000000000037,-1.8917904583688097,2734.1974475941356,391.76711608223684,-0.1745,69.93143465989586,-7.65308965165704,0.165,2.742617412614106,2.872372053456116
44.90000000000037,-1.8919249807202856,2741.1922841575733,391.0016851137772,-0.1745,69.96529660886013,-7.655529717535496,0.165,2.742617412614106,2.872372053456116
45.00000000000037,-1.892062164171389,2748.1905003838133,390.2360104954905,-0.1745,69.9990279159388,-7.657962648198914,0.165,2.742617412614106,2.872372053456116
45.10000000000037,-1.8922019382236077,2755.192083231778,389.4700929551946,-0.1745,70.03262904335551,-7.660388157718946,0.165,2.742617412614106,2.872372053456116
45.20000000000037,-1.8923442518875666,2762.197019705799,388.70393324415284,-0.1745,70.0661004370638,-7.662806063116819,0.165,2.742617412614106,2.872372053456116
45.300000000000374,-1.893102243847184,2769.20529685426,387.93753212855336,-0.1745,70.09944253215525,-7.665216248872354,0.165,2.742617412614106,2.872372053456116
45.400000000000375,-1.892919045240823,2776.218526710913,387.1706039179344,-0.1745,70.16515460090712,-7.673347963507052,0.495,2.742617412614106,2.872372053456116
45.50000000000038,-1.7253469324228026,2783.2366989024504,386.40320785178653,-0.1745,70.19828922983943,-7.674573359450551,0.165,2.742617412614106,2.872372053456116
45.60000000000038,-1.783733923131886,2790.2604999863,385.6651665616705,-0.1495,70.27773244715988,-7.086252442869688,0.165,2.742617412614106,2.872372053456116
45.70000000000038,-1.8218966391639184,2797.288335332797,384.94625032628096,-0.1745,70.27897448277623,-7.292072264921715,0.165,2.742617412614106,2.872372053456116
45.80000000000038,-1.8468480581030688,2804.316843208299,384.2102833746016,-0.1745,70.29118302726118,-7.427266768665118,0.165,2.742617412614106,2.872372053456116
45.90000000000038,-1.863175192716304,2811.3469247206613,383.4631044766455,-0.1745,70.31044721998954,-7.516311190456697,0.165,2.742617412614106,2.872372053456116
46.000000000000384,-1.873875616645177,2818.379159461774,382.7085282172126,-0.1745,70.33424760226453,-7.575213998201887,0.165,2.742617412614106,2.872372053456116
46.100000000000385,-1.8809068750528202,2825.4139195315033,381.9490455829908,-0.1745,70.36095379232253,-7.614438686234249,0.165,2.742617412614106,2.872372053456116
46.20000000000039,-1.8855466358462256,2832.4514426085434,381.1862826230129,-0.1745,70.38950774847706,-7.64082051332294,0.165,2.742617412614106,2.872372053456116
46.30000000000039,-1.8886284470426076,2839.491879079058,380.42130047425655,-0.1745,70.41922166181149,-7.6588224618039,0.165,2.742617412614106,2.872372053456116
46.40000000000039,-1.8906959065455982,2846.535322560371,379.65479148202326,-0.1745,70.4496479644451,-7.671357382862281,0.165,2.742617412614106,2.872372053456116
46.50000000000039,-1.8921034013643734,2853.5818297228066,378.8872073265435,-0.1745,70.48049528426627,-7.680325726733037,0.165,2.742617412614106,2.872372053456116
46.60000000000039,-1.8930818944627776,2860.6314331831722,378.11884268929504,-0.1745,70.51157392304727,-7.686967018236139,0.165,2.742617412614106,2.872372053456116
46.700000000000394,-1.8937818656926664,2867.6841498999124,377.3498898649251,-0.1745,70.54276041175737,-7.692089469162194,0.165,2.742617412614106,2.872372053456116
46.800000000000395,-1.1386133507773648,2874.739986642395,376.580474395785,-0.1745,70.57397443788663,-7.6962199136398475,0.165,2.742617412614106,2.872372053456116
46.9000000000004,-0.09111084151651028,2881.7979536715516,375.9452157747679,-0.06225,70.58536614525121,-5.008952506702235,0.8300000000000001,2.742617412614106,2.872372053456116
47.0000000000004,-0.14455929811490553,2888.8199381964623,375.66210606111815,0.04999999999999999,69.85432435296218,-0.6532417662929921,0.165,2.742617412614106,2.872372053456116
47.1000000000004,-0.5510800833724528,2895.8020764094867,375.6061331917678,-0.06225,69.78843990752374,-0.4662156207136491,0.165,2.742617412614106,2.872372053456116
47.2000000000004,-0.8506615261386645,2902.760776090893,375.4389048178814,-0.1745,69.38555372060874,-2.8783518570147626,0.165,2.742617412614106,2.872372053456116
47.3000000000004,-1.2115954117993601,2909.69282040298,375.0993765307564,-0.1495,69.25533252112581,-3.91221388548563,0.165,2.742617412614106,2.872372053456116
47.400000000000404,-1.4506641610356994,2916.6098772891664,374.6460718682927,-0.1745,69.08580520260523,-5.15387936378744,0.165,2.742617412614106,2.872372053456116
47.500000000000405,-0.8742214349889786,2923.513727299175,374.08959360079217,-0.1745,68.99119499756662,-5.9756859862232545,0.165,2.742617412614106,2.872372053456116
47.600000000000406,-1.2271837248916242,2930.414007585266,373.59195742417916,-0.06225,69.01441072425673,-3.9770375460370406,0.8300000000000001,2.742617412614106,2.872372053456116
47.70000000000041,-1.461362751508592,2937.307308682086,373.1337441039887,-0.1745,68.85161121214308,-5.187228857772465,0.165,2.742617412614106,2.872372053456116
47.80000000000041,-1.616534443729782,2944.18795363392,372.574898812367,-0.1745,68.76128782453806,-5.989676974661569,0.165,2.742617412614106,2.872372053456116
47.90000000000041,-1.7192476659728084,2951.0618433779664,371.9493162783825,-0.1745,68.71650705638554,-6.521973705028072,0.165,2.742617412614106,2.872372053456116
48.00000000000041,-1.7871835661317657,2957.9327090778947,371.2794584932867,-0.1745,68.70080694217914,-6.875181996888495,0.165,2.742617412614106,2.872372053456116
48.10000000000041,-1.8320924829735352,2964.8029426369126,370.58021335087284,-0.1745,68.70386423817449,-7.109720851389251,0.165,2.742617412614106,2.872372053456116
48.200000000000415,-1.8617696480664556,2971.674090412097,369.86144330704303,-0.1745,68.71909126551795,-7.265680025207431,0.165,2.742617412614106,2.872372053456116
48.300000000000416,-1.881379396739232,2978.54715669613,369.12967723760755,-0.1745,68.74223441513867,-7.369641363502315,0.165,2.742617412614106,2.872372053456116
48.40000000000042,-1.8943395070206968,2985.4227946956803,368.38923441366484,-0.1745,68.77052557586289,-7.439215115352107,0.165,2.742617412614106,2.872372053456116
48.50000000000042,-1.902910035649368,2992.301428678147,367.6429707227379,-0.1745,68.80215407347445,-7.486058703186928,0.165,2.742617412614106,2.872372053456116
48.60000000000042,-1.9085845102801486,2999.1833329613955,366.89277360056633,-0.1745,68.83593159149014,-7.517883740244781,0.165,2.742617412614106,2.872372053456116
48.70000000000042,-1.913600441100226,3006.068683373379,366.1398899790188,-0.1745,68.87107664817994,-7.539788690705566,0.165,2.742617412614106,2.872372053456116
48.80000000000042,-1.915431564819535,3012.960865445017,365.3845661365995,-0.1745,68.97256478458372,-7.56668815767951,0.8300000000000001,2.742617412614106,2.872372053456116
48.900000000000425,-1.9166656241011348,3019.8599526451944,364.6274629246747,-0.1745,69.0091792189593,-7.575376080816387,0.165,2.742617412614106,2.872372053456116
49.000000000000426,-1.9175073802187703,3026.7627098387047,363.8695941727499,-0.1745,69.04596465124729,-7.581998957679768,0.165,2.742617412614106,2.872372053456116
49.10000000000043,-1.918091786528957,3033.6691488118704,363.11113132505517,-0.1745,69.08281481206572,-7.587257996214412,0.165,2.742617412614106,2.872372053456116
49.20000000000043,-1.9185077578003915,3040.579272541809,362.352187644127,-0.1745,69.11965978670796,-7.591615622348656,0.165,2.742617412614106,2.872372053456116
49.30000000000043,-1.9188138561922927,3047.4930782128918,361.5928380281047,-0.1745,69.15645363494252,-7.595376698096734,0.165,2.742617412614106,2.872372053456116
49.40000000000043,-1.9190486391469448,3054.4105592059313,360.83313208577295,-0.1745,69.1931662258492,-7.598742148539243,0.165,2.742617412614106,2.872372053456116
49.50000000000043,-1.9192374835160595,3061.3317064098264,360.0731027604228,-0.1745,69.2297778520551,-7.601844358463907,0.165,2.742617412614106,2.872372053456116
49.600000000000435,-1.9193970844292965,3068.2565090862986,359.3127720160855,-0.1745,69.26627567738568,-7.60477052828151,0.165,2.742617412614106,2.872372053456116
49.700000000000436,-1.9195384202956045,3075.1849554398723,358.552154585664,-0.1745,69.30265139408797,-7.60757808014786,0.165,2.742617412614106,2.872372053456116
49.80000000000044,-1.9196687063093776,3082.117032993479,357.7912604408036,-0.1745,69.33889967804646,-7.610304817059834,0.165,2.742617412614106,2.872372053456116
49.90000000000044,-1.9197926811438188,3089.0527288359012,357.0300964189545,-0.1745,69.37501717040374,-7.6129756199235254,0.165,2.742617412614106,2.872372053456116
50.00000000000044,-1.9199134541924439,3095.9920297847398,356.2686672949051,-0.1745,69.41100180636997,-7.6156068610646415,0.165,2.742617412614106,2.872372053456116
50.10000000000044,-1.9200330632841704,3102.934922493707,355.5069764862537,-0.1745,69.44685237297092,-7.618209311962988,0.165,2.742617412614106,2.872372053456116
50.20000000000044,-1.9201528417047498,3109.8813935232415,354.74502651773656,-0.1745,69.48256821772324,-7.6207900583792885,0.165,2.742617412614106,2.872372053456116
50.300000000000445,-1.9202736596566485,3116.8314293869666,353.9828193267501,-0.1745,69.51814905678225,-7.623353761350127,0.165,2.742617412614106,2.872372053456116
50.400000000000446,-1.9203960830674893,3123.7850165822374,353.2203564643208,-0.1745,69.55359484863216,-7.625903487235231,0.165,2.742617412614106,2.872372053456116
50.50000000000045,-1.9205204780085816,3130.7421416102165,352.45763922726223,-0.1745,69.58890571095006,-7.628441253936139,0.165,2.742617412614106,2.872372053456116
50.60000000000045,-1.9206470793317512,3137.702790989059,351.69466874505366,-0.1745,69.62408186590123,-7.6309683902356635,0.165,2.742617412614106,2.872372053456116
50.70000000000045,-1.9207760357730828,3144.6669512625617,350.9314460369355,-0.1745,69.65912360415203,-7.633485772127578,0.165,2.742617412614106,2.872372053456116
50.80000000000045,-1.9209074395837162,3151.6346090058296,350.16797204941906,-0.1745,69.69403126120183,-7.635993978200846,0.165,2.742617412614106,2.872372053456116
50.90000000000045,-1.921041345990134,3158.6057508289805,349.4042476809203,-0.1745,69.72880520182065,-7.638493391773742,0.165,2.742617412614106,2.872372053456116
51.000000000000455,-1.92117778597115,3165.5803633795626,348.6402737979313,-0.1745,69.7634458098184,-7.640984268007381,0.165,2.742617412614106,2.872372053456116
51.100000000000456,-1.921316774644406,3172.5584333441197,347.87605124563123,-0.1745,69.79795348132039,-7.643466777994072,0.165,2.742617412614106,2.872372053456116
51.20000000000046,-1.9214583167693842,3179.5399474492033,347.11158085484595,-0.1745,69.83232862034765,-7.645941037711533,0.165,2.742617412614106,2.872372053456116
51.30000000000046,-1.9216024103572302,3186.5248924620164,346.3468634466088,-0.1745,69.86657163591232,-7.648407127032447,0.165,2.742617412614106,2.872372053456116
51.40000000000046,-1.9217490490379041,3193.5132551908173,345.5818998351471,-0.1745,69.90068294010827,-7.650865102201213,0.165,2.742617412614106,2.872372053456116
51.50000000000046,-1.9218982236118998,3200.5050224851657,344.81669082983603,-0.1745,69.93466294685564,-7.653315004020425,0.165,2.742617412614106,2.872372053456116
51.60000000000046,-1.9220499230670216,3207.5001812360624,344.051237236474,-0.1745,69.96851207107473,-7.655756863220587,0.165,2.742617412614106,2.872372053456116
51.700000000000465,-1.9222041352443275,3214.498718376023,343.2855398581139,-0.1745,70.00223072814177,-7.658190703981021,0.165,2.742617412614106,2.872372053456116
51.800000000000466,-1.922360847274055,3221.500620879107,342.51959949560296,-0.1745,70.03581933352982,-7.66061654623763,0.165,2.742617412614106,2.872372053456116
51.90000000000047,-1.9225200458607705,3228.5058757609117,341.7534169479313,-0.1745,70.06927830257098,-7.663034407194845,0.165,2.742617412614106,2.872372053456116
52.00000000000047,-1.9226817174697248,3235.5144700785554,340.9869930124558,-0.1745,70.10260805029843,-7.665444302315672,0.165,2.742617412614106,2.872372053456116
52.10000000000047,-1.92284584844849,3242.5263909306373,340.22032848504153,-0.1745,70.13580899134064,-7.667846245969578,0.165,2.742617412614106,2.872372053456116
52.20000000000047,-1.9230124251062044,3249.541625457197,339.45342416015023,-0.1745,70.16888153984993,-7.670240251856095,0.165,2.742617412614106,2.872372053456116
52.30000000000047,-1.923181433765079,3256.560160839662,338.68628083089334,-0.1745,70.20182610945358,-7.672626333281478,0.165,2.742617412614106,2.872372053456116
52.400000000000475,-1.9245868873907903,3263.5819843007957,337.9188992890623,-0.1745,70.2346431132196,-7.675004503339105,0.165,2.742617412614106,2.872372053456116
52.500000000000476,-1.924095907453294,3270.6103576094256,337.1507030527667,-0.1745,70.33282305937935,-7.6889202225734765,0.8300000000000001,2.742617412614106,2.872372053456116
52.60000000000048,-1.9238405058001828,3277.645273079161,336.3818107925326,-0.1745,70.36548633533609,-7.68892498210874,0.165,2.742617412614106,2.872372053456116
52.70000000000048,-1.923739457028311,3284.6834423657265,335.6128776792866,-0.1745,70.39789939597206,-7.68973728281007,0.165,2.742617412614106,2.872372053456116
52.80000000000048,-1.9237397918507049,3291.7248426367446,334.8438371429175,-0.1745,70.43010602439264,-7.6910734445728,0.165,2.742617412614106,2.872372053456116
52.90000000000048,-1.9238069745111666,3298.7694546847088,334.07464605044333,-0.1745,70.46213493488966,-7.692748404910358,0.165,2.742617412614106,2.872372053456116
53.00000000000048,-1.9239184918917784,3305.8172616815473,333.3052765568198,-0.1745,70.49400500187834,-7.694641467560293,0.165,2.742617412614106,2.872372053456116
53.100000000000485,-1.9240596703109718,3312.868248365469,332.5357107866027,-0.1745,70.5257286765495,-7.696673936782187,0.165,2.742617412614106,2.872372053456116
53.200000000000486,-1.924220946584165,3319.922400510218,331.76593736394494,-0.1745,70.55731421842545,-7.698794516372826,0.165,2.742617412614106,2.872372053456116
53.30000000000049,-1.756826667187391,3326.979704578757,330.99594914912296,-0.1745,70.58876715235475,-7.70096978006679,0.165,2.742617412614106,2.872372053456116
53.40000000000049,-1.815553820632449,3334.0458099353386,330.25507790648794,-0.1495,70.73333997928397,-7.116455072634125,0.8300000000000001,2.742617412614106,2.872372053456116
53.50000000000049,-1.8538211352677803,3341.119096036233,329.53302952401583,-0.1745,70.73238203860366,-7.324512576808443,0.165,2.742617412614106,2.872372053456116
53.60000000000049,-1.7110062564025768,3348.1928462251353,328.79377122854686,-0.1745,70.74262173944392,-7.460653332571012,0.165,2.742617412614106,2.872372053456116
53.70000000000049,-1.7859730693822362,3355.2738258674785,328.07265117827137,-0.1495,70.87697110742093,-6.9617476729384205,0.8300000000000001,2.742617412614106,2.872372053456116
53.800000000000495,-1.8347696497545192,3362.3609934440633,327.3631975999147,-0.1745,70.86638042427445,-7.227323894194222,0.165,2.742617412614106,2.872372053456116
53.900000000000496,-1.8665418093864363,3369.4478269464735,326.6317945304393,-0.1745,70.87028962392763,-7.400737495314016,0.165,2.742617412614106,2.872372053456116
54.0000000000005,-1.7181373756639304,3376.535515416191,325.8860482258977,-0.1745,70.88347977042683,-7.514188595517948,0.165,2.742617412614106,2.872372053456116
54.1000000000005,-1.7910935418616767,3383.6273682654023,325.1609439470302,-0.1495,70.9535772137919,-6.9878969818323915,0.165,2.742617412614106,2.872372053456116
54.2000000000005,-1.8385550958072132,3390.7222346657745,324.4492173721412,-0.1745,70.9437507936491,-7.246634515947872,0.165,2.742617412614106,2.872372053456116
54.3000000000005,-1.8694427428304303,3397.81682495964,323.71611119979076,-0.1745,70.9480550836593,-7.4154889310612395,0.165,2.742617412614106,2.872372053456116
54.4000000000005,-1.8895636983870947,3404.912297725189,322.96904164703045,-0.1745,70.96140022731579,-7.525902124145043,0.165,2.742617412614106,2.872372053456116
54.500000000000504,-1.9026945673733329,3412.009394485786,322.2128296745685,-0.1745,70.98053498461776,-7.598337325093114,0.165,2.742617412614106,2.872372053456116
54.600000000000506,-1.9112895294819567,3419.1085897697917,321.4506076475935,-0.1745,71.00337069549842,-7.64610321440832,0.165,2.742617412614106,2.872372053456116
54.70000000000051,-1.9169424712394545,3426.210186338462,320.6844099781298,-0.1745,71.02856067790229,-7.677850174864912,0.165,2.742617412614106,2.872372053456116
54.80000000000051,-1.9206880722754558,3433.314376106443,319.91555757002084,-0.1745,71.05523468171924,-7.69919798731408,0.165,2.742617412614106,2.872372053456116
54.90000000000051,-1.9231977399555664,3440.4212793195825,319.14490786762644,-0.1745,71.08282958107355,-7.713796060573361,0.165,2.742617412614106,2.872372053456116
55.00000000000051,-1.9255174798144932,3447.5309698349174,318.3730173933556,-0.1745,71.1109807256293,-7.72401342484386,0.165,2.742617412614106,2.872372053456116
55.10000000000051,-1.9263820547949808,3454.6451164096843,317.59996088301733,-0.1745,71.17195076970587,-7.737116781921296,0.495,2.742617412614106,2.872372053456116
55.200000000000514,-1.927027554659984,3461.763745820835,316.82603134682125,-0.1745,71.20063745331105,-7.741473942000651,0.165,2.742617412614106,2.872372053456116
55.300000000000516,-1.9275319023783455,3468.8852441818744,316.0517055865148,-0.1745,71.22932976747747,-7.745041264127924,0.165,2.742617412614106,2.872372053456116
55.40000000000052,-1.9279455739812434,3476.009609958599,315.2770488074232,-0.1745,71.25798576701578,-7.748094317704025,0.165,2.742617412614106,2.872372053456116
55.50000000000052,-1.9283012572341975,3483.1368381672164,314.50210350653083,-0.1745,71.28657840533292,-7.750811700143765,0.165,2.742617412614106,2.872372053456116
55.60000000000052,-1.9286201142056734,3490.2669216021786,313.726897464747,-0.1745,71.31509029391415,-7.753309135532529,0.165,2.742617412614106,2.872372053456116
55.70000000000052,-1.9289158408138634,3497.3998516320803,312.95144892832246,-0.1745,71.34351030411963,-7.755661592959171,0.165,2.742617412614106,2.872372053456116
55.80000000000052,-1.9291972976764316,3504.5356187154775,312.1757699671688,-0.1745,71.3718313638268,-7.757917630114278,0.165,2.742617412614106,2.872372053456116
55.900000000000524,-1.9294702146628886,3511.674212735119,311.3998686510259,-0.1745,71.40004902899925,-7.760108692743098,0.165,2.742617412614106,2.872372053456116
56.000000000000526,-1.9297382950294701,3518.815623214459,310.623750459271,-0.1745,71.42816055779855,-7.7622551423548884,0.165,2.742617412614106,2.872372053456116
56.10000000000053,-1.930003930462818,3525.9598394578766,309.84741919403666,-0.1745,71.4561643105531,-7.7643701623311925,0.165,2.742617412614106,2.872372053456116
56.20000000000053,-1.9302686640390223,3533.1068506414535,309.07087757149066,-0.1745,71.48405936098199,-7.766462288589319,0.165,2.742617412614106,2.872372053456116
56.30000000000053,-1.9305334899002005,3540.25664587172,308.29412760462367,-0.1745,71.51184524435024,-7.7685370487503524,0.165,2.742617412614106,2.872372053456116
56.40000000000053,-1.9307990471929057,3547.409214223656,307.5171708510052,-0.1745,71.53952179436237,-7.770598023619978,0.165,2.742617412614106,2.872372053456116
56.50000000000053,-1.7601060745760715,3554.5645447652514,306.74000857310335,-0.1745,71.56708903754999,-7.772647534416669,0.165,2.742617412614106,2.872372053456116
56.600000000000534,-1.8211014045293759,3561.7251235897916,305.9933203767659,-0.1495,71.64448745325073,-7.161116392332143,0.165,2.742617412614106,2.872372053456116
56.700000000000536,-1.8605887689295972,3568.8892564674243,305.26629228364413,-0.1745,71.63817009940215,-7.379445470102653,0.165,2.742617412614106,2.872372053456116
56.80000000000054,-1.886174935653456,3576.0533575782156,304.5212604567504,-0.1745,71.64385211642119,-7.521191067772051,0.165,2.742617412614106,2.872372053456116
56.90000000000054,-1.9027821255830966,3583.21840909922,303.76452944235876,-0.1745,71.65717830366626,-7.613429220059972,0.165,2.742617412614106,2.872372053456116
57.00000000000054,-1.9135926893597972,3590.3850367394143,303.00017408029464,-0.1745,71.67537450022385,-7.67367802122258,0.165,2.742617412614106,2.872372053456116
57.10000000000054,-1.920662768602497,3597.553638722265,302.23082695566535,-0.1745,71.69666515679246,-7.713264471363554,0.165,2.742617412614106,2.872372053456116
57.20000000000054,-1.9253201850490733,3604.7244675018974,301.4581883007268,-0.1745,71.71991043585386,-7.7395086274068925,0.165,2.742617412614106,2.872372053456116
57.300000000000544,-1.9284220774822147,3611.897681886381,300.6833559186504,-0.1745,71.74437725382337,-7.757139014121192,0.165,2.742617412614106,2.872372053456116
57.400000000000546,-1.9344693471461856,3619.07338043058,299.90703851798327,-0.1745,71.7695936301573,-7.769208999221801,0.165,2.5366040048312986,2.8478690001230045
57.50000000000055,-1.9384639459107025,3626.2514742197736,299.12899290708265,-0.1745,71.79228215371019,-7.791703218790716,0.165,2.5366040048312986,2.8478690001230045
57.60000000000055,-1.9411381505209444,3633.4318883285328,298.3490647858854,-0.1745,71.81600002146801,-7.806859205155007,0.165,2.5366040048312986,2.8478690001230045
57.70000000000055,-1.942963431660944,3640.6147055009556,297.5678574011008,-0.1745,71.84034342698433,-7.817288490536226,0.165,2.5366040048312986,2.8478690001230045
57.80000000000055,-1.944243258467433,3647.799975311768,296.7857593231257,-0.1745,71.86505278926421,-7.8246730689661215,0.165,2.5366040048312986,2.8478690001230045
57.90000000000055,-1.9451729139508513,3654.9877260132225,296.0030208711046,-0.1745,71.88996123982724,-7.83009597145675,0.165,2.5366040048312986,2.8478690001230045
58.000000000000554,-1.9458780329696217,3662.1779721524,295.2198033529214,-0.1745,71.9149615437168,-7.834254392206937,0.165,2.5366040048312986,2.8478690001230045
58.100000000000556,-1.9464394235024187,3669.3707194713083,294.43621078105343,-0.1745,71.93998483445628,-7.837597045153209,0.165,2.5366040048312986,2.8478690001230045
58.20000000000056,-1.7739465125920175,3676.56596805978,293.65231029573425,-0.1745,71.96498693497414,-7.8404126612301015,0.165,2.5366040048312986,2.8478690001230045
58.30000000000056,-1.8363138779481036,3683.766288916766,292.8993525123846,-0.1495,72.04143020474265,-7.218743005762368,0.165,2.5366040048312986,2.8478690001230045
58.40000000000056,-1.8765119257025678,3690.969944391513,292.166270276381,-0.1745,72.03167929019233,-7.442901714309967,0.165,2.5366040048312986,2.8478690001230045
58.50000000000056,-1.9024490500975144,3698.1732490470426,291.4147413308617,-0.1745,72.03441382039914,-7.58767719607606,0.165,2.5366040048312986,2.8478690001230045
58.60000000000056,-1.9192182132482012,3705.377223091552,290.65128844603305,-0.1745,72.04506706978384,-7.681380500497114,0.165,2.5366040048312986,2.8478690001230045
58.700000000000564,-1.9300964865706276,3712.582513682797,289.8801073981131,-0.1745,72.06074475511848,-7.742240457901567,0.165,2.5366040048312986,2.8478690001230045
58.800000000000566,-1.9371911755720463,3719.789531095288,289.10389602178867,-0.1745,72.07960349470011,-7.7819870685871475,0.165,2.5366040048312986,2.8478690001230045
58.90000000000057,-1.9418567188400542,3726.9985345494647,288.3243884375986,-0.1745,72.10046558882989,-7.808164615214345,0.165,2.5366040048312986,2.8478690001230045
59.00000000000057,-1.944963326928784,3734.2096866889897,287.54269904262014,-0.1745,72.12257720166845,-7.825623284354823,0.165,2.5366040048312986,2.8478690001230045
59.10000000000057,-1.9470699214478038,3741.4230883130726,286.7595438698978,-0.1745,72.14545527999046,-7.837480170091473,0.165,2.5366040048312986,2.8478690001230045
59.20000000000057,-1.9485353890789068,3748.6388005828812,285.9753829632095,-0.1745,72.16879011618462,-7.845737963675532,0.165,2.5366040048312986,2.8478690001230045
59.30000000000057,-1.9495901154162483,3755.856859244323,285.1905119133038,-0.1745,72.19238311265204,-7.8516830344378645,0.165,2.5366040048312986,2.8478690001230045
59.400000000000574,-1.9503819608656725,3763.077283747117,284.4051206891164,-0.1745,72.21610694322405,-7.856141449309594,0.165,2.5366040048312986,2.8478690001230045
59.500000000000576,-1.9510058002172939,3770.30008309514,283.6193314382871,-0.1745,72.23988001723714,-7.859643567277474,0.165,2.5366040048312986,2.8478690001230045
59.60000000000058,-1.9515224964575903,3777.525259600922,282.83322276871684,-0.1745,72.26365009839903,-7.862529824127359,0.165,2.5366040048312986,2.8478690001230045
59.70000000000058,-1.9519710849171905,3784.7528112954305,282.0468453424177,-0.1745,72.2873837917752,-7.865018701855239,0.165,2.5366040048312986,2.8478690001230045
59.80000000000058,-1.9523765955781678,3791.9827334747874,281.26023188782085,-0.1745,72.31105979536405,-7.867250390082356,0.165,2.5366040048312986,2.8478690001230045
59.90000000000058,-1.9527550739515545,3799.215019692952,280.4734036269968,-0.1745,72.33466456792203,-7.8693148263987815,0.165,2.5366040048312986,2.8478690001230045
60.00000000000058,-1.953116803135051,3806.4496623987475,279.68637440064634,-0.1745,72.35818954798808,-7.871269700610803,0.165,2.5366040048312986,2.8478690001230045
60.100000000000584,-1.1726509533926979,3813.6866533445886,278.89915331498764,-0.1745,72.38162936883512,-7.873152012562841,0.165,2.5366040048312986,2.8478690001230045
60.200000000000585,-1.452851201937693,3820.925235647193,278.25425552293797,-0.06225,72.39001668324993,-5.024803828430803,0.8300000000000001,2.5366040048312986,2.8478690001230045
60.30000000000059,-1.633448198627974,3828.157144366705,277.70142727905886,-0.1745,72.24815770698952,-6.031761049151603,0.165,2.5366040048312986,2.8478690001230045
60.40000000000059,-1.7497683863388849,3835.3779775561125,277.06582537291945,-0.1745,72.16850608116262,-6.680277073636386,0.165,2.5366040048312986,2.8478690001230045
60.50000000000059,-1.824667987939438,3842.5927651523352,276.3769081846305,-0.1745,72.1272458432948,-7.09806669214245,0.165,2.5366040048312986,2.8478690001230045
60.60000000000059,-1.87290685427181,3849.8046273178265,275.6536384468207,-0.1745,72.10999746653566,-7.3673280640540835,0.165,2.5366040048312986,2.8478690001230045
60.70000000000059,-1.904000698275965,3857.015521646164,274.9082210846811,-0.1745,72.10788910021064,-7.541019178737884,0.165,2.5366040048312986,2.8478690001230045
60.800000000000594,-1.9240764754921034,3864.226684534074,274.148507687949,-0.1745,72.11536865799069,-7.653248755903453,0.165,2.5366040048312986,2.8478690001230045
60.900000000000595,-1.93707543768386,3871.438899432866,273.37954669640794,-0.1745,72.1289293178436,-7.725971074917955,0.165,2.5366040048312986,2.8478690001230045
61.0000000000006,-1.9455310590739405,3878.652663042948,272.60458273722605,-0.1745,72.1463428837974,-7.773308108720138,0.165,2.5366040048312986,2.8478690001230045
61.1000000000006,-1.9510710109246163,3885.868289599126,271.82570039190284,-0.1745,72.16618823976486,-7.804338797743943,0.165,2.5366040048312986,2.8478690001230045
61.2000000000006,-1.954740580417478,3893.085976855867,271.044238584864,-0.1745,72.18755689505375,-7.824897343033351,0.165,2.5366040048312986,2.8478690001230045
61.3000000000006,-1.957210820777893,3900.3058480636923,270.26105714393884,-0.1745,72.20986726145146,-7.83873147546936,0.165,2.5366040048312986,2.8478690001230045
61.4000000000006,-1.959513180691964,3907.5279787638965,269.4767081756265,-0.1745,72.2327467426309,-7.8482478907768485,0.165,2.5366040048312986,2.8478690001230045
61.500000000000604,-1.9603995192979156,3914.7540388712846,268.6912597305432,-0.1745,72.28845540512694,-7.860721010889028,0.495,2.5366040048312986,2.8478690001230045
61.600000000000605,-1.9610873662700405,3921.9840561113197,267.90499827720504,-0.1745,72.3118893955734,-7.864508055874187,0.165,2.5366040048312986,2.8478690001230045
61.70000000000061,-1.9616485906145562,3929.216417506029,267.1183944170742,-0.1745,72.3353384986144,-7.86756914674225,0.165,2.5366040048312986,2.8478690001230045
61.80000000000061,-1.9621292606015086,3936.4511225889487,266.3315078332545,-0.1745,72.35876315978072,-7.870162529652578,0.165,2.5366040048312986,2.8478690001230045
61.90000000000061,-1.9625588994380299,3943.6881676539133,265.5443770161751,-0.1745,72.38213813951445,-7.8724538119349905,0.165,2.5366040048312986,2.8478690001230045
62.00000000000061,-1.9629564227379956,3950.927546929857,264.75702686681745,-0.1745,72.40544737935379,-7.874549175217315,0.165,2.5366040048312986,2.8478690001230045
62.10000000000061,-1.9633339465802666,3958.169253334249,263.96947357362814,-0.1745,72.42868070848364,-7.876516688568646,0.165,2.5366040048312986,2.8478690001230045
62.200000000000614,-1.9636992293507376,3965.413278956226,263.18172774007616,-0.1745,72.45183173106034,-7.878399982471457,0.165,2.5366040048312986,2.8478690001230045
62.300000000000615,-1.9640572372147056,3972.6596153663354,262.39379638995666,-0.1745,72.47489647112853,-7.88022701991789,0.165,2.5366040048312986,2.8478690001230045
62.40000000000062,-1.965616824513878,3979.908253815071,261.6056842528875,-0.1745,72.4978725035848,-7.882015721465318,0.165,2.5366040048312986,2.8478690001230045
62.50000000000062,-1.9653198314218105,3987.1624598648846,260.81681731583814,-0.1745,72.58624849268604,-7.895323019522185,0.8300000000000001,2.5366040048312986,2.8478690001230045
62.60000000000062,-1.965257525649281,3994.422229174428,260.0273166567151,-0.1745,72.60913769818634,-7.894690162938928,0.165,2.5366040048312986,2.8478690001230045
62.70000000000062,-1.9653457958581058,4001.684276315694,259.23783751832303,-0.1745,72.63180512713156,-7.89489260490231,0.165,2.5366040048312986,2.8478690001230045
62.80000000000062,-1.9655308521617814,4008.9485814730465,258.44831154147596,-0.1745,72.654298019914,-7.895626932039691,0.165,2.5366040048312986,2.8478690001230045
62.900000000000624,-1.9657783006040668,4016.215128710213,257.658695241774,-0.1745,72.67664672341284,-7.896699061999713,0.165,2.5366040048312986,2.8478690001230045
63.000000000000625,-1.9660661522564853,4023.4839045848958,256.86896104509293,-0.1745,72.6988707702481,-7.8979848716222545,0.165,2.5366040048312986,2.8478690001230045
63.10000000000063,-1.9663803506870052,4030.7548972620157,256.0790915517232,-0.1745,72.7209827721514,-7.899404995772477,0.165,2.5366040048312986,2.8478690001230045
63.20000000000063,-1.9667119110790985,4038.0280959462525,255.28907586697144,-0.1745,72.7429909125866,-7.900908699262632,0.165,2.5366040048312986,2.8478690001230045
63.30000000000063,-1.9670550905703008,4045.3034905189884,254.49890725415332,-0.1745,72.76490054213386,-7.902463557099784,0.165,2.5366040048312986,2.8478690001230045
63.40000000000063,-1.967406218307652,4052.5810713060628,253.70858163367689,-0.1745,72.78671519935396,-7.904048852429161,0.165,2.5366040048312986,2.8478690001230045
63.50000000000063,-1.9677629474798648,4059.8608289292247,252.9180966233742,-0.1745,72.80843726388068,-7.905651353624403,0.165,2.5366040048312986,2.8478690001230045
63.600000000000634,-1.9681237772121454,4067.142754211126,252.12745092501055,-0.1745,72.83006837414628,-7.907262613648315,0.165,2.5366040048312986,2.8478690001230045
63.700000000000635,-1.968487747012964,4074.426838114559,251.33664393216577,-0.1745,72.851609694511,-7.908877243247241,0.165,2.5366040048312986,2.8478690001230045
63.80000000000064,-1.9688542415320347,4081.713071703587,250.5456754796525,-0.1745,72.87306208605582,-7.910491807018662,0.165,2.5366040048312986,2.8478690001230045
63.90000000000064,-1.9692228658268514,4089.001446118678,249.7545456834114,-0.1745,72.89442621576072,-7.912104117802669,0.165,2.5366040048312986,2.8478690001230045
64.00000000000064,-1.9695933656887674,4096.29195256078,248.9632548382336,-0.1745,72.91570262628328,-7.9137127857535,0.165,2.5366040048312986,2.8478690001230045
64.10000000000063,-1.9699655767599236,4103.584582281122,248.17180335243498,-0.1745,72.93689178054805,-7.915316930218934,0.165,2.5366040048312986,2.8478690001230045
64.20000000000063,-1.9703393920428636,4110.879326574661,247.38019170614012,-0.1745,72.95799409023445,-7.9169159956783295,0.165,2.5366040048312986,2.8478690001230045
64.30000000000062,-1.9707147411580195,4118.176176775872,246.58842042464732,-0.1745,72.97900993397425,-7.918509634177824,0.165,2.5366040048312986,2.8478690001230045
64.40000000000062,-1.9710915771035376,4125.475124256019,245.79649006142583,-0.1745,72.9999396689738,-7.920097630252022,0.165,2.5366040048312986,2.8478690001230045
64.50000000000061,-1.1833489544281468,4132.776160421389,245.0044011872639,-0.1745,73.02078363843539,-7.921679852986417,0.165,2.5366040048312986,2.8478690001230045
64.6000000000006,-1.468645481130739,4140.078609135919,244.35724199051535,-0.06225,73.02819065214797,-5.021504081984606,0.8300000000000001,2.5366040048312986,2.8478690001230045
64.7000000000006,-1.6516346113947318,4147.373955819302,243.80339371116207,-0.1745,72.87874301551831,-6.055461505080697,0.165,2.5366040048312986,2.8478690001230045
64.8000000000006,-1.7689324254480643,4154.657592038165,243.16472329854162,-0.1745,72.7939813617405,-6.717946747328206,0.165,2.5366040048312986,2.8478690001230045
64.90000000000059,-1.844108741432544,4161.934737053736,242.47169881456463,-0.1745,72.7489189496923,-7.142542932211636,0.165,2.5366040048312986,2.8478690001230045
65.00000000000058,-1.8923074312726849,4169.208610964588,241.743833028876,-0.1745,72.72855926734556,-7.414772781561034,0.165,2.5366040048312986,2.8478690001230045
65.10000000000058,-1.9232428288815662,4176.481223924511,240.9936217080559,-0.1745,72.72369993111694,-7.589453634840786,0.165,2.5366040048312986,2.8478690001230045
65.20000000000057,-1.9431385775805232,4183.753839498751,240.2290633872861,-0.1745,72.72861155369398,-7.701712780555554,0.165,2.5366040048312986,2.8478690001230045
65.30000000000057,-1.9559782583085006,4191.0272547447175,239.45527543267585,-0.1745,72.73969336563145,-7.774046311649562,0.165,2.5366040048312986,2.8478690001230045
65.40000000000056,-1.9643099125923036,4198.301972849049,238.67553050106463,-0.1745,72.75466872099697,-7.820852320574619,0.165,2.5366040048312986,2.8478690001230045
65.50000000000055,-1.9697625287275302,4205.578310919594,237.8919208249551,-0.1745,72.7720926899045,-7.851341201615951,0.165,2.5366040048312986,2.8478690001230045
65.60000000000055,-1.9733771252062013,4212.856467856623,237.105783648535,-0.1745,72.79104605067569,-7.8714023267856374,0.165,2.5366040048312986,2.8478690001230045
65.70000000000054,-1.9758187626270898,4220.136567319181,236.31797352079005,-0.1745,72.81094320049709,-7.884800228113504,0.165,2.5366040048312986,2.8478690001230045
65.80000000000054,-1.9775122051974612,4227.4186850185315,235.52903648263543,-0.1745,72.83141078650857,-7.893940534978969,0.165,2.5366040048312986,2.8478690001230045
65.90000000000053,-1.9787286795632888,4234.702866092843,234.73932144966219,-0.1745,72.85221069971332,-7.900360124485844,0.165,2.5366040048312986,2.8478690001230045
66.00000000000053,-1.9796413359753637,4241.989136182198,233.94905141142087,-0.1745,72.873191087403,-7.90504064034067,0.165,2.5366040048312986,2.8478690001230045
66.10000000000052,-1.980360690443035,4249.277508493509,233.15836893152175,-0.1745,72.89425513881467,-7.9086089576414835,0.165,2.5366040048312986,2.8478690001230045
66.20000000000051,-1.9809572675995817,4256.567988309259,232.36736521754744,-0.1745,72.91534117618299,-7.911465321844669,0.165,2.5366040048312986,2.8478690001230045
66.30000000000051,-1.1943803765371932,4263.860575865537,231.57609868969283,-0.1745,72.93640994937245,-7.913865235247599,0.165,2.5366040048312986,2.8478690001230045
66.4000000000005,-1.4790451557670106,4271.152922508578,230.92945569228286,-0.06225,72.91052291145792,-5.018994712951996,0.495,2.5366040048312986,2.8478690001230045
66.5000000000005,-1.6617972926741966,4278.4365631457,230.37605408061688,-0.1745,72.76228983099723,-6.049037520367348,0.165,2.5366040048312986,2.8478690001230045
66.60000000000049,-1.7790503819308465,4285.7085954659615,229.73811997421288,-0.1745,72.67835657421675,-6.709644607712926,0.165,2.5366040048312986,2.8478690001230045
66.70000000000049,-1.8542662490215125,4292.97420953086,229.04596566343264,-0.1745,72.63392472376582,-7.133441607891633,0.165,2.5366040048312986,2.8478690001230045
66.80000000000048,-1.9025335976056954,4300.236610530612,228.31902254116054,-0.1745,72.61409527126668,-7.4054208375506825,0.165,2.5366040048312986,2.8478690001230045
66.90000000000047,-1.933540436923893,4307.497801136589,227.56974591841555,-0.1745,72.60971684827894,-7.580111617348827,0.165,2.5366040048312986,2.8478690001230045
67.00000000000047,-1.9534993211005938,4314.7590413067155,226.8061158540058,-0.1745,72.61508655424636,-7.6924896708461095,0.165,2.5366040048312986,2.8478690001230045
67.10000000000046,-1.9663904117513586,4322.0211264848695,226.033242618842,-0.1745,72.62661700883818,-7.764975032430257,0.165,2.5366040048312986,2.8478690001230045
67.20000000000046,-1.9747619050267247,4329.284559234566,225.25439734272317,-0.1745,72.64203798507731,-7.811930489946238,0.165,2.5366040048312986,2.8478690001230045
67.30000000000045,-1.9802443784937216,4336.5496565003,224.4716731997996,-0.1745,72.65990732961433,-7.842552368524931,0.165,2.5366040048312986,2.8478690001230045
67.40000000000045,-1.9838808147714677,4343.816617204847,223.68640925814407,-0.1745,72.67930676130506,-7.8627264645856645,0.165,2.5366040048312986,2.8478690001230045
67.50000000000044,-1.9863381328262082,4351.085565080421,222.89946201115455,-0.1745,72.69965075017507,-7.876218475204859,0.165,2.5366040048312986,2.8478690001230045
67.60000000000043,-1.9880426678367427,4358.356575900648,222.11137923885602,-0.1745,72.72056565437668,-7.885436970765924,0.165,2.5366040048312986,2.8478690001230045
67.70000000000043,-1.9892668939274027,4365.6296948317195,221.32251128504495,-0.1745,72.74181296705292,-7.891922105455239,0.165,2.5366040048312986,2.8478690001230045
67.80000000000042,-1.9901849131880536,4372.904947502372,220.5330822544679,-0.1745,72.76324044600533,-7.896658506086099,0.165,2.5366040048312986,2.8478690001230045
67.90000000000042,-1.9921117948146392,4380.182347071975,219.74323555320498,-0.1745,72.78475094603665,-7.900275519172097,0.165,2.5366040048312986,2.8478690001230045
68.00000000000041,-1.9920640205291673,4387.465173250155,218.95248573844077,-0.1745,72.87177261757527,-7.914720776112093,0.8300000000000001,2.5366040048312986,2.8478690001230045
68.1000000000004,-1.992173242030847,4394.753430845648,218.16101051613262,-0.1745,72.89337929228533,-7.914783670050965,0.165,2.5366040048312986,2.8478690001230045
68.2000000000004,-1.817019361974985,4402.043840377519,217.36950112618646,-0.1745,72.91481134512757,-7.915404128872206,0.165,2.5366040048312986,2.8478690001230045
68.3000000000004,-1.8809316209071927,4409.33907966039,216.60996151797906,-0.1495,72.98997431229755,-7.2753880352761,0.165,2.5366040048312986,2.8478690001230045
68.40000000000039,-1.9218487986675723,4416.637325867137,215.87081594176212,-0.1745,72.97494982264577,-7.5075234890624465,0.165,2.5366040048312986,2.8478690001230045
68.50000000000038,-1.9480844688521792,4423.9347294115205,215.1126285852553,-0.1745,72.97312106501732,-7.656223641073747,0.165,2.5366040048312986,2.8478690001230045
68.60000000000038,-1.9655617272988615,4431.232365621009,214.34223487154313,-0.1745,72.97960312476208,-7.751650633169569,0.165,2.5366040048312986,2.8478690001230045
68.70000000000037,-1.976134213542446,4438.532536938549,213.56371202734246,-0.1745,73.02382322603687,-7.818806250843838,0.495,2.5366040048312986,2.8478690001230045
68.80000000000037,-1.983012631800603,4445.835672402931,212.77990287079243,-0.1745,73.03888606159558,-7.8573768801568065,0.165,2.5366040048312986,2.8478690001230045
68.90000000000036,-1.987537424087513,4453.140414318671,211.9929079368441,-0.1745,73.05595225319819,-7.882521798809877,0.165,2.5366040048312986,2.8478690001230045
69.00000000000036,-1.9905631716772254,4460.446925071859,211.20382651925152,-0.1745,73.07426281057417,-7.899106553041596,0.165,2.5366040048312986,2.8478690001230045
69.10000000000035,-1.992634547811324,4467.755304966899,210.41335950023878,-0.1745,73.09333509021978,-7.910233827213196,0.165,2.5366040048312986,2.8478690001230045
69.20000000000034,-1.994098619825226,4475.065614821656,209.62195372652434,-0.1745,73.11286200493278,-7.91788164707552,0.165,2.5366040048312986,2.8478690001230045
69.30000000000034,-1.99517649226676,4482.377890328553,208.8298941060551,-0.1745,73.13264813301367,-7.923310762309219,0.165,2.5366040048312986,2.8478690001230045
69.40000000000033,-1.9960089949652249,4489.692151191783,208.0373623387122,-0.1745,73.15256913157863,-7.927324584548381,0.165,2.5366040048312986,2.8478690001230045
69.50000000000033,-1.9966858105628293,4497.008406944368,207.24447435989,-0.1745,73.17254592014338,-7.930434991895608,0.165,2.5366040048312986,2.8478690001230045
69.60000000000032,-1.9978598731945834,4504.326660652705,206.45130420725752,-0.1745,73.19252824658476,-7.932968060754345,0.165,2.5366040048312986,2.8478690001230045
69.70000000000032,-1.998056171198327,4511.648536218317,205.65761276451872,-0.1745,73.24498306564885,-7.9408607940218365,0.495,2.5366040048312986,2.8478690001230045
69.80000000000031,-1.9983303991808299,4518.974032292681,204.86348942576555,-0.1745,73.26493842164201,-7.94160598104167,0.165,2.5366040048312986,2.8478690001230045
69.9000000000003,-1.9986546742436562,4526.3015176579165,204.06927791058405,-0.1745,73.2847688830658,-7.942624322588625,0.165,2.5366040048312986,2.8478690001230045
70.0000000000003,-1.9990112576819765,4533.6309806268755,203.2749559779771,-0.1745,73.30449049611765,-7.943814329550226,0.165,2.5366040048312986,2.8478690001230045
70.10000000000029,-1.9993888654785268,4540.962410830838,202.48050968992263,-0.1745,73.32411358313136,-7.945111431539344,0.165,2.5366040048312986,2.8478690001230045
70.20000000000029,-1.9997803200534077,4548.295798751115,201.68593039055295,-0.1745,73.34364482241557,-7.94647455585405,0.165,2.5366040048312986,2.8478690001230045
70.30000000000028,-2.000181055912352,4555.63113542087,200.8912127836103,-0.1745,73.36308857268271,-7.947877582998758,0.165,2.5366040048312986,2.8478690001230045
70.40000000000028,-2.000588168838591,4562.968412235317,200.0963537090744,-0.1745,73.38244771625853,-7.949303907719335,0.165,2.5366040048312986,2.8478690001230045
70.50000000000027,-2.000999811019872,4570.307620830921,199.3013513648186,-0.1745,73.40172419581491,-7.950742977396946,0.165,2.5366040048312986,2.8478690001230045
70.60000000000026,-2.001414806309119,4577.64875300851,198.50620481148496,-0.1745,73.42091935595732,-7.952188089276084,0.165,2.5366040048312986,2.8478690001230045
70.70000000000026,-2.0018324055434746,4584.991800684336,197.71091365757272,-0.1745,73.44003416057993,-7.95363498896859,0.165,2.5366040048312986,2.8478690001230045
70.80000000000025,-2.002252130960254,4592.3367558589225,196.915477859179,-0.1745,73.45906933114728,-7.955080978905733,0.165,2.5366040048312986,2.8478690001230045
70.90000000000025,-2.002673677282112,4599.6836105972125,196.11989759266973,-0.1745,73.47802543465494,-7.956524351279291,0.165,2.5366040048312986,2.8478690001230045
71.00000000000024,-2.0030968488403413,4607.0323570159235,195.32417317373438,-0.1745,73.49690293957184,-7.957964027427565,0.165,2.5366040048312986,2.8478690001230045
71.10000000000024,-2.0035215196126126,4614.382987275473,194.5283050059358,-0.1745,73.51570225141373,-7.959399328543802,0.165,2.5366040048312986,2.8478690001230045
71.20000000000023,-2.003947607828265,4621.735493574812,193.73229354801325,-0.1745,73.53442373536046,-7.960829829907248,0.165,2.5366040048312986,2.8478690001230045
71.30000000000022,-2.0043750598332895,4629.089868148111,192.93613929310652,-0.1745,73.55306773063383,-7.962255268227084,0.165,2.5366040048312986,2.8478690001230045
71.40000000000022,-2.004803839840185,4636.446103262625,192.13984275555737,-0.1745,73.5716345596361,-7.963675482756075,0.165,2.5366040048312986,2.8478690001230045
71.50000000000021,-2.006430427850837,4643.804191217295,191.34340446252597,-0.1745,73.59012453375773,-7.965090377871907,0.165,2.5366040048312986,2.8478690001230045
71.60000000000021,-2.0062203024125056,4651.167398846624,190.54624767628985,-0.1745,73.67402805281478,-7.978045346850229,0.8300000000000001,2.5366040048312986,2.8478690001230045
71.7000000000002,-1.210442260764454,4658.535723097276,189.74849212401105,-0.1745,73.69245696022428,-7.977065698725854,0.165,2.5366040048312986,2.8478690001230045
71.8000000000002,-1.5009147964842204,4665.9052852827745,189.09861773021788,-0.06225,73.69878674973859,-5.020422177137602,0.8300000000000001,2.5366040048312986,2.8478690001230045
71.90000000000019,-1.6862699951533688,4673.267293618501,188.54347590530102,-0.1745,73.54137996478974,-6.082414321199429,0.165,2.5366040048312986,2.8478690001230045
72.00000000000018,-1.804487060718236,4680.61692667503,187.9013967483598,-0.1745,73.4512811658065,-6.7591688176255085,0.165,2.5366040048312986,2.8478690001230045
72.10000000000018,-1.8798813905270895,4687.959603203771,187.20391056879686,-0.1745,73.40224940900555,-7.190554773632814,0.165,2.5366040048312986,2.8478690001230045
72.20000000000017,-1.9279925500542743,4695.298647363789,186.47110173549464,-0.1745,73.37863379136083,-7.4656218924112725,0.165,2.5366040048312986,2.8478690001230045
72.30000000000017,-1.9587358598504092,4702.636123302024,185.71576369014423,-0.1745,73.37088497333983,-7.641139014596811,0.165,2.5366040048312986,2.8478690001230045
72.40000000000016,-1.9784302410521524,4709.973322031561,184.9460422824014,-0.1745,73.3730896173912,-7.753289140259588,0.165,2.5366040048312986,2.8478690001230045
72.50000000000016,-1.9910990516513656,4717.311054054864,184.1671217627859,-0.1745,73.38155084866978,-7.825121252050348,0.165,2.5366040048312986,2.8478690001230045
72.60000000000015,-1.99930235263849,4724.649828765453,183.38230023325667,-0.1745,73.39394336310245,-7.8713093385342905,0.165,2.5366040048312986,2.8478690001230045
72.70000000000014,-2.0046683228902706,4731.98996588092,182.59367521917676,-0.1745,73.40879894623036,-7.901190943063753,0.165,2.5366040048312986,2.8478690001230045
72.80000000000014,-2.008232090292511,4739.331665246086,181.80258039609822,-0.1745,73.42518835710324,-7.92070551850713,0.165,2.5366040048312986,2.8478690001230045
72.90000000000013,-2.010651553188979,4746.6750507960005,181.00986362749745,-0.1745,73.44252264117365,-7.933629853508191,0.165,2.5366040048312986,2.8478690001230045
73.00000000000013,-2.0123447514450543,4754.020198339363,180.21606388932852,-0.1745,73.46042822607299,-7.942364909870112,0.165,2.5366040048312986,2.8478690001230045
73.10000000000012,-2.0135772582678295,4761.367153154406,179.42152381013656,-0.1745,73.47866807478886,-7.948436673969191,0.165,2.5366040048312986,2.8478690001230045
73.20000000000012,-2.0145177549333355,4768.715941147304,178.6264612349572,-0.1745,73.49709178317231,-7.952814829618454,0.165,2.5366040048312986,2.8478690001230045
73.30000000000011,-2.015273361417897,4776.066575933743,177.83101472103357,-0.1745,73.51560394559124,-7.956115448853871,0.165,2.5366040048312986,2.8478690001230045
73.4000000000001,-2.0159120915760305,4783.419063335109,177.03527245473052,-0.1745,73.53414408174339,-7.958729877207098,0.165,2.5366040048312986,2.8478690001230045
73.5000000000001,-2.016477121952,4790.7734042338125,176.23929062741743,-0.1745,73.55267389232705,-7.960906669054535,0.165,2.5366040048312986,2.8478690001230045
73.6000000000001,-2.0181926561079244,4798.129596386695,175.44310511070904,-0.1745,73.57116916533178,-7.962803665113452,0.165,2.5366040048312986,2.8478690001230045
73.70000000000009,-2.0180408753398633,4805.4909100815075,174.6461616007606,-0.1745,73.65510473092134,-7.976066533855759,0.8300000000000001,2.5366040048312986,2.8478690001230045
73.80000000000008,-2.018107432092509,4812.857344446405,173.84859404552853,-0.1745,73.67358256702103,-7.975284570785274,0.165,2.5366040048312986,2.8478690001230045
73.90000000000008,-2.018312836971384,4820.225616659179,173.05106519267963,-0.1745,73.69186168847041,-7.975292486192697,0.165,2.5366040048312986,2.8478690001230045
74.00000000000007,-2.018606691627831,4827.595709122443,172.2535106070397,-0.1745,73.70998757680981,-7.975799226606407,0.165,2.5366040048312986,2.8478690001230045
74.10000000000007,-2.0189570460770394,4834.967607960574,171.45588963460943,-0.1745,73.72798918582248,-7.97662022199843,0.165,2.5366040048312986,2.8478690001230045
74.20000000000006,-2.019343647943457,4842.3413016689465,170.65817670114737,-0.1745,73.74588498162382,-7.977638447243064,0.165,2.5366040048312986,2.8478690001230045
74.30000000000005,-2.0197536609536892,4849.716780256868,169.8603557929601,-0.1745,73.76368677682096,-7.978779716502455,0.165,2.5366040048312986,2.8478690001230045
74.40000000000005,-2.020178949863289,4857.094034703893,169.06241695662487,-0.1745,73.78140216368317,-7.979997010201881,0.165,2.5366040048312986,2.8478690001230045
74.50000000000004,-2.0206143589632215,4864.473056614971,168.26435407943507,-0.1745,73.79903605787526,-7.981260533594399,0.165,2.5366040048312986,2.8478690001230045
74.60000000000004,-2.021056620721568,4871.853838001749,167.466163482166,-0.1745,73.81659167768503,-7.982551411787213,0.165,2.5366040048312986,2.8478690001230045
74.70000000000003,-2.021503664005208,4879.236371143886,166.66784302699503,-0.1745,73.83407116505737,-7.983857691632098,0.165,2.5366040048312986,2.8478690001230045
74.80000000000003,-2.021954175646059,4886.620648501108,165.86939155207278,-0.1745,73.8514759793923,-7.985171806812587,0.165,2.5366040048312986,2.8478690001230045
74.90000000000002,-2.022407322611511,4894.006662657438,165.07080851318852,-0.1745,73.86880714721242,-7.986488970872536,0.165,2.5366040048312986,2.8478690001230045
75.00000000000001,-2.0228625759729053,4901.39440628582,164.2720937567125,-0.1745,73.88606542042727,-7.9878061586479125,0.165,2.5366040048312986,2.8478690001230045
75.10000000000001,-1.2251115645170676,4908.783872125673,163.47324737574272,-0.1745,73.90325137664215,-7.989121460747804,0.165,2.5366040048312986,2.8478690001230045
75.2,-1.517551444583338,4916.174498761032,162.82295586097618,-0.06225,73.90928133053063,-5.016708834583051,0.8300000000000001,2.5366040048312986,2.8478690001230045
75.3,-1.7038629741327904,4923.557419541945,162.26767980854612,-0.1745,73.74913428772703,-6.088812214018175,0.165,2.5366040048312986,2.8478690001230045
75.39999999999999,-1.8225034274889973,4930.927737230032,161.6246971147649,-0.1745,73.65721947400932,-6.770841661606235,0.165,2.5366040048312986,2.8478690001230045
75.49999999999999,-1.8980525650842182,4938.290941058332,160.92591271433957,-0.1745,73.6068570919877,-7.204846346900233,0.165,2.5366040048312986,2.8478690001230045
75.59999999999998,-1.9461925905731428,4945.650392258541,160.19161514073377,-0.1745,73.58216691220144,-7.481105125215521,0.165,2.5366040048312986,2.8478690001230045
75.69999999999997,-1.976913178471567,4953.0081744766785,159.43470627138947,-0.1745,73.57347745055648,-7.657072261670769,0.165,2.5366040048312986,2.8478690001230045
75.79999999999997,-1.9965700892887566,4960.365588852752,158.66338736057372,-0.1745,73.57481007090608,-7.769305954644501,0.165,2.5366040048312986,2.8478690001230045
75.89999999999996,-1.832227738305761,4967.723451022135,157.8828692996819,-0.1745,73.58243331675084,-7.841055263192313,0.165,2.5366040048312986,2.8478690001230045
75.99999999999996,-1.9051724785220114,4975.085138623659,157.1290798377772,-0.1495,73.65131871372355,-7.234733974901258,0.165,2.5366040048312986,2.8478690001230045
76.09999999999995,-1.9529090668390143,4982.449101238198,156.39226294991576,-0.1745,73.62793357704862,-7.5016037823275585,0.165,2.5366040048312986,2.8478690001230045
76.19999999999995,-1.9819175658421422,4989.814772313779,155.63302877523253,-0.1745,73.68548793457116,-7.683079711337038,0.8300000000000001,2.5366040048312986,2.8478690001230045
76.29999999999994,-2.000473857836268,4997.18341199982,154.85941735542667,-0.1745,73.68730578624478,-7.789148684780192,0.165,2.5366040048312986,2.8478690001230045
76.39999999999993,-2.0124011247038363,5004.5525308708475,154.07711437456052,-0.1745,73.69507163429651,-7.856910932543062,0.165,2.5366040048312986,2.8478690001230045
76.49999999999993,-2.0201256888434713,5011.922612774502,153.28925025697896,-0.1745,73.70656643880785,-7.90037141908832,0.165,2.5366040048312986,2.8478690001230045
76.59999999999992,-2.025186679755877,5019.293960701882,152.49781075626709,-0.1745,73.72039210876954,-7.928418595149077,0.165,2.5366040048312986,2.8478690001230045
76.69999999999992,-2.0297599034990417,5026.666763598007,151.70405524845162,-0.1745,73.73566581373845,-7.946691561159938,0.165,2.5366040048312986,2.8478690001230045
76.79999999999991,-2.0314240041333247,5034.044412860737,150.9082050544215,-0.1745,73.81731944086262,-7.970312319442713,0.8300000000000001,2.5366040048312986,2.8478690001230045
76.8999999999999,-2.032647132708776,5041.426984338502,150.11088547804255,-0.1745,73.83411011443845,-7.976079208136187,0.165,2.5366040048312986,2.8478690001230045
76.9999999999999,-2.03359154371707,5048.811243876633,149.31307065530441,-0.1745,73.85108064818485,-7.980217246626541,0.165,2.5366040048312986,2.8478690001230045
77.0999999999999,-2.0343599789381175,5056.197204843144,148.51489369453392,-0.1745,73.86813868205306,-7.98332196878344,0.165,2.5366040048312986,2.8478690001230045
77.19999999999989,-2.035017485246438,5063.584873068937,147.71643906733865,-0.1745,73.88522583378897,-7.98577057512201,0.165,2.5366040048312986,2.8478690001230045
77.29999999999988,-2.03560523777985,5070.974249622507,146.91776044141392,-0.1745,73.90230523762602,-7.98780194337294,0.165,2.5366040048312986,2.8478690001230045
77.39999999999988,-2.036149296349589,5078.365332567057,146.11889197762184,-0.1745,73.91935365337017,-7.989567332468568,0.165,2.5366040048312986,2.8478690001230045
77.49999999999987,-2.0366661513466786,5085.758118073173,145.31985548555372,-0.1745,73.93635646895274,-7.9911625088939955,0.165,2.5366040048312986,2.8478690001230045
77.59999999999987,-2.037166235712049,5093.152601123389,144.5206649551676,-0.1745,73.95330453536779,-7.992648098828514,0.165,2.5366040048312986,2.8478690001230045
77.69999999999986,-2.0376561485714513,5100.5487759582675,143.72132942626178,-0.1745,73.97019216219056,-7.994062479288177,0.165,2.5366040048312986,2.8478690001230045
77.79999999999986,-2.0381400629424,5107.946636358787,142.92185480518694,-0.1745,73.98701584820239,-7.995429942208733,0.165,2.5366040048312986,2.8478690001230045
77.89999999999985,-2.0386206167763943,5115.346175825078,142.12224501487268,-0.1745,74.00377347761474,-7.99676586407643,0.165,2.5366040048312986,2.8478690001230045
77.99999999999984,-2.0390994768852884,5122.747387689517,141.32250272272142,-0.1745,74.02046381117144,-7.998079978948813,0.165,2.5366040048312986,2.8478690001230045
78.09999999999984,-2.0395776957908804,5130.150265188276,140.52262980125457,-0.1745,74.03708616398846,-7.999378450388354,0.165,2.5366040048312986,2.8478690001230045
78.19999999999983,-2.040055937505793,5137.554801506557,139.7226276195911,-0.1745,74.05364020163546,-8.000665182880887,0.165,2.5366040048312986,2.8478690001230045
78.29999999999983,-2.041126602779359,5144.960989807193,138.92249722785837,-0.1745,74.0701258110784,-8.001942651773403,0.165,2.5366040048312986,2.8478690001230045
78.39999999999982,-2.041289159070649,5152.370448190923,138.1219530078564,-0.1745,74.11904186351804,-8.008941748265975,0.495,2.5366040048312986,2.8478690001230045
78.49999999999982,-2.041569960591187,5159.783172071545,137.32105490417268,-0.1745,74.13543574893173,-8.00902032540853,0.165,2.5366040048312986,2.8478690001230045
78.59999999999981,-2.0419258535015814,5167.197528594405,136.5201276046372,-0.1745,74.15169470828133,-8.009525665301084,0.165,2.5366040048312986,2.8478690001230045
78.6999999999998,-2.0423295789465756,5174.613505517204,135.7191363835645,-0.1745,74.16784374769476,-8.010298756153222,0.165,2.5366040048312986,2.8478690001230045
78.7999999999998,-2.0427639201191456,5182.0310926427965,134.9180594885529,-0.1745,74.18389876415046,-8.011239144078594,0.165,2.5366040048312986,2.8478690001230045
78.89999999999979,-2.0432180037233296,5189.45028107585,134.11688336240064,-0.1745,74.19986989693682,-8.012283378966586,0.165,2.5366040048312986,2.8478690001230045
78.99999999999979,-2.043684963116193,5196.871062753025,133.3155996239008,-0.1745,74.21576364656872,-8.013391391030119,0.165,2.5366040048312986,2.8478690001230045
79.09999999999978,-2.0441604619911984,5204.293430146062,132.51420316029476,-0.1745,74.23158421416623,-8.014537881090668,0.165,2.5366040048312986,2.8478690001230045
79.19999999999978,-2.0446417618310204,5211.717376074167,131.71269092223346,-0.1745,74.2473343479309,-8.015706880135106,0.165,2.5366040048312986,2.8478690001230045
79.29999999999977,-2.0451271329203182,5219.142893585465,130.9110611626282,-0.1745,74.26301587802465,-8.016888311970533,0.165,2.5366040048312986,2.8478690001230045
79.39999999999976,-2.0456154823957466,5226.569975882091,130.10931295594227,-0.1745,74.2786300545028,-8.018075821747798,0.165,2.5366040048312986,2.8478690001230045
79.49999999999976,-2.0461061193871513,5233.9986162728555,129.30744589463723,-0.1745,74.29417776078742,-8.01926540435305,0.165,2.5366040048312986,2.8478690001230045
79.59999999999975,-2.04659860674088,5241.42880814332,128.5054598975122,-0.1745,74.30965964850037,-8.020454538147728,0.165,2.5366040048312986,2.8478690001230045
79.69999999999975,-2.047092667418288,5248.860544936875,127.70335508870778,-0.1745,74.32507622261463,-8.021641637940533,0.165,2.5366040048312986,2.8478690001230045
79.79999999999974,-2.047588125416228,5256.293820142767,126.90113172133107,-0.1745,74.34042789522294,-8.022825709593842,0.165,2.5366040048312986,2.8478690001230045
79.89999999999974,-2.048084868481947,5263.728627288502,126.09879012925285,-0.1745,74.35571501948583,-8.024006131970475,0.165,2.5366040048312986,2.8478690001230045
79.99999999999973,-2.0485828245854396,5271.164959935029,125.2963306966898,-0.1745,74.37093791106251,-8.025182519290555,0.165,2.5366040048312986,2.8478690001230045
80.09999999999972,-2.0490819470748898,5278.602811673664,124.4937538390124,-0.1745,74.38609686163869,-8.026354634257332,0.165,2.5366040048312986,2.8478690001230045
80.19999999999972,-2.049582205311812,5286.04217612412,123.69105999063788,-0.1745,74.40119214746458,-8.027522333233144,0.165,2.5366040048312986,2.8478690001230045
80.29999999999971,-2.050083578763838,5293.48304693323,122.88824959739394,-0.1745,74.41622403474321,-8.028685531645761,0.165,2.5366040048312986,2.8478690001230045
80.39999999999971,-2.0505860532789915,5300.925417774119,122.0853231117035,-0.1745,74.43119278303081,-8.029844182162801,0.165,2.5366040048312986,2.8478690001230045
80.4999999999997,-2.0510896187361096,5308.3692823456395,121.2822809895492,-0.1745,74.4460986473825,-8.030998260923358,0.165,2.5366040048312986,2.8478690001230045
80.5999999999997,-2.051594267563279,5315.814634371994,120.47912368856035,-0.1745,74.4609418797064,-8.032147758853537,0.165,2.5366040048312986,2.8478690001230045
80.69999999999969,-2.0520999938037097,5323.26146760246,119.6758516668082,-0.1745,74.47572272961823,-8.03329267618932,0.165,2.5366040048312986,2.8478690001230045
80.79999999999968,-2.0526067925268143,5330.7097758111895,118.8724653820476,-0.1745,74.4904414449808,-8.034433019022686,0.165,2.5366040048312986,2.8478690001230045
80.89999999999968,-2.053114659456951,5338.159552797051,118.06896529124027,-0.1745,74.50509827224485,-8.0355687971238,0.165,2.5366040048312986,2.8478690001230045
80.99999999999967,-2.05362359073939,5345.610792383497,117.26535185025568,-0.1745,74.5196934566644,-8.036700022568015,0.165,2.5366040048312986,2.8478690001230045
81.09999999999967,-2.0541335827927716,5353.063488418452,116.46162551368377,-0.1745,74.5342272424332,-8.037826708870323,0.165,2.5366040048312986,2.8478690001230045
81.19999999999966,-2.0546446322160987,5360.517634774212,115.65778673471827,-0.1745,74.54869987277134,-8.038948870439764,0.165,2.5366040048312986,2.8478690001230045
81.29999999999966,-2.0551567357300717,5367.973225347349,114.8538359650845,-0.1745,74.56311158998028,-8.040066522235541,0.165,2.5366040048312986,2.8478690001230045
81.39999999999965,-2.05566989014009,5375.430254058622,114.0497736549952,-0.1745,74.57746263547834,-8.041179679550275,0.165,2.5366040048312986,2.8478690001230045
81.49999999999964,-2.0561840923128805,5382.8887148528875,113.24560025312402,-0.1745,74.59175324982348,-8.042288357873401,0.165,2.5366040048312986,2.8478690001230045
81.59999999999964,-2.0566993391617325,5390.3486016990155,112.4413162065901,-0.1745,74.6059836727284,-8.043392572805052,0.165,2.5366040048312986,2.8478690001230045
81.69999999999963,-2.05721562763714,5397.809908589806,111.63692196094976,-0.1745,74.62015414307054,-8.044492340001778,0.165,2.5366040048312986,2.8478690001230045
81.79999999999963,-2.0577329547208576,5405.272629541904,110.83241796019256,-0.1745,74.63426489889909,-8.045587675142299,0.165,2.5366040048312986,2.8478690001230045
81.89999999999962,-2.0582513174220995,5412.736758595721,110.02780464674015,-0.1745,74.64831617743997,-8.046678593905902,0.165,2.5366040048312986,2.8478690001230045
81.99999999999962,-2.0587707127751003,5420.202289815348,109.22308246144692,-0.1745,74.66230821509957,-8.047765111958785,0.165,2.5366040048312986,2.8478690001230045
82.09999999999961,-2.0592911378375183,5427.669217288477,108.41825184360171,-0.1745,74.6762412474678,-8.048847244945422,0.165,2.5366040048312986,2.8478690001230045
82.1999999999996,-2.059812589689383,5435.137535126316,107.61331323093029,-0.1745,74.69011550932055,-8.049925008483076,0.165,2.5366040048312986,2.8478690001230045
82.2999999999996,-2.0609243112514437,5442.607237463513,106.80826705959822,-0.1745,74.70393123462192,-8.050998418158311,0.165,2.5366040048312986,2.8478690001230045
82.3999999999996,-2.061132979030481,5450.079943400296,106.00282729822231,-0.1745,74.75018750103226,-8.057796809359932,0.495,2.5366040048312986,2.8478690001230045
82.49999999999959,-2.061460284240208,5457.555649331025,105.19705373552928,-0.1745,74.76393111356018,-8.057674444500769,0.165,2.5366040048312986,2.8478690001230045
82.59999999999958,-2.061862500479836,5465.032723347313,104.3912707524115,-0.1745,74.77754921219035,-8.057985217854782,0.165,2.5366040048312986,2.8478690001230045
82.69999999999958,-2.0623121490402303,5472.5111541767055,103.58544316127951,-0.1745,74.79106737566403,-8.058566604784973,0.165,2.5366040048312986,2.8478690001230045
82.79999999999957,-2.0633807346159814,5479.990932633838,102.77954900797367,-0.1745,74.80450176698542,-8.059316461331802,0.165,2.5366040048312986,2.8478690001230045
82.89999999999957,-2.0635653485859944,5487.473675795849,101.97328818887394,-0.1745,74.85036147323414,-8.065899920662961,0.495,2.5366040048312986,2.8478690001230045
82.99999999999956,-2.0638801265866946,5494.959378843719,101.16671167136447,-0.1745,74.86369948415211,-8.065630429526415,0.165,2.5366040048312986,2.8478690001230045
83.09999999999955,-2.064276983883534,5502.446409160375,100.36013826070098,-0.1745,74.87690684897186,-8.06583778374328,0.165,2.5366040048312986,2.8478690001230045
83.19999999999955,-2.064725727769787,5509.934755088599,99.55352922090788,-0.1745,74.89001171550329,-8.0663430121189,0.165,2.5366040048312986,2.8478690001230045
83.29999999999954,-2.065207401663428,5517.42440726663,98.7468603839839,-0.1745,74.9030318451129,-8.067033726360702,0.165,2.5366040048312986,2.8478690001230045
83.39999999999954,-2.0657101045097477,5524.915357782574,97.94011672968499,-0.1745,74.915978473766,-8.067839359617494,0.165,2.5366040048312986,2.8478690001230045
83.49999999999953,-2.0662263651917403,5532.4075996431775,97.13328898116389,-0.1745,74.92885873831099,-8.068715610804665,0.165,2.5366040048312986,2.8478690001230045
83.59999999999953,-2.066751493718452,5539.901126440137,96.32637146696408,-0.1745,74.94167720087086,-8.069634673191414,0.165,2.5366040048312986,2.8478690001230045
83.69999999999952,-2.0672825459157096,5547.395932140503,95.5193607784518,-0.1745,74.95443680643888,-8.070579097054129,0.165,2.5366040048312986,2.8478690001230045
83.79999999999951,-2.0678176734108256,5554.892010955042,94.71225492683585,-0.1745,74.96713948433896,-8.071537935264681,0.165,2.5366040048312986,2.8478690001230045
83.89999999999951,-2.068355715565809,5562.389357255556,93.90505281392872,-0.1745,74.97978652595133,-8.072504322877949,0.165,2.5366040048312986,2.8478690001230045
83.9999999999995,-1.8887316609453444,5569.887965522948,93.09775389991611,-0.1745,74.99237882190124,-8.073473957374022,0.165,2.5366040048312986,2.8478690001230045
84.0999999999995,-1.9564361302511948,5577.392428226465,92.32404196857765,-0.1495,75.09687524842805,-7.400764669395426,0.495,2.5366040048312986,2.8478690001230045
84.19999999999949,-1.9991176729310194,5584.900750959432,91.57137884924873,-0.1745,75.06957941091332,-7.652497717182793,0.165,2.5366040048312986,2.8478690001230045
84.29999999999949,-2.026090468153703,5592.407091617264,90.7982143576786,-0.1745,75.05723374572274,-7.8107921142197965,0.165,2.5366040048312986,2.8478690001230045
84.39999999999948,-2.0432069043719716,5599.912661094156,90.01215294356815,-0.1745,75.05415579211055,-7.910436167989191,0.165,2.5366040048312986,2.8478690001230045
84.49999999999947,-2.054141443344804,5607.418210657265,89.21796719992257,-0.1745,75.0568354700736,-7.973278704922466,0.165,2.5366040048312986,2.8478690001230045
84.59999999999947,-2.0611998933755893,5614.924207053275,88.41865149663568,-0.1745,75.06309245012024,-8.013035360815502,0.165,2.5366040048312986,2.8478690001230045
84.69999999999946,-2.065828652474993,5622.430940059475,87.61608408789398,-0.1745,75.07156767388118,-8.038312814018488,0.165,2.5366040048312986,2.8478690001230045
84.79999999999946,-2.0689347708431036,5629.938589052841,86.81144293686025,-0.1745,75.08141219343726,-8.054510206656216,0.165,2.5366040048312986,2.8478690001230045
84.89999999999945,-2.0710869468746624,5637.447264414062,86.00546673961477,-0.1745,75.09209503098454,-8.065013738253148,0.165,2.5366040048312986,2.8478690001230045
84.99999999999945,-2.0726416792224542,5644.957033358058,85.19861871530914,-0.1745,75.10328384891429,-8.071946747859586,0.165,2.5366040048312986,2.8478690001230045
85.09999999999944,-2.0738224127435707,5652.467936079038,84.3911893537394,-0.1745,75.11477057069203,-8.076640483534913,0.165,2.5366040048312986,2.8478690001230045
85.19999999999943,-2.0747691791630682,5659.979995853345,83.58336085591488,-0.1745,75.12642491545334,-8.079929472955671,0.165,2.5366040048312986,2.8478690001230045
85.29999999999943,-2.0755697250747915,5667.4932253656425,82.77524754228776,-0.1745,75.13816533050137,-8.08233679958654,0.165,2.5366040048312986,2.8478690001230045
85.39999999999942,-2.0762790278508363,5675.007630671786,81.96692118742062,-0.1745,75.14994079236206,-8.084190297756244,0.165,2.5366040048312986,2.8478690001230045
85.49999999999942,-2.0769315294712754,5682.523213681756,81.15842690192271,-0.1745,75.16171940705078,-8.085695412202007,0.165,2.5366040048312986,2.8478690001230045
85.59999999999941,-2.0775488044844104,5690.03997371548,80.3497930874137,-0.1745,75.17348126743488,-8.086980877978137,0.165,2.5366040048312986,2.8478690001230045
85.6999999999994,-2.0781443655885266,5697.55790847772,79.54103767569933,-0.1745,75.18521397735223,-8.088127356309329,0.165,2.5366040048312986,2.8478690001230045
85.7999999999994,-2.078726675000573,5705.077014668923,78.73217203869439,-0.1745,75.1969098467108,-8.089185383789427,0.165,2.5366040048312986,2.8478690001230045
85.8999999999994,-2.0793010312991824,5712.597288367946,77.92320343841169,-0.1745,75.20856413375945,-8.090186621864484,0.165,2.5366040048312986,2.8478690001230045
85.99999999999939,-2.0798707515481247,5720.1187252718155,77.11413656198887,-0.1745,75.22017394363094,-8.091150906591913,0.165,2.5366040048312986,2.8478690001230045
86.09999999999938,-2.080437911832046,5727.641320845905,76.30497448335493,-0.1745,75.23173753817328,-8.092090666087119,0.165,2.5366040048312986,2.8478690001230045
86.19999999999938,-2.0810038111154596,5735.16507041799,75.49571926563767,-0.1745,75.24325390352638,-8.093013688257956,0.165,2.5366040048312986,2.8478690001230045
86.29999999999937,-2.0815692617674992,5742.689969237127,74.68637233848753,-0.1745,75.25472247921155,-8.093924854745067,0.165,2.5366040048312986,2.8478690001230045
86.39999999999937,-2.0821347715059697,5750.216012510509,73.87693473439529,-0.1745,75.26614298842318,-8.094827227099618,0.165,2.5366040048312986,2.8478690001230045
86.49999999999936,-2.0827006573305775,5757.743195426517,73.06740723668423,-0.1745,75.2775153317274,-8.095722727121709,0.165,2.5366040048312986,2.8478690001230045
86.59999999999935,-2.083267116860941,5765.2715131691275,72.25779047218036,-0.1745,75.28883952048382,-8.09661256295563,0.165,2.5366040048312986,2.8478690001230045
86.69999999999935,-2.083834272999789,5772.800960926909,71.44808496923623,-0.1745,75.3001156351508,-8.097497495926966,0.165,2.5366040048312986,2.8478690001230045
86.79999999999934,-2.084402201892939,5780.331533898626,70.63829119405838,-0.1745,75.31134379917678,-8.09837800763005,0.165,2.5366040048312986,2.8478690001230045
86.89999999999934,-2.084970950431095,5787.863227296717,69.82840957344966,-0.1745,75.32252416265317,-8.099254404544324,0.165,2.5366040048312986,2.8478690001230045
86.99999999999933,-2.0855405472041855,5795.396036349453,69.01844050904593,-0.1745,75.33365689208047,-8.100126883530217,0.165,2.5366040048312986,2.8478690001230045
87.09999999999933,-2.0861110093570177,5802.929956302256,68.20838438622795,-0.1745,75.3447421639623,-8.100995572829422,0.165,2.5366040048312986,2.8478690001230045
87.19999999999932,-2.086682346879388,5810.4649824184935,67.39824157970006,-0.1745,75.3557801607962,-8.101860557728543,0.165,2.5366040048312986,2.8478690001230045
87.29999999999932,-2.08725456529048,5818.001109979961,66.58801245698255,-0.1745,75.36677106856503,-8.102721896621452,0.165,2.5366040048312986,2.8478690001230045
87.39999999999931,-2.0878276673183587,5825.538334287148,65.77769738059841,-0.1745,75.37771507516759,-8.103579631061432,0.165,2.5366040048312986,2.8478690001230045
87.4999999999993,-2.0884016539506542,5833.076650659378,64.96729670944276,-0.1745,75.38861236943733,-8.10443379205143,0.165,2.5366040048312986,2.8478690001230045
87.5999999999993,-1.9077824387452376,5840.616054434877,64.15681079964119,-0.1745,75.39946314052898,-8.105284403979894,0.165,2.5366040048312986,2.8478690001230045
87.69999999999929,-1.9762713948252304,5848.161193007034,63.380298907477645,-0.1495,75.50330830262165,-7.424953439291015,0.495,2.5366040048312986,2.8478690001230045
87.79999999999929,-2.0193181593287486,5855.7100364632615,62.62501426214886,-0.1745,75.47356082192536,-7.680739467284717,0.165,2.5366040048312986,2.8478690001230045
87.89999999999928,-2.046445455569734,5863.256670979404,61.848927171883275,-0.1745,75.45912950090961,-7.841002338026965,0.165,2.5366040048312986,2.8478690001230045
87.99999999999928,-2.0636168691752363,5870.802335620541,61.05980177365558,-0.1745,75.45416332185117,-7.941505626526918,0.165,2.5366040048312986,2.8478690001230045
88.09999999999927,-2.0745643102620566,5878.347796818006,60.26249472109364,-0.1745,75.45506062744832,-8.004635424711905,0.165,2.5366040048312986,2.8478690001230045
88.19999999999926,-1.9007787994593672,5885.8935294370085,59.46004305920906,-0.1745,75.45959175260992,-8.044397812979572,0.165,2.5366040048312986,2.8478690001230045
88.29999999999926,-1.9731629797727464,5893.4461900362485,58.688194613645756,-0.1495,75.59362023218192,-7.392571098286526,0.8300000000000001,2.5366040048312986,2.8478690001230045
88.39999999999925,-2.018619108639665,5901.003925384567,57.93540408613978,-0.1745,75.56108673419469,-7.663239451832982,0.165,2.5366040048312986,2.8478690001230045
88.49999999999925,-2.0472365719104877,5908.559220587763,57.16060778179765,-0.1745,75.54481732972275,-7.8326866350096696,0.165,2.5366040048312986,2.8478690001230045
88.59999999999924,-2.0653300468505016,5916.113390854467,56.37203088310249,-0.1745,75.53858800436456,-7.938851338893593,0.165,2.5366040048312986,2.8478690001230045
88.69999999999924,-2.07684867634479,5923.667248929167,55.57481503256154,-0.1745,75.53857348962816,-8.00546567192541,0.165,2.5366040048312986,2.8478690001230045
88.79999999999923,-2.0842608928149646,5931.221298034059,54.77217334272688,-0.1745,75.54240860822084,-8.047368124767804,0.165,2.5366040048312986,2.8478690001230045
88.89999999999922,-2.089109021941557,5938.7758497382965,53.96611328894756,-0.1745,75.5486254765235,-8.073832950818538,0.165,2.5366040048312986,2.8478690001230045
88.99999999999922,-2.0923564788324516,5946.33109656171,53.15788889145665,-0.1745,75.5563109917581,-8.090654998999742,0.165,2.5366040048312986,2.8478690001230045
89.09999999999921,-2.0946049400216564,5953.887156929688,52.34828342783455,-0.1745,75.56489636780358,-8.10145427344224,0.165,2.5366040048312986,2.8478690001230045
89.1999999999992,-2.096230107846266,5961.4441030989865,51.537786125366516,-0.1745,75.57402701816937,-8.108491775918532,0.165,2.5366040048312986,2.8478690001230045
89.2999999999992,-2.0974665498134386,5969.001978540049,50.72670256170574,-0.1745,75.58348180309109,-8.113179497296937,0.165,2.5366040048312986,2.8478690001230045
89.3999999999992,-2.0984607000657824,5976.560808769855,49.91522363090693,-0.1745,75.59312279301784,-8.116399118679372,0.165,2.5366040048312986,2.8478690001230045
89.49999999999919,-1.281701517399016,5984.12060810803,49.10346861866936,-0.1745,75.60286397048463,-8.118701126072043,0.165,2.5366040048312986,2.8478690001230045
89.59999999999918,-1.5882362553952813,5991.679388465393,48.44735777731467,-0.06225,75.57274317676097,-5.003515701021735,0.495,2.5366040048312986,2.8478690001230045
89.69999999999918,-1.7810255412212062,5999.22759908284,47.88960040556759,-0.1745,75.39146917219405,-6.151631733919798,0.165,2.5366040048312986,2.8478690001230045
89.79999999999917,-1.9022454970373084,6006.761453360945,47.23841301595158,-0.1745,75.28561638989677,-6.872116058400381,0.165,2.5366040048312986,2.8478690001230045
89.89999999999917,-1.978489916881948,6014.286985043748,46.528588568907885,-0.1745,75.22501726617779,-7.324372882473516,0.165,2.5366040048312986,2.8478690001230045
89.99999999999916,-1.2144531021645857,6021.807835855039,45.781954711802015,-0.1745,75.19199895964145,-7.608304259643848,0.165,2.5366040048312986,2.8478690001230045
90.09999999999916,-1.5462768748734457,6029.327399083948,45.16580215266219,-0.06225,75.19926561852611,-4.714746923152758,0.8300000000000001,2.5366040048312986,2.8478690001230045
90.19999999999915,-1.7556861900677991,6036.83754921746,44.632487077931096,-0.1745,75.00373705171137,-5.951554571469129,0.165,2.5366040048312986,2.8478690001230045
90.29999999999914,-1.887790660710974,6044.3322225308975,43.99839443366526,-0.1745,74.88972921703304,-6.730298313847508,0.165,2.5366040048312986,2.8478690001230045
90.39999999999914,-1.971140088342496,6051.817940190399,43.30083900268589,-0.1745,74.82462397300485,-7.22081030573991,0.165,2.5366040048312986,2.8478690001230045
90.49999999999913,-2.0237745961983262,6059.298639030272,42.56330718837001,-0.1745,74.78935282446044,-7.529825980577724,0.165,2.5366040048312986,2.8478690001230045
90.59999999999913,-2.0570755408954433,6066.776730271611,41.800586952362124,-0.1745,74.77247200231562,-7.724578739580016,0.165,2.5366040048312986,2.8478690001230045
90.69999999999912,-2.0782144790449313,6074.2537036967415,41.021986743972505,-0.1745,74.76699650029822,-7.847425428212368,0.165,2.5366040048312986,2.8478690001230045
90.79999999999912,-2.09170626381092,6081.730484345585,40.233363530173236,-0.1745,74.76861647657452,-7.925038847772972,0.165,2.5366040048312986,2.8478690001230045
90.89999999999911,-2.100391413072985,6089.207647890202,39.43840125679182,-0.1745,74.77465441576533,-7.9742066198554,0.165,2.5366040048312986,2.8478690001230045
90.9999999999991,-2.106056227065552,6096.685552597474,38.63941642385819,-0.1745,74.78343972968723,-8.005490038817284,0.165,2.5366040048312986,2.8478690001230045
91.0999999999991,-2.109823674343686,6104.1644209493625,37.83786537118399,-0.1745,74.79392730807422,-8.025531014666754,0.165,2.5366040048312986,2.8478690001230045
91.1999999999991,-2.1123995387041306,6111.644390428929,37.03466354801682,-0.1745,74.80546228326392,-8.038505448676503,0.165,2.5366040048312986,2.8478690001230045
91.29999999999909,-2.1142273154743725,6119.125545239776,36.230386363399035,-0.1745,74.81763393367535,-8.047038243679207,0.165,2.5366040048312986,2.8478690001230045
91.39999999999908,-2.1155856384986,6126.607936163502,35.42539549740938,-0.1745,74.83018454084572,-8.052779076113888,0.165,2.5366040048312986,2.8478690001230045
91.49999999999908,-2.116649538786202,6134.091593009032,34.61991831547822,-0.1745,74.84295236976311,-8.05676456250934,0.165,2.5366040048312986,2.8478690001230045
91.59999999999907,-2.1175289517966185,6141.576532424275,33.81409778736755,-0.1745,74.85583593508262,-8.059645999704125,0.165,2.5366040048312986,2.8478690001230045
91.69999999999906,-2.1182929182345442,6149.062762800202,33.00802386029982,-0.1745,74.86877158346176,-8.061832541650459,0.165,2.5366040048312986,2.8478690001230045
91.79999999999906,-2.119573363591304,6156.550287350427,32.20175317342527,-0.1745,74.88171942104655,-8.063581195840646,0.165,2.5366040048312986,2.8478690001230045
91.89999999999905,-2.119906104322529,6164.040730987528,31.395034978476332,-0.1745,74.9271533209753,-8.070782703138022,0.495,2.5366040048312986,2.8478690001230045
91.99999999999905,-2.120328731130873,6171.534093855729,30.587951239594524,-0.1745,74.94010404304909,-8.070892074498097,0.165,2.5366040048312986,2.8478690001230045
92.09999999999904,-2.1208081252715103,6179.028746496167,29.780840202474565,-0.1745,74.95294876569125,-8.071328667901128,0.165,2.5366040048312986,2.8478690001230045
92.19999999999904,-2.121323503969389,6186.5246792828375,28.973675314498546,-0.1745,74.96570696772868,-8.071969091619241,0.165,2.5366040048312986,2.8478690001230045
92.29999999999903,-2.1218618265514038,6194.021884179025,28.166440064427384,-0.1745,74.9783909560088,-8.072735909803972,0.165,2.5366040048312986,2.8478690001230045
92.39999999999903,-2.122414910828229,6201.520354153548,27.359124242247994,-0.1745,74.99100853446741,-8.073580533783845,0.165,2.5366040048312986,2.8478690001230045
92.49999999999902,-2.1229776231971167,6209.0200828142815,26.55172159151805,-0.1745,75.00356468018725,-8.07447248081501,0.165,2.5366040048312986,2.8478690001230045
92.59999999999901,-2.123546742778701,6216.521064178077,25.744228335919598,-0.1745,75.01606259571948,-8.075392631154054,0.165,2.5366040048312986,2.8478690001230045
92.69999999999901,-2.1241202486401343,6224.023292526347,24.936642254584193,-0.1745,75.02850436969584,-8.076328995554066,0.165,2.5366040048312986,2.8478690001230045
92.799999999999,-2.1246968725595035,6231.526762314406,24.128962101865604,-0.1745,75.04089139148606,-8.077274058817745,0.165,2.5366040048312986,2.8478690001230045
92.899999999999,-2.125275818434516,6239.031468114553,23.32118724328945,-0.1745,75.05322461144185,-8.078223112705333,0.165,2.5366040048312986,2.8478690001230045
92.99999999999899,-2.125856586260379,6246.5374045803355,22.513317427162395,-0.1745,75.06550470421088,-8.079173209835798,0.165,2.5366040048312986,2.8478690001230045
93.09999999999899,-2.1270264856554166,6254.044566424107,21.705352641304145,-0.1745,75.07773217121203,-8.080122507329195,0.165,2.5366040048312986,2.8478690001230045
93.19999999999898,-2.127296417455547,6261.554573345139,20.897006557194494,-0.1745,75.12240624943531,-8.086799174863792,0.495,2.5366040048312986,2.8478690001230045
93.29999999999897,-2.1276852981246526,6269.06742232889,20.088338839732156,-0.1745,75.13457342558007,-8.086555174383005,0.165,2.5366040048312986,2.8478690001230045
93.39999999999897,-2.128149048267774,6276.581482039451,19.279673667994388,-0.1745,75.1466207856418,-8.086748260372401,0.165,2.5366040048312986,2.8478690001230045
93.49999999999896,-2.128660051659593,6284.096741791579,18.470975567020993,-0.1745,75.15857425692917,-8.08721375909546,0.165,2.5366040048312986,2.8478690001230045
93.59999999999896,-2.1292010077686703,6291.613193012609,17.662222454465127,-0.1745,75.17045016368162,-8.087848492021884,0.165,2.5366040048312986,2.8478690001230045
93.69999999999895,-2.129761079197269,6299.130828461323,16.853400638892534,-0.1745,75.18225881059205,-8.088587819429954,0.165,2.5366040048312986,2.8478690001230045
93.79999999999895,-2.1303334775393217,6306.64964173833,16.044501685350006,-0.1745,75.19400672952868,-8.089391251420594,0.165,2.5366040048312986,2.8478690001230045
93.89999999999894,-2.13091395074011,6314.169626979201,15.235520451289393,-0.1745,75.20569808789428,-8.090233429791686,0.165,2.5366040048312986,2.8478690001230045
93.99999999999893,-2.1314998354042163,6321.690778662162,14.426453855971136,-0.1745,75.21733557132873,-8.09109847657343,0.165,2.5366040048312986,2.8478690001230045
94.09999999999893,-2.132089463109104,6329.2130914875725,13.617300109506493,-0.1745,75.22892093688095,-8.091976452719422,0.165,2.5366040048312986,2.8478690001230045
94.19999999999892,-2.1326817885231657,6336.736560302398,12.808058229906784,-0.1745,75.24045535963003,-8.092861139274758,0.165,2.5366040048312986,2.8478690001230045
94.29999999999892,-2.1332761564833556,6344.261180052872,11.998727740578701,-0.1745,75.25193964985687,-8.0937486472869,0.165,2.5366040048312986,2.8478690001230045
94.39999999999891,-2.133872156122032,6351.7869457548195,11.189308480864089,-0.1745,75.26337438909647,-8.094636547005354,0.165,2.5366040048312986,2.8478690001230045
94.4999999999989,-2.134469529519209,6359.313852475042,10.379800487392066,-0.1745,75.27476001536277,-8.095523322435094,0.165,2.5366040048312986,2.8478690001230045
94.5999999999989,-2.135068114504848,6366.841895319637,9.5702039197845,-0.1745,75.28609687652931,-8.096408029716219,0.165,2.5366040048312986,2.8478690001230045
94.6999999999989,-2.135667808847715,6374.371069426651,8.76051901413952,-0.1745,75.29738526376131,-8.09729008318338,0.165,2.5366040048312986,2.8478690001230045
94.79999999999889,-2.136268547836378,6381.901369961462,7.950746053910458,-0.1745,75.30862543245227,-8.098169121397868,0.165,2.5366040048312986,2.8478690001230045
94.89999999999888,-2.136870290245458,6389.432792113851,7.140885351677262,-0.1745,75.31981761533429,-8.099044923266051,0.165,2.5366040048312986,2.8478690001230045
94.99999999999888,-1.956906018152123,6396.965331096152,6.330937237737787,-0.1745,75.33096203068716,-8.099917355523454,0.165,2.5366040048312986,2.8478690001230045
95.09999999999887,-2.025061059500955,6404.5052813679795,5.554648236188621,-0.1495,75.46804340586125,-7.425862675459867,0.8300000000000001,2.5366040048312986,2.8478690001230045
95.19999999999887,-2.0679217898003843,6412.05061791079,4.799345986384282,-0.1745,75.4386874503484,-7.680182320626913,0.165,2.5366040048312986,2.8478690001230045
95.29999999999886,-2.0949512048785834,6419.593779630985,4.023358025517283,-0.1745,75.42454695355799,-7.839576896713056,0.165,2.5366040048312986,2.8478690001230045
95.39999999999885,-2.112077129635813,6427.135997588261,3.2344007173466665,-0.1745,75.4198121919534,-7.93956926669928,0.165,2.5366040048312986,2.8478690001230045
95.49999999999885,-2.1230101296707353,6434.678033478905,2.4373021958006964,-0.1745,75.42090562091987,-8.002401164220116,0.165,2.5366040048312986,2.8478690001230045
95.59999999999884,-2.130071658113441,6442.220359348306,1.635082523109072,-0.1745,75.42561176712215,-8.041992289612372,0.165,2.5366040048312986,2.8478690001230045
95.69999999999884,-2.1347135627514007,6449.763267627701,0.8296303650789152,-0.1745,75.43255382075711,-8.067050870990766,0.165,2.5366040048312986,2.8478690001230045
95.79999999999883,-10000.0,6457.306939034441,0.022126658462663817,-0.1745,75.44087431404549,-8.083023261334262,0.165,2.5366040048312986,2.8478690001230045
