t,reward,x,y,theta,vx,vy,throttle,wind_vx,wind_vy
0.0,0.0,185.12140388808663,549.1966976136998,-0.002276759842930451,42.48816779576342,1.9707826356277303,0.5,-0.3835369338762958,1.5314491511363262
0.1,-0.936731491853394,185.12140388808663,549.1966976136998,-0.002276759842930451,42.48816779576342,1.9707826356277303,0.5,-0.3835369338762958,1.5314491511363262
0.2,-0.16544451145950548,189.3684485803917,549.355426392164,-0.027276759842930452,42.45272605033801,1.2037929336557869,0.165,-0.3835369338762958,1.5314491511363262
0.30000000000000004,-0.33286359193205267,193.6064380572463,549.3939968009928,-0.13952675984293045,42.307063486753385,-0.43238475707812096,0.165,-0.3835369338762958,1.5314491511363262
0.4,-0.9845475626522665,197.8347306723495,549.2981096991776,-0.11452675984293045,42.258788815311085,-1.4853572792248855,0.165,-0.3835369338762958,1.5314491511363262
0.5,-1.495649956991705,202.05489659210244,549.0809343521423,-0.1745,42.14452957974759,-2.858149661482312,0.165,-0.3835369338762958,1.5314491511363262
0.6,-1.8950019744031157,206.26646411676901,548.741204167935,-0.1745,42.086820913583914,-3.936454022662065,0.165,-0.3835369338762958,1.5314491511363262
0.7,-2.205903338429475,210.474283024874,548.3052114287397,-0.1745,42.069557248515906,-4.783400761245756,0.165,-0.3835369338762958,1.5314491511363262
0.7999999999999999,-2.447061062017806,214.68184679539726,547.7936411159355,-0.1745,42.08171816194902,-5.448005494836683,0.165,-0.3835369338762958,1.5314491511363262
0.8999999999999999,-2.6334060405993585,218.89171138634023,547.2227986640399,-0.1745,42.115573656910335,-5.9688435430743665,0.165,-0.3835369338762958,1.5314491511363262
0.9999999999999999,-2.7767941995911176,223.1057696845735,546.6055340591191,-0.1745,42.16559230775495,-6.3764485553423365,0.165,-0.3835369338762958,1.5314491511363262
1.0999999999999999,-2.3910245824349023,227.32543682635588,545.9519605620269,-0.1745,42.22775052789303,-6.695021386503159,0.165,-0.3835369338762958,1.5314491511363262
1.2,-2.5887075035429574,231.54869280274403,545.3240585860954,-0.06225,42.23736899986975,-5.863018132126794,0.495,-0.3835369338762958,1.5314491511363262
1.3,-2.740863607050557,235.77474343005815,544.7161447194449,-0.1745,42.28364354641274,-6.295259200882556,0.165,-0.3835369338762958,1.5314491511363262
1.4000000000000001,-2.857437502869839,240.00607391369397,544.0697359144431,-0.1745,42.342966126303864,-6.632916899153894,0.165,-0.3835369338762958,1.5314491511363262
1.5000000000000002,-2.946261954157712,244.24382862461442,543.3932710650961,-0.1745,42.41212809210531,-6.89638008778621,0.165,-0.3835369338762958,1.5314491511363262
1.6000000000000003,-2.5163433042612575,248.48887225848182,542.6933643266152,-0.1745,42.48874458524275,-7.101754681831897,0.165,-0.3835369338762958,1.5314491511363262
1.7000000000000004,-2.682933247720485,252.73637612240023,542.0302122397961,-0.06225,42.46133269312519,-6.161287054550877,0.165,-0.3835369338762958,1.5314491511363262
1.8000000000000005,-2.810646626369957,256.9852401577578,541.3956262186191,-0.1745,42.51594801402611,-6.530433368990136,0.165,-0.3835369338762958,1.5314491511363262
1.9000000000000006,-2.9080565860569605,261.2401136973043,540.7281925166837,-0.1745,42.58152277690428,-6.8182406697168965,0.165,-0.3835369338762958,1.5314491511363262
2.0000000000000004,-2.9818925721645444,265.5019587739384,540.0351602483076,-0.1745,42.65537875577669,-7.042404697804303,0.165,-0.3835369338762958,1.5314491511363262
2.1000000000000005,-3.0374219812485963,269.77150344518145,539.3221967989979,-0.1745,42.73551466908503,-7.2168642883902665,0.165,-0.3835369338762958,1.5314491511363262
2.2000000000000006,-3.0787580849846155,274.0493003023608,538.5937249378505,-0.1745,42.820422474502045,-7.352572934556074,0.165,-0.3835369338762958,1.5314491511363262
2.3000000000000007,-3.1091065080880016,278.3357693323143,537.8531903737515,-0.1745,42.908958124568144,-7.458118347424751,0.165,-0.3835369338762958,1.5314491511363262
2.400000000000001,-3.1309612648841565,282.6312296917411,537.1032734977507,-0.1745,43.00024906396702,-7.54021917259153,0.165,-0.3835369338762958,1.5314491511363262
2.500000000000001,-3.146259876622076,286.93592349577176,536.3460564480514,-0.1745,43.09362701664632,-7.6041218213943464,0.165,-0.3835369338762958,1.5314491511363262
2.600000000000001,-3.156505601509453,291.25003377192206,535.5831545465275,-0.1745,43.18857850635923,-7.653916209085473,0.165,-0.3835369338762958,1.5314491511363262
2.700000000000001,-3.162863425615221,295.57369809850894,534.8158194376466,-0.1745,43.28470802537794,-7.692785968531605,0.165,-0.3835369338762958,1.5314491511363262
2.800000000000001,-3.166235239618829,299.9070190179639,534.0450198382518,-0.1745,43.38171036372096,-7.723206019363132,0.165,-0.3835369338762958,1.5314491511363262
2.9000000000000012,-3.16731858055039,304.2500720193082,533.2715046335317,-0.1745,43.47934966316541,-7.747098075039936,0.165,-0.3835369338762958,1.5314491511363262
3.0000000000000013,-3.051832239042438,308.60291167575144,532.4958520942643,-0.1745,43.577443465699616,-7.765952710308776,0.165,-0.3835369338762958,1.5314491511363262
3.1000000000000014,-3.0771888553611983,312.96552842091245,531.7314374938977,-0.1495,43.67489143752019,-7.522339297020815,0.165,-0.3835369338762958,1.5314491511363262
3.2000000000000015,-3.0951801765393547,317.3375801865711,530.9756119806067,-0.1745,43.766143875651785,-7.594170968800033,0.165,-0.3835369338762958,1.5314491511363262
3.3000000000000016,-3.1075156033390474,321.71884908772904,530.2134070253571,-0.1745,43.859234147507586,-7.649928136190955,0.165,-0.3835369338762958,1.5314491511363262
3.4000000000000017,-3.1155145588089814,326.10949567204347,529.4462462512986,-0.1745,43.9536975387807,-7.693287344980439,0.165,-0.3835369338762958,1.5314491511363262
3.5000000000000018,-3.120194362029194,330.5096394155229,528.6752271303385,-0.1745,44.049177330808185,-7.72709507422161,0.165,-0.3835369338762958,1.5314491511363262
3.600000000000002,-3.122338626686081,334.91936824589544,527.9011947527854,-0.1745,44.14539927664257,-7.753552476841072,0.165,-0.3835369338762958,1.5314491511363262
3.700000000000002,-3.122550393591552,339.3387458242438,527.124799137641,-0.1745,44.24215229032409,-7.774359826046507,0.165,-0.3835369338762958,1.5314491511363262
3.800000000000002,-3.121293334489206,343.7678171267599,526.3465396871034,-0.1745,44.3392737599974,-7.790829184708004,0.165,-0.3835369338762958,1.5314491511363262
3.900000000000002,-3.1189236589556275,348.20661273137824,525.5667996224383,-0.1745,44.43663833236965,-7.803972108593373,0.165,-0.3835369338762958,1.5314491511363262
4.000000000000002,-3.115714790962482,352.65515211408496,524.7858726271933,-0.1745,44.534149321765014,-7.814567796309039,0.165,-0.3835369338762958,1.5314491511363262
4.100000000000001,-3.1118764322968384,357.11344618590806,524.0039834390999,-0.1745,44.63173211469733,-7.823215965557824,0.165,-0.3835369338762958,1.5314491511363262
4.200000000000001,-3.107569274905557,361.58149924655544,523.2213037495741,-0.1745,44.72932909825055,-7.830377824957739,0.165,-0.3835369338762958,1.5314491511363262
4.300000000000001,-3.1029163448700645,366.0593104892626,522.4379644690911,-0.1745,44.82689575589255,-7.836407784702333,0.165,-0.3835369338762958,1.5314491511363262
4.4,-3.098011741766448,370.5468751600509,521.654065181163,-0.1745,44.92439765987356,-7.84157797385939,0.165,-0.3835369338762958,1.5314491511363262
4.5,-3.0929273660617724,375.0441854507148,520.8696814235659,-0.1745,45.021808153404734,-7.8460971780819575,0.165,-0.3835369338762958,1.5314491511363262
4.6,-3.087718093802742,379.55123118659276,520.0848702919277,-0.1745,45.11910656415408,-7.850125454682608,0.165,-0.3835369338762958,1.5314491511363262
4.699999999999999,-3.082425754060256,384.06800035616646,519.2996747490705,-0.1745,45.21627682731964,-7.853785402460536,0.165,-0.3835369338762958,1.5314491511363262
4.799999999999999,-3.0770821839671547,388.59447951876115,518.5141269366876,-0.1745,45.31330642457453,-7.857170845198083,0.165,-0.3835369338762958,1.5314491511363262
4.899999999999999,-3.0717115736437313,393.130654118323,517.7282507185593,-0.1745,45.4101855666621,-7.860353517367978,0.165,-0.3835369338762958,1.5314491511363262
4.999999999999998,-3.066332264850176,397.67650872485257,516.9420636322928,-0.1745,45.50690656392978,-7.863388207959628,0.165,-0.3835369338762958,1.5314491511363262
5.099999999999998,-3.0609581297047272,402.2320272201393,516.155578386133,-0.1745,45.6034633418042,-7.86631671523602,0.165,-0.3835369338762958,1.5314491511363262
5.1999999999999975,-3.055599626812751,406.7971929406303,515.3688040061113,-0.1745,45.69985106801524,-7.869170885198797,0.165,-0.3835369338762958,1.5314491511363262
5.299999999999997,-3.0502646097558244,411.3719887873283,514.5817467146273,-0.1745,45.7960658659453,-7.8719749444799305,0.165,-0.3835369338762958,1.5314491511363262
5.399999999999997,-3.0449589456044928,415.95639731034186,513.794410602888,-0.1745,45.89210459432579,-7.874747290306719,0.165,-0.3835369338762958,1.5314491511363262
5.4999999999999964,-3.039759661330366,420.5504007739591,513.0067981452233,-0.1745,45.98796467801922,-7.877501862985041,0.165,-0.3835369338762958,1.5314491511363262
5.599999999999996,-3.034032696020117,425.15560614899107,512.2186241262033,-0.1745,46.11614282262069,-7.885978517416335,0.495,-0.3835369338762958,1.5314491511363262
5.699999999999996,-3.0284690627228232,429.77199950244886,511.42994713421706,-0.1745,46.21172424653565,-7.887561322308366,0.165,-0.3835369338762958,1.5314491511363262
5.799999999999995,-3.023040233842922,434.3979399753281,510.6410972757349,-0.1745,46.3070852110491,-7.889435847334533,0.165,-0.3835369338762958,1.5314491511363262
5.899999999999995,-3.017724466992267,439.0334058879902,509.8520485990283,-0.1745,46.402233042193956,-7.891537686797806,0.165,-0.3835369338762958,1.5314491511363262
5.999999999999995,-3.0125051771172324,443.6783761979066,509.06278082462785,-0.1745,46.49717315613254,-7.893817801211767,0.165,-0.3835369338762958,1.5314491511363262
6.099999999999994,-3.0073696970258483,448.3328303314353,508.2732779918819,-0.1745,46.59190951444184,-7.896238853706509,0.165,-0.3835369338762958,1.5314491511363262
6.199999999999994,-3.0023083342185974,452.99674805577206,507.4835274284678,-0.1745,46.68644497229359,-7.898772414575386,0.165,-0.3835369338762958,1.5314491511363262
6.299999999999994,-2.9973136536281904,457.6701093816127,506.69351896626176,-0.1745,46.780781544518625,-7.901396829545857,0.165,-0.3835369338762958,1.5314491511363262
6.399999999999993,-2.9923799324928178,462.352894489277,505.90324434502503,-0.1745,46.874920608767894,-7.904095595188692,0.165,-0.3835369338762958,1.5314491511363262
6.499999999999993,-2.987502746307413,467.0450836727417,505.1126967591863,-0.1745,46.96886306052653,-7.9068561215862365,0.165,-0.3835369338762958,1.5314491511363262
6.5999999999999925,-2.9826786545276898,471.74665729733323,504.32187051358017,-0.1745,47.06260943130364,-7.909668790535863,0.165,-0.3835369338762958,1.5314491511363262
6.699999999999992,-2.9779049621406486,476.45759576783234,503.5307607620959,-0.1745,47.15615997867901,-7.912526239149498,0.165,-0.3835369338762958,1.5314491511363262
6.799999999999992,-2.97317953889881,481.1778795045091,502.739363309376,-0.1745,47.24951475485654,-7.915422815248364,0.165,-0.3835369338762958,1.5314491511363262
6.8999999999999915,-2.968500682355436,485.9074889251927,501.9476744604328,-0.1745,47.34267365881496,-7.918354163616184,0.165,-0.3835369338762958,1.5314491511363262
6.999999999999991,-2.963867014149782,490.6464044319309,501.15569090665866,-0.1745,47.435636475948996,-7.921316911865711,0.165,-0.3835369338762958,1.5314491511363262
7.099999999999991,-2.959277401517147,495.3946064011372,500.3634096394611,-0.1745,47.528402908177014,-7.924308432085746,0.165,-0.3835369338762958,1.5314491511363262
7.19999999999999,-2.954730897923442,500.15207517638544,499.5708278848518,-0.1745,47.620972596787915,-7.9273266601012145,0.165,-0.3835369338762958,1.5314491511363262
7.29999999999999,-2.950226698190152,504.91879106321295,498.7779430539214,-0.1745,47.71334513976202,-7.930369958506409,0.165,-0.3835369338762958,1.5314491511363262
7.39999999999999,-2.9457641045915977,509.6947343254455,497.9847527053493,-0.1745,47.805520104889105,-7.933437012934951,0.165,-0.3835369338762958,1.5314491511363262
7.499999999999989,-2.9413425012553502,514.4798851826746,497.1912545170251,-0.1745,47.89749703969198,-7.936526753550123,0.165,-0.3835369338762958,1.5314491511363262
7.599999999999989,-2.936961334842011,519.2742238086054,496.39744626456456,-0.1745,47.98927547892372,-7.939638295660481,0.165,-0.3835369338762958,1.5314491511363262
7.699999999999989,-2.932620099970882,524.0777303300628,495.6033258050401,-0.1745,48.08085495022332,-7.9427708948294375,0.165,-0.3835369338762958,1.5314491511363262
7.799999999999988,-2.928318328230314,528.8903848264927,494.8088910646505,-0.1745,48.172234978374284,-7.945923912962003,0.165,-0.3835369338762958,1.5314491511363262
7.899999999999988,-2.9240555798939334,533.7121673298366,494.0141400293674,-0.1745,48.26341508850443,-7.949096792699899,0.165,-0.3835369338762958,1.5314491511363262
7.999999999999988,-2.919831437678165,538.543057824686,493.21907073782734,-0.1745,48.35439480848354,-7.952289038101084,0.165,-0.3835369338762958,1.5314491511363262
8.099999999999987,-2.915645502038715,543.3830362486459,492.4236812759188,-0.1745,48.445173670713885,-7.955500200069752,0.165,-0.3835369338762958,1.5314491511363262
8.199999999999987,-2.9114973876266004,548.2320824928547,491.62796977264657,-0.1745,48.53575121346144,-7.958729865375002,0.165,-0.3835369338762958,1.5314491511363262
8.299999999999986,-2.9073867206173256,553.0901764026198,490.8319343969589,-0.1745,48.62612698184001,-7.961977648378761,0.165,-0.3835369338762958,1.5314491511363262
8.399999999999986,-2.903313136697143,557.9572977781385,490.03557335529956,-0.1745,48.716300528533125,-7.965243184807763,0.165,-0.3835369338762958,1.5314491511363262
8.499999999999986,-2.8992762795435163,562.8334263752811,489.23888488970584,-0.1745,48.80627141431805,-7.968526127066713,0.165,-0.3835369338762958,1.5314491511363262
8.599999999999985,-2.8954501975917597,567.718541906419,488.4418672763169,-0.1745,48.89603920844056,-7.971826140712751,0.165,-0.3835369338762958,1.5314491511363262
8.699999999999985,-2.8910251659942987,572.6142489835102,487.64423235819925,-0.1745,49.01810233338337,-7.98087222163956,0.495,-0.3835369338762958,1.5314491511363262
8.799999999999985,-2.886758097730582,577.5205311562607,486.8460362514595,-0.1745,49.10754112162936,-7.983049913154856,0.165,-0.3835369338762958,1.5314491511363262
8.899999999999984,-2.8827998817477023,582.4357450117342,486.0476066490929,-0.1745,49.19673598784033,-7.985542134176971,0.165,-0.3835369338762958,1.5314491511363262
8.999999999999984,-2.878303778733928,587.3614915828601,485.2486294644523,-0.1745,49.318195434679815,-7.994001558635996,0.495,-0.3835369338762958,1.5314491511363262
9.099999999999984,-2.8740145030655375,592.2977516924286,484.449141522273,-0.1745,49.40700675668978,-7.995757284948948,0.165,-0.3835369338762958,1.5314491511363262
9.199999999999983,-2.869887169718032,597.2428798408745,483.64945610866215,-0.1745,49.49555621222794,-7.997950987268321,0.165,-0.3835369338762958,1.5314491511363262
9.299999999999983,-2.8658883658654872,602.1968505424414,482.8495348806043,-0.1745,49.583857819111785,-8.000473573888154,0.165,-0.3835369338762958,1.5314491511363262
9.399999999999983,-2.8619932138746123,607.1596395303301,482.0493490114564,-0.1745,49.67192193866134,-8.003243809070748,0.165,-0.3835369338762958,1.5314491511363262
9.499999999999982,-2.8581831826893445,612.1312234375062,481.24887676008103,-0.1745,49.75975620486048,-8.006201218436367,0.165,-0.3835369338762958,1.5314491511363262
9.599999999999982,-2.8544444578498176,617.1115795587185,480.44810165954215,-0.1745,49.847366219385734,-8.00930079234085,0.165,-0.3835369338762958,1.5314491511363262
9.699999999999982,-2.850766728266128,622.1006856732425,479.6470111682318,-0.1745,49.93475607109543,-8.012509033866147,0.165,-0.3835369338762958,1.5314491511363262
9.799999999999981,-2.8471422837215643,627.0985199129987,478.8455956659481,-0.1745,50.02192872402585,-8.015801011808186,0.165,-0.3835369338762958,1.5314491511363262
9.89999999999998,-2.8435653439177813,632.1050606645484,478.043847707138,-0.1745,50.10888630696994,-8.019158164393465,0.165,-0.3835369338762958,1.5314491511363262
9.99999999999998,-2.8400315599528336,637.1202864963694,477.2417614657454,-0.1745,50.19563032945101,-8.022566663458466,0.165,-0.3835369338762958,1.5314491511363262
10.09999999999998,-2.8365376441361234,642.1441761049764,476.4393323227325,-0.1745,50.28216184268873,-8.026016196799105,0.165,-0.3835369338762958,1.5314491511363262
10.19999999999998,-2.8330810952638146,647.176708275085,475.6365565597757,-0.1745,50.36848155948489,-8.029499062336466,0.165,-0.3835369338762958,1.5314491511363262
10.29999999999998,-2.829659994857731,652.2178618502319,474.8334311319262,-0.1745,50.454589943451104,-8.033009494654067,0.165,-0.3835369338762958,1.5314491511363262
10.399999999999979,-2.826272856125483,657.267615711173,474.0299534989636,-0.1745,50.540487275371675,-8.036543164598063,0.165,-0.3835369338762958,1.5314491511363262
10.499999999999979,-2.8229185120654723,662.3259487600678,473.22612150034917,-0.1745,50.62617370252519,-8.040096807690988,0.165,-0.3835369338762958,1.5314491511363262
10.599999999999978,-2.8195960326190472,667.3928399089598,472.42193326254636,-0.1745,50.711649275313405,-8.043667948365233,0.165,-0.3835369338762958,1.5314491511363262
10.699999999999978,-2.816304663363921,672.4682680714476,471.6173871303566,-0.1745,50.7969139744422,-8.047254695429983,0.165,-0.3835369338762958,1.5314491511363262
10.799999999999978,-2.813043780172935,677.5522121567234,470.812481616062,-0.1745,50.88196773107468,-8.050855590461698,0.165,-0.3835369338762958,1.5314491511363262
10.899999999999977,-2.8098128556984694,682.6446510653651,470.00721536176434,-0.1745,50.96681044175967,-8.054469495490684,0.165,-0.3835369338762958,1.5314491511363262
10.999999999999977,-2.8066114346109874,687.745563686427,469.2015871114974,-0.1745,51.05144197947872,-8.058095509847565,0.165,-0.3835369338762958,1.5314491511363262
11.099999999999977,-2.803439115314079,692.8549288954915,468.3955956905733,-0.1745,51.135862201811314,-8.061732908634877,0.165,-0.3835369338762958,1.5314491511363262
11.199999999999976,-2.800295536448136,697.9727255534302,467.58923999028025,-0.1745,51.22007095696178,-8.065381097226243,0.165,-0.3835369338762958,1.5314491511363262
11.299999999999976,-2.797180366932563,703.0989325056884,466.78251895653705,-0.1745,51.30406808820062,-8.069039577637266,0.165,-0.3835369338762958,1.5314491511363262
11.399999999999975,-2.794093298621243,708.2335285819549,465.97543158147096,-0.1745,51.387853437130936,-8.07270792368457,0.165,-0.3835369338762958,1.5314491511363262
11.499999999999975,-2.7910340408867778,713.3764925961157,465.1679768971544,-0.1745,51.471426846084626,-8.076385762646392,0.165,-0.3835369338762958,1.5314491511363262
11.599999999999975,-2.788002316627498,718.5278033464136,464.3601539709356,-0.1745,51.55478815987472,-8.080072761730213,0.165,-0.3835369338762958,1.5314491511363262
11.699999999999974,-2.784997859323365,723.6874396157609,463.5519619019445,-0.1745,51.63793722707138,-8.083768618092371,0.165,-0.3835369338762958,1.5314491511363262
11.799999999999974,-2.7820204108647033,728.8553801721608,462.74339981846583,-0.1745,51.72087390092597,-8.087473051480766,0.165,-0.3835369338762958,1.5314491511363262
11.899999999999974,-2.779069719950036,734.0316037692089,461.9344668759511,-0.1745,51.803598040035105,-8.091185798813441,0.165,-0.3835369338762958,1.5314491511363262
11.999999999999973,-2.776145540902779,739.2160891466513,461.12516225550115,-0.1745,51.88610950881289,-8.094906610185086,0.165,-0.3835369338762958,1.5314491511363262
12.099999999999973,-2.7732476327960454,744.408815030983,460.3154851626956,-0.1745,51.96840817782173,-8.09863524592611,0.165,-0.3835369338762958,1.5314491511363262
12.199999999999973,-2.7703757588039735,749.609760136074,459.50543482667746,-0.1745,52.05049392399882,-8.102371474437154,0.165,-0.3835369338762958,1.5314491511363262
12.299999999999972,-2.630847266498442,754.8189031638142,458.69501049942585,-0.1745,52.13236663080601,-8.106115070594548,0.165,-0.3835369338762958,1.5314491511363262
12.399999999999972,-2.6659267070427473,760.0369077270738,457.90236137696337,-0.1495,52.22772463438461,-7.7468673786547875,0.165,-0.3835369338762958,1.5314491511363262
12.499999999999972,-2.6906689251299385,765.2630677107707,457.12254781580066,-0.1745,52.295475039552564,-7.8494038445998635,0.165,-0.3835369338762958,1.5314491511363262
12.599999999999971,-2.7078923218684183,770.4961812364185,456.33382436603074,-0.1745,52.36679547340419,-7.925065150798976,0.165,-0.3835369338762958,1.5314491511363262
12.69999999999997,-2.719653058081118,775.7365532937365,455.5385146847612,-0.1745,52.44064567295614,-7.981128474591736,0.165,-0.3835369338762958,1.5314491511363262
12.79999999999997,-2.7274497016193555,780.9843992397031,454.73831260590737,-0.1745,52.51627324637482,-8.022913102485353,0.165,-0.3835369338762958,1.5314491511363262
12.89999999999997,-2.7323734650121754,786.2398695473327,453.93445179810664,-0.1745,52.59313290621657,-8.054303053529194,0.165,-0.3835369338762958,1.5314491511363262
12.99999999999997,-2.7352182942104575,791.5030676392664,453.1278300619639,-0.1745,52.67082893245952,-8.07813166932541,0.165,-0.3835369338762958,1.5314491511363262
13.09999999999997,-2.7365614150009456,796.7740627813629,452.31910027461834,-0.1745,52.74907390946922,-8.096464077585264,0.165,-0.3835369338762958,1.5314491511363262
13.199999999999969,-2.736822190151202,802.05289942631,451.50873685537954,-0.1745,52.82765898947373,-8.110804307190511,0.165,-0.3835369338762958,1.5314491511363262
13.299999999999969,-2.736305081345189,807.3396039951889,450.6970842928667,-0.1745,52.90643238810391,-8.122246943066994,0.165,-0.3835369338762958,1.5314491511363262
13.399999999999968,-2.735230979197924,812.6341898043672,449.88439254371684,-0.1745,52.98528379546225,-8.13158803993019,0.165,-0.3835369338762958,1.5314491511363262
13.499999999999968,-2.7337600315706063,817.9366606469956,449.0708428339023,-0.1745,53.064133057104804,-8.139406156360726,0.165,-0.3835369338762958,1.5314491511363262
13.599999999999968,-2.732008264532202,823.2470133971952,448.25656645083734,-0.1745,53.14292194688864,-8.146121504938277,0.165,-0.3835369338762958,1.5314491511363262
13.699999999999967,-2.7300596752815682,828.5652399037172,447.44165842093525,-0.1745,53.22160818354895,-8.152039093103483,0.165,-0.3835369338762958,1.5314491511363262
13.799999999999967,-2.727975024732956,833.8913283667887,446.626187458073,-0.1745,53.3001610778806,-8.157380164142108,0.165,-0.3835369338762958,1.5314491511363262
13.899999999999967,-2.7257982263988403,839.2252643389832,445.8102031951022,-0.1745,53.378558366009045,-8.162305095274183,0.165,-0.3835369338762958,1.5314491511363262
13.999999999999966,-2.7235609858300154,844.5670314525757,444.99374143718904,-0.1745,53.456783905842826,-8.166930062988603,0.165,-0.3835369338762958,1.5314491511363262
14.099999999999966,-2.7212861676334454,849.9166119479597,444.17682797581824,-0.1745,53.5348260018372,-8.171339164427279,0.165,-0.3835369338762958,1.5314491511363262
14.199999999999966,-2.7189902376064925,855.2739870574067,443.3594813561805,-0.1745,53.61267618710064,-8.175593228328182,0.165,-0.3835369338762958,1.5314491511363262
14.299999999999965,-2.7166850330156445,860.6391372836788,442.54171488397526,-0.1745,53.690328338341445,-8.179736215776545,0.165,-0.3835369338762958,1.5314491511363262
14.399999999999965,-2.7143790451177634,866.0120426022447,441.72353807982086,-0.1745,53.76777803297712,-8.18379986731111,0.165,-0.3835369338762958,1.5314491511363262
14.499999999999964,-2.7120783477849693,871.392682608012,440.9049577327117,-0.1745,53.84502208236857,-8.187807074872422,0.165,-0.3835369338762958,1.5314491511363262
14.599999999999964,-2.709787269506391,876.7810366217852,440.08597866261397,-0.1745,53.92205819309589,-8.191774327082404,0.165,-0.3835369338762958,1.5314491511363262
14.699999999999964,-2.707508879410086,882.1770837675039,439.2666042721846,-0.1745,53.99888472127626,-8.195713481504571,0.165,-0.3835369338762958,1.5314491511363262
14.799999999999963,-2.563771602289007,887.5808030282906,438.4468369456899,-0.1745,54.07550049445795,-8.199633048390773,0.165,-0.3835369338762958,1.5314491511363262
14.899999999999963,-2.601422283407364,892.9963367508282,437.64564746881285,-0.1495,54.23517395629293,-7.824156489149567,0.8300000000000001,-0.3835369338762958,1.5314491511363262
14.999999999999963,-2.627793675946357,898.4228913493106,436.85764267653707,-0.1745,54.29591801335661,-7.935939356365604,0.165,-0.3835369338762958,1.5314491511363262
15.099999999999962,-2.646071827661861,903.8557283041903,436.0599817730784,-0.1745,54.360821084237365,-8.017278712808082,0.165,-0.3835369338762958,1.5314491511363262
15.199999999999962,-2.658548918335306,909.2952011525002,435.2552815871566,-0.1745,54.428635881960545,-8.07672500562761,0.165,-0.3835369338762958,1.5314491511363262
15.299999999999962,-2.6668724291413364,914.7415566163306,434.4454233256983,-0.1745,54.498473394647654,-8.120440223538266,0.165,-0.3835369338762958,1.5314491511363262
15.399999999999961,-2.672225452950894,920.194965214033,433.6317582877272,-0.1745,54.569698559399775,-8.1528605358832,0.165,-0.3835369338762958,1.5314491511363262
15.499999999999961,-2.6754569368988745,925.6555429950548,432.81525642267724,-0.1745,54.6418570610363,-8.177176765116833,0.165,-0.3835369338762958,1.5314491511363262
15.59999999999996,-2.6771756207315334,931.1233670281665,431.9966134779589,-0.1745,54.71462360119723,-8.19568212925081,0.165,-0.3835369338762958,1.5314491511363262
15.69999999999996,-2.6778177078191865,936.5984864658053,431.1763281951043,-0.1745,54.78776515157929,-8.210023527840912,0.165,-0.3835369338762958,1.5314491511363262
15.79999999999996,-2.677695563557884,942.0809304611873,430.3547578743261,-0.1745,54.86111475606036,-8.221382887723419,0.165,-0.3835369338762958,1.5314491511363262
15.89999999999996,-2.6770327291641167,947.5707138393275,429.5321583355026,-0.1745,54.934552806742445,-8.230607888746848,0.165,-0.3835369338762958,1.5314491511363262
15.99999999999996,-2.6759890764120935,953.0678411616391,428.70871263564084,-0.1745,55.007993639489456,-8.23830610848806,0.165,-0.3835369338762958,1.5314491511363262
16.09999999999996,-2.674678866403222,958.5723096399965,427.88455169197255,-0.1745,55.08137592765986,-8.244912764877187,0.165,-0.3835369338762958,1.5314491511363262
16.19999999999996,-2.6731837054533503,964.0841112260639,427.0597690825405,-0.1745,55.15465579368628,-8.250739423762916,0.165,-0.3835369338762958,1.5314491511363262
16.29999999999996,-2.6715618341864107,969.603234109158,426.2344316615745,-0.1745,55.227801868196224,-8.256008995558354,0.165,-0.3835369338762958,1.5314491511363262
16.399999999999963,-2.525318910532324,975.1296637898628,425.40858716859395,-0.1745,55.30079174589818,-8.260880864052183,0.165,-0.3835369338762958,1.5314491511363262
16.499999999999964,-2.565203983320692,980.667672240176,424.6020920712822,-0.1495,55.45937726036556,-7.869021082182884,0.8300000000000001,-0.3835369338762958,1.5314491511363262
16.599999999999966,-2.5930112813389945,986.2164082469562,423.80921398333606,-0.1745,55.51534287523856,-7.988540676740071,0.165,-0.3835369338762958,1.5314491511363262
16.699999999999967,-2.6122249781965614,991.7709723443355,423.00605042548403,-0.1745,55.57593907234804,-8.074730480300651,0.165,-0.3835369338762958,1.5314491511363262
16.79999999999997,-2.6253302659918636,997.331756985498,422.1954560532863,-0.1745,55.63975375090208,-8.137156963654396,0.165,-0.3835369338762958,1.5314491511363262
16.89999999999997,-2.634098068212953,1002.8990341550168,421.37946548785413,-0.1745,55.70578963947363,-8.182654344988993,0.165,-0.3835369338762958,1.5314491511363262
16.99999999999997,-2.639789262319012,1008.4729906736977,420.5595277684408,-0.1745,55.77334073414575,-8.216100043278296,0.165,-0.3835369338762958,1.5314491511363262
17.099999999999973,-2.6433009004762598,1014.0537530327294,419.73667417196947,-0.1745,55.84190644648783,-8.240971886148138,0.165,-0.3835369338762958,1.5314491511363262
17.199999999999974,-2.64527074842547,1019.6414049300283,418.9116381888613,-0.1745,55.9111314994897,-8.259747776015256,0.165,-0.3835369338762958,1.5314491511363262
17.299999999999976,-2.6461519346666584,1025.2359996860419,418.0849412040207,-0.1745,55.98076362078162,-8.274191920796081,0.165,-0.3835369338762958,1.5314491511363262
17.399999999999977,-2.6462662023155294,1030.8375690495784,417.2569536298273,-0.1745,56.05062364995059,-8.28555956307187,0.165,-0.3835369338762958,1.5314491511363262
17.49999999999998,-2.499022485466803,1036.4461294501957,416.4279384888663,-0.1745,56.12058436239729,-8.294743256148804,0.165,-0.3835369338762958,1.5314491511363262
17.59999999999998,-2.5416963128000223,1042.06277694454,415.6189798919644,-0.1495,56.212365524489556,-7.884428681889143,0.165,-0.3835369338762958,1.5314491511363262
17.69999999999998,-2.571372079366521,1047.68663117697,414.8241183573649,-0.1745,56.264719124107785,-8.012802010100842,0.165,-0.3835369338762958,1.5314491511363262
17.799999999999983,-2.5918471272038,1053.3159763105375,414.0182370361799,-0.1745,56.32218354724172,-8.104824413599028,0.165,-0.3835369338762958,1.5314491511363262
17.899999999999984,-2.605815774136056,1058.9512447686277,413.20444249193724,-0.1745,56.38318561456378,-8.171066471254635,0.165,-0.3835369338762958,1.5314491511363262
17.999999999999986,-2.615187849580003,1064.5927350976274,412.3849371989732,-0.1745,56.446620965431634,-8.219039388026285,0.165,-0.3835369338762958,1.5314491511363262
18.099999999999987,-2.6213159669252386,1070.2406517614584,411.56128147439057,-0.1745,56.51171231118851,-8.254075103625937,0.165,-0.3835369338762958,1.5314491511363262
18.19999999999999,-2.6251573794929044,1075.8951329586412,410.7345799566148,-0.1745,56.57791163246685,-8.279955251888808,0.165,-0.3835369338762958,1.5314491511363262
18.29999999999999,-2.627389078073275,1081.5562701477627,409.90561420230904,-0.1745,56.6448321499643,-8.299359834227134,0.165,-0.3835369338762958,1.5314491511363262
18.39999999999999,-2.6284895391669227,1087.224121791825,409.0749368706871,-0.1745,56.712200731282124,-8.314186798210875,0.165,-0.3835369338762958,1.5314491511363262
18.499999999999993,-2.62879672835252,1092.8987230514008,408.2429385620231,-0.1745,56.77982446023701,-8.325779375070043,0.165,-0.3835369338762958,1.5314491511363262
18.599999999999994,-2.628549220328436,1098.5800926288875,407.4098952119615,-0.1745,56.847567089499556,-8.335087626161494,0.165,-0.3835369338762958,1.5314491511363262
18.699999999999996,-2.627915327858696,1104.2682376045846,406.57600167402745,-0.1745,56.91533242444134,-8.342783132518937,0.165,-0.3835369338762958,1.5314491511363262
18.799999999999997,-2.6270137222799548,1109.9631568550315,405.74139549975706,-0.1745,56.983052584496235,-8.349340352888754,0.165,-0.3835369338762958,1.5314491511363262
18.9,-2.625928021658867,1115.6648434694941,404.9061737673315,-0.1745,57.05067970475708,-8.355094295622848,0.165,-0.3835369338762958,1.5314491511363262
19.0,-2.6247171052079468,1121.3732864581164,404.0704049838818,-0.1745,57.118180067685444,-8.360281373371011,0.165,-0.3835369338762958,1.5314491511363262
19.1,-2.623422401880042,1127.088471959149,403.2341374988768,-0.1745,57.185529952969965,-8.365068326728714,0.165,-0.3835369338762958,1.5314491511363262
19.200000000000003,-2.622073037987347,1132.8103840919355,402.39740544807904,-0.1745,57.25271270275919,-8.369572689226903,0.165,-0.3835369338762958,1.5314491511363262
19.300000000000004,-2.6206894708138115,1138.539005559413,401.560232950653,-0.1745,57.31971664679074,-8.373877259293902,0.165,-0.3835369338762958,1.5314491511363262
19.400000000000006,-2.619286052183227,1144.2743180735476,400.72263707125524,-0.1745,57.3865336359043,-8.378040328661664,0.165,-0.3835369338762958,1.5314491511363262
19.500000000000007,-2.61787283616782,1150.016302655639,399.8846299094367,-0.1745,57.45315800592308,-8.382102907709072,0.165,-0.3835369338762958,1.5314491511363262
19.60000000000001,-2.616456853153602,1155.76493984823,399.04622007271195,-0.1745,57.51958584589646,-8.386093826785107,0.165,-0.3835369338762958,1.5314491511363262
19.70000000000001,-2.6150430073445503,1161.5202098646007,398.20741371456995,-0.1745,57.58581448151794,-8.390033336054524,0.165,-0.3835369338762958,1.5314491511363262
19.80000000000001,-2.61363470868548,1167.282092694207,397.368215265542,-0.1745,57.65184211060751,-8.39393564450421,0.165,-0.3835369338762958,1.5314491511363262
19.900000000000013,-2.612234317570547,1173.050568177038,396.52862794782556,-0.1745,57.71766754601263,-8.397810709824341,0.165,-0.3835369338762958,1.5314491511363262
20.000000000000014,-2.6108434576464528,1178.8256160560566,395.6886541373565,-0.1745,57.78329003435606,-8.401665499557293,0.165,-0.3835369338762958,1.5314491511363262
20.100000000000016,-2.6094632357258702,1184.60721601419,394.8482956184157,-0.1745,57.84870912831334,-8.405504879257888,0.165,-0.3835369338762958,1.5314491511363262
20.200000000000017,-2.608094396318938,1190.3953477004384,394.0075537625695,-0.1745,57.91392459665137,-8.409332237665836,0.165,-0.3835369338762958,1.5314491511363262
20.30000000000002,-2.6067374301675112,1196.1899907483155,393.16642965435904,-0.1745,57.97893636089177,-8.413149926543424,0.165,-0.3835369338762958,1.5314491511363262
20.40000000000002,-2.605392650435536,1201.991124788897,392.32492417953347,-0.1745,58.04374445073782,-8.41695956996814,0.165,-0.3835369338762958,1.5314491511363262
20.50000000000002,-2.6040602461674074,1207.7987294600698,391.48303808694914,-0.1745,58.10834897271841,-8.420762281718611,0.165,-0.3835369338762958,1.5314491511363262
20.600000000000023,-2.6027403197775727,1213.6127844131126,390.6407720319638,-0.1745,58.17275008813748,-8.424558817988247,0.165,-0.3835369338762958,1.5314491511363262
20.700000000000024,-2.4493835878180814,1219.433269317398,389.79812660683376,-0.1745,58.23694799757169,-8.428349684613346,0.165,-0.3835369338762958,1.5314491511363262
20.800000000000026,-2.4943999248106685,1225.263102087754,388.9772985904537,-0.1495,58.35970740954843,-7.988210642987732,0.495,-0.3835369338762958,1.5314491511363262
20.900000000000027,-2.525370335393333,1231.1012702620963,388.1715541504009,-0.1745,58.40365607729507,-8.126678158069168,0.165,-0.3835369338762958,1.5314491511363262
21.00000000000003,-2.5465483526960564,1236.9441266747638,387.35400207417877,-0.1745,58.45347217605447,-8.224363366373142,0.165,-0.3835369338762958,1.5314491511363262
21.10000000000003,-2.5609055546658546,1242.7921649932875,386.5281053950843,-0.1745,58.50729419442022,-8.29357021551647,0.165,-0.3835369338762958,1.5314491511363262
21.20000000000003,-2.5705159863710225,1248.6457215115038,385.69628162754645,-0.1745,58.56383616990284,-8.342905135240501,0.165,-0.3835369338762958,1.5314491511363262
21.300000000000033,-2.576826092347295,1254.5050236798315,384.8602172448402,-0.1745,58.622207196650095,-8.378382518884084,0.165,-0.3835369338762958,1.5314491511363262
21.400000000000034,-2.580843917478146,1260.3702234857517,384.02108802257686,-0.1745,58.68178892175499,-8.404201926383179,0.165,-0.3835369338762958,1.5314491511363262
21.500000000000036,-2.5832715338526597,1266.2414205160405,383.1797132471208,-0.1745,58.74215168402278,-8.423293582737848,0.165,-0.3835369338762958,1.5314491511363262
21.600000000000037,-2.5845976242511144,1272.1186779381612,382.3366635325838,-0.1745,58.80299675839098,-8.437700708001012,0.165,-0.3835369338762958,1.5314491511363262
21.70000000000004,-2.5851621490512624,1278.0020335967538,381.4923361387148,-0.1745,58.8641164134619,-8.44884716938004,0.165,-0.3835369338762958,1.5314491511363262
21.80000000000004,-2.5852014781238686,1283.8915077279546,380.6470075468835,-0.1745,58.92536621055369,-8.457724667245584,0.165,-0.3835369338762958,1.5314491511363262
21.90000000000004,-2.584879866999364,1289.7871083263442,379.8008701367281,-0.1745,58.98664575723748,-8.465023535862057,0.165,-0.3835369338762958,1.5314491511363262
22.000000000000043,-2.584311395413112,1295.688834880191,378.95405775611107,-0.1745,59.04788531969888,-8.471224076479057,0.165,-0.3835369338762958,1.5314491511363262
22.100000000000044,-2.58357524941695,1301.5966809713916,378.10666353779095,-0.1745,59.10903650431357,-8.476660289923661,0.165,-0.3835369338762958,1.5314491511363262
22.200000000000045,-2.5827263609433313,1307.5106360850841,377.25875230715286,-0.1745,59.170065769536656,-8.481564322838675,0.165,-0.3835369338762958,1.5314491511363262
22.300000000000047,-2.5818028113569254,1313.4306868689657,376.410369218682,-0.1745,59.230949908094274,-8.486097446579425,0.165,-0.3835369338762958,1.5314491511363262
22.40000000000005,-1.8888208152808978,1319.3568180094412,375.561545764454,-0.1745,59.29167290141538,-8.490371637979395,0.165,-0.3835369338762958,1.5314491511363262
22.50000000000005,-2.1034566291403167,1325.2837503687595,374.8171703325618,-0.06225,59.24697428495105,-6.397136999866051,0.165,-0.3835369338762958,1.5314491511363262
22.60000000000005,-2.2521737540895357,1331.2065831383477,374.1455401515968,-0.1745,59.20968110681547,-7.035466619434143,0.165,-0.3835369338762958,1.5314491511363262
22.700000000000053,-2.3550002569509285,1337.1272548144489,373.4197544962907,-0.1745,59.20375241520733,-7.48024648668778,0.165,-0.3835369338762958,1.5314491511363262
22.800000000000054,-2.4259276929943447,1343.0483872416212,372.6562301503481,-0.1745,59.2188961282372,-7.7902404321637375,0.165,-0.3835369338762958,1.5314491511363262
22.900000000000055,-2.474710140115142,1348.9717471001481,371.86639530017555,-0.1745,59.248301042300135,-8.006456571286847,0.165,-0.3835369338762958,1.5314491511363262
23.000000000000057,-2.508135830923075,1354.8985319432652,371.05819788997184,-0.1745,59.28739582004191,-8.157491632787144,0.165,-0.3835369338762958,1.5314491511363262
23.10000000000006,-2.5309223377074113,1360.8295558264103,370.2371600887771,-0.1745,59.33308184285962,-8.263264391107908,0.165,-0.3835369338762958,1.5314491511363262
23.20000000000006,-2.546344461791517,1366.7653721291074,369.4071152353937,-0.1745,59.383244211082314,-8.337632676559991,0.165,-0.3835369338762958,1.5314491511363262
23.30000000000006,-2.5566733312781165,1372.7063559701583,368.5707222386275,-0.1745,59.436432609933796,-8.39022725876348,0.165,-0.3835369338762958,1.5314491511363262
23.400000000000063,-2.5634827526269452,1378.6527600667532,367.72982412816606,-0.1745,59.491649321966385,-8.427734950465906,0.165,-0.3835369338762958,1.5314491511363262
23.500000000000064,-2.5678625560400836,1384.6047528618064,366.88569764342895,-0.1745,59.548206579099435,-8.454794744276109,0.165,-0.3835369338762958,1.5314491511363262
23.600000000000065,-2.5705669570432037,1390.5624446747618,366.0392267734629,-0.1745,59.605629680007006,-8.474622655045508,0.165,-0.3835369338762958,1.5314491511363262
23.700000000000067,-2.572117609493633,1396.5259056967839,365.19102330142175,-0.1745,59.66359076043553,-8.489446785777394,0.165,-0.3835369338762958,1.5314491511363262
23.800000000000068,-2.5728751196948307,1402.4951784005457,364.3415104671113,-0.1745,59.72186331480219,-8.50080990043227,0.165,-0.3835369338762958,1.5314491511363262
23.90000000000007,-2.5730886347159347,1408.4702861099308,363.4909809897619,-0.1745,59.780290872901396,-8.509779646554625,0.165,-0.3835369338762958,1.5314491511363262
24.00000000000007,-2.572930203660455,1414.451238922744,362.6396372827629,-0.1745,59.83876538336491,-8.517094493425109,0.165,-0.3835369338762958,1.5314491511363262
24.100000000000072,-2.572518573078062,1420.4380378057829,361.78761930955704,-0.1745,59.89721227740936,-8.523264970692145,0.165,-0.3835369338762958,1.5314491511363262
24.200000000000074,-2.57193565622003,1426.430677426703,360.9350238683349,-0.1745,59.95558014099123,-8.528643853750669,0.165,-0.3835369338762958,1.5314491511363262
24.300000000000075,-2.5712379257523943,1432.429148112299,360.0819179360125,-0.1745,60.013833570926735,-8.533474792697263,0.165,-0.3835369338762958,1.5314491511363262
24.400000000000077,-2.5704642908109627,1438.4334372024875,359.2283478970063,-0.1745,60.07194823284829,-8.53792598742574,0.165,-0.3835369338762958,1.5314491511363262
24.500000000000078,-2.5696415406729054,1444.4435299862587,358.3743459228648,-0.1745,60.12990744257575,-8.54211349540471,0.165,-0.3835369338762958,1.5314491511363262
24.60000000000008,-2.5687881050075663,1450.459410348474,357.5199343802975,-0.1745,60.18769980172889,-8.546117355940995,0.165,-0.3835369338762958,1.5314491511363262
24.70000000000008,-2.567916650102763,1456.4810612167055,356.66512887552057,-0.1745,60.245317562902535,-8.549992739597675,0.165,-0.3835369338762958,1.5314491511363262
24.800000000000082,-1.8628770339130007,1462.508464869833,355.8099403558369,-0.1745,60.30275549964784,-8.553777654075605,0.165,-0.3835369338762958,1.5314491511363262
24.900000000000084,-2.0846276853301586,1468.538096358705,355.06263611521496,-0.06225,60.28987427779175,-6.392307158363437,0.495,-0.3835369338762958,1.5314491511363262
25.000000000000085,-2.2371962450641867,1474.5647619930785,354.38990161183085,-0.1745,60.243438409680294,-7.062382909318699,0.165,-0.3835369338762958,1.5314491511363262
25.100000000000087,-2.341963277157788,1480.5884735224708,353.6604975194883,-0.1745,60.23079217816695,-7.525698937532404,0.165,-0.3835369338762958,1.5314491511363262
25.200000000000088,-2.413751135010143,1486.6120461675844,352.8919056830669,-0.1745,60.24066072410455,-7.846137790894479,0.165,-0.3835369338762958,1.5314491511363262
25.30000000000009,-2.462814595809519,1492.6373616589385,352.096202467178,-0.1745,60.26564910298037,-8.067926526884108,0.165,-0.3835369338762958,1.5314491511363262
25.40000000000009,-2.496236352858104,1498.6656858771732,351.28172280534375,-0.1745,60.30083526171423,-8.221666709800513,0.165,-0.3835369338762958,1.5314491511363262
25.500000000000092,-2.5189015147036296,1504.6978730974522,350.4542140010562,-0.1745,60.342909143866756,-8.328509375951096,0.165,-0.3835369338762958,1.5314491511363262
25.600000000000094,-2.5341757166111516,1510.7344999960799,349.6176356798737,-0.1745,60.38962882868692,-8.403057047698784,0.165,-0.3835369338762958,1.5314491511363262
25.700000000000095,-2.544375621632899,1516.7759548611307,348.77471378834855,-0.1745,60.439468472331434,-8.45538078280336,0.165,-0.3835369338762958,1.5314491511363262
25.800000000000097,-2.551094628173697,1522.8224975965688,347.92732374304296,-0.1745,60.49138623643157,-8.492420123308372,0.165,-0.3835369338762958,1.5314491511363262
25.900000000000098,-2.5558001816393454,1528.8743003724212,347.0767550824496,-0.1745,60.54466928061396,-8.51895308855882,0.165,-0.3835369338762958,1.5314491511363262
26.0000000000001,-2.5581256872760525,1534.9331002413571,346.223607601892,-0.1745,60.63132809810485,-8.543996522592934,0.495,-0.3835369338762958,1.5314491511363262
26.1000000000001,-2.559823367847349,1540.9989710368811,345.36854750919383,-0.1745,60.68608781237422,-8.557205331370879,0.165,-0.3835369338762958,1.5314491511363262
26.200000000000102,-2.560097078432444,1547.071955740366,344.5120323960049,-0.1745,60.773606257325014,-8.573096932408623,0.495,-0.3835369338762958,1.5314491511363262
26.300000000000104,-2.560027233494524,1553.1520761919687,343.6543766879477,-0.1745,60.82880277472879,-8.580017228734869,0.165,-0.3835369338762958,1.5314491511363262
26.400000000000105,-2.5597251494059936,1559.2377147664781,342.7960826764021,-0.1745,60.88396871546133,-8.585863002178142,0.165,-0.3835369338762958,1.5314491511363262
26.500000000000107,-2.559267052379322,1565.32886594165,341.93724099913993,-0.1745,60.93905478797678,-8.590970543064756,0.165,-0.3835369338762958,1.5314491511363262
26.600000000000108,-2.558705111424526,1571.42552004697,341.0779139520394,-0.1745,60.994027318421544,-8.595570398945442,0.165,-0.3835369338762958,1.5314491511363262
26.70000000000011,-2.558075009619709,1577.5276645803542,340.21814440446246,-0.1745,61.048863349265915,-8.599820552593721,0.165,-0.3835369338762958,1.5314491511363262
26.80000000000011,-2.5574011374666035,1583.6352851115287,339.35796191622256,-0.1745,61.103547274222905,-8.603829212204094,0.165,-0.3835369338762958,1.5314491511363262
26.900000000000112,-2.556700153586264,1589.748365901657,338.49738693266806,-0.1745,61.158068528343115,-8.607670458885691,0.165,-0.3835369338762958,1.5314491511363262
27.000000000000114,-2.5559834249604494,1595.8668903282155,337.63643366046284,-0.1745,61.21242000282801,-8.611394985218455,0.165,-0.3835369338762958,1.5314491511363262
27.100000000000115,-2.5552586985781254,1601.990841176233,336.7751120381191,-0.1745,61.26659695752224,-8.615037461656238,0.165,-0.3835369338762958,1.5314491511363262
27.200000000000117,-2.5545312460829406,1608.1202008378636,335.9134290856605,-0.1745,61.32059627509178,-8.618621587516452,0.165,-0.3835369338762958,1.5314491511363262
27.300000000000118,-2.5538046472320133,1614.2549514491043,335.051389828642,-0.1745,61.37441594971988,-8.622163552852433,0.165,-0.3835369338762958,1.5314491511363262
27.40000000000012,-2.5530813259131198,1620.395074983426,334.18899793049144,-0.1745,61.42805473671137,-8.625674410159322,0.165,-0.3835369338762958,1.5314491511363262
27.50000000000012,-2.552362916717505,1626.5405533158846,333.3262561250571,-0.1745,61.4815119124598,-8.629161698527575,0.165,-0.3835369338762958,1.5314491511363262
27.600000000000122,-2.551650515528477,1632.6913682670117,332.4631665123606,-0.1745,61.53478711008079,-8.632630555402256,0.165,-0.3835369338762958,1.5314491511363262
27.700000000000124,-2.5509448507523684,1638.847501632861,331.5997307607264,-0.1745,61.58788020690246,-8.63608447728177,0.165,-0.3835369338762958,1.5314491511363262
27.800000000000125,-2.550246400274709,1645.0089352055802,330.73595024486264,-0.1745,61.64079124748148,-8.63952583999351,0.165,-0.3835369338762958,1.5314491511363262
27.900000000000126,-2.5495554713118813,1651.1756507875016,329.8718261401437,-0.1745,61.693520390946595,-8.642956254385451,0.165,-0.3835369338762958,1.5314491511363262
28.000000000000128,-2.548872254907002,1657.3476302007987,329.00735948695456,-0.1745,61.746067874994495,-8.646376809397282,0.165,-0.3835369338762958,1.5314491511363262
28.10000000000013,-2.5481968631058183,1663.5248552941123,328.1425512345797,-0.1745,61.798433991279616,-8.649788238100466,0.165,-0.3835369338762958,1.5314491511363262
28.20000000000013,-2.547529354306536,1669.707307947106,327.27740227112105,-0.1745,61.85061906859685,-8.653191031071863,0.165,-0.3835369338762958,1.5314491511363262
28.300000000000132,-2.54686975053813,1675.8949700736055,326.41191344387875,-0.1745,61.90262346139188,-8.656585513774013,0.165,-0.3835369338762958,1.5314491511363262
28.400000000000134,-2.546218049231938,1682.0878236237706,325.5460855732227,-0.1745,61.95444754191249,-8.659971899346974,0.165,-0.3835369338762958,1.5314491511363262
28.500000000000135,-2.5455742312378704,1688.2858505856086,324.6799194620248,-0.1745,62.00609169484687,-8.663350324609734,0.165,-0.3835369338762958,1.5314491511363262
28.600000000000136,-2.544938266280638,1694.489032986034,323.8134159020643,-0.1745,62.05755631366042,-8.666720874600875,0.165,-0.3835369338762958,1.5314491511363262
28.700000000000138,-2.54431011667158,1700.6973528916217,322.9465756783693,-0.1745,62.108841798091525,-8.670083599299582,0.165,-0.3835369338762958,1.5314491511363262
28.80000000000014,-2.5436897398323266,1706.9107924091481,322.07939957215365,-0.1745,62.15994855243846,-8.67343852501348,0.165,-0.3835369338762958,1.5314491511363262
28.90000000000014,-2.543077090009498,1713.1293336859894,321.21188836279646,-0.1745,62.21087698438562,-8.676785662130639,0.165,-0.3835369338762958,1.5314491511363262
29.000000000000142,-2.542472119438832,1719.3529589104187,320.34404282917023,-0.1745,62.26162750419764,-8.680125010393878,0.165,-0.3835369338762958,1.5314491511363262
29.100000000000144,-2.541874779134774,1725.5816503118367,319.4758637505262,-0.1745,62.31220052416413,-8.683456562487295,0.165,-0.3835369338762958,1.5314491511363262
29.200000000000145,-2.5412850194253678,1731.8153901609558,318.6073519070781,-0.1745,62.36259645821529,-8.686780306473564,0.165,-0.3835369338762958,1.5314491511363262
29.300000000000146,-2.540702790314019,1738.0541607699492,317.73850808038196,-0.1745,62.41281572165382,-8.690096227449034,0.165,-0.3835369338762958,1.5314491511363262
29.400000000000148,-2.5401280417236394,1744.2979444925802,316.86933305357616,-0.1745,62.46285873096612,-8.693404308666654,0.165,-0.3835369338762958,1.5314491511363262
29.50000000000015,-2.539560723660906,1750.5467237243129,315.99982761152796,-0.1745,62.512725903687446,-8.696704532296964,0.165,-0.3835369338762958,1.5314491511363262
29.60000000000015,-2.539000786326302,1756.8004809024123,315.12999254091596,-0.1745,62.56241765830386,-8.69999687994307,0.165,-0.3835369338762958,1.5314491511363262
29.700000000000152,-2.5384481801873604,1763.0591985060364,314.2598286302694,-0.1745,62.611934414179146,-8.703281332988427,0.165,-0.3835369338762958,1.5314491511363262
29.800000000000153,-2.5379028560269763,1769.3228590563203,313.38933666997843,-0.1745,62.6612765914989,-8.706557872831077,0.165,-0.3835369338762958,1.5314491511363262
29.900000000000155,-2.5373647649748063,1775.5914451164565,312.51851745228487,-0.1745,62.71044461122617,-8.7098264810408,0.165,-0.3835369338762958,1.5314491511363262
30.000000000000156,-2.5368338585272348,1781.864939291771,311.64737177125966,-0.1745,62.75943889506519,-8.713087139463939,0.165,-0.3835369338762958,1.5314491511363262
30.100000000000158,-2.5363100885595875,1788.1433242297958,310.7759004227718,-0.1745,62.80825986543042,-8.71633983029277,0.165,-0.3835369338762958,1.5314491511363262
30.20000000000016,-2.535793407333124,1794.4265826203382,309.90410420445164,-0.1745,62.85690794541949,-8.71958453611079,0.165,-0.3835369338762958,1.5314491511363262
30.30000000000016,-2.535283767498501,1800.7146971955485,309.03198391565,-0.1745,62.90538355878867,-8.722821239921752,0.165,-0.3835369338762958,1.5314491511363262
30.400000000000162,-2.534781122096859,1807.0076507299846,308.15954035739554,-0.1745,62.95368712993016,-8.726049925167635,0.165,-0.3835369338762958,1.5314491511363262
30.500000000000163,-2.5342854245593207,1813.3054260406736,307.2867743323502,-0.1745,63.001819083850705,-8.729270575739188,0.165,-0.3835369338762958,1.5314491511363262
30.600000000000165,-2.5337966287054208,1819.6080059871738,306.4136866447642,-0.1745,63.04977984615111,-8.732483175981416,0.165,-0.3835369338762958,1.5314491511363262
30.700000000000166,-2.5333146887408353,1825.9153734716317,305.5402781004303,-0.1745,63.097569843006454,-8.73568771069569,0.165,-0.3835369338762958,1.5314491511363262
30.800000000000168,-2.5328395592546418,1832.2275114388394,304.66654950663855,-0.1745,63.14518950114677,-8.738884165139549,0.165,-0.3835369338762958,1.5314491511363262
30.90000000000017,-2.532371195216283,1838.5444028762886,303.7925016721303,-0.1745,63.19263924783818,-8.742072525025,0.165,-0.3835369338762958,1.5314491511363262
31.00000000000017,-2.5319095519723405,1844.8660308142237,302.9181354070533,-0.1745,63.23991951086435,-8.745252776515766,0.165,-0.3835369338762958,1.5314491511363262
31.100000000000172,-2.531454585243191,1851.1923783256923,302.0434515229163,-0.1745,63.287030718508156,-8.748424906223878,0.165,-0.3835369338762958,1.5314491511363262
31.200000000000173,-2.5310062511195963,1857.5234285265944,301.1684508325448,-0.1745,63.33397329953366,-8.751588901205807,0.165,-0.3835369338762958,1.5314491511363262
31.300000000000175,-2.5305645060592665,1863.8591645757294,300.2931341500366,-0.1745,63.380747683168245,-8.754744748958318,0.165,-0.3835369338762958,1.5314491511363262
31.400000000000176,-2.5014251218517853,1870.199569674842,299.417502290718,-0.1745,63.42735429908497,-8.757892437414139,0.165,-0.3941715553244967,1.8106718404090762
31.500000000000178,-2.4817812711826175,1876.5452951957182,298.54610507252477,-0.1745,63.487156118437234,-8.670051926450558,0.165,-0.3941715553244967,1.8106718404090762
31.60000000000018,-2.46850413088349,1882.8967706917597,297.68199325798446,-0.1745,63.542353802395084,-8.612184364355723,0.165,-0.3941715553244967,1.8106718404090762
31.70000000000018,-2.4594957704519,1889.253608093092,296.82266312614746,-0.1745,63.59439422425136,-8.574418272383769,0.165,-0.3941715553244967,1.8106718404090762
31.800000000000182,-2.4533495488430432,1895.6155406155651,295.9664356914026,-0.1745,63.644256225211954,-8.55013042251381,0.165,-0.3941715553244967,1.8106718404090762
31.900000000000183,-2.449122462426664,1901.982383442677,295.1121853201208,-0.1745,63.69260031702386,-8.534877003122645,0.165,-0.3941715553244967,1.8106718404090762
32.000000000000185,-2.4461824588915264,1908.3540070294307,294.2591576275888,-0.1745,63.73987141804819,-8.52567684751689,0.165,-0.3941715553244967,1.8106718404090762
32.100000000000186,-2.4445346513056494,1914.7303190433613,293.40684726391555,-0.1745,63.78636886056324,-8.520530425948571,0.165,-0.3941715553244967,1.8106718404090762
32.20000000000019,-2.4426796975752696,1921.1128771220529,292.5546294289424,-0.1745,63.86479271326592,-8.523826273514082,0.495,-0.3941715553244967,1.8106718404090762
32.30000000000019,-2.441334986920874,1927.501633490954,291.7023358559561,-0.1745,63.91033466475601,-8.522045186211598,0.165,-0.3941715553244967,1.8106718404090762
32.40000000000019,-2.4403333175794355,1933.894923868383,290.8501406229604,-0.1745,63.95547288382621,-8.521859473702357,0.165,-0.3941715553244967,1.8106718404090762
32.50000000000019,-2.4395628090594457,1940.2927118877187,289.9979107260213,-0.1745,64.0002875028844,-8.522738465079414,0.165,-0.3941715553244967,1.8106718404090762
32.60000000000019,-2.438948618762344,1946.6949678804835,289.14555746007534,-0.1745,64.04483235241005,-8.524326853839417,0.165,-0.3941715553244967,1.8106718404090762
32.700000000000195,-2.4384406932867284,1953.1016666793305,288.2930217761331,-0.1745,64.08914362453051,-8.526386825005073,0.165,-0.3941715553244967,1.8106718404090762
32.800000000000196,-2.4384370453261974,1959.5127861450278,287.4402644720844,-0.1745,64.13324568941769,-8.528759255970089,0.165,-0.3941715553244967,1.8106718404090762
32.9000000000002,-2.437695616303262,1965.9299311215993,286.58697315765994,-0.1745,64.20965384201442,-8.537067032519127,0.495,-0.3941715553244967,1.8106718404090762
33.0000000000002,-2.4371099564737104,1972.3530855641104,285.73318883503754,-0.1745,64.25343500820635,-8.538619419929178,0.165,-0.3941715553244967,1.8106718404090762
33.1000000000002,-2.4366299799646365,1978.780606540799,284.8792256770031,-0.1745,64.29698452556744,-8.540643740759464,0.165,-0.3941715553244967,1.8106718404090762
33.2000000000002,-2.4362222514761966,1985.21247211152,284.0250444781599,-0.1745,64.3403268888512,-8.542980236105242,0.165,-0.3941715553244967,1.8106718404090762
33.3000000000002,-2.4358644545791748,1991.648662386258,283.1706193553908,-0.1745,64.38347860590964,-8.545522219276847,0.165,-0.3941715553244967,1.8106718404090762
33.400000000000205,-2.435541695361658,1998.0891588588086,282.3159333210017,-0.1745,64.42645084510337,-8.548198468505085,0.165,-0.3941715553244967,1.8106718404090762
33.500000000000206,-2.435244033284827,2004.533943961394,281.4609753249141,-0.1745,64.46925120660696,-8.55096145324619,0.165,-0.3941715553244967,1.8106718404090762
33.60000000000021,-1.6816013581312872,2010.983000767075,280.60573827905665,-0.1745,64.51188490701168,-8.553779463902519,0.165,-0.3941715553244967,1.8106718404090762
33.70000000000021,-1.3513099516420957,2017.4316403669661,279.8738060432709,-0.06225,64.46090709080777,-6.084865251811894,0.165,-0.3941715553244967,1.8106718404090762
33.80000000000021,-1.7138687173631166,2023.8782788537849,279.31895671982954,-0.08725,64.47186264556872,-5.012121217015557,0.165,-0.3941715553244967,1.8106718404090762
33.90000000000021,-1.9567133627279907,2030.3180490920731,278.75963450287406,-0.1745,64.32354212019611,-6.17432312209428,0.165,-0.3941715553244967,1.8106718404090762
34.00000000000021,-2.119144325852361,2036.7463724041552,278.10324830392733,-0.1745,64.2429241214437,-6.953400856840126,0.165,-0.3941715553244967,1.8106718404090762
34.100000000000215,-2.2276470231107033,2043.168785445113,277.38178684486263,-0.1745,64.20533669771017,-7.475828324454205,0.165,-0.3941715553244967,1.8106718404090762
34.200000000000216,-2.3000344526947076,2049.588828275005,276.61668228999343,-0.1745,64.19551990013548,-7.826262772929804,0.165,-0.3941715553244967,1.8106718404090762
34.30000000000022,-2.3482639015696023,2056.0087942388336,275.82229428357084,-0.1745,64.2037993764335,-8.061497355521706,0.165,-0.3941715553244967,1.8106718404090762
34.40000000000022,-2.3803490941950383,2062.430181051093,275.00823790652163,-0.1745,64.2239368687484,-8.219630185462435,0.165,-0.3941715553244967,1.8106718404090762
34.50000000000022,-2.2346576018151176,2068.853971045396,274.1809464925773,-0.1745,64.25186301731786,-8.32619809342446,0.165,-0.3941715553244967,1.8106718404090762
34.60000000000022,-2.3043458610509258,2075.2862145417266,273.37132536158697,-0.1495,64.393006909292,-7.8662245263813935,0.8300000000000001,-0.3941715553244967,1.8106718404090762
34.70000000000022,-2.183181616134337,2081.725953590149,272.57334328912884,-0.1745,64.40177405915448,-8.09341692278169,0.165,-0.3941715553244967,1.8106718404090762
34.800000000000225,-2.269972450480993,2088.171062096116,271.7832989494632,-0.1495,64.50039606019405,-7.707469870531214,0.495,-0.3941715553244967,1.8106718404090762
34.900000000000226,-2.327713139819341,2094.6210895755416,270.9984360649111,-0.1745,64.50015352831913,-7.989787820510722,0.165,-0.3941715553244967,1.8106718404090762
35.00000000000023,-2.366077224400908,2101.071816589502,270.18999795357234,-0.1745,64.514386750889,-8.178974406265127,0.165,-0.3941715553244967,1.8106718404090762
35.10000000000023,-1.6380746537053181,2107.524440960503,269.3657491818683,-0.1745,64.53810066913121,-8.306001027815746,0.165,-0.3941715553244967,1.8106718404090762
35.20000000000023,-1.9078966131917312,2113.9758009767334,268.65435085689967,-0.06225,64.48909965547736,-5.921965471556577,0.165,-0.3941715553244967,1.8106718404090762
35.30000000000023,-2.088259006716258,2120.4198940761303,268.01880407698786,-0.1745,64.39276233245766,-6.788970126679301,0.165,-0.3941715553244967,1.8106718404090762
35.40000000000023,-2.2086642252782793,2126.8567834901655,267.310869719495,-0.1745,64.34502594824428,-7.369717023178821,0.165,-0.3941715553244967,1.8106718404090762
35.500000000000234,-2.2889440415461877,2133.2904606814395,266.55444265447005,-0.1745,64.32851787723448,-7.758824277319884,0.165,-0.3941715553244967,1.8106718404090762
35.600000000000236,-2.3424032636206196,2139.723501429962,265.7655172897059,-0.1745,64.3322970932181,-8.019683017963214,0.165,-0.3941715553244967,1.8106718404090762
35.70000000000024,-2.3779528902386486,2146.157583408472,264.9547942449746,-0.1745,64.3493424769813,-8.194777876662304,0.165,-0.3941715553244967,1.8106718404090762
35.80000000000024,-2.401553126635,2152.5938050474147,264.1294272127314,-0.1745,64.37509030187213,-8.312562768202334,0.165,-0.3941715553244967,1.8106718404090762
35.90000000000024,-2.4171863081948515,2159.0328869829123,263.29419521607025,-0.1745,64.40654840807721,-8.392077165020373,0.165,-0.3941715553244967,1.8106718404090762
36.00000000000024,-2.427511025393561,2165.4753015894084,262.4522888658513,-0.1745,64.44174372184347,-8.446049839358428,0.165,-0.3941715553244967,1.8106718404090762
36.10000000000024,-2.4343009401430624,2171.921357289854,261.6058371711573,-0.1745,64.47937028706156,-8.482984054522072,0.165,-0.3941715553244967,1.8106718404090762
36.200000000000244,-2.4387386695063076,2178.3712538866125,260.7562601390917,-0.1745,64.51856164811385,-8.50855658678993,0.165,-0.3941715553244967,1.8106718404090762
36.300000000000246,-2.4420484434004783,2184.825119074812,259.9045045529278,-0.1745,64.55874211587893,-8.526555136488149,0.165,-0.3941715553244967,1.8106718404090762
36.40000000000025,-2.4435283044142015,2191.2846575674935,259.0509150436748,-0.1745,64.63202773775367,-8.545235048570985,0.495,-0.3941715553244967,1.8106718404090762
36.50000000000025,-2.444438740272826,2197.7499198860023,258.19597014143216,-0.1745,64.67321863242405,-8.553662996282338,0.165,-0.3941715553244967,1.8106718404090762
36.60000000000025,-2.44497233070996,2204.2193075181867,257.3402752954177,-0.1745,64.71453401126371,-8.560233924006473,0.165,-0.3941715553244967,1.8106718404090762
36.70000000000025,-2.445257175576111,2210.692828255381,256.48398526389974,-0.1745,64.75588073261612,-8.565566706352401,0.165,-0.3941715553244967,1.8106718404090762
36.80000000000025,-2.4453784516602957,2217.170482139726,255.62720326295582,-0.1745,64.79719695428835,-8.570073312525858,0.165,-0.3941715553244967,1.8106718404090762
36.900000000000254,-2.445392772815556,2223.652264071067,254.7699982030314,-0.1745,64.83844167252428,-8.574027885962199,0.165,-0.3941715553244967,1.8106718404090762
37.000000000000256,-2.4453377523890083,2230.138165542485,253.91241616907294,-0.1745,64.8795877558375,-8.577612793207088,0.165,-0.3941715553244967,1.8106718404090762
37.10000000000026,-2.4452383685720904,2236.628175795573,253.0544880639788,-0.1745,64.92061730592646,-8.580949308675718,0.165,-0.3941715553244967,1.8106718404090762
37.20000000000026,-2.4451112001032667,2243.122282589297,252.19623469584124,-0.1745,64.96151856854937,-8.58411805407514,0.165,-0.3941715553244967,1.8106718404090762
37.30000000000026,-2.4449672438809205,2249.6204727115664,251.3376701627111,-0.1745,65.00228387684012,-8.587172608527478,0.165,-0.3941715553244967,1.8106718404090762
37.40000000000026,-1.6850207312859409,2256.1227323195235,250.47880410387864,-0.1745,65.04290828230329,-8.590148568121844,0.165,-0.3941715553244967,1.8106718404090762
37.50000000000026,-1.9420959529484643,2262.626086029344,249.74511737609765,-0.06225,65.02416591411279,-6.08358598749771,0.495,-0.3941715553244967,1.8106718404090762
37.600000000000264,-2.1132160874369044,2269.1238689387565,249.09511357415533,-0.1745,64.93149227413407,-6.9164900513487115,0.165,-0.3941715553244967,1.8106718404090762
37.700000000000266,-2.2269824177285247,2275.6147296876193,248.37568759382262,-0.1745,64.88572270312123,-7.472029555305782,0.165,-0.3941715553244967,1.8106718404090762
37.80000000000027,-2.302533034951485,2282.10251663073,247.60995217779274,-0.1745,64.8700161590882,-7.842678765291873,0.165,-0.3941715553244967,1.8106718404090762
37.90000000000027,-2.35264952764002,2288.589706535978,246.81331166153348,-0.1745,64.8737819458777,-8.090131559893042,0.165,-0.3941715553244967,1.8106718404090762
38.00000000000027,-2.385854553965873,2295.0779075551027,245.99602736141355,-0.1745,64.89023843661231,-8.255554442505302,0.165,-0.3941715553244967,1.8106718404090762
38.10000000000027,-2.40782372428219,2301.56816895127,245.16492977244198,-0.1745,64.9149894867335,-8.366397336926061,0.165,-0.3941715553244967,1.8106718404090762
38.20000000000027,-2.4223329106087474,2308.061176515161,244.32456252424836,-0.1745,64.94516179109293,-8.440947626946416,0.165,-0.3941715553244967,1.8106718404090762
38.300000000000274,-2.43189214759592,2314.5573779615515,243.47794622672774,-0.1745,64.9788671367165,-8.491378323465876,0.165,-0.3941715553244967,1.8106718404090762
38.400000000000276,-2.438168931380165,2321.0570643330852,242.62708798407263,-0.1745,65.01486029395679,-8.525786529636328,0.165,-0.3941715553244967,1.8106718404090762
38.50000000000028,-2.4422704406724502,2327.5604232599107,241.7733209139119,-0.1745,65.05231824255198,-8.549554873578163,0.165,-0.3941715553244967,1.8106718404090762
38.60000000000028,-2.4449314752747147,2334.067573986891,240.91753018884467,-0.1745,65.0906962970536,-8.56625962776665,0.165,-0.3941715553244967,1.8106718404090762
38.70000000000028,-2.446639495306726,2340.578590488043,240.06030341693926,-0.1745,65.12963372598355,-8.57827581034151,0.165,-0.3941715553244967,1.8106718404090762
38.80000000000028,-2.278004437120556,2347.093516752744,239.20203062494872,-0.1745,65.16889156803484,-8.587180029469364,0.165,-0.3941715553244967,1.8106718404090762
38.90000000000028,-2.336158669901272,2353.6161120775187,238.3706238945324,-0.1495,65.28301492745949,-8.040954578857265,0.495,-0.3941715553244967,1.8106718404090762
39.000000000000284,-2.374602030878539,2360.144949719575,237.55691331987896,-0.1745,65.29373791366875,-8.233256914211818,0.165,-0.3941715553244967,1.8106718404090762
39.100000000000286,-2.399987368075745,2366.675350296907,236.7271727724207,-0.1745,65.31427363296842,-8.361554034953892,0.165,-0.3941715553244967,1.8106718404090762
39.20000000000029,-2.4167280307373766,2373.2081242979475,235.88672418378079,-0.1745,65.34120638784218,-8.447417737844017,0.165,-0.3941715553244967,1.8106718404090762
39.30000000000029,-2.4277492743291296,2379.74379973979,235.03909504076546,-0.1745,65.37230244900786,-8.505165122462213,0.165,-0.3941715553244967,1.8106718404090762
39.40000000000029,-2.434988713760905,2386.282719610446,234.1866222217396,-0.1745,65.40609496410927,-8.544291258054765,0.165,-0.3941715553244967,1.8106718404090762
39.50000000000029,-1.6753974043368016,2392.82510526499,233.33085319637672,-0.1745,65.44161812677467,-8.571089249202789,0.165,-0.3941715553244967,1.8106718404090762
39.60000000000029,-1.9386505654626285,2399.368322440397,232.59975122901548,-0.06225,65.42272538137276,-6.050950098021872,0.495,-0.3941715553244967,1.8106718404090762
39.700000000000294,-2.1133904385555278,2405.9056653874013,231.95176825566568,-0.1745,65.32413355870807,-6.9087093689741526,0.165,-0.3941715553244967,1.8106718404090762
39.800000000000296,-2.2292429183806117,2412.4355886628427,231.23237915284304,-0.1745,65.27433195012064,-7.479072687478915,0.165,-0.3941715553244967,1.8106718404090762
39.9000000000003,-2.305972694725012,2418.962089591672,230.46550331217762,-0.1745,65.25568662646346,-7.8584441258295525,0.165,-0.3941715553244967,1.8106718404090762
40.0000000000003,-2.3567407947706984,2425.487731673579,229.66703435500742,-0.1745,65.25715501168554,-8.110935017574441,0.165,-0.3941715553244967,1.8106718404090762
40.1000000000003,-2.3902969777299017,2432.014174040846,228.84752790041637,-0.1745,65.27169233364623,-8.279194074246746,0.165,-0.3941715553244967,1.8106718404090762
40.2000000000003,-2.4124509162747727,2438.542496025589,228.01398950311037,-0.1745,65.29474736121745,-8.391573871873048,0.165,-0.3941715553244967,1.8106718404090762
40.3000000000003,-2.427056303624938,2445.073401141104,227.17106547695863,-0.1745,65.32335494908706,-8.466906651161878,0.165,-0.3941715553244967,1.8106718404090762
40.400000000000304,-2.436667392632062,2451.6073475157514,226.32183560489884,-0.1745,65.35557254385937,-8.51769079003376,0.165,-0.3941715553244967,1.8106718404090762
40.500000000000306,-2.4429760937900045,2458.1446322901093,225.4683403070532,-0.1745,65.39012294329494,-8.552215166878549,0.165,-0.3941715553244967,1.8106718404090762
40.60000000000031,-2.447102523282472,2464.6854466625186,224.61193086767364,-0.1745,65.42616450489386,-8.575973620712956,0.165,-0.3941715553244967,1.8106718404090762
40.70000000000031,-2.4497879090475925,2471.2299119807394,223.75350190790203,-0.1745,65.46314185952532,-8.592605574719014,0.165,-0.3941715553244967,1.8106718404090762
40.80000000000031,-2.4515225534122456,2477.7781034875507,222.89364558406027,-0.1745,65.50068827669669,-8.60452090211662,0.165,-0.3941715553244967,1.8106718404090762
40.90000000000031,-2.4526306561257645,2484.3300659778215,222.03275380504283,-0.1745,65.53856152872433,-8.613314678232278,0.165,-0.3941715553244967,1.8106718404090762
41.00000000000031,-2.4533265090399214,2490.8858241362573,221.1710859571084,-0.1745,65.57660163998663,-8.62004228045607,0.165,-0.3941715553244967,1.8106718404090762
41.100000000000314,-2.4537517066736054,2497.4453893684235,220.30881375536205,-0.1745,65.61470300334173,-8.625401754470875,0.165,-0.3941715553244967,1.8106718404090762
41.200000000000315,-2.4539997755744123,2504.0087643164975,219.44605093525504,-0.1745,65.65279595813594,-8.629854647669498,0.165,-0.3941715553244967,1.8106718404090762
41.30000000000032,-2.4545687958625937,2510.5759458449897,218.58287290099523,-0.1745,65.69083461170608,-8.63370603752696,0.165,-0.3941715553244967,1.8106718404090762
41.40000000000032,-2.4542771536817236,2517.148551957095,217.71904325742062,-0.1745,65.76128763039904,-8.64288683396499,0.495,-0.3941715553244967,1.8106718404090762
41.50000000000032,-2.4540583296262373,2523.726575785549,216.85465358406927,-0.1745,65.79918893867267,-8.644906633062176,0.165,-0.3941715553244967,1.8106718404090762
41.60000000000032,-2.4538889598859144,2530.3083809058467,215.99005113868932,-0.1745,65.8369134672849,-8.647142274536856,0.165,-0.3941715553244967,1.8106718404090762
41.70000000000032,-2.4537536294914,2536.8939502411085,215.12521815288775,-0.1745,65.87447323794947,-8.64951744149474,0.165,-0.3941715553244967,1.8106718404090762
41.800000000000324,-2.453642168045696,2543.4832677195277,214.26014319167558,-0.1745,65.91187633042925,-8.651981782748969,0.165,-0.3941715553244967,1.8106718404090762
41.900000000000325,-2.4535478644838764,2550.0763179471123,213.39481899808746,-0.1745,65.94912822126116,-8.654502089013473,0.165,-0.3941715553244967,1.8106718404090762
42.00000000000033,-2.45346628887968,2556.673085991593,212.52924107041989,-0.1745,65.98623266835068,-8.657056464338007,0.165,-0.3941715553244967,1.8106718404090762
42.10000000000033,-2.4533945151087218,2563.2735572397746,211.66340672334374,-0.1745,66.02319229528547,-8.65963047718509,0.165,-0.3941715553244967,1.8106718404090762
42.20000000000033,-2.45333060813528,2569.8777173033973,210.79731446850823,-0.1745,66.06000897717203,-8.662214619525304,0.165,-0.3941715553244967,1.8106718404090762
42.30000000000033,-2.4532732859375836,2576.4855519570224,209.93096360603545,-0.1745,66.09668409533084,-8.664802629930172,0.165,-0.3941715553244967,1.8106718404090762
42.40000000000033,-2.45322169665197,2583.0970470970574,209.06435395517894,-0.1745,66.13321870537031,-8.667390387199944,0.165,-0.3941715553244967,1.8106718404090762
42.500000000000334,-2.4531752717110162,2589.712188714729,208.19748567678752,-0.1745,66.16961364806416,-8.669975180628242,0.165,-0.3941715553244967,1.8106718404090762
42.600000000000335,-2.453133629089657,2596.330962878256,207.3303591563147,-0.1745,66.20586962247366,-8.672555228828452,0.165,-0.3941715553244967,1.8106718404090762
42.70000000000034,-2.4530965095812194,2602.953355721087,206.46297492674577,-0.1745,66.24198723415532,-8.67512936254996,0.165,-0.3941715553244967,1.8106718404090762
42.80000000000034,-2.453063734839552,2609.5793534341415,205.5953336178355,-0.1745,66.27796702693273,-8.67769681565547,0.165,-0.3941715553244967,1.8106718404090762
42.90000000000034,-2.453035179760432,2616.2089422606796,204.72743592268193,-0.1745,66.31380950382905,-8.68025708741592,0.165,-0.3941715553244967,1.8106718404090762
43.00000000000034,-2.45301075430679,2622.8421084929137,203.85928257572036,-0.1745,66.3495151408531,-8.682809851815897,0.165,-0.3941715553244967,1.8106718404090762
43.10000000000034,-2.452990391551802,2629.47883846976,202.99087433823766,-0.1745,66.38508439607534,-8.685354897837879,0.165,-0.3941715553244967,1.8106718404090762
43.200000000000344,-2.4529740398147024,2636.1191185753437,202.12221198883802,-0.1745,66.42051771560033,-8.687892090154888,0.165,-0.3941715553244967,1.8106718404090762
43.300000000000345,-2.452961657489701,2642.7629352379986,201.25329631716707,-0.1745,66.45581553749477,-8.690421343263944,0.165,-0.3941715553244967,1.8106718404090762
43.40000000000035,-2.4529532096465516,2649.4102749295917,200.38412811978043,-0.1745,66.49097829436958,-8.69294260446898,0.165,-0.3941715553244967,1.8106718404090762
43.50000000000035,-2.4529486657962334,2656.061124165064,199.51470819742255,-0.1745,66.5260064150755,-8.695455842688565,0.165,-0.3941715553244967,1.8106718404090762
43.60000000000035,-2.45294799842267,2662.7154695021086,198.6450373532333,-0.1745,66.56090032581567,-8.69796104109648,0.165,-0.3941715553244967,1.8106718404090762
43.70000000000035,-2.452951182017944,2669.373297540943,197.7751163915643,-0.1745,66.59566045087439,-8.700458192283673,0.165,-0.3941715553244967,1.8106718404090762
43.80000000000035,-2.4529581924483517,2676.0345949241414,196.9049461171962,-0.1745,66.63028721309364,-8.702947295078388,0.165,-0.3941715553244967,1.8106718404090762
43.900000000000354,-2.452969006537809,2682.6993483365054,196.03452733481947,-0.1745,66.66478103418359,-8.705428352456472,0.165,-0.3941715553244967,1.8106718404090762
44.000000000000355,-2.4529836017939872,2689.3675445049607,195.16386084868824,-0.1745,66.69914233492418,-8.707901370168235,0.165,-0.3941715553244967,1.8106718404090762
44.10000000000036,-2.453001956228169,2696.0391701984718,194.292947462388,-0.1745,66.73337153529495,-8.710366355836145,0.165,-0.3941715553244967,1.8106718404090762
44.20000000000036,-2.4530240482366183,2702.7142122279643,193.4217879786781,-0.1745,66.76746905455799,-8.712823318361826,0.165,-0.3941715553244967,1.8106718404090762
44.30000000000036,-2.4530498565223153,2709.3926574462575,192.55038319938322,-0.1745,66.80143531130989,-8.715272267536184,0.165,-0.3941715553244967,1.8106718404090762
44.40000000000036,-2.4530793600431924,2716.0744927479986,191.67873392531726,-0.1745,66.83527072351356,-8.71771321378289,0.165,-0.3941715553244967,1.8106718404090762
44.50000000000036,-2.4531125379777285,2722.7597050696004,190.80684095622865,-0.1745,66.86897570851679,-8.72014616798942,0.165,-0.3941715553244967,1.8106718404090762
44.600000000000364,-2.453149369701953,2729.448281389179,189.9347050907594,-0.1745,66.90255068306206,-8.722571141395525,0.165,-0.3941715553244967,1.8106718404090762
44.700000000000365,-2.4531898347739145,2736.140208726497,189.06232712641363,-0.1745,66.9359960632908,-8.724988145519413,0.165,-0.3941715553244967,1.8106718404090762
44.80000000000037,-2.4532339129230563,2742.8354741428984,188.18970785953223,-0.1745,66.96931226474392,-8.727397192108638,0.165,-0.3941715553244967,1.8106718404090762
44.90000000000037,-2.4532815840428097,2749.5340647412536,187.31684808527143,-0.1745,67.00249970235994,-8.729798293107212,0.165,-0.3941715553244967,1.8106718404090762
45.00000000000037,-2.453332828185293,2756.2359676658953,186.4437485975844,-0.1745,67.03555879047163,-8.732191460633357,0.165,-0.3941715553244967,1.8106718404090762
45.10000000000037,-2.4533876255574008,2762.9411701025588,185.57041018920452,-0.1745,67.06848994280165,-8.734576706964237,0.165,-0.3941715553244967,1.8106718404090762
45.20000000000037,-2.453445956517802,2769.649659278322,184.69683365163004,-0.1745,67.10129357245758,-8.73695404452525,0.165,-0.3941715553244967,1.8106718404090762
45.300000000000374,-2.453507801574544,2776.361422461541,183.82301977510966,-0.1745,67.13397009192661,-8.739323485882343,0.165,-0.3941715553244967,1.8106718404090762
45.400000000000375,-2.4535731413830475,2783.076446961791,182.94896934862874,-0.1745,67.16651991306996,-8.741685043736288,0.165,-0.3941715553244967,1.8106718404090762
45.50000000000038,-2.4536419567443737,2789.7947201298007,182.074683159896,-0.1745,67.19894344711724,-8.744038730918263,0.165,-0.3941715553244967,1.8106718404090762
45.60000000000038,-2.45371422860366,2796.5162293573894,181.20016199533077,-0.1745,67.23124110466074,-8.746384560386293,0.165,-0.3941715553244967,1.8106718404090762
45.70000000000038,-2.453789938048683,2803.240962077405,180.32540664005035,-0.1745,67.2634132956497,-8.748722545222238,0.165,-0.3941715553244967,1.8106718404090762
45.80000000000038,-2.453869066308499,2809.968905763657,179.45041787785777,-0.1745,67.29546042938468,-8.751052698629188,0.165,-0.3941715553244967,1.8106718404090762
45.90000000000038,-2.4539515947521453,2816.7000479308517,178.57519649122986,-0.1745,67.32738291451189,-8.753375033929085,0.165,-0.3941715553244967,1.8106718404090762
46.000000000000384,-2.4540375048873826,2823.434376134528,177.69974326130537,-0.1745,67.35918115901764,-8.755689564560532,0.165,-0.3941715553244967,1.8106718404090762
46.100000000000385,-2.2790695862485357,2830.17187797099,176.8240589678735,-0.1745,67.3908555702228,-8.757996304076707,0.165,-0.3941715553244967,1.8106718404090762
46.20000000000039,-2.3402331126836224,2836.9181960729725,175.9774279568076,-0.1495,67.53550646942683,-8.174623917241265,0.8300000000000001,-0.3941715553244967,1.8106718404090762
46.30000000000039,-2.2042521540240916,2843.671715043421,175.14958685220236,-0.1745,67.53487293954652,-8.382198174863214,0.165,-0.3941715553244967,1.8106718404090762
46.40000000000039,-2.2918511457435247,2850.428366317043,174.33438689429863,-0.1495,67.59815253289068,-7.921800983211609,0.165,-0.3941715553244967,1.8106718404090762
46.50000000000039,-2.348884600622281,2857.187436150855,173.52737933207837,-0.1745,67.58324414334126,-8.21835026119353,0.165,-0.3941715553244967,1.8106718404090762
46.60000000000039,-2.3860124137130727,2863.945826765652,172.69585391967286,-0.1745,67.58456815259471,-8.412157986916794,0.165,-0.3941715553244967,1.8106718404090762
46.700000000000394,-2.4101862075783522,2870.7048694594996,171.84829444220975,-0.1745,67.59628572435642,-8.539031562345118,0.165,-0.3941715553244967,1.8106718404090762
46.800000000000395,-2.42593493122732,2877.4654172347605,170.99022669555774,-0.1745,67.61466978085878,-8.622323370694849,0.165,-0.3941715553244967,1.8106718404090762
46.9000000000004,-2.4362069767469237,2884.228017003258,170.12524793465326,-0.1745,67.63732558909854,-8.677251847394631,0.165,-0.3941715553244967,1.8106718404090762
47.0000000000004,-2.4429206625070203,2890.9930186820134,169.2556989299733,-0.1745,67.66270798600426,-8.7137282462045,0.165,-0.3941715553244967,1.8106718404090762
47.1000000000004,-2.447323524015657,2897.760644948197,168.38310231991025,-0.1745,67.68981733766864,-8.73820395505637,0.165,-0.3941715553244967,1.8106718404090762
47.2000000000004,-2.450226550377384,2904.5310361101056,167.50844830242508,-0.1745,67.71800590050174,-8.754876394647173,0.165,-0.3941715553244967,1.8106718404090762
47.3000000000004,-2.452156763689793,2911.3042790838404,166.63238070977937,-0.1745,67.7468535741945,-8.76647545826679,0.165,-0.3941715553244967,1.8106718404090762
47.400000000000404,-2.4534565439301255,2918.0804261521175,165.75531813673342,-0.1745,67.77608779134442,-8.774776002652036,0.165,-0.3941715553244967,1.8106718404090762
47.500000000000405,-2.454348253922017,2924.859507126874,164.8775327559447,-0.1745,67.80553170378967,-8.780931613122265,0.165,-0.3941715553244967,1.8106718404090762
47.600000000000406,-2.4549762696080344,2931.6415372423135,163.9992015820755,-0.1745,67.8350706049987,-8.78569186426227,0.165,-0.3941715553244967,1.8106718404090762
47.70000000000041,-2.278607866842164,2938.426522279777,163.1204398046031,-0.1745,67.86463014427083,-8.789543685185809,0.165,-0.3941715553244967,1.8106718404090762
47.80000000000041,-2.3413795660259105,2945.216889995274,162.27150893335948,-0.1495,67.94272416566126,-8.189073739686735,0.165,-0.3941715553244967,1.8106718404090762
47.90000000000041,-2.3821431617224675,2952.0109971608504,161.44190172028792,-0.1745,67.93941914587113,-8.403070521744844,0.165,-0.3941715553244967,1.8106718404090762
48.00000000000041,-2.408622446039386,2958.8053545877465,160.59461439608103,-0.1745,67.9477293920544,-8.542675962393202,0.165,-0.3941715553244967,1.8106718404090762
48.10000000000041,-2.4258361580145573,2965.6009145336257,159.73578182237566,-0.1745,67.96346952553036,-8.633975511714267,0.165,-0.3941715553244967,1.8106718404090762
48.200000000000415,-2.4370428290785866,2972.3982860687647,158.86938690930708,-0.1745,67.98396117724862,-8.693922749657165,0.165,-0.3941715553244967,1.8106718404090762
48.300000000000416,-2.444356868671511,2979.1978582439942,157.99801431997537,-0.1745,68.00748232733729,-8.733529036977218,0.165,-0.3941715553244967,1.8106718404090762
48.40000000000042,-2.4491496302570472,2985.9998784879813,157.12334075060733,-0.1745,68.03292255240054,-8.759942350383529,0.165,-0.3941715553244967,1.8106718404090762
48.50000000000042,-2.45231018976095,2992.8045028413894,156.2464535998832,-0.1745,68.05956451576587,-8.777800664098665,0.165,-0.3941715553244967,1.8106718404090762
48.60000000000042,-2.454414757741181,2999.611828284031,155.368057957524,-0.1745,68.08694433706681,-8.790112183085247,0.165,-0.3941715553244967,1.8106718404090762
48.70000000000042,-2.455836663316381,3006.421913595364,154.4886109787912,-0.1745,68.11476188958693,-8.798827391570525,0.165,-0.3941715553244967,1.8106718404090762
48.80000000000042,-2.4568177198739813,3013.234792838586,153.60840907994353,-0.1745,68.14282297485322,-8.805210585382762,0.165,-0.3941715553244967,1.8106718404090762
48.900000000000425,-2.4575145130641682,3020.0504840856183,152.72764449802872,-0.1745,68.17100196579354,-8.810081052913382,0.165,-0.3941715553244967,1.8106718404090762
49.000000000000426,-2.458028412721834,3026.868995065965,151.84644196669663,-0.1745,68.19921764114102,-8.813969573728599,0.165,-0.3941715553244967,1.8106718404090762
49.10000000000043,-2.458425025774387,3033.6903268250653,150.9648824913882,-0.1745,68.22741754086223,-8.817219932439997,0.165,-0.3941715553244967,1.8106718404090762
49.20000000000043,-2.458746801529718,3040.514476093794,150.08301875747014,-0.1745,68.25556783371312,-8.820054745921245,0.165,-0.3941715553244967,1.8106718404090762
49.30000000000043,-2.4590211976245415,3047.341436823157,149.20088511331198,-0.1745,68.28364675353826,-8.82261813724193,0.165,-0.3941715553244967,1.8106718404090762
49.40000000000043,-2.4592659687553557,3054.171201178193,148.3185040368172,-0.1745,68.31164034718236,-8.825003392654201,0.165,-0.3941715553244967,1.8106718404090762
49.50000000000043,-2.4594925911291696,3061.0037601815548,147.43589032310624,-0.1745,68.33953972005332,-8.827270881564695,0.165,-0.3941715553244967,1.8106718404090762
49.600000000000435,-2.4597084792682224,3067.8391041301597,146.55305379579292,-0.1745,68.36733925204678,-8.829459664701416,0.165,-0.3941715553244967,1.8106718404090762
49.700000000000436,-2.459918420715371,3074.67722286487,145.67000106196608,-0.1745,68.39503544216254,-8.831595011835661,0.165,-0.3941715553244967,1.8106718404090762
49.80000000000044,-2.460125504354809,3081.5181059449983,144.78673664790966,-0.1745,68.42262616040313,-8.833693269292318,0.165,-0.3941715553244967,1.8106718404090762
49.90000000000044,-2.460331720941453,3088.3617427611925,143.90326373390542,-0.1745,68.45011016347934,-8.835765010792707,0.165,-0.3941715553244967,1.8106718404090762
50.00000000000044,-2.4605383514946015,3095.2081226084347,143.01958462953613,-0.1745,68.47748678136013,-8.837817076593272,0.165,-0.3941715553244967,1.8106718404090762
50.10000000000044,-2.460746218435751,3102.057234733225,142.13570108106353,-0.1745,68.5047557144412,-8.83985389285881,0.165,-0.3941715553244967,1.8106718404090762
50.20000000000044,-2.4613968998011364,3108.909068364063,141.2516144701638,-0.1745,68.53191690232242,-8.841878325135939,0.165,-0.3941715553244967,1.8106718404090762
50.300000000000445,-1.6606774623171026,3115.765237673351,140.36703947639916,-0.1745,68.5914692834373,-8.849621550156785,0.495,-0.3941715553244967,1.8106718404090762
50.400000000000446,-1.9454089230261058,3122.6231953535384,139.6212225970043,-0.06225,68.56768432031592,-6.066716037740331,0.495,-0.3941715553244967,1.8106718404090762
50.50000000000045,-2.1300599823055015,3129.4733906979545,138.966051113532,-0.1745,68.43622256800971,-7.03671363170615,0.165,-0.3941715553244967,1.8106718404090762
50.60000000000045,-2.249721369588285,3136.3133828794703,138.23092008083918,-0.1745,68.36362106230418,-7.66590702214987,0.165,-0.3941715553244967,1.8106718404090762
50.70000000000045,-2.327233025052779,3143.1479452962353,137.44391689325695,-0.1745,68.3276272729927,-8.074156729494906,0.165,-0.3941715553244967,1.8106718404090762
50.80000000000045,-2.3774365312669725,3149.9800613399943,136.62325040928712,-0.1745,68.31469360218648,-8.339172949901625,0.165,-0.3941715553244967,1.8106718404090762
50.90000000000045,-2.4099621136264178,3156.811615923921,135.78072270787138,-0.1745,68.31639807635085,-8.511381078413372,0.165,-0.3941715553244967,1.8106718404090762
51.000000000000455,-2.4310513899833297,3163.64380744246,134.92397921415994,-0.1745,68.32743229442134,-8.623488795815332,0.165,-0.3941715553244967,1.8106718404090762
51.100000000000456,-2.4447462138837306,3170.477400055556,134.05796993966118,-0.1745,68.34441996749487,-8.696696694159765,0.165,-0.3941715553244967,1.8106718404090762
51.20000000000046,-2.453662215867852,3177.3128811087195,133.18589823945325,-0.1745,68.36520109577842,-8.744737309998968,0.165,-0.3941715553244967,1.8106718404090762
51.30000000000046,-2.4594911929465875,3184.1505605963557,132.30983634267938,-0.1745,68.38838865694879,-8.776500625478604,0.165,-0.3941715553244967,1.8106718404090762
51.40000000000046,-2.463326949200553,3190.990634525528,131.43112436392468,-0.1745,68.41308992650205,-8.79773894961523,0.165,-0.3941715553244967,1.8106718404090762
51.50000000000046,-2.465876419135752,3197.833225498475,130.55062877363633,-0.1745,68.43872953242962,-8.812172856151992,0.165,-0.3941715553244967,1.8106718404090762
51.60000000000046,-2.468487200630495,3204.6784087934043,129.6689097318213,-0.1745,68.46493636615857,-8.822207980148713,0.165,-0.3941715553244967,1.8106718404090762
51.700000000000465,-2.4689908963168072,3211.529503666418,128.78575209626666,-0.1745,68.55696109410981,-8.840944730943951,0.8300000000000001,-0.3941715553244967,1.8106718404090762
51.800000000000466,-2.469394638790155,3218.386539994349,127.90150820136121,-0.1745,68.58376546451234,-8.843933167165106,0.165,-0.3941715553244967,1.8106718404090762
51.90000000000047,-2.4697348779384924,3225.246254085693,127.01698334778469,-0.1745,68.61051636237801,-8.846563904365288,0.165,-0.3941715553244967,1.8106718404090762
52.00000000000047,-2.4700351236827127,3232.1086396543124,126.1322070844625,-0.1745,68.63719501000843,-8.84896136207857,0.165,-0.3941715553244967,1.8106718404090762
52.10000000000047,-2.4703105348312304,3238.9736888758184,125.24719872414921,-0.1745,68.66378942011363,-8.851205844186985,0.165,-0.3941715553244967,1.8106718404090762
52.20000000000047,-2.471459637347582,3245.841392946286,124.36197097334336,-0.1745,68.69029198923288,-8.853349171929954,0.165,-0.3941715553244967,1.8106718404090762
52.30000000000047,-2.4710312308726228,3252.7150169477077,123.47595500330861,-0.1745,68.78218803920016,-8.866970228764975,0.8300000000000001,-0.3941715553244967,1.8106718404090762
52.400000000000475,-2.47084257742261,3259.594555886337,122.58927493960768,-0.1745,68.8085907333819,-8.8666310452538,0.165,-0.3941715553244967,1.8106718404090762
52.500000000000476,-2.4708091728604646,3266.4767236228686,121.70258852724011,-0.1745,68.83476399725133,-8.867097202097415,0.165,-0.3941715553244967,1.8106718404090762
52.60000000000048,-2.4708765966814745,3273.361499459741,120.81582969269456,-0.1745,68.86075274019741,-8.868079488813612,0.165,-0.3941715553244967,1.8106718404090762
52.70000000000048,-2.4710098076671865,3280.248866398278,119.9289561380495,-0.1745,68.88658603054745,-8.869391604087589,0.165,-0.3941715553244967,1.8106718404090762
52.80000000000048,-2.4711862458901175,3287.138809835998,119.0419408796278,-0.1745,68.91228272384915,-8.87091356434629,0.165,-0.3941715553244967,1.8106718404090762
52.90000000000048,-2.4713913884307606,3294.031316726856,118.15476679568062,-0.1745,68.93785509330777,-8.872568114597522,0.165,-0.3941715553244967,1.8106718404090762
53.00000000000048,-2.4716158865560702,3300.9263750400564,117.26742311373448,-0.1745,68.96331117070137,-8.87430552432521,0.165,-0.3941715553244967,1.8106718404090762
53.100000000000485,-2.4718537219813093,3307.8239734113586,116.3799031480265,-0.1745,68.98865625534583,-8.876093789834515,0.165,-0.3941715553244967,1.8106718404090762
53.200000000000486,-2.472101019691965,3314.7241009184518,115.49220284244255,-0.1745,69.01389388651627,-8.877912321844438,0.165,-0.3941715553244967,1.8106718404090762
53.30000000000049,-2.47235528367902,3321.626746936275,114.60431983238126,-0.1745,69.03902646994749,-8.879747879381181,0.165,-0.3941715553244967,1.8106718404090762
53.40000000000049,-2.4726149050319752,3328.531901043841,113.71625284085447,-0.1745,69.06405568137329,-8.881591951154768,0.165,-0.3941715553244967,1.8106718404090762
53.50000000000049,-2.4728788453952864,3335.4395529642293,112.8280012898227,-0.1745,69.08898272639445,-8.883439069480689,0.165,-0.3941715553244967,1.8106718404090762
53.60000000000049,-2.473146433313166,3342.3496925259383,111.93956505010506,-0.1745,69.11380850778946,-8.885285724872,0.165,-0.3941715553244967,1.8106718404090762
53.70000000000049,-2.4734172332301627,3349.2623096379884,111.05094428048872,-0.1745,69.13853373321106,-8.887129667454882,0.165,-0.3941715553244967,1.8106718404090762
53.800000000000495,-2.4736909612439577,3356.1773942738737,110.1621393242439,-0.1745,69.16315898449479,-8.888969457441622,0.165,-0.3941715553244967,1.8106718404090762
53.900000000000496,-2.473967430935919,3363.094936461211,109.27315064257547,-0.1745,69.18768476225323,-8.890804175926817,0.165,-0.3941715553244967,1.8106718404090762
54.0000000000005,-2.4742465185480653,3370.014926275052,108.38397877183586,-0.1745,69.21211151456275,-8.892633238865583,0.165,-0.3941715553244967,1.8106718404090762
54.1000000000005,-2.474528140601354,3376.937353833551,107.49462429602035,-0.1745,69.23643965541308,-8.894456277444716,0.165,-0.3941715553244967,1.8106718404090762
54.2000000000005,-2.474812239513158,3383.86220929515,106.60508782908981,-0.1745,69.26066957657049,-8.89627306116602,0.165,-0.3941715553244967,1.8106718404090762
54.3000000000005,-2.4750987743567907,3390.7894828567387,105.71537000361143,-0.1745,69.28480165520416,-8.89808344840175,0.165,-0.3941715553244967,1.8106718404090762
54.4000000000005,-2.4753877149258066,3397.7191647524382,104.82547146346053,-0.1745,69.30883625878765,-8.89988735461629,0.165,-0.3941715553244967,1.8106718404090762
54.500000000000504,-2.4756790379218128,3404.65124525279,103.93539285913242,-0.1745,69.33277374824841,-8.901684731946046,0.165,-0.3941715553244967,1.8106718404090762
54.600000000000506,-2.4759727245065353,3411.585714664202,103.0451348447311,-0.1745,69.35661447999097,-8.903475556080368,0.165,-0.3941715553244967,1.8106718404090762
54.70000000000051,-2.4762687587301246,3418.5225633285613,102.15469807603534,-0.1745,69.38035880719606,-8.905259817834677,0.165,-0.3941715553244967,1.8106718404090762
54.80000000000051,-2.4765671265221987,3425.461781622954,101.26408320925668,-0.1745,69.4040070806548,-8.907037517738523,0.165,-0.3941715553244967,1.8106718404090762
54.90000000000051,-2.4768678150441734,3432.403359959452,100.37329090024173,-0.1745,69.42755964930376,-8.908808662560489,0.165,-0.3941715553244967,1.8106718404090762
55.00000000000051,-2.47717081227353,3439.3472887849452,99.48232180395985,-0.1745,69.45101686056827,-8.910573263077103,0.165,-0.3941715553244967,1.8106718404090762
55.10000000000051,-2.477476106736938,3446.293558581003,98.59117657417396,-0.1745,69.47437906058232,-8.912331332640614,0.165,-0.3941715553244967,1.8106718404090762
55.200000000000514,-2.4777836873388934,3453.2421598637484,97.69985586322895,-0.1745,69.49764659432944,-8.914082886259672,0.165,-0.3941715553244967,1.8106718404090762
55.300000000000516,-2.4780935432516396,3460.1930831837517,96.8083603219155,-0.1745,69.52081980573267,-8.91582794000923,0.165,-0.3941715553244967,1.8106718404090762
55.40000000000052,-2.4784056638444034,3467.146319125924,95.91669059938245,-0.1745,69.54389903771208,-8.917566510651751,0.165,-0.3941715553244967,1.8106718404090762
55.50000000000052,-2.478720038637841,3474.1018583094205,95.02484734308015,-0.1745,69.56688463222127,-8.919298615394014,0.165,-0.3941715553244967,1.8106718404090762
55.60000000000052,-2.4790366572746434,3481.059691387545,94.1328311987239,-0.1745,69.58977693027057,-8.921024271730891,0.165,-0.3941715553244967,1.8106718404090762
55.70000000000052,-2.4802458225630843,3488.0198090476556,93.24064281027012,-0.1745,69.61257627194159,-8.922743497344923,0.165,-0.3941715553244967,1.8106718404090762
55.80000000000052,-2.479893874475258,3494.98547651586,92.34770554752346,-0.1745,69.70077309214328,-8.936001757588334,0.8300000000000001,-0.3941715553244967,1.8106718404090762
55.900000000000524,-2.4797891512890917,3501.956689254526,91.45413883016937,-0.1745,69.72348168117472,-8.93533258949343,0.165,-0.3941715553244967,1.8106718404090762
56.000000000000526,-2.479843194219354,3508.9301617260467,90.5605968116986,-0.1745,69.74596774924248,-8.935507779921856,0.165,-0.3941715553244967,1.8106718404090762
56.10000000000053,-2.4799994532198815,3515.905874067366,89.66701039945886,-0.1745,69.76827907714471,-8.936220464872955,0.165,-0.3941715553244967,1.8106718404090762
56.20000000000053,-2.480221781918287,3522.883810338513,88.77333565488975,-0.1745,69.7904463457915,-8.937274426509335,0.165,-0.3941715553244967,1.8106718404090762
56.30000000000053,-2.480487078625738,3529.86395712049,87.87954472248371,-0.1745,69.81248929374868,-8.938544221611343,0.165,-0.3941715553244967,1.8106718404090762
56.40000000000053,-2.4807805800777913,3536.846302618142,86.98562002790108,-0.1745,69.8344206592938,-8.93994967004144,0.165,-0.3941715553244967,1.8106718404090762
56.50000000000053,-1.6657296734855005,3543.8308360862707,86.0915505676949,-0.1745,69.85624870327518,-8.941439534082235,0.165,-0.3941715553244967,1.8106718404090762
56.600000000000534,-1.9609829716923448,3550.8168491838865,85.34147167700081,-0.06225,69.86401324903854,-6.060138279799379,0.8300000000000001,-0.3941715553244967,1.8106718404090762
56.700000000000536,-2.15059464078358,3557.7959183438365,84.68426053687828,-0.1745,69.71736994995885,-7.084084522651205,0.165,-0.3941715553244967,1.8106718404090762
56.80000000000054,-2.272297715863129,3564.763511453585,83.94298661389256,-0.1745,69.63449224501105,-7.741393937063355,0.165,-0.3941715553244967,1.8106718404090762
56.90000000000054,-2.3503995920754854,3571.7247775163883,83.14774349031136,-0.1745,69.59082901104803,-8.163468534560616,0.165,-0.3941715553244967,1.8106718404090762
57.00000000000054,-2.400534823562323,3578.682899608029,82.31784019430232,-0.1745,69.57161282176311,-8.434597385620187,0.165,-0.3941715553244967,1.8106718404090762
57.10000000000054,-2.4327456676921564,3585.6398684389205,81.46566487866777,-0.1745,69.567763796071,-8.608908927070829,0.165,-0.3941715553244967,1.8106718404090762
57.20000000000054,-2.453475370224145,3592.5969375361137,80.59916175179144,-0.1745,69.57361814779378,-8.721153610455524,0.165,-0.3941715553244967,1.8106718404090762
57.300000000000544,-2.4668546220223724,3599.554898934119,79.72342270359329,-0.1745,69.58560981231642,-8.793627353507633,0.165,-0.3941715553244967,1.8106718404090762
57.400000000000546,-2.4755299394152983,3606.514253425422,78.8417100176519,-0.1745,69.60148001374115,-8.840626365319869,0.165,-0.3941715553244967,1.8106718404090762
57.50000000000055,-2.4811961413630406,3613.475317055727,77.9561130700206,-0.1745,69.61979259235757,-8.871312587306187,0.165,-0.3941715553244967,1.8106718404090762
57.60000000000055,-2.4849381824969523,3620.43828829899,77.06796968734072,-0.1745,69.63963227290465,-8.89155506629148,0.165,-0.3941715553244967,1.8106718404090762
57.70000000000055,-2.487450395473908,3627.403290658998,76.17813632735363,-0.1745,69.66041492725411,-8.90511213345036,0.165,-0.3941715553244967,1.8106718404090762
57.80000000000055,-2.4891770121085584,3634.3703997793955,75.2871612315282,-0.1745,69.68176748070344,-8.91438978305827,0.165,-0.3941715553244967,1.8106718404090762
57.90000000000055,-2.4904021835073236,3641.339660732442,74.39539534824519,-0.1745,69.70345158022617,-8.920927882601921,0.165,-0.3941715553244967,1.8106718404090762
58.000000000000554,-2.4913076258599127,3648.311099058932,73.50306336698993,-0.1745,69.72531494957693,-8.925711742503271,0.165,-0.3941715553244967,1.8106718404090762
58.100000000000556,-2.492009523099245,3655.284727823311,72.61030919494007,-0.1745,69.74726033800884,-8.929371698493878,0.165,-0.3941715553244967,1.8106718404090762
58.20000000000056,-2.492582144231516,3662.260552124208,71.71722506409672,-0.1745,69.76922567992462,-8.93231091837307,0.165,-0.3941715553244967,1.8106718404090762
58.30000000000056,-2.4930729545936825,3669.238571978736,70.82387015698231,-0.1745,69.79117141063713,-8.93478722391521,0.165,-0.3941715553244967,1.8106718404090762
58.40000000000056,-2.4935122825023774,3676.218784167005,69.93028252274422,-0.1745,69.81307235474252,-8.93696546084648,0.165,-0.3941715553244967,1.8106718404090762
58.50000000000056,-2.4939195017323077,3683.201183411645,69.03648669915859,-0.1745,69.83491253805967,-8.938951010866226,0.165,-0.3941715553244967,1.8106718404090762
58.60000000000056,-2.4943069848583934,3690.1857631320177,68.14249858702031,-0.1745,69.85668186939051,-8.940811231899342,0.165,-0.3941715553244967,1.8106718404090762
58.700000000000564,-2.4946826307133545,3697.1725159264033,67.24832856680517,-0.1745,69.87837401832346,-8.942589172403553,0.165,-0.3941715553244967,1.8106718404090762
58.800000000000566,-2.495051479946506,3704.161433880225,66.35398349108073,-0.1745,69.8999850581104,-8.944312342085368,0.165,-0.3941715553244967,1.8106718404090762
58.90000000000057,-2.4954167475052604,3711.152508763026,65.45946795797687,-0.1745,69.92151259791353,-8.945998319991675,0.165,-0.3941715553244967,1.8106718404090762
59.00000000000057,-2.4957804823606637,3718.145732154324,64.56478512499105,-0.1745,69.94295522804049,-8.947658339724823,0.165,-0.3941715553244967,1.8106718404090762
59.10000000000057,-2.4961439889772015,3725.1410955239926,63.669937228953344,-0.1745,69.96431216533313,-8.949299581029232,0.165,-0.3941715553244967,1.8106718404090762
59.20000000000057,-2.496508096523475,3732.138590283586,62.774925918189076,-0.1745,69.98558302653406,-8.950926634256144,0.165,-0.3941715553244967,1.8106718404090762
59.30000000000057,-2.496873330798058,3739.138207819086,61.87975246467233,-0.1745,70.00676768346908,-8.95254243607884,0.165,-0.3941715553244967,1.8106718404090762
59.400000000000574,-2.497240024007017,3746.1399395117855,60.984417899505466,-0.1745,70.02786617052531,-8.954148867258372,0.165,-0.3941715553244967,1.8106718404090762
59.500000000000576,-1.6804877988757083,3753.1437767515895,60.088923099420136,-0.1745,70.04887862555076,-8.95574713444822,0.165,-0.3941715553244967,1.8106718404090762
59.60000000000058,-0.984010461789897,3760.145719580418,59.33839666460063,-0.06225,69.98997795101754,-6.0547815619419225,0.165,-0.3941715553244967,1.8106718404090762
59.70000000000058,-1.35030778372611,3767.139492451931,58.85570895936227,-0.03725,69.88547947924664,-3.5989725428252903,0.495,-0.3941715553244967,1.8106718404090762
59.80000000000058,-1.7653990535783004,3774.118926072195,58.43226862654537,-0.1495,69.70319292603482,-4.869834113512647,0.165,-0.3941715553244967,1.8106718404090762
59.90000000000058,-2.0328437679055074,3781.078226930937,57.87355597296278,-0.1745,69.48282424880709,-6.30441895813926,0.165,-0.3941715553244967,1.8106718404090762
60.00000000000058,-2.2050286021213945,3788.0201465006976,57.19696686648642,-0.1745,69.35556714640272,-7.227363171387832,0.165,-0.3941715553244967,1.8106718404090762
60.100000000000584,-2.315827627108186,3794.95216601505,56.444522058794014,-0.1745,69.28482314064526,-7.82153298246033,0.165,-0.3941715553244967,1.8106718404090762
60.200000000000585,-2.3871158418048095,3801.8788597785506,55.643237824603,-0.1745,69.24905212937213,-8.204151701360054,0.165,-0.3941715553244967,1.8106718404090762
60.30000000000059,-2.4329974755189427,3808.8030718144587,54.81049726059355,-0.1745,69.23518858879194,-8.450659578828919,0.165,-0.3941715553244967,1.8106718404090762
60.40000000000059,-1.6550968382573983,3815.7265886424434,53.95748240938086,-0.1745,69.23514797090446,-8.609637445424845,0.165,-0.3941715553244967,1.8106718404090762
60.50000000000059,-1.9634785389763083,3822.647326666233,53.23298713549461,-0.06225,69.17961250488271,-5.8802680323001315,0.165,-0.3941715553244967,1.8106718404090762
60.60000000000059,-2.163233610237898,3829.557795539023,52.59200311372212,-0.1745,69.02976495092027,-6.939412403149659,0.165,-0.3941715553244967,1.8106718404090762
60.70000000000059,-1.4878843772622532,3836.458181003138,51.8635870683259,-0.1745,68.97794433138257,-7.628908504774731,0.495,-0.3941715553244967,1.8106718404090762
60.800000000000594,-1.8561114052853467,3843.355140707004,51.21833510396874,-0.06225,68.96124974593458,-5.276130782368437,0.495,-0.3941715553244967,1.8106718404090762
60.900000000000595,-2.0945460569151915,3850.2420170191763,50.62772562660729,-0.1745,68.77627649751147,-6.536058764860616,0.165,-0.3941715553244967,1.8106718404090762
61.0000000000006,-1.4492675739618355,3857.114367419519,49.93335987765076,-0.1745,68.67073150934522,-7.35125621426998,0.165,-0.3941715553244967,1.8106718404090762
61.1000000000006,-1.8316447266638303,3863.979035714803,49.31019613433825,-0.06225,68.62263439633723,-5.112018651980164,0.165,-0.3941715553244967,1.8106718404090762
61.2000000000006,-2.0799514486851125,3870.8317406169153,48.73389957245948,-0.1745,68.43146364590588,-6.413912585595314,0.165,-0.3941715553244967,1.8106718404090762
61.3000000000006,-2.2410579934273445,3877.6694310566927,48.050271864109675,-0.1745,68.32234514964338,-7.2586415814007115,0.165,-0.3941715553244967,1.8106718404090762
61.4000000000006,-2.3455236103434007,3884.4987304982883,47.29698892663752,-0.1745,68.26364368226896,-7.80701716804239,0.165,-0.3941715553244967,1.8106718404090762
61.500000000000604,-2.4132422164412914,3891.3237360606727,46.49848225090842,-0.1745,68.23646756542009,-8.163116346539642,0.165,-0.3941715553244967,1.8106718404090762
61.600000000000605,-2.457143655317764,3898.147020458349,45.670601532190894,-0.1745,68.22922038810741,-8.394498027810762,0.165,-0.3941715553244967,1.8106718404090762
61.70000000000061,-2.485620142345231,3904.9702140902086,44.82362519428312,-0.1745,68.23465224908577,-8.545028730344718,0.165,-0.3941715553244967,1.8106718404090762
61.80000000000061,-2.50411297591513,3911.794355477828,43.96421498075162,-0.1745,68.24817550330697,-8.643175540285219,0.165,-0.3941715553244967,1.8106718404090762
61.90000000000061,-2.5161473314389466,3918.6201074610394,43.096686257234495,-0.1745,68.26686416091964,-8.70739893005734,0.165,-0.3941715553244967,1.8106718404090762
62.00000000000061,-2.5240056116867033,3925.4478927955197,42.22383319197945,-0.1745,68.2888425286889,-8.749662375043574,0.165,-0.3941715553244967,1.8106718404090762
62.10000000000061,-2.529164862218022,3932.277980138457,41.34746434165635,-0.1745,68.31290433006386,-8.777714631418428,0.165,-0.3941715553244967,1.8106718404090762
62.200000000000614,-2.5325805681660514,3939.1105389680274,40.46874999575466,-0.1745,68.33827226133702,-8.796572286615282,0.165,-0.3941715553244967,1.8106718404090762
62.300000000000615,-2.534870614803087,3945.945674824354,39.58844728814169,-0.1745,68.36444486518577,-8.809481865644205,0.165,-0.3941715553244967,1.8106718404090762
62.40000000000062,-2.5364344518362096,3952.783451990178,38.707046010240624,-0.1745,68.39109845129873,-8.818543692377032,0.165,-0.3941715553244967,1.8106718404090762
62.50000000000062,-2.5375302440739733,3959.6239081149006,37.82486301737669,-0.1745,68.41802404314988,-8.825116164901587,0.165,-0.3941715553244967,1.8106718404090762
62.60000000000062,-2.538324800172063,3966.4670636544474,36.942103329021954,-0.1745,68.44508674778419,-8.830077602193219,0.165,-0.3941715553244967,1.8106718404090762
62.70000000000062,-2.5389258731153723,3973.312927968681,36.05889966037972,-0.1745,68.47219953688173,-8.833995770651407,0.165,-0.3941715553244967,1.8106718404090762
62.80000000000062,-2.539403050024322,3980.1615032611785,35.175337991754816,-0.1745,68.4993063130682,-8.837237601846791,0.165,-0.3941715553244967,1.8106718404090762
62.900000000000624,-2.5398012585613277,3987.012787125231,34.291474102649694,-0.1745,68.52637096798931,-8.84004018025563,0.165,-0.3941715553244967,1.8106718404090762
63.000000000000625,-2.5401494973223775,3993.8667741891522,33.40734426064532,-0.1745,68.55337031043538,-8.84255665983192,0.165,-0.3941715553244967,1.8106718404090762
63.10000000000063,-2.54046647769015,4000.7234571794443,32.52297212983919,-0.1745,68.58028949540757,-8.84488595629066,0.165,-0.3941715553244967,1.8106718404090762
63.20000000000063,-2.540764268919704,4007.5828276077036,31.638373234868144,-0.1745,68.60711906978008,-8.847091943130247,0.165,-0.3941715553244967,1.8106718404090762
63.30000000000063,-2.541050652614005,4014.4448762143434,30.753557844766657,-0.1745,68.63385306301188,-8.8492158588995,0.165,-0.3941715553244967,1.8106718404090762
63.40000000000063,-2.5413306432114657,4021.3095932551646,29.868532835585142,-0.1745,68.66048775341524,-8.8512843247308,0.165,-0.3941715553244967,1.8106718404090762
63.50000000000063,-2.541607469677511,4028.1769686863895,28.983302893145222,-0.1745,68.68702087108697,-8.85331452406759,0.165,-0.3941715553244967,1.8106718404090762
63.600000000000634,-2.5418832091870303,4035.046992284096,28.097871289527923,-0.1745,68.71345108304794,-8.855317548278398,0.165,-0.3941715553244967,1.8106718404090762
63.700000000000635,-2.542159196077434,4041.9196537212856,27.212240384257605,-0.1745,68.73977766073865,-8.85730055712796,0.165,-0.3941715553244967,1.8106718404090762
63.80000000000064,-2.5424362857131184,4048.7949426175887,26.326411947720164,-0.1745,68.76600026532685,-8.859268173620857,0.165,-0.3941715553244967,1.8106718404090762
63.90000000000064,-2.5427150246991417,4055.6728485713106,25.440387369821938,-0.1745,68.79211880911306,-8.861223384343672,0.165,-0.3941715553244967,1.8106718404090762
64.00000000000064,-2.542995760659028,4062.55336118007,24.554167794580234,-0.1745,68.81813336607988,-8.863168120490418,0.165,-0.3941715553244967,1.8106718404090762
64.10000000000063,-2.543278713019756,4069.4364700540827,23.667754206918747,-0.1745,68.84404411417114,-8.86510363273934,0.165,-0.3941715553244967,1.8106718404090762
64.20000000000063,-2.543564018644302,4076.322164824694,22.781147488628246,-0.1745,68.8698512980536,-8.867030733070688,0.165,-0.3941715553244967,1.8106718404090762
64.30000000000062,-1.739762644038714,4083.2104351498515,21.894348454438713,-0.1745,68.89555520509766,-8.868949950719953,0.165,-0.3941715553244967,1.8106718404090762
64.40000000000062,-2.027199872025425,4090.0987800650714,21.14775042798853,-0.06225,68.87134309929732,-6.063010578283695,0.495,-0.3941715553244967,1.8106718404090762
64.50000000000061,-2.2131971209220413,4096.979159209268,20.492288840395577,-0.1745,68.73623978463714,-7.046221173575351,0.165,-0.3941715553244967,1.8106718404090762
64.6000000000006,-2.3340221653553335,4103.849029739852,19.75585579704815,-0.1745,68.66117082705047,-7.682439693373252,0.165,-0.3941715553244967,1.8106718404090762
64.7000000000006,-2.4114419959136266,4110.714880268971,18.966734995618303,-0.1745,68.65583975533146,-8.09997633522365,0.495,-0.3941715553244967,1.8106718404090762
64.8000000000006,-2.4614851189734948,4117.579744292385,18.143456173008357,-0.1745,68.64144071295054,-8.365600116975264,0.165,-0.3941715553244967,1.8106718404090762
64.90000000000059,-2.493851810476067,4124.443906853426,17.298289675309015,-0.1745,68.64181050786766,-8.537729837011605,0.165,-0.3941715553244967,1.8106718404090762
65.00000000000058,-2.5148126094352663,4131.308575919309,16.438929517722798,-0.1745,68.65157080980067,-8.649473314712743,0.165,-0.3941715553244967,1.8106718404090762
65.10000000000058,-2.528417514290477,4138.174519939566,15.570344166687693,-0.1745,68.66730959533902,-8.722233705989364,0.165,-0.3941715553244967,1.8106718404090762
65.20000000000057,-2.537280632397401,4145.042227896736,14.69574056708371,-0.1745,68.68684954805865,-8.769838286090309,0.165,-0.3941715553244967,1.8106718404090762
65.30000000000057,-2.543088415059345,4151.912010177783,13.81718790508457,-0.1745,68.70879607286619,-8.801214953892517,0.165,-0.3941715553244967,1.8106718404090762
65.40000000000056,-2.546928411913628,4158.784062673879,12.93602088125202,-0.1745,68.73225384906112,-8.822125522758462,0.165,-0.3941715553244967,1.8106718404090762
65.50000000000055,-2.549501719636469,4165.65850773114,12.053100251795206,-0.1745,68.75664729616338,-8.836287066377825,0.165,-0.3941715553244967,1.8106718404090762
65.60000000000055,-2.5512601722500703,4172.535420401604,11.168981060252635,-0.1745,68.78160611311462,-8.846096764473579,0.165,-0.3941715553244967,1.8106718404090762
65.70000000000054,-2.5524948843486195,4179.414845307105,10.284021215074285,-0.1745,68.80689199690885,-8.853100139093439,0.165,-0.3941715553244967,1.8106718404090762
65.80000000000054,-2.5533933727029057,4186.296807486963,9.398451539675758,-0.1745,68.8323516002505,-8.858293368877106,0.165,-0.3941715553244967,1.8106718404090762
65.90000000000053,-2.554076393915292,4193.1813193811295,8.512420951487275,-0.1745,68.85788628307063,-8.862318394892535,0.165,-0.3941715553244967,1.8106718404090762
66.00000000000053,-2.554621693782868,4200.068385327442,7.626025592092972,-0.1745,68.8834326431926,-8.865588792993515,0.165,-0.3941715553244967,1.8106718404090762
66.10000000000052,-2.5550793144605883,4206.958004458494,6.739327604654495,-0.1745,68.90894997783656,-8.868370955776037,0.165,-0.3941715553244967,1.8106718404090762
66.20000000000051,-2.5554814579284106,4213.8501725677015,5.852367235009736,-0.1745,68.93441220631773,-8.870836437119134,0.165,-0.3941715553244967,1.8106718404090762
66.30000000000051,-2.555848840219835,4220.74488331132,4.965170628427953,-0.1745,68.95980266606088,-8.873095694516525,0.165,-0.3941715553244967,1.8106718404090762
66.4000000000005,-2.556194784014427,4227.642128982615,4.0777548519552145,-0.1745,68.98511075982175,-8.875219834938248,0.165,-0.3941715553244967,1.8106718404090762
66.5000000000005,-2.5565278539944836,4234.541901010393,3.1901311288992273,-0.1745,69.01032979575287,-8.877254626181493,0.165,-0.3941715553244967,1.8106718404090762
66.60000000000049,-2.557295139896994,4241.444190279986,2.302306921454271,-0.1745,69.03545559609773,-8.879229522717633,0.165,-0.3941715553244967,1.8106718404090762
66.70000000000049,-2.5572808354069116,4248.350612282073,1.4140008053906445,-0.1745,69.09298444563515,-8.886892798554895,0.495,-0.3941715553244967,1.8106718404090762
66.80000000000048,-10000.0,4255.261159729496,0.5252750823970401,-0.1745,69.11796450283374,-8.887621661317192,0.165,-0.3941715553244967,1.8106718404090762
