t,reward,x,y,theta,vx,vy,throttle,wind_vx,wind_vy
0.0,0.0,91.7046485952025,978.6340142345655,-0.02351737698331742,39.967931952506824,3.7309320732984927,0.5,-4.81453868120571,4.252964562165747
0.1,-1.7161618943388133,91.7046485952025,978.6340142345655,-0.02351737698331742,39.967931952506824,3.7309320732984927,0.5,-4.81453868120571,4.252964562165747
0.2,-0.8972551677397488,95.69422452318209,978.9261418955911,-0.13576737698331742,39.82358660708492,2.111621147212479,0.165,-4.81453868120571,4.252964562165747
0.30000000000000004,-0.25710877755800066,99.66791401626129,979.0555553086277,-0.1745,39.65020325449909,0.4766471135208947,0.165,-4.81453868120571,4.252964562165747
0.4,-0.2407034090234901,103.62801980242381,979.0398494093952,-0.1745,39.55191246875106,-0.7907650981711145,0.165,-4.81453868120571,4.252964562165747
0.5,-0.6261019591690397,107.58091952917496,978.9115977706213,-0.1745,39.50608206627208,-1.7742676773080808,0.165,-4.81453868120571,4.252964562165747
0.6,-0.9232911885458616,111.53110715102616,978.6960252155609,-0.1745,39.49767037075182,-2.5371834238992816,0.165,-4.81453868120571,4.252964562165747
0.7,-1.1516197462441733,115.48180947842269,978.4127459368656,-0.1745,39.51637617717873,-3.1284021500062913,0.165,-4.81453868120571,4.252964562165747
0.7999999999999999,-1.3264132689288037,119.43537709538532,978.0770248165401,-0.1745,39.55497616207389,-3.586020256504607,0.165,-4.81453868120571,4.252964562165747
0.8999999999999999,-1.4597248398211415,123.39354130776604,977.7007328355163,-0.1745,39.60830808554043,-3.9398193639704107,0.165,-4.81453868120571,4.252964562165747
0.9999999999999999,-1.5609814227868646,127.35758797742083,977.2930877666666,-0.1745,39.6726253075553,-4.213082013023416,0.165,-4.81453868120571,4.252964562165747
1.0999999999999999,-1.6375240002779357,131.32847795764062,976.8612345214704,-0.1745,39.74517429684033,-4.423982890902035,0.165,-4.81453868120571,4.252964562165747
1.2,-1.695049406488788,135.30693221324745,976.4107013926616,-0.1745,39.823910815296365,-4.586679685272302,0.165,-4.81453868120571,4.252964562165747
1.3,-1.737966271959415,139.2934929988537,975.9457585915334,-0.1745,39.9073048968288,-4.712176337293724,0.165,-4.81453868120571,4.252964562165747
1.4000000000000001,-1.76967857671651,143.2885684511803,975.469699409177,-0.1745,39.9942041497035,-4.809007309832776,0.165,-4.81453868120571,4.252964562165747
1.5000000000000002,-1.792809645830481,147.29246547162413,974.9850600983999,-0.1745,40.08373625917304,-4.88377890570895,0.165,-4.81453868120571,4.252964562165747
1.6000000000000003,-1.8093779703444128,151.3054142044465,974.4937913515688,-0.1745,40.17523839727426,-4.941596030913642,0.165,-4.81453868120571,4.252964562165747
1.7000000000000004,-1.8209345359973506,155.32758639728192,973.9973916811134,-0.1745,40.26820545943416,-4.986397378193169,0.165,-4.81453868120571,4.252964562165747
1.8000000000000005,-1.828669673888933,159.35910925541143,973.497010925264,-0.1745,40.36225170315604,-5.021217738794266,0.165,-4.81453868120571,4.252964562165747
1.9000000000000006,-1.8334959430768412,163.4000759442185,972.993530406964,-0.1745,40.45708207298523,-5.04839262720609,0.165,-4.81453868120571,4.252964562165747
2.0000000000000004,-1.8361122630102193,167.45055357877132,972.4876249025018,-0.1745,40.552470618071474,-5.069717462039903,0.165,-4.81453868120571,4.252964562165747
2.1000000000000005,-1.8370534373442493,171.51058931768986,971.9798104743115,-0.1745,40.64824416029955,-5.086571101764566,0.165,-4.81453868120571,4.252964562165747
2.2000000000000006,-1.8367283324140087,175.58021501992482,971.4704813430312,-0.1745,40.74426988439954,-5.100011523841208,0.165,-4.81453868120571,4.252964562165747
2.3000000000000007,-1.8354492673717036,179.65945080808538,970.959938276783,-0.1745,40.84044587881192,-5.11084980112296,0.165,-4.81453868120571,4.252964562165747
2.400000000000001,-1.833454610986066,183.74830779748623,970.4484104260523,-0.1745,40.93669390920503,-5.119707213490861,0.165,-4.81453868120571,4.252964562165747
2.500000000000001,-1.8309261363780633,187.8467901873811,969.9360721012533,-0.1745,41.03295388869213,-5.127059282489375,0.165,-4.81453868120571,4.252964562165747
2.600000000000001,-1.828002336691593,191.95489686390093,969.4230556529062,-0.1745,41.12917964170438,-5.133269684453786,0.165,-4.81453868120571,4.252964562165747
2.700000000000001,-1.8247886325769311,196.07262262881673,968.9094613515929,-0.1745,41.22533565661176,-5.1386163418124955,0.165,-4.81453868120571,4.252964562165747
2.800000000000001,-1.821365190498344,200.1999591414152,968.3953649606098,-0.1745,41.321394595357745,-5.143311477850037,0.165,-4.81453868120571,4.252964562165747
2.9000000000000012,-1.8177929063872185,204.33689564035168,967.880823535806,-0.1745,41.41733538337195,-5.147517018225265,0.165,-4.81453868120571,4.252964562165747
3.0000000000000013,-1.8141179817443445,208.4834194967514,967.3658798644284,-0.1745,41.513141744622125,-5.151356409327516,0.165,-4.81453868120571,4.252964562165747
3.1000000000000014,-1.810375420778925,212.63951663789666,966.8505658599565,-0.1745,41.60880107828311,-5.154923680109071,0.165,-4.81453868120571,4.252964562165747
3.2000000000000015,-1.80659170112129,216.80517187169175,966.3349051566913,-0.1745,41.704303597619024,-5.158290385195608,0.165,-4.81453868120571,4.252964562165747
3.3000000000000016,-1.8027868120170227,220.98036913507894,965.8189150913893,-0.1745,41.79964167012465,-5.161510920845665,0.165,-4.81453868120571,4.252964562165747
3.4000000000000017,-1.798975808764451,225.16509168419083,965.3026082157342,-0.1745,41.894809312113054,-5.164626592256045,0.165,-4.81453868120571,4.252964562165747
3.5000000000000018,-1.7951699974305684,229.35932223988596,964.7859934499521,-0.1745,41.989801801789646,-5.167668723383935,0.165,-4.81453868120571,4.252964562165747
3.600000000000002,-1.7913778371932467,233.56304309913494,964.2690769621285,-0.1745,42.08461538319038,-5.170661033090259,0.165,-4.81453868120571,4.252964562165747
3.700000000000002,-1.7876056271667244,237.77623622028295,963.7518628379993,-0.1745,42.17924703976957,-5.173621449492052,0.165,-4.81453868120571,4.252964562165747
3.800000000000002,-1.7838580288469774,241.99888328833887,963.2343535908028,-0.1745,42.27369432134894,-5.176563494438056,0.165,-4.81453868120571,4.252964562165747
3.900000000000002,-1.7801384632624422,246.23096576500265,962.7165505491174,-0.1745,42.36795521192667,-5.179497339270101,0.165,-4.81453868120571,4.252964562165747
4.000000000000002,-1.7764494126841575,250.47246492703678,962.1984541516841,-0.1745,42.46202802875599,-5.182430609394659,0.165,-4.81453868120571,4.252964562165747
4.100000000000001,-1.772792649682962,254.72336189574156,961.6800641713628,-0.1745,42.55591134533972,-5.18536899703278,0.165,-4.81453868120571,4.252964562165747
4.200000000000001,-1.7691694109161178,258.9836376596438,961.1613798851321,-0.1745,42.649603932705496,-5.188316727581461,0.165,-4.81453868120571,4.252964562165747
4.300000000000001,-1.765580528893834,263.25327309201134,960.6424002030365,-0.1745,42.743104714645284,-5.191276914331679,0.165,-4.81453868120571,4.252964562165747
4.4,-1.7620265318199064,267.5322489644244,960.123123765915,-0.1745,42.83641273361567,-5.194251828096973,0.165,-4.81453868120571,4.252964562165747
4.5,-1.7585077191912457,271.82054595734377,959.6035490194085,-0.1745,42.92952712477137,-5.19724310203275,0.165,-4.81453868120571,4.252964562165747
4.6,-1.7550242190029857,276.11814466839235,959.0836742699506,-0.1745,43.022447096200004,-5.20025188712481,0.165,-4.81453868120571,4.252964562165747
4.699999999999999,-1.7515760310045503,280.4250256188964,958.5634977270868,-0.1745,43.11517191388186,-5.203278970153025,0.165,-4.81453868120571,4.252964562165747
4.799999999999999,-1.748163059384456,284.7411692591029,958.0430175354227,-0.1745,43.20770089024763,-5.206324863129006,0.165,-4.81453868120571,4.252964562165747
4.899999999999999,-1.7447851374487666,289.066555972389,957.522231798713,-0.1745,43.300033375474136,-5.209389871062512,0.165,-4.81453868120571,4.252964562165747
4.999999999999998,-1.7414420462396363,293.4011660787058,957.0011385979961,-0.1745,43.39216875086227,-5.212474143274669,0.165,-4.81453868120571,4.252964562165747
5.099999999999998,-1.7381335285700905,297.7449798374388,956.4797360052211,-0.1745,43.48410642379746,-5.215577712227659,0.165,-4.81453868120571,4.252964562165747
5.1999999999999975,-1.7348592995938188,302.09797744982427,955.9580220934653,-0.1745,43.575845823912125,-5.21870052288877,0.165,-4.81453868120571,4.252964562165747
5.299999999999997,-1.731619054757369,306.4601390610279,955.4359949445748,-0.1745,43.66738640016047,-5.221842454921729,0.165,-4.81453868120571,4.252964562165747
5.399999999999997,-1.7284124757761568,310.8314447619652,954.9136526548564,-0.1745,43.758727618585475,-5.225003339446238,0.165,-4.81453868120571,4.252964562165747
5.4999999999999964,-1.725239235119516,315.211874590925,954.3909933392997,-0.1745,43.849868960610614,-5.228182971686679,0.165,-4.81453868120571,4.252964562165747
5.599999999999996,-1.7220989993715865,319.60140853504197,953.8680151346898,-0.1745,43.94080992172913,-5.231381120511711,0.165,-4.81453868120571,4.252964562165747
5.699999999999996,-1.7189914317451764,324.00002653165313,953.344716201883,-0.1745,44.031550010494435,-5.2345975356238075,0.165,-4.81453868120571,4.252964562165747
5.799999999999995,-1.7159161939578431,328.4077084695648,952.8210947274531,-0.1745,44.12208874773844,-5.237831952973643,0.165,-4.81453868120571,4.252964562165747
5.899999999999995,-1.7128729476280662,332.8244341902498,952.2971489248627,-0.1745,44.21242566596223,-5.241084098834376,0.165,-4.81453868120571,4.252964562165747
5.999999999999995,-1.709861355310578,337.2501834889908,951.7728770352777,-0.1745,44.30256030885715,-5.244353692864928,0.165,-4.81453868120571,4.252964562165747
6.099999999999994,-1.706881081260565,341.68493611597984,951.2482773281139,-0.1745,44.39249223092444,-5.2476404504109855,0.165,-4.81453868120571,4.252964562165747
6.199999999999994,-1.7039317919943187,346.1286717773845,950.7233481013817,-0.1745,44.482220997169314,-5.250944084231614,0.165,-4.81453868120571,4.252964562165747
6.299999999999994,-1.7010131566971882,350.58137013638554,950.1980876818805,-0.1745,44.57174618285137,-5.254264305793338,0.165,-4.81453868120571,4.252964562165747
6.399999999999993,-1.6981248475170925,355.043010814192,949.6724944252788,-0.1745,44.66106737327744,-5.257600826238682,0.165,-4.81453868120571,4.252964562165747
6.499999999999993,-1.6952665397723417,359.5135733910372,949.1465667161115,-0.1745,44.75018416362665,-5.260953357109863,0.165,-4.81453868120571,4.252964562165747
6.5999999999999925,-1.6924379120953836,363.9930374071585,948.6203029677115,-0.1745,44.83909615879972,-5.264321610888424,0.165,-4.81453868120571,4.252964562165747
6.699999999999992,-1.6896386465286717,368.4813823637628,948.0937016220972,-0.1745,44.92780297328668,-5.267705301396579,0.165,-4.81453868120571,4.252964562165747
6.799999999999992,-1.6868684285848463,372.97858772397956,947.5667611498227,-0.1745,45.016304231048515,-5.271104144094722,0.165,-4.81453868120571,4.252964562165747
6.8999999999999915,-1.6841269472803277,377.48463291380244,947.0394800498029,-0.1745,45.104599565409366,-5.274517856301015,0.165,-4.81453868120571,4.252964562165747
6.999999999999991,-1.6814138951491802,381.99949732302076,946.5118568491202,-0.1745,45.192688618956815,-5.277946157352507,0.165,-4.81453868120571,4.252964562165747
7.099999999999991,-1.678728968242348,386.523160306141,945.9838901028165,-0.1745,45.28057104344832,-5.281388768722437,0.165,-4.81453868120571,4.252964562165747
7.19999999999999,-1.6760718661161027,391.05560118329953,945.4555783936752,-0.1745,45.36824649972234,-5.28484541410468,0.165,-4.81453868120571,4.252964562165747
7.29999999999999,-1.6734422918125609,395.5967992411663,944.9269203319963,-0.1745,45.45571465761314,-5.288315819473592,0.165,-4.81453868120571,4.252964562165747
7.39999999999999,-1.6708399518344192,400.1467337338404,944.3979145553664,-0.1745,45.542975195868465,-5.291799713125411,0.165,-4.81453868120571,4.252964562165747
7.499999999999989,-1.6682645561154952,404.7053838837373,943.8685597284248,-0.1745,45.630027802069364,-5.295296825705874,0.165,-4.81453868120571,4.252964562165747
7.599999999999989,-1.665715817988274,409.27272888246836,943.3388545426282,-0.1745,45.716872172551916,-5.298806890227478,0.165,-4.81453868120571,4.252964562165747
7.699999999999989,-1.6631934541493476,413.8487478917125,942.8087977160128,-0.1745,45.80350801233032,-5.302329642079025,0.165,-4.81453868120571,4.252964562165747
7.799999999999988,-1.6606971846234,418.4334200440801,942.2783879929574,-0.1745,45.889935035021196,-5.305864819029358,0.165,-4.81453868120571,4.252964562165747
7.899999999999988,-1.658226732726245,423.0267244439696,941.7476241439446,-0.1745,45.976152962768886,-5.309412161226759,0.165,-4.81453868120571,4.252964562165747
7.999999999999988,-1.6557818250272704,427.6286401684166,941.2165049653235,-0.1745,46.06216152617162,-5.312971411195094,0.165,-4.81453868120571,4.252964562165747
8.099999999999987,-1.655071845095074,432.2391462679356,940.6850292790723,-0.1745,46.1479604642084,-5.316542313827515,0.165,-4.81453868120571,4.252964562165747
8.199999999999987,-1.6516830173352284,436.8614962721417,940.1526186601847,-0.1745,46.29903961991355,-5.331670063924972,0.8300000000000001,-4.81453868120571,4.252964562165747
8.299999999999986,-1.6485891323467152,441.49567674721834,939.6193880675517,-0.1745,46.384569881618646,-5.332941788736016,0.165,-4.81453868120571,4.252964562165747
8.399999999999986,-1.6457180914896825,446.1383955460778,939.0859988379956,-0.1745,46.46980609557058,-5.334842802384422,0.165,-4.81453868120571,4.252964562165747
8.499999999999986,-1.643016803404561,450.78962435278316,938.5523962293298,-0.1745,46.55477003853692,-5.3372093709319826,0.165,-4.81453868120571,4.252964562165747
8.599999999999985,-1.6404461785621283,455.44933674113565,938.0185397216936,-0.1745,46.63947772851336,-5.339920781791653,0.165,-4.81453868120571,4.252964562165747
8.699999999999985,-1.6379774364046047,460.11750767398433,937.4843992788624,-0.1745,46.723940928459804,-5.342888074832824,0.165,-4.81453868120571,4.252964562165747
8.799999999999985,-1.6355893823568128,464.79411313341416,936.9499525895152,-0.1745,46.80816826013671,-5.346045712110146,0.165,-4.81453868120571,4.252964562165747
8.899999999999984,-1.633266401100819,469.4791298478443,936.4151830327443,-0.1745,46.892166028466924,-5.3493454233078825,0.165,-4.81453868120571,4.252964562165747
8.999999999999984,-1.6309969785373988,474.1725350908272,935.8800781785185,-0.1745,46.97593883119035,-5.352751661207882,0.165,-4.81453868120571,4.252964562165747
9.099999999999984,-1.6287726137652507,478.874306532857,935.3446286830621,-0.1745,47.05949000940654,-5.356238247920707,0.165,-4.81453868120571,4.252964562165747
9.199999999999983,-1.6265870186185665,483.5844221323423,934.8088274756009,-0.1745,47.14282198029959,-5.359785901304036,0.165,-4.81453868120571,4.252964562165747
9.299999999999983,-1.6244355290993417,488.3028600554917,934.2726691599544,-0.1745,47.22593648268791,-5.36338041162569,0.165,-4.81453868120571,4.252964562165747
9.399999999999983,-1.6231668954023026,493.029598617532,933.736149574457,-0.1745,47.308834758117904,-5.367011298321707,0.165,-4.81453868120571,4.252964562165747
9.499999999999982,-1.6205930582470671,497.76624118187976,933.1989790024984,-0.1745,47.424016528838294,-5.3764001408513185,0.495,-4.81453868120571,4.252964562165747
9.599999999999982,-1.6181785190648723,502.5127698874441,932.6612123676961,-0.1745,47.50655758244883,-5.378932555194547,0.165,-4.81453868120571,4.252964562165747
9.699999999999982,-1.6158856350789297,507.2675398421258,932.1231759367072,-0.1745,47.58884151118532,-5.381796064582975,0.165,-4.81453868120571,4.252964562165747
9.799999999999981,-1.6136868747637045,512.0305259230362,931.5848409762493,-0.1745,47.670880107022214,-5.384903144573141,0.165,-4.81453868120571,4.252964562165747
9.89999999999998,-1.6115620983034011,516.8017040271959,931.0461863318815,-0.1745,47.75268197617276,-5.3881897427839665,0.165,-4.81453868120571,4.252964562165747
9.99999999999998,-1.6094965666600727,521.5810507955473,930.5071963949272,-0.1745,47.83425339085552,-5.391608996302107,0.165,-4.81453868120571,4.252964562165747
10.09999999999998,-1.607479484850995,526.3685434108352,929.9678596139258,-0.1745,47.915598914901786,-5.395126623724026,0.165,-4.81453868120571,4.252964562165747
10.19999999999998,-1.454628095984206,531.1641594497268,929.4281674053717,-0.1745,47.9967218629304,-5.3987175473589915,0.165,-4.81453868120571,4.252964562165747
10.29999999999998,-1.494356492451831,535.9702215721773,928.9062142972192,-0.1495,48.12452058608039,-5.040344615691495,0.495,-4.81453868120571,4.252964562165747
10.399999999999979,-1.5226579298050757,540.7860113594411,928.3970199254308,-0.1745,48.19127515919557,-5.143542820077097,0.165,-4.81453868120571,4.252964562165747
10.499999999999979,-1.5426632931776103,545.6086580819905,927.8788663029803,-0.1745,48.26165929179172,-5.219529628931398,0.165,-4.81453868120571,4.252964562165747
10.599999999999978,-1.5566523271810495,550.4384715433912,927.3541039115823,-0.1745,48.334609936221604,-5.275718199027996,0.165,-4.81453868120571,4.252964562165747
10.699999999999978,-1.5662831277388793,555.2756700396403,926.8244422675851,-0.1745,48.409359988761004,-5.3175146809152825,0.165,-4.81453868120571,4.252964562165747
10.799999999999978,-1.5727604676309916,560.1204057776711,926.2911236620778,-0.1745,48.485354771853245,-5.34885742923172,0.165,-4.81453868120571,4.252964562165747
10.899999999999977,-1.5769589706262621,564.972783149819,925.7550501489942,-0.1745,48.562192671104064,-5.372612832439092,0.165,-4.81453868120571,4.252964562165747
10.999999999999977,-1.5795130793426213,569.8328719162446,925.2168762408596,-0.1745,48.63958265740763,-5.390865330252378,0.165,-4.81453868120571,4.252964562165747
11.099999999999977,-1.5808826709068686,574.7007167362602,924.6770764963969,-0.1745,48.71731374290637,-5.405129559002575,0.165,-4.81453868120571,4.252964562165747
11.199999999999976,-1.581400852954125,579.576344070492,924.1359947523897,-0.1745,48.795232941729964,-5.416505321141008,0.165,-4.81453868120571,4.252964562165747
11.299999999999976,-1.5813087429092898,584.4597671840338,923.5938799535354,-0.1745,48.8732293291043,-5.425790655944997,0.165,-4.81453868120571,4.252964562165747
11.399999999999975,-1.5807807524363975,589.3509897751287,923.050912207946,-0.1745,48.951222492793974,-5.433564255843111,0.165,-4.81453868120571,4.252964562165747
11.499999999999975,-1.5799429542141905,594.2500086076719,922.5072217208929,-0.1745,49.029154158069964,-5.44024548522035,0.165,-4.81453868120571,4.252964562165747
11.599999999999975,-1.5788864137686611,599.156815421103,921.9629025439708,-0.1745,49.106982110552025,-5.446138053219416,0.165,-4.81453868120571,4.252964562165747
11.699999999999974,-1.577676859925734,604.0713983158937,921.4180225528695,-0.1745,49.184675785260524,-5.45146176880623,0.165,-4.81453868120571,4.252964562165747
11.799999999999974,-1.576361694845783,608.9937427584026,920.8726306837133,-0.1745,49.26221306491735,-5.456375614317201,0.165,-4.81453868120571,4.252964562165747
11.899999999999974,-1.5749750723644076,613.9238323094626,920.3267621780011,-0.1745,49.339577956281644,-5.46099449992745,0.165,-4.81453868120571,4.252964562165747
11.999999999999973,-1.5735415747125303,618.861649152484,919.7804423819066,-0.1745,49.41675890414802,-5.465401421962571,0.165,-4.81453868120571,4.252964562165747
12.099999999999973,-1.5720788728905921,623.8071744761129,919.2336894967833,-0.1745,49.49374756843032,-5.469656280503805,0.165,-4.81453868120571,4.252964562165747
12.199999999999973,-1.5705996505264745,628.760388751409,918.6865165692386,-0.1745,49.57053793749068,-5.473802270390324,0.165,-4.81453868120571,4.252964562165747
12.299999999999972,-1.5691129943237323,633.7212719325609,918.1389329301838,-0.1745,49.64712568554575,-5.4778705107060155,0.165,-4.81453868120571,4.252964562165747
12.399999999999972,-1.5676253984246453,638.6898036021972,917.590945234832,-0.1745,49.72350770718186,-5.481883396329614,0.165,-4.81453868120571,4.252964562165747
12.499999999999972,-1.4114554689527519,643.6659630765729,917.0425582138693,-0.1745,49.79968178033057,-5.485857022925985,0.165,-4.81453868120571,4.252964562165747
12.599999999999971,-1.4538596634991108,648.6539085249652,916.5128513839865,-0.1495,49.95922718751524,-5.108279574730569,0.8300000000000001,-4.81453868120571,4.252964562165747
12.69999999999997,-1.4838154712328007,653.6528389760431,915.9963877781862,-0.1745,50.01938183404241,-5.220992541274385,0.165,-4.81453868120571,4.252964562165747
12.79999999999997,-1.5048454214700953,658.6579956618717,915.4701923314989,-0.1745,50.083751882529555,-5.302916392471995,0.165,-4.81453868120571,4.252964562165747
12.89999999999997,-1.519482004213526,663.6697367781265,914.9369103795522,-0.1745,50.151070442567956,-5.362722646462829,0.165,-4.81453868120571,4.252964562165747
12.99999999999997,-1.5295438713851317,668.6883120789639,914.3984415642395,-0.1745,50.220435574178595,-5.406653659789862,0.165,-4.81453868120571,4.252964562165747
13.09999999999997,-1.5363357879493997,673.7138940432096,913.8561489551422,-0.1745,50.29120371073657,-5.439198522156605,0.165,-4.81453868120571,4.252964562165747
13.199999999999969,-1.5407930461535573,678.7465999772563,913.3110098999877,-0.1745,50.36291497019858,-5.463582580934573,0.165,-4.81453868120571,4.252964562165747
13.299999999999969,-1.5435855783649544,683.7865077475268,912.7637247043065,-0.1745,50.435240435210076,-5.4821213326898715,0.165,-4.81453868120571,4.252964562165747
13.399999999999968,-1.545192905975181,688.8336670066259,912.214794844495,-0.1745,50.50794474677271,-5.496475863539264,0.165,-4.81453868120571,4.252964562165747
13.499999999999968,-1.545958029270863,693.8881072172753,911.6645792020448,-0.1745,50.58085946621594,-5.5078369854643014,0.165,-4.81453868120571,4.252964562165747
13.599999999999968,-1.5461261364214394,698.9498433934815,911.1133344615288,-0.1745,50.653864057907306,-5.51705782485733,0.165,-4.81453868120571,4.252964562165747
13.699999999999967,-1.5458723838565003,704.0188802108718,910.5612441101789,-0.1745,50.726872289899056,-5.524749202140814,0.165,-4.81453868120571,4.252964562165747
13.799999999999967,-1.5453218180551116,709.0952149503051,910.0084392407414,-0.1745,50.79982249876922,-5.531348186609921,0.165,-4.81453868120571,4.252964562165747
13.899999999999967,-1.544563651749453,714.1788396060676,909.4550134647443,-0.1745,50.87267061647987,-5.537167333331308,0.165,-4.81453868120571,4.252964562165747
13.999999999999966,-1.5445117818334129,719.2697423956038,908.9010335970269,-0.1745,50.94538517424211,-5.542430021016797,0.165,-4.81453868120571,4.252964562165747
14.099999999999966,-1.5430643623414144,724.3695337826769,908.3462608400898,-0.1745,51.050442567218724,-5.553025117724541,0.495,-4.81453868120571,4.252964562165747
14.199999999999966,-1.5416817023232063,729.4782006853895,907.790786566058,-0.1745,51.12289548703574,-5.556460362911991,0.165,-4.81453868120571,4.252964562165747
14.299999999999965,-1.5403487892394783,734.5941013628418,907.2349622814704,-0.1745,51.19511806201056,-5.560025328840951,0.165,-4.81453868120571,4.252964562165747
14.399999999999965,-1.539054903363721,739.7172130533198,906.6787768946753,-0.1745,51.26711574754939,-5.563682407061452,0.165,-4.81453868120571,4.252964562165747
14.499999999999964,-1.537792384287981,744.847513464768,906.1222225364295,-0.1745,51.33889248141395,-5.567404757853967,0.165,-4.81453868120571,4.252964562165747
14.599999999999964,-1.5365557508488141,749.9849806447761,905.5652936371964,-0.1745,51.4104511187492,-5.571173226807822,0.165,-4.81453868120571,4.252964562165747
14.699999999999964,-1.5353410735345585,755.1295928878725,905.0079862687791,-0.1745,51.481793743179296,-5.574974141538239,0.165,-4.81453868120571,4.252964562165747
14.799999999999963,-1.5341455271706224,760.2813286694889,904.4502976747954,-0.1745,51.55292188914703,-5.578797738136724,0.165,-4.81453868120571,4.252964562165747
14.899999999999963,-1.5329670722610529,765.4401665989825,903.8922259359907,-0.1745,51.623836700726734,-5.5826370379552825,0.165,-4.81453868120571,4.252964562165747
14.999999999999963,-1.531804228098534,770.6060853862685,903.3337697317799,-0.1745,51.69453904499518,-5.586487046263071,0.165,-4.81453868120571,4.252964562165747
15.099999999999962,-1.5306559112972318,775.7790638181641,902.7749281704248,-0.1745,51.76502959291539,-5.590344180837404,0.165,-4.81453868120571,4.252964562165747
15.199999999999962,-1.529521320942131,780.9590807416603,902.2157006681467,-0.1745,51.83530887700792,-5.594205864725065,0.165,-4.81453868120571,4.252964562165747
15.299999999999962,-1.5283998569372694,786.1461150521329,901.6560868631026,-0.1745,51.90537733244571,-5.598070236157336,0.165,-4.81453868120571,4.252964562165747
15.399999999999961,-1.5272910619849807,791.3401456850711,901.0960865541936,-0.1745,51.97523532631782,-5.601935942023082,0.165,-4.81453868120571,4.252964562165747
15.499999999999961,-1.5261945803769972,796.5411516103096,900.5356996575471,-0.1745,52.044883178453574,-5.605801990906941,0.165,-4.81453868120571,4.252964562165747
15.59999999999996,-1.4953818011765438,801.7491118280437,899.9749261755734,-0.1745,52.1143211762297,-5.60966764856669,0.165,-5.106398318507732,4.53192198676584
15.69999999999996,-1.4734625079428267,806.9645063923253,899.4176352588016,-0.1745,52.19357010940219,-5.536150686867601,0.165,-5.106398318507732,4.53192198676584
15.79999999999996,-1.4578006051932892,812.1876534325214,898.866549699502,-0.1745,52.26937069451827,-5.485560499123807,0.165,-5.106398318507732,4.53192198676584
15.89999999999996,-1.2838590368130975,817.4182554388104,898.3197158962587,-0.1745,52.34266943126122,-5.451115565743626,0.165,-5.106398318507732,4.53192198676584
15.99999999999996,-1.3241742395276124,822.6605151209352,897.7968630460323,-0.1495,52.50252421123377,-5.005941438783417,0.8300000000000001,-5.106398318507732,4.53192198676584
16.09999999999996,-1.352220233858702,827.9133501713817,897.290707992894,-0.1745,52.55417679769603,-5.117159623981367,0.165,-5.106398318507732,4.53192198676584
16.19999999999996,-1.3716426639389785,833.1715746058705,896.7750267470466,-0.1745,52.610311892079956,-5.196465292967154,0.165,-5.106398318507732,4.53192198676584
16.29999999999996,-1.3850096182893852,838.4355663012228,896.2525380992361,-0.1745,52.66952201496623,-5.253307663242471,0.165,-5.106398318507732,4.53192198676584
16.399999999999963,-1.3941282421570822,843.7055836433344,895.725155246369,-0.1745,52.73082482726596,-5.2943493940995054,0.165,-5.106398318507732,4.53192198676584
16.499999999999964,-1.4002690925984043,848.981801545284,895.1942235730016,-0.1745,52.79353321172691,-5.324284073248761,0.165,-5.106398318507732,4.53192198676584
16.599999999999966,-0.6632936995940258,854.2643365002078,894.6606885936183,-0.1745,52.85716588674916,-5.3464155144187835,0.165,-5.106398318507732,4.53192198676584
16.699999999999967,-0.8885471531885092,859.5495726035781,894.2241641260874,-0.06225,52.84755618065514,-3.384073836198002,0.495,-5.106398318507732,4.53192198676584
16.79999999999997,-0.3091737971938641,864.8331150911669,893.855961838481,-0.1745,52.82329357112092,-3.979971915930681,0.165,-5.106398318507732,4.53192198676584
16.89999999999997,-0.6392743789489479,870.1154671801775,893.5347772630064,-0.06225,52.82374820909107,-2.443719593560979,0.495,-5.106398318507732,4.53192198676584
16.99999999999997,-0.8718634399136271,875.3943463343505,893.2469127909494,-0.1745,52.753834874369865,-3.3135698475793536,0.165,-5.106398318507732,4.53192198676584
17.099999999999973,-1.0353637181873103,880.6683859943795,892.8848543089538,-0.1745,52.72695832620872,-3.9275997923327384,0.165,-5.106398318507732,4.53192198676584
17.199999999999974,-0.4124452548526397,885.9411865734439,892.4704232616319,-0.1745,52.729053255079734,-4.361021154104474,0.165,-5.106398318507732,4.53192198676584
17.299999999999976,-0.7122459012839627,891.2123578168597,892.1169183450315,-0.06225,52.69437161323528,-2.709077177902932,0.165,-5.106398318507732,4.53192198676584
17.399999999999977,-0.9234978684082201,896.4790135814362,891.8065765555535,-0.1745,52.63874367829471,-3.497758611656685,0.165,-5.106398318507732,4.53192198676584
17.49999999999998,-1.0720168705927715,901.7420251485837,891.4289433692838,-0.1745,52.621487664654744,-4.0549051137376315,0.165,-5.106398318507732,4.53192198676584
17.59999999999998,-1.1762102408272714,907.0046080913277,891.0037743519214,-0.1745,52.63017119022352,-4.448475233510516,0.165,-5.106398318507732,4.53192198676584
17.69999999999998,-1.2511889317623994,912.2689446130681,890.545022110106,-0.1745,52.65655924458657,-4.7265696027979685,0.165,-5.106398318507732,4.53192198676584
17.799999999999983,-1.3012466183174254,917.53980223754,890.0619548043029,-0.1745,52.76059324485155,-4.93477651326187,0.8300000000000001,-5.106398318507732,4.53192198676584
17.899999999999984,-1.336085736808724,922.8182125883693,889.5616203775588,-0.1745,52.807613771734644,-5.071912021619604,0.165,-5.106398318507732,4.53192198676584
17.999999999999986,-1.3602436151672046,928.1016088928212,889.0495610262733,-0.1745,52.86031231730269,-5.169275004090386,0.165,-5.106398318507732,4.53192198676584
18.099999999999987,-1.3769121611635324,933.3904700227013,888.5291629393305,-0.1745,52.91691028029886,-5.238686734765321,0.165,-5.106398318507732,4.53192198676584
18.19999999999999,-1.3883342011614555,938.6851240937749,888.0028051067651,-0.1745,52.976171141172934,-5.288469916543715,0.165,-5.106398318507732,4.53192198676584
18.29999999999999,-1.396084164314275,943.985794291387,887.4721576916438,-0.1745,53.03723281106883,-5.324478385882554,0.165,-5.106398318507732,4.53192198676584
18.39999999999999,-1.4012663686132611,949.2926305891689,886.9383924734839,-0.1745,53.099493144568086,-5.350825977316238,0.165,-5.106398318507732,4.53192198676584
18.499999999999993,-1.4046548330658792,954.6057318007543,886.4023310972095,-0.1745,53.162531087138404,-5.370401548171319,0.165,-5.106398318507732,4.53192198676584
18.599999999999994,-1.4067917146423523,959.925160956914,885.8645494015192,-0.1745,53.22605203605752,-5.38523236563494,0.165,-5.106398318507732,4.53192198676584
18.699999999999996,-1.4080565327983057,965.2509560497145,885.3254507738985,-0.1745,53.289849819951336,-5.3967401867778255,0.165,-5.106398318507732,4.53192198676584
18.799999999999997,-1.4087148035942854,970.5831375490488,884.7853176879438,-0.1745,53.35378016673459,-5.405921532316028,0.165,-5.106398318507732,4.53192198676584
18.9,-1.408952179823761,975.9217136650738,884.2443478871902,-0.1745,53.41774215376294,-5.413474482756976,0.165,-5.106398318507732,4.53192198676584
19.0,-1.4088983994448934,981.2666840339325,883.702679773436,-0.1745,53.481665223412,-5.4198877923268505,0.165,-5.106398318507732,4.53192198676584
19.1,-0.6597763572112785,986.6180422995071,883.1604102099996,-0.1745,53.545500088080715,-5.4255034764008245,0.165,-5.106398318507732,4.53192198676584
19.200000000000003,-0.8868613100615108,991.97373090957,882.7187871228306,-0.06225,53.56827211317728,-3.406958266978686,0.8300000000000001,-5.106398318507732,4.53192198676584
19.300000000000004,-1.0455668691304252,997.3291119708869,882.3476613232339,-0.1745,53.539349113160576,-4.015557724954841,0.165,-5.106398318507732,4.53192198676584
19.400000000000006,-1.1562570351792099,1002.6830594425585,881.9247535408067,-0.1745,53.539600320271596,-4.442597923588325,0.165,-5.106398318507732,4.53192198676584
19.500000000000007,-1.233303436756458,1008.0380195235211,881.4655080135905,-0.1745,53.55960129898106,-4.742312620735793,0.165,-5.106398318507732,4.53192198676584
19.60000000000001,-1.2868158150317748,1013.39565275143,880.9807512302859,-0.1745,53.59306325919702,-4.952823045354583,0.165,-5.106398318507732,4.53192198676584
19.70000000000001,-1.32388829612787,1018.7570925689927,880.4780649790771,-0.1745,53.63573309205525,-5.100901978821281,0.165,-5.106398318507732,4.53192198676584
19.80000000000001,-1.3494894560895596,1024.1231145670538,879.9627534206613,-0.1745,53.684706869169,-5.205329189493659,0.165,-5.106398318507732,4.53192198676584
19.900000000000013,-1.3670940241995968,1029.4942493391477,879.4385238816842,-0.1745,53.73798857270875,-5.279261590049801,0.165,-5.106398318507732,4.53192198676584
20.000000000000014,-1.3791291500719447,1034.8708587637607,878.907965474986,-0.1745,53.7941999195501,-5.331906543914099,0.165,-5.106398318507732,4.53192198676584
20.100000000000016,-1.3872885917494466,1040.2531880714682,878.3728850867502,-0.1745,53.85238623460296,-5.369701220800518,0.165,-5.106398318507732,4.53192198676584
20.200000000000017,-1.3927533514044614,1045.6414016294,877.8345429128066,-0.1745,53.91188492403235,-5.397142258073494,0.165,-5.106398318507732,4.53192198676584
20.30000000000002,-1.396346315690126,1051.0356076527578,877.2938173790731,-0.1745,53.9722355431257,-5.417368416596143,0.165,-5.106398318507732,4.53192198676584
20.40000000000002,-1.3986404793071148,1056.4358753252043,876.7513204997452,-0.1745,54.0331179058022,-5.432569169959726,0.165,-5.106398318507732,4.53192198676584
20.50000000000002,-1.4000345947258404,1061.842246685536,876.2074784973297,-0.1745,54.094309300835874,-5.444270878350614,0.165,-5.106398318507732,4.53192198676584
20.600000000000023,-1.4008060013483554,1067.2547448918913,875.6625881025063,-0.1745,54.15565482626926,-5.453537018117223,0.165,-5.106398318507732,4.53192198676584
20.700000000000024,-1.4020428732331516,1072.6733799721358,875.1168558437872,-0.1745,54.21704677862229,-5.461108156264618,0.165,-5.106398318507732,4.53192198676584
20.800000000000026,-1.401667020914337,1078.0997777690447,874.5701389835476,-0.1745,54.31090915955687,-5.473229048527108,0.495,-5.106398318507732,4.53192198676584
20.900000000000027,-1.4012189352170905,1083.533935874473,874.0225950216305,-0.1745,54.3722529490063,-5.477650189813704,0.165,-5.106398318507732,4.53192198676584
21.00000000000003,-1.400723051225271,1088.9742199814332,873.4746199540298,-0.1745,54.433429190196875,-5.481851162200951,0.165,-5.106398318507732,4.53192198676584
21.10000000000003,-1.4001962991578636,1094.4206128719404,872.9262325123718,-0.1745,54.49442861994909,-5.4858976709570255,0.165,-5.106398318507732,4.53192198676584
21.20000000000003,-1.3996503979413952,1099.8730965481661,872.3774458622955,-0.1745,54.555244904564105,-5.489835330567904,0.165,-5.106398318507732,4.53192198676584
21.300000000000033,-1.2301650924043783,1105.3316524808147,871.82826930637,-0.1745,54.61587374840853,-5.493695787942899,0.165,-5.106398318507732,4.53192198676584
21.400000000000034,-1.28193649625311,1110.7993196294353,871.3017310165177,-0.1495,54.73746922400507,-5.037070009102175,0.495,-5.106398318507732,4.53192198676584
21.500000000000036,-1.3175383135220242,1116.2750229777928,870.7907256901718,-0.1745,54.7765977431461,-5.183036517815702,0.165,-5.106398318507732,4.53192198676584
21.600000000000037,-1.3419512398489726,1121.754958467303,870.2673171177761,-0.1745,54.82211204705602,-5.285134930098421,0.165,-5.106398318507732,4.53192198676584
21.70000000000004,-1.3586289272778331,1127.2396618533053,869.7352181015217,-0.1745,54.871955672991774,-5.356845394989568,0.165,-5.106398318507732,4.53192198676584
21.80000000000004,-0.6058103644884999,1132.7294956365959,869.196999800642,-0.1745,54.92471999282187,-5.407520622606198,0.165,-5.106398318507732,4.53192198676584
21.90000000000004,-0.850407327570577,1138.223078508383,868.7602428325512,-0.06225,54.94693744291879,-3.3276187392090795,0.8300000000000001,-5.106398318507732,4.53192198676584
22.000000000000043,-1.0197906319577612,1143.7155562669384,868.3939120556723,-0.1745,54.90261772818951,-3.998996798368556,0.165,-5.106398318507732,4.53192198676584
22.100000000000044,-1.136862405572663,1149.2052748181018,867.9706939886856,-0.1745,54.89175329507855,-4.465364541365579,0.165,-5.106398318507732,4.53192198676584
22.200000000000045,-1.2176307470366576,1154.695026159796,867.5079559421043,-0.1745,54.903273538805784,-4.7893963902604915,0.165,-5.106398318507732,4.53192198676584
22.300000000000047,-1.2732479638623388,1160.186684279838,867.0177515619217,-0.1745,54.929888862031596,-5.014691213390526,0.165,-5.106398318507732,4.53192198676584
22.40000000000005,-1.3114639578211327,1165.6815151275446,866.508438987785,-0.1745,54.966728092103054,-5.171560269343775,0.165,-5.106398318507732,4.53192198676584
22.50000000000005,-1.3376539279223252,1171.1803766404264,865.9858082946351,-0.1745,55.01050216553452,-5.281053593653085,0.165,-5.106398318507732,4.53192198676584
22.60000000000005,-1.3555405041303086,1176.6838504582583,865.4538669852059,-0.1745,55.05897419110491,-5.357772594932815,0.165,-5.106398318507732,4.53192198676584
22.700000000000053,-1.367698810848875,1182.1923299346126,864.9153866180632,-0.1745,55.11061533598164,-5.411834747920781,0.165,-5.106398318507732,4.53192198676584
22.800000000000054,-1.375908502632661,1187.7060795636075,864.372282680243,-0.1745,55.16437724391653,-5.450244008484093,0.165,-5.106398318507732,4.53192198676584
22.900000000000055,-1.3813985164416835,1193.225275400414,863.8258782282529,-0.1745,55.21953949220883,-5.477845031316095,0.165,-5.106398318507732,4.53192198676584
23.000000000000057,-1.3850169121311218,1198.7500326930474,863.2770866515489,-0.1745,55.275606360461175,-5.497986502764279,0.165,-5.106398318507732,4.53192198676584
23.10000000000006,-1.3873485582896672,1204.2804248360242,862.726538245623,-0.1745,55.332236499075044,-5.512981615752198,0.165,-5.106398318507732,4.53192198676584
23.20000000000006,-1.388796586018085,1209.8164964004957,862.1746677973124,-0.1745,55.38919479035297,-5.52442735046103,0.165,-5.106398318507732,4.53192198676584
23.30000000000006,-1.2179654622837872,1215.358272104858,861.6217751478213,-0.1745,55.446319296893,-5.533425639361496,0.165,-5.106398318507732,4.53192198676584
23.400000000000063,-1.2723782579326435,1220.9072874890262,861.091964272849,-0.1495,55.53398838646712,-5.062791860082215,0.165,-5.106398318507732,4.53192198676584
23.500000000000064,-1.309617073589775,1226.4624377618914,860.5779354300216,-0.1745,55.569017070834505,-5.21778499646538,0.165,-5.106398318507732,4.53192198676584
23.600000000000065,-1.3350397365994597,1232.0214382377205,860.050771314336,-0.1745,55.61099244574895,-5.325497317248397,0.165,-5.106398318507732,4.53192198676584
23.700000000000067,-1.352339993933722,1237.584870557172,859.514464039234,-0.1745,55.65765394327928,-5.40064818479056,0.165,-5.106398318507732,4.53192198676584
23.800000000000068,-1.3640614732011427,1243.1531264079886,858.971762125893,-0.1745,55.70746307305256,-5.453390082029747,0.165,-5.106398318507732,4.53192198676584
23.90000000000007,-1.3719541903944021,1248.7264680296607,858.4245566610008,-0.1745,55.75936936038884,-5.490719215812925,0.165,-5.106398318507732,4.53192198676584
24.00000000000007,-1.3772212357961418,1254.3050691996511,857.8741480506453,-0.1745,55.81265403941991,-5.517452991297368,0.165,-5.106398318507732,4.53192198676584
24.100000000000072,-1.3806891561738022,1259.889043135652,857.3214300870762,-0.1745,55.86682468059606,-5.536906280083304,0.165,-5.106398318507732,4.53192198676584
24.200000000000074,-1.38292547068775,1265.4784615539672,856.7670168397408,-0.1745,55.92154368570972,-5.5513586666253,0.165,-5.106398318507732,4.53192198676584
24.300000000000075,-1.3843196350430351,1271.0733677155645,856.2113300606344,-0.1745,55.976579546237254,-5.562376915502794,0.165,-5.106398318507732,4.53192198676584
24.400000000000077,-1.3851387733416487,1276.6737853687875,855.6546593492253,-0.1745,56.03177351822406,-5.571037312678118,0.165,-5.106398318507732,4.53192198676584
24.500000000000078,-1.385566012750694,1282.2797248843478,855.097203541137,-0.1745,56.08701679298086,-5.578078849087778,0.165,-5.106398318507732,4.53192198676584
24.60000000000008,-1.3857268347358525,1287.891187465939,854.5390991643973,-0.1745,56.142234838842406,-5.58400868570703,0.165,-5.106398318507732,4.53192198676584
24.70000000000008,-1.385707178507178,1293.508168040574,853.9804399940559,-0.1745,56.197376653854135,-5.589174721119835,0.165,-5.106398318507732,4.53192198676584
24.800000000000082,-1.3855658716560524,1299.1306572425951,853.4212904832099,-0.1745,56.25240738656959,-5.593815495802062,0.165,-5.106398318507732,4.53192198676584
24.900000000000084,-1.3853431613875515,1304.7586427753677,852.8616949837468,-0.1745,56.30730326888029,-5.598094493458692,0.165,-5.106398318507732,4.53192198676584
25.000000000000085,-1.3850665668185584,1310.3921103456462,852.3016840737549,-0.1745,56.362048136688784,-5.6021237063800315,0.165,-5.106398318507732,4.53192198676584
25.100000000000087,-1.3847548917491617,1316.0310443045446,851.7412788975587,-0.1745,56.416631041278265,-5.605979817544676,0.165,-5.106398318507732,4.53192198676584
25.200000000000088,-1.3844209749030907,1321.6754280871028,851.1804941412967,-0.1745,56.4710446098832,-5.609715307695779,0.165,-5.106398318507732,4.53192198676584
25.30000000000009,-1.3840735740483954,1327.3252445136377,850.6193400721294,-0.1745,56.525283920815994,-5.613366075649726,0.165,-5.106398318507732,4.53192198676584
25.40000000000009,-1.383718656209606,1332.9804759962742,850.0578239351399,-0.1745,56.57934573191279,-5.6169566641398045,0.165,-5.106398318507732,4.53192198676584
25.500000000000092,-1.3833602808082004,1338.6411046804456,849.4959509098306,-0.1745,56.633227951514634,-5.620503842046692,0.165,-5.106398318507732,4.53192198676584
25.600000000000094,-1.3830012039117827,1344.3071125418153,848.9337247647827,-0.1745,56.68692927588104,-5.624019058912797,0.165,-5.106398318507732,4.53192198676584
25.700000000000095,-1.3826432914918285,1349.9784814526479,848.3711483055349,-0.1745,56.74044894077123,-5.627510126043417,0.165,-5.106398318507732,4.53192198676584
25.800000000000097,-1.3822878019411675,1355.655193227252,847.8082236808622,-0.1745,56.79378655131118,-5.630982367411398,0.165,-5.106398318507732,4.53192198676584
25.900000000000098,-1.3819355791327648,1361.3372296530938,847.244952592129,-0.1745,56.846941965520855,-5.634439407252033,0.165,-5.106398318507732,4.53192198676584
26.0000000000001,-1.3815871842921097,1367.0245725121001,846.6813364363259,-0.1745,56.8999152146074,-5.637883708810364,0.165,-5.106398318507732,4.53192198676584
26.1000000000001,-1.3812429860377988,1372.7172035952524,846.1173764037497,-0.1745,56.952706448438775,-5.6413169427130585,0.165,-5.106398318507732,4.53192198676584
26.200000000000102,-1.3809032218344206,1378.4151047125872,845.5530735446771,-0.1745,57.005315898256114,-5.644740238740364,0.165,-5.106398318507732,4.53192198676584
26.300000000000104,-0.592166437509237,1384.118257700059,844.9884288148484,-0.1745,57.05774385118284,-5.648154357833764,0.165,-5.106398318507732,4.53192198676584
26.400000000000105,-0.8445007406370414,1389.8249739943362,844.5368138893859,-0.06225,57.07658203436224,-3.3841441514141164,0.8300000000000001,-5.106398318507732,4.53192198676584
26.500000000000107,-1.0166324859284432,1395.5296173098413,844.162475563383,-0.1745,57.016284275741356,-4.102622368644561,0.165,-5.106398318507732,4.53192198676584
26.600000000000108,-1.133850461488132,1401.2301095689397,843.7276529536133,-0.1745,56.99356090622707,-4.593829826751509,0.165,-5.106398318507732,4.53192198676584
26.70000000000011,-1.2135494120997257,1406.9295662228867,843.251473904731,-0.1745,56.99557217271386,-4.929751150893015,0.165,-5.106398318507732,4.53192198676584
26.80000000000011,-1.2676559475579001,1412.6300451733023,842.7470040278657,-0.1745,57.01400683559595,-5.159646386413815,0.165,-5.106398318507732,4.53192198676584
26.900000000000112,-1.3043277239942608,1418.332915502986,842.2231610611018,-0.1745,57.04339975808002,-5.317212948865373,0.165,-5.106398318507732,4.53192198676584
27.000000000000114,-1.3291343164445102,1424.0390913849026,841.6860264085336,-0.1745,57.080117880253106,-5.425480102499117,0.165,-5.106398318507732,4.53192198676584
27.100000000000115,-1.3458730297567696,1429.7491836765407,841.139743917672,-0.1745,57.12172795251183,-5.500169714732891,0.165,-5.106398318507732,4.53192198676584
27.200000000000117,-1.3571300480787336,1435.4635996783102,840.5871352059587,-0.1745,57.166592082875596,-5.552004519533437,0.165,-5.106398318507732,4.53192198676584
27.300000000000118,-1.3646651886445538,1441.1826094871585,840.0301204040306,-0.1745,57.213604094092155,-5.588291519028806,0.165,-5.106398318507732,4.53192198676584
27.40000000000012,-1.369675094196867,1446.9063904581787,839.4700055060935,-0.1745,57.262015326313616,-5.61400643971543,0.165,-5.106398318507732,4.53192198676584
27.50000000000012,-1.3729729594842432,1452.6350571464543,838.9076784154804,-0.1745,57.31131843919843,-5.632535372544622,0.165,-5.106398318507732,4.53192198676584
27.600000000000122,-1.3751111005823171,1458.3686815380397,838.3437425802604,-0.1745,57.361169392510526,-5.6461813318569405,0.165,-5.106398318507732,4.53192198676584
27.700000000000124,-1.376464459154867,1464.1073067490854,837.7786080191843,-0.1745,57.41133482840372,-5.656509889664224,0.165,-5.106398318507732,4.53192198676584
27.800000000000125,-1.3772874457773578,1469.8509563145485,837.212553284395,-0.1745,57.461656480858885,-5.664584806122684,0.165,-5.106398318507732,4.53192198676584
27.900000000000126,-1.3777526081162565,1475.5996404914326,836.6457676165409,-0.1745,57.512027056825815,-5.67112855095842,0.165,-5.106398318507732,4.53192198676584
28.000000000000128,-1.3779769198106466,1481.3533605378964,836.0783796095195,-0.1745,57.5623738724487,-5.676631589469682,0.165,-5.106398318507732,4.53192198676584
28.10000000000013,-1.3797857039123,1487.112111618691,835.5104766927714,-0.1745,57.612647743443475,-5.681426745493313,0.165,-5.106398318507732,4.53192198676584
28.20000000000013,-1.2029569737424393,1492.8791592826576,834.9415410943274,-0.1745,57.728305535888325,-5.697285223386207,0.8300000000000001,-5.106398318507732,4.53192198676584
28.300000000000132,-1.2594213830270489,1498.6595575199756,834.3969184954511,-0.1495,57.87965921046881,-5.195166754138344,0.8300000000000001,-5.106398318507732,4.53192198676584
28.400000000000134,-1.2974767329220245,1504.4487688692589,833.8690849592954,-0.1745,57.904567775196384,-5.361503968975656,0.165,-5.106398318507732,4.53192198676584
28.500000000000135,-1.32308339216612,1510.240867094631,833.3272605017901,-0.1745,57.93739673224927,-5.474985181129431,0.165,-5.106398318507732,4.53192198676584
28.600000000000136,-1.3402790299877312,1516.0365111849078,832.7758762864868,-0.1745,57.97548507328461,-5.55269912493688,0.165,-5.106398318507732,4.53192198676584
28.700000000000138,-1.3517958887779125,1521.8361381438906,832.2179300953626,-0.1745,58.017054106371305,-5.60622469754771,0.165,-5.106398318507732,4.53192198676584
28.80000000000014,-1.3594812619817744,1527.6400363842192,831.6554488112359,-0.1745,58.06091070020315,-5.643400984986241,0.165,-5.106398318507732,4.53192198676584
28.90000000000014,-1.3645832449117763,1533.448394554549,831.0898021918001,-0.1745,58.10625270639293,-5.669531403731257,0.165,-5.106398318507732,4.53192198676584
29.000000000000142,-1.3679445909910448,1539.2613341948554,830.5219155365396,-0.1745,58.152540099735056,-5.688201701479911,0.165,-5.106398318507732,4.53192198676584
29.100000000000144,-1.3701340549700096,1545.07893165257,829.952413703266,-0.1745,58.19940905455778,-5.7018349639938934,0.165,-5.106398318507732,4.53192198676584
29.200000000000145,-0.5697630297573888,1550.901232824615,829.3817185649268,-0.1745,58.24661438633948,-5.712067802788856,0.165,-5.106398318507732,4.53192198676584
29.300000000000146,-0.8321212766358701,1556.7267698652306,828.9277608759243,-0.06225,58.26412642597589,-3.3670859772632316,0.8300000000000001,-5.106398318507732,4.53192198676584
29.400000000000148,-1.0095933260480545,1562.5495680080587,828.5529557544255,-0.1745,58.19183643058464,-4.129016452711449,0.165,-5.106398318507732,4.53192198676584
29.50000000000015,-1.12944765777545,1568.3671865650826,828.1142412719552,-0.1745,58.16053470989605,-4.645273196694713,0.165,-5.106398318507732,4.53192198676584
29.60000000000015,-1.2102758723891736,1574.1830108816926,827.6322191191292,-0.1745,58.155951622300776,-4.995169859823404,0.165,-5.106398318507732,4.53192198676584
29.700000000000152,-1.264713366428013,1579.9992558979359,827.1208365106002,-0.1745,58.16894870256632,-5.232482310756979,0.165,-5.106398318507732,4.53192198676584
29.800000000000153,-1.3013269382473844,1585.8173821071557,826.5895291013223,-0.1745,58.193575481828574,-5.39366587479852,0.165,-5.106398318507732,4.53192198676584
29.900000000000155,-1.3259144489553862,1591.6383565193798,826.0446751747894,-0.1745,58.22591276265297,-5.503412655859334,0.165,-5.106398318507732,4.53192198676584
30.000000000000156,-1.3423944686652272,1597.4628201113153,825.4905830142608,-0.1745,58.26335907605591,-5.57843055471309,0.165,-5.106398318507732,4.53192198676584
30.100000000000158,-1.353412652134893,1603.291196996498,824.9301607613303,-0.1745,58.30417862759911,-5.6300145038960006,0.165,-5.106398318507732,4.53192198676584
30.20000000000016,-1.36075375376498,1609.1237663917996,824.3653703358564,-0.1745,58.34720927843007,-5.665794005582803,0.165,-5.106398318507732,4.53192198676584
30.30000000000016,-1.365620946569133,1614.9607104194017,823.7975346811472,-0.1745,58.39167127361304,-5.6909190886007295,0.165,-5.106398318507732,4.53192198676584
30.400000000000162,-1.1904173774597806,1620.8021460202704,823.2275455252388,-0.1745,58.4370407437596,-5.7088640295665325,0.165,-5.106398318507732,4.53192198676584
30.500000000000163,-1.2511147463881853,1626.6516539608178,822.6820013379104,-0.1495,58.553118067190226,-5.202019717003337,0.495,-5.106398318507732,4.53192198676584
30.600000000000165,-1.2918459226853594,1632.5079799239732,822.1527859966535,-0.1745,58.57340119591432,-5.382287108133262,0.165,-5.106398318507732,4.53192198676584
30.700000000000166,-1.3191415663891861,1638.366772314069,821.6084440280996,-0.1745,58.60244660600459,-5.504552262945571,0.165,-5.106398318507732,4.53192198676584
30.800000000000168,-1.3374039203413544,1644.2287588903998,821.0538281963486,-0.1745,58.637284920609446,-5.587764372074041,0.165,-5.106398318507732,4.53192198676584
30.90000000000017,-1.3495972025867924,1650.0944202927244,820.4922050660659,-0.1745,58.67594312588245,-5.644698233580243,0.165,-5.106398318507732,4.53192198676584
31.00000000000017,-1.3577156167559992,1655.964072707583,819.9257722027526,-0.1745,58.71710517128926,-5.68395903268768,0.165,-5.106398318507732,4.53192198676584
31.100000000000172,-1.3630998379968704,1661.8379225182857,819.3560072911997,-0.1745,58.75989104276491,-5.711339198370458,0.165,-5.106398318507732,4.53192198676584
31.200000000000173,-1.366650650954443,1667.7161026405952,818.7839035591162,-0.1745,58.803711403424444,-5.730735443299982,0.165,-5.106398318507732,4.53192198676584
31.300000000000175,-0.5604320161245425,1673.5986967732142,818.210128397222,-0.1745,58.84817124895773,-5.744767794585118,0.165,-5.106398318507732,4.53192198676584
31.400000000000176,-0.8279449857715704,1679.4843548208153,817.7549699785269,-0.06225,58.86498970306475,-3.358400579316273,0.8300000000000001,-5.106398318507732,4.53192198676584
31.500000000000178,-1.0081285444643848,1685.3669268758451,817.3798995691757,-0.1745,58.786451397533156,-4.143007607709202,0.165,-5.106398318507732,4.53192198676584
31.60000000000018,-1.1292981568574094,1691.2437852247697,816.9391392115501,-0.1745,58.750715580959856,-4.672199544802473,0.165,-5.106398318507732,4.53192198676584
31.70000000000018,-1.210672508544148,1697.1184580877816,816.4540679963446,-0.1745,58.74274167928113,-5.029224759307039,0.165,-5.106398318507732,4.53192198676584
31.800000000000182,-1.2652546404790406,1702.9932426684766,815.9390936841748,-0.1745,58.75294993461649,-5.270261484089257,0.165,-5.106398318507732,4.53192198676584
31.900000000000183,-1.3018211985023276,1708.8696468437631,815.4039196813926,-0.1745,58.77513357111531,-5.433218571556193,0.165,-5.106398318507732,4.53192198676584
32.000000000000185,-1.3262855930506317,1714.748664712421,814.8550759582884,-0.1745,58.8052238020415,-5.543655890529784,0.165,-5.106398318507732,4.53192198676584
32.100000000000186,-1.3426267458753116,1720.6309525098093,814.296953643112,-0.1745,58.84053214572327,-5.618790412996882,0.165,-5.106398318507732,4.53192198676584
32.20000000000019,-1.3535191809531075,1726.516942754808,813.7325036754702,-0.1745,58.879272754250465,-5.670208939840017,0.165,-5.106398318507732,4.53192198676584
32.30000000000019,-1.3607591843356392,1732.4069191554615,813.1637080713095,-0.1745,58.92025525882061,-5.705703143373292,0.165,-5.106398318507732,4.53192198676584
32.40000000000019,-0.5557692580655429,1738.3010661420499,812.5918974581205,-0.1745,58.96268447294797,-5.730509120409572,0.165,-5.106398318507732,4.53192198676584
32.50000000000019,-0.825755585689556,1744.198177463904,812.1382077583714,-0.06225,58.97954196413146,-3.3432848745697887,0.8300000000000001,-5.106398318507732,4.53192198676584
32.60000000000019,-1.0074624018801352,1750.0921076013578,811.7642132410836,-0.1745,58.89906078494664,-4.136605471188397,0.165,-5.106398318507732,4.53192198676584
32.700000000000195,-1.1295610768364912,1755.9801605607163,811.3238224392665,-0.1745,58.86199840222296,-4.671210565154035,0.165,-5.106398318507732,4.53192198676584
32.800000000000196,-1.2114963215151526,1761.8659137910222,810.8386832008958,-0.1745,58.85306620389458,-5.031574202259052,0.165,-5.106398318507732,4.53192198676584
32.9000000000002,-1.2664134676107843,1767.7516940658527,810.3233719692178,-0.1745,58.862539292715866,-5.27465043130342,0.165,-5.106398318507732,4.53192198676584
33.0000000000002,-1.3031779631896134,1773.6390272323094,809.7876975202194,-0.1745,58.88412403642012,-5.438838548664315,0.165,-5.106398318507732,4.53192198676584
33.1000000000002,-1.32775814964862,1779.5289183808623,809.2382552325278,-0.1745,58.91369893463464,-5.5500072051675975,0.165,-5.106398318507732,4.53192198676584
33.2000000000002,-1.3441666068308975,1785.4220304906653,808.6794765356299,-0.1745,58.9485432614271,-5.625566732791135,0.165,-5.106398318507732,4.53192198676584
33.3000000000002,-1.3550982640196982,1791.3188002228324,808.1143369860868,-0.1745,58.98685138191613,-5.677224258071674,0.165,-5.106398318507732,4.53192198676584
33.400000000000205,-0.5518308808458451,1797.2195138313675,807.5448334831668,-0.1745,59.02742078878862,-5.7128458003279885,0.165,-5.106398318507732,4.53192198676584
33.500000000000206,-0.8239048449501098,1803.1214320816623,807.0928729985486,-0.06225,59.0109442171088,-3.32636389203539,0.495,-5.106398318507732,4.53192198676584
33.60000000000021,-1.0069836926688933,1809.0184406542558,806.720244854083,-0.1745,58.92922723475818,-4.126198997276814,0.165,-5.106398318507732,4.53192198676584
33.70000000000021,-1.1299818560962984,1814.9094695068618,806.2806813835366,-0.1745,58.89134981736213,-4.665070413651765,0.165,-5.106398318507732,4.53192198676584
33.80000000000021,-1.2125057512219035,1820.7981301054429,805.7960165990287,-0.1745,58.88186215425714,-5.02822527650613,0.165,-5.106398318507732,4.53192198676584
33.90000000000021,-1.2678077197319213,1826.6867703602347,805.2809491006395,-0.1745,58.89094294157925,-5.273124691276818,0.165,-5.106398318507732,4.53192198676584
34.00000000000021,-1.3048237206798725,1832.5769294707993,804.7453677965689,-0.1745,58.91223926971021,-5.43850139013551,0.165,-5.106398318507732,4.53192198676584
34.100000000000215,-1.3295683987173312,1838.469621058107,804.1959205665597,-0.1745,58.94159247644062,-5.550443210048132,0.165,-5.106398318507732,4.53192198676584
34.200000000000216,-1.3478438773426666,1844.365513593254,803.6370731875598,-0.1745,58.97625822650265,-5.6265043699493384,0.165,-5.106398318507732,4.53192198676584
34.30000000000022,-1.1774125742225932,1850.2683217969475,803.0712463816301,-0.1745,59.079905847364024,-5.690031748645017,0.8300000000000001,-5.106398318507732,4.53192198676584
34.40000000000022,-1.2441660493515379,1856.1803294418069,802.5273165717958,-0.1495,59.16024704982319,-5.188564448039363,0.165,-5.106398318507732,4.53192198676584
34.50000000000022,-1.2887864877564663,1862.097105098503,801.9984781900639,-0.1745,59.175266084102525,-5.38820318659953,0.165,-5.106398318507732,4.53192198676584
34.60000000000022,-1.318578404006717,1868.0158775477685,801.4529245126477,-0.1745,59.20018290120582,-5.5228703617258725,0.165,-5.106398318507732,4.53192198676584
34.70000000000022,-1.338444227195417,1873.9374675246534,800.8960815628564,-0.1745,59.231616636491374,-5.613988634100908,0.165,-5.106398318507732,4.53192198676584
34.800000000000225,-1.3516704250157225,1879.86241505371,800.3315853684742,-0.1745,59.2673339446444,-5.675935253541554,0.165,-5.106398318507732,4.53192198676584
34.900000000000226,-1.3604581942425868,1885.7910744071955,799.7618710477504,-0.1745,59.30585312506709,-5.718351160932503,0.165,-5.106398318507732,4.53192198676584
35.00000000000023,-1.3671388061346004,1891.723676484217,799.1885686544754,-0.1745,59.34618841536452,-5.747696704569809,0.165,-5.106398318507732,4.53192198676584
35.10000000000023,-1.3705929934676828,1897.6619949906342,798.6124824373916,-0.1745,59.420181712976834,-5.774027637106292,0.495,-5.106398318507732,4.53192198676584
35.20000000000023,-1.3728559015173267,1903.6061265662706,798.0343997278734,-0.1745,59.46244979975279,-5.787626553256974,0.165,-5.106398318507732,4.53192198676584
35.30000000000023,-1.3743249095833932,1909.5545035219375,797.4551336607252,-0.1745,59.505089313584804,-5.797694789707368,0.165,-5.106398318507732,4.53192198676584
35.40000000000023,-1.375265383993403,1915.507154188796,796.8749788008639,-0.1745,59.54792402358406,-5.8054024075191455,0.165,-5.106398318507732,4.53192198676584
35.500000000000234,-1.37585446391502,1921.4640922087383,796.294132112775,-0.1745,59.59083637525984,-5.8115313542590945,0.165,-5.106398318507732,4.53192198676584
35.600000000000236,-1.3762103487812234,1927.4253214279317,795.7127253446936,-0.1745,59.63374800860993,-5.816604007368016,0.165,-5.106398318507732,4.53192198676584
35.70000000000024,-1.3764118788888913,1933.390839165714,795.1308466836624,-0.1745,59.67660674703381,-5.820969213254244,0.165,-5.106398318507732,4.53192198676584
35.80000000000024,-1.3765116207836154,1939.360638398292,794.5485552304385,-0.1745,59.71937790452551,-5.824859851222864,0.165,-5.106398318507732,4.53192198676584
35.90000000000024,-1.3765446085489594,1945.3347092173747,793.9658906713496,-0.1745,59.76203847713123,-5.8284313305548086,0.165,-5.106398318507732,4.53192198676584
36.00000000000024,-1.3765341809661469,1951.3130398043188,793.3828797385065,-0.1745,59.80457326175326,-5.8317873263073015,0.165,-5.106398318507732,4.53192198676584
36.10000000000024,-1.3764958779779548,1957.295617080562,792.7995405233078,-0.1745,59.8469722631103,-5.834996977667847,0.165,-5.106398318507732,4.53192198676584
36.200000000000244,-1.3764400407694402,1963.2824271418003,792.2158853555795,-0.1745,59.889228961659974,-5.8381063768970805,0.165,-5.106398318507732,4.53192198676584
36.300000000000246,-1.3763735461827613,1969.2734555477284,791.6319227246577,-0.1745,59.931339156901224,-5.841146241539495,0.165,-5.106398318507732,4.53192198676584
36.40000000000025,-1.3763009632851069,1975.2686875153302,791.0476585607767,-0.1745,59.973300195131955,-5.844137036081646,0.165,-5.106398318507732,4.53192198676584
36.50000000000025,-1.3762253243482294,1981.2681080477882,790.4630970894829,-0.1745,60.01511045403017,-5.84709238979425,0.165,-5.106398318507732,4.53192198676584
36.60000000000025,-1.3761486386189943,1987.2717020204273,789.8782414011536,-0.1745,60.05676899875197,-5.8500213767908855,0.165,-5.106398318507732,4.53192198676584
36.70000000000025,-1.3760722345753806,1993.279454237992,789.2930938304863,-0.1745,60.09827535254173,-5.852930036553406,0.165,-5.106398318507732,4.53192198676584
36.80000000000025,-1.375996987849975,1999.2913494728077,788.7076562092786,-0.1745,60.13962934377218,-5.855822387600037,0.165,-5.106398318507732,4.53192198676584
36.900000000000254,-1.3759234729642509,2005.3073724901953,788.1219300347473,-0.1745,60.18083100398069,-5.858701103028276,0.165,-5.106398318507732,4.53192198676584
37.000000000000256,-1.3758520643085395,2011.3275080653905,787.5359165815673,-0.1745,60.2218804999207,-5.861567960569996,0.165,-5.106398318507732,4.53192198676584
37.10000000000026,-1.3757830033226117,2017.3517409948013,786.9496169764226,-0.1745,60.262778088294276,-5.864424142324396,0.165,-5.106398318507732,4.53192198676584
37.20000000000026,-1.3757164431752433,2023.3800561034961,786.3630322475908,-0.1745,60.30352408560349,-5.8672704343115845,0.165,-5.106398318507732,4.53192198676584
37.30000000000026,-1.375652478469277,2029.4124382501802,785.776163357911,-0.1745,60.344118848076334,-5.870107359285706,0.165,-5.106398318507732,4.53192198676584
37.40000000000026,-1.3755911649843398,2035.4488723304992,785.1890112266917,-0.1745,60.3845627583037,-5.872935265099653,0.165,-5.106398318507732,4.53192198676584
37.50000000000026,-1.375532532793899,2041.4893432792317,784.6015767442628,-0.1745,60.42485621634547,-5.875754383477354,0.165,-5.106398318507732,4.53192198676584
37.600000000000264,-1.375476594977227,2047.5338360717394,784.0138607816344,-0.1745,60.46499963381166,-5.878564869090784,0.165,-5.106398318507732,4.53192198676584
37.700000000000266,-1.3754233534035571,2053.582335724926,783.4258641969033,-0.1745,60.50499342992358,-5.881366825533076,0.165,-5.106398318507732,4.53192198676584
37.80000000000027,-1.3753728025709462,2059.6348272978667,782.8375878394978,-0.1745,60.54483802889212,-5.88416032257599,0.165,-5.106398318507732,4.53192198676584
37.90000000000027,-1.3753249321530414,2065.69129589222,782.2490325529874,-0.1745,60.58453385817214,-5.886945407632369,0.165,-5.106398318507732,4.53192198676584
38.00000000000027,-1.3752797286879062,2071.7517266524933,781.6601991769375,-0.1745,60.62408134729929,-5.889722113366749,0.165,-5.106398318507732,4.53192198676584
38.10000000000027,-1.3760767590683496,2077.816104766214,781.0710885481318,-0.1745,60.663480927114016,-5.8924904627465216,0.165,-5.106398318507732,4.53192198676584
38.20000000000027,-1.3756555935986294,2083.886040406257,780.4814150353831,-0.1745,60.73523187374887,-5.900979792228165,0.495,-5.106398318507732,4.53192198676584
38.300000000000274,-1.375367285358996,2089.9615214383734,779.8912376843359,-0.1745,60.7743887685769,-5.902567228713788,0.165,-5.106398318507732,4.53192198676584
38.400000000000276,-1.3751676066241676,2096.040907869073,779.3008823695,-0.1745,60.81333984542197,-5.904539068005731,0.165,-5.106398318507732,4.53192198676584
38.50000000000028,-1.3750273177305723,2102.1241801472993,778.7103173062255,-0.1745,60.8521057190959,-5.906762197482703,0.165,-5.106398318507732,4.53192198676584
38.60000000000028,-1.3749270915120935,2108.211320441985,778.1195217675119,-0.1745,60.89070017462315,-5.909148576790974,0.165,-5.106398318507732,4.53192198676584
38.70000000000028,-1.3748541546077018,2114.3023120744842,777.5284823389502,-0.1745,60.929132475356965,-5.9116399944425435,0.165,-5.106398318507732,4.53192198676584
38.80000000000028,-1.374800065538986,2120.3971391428568,776.9371904405375,-0.1745,60.96740889209564,-5.914197973810978,0.165,-5.106398318507732,4.53192198676584
38.90000000000028,-1.374759245246412,2126.4957862732476,776.3456406872971,-0.1745,61.00553371572014,-5.916797090997581,0.165,-5.106398318507732,4.53192198676584
39.000000000000284,-1.3747280055523257,2132.5982384554113,775.7538298051144,-0.1745,61.04350992755723,-5.919420552656168,0.165,-5.106398318507732,4.53192198676584
39.100000000000286,-1.3755396960514883,2138.7044809339395,775.1617559139654,-0.1745,61.08133964300493,-5.922057270323344,0.165,-5.106398318507732,4.53192198676584
39.20000000000029,-1.3751420774459655,2144.8161240785657,774.569131588187,-0.1745,61.15152324951816,-5.930429245244395,0.495,-5.106398318507732,4.53192198676584
39.30000000000029,-1.374879173216268,2150.9331560176433,773.9760147503353,-0.1745,61.18911553203674,-5.931907511791941,0.165,-5.106398318507732,4.53192198676584
39.40000000000029,-1.3747057809113556,2157.0539370541806,773.3827304138948,-0.1745,61.22650519870652,-5.933779217017528,0.165,-5.106398318507732,4.53192198676584
39.50000000000029,-1.3745921132546888,2163.1784479889106,772.7892460853442,-0.1745,61.2637134958922,-5.935907353995694,0.165,-5.106398318507732,4.53192198676584
39.60000000000029,-1.374518544872433,2169.306671392721,772.1955406375603,-0.1745,61.300754580311285,-5.93820160168317,0.165,-5.106398318507732,4.53192198676584
39.700000000000294,-1.3744721473734227,2175.4385910182546,771.6016004357452,-0.1745,61.33763793036011,-5.940602434618021,0.165,-5.106398318507732,4.53192198676584
39.800000000000296,-1.3744444046224091,2181.5741914116884,771.00741678225,-0.1745,61.374369938313244,-5.943070635288889,0.165,-5.106398318507732,4.53192198676584
39.9000000000003,-1.3744297066480193,2187.713457656667,770.412984231772,-0.1745,61.41095496125508,-5.945580374268316,0.165,-5.106398318507732,4.53192198676584
40.0000000000003,-1.3744243571116554,2193.8563752054547,769.8182994807725,-0.1745,61.44739601450385,-5.948114645724475,0.165,-5.106398318507732,4.53192198676584
40.1000000000003,-1.374425919406884,2200.0029297676297,769.223360635613,-0.1745,61.48369522899317,-5.950662257466398,0.165,-5.106398318507732,4.53192198676584
40.2000000000003,-1.3744327859798566,2206.1531072367225,768.6281667304061,-0.1745,61.51985415286328,-5.953215846672109,0.165,-5.106398318507732,4.53192198676584
40.3000000000003,-1.3744438947517064,2212.306893641879,768.0327174094642,-0.1745,61.55587395026386,-5.955770572165619,0.165,-5.106398318507732,4.53192198676584
40.400000000000304,-1.3744585424526452,2218.4642751160104,767.4370127182149,-0.1745,61.591755532359976,-5.958323252820352,0.165,-5.106398318507732,4.53192198676584
40.500000000000306,-1.374476261783627,2224.62523787481,766.841052965571,-0.1745,61.62749964363503,-5.960871800058854,0.165,-5.106398318507732,4.53192198676584
40.60000000000031,-1.3744967406036823,2230.789768202928,766.2448386333594,-0.1745,61.66310691872684,-5.963414844170431,0.165,-5.106398318507732,4.53192198676584
40.70000000000031,-1.376191816534217,2236.9578524448566,765.6483703167348,-0.1745,61.69857791984599,-5.965951488323095,0.165,-5.106398318507732,4.53192198676584
40.80000000000031,-1.3754600046203862,2243.1327515037065,765.0510714126073,-0.1745,61.79940325714938,-5.98002659422732,0.8300000000000001,-5.106398318507732,4.53192198676584
40.90000000000031,-1.3749931294824826,2249.314456921426,764.4530602968409,-0.1745,61.83470509723883,-5.980195721100223,0.165,-5.106398318507732,4.53192198676584
41.00000000000031,-1.3747005563252426,2255.499679678073,763.8549923489035,-0.1745,61.869750035703184,-5.981163237648753,0.165,-5.106398318507732,4.53192198676584
41.100000000000314,-1.3745228666472886,2261.6883962209445,763.2568016177497,-0.1745,61.904580821727606,-5.982651385426339,0.165,-5.106398318507732,4.53192198676584
41.200000000000315,-1.3744211153633346,2267.8805865444942,762.6584451493176,-0.1745,61.939225649269794,-5.984477983216676,0.165,-5.106398318507732,4.53192198676584
41.30000000000032,-1.374369781551386,2274.076232984744,762.0598950715532,-0.1745,61.973703155719356,-5.986523572069489,0.165,-5.106398318507732,4.53192198676584
41.40000000000032,-1.3760183910925174,2280.2753194278375,761.4611334007789,-0.1745,62.00802570614916,-5.9887098434184205,0.165,-5.106398318507732,4.53192198676584
41.50000000000032,-1.3752693938307092,2286.481105295443,760.8615713622747,-0.1745,62.10769164595993,-6.002530926664653,0.8300000000000001,-5.106398318507732,4.53192198676584
41.60000000000032,-1.374798652341567,2292.6935812503793,760.2613194639987,-0.1745,62.14182745276973,-6.002507038856833,0.165,-5.106398318507732,4.53192198676584
41.70000000000032,-1.374510465027653,2298.9094577718947,759.6610277525579,-0.1745,62.17570297754089,-6.003327189959358,0.165,-5.106398318507732,4.53192198676584
41.800000000000324,-1.3743422431611965,2305.128711102094,759.0606265635683,-0.1745,62.20936362644518,-6.004696589830012,0.165,-5.106398318507732,4.53192198676584
41.900000000000325,-1.374253062646385,2311.3513212465864,758.4600706162951,-0.1745,62.242839263407795,-6.006422355635298,0.165,-5.106398318507732,4.53192198676584
42.00000000000033,-1.3742161702969442,2317.5772706883895,757.8593305826511,-0.1745,62.27614957265126,-6.008378317245337,0.165,-5.106398318507732,4.53192198676584
42.10000000000033,-1.3742140798215372,2323.806543545691,757.2583875684777,-0.1745,62.30930757337706,-6.010481966221408,0.165,-5.106398318507732,4.53192198676584
42.20000000000033,-1.3742353633575415,2330.0391250204766,756.6572295020597,-0.1745,62.34232192233172,-6.012679362137646,0.165,-5.106398318507732,4.53192198676584
42.30000000000033,-1.3742725528571675,2336.275001037679,756.0558487713599,-0.1745,62.37519842171257,-6.014935251857986,0.165,-5.106398318507732,4.53192198676584
42.40000000000033,-1.3743207677666103,2342.5141580090813,755.4542406786153,-0.1745,62.40794100633017,-6.017226603034983,0.165,-5.106398318507732,4.53192198676584
42.500000000000334,-1.3743768178738018,2348.7565826788805,754.8524024298047,-0.1745,62.44055238965833,-6.019538373176988,0.165,-5.106398318507732,4.53192198676584
42.600000000000335,-1.3744386169492584,2355.002262022689,754.2503324740387,-0.1745,62.473034486516106,-6.0218607421418415,0.165,-5.106398318507732,4.53192198676584
42.70000000000034,-1.374504799614169,2361.2511831814913,753.648030071814,-0.1745,62.505388689530236,-6.024187302352955,0.165,-5.106398318507732,4.53192198676584
42.80000000000034,-1.3745744710638417,2367.503333418463,753.0454950129154,-0.1745,62.53761604990908,-6.026513875620112,0.165,-5.106398318507732,4.53192198676584
42.90000000000034,-1.3746470436197216,2373.7587000907392,752.4427274321434,-0.1745,62.56971739561464,-6.028837739817679,0.165,-5.106398318507732,4.53192198676584
43.00000000000034,-1.374722130014032,2380.0172706309495,751.8397276889738,-0.1745,62.60169340859016,-6.0311571235765316,0.165,-5.106398318507732,4.53192198676584
43.10000000000034,-1.3747994737330727,2386.27903253514,751.2364962889854,-0.1745,62.6335446752158,-6.033470876189104,0.165,-5.106398318507732,4.53192198676584
43.200000000000344,-1.374878903561545,2392.5439733548637,750.6330338325745,-0.1745,62.665271719263785,-6.035778252029276,0.165,-5.106398318507732,4.53192198676584
43.300000000000345,-1.3749603039271607,2398.812080691998,750.0293409814832,-0.1745,62.6968750234168,-6.038078769796586,0.165,-5.106398318507732,4.53192198676584
43.40000000000035,-1.3766967045894862,2405.0833421953344,749.4254184369614,-0.1745,62.72835504331442,-6.040372120638049,0.165,-5.106398318507732,4.53192198676584
43.50000000000035,-1.3760348723211568,2411.3610200631233,748.8206896531427,-0.1745,62.82520231246605,-6.054203555736708,0.8300000000000001,-5.106398318507732,4.53192198676584
43.60000000000035,-1.3756376492261924,2417.645106998276,748.2152733688666,-0.1745,62.85653639058938,-6.05412212978447,0.165,-5.106398318507732,4.53192198676584
43.70000000000035,-1.3754130122703643,2423.9323150017453,747.6098245979114,-0.1745,62.88762367880048,-6.0548532893215565,0.165,-5.106398318507732,4.53192198676584
43.80000000000035,-1.375301116414047,2430.2226216108315,747.0042764225019,-0.1745,62.918508502921746,-6.056110218867341,0.165,-5.106398318507732,4.53192198676584
43.900000000000354,-1.3752630506507852,2436.5160080285336,746.3985855957475,-0.1745,62.94921985111753,-6.0577063162222995,0.165,-5.106398318507732,4.53192198676584
44.000000000000355,-1.3752735198980965,2442.812457857264,745.792724269496,-0.1745,62.979776723484655,-6.059520208806162,0.165,-5.106398318507732,4.53192198676584
44.10000000000036,-0.5196918861387193,2449.111956274333,745.1866746104317,-0.1745,63.01019161790108,-6.061472972480595,0.165,-5.106398318507732,4.53192198676584
44.20000000000036,-0.8184446229594724,2455.413522825934,744.7160806860458,-0.06225,63.02113941411442,-3.350405515239097,0.8300000000000001,-5.106398318507732,4.53192198676584
44.30000000000036,-1.0156398894696477,2461.709540598709,744.3342364951912,-0.1745,62.89921604138694,-4.2864783018516235,0.165,-5.106398318507732,4.53192198676584
44.40000000000036,-1.1422067938399372,2467.9994324703384,743.8744497773736,-0.1745,62.89862139120724,-4.90925605450173,0.8300000000000001,-5.106398318507732,4.53192198676584
44.50000000000036,-1.2246647861125446,2474.2877415591806,743.3636609164062,-0.1745,62.86756038563429,-5.306521164846217,0.165,-5.106398318507732,4.53192198676584
44.600000000000364,-1.278356271135104,2480.5740491511997,742.8200348163232,-0.1745,62.858591454750965,-5.566000836813537,0.165,-5.106398318507732,4.53192198676584
44.700000000000365,-1.3133078798385687,2486.8601651432273,742.2549512780217,-0.1745,62.86372838579685,-5.735669929215145,0.165,-5.106398318507732,4.53192198676584
44.80000000000037,-1.3360616035556294,2493.147246843391,741.675826048022,-0.1745,62.87790561747764,-5.846834670778888,0.165,-5.106398318507732,4.53192198676584
44.90000000000037,-1.3508808055874768,2499.436036210303,741.0874888654045,-0.1745,62.89788172076786,-5.919908981572076,0.165,-5.106398318507732,4.53192198676584
45.00000000000037,-1.1709784225788051,2505.7270088279483,740.4930836807722,-0.1745,62.921570632138994,-5.968194711074041,0.165,-5.106398318507732,4.53192198676584
45.10000000000037,-1.2437462936813772,2512.024554070163,739.9243785336012,-0.1495,63.02933421215528,-5.4059082323474925,0.495,-5.106398318507732,4.53192198676584
45.20000000000037,-1.2910654783887898,2518.327239810256,739.3722998398049,-0.1745,63.02438058970293,-5.635665643577155,0.165,-5.106398318507732,4.53192198676584
45.300000000000374,-1.3218321438786824,2524.630053171787,738.8012284513122,-0.1745,63.03188664092161,-5.785762126276188,0.165,-5.106398318507732,4.53192198676584
45.400000000000375,-1.341840829462091,2530.9340161354025,738.2177382084969,-0.1745,63.04737263138896,-5.884042730029468,0.165,-5.106398318507732,4.53192198676584
45.50000000000038,-0.4988586930102334,2537.2397832775764,737.6261042533447,-0.1745,63.067970212088845,-5.948636373015978,0.165,-5.106398318507732,4.53192198676584
45.60000000000038,-0.8062235432542232,2543.547169491814,737.1648868814475,-0.06225,63.07975407266952,-3.2757110649274064,0.8300000000000001,-5.106398318507732,4.53192198676584
45.70000000000038,-0.8188706612516417,2549.848793463459,736.7891227442029,-0.1745,62.95272536023196,-4.239571679963977,0.165,-5.106398318507732,4.53192198676584
45.80000000000038,-1.0152820354457048,2556.145823232317,736.3630762269506,-0.1495,62.987870016927765,-4.281358665081824,0.495,-5.106398318507732,4.53192198676584
45.90000000000038,-1.1433403767915986,2562.441247803453,735.9041421035398,-0.1745,62.92062140579089,-4.897323803134345,0.165,-5.106398318507732,4.53192198676584
46.000000000000384,-1.2267593226320495,2568.731713794385,735.3943074783822,-0.1745,62.888698412852655,-5.299368700019205,0.165,-5.106398318507732,4.53192198676584
46.100000000000385,-1.2810695087189239,2575.0201066130285,734.8512430099995,-0.1745,62.8791579600138,-5.561920667634832,0.165,-5.106398318507732,4.53192198676584
46.20000000000039,-1.316419432253514,2581.308259736437,734.286468851583,-0.1745,62.88390450815294,-5.733562500696757,0.165,-5.106398318507732,4.53192198676584
46.30000000000039,-1.1493482113724642,2587.5973452372036,733.7074911040696,-0.1745,62.897805507184316,-5.8459924495696445,0.165,-5.106398318507732,4.53192198676584
46.40000000000039,-1.2309593181568714,2593.890644251447,733.149117674251,-0.1495,62.96817477768326,-5.321476146803739,0.165,-5.106398318507732,4.53192198676584
46.50000000000039,-1.2840599728739444,2600.187010615507,732.6041101514801,-0.1745,62.95915250351603,-5.578674308614221,0.165,-5.106398318507732,4.53192198676584
46.60000000000039,-1.318602670026683,2606.4831749651457,732.0378406049053,-0.1745,62.964134489258775,-5.746716622881266,0.165,-5.106398318507732,4.53192198676584
46.700000000000394,-1.3410756110644784,2612.7802859658773,731.4576683576396,-0.1745,62.97808552537328,-5.856728322432679,0.165,-5.106398318507732,4.53192198676584
46.800000000000395,-1.3557036329386878,2619.079079523006,730.8683825152943,-0.1745,62.99778561719844,-5.928988524473359,0.165,-5.106398318507732,4.53192198676584
46.9000000000004,-1.3652354092386019,2625.3800269986805,730.2730980688287,-0.1745,63.02116389628808,-5.976700404839586,0.165,-5.106398318507732,4.53192198676584
47.0000000000004,-1.3714580659788054,2631.6834293788656,729.6738402989837,-0.1745,63.04688370741932,-6.0084549920617585,0.165,-5.106398318507732,4.53192198676584
47.1000000000004,-1.3755329631838975,2637.9894775820585,729.0719255754518,-0.1745,63.074080356435545,-6.029839478576604,0.165,-5.106398318507732,4.53192198676584
47.2000000000004,-1.3782144952897455,2644.2982912858306,728.4682093027103,-0.1745,63.1021937190036,-6.044485976253268,0.165,-5.106398318507732,4.53192198676584
47.3000000000004,-1.3799925271695868,2650.609944007075,727.8632472644749,-0.1745,63.13086070588035,-6.054754788455089,0.165,-5.106398318507732,4.53192198676584
47.400000000000404,-1.381185051658656,2656.924479336933,727.2574005624358,-0.1745,63.15984589128888,-6.062179252327898,0.165,-5.106398318507732,4.53192198676584
47.500000000000405,-1.3819984319714154,2663.241921463559,726.6509038403728,-0.1745,63.18899664122684,-6.06775518893144,0.165,-5.106398318507732,4.53192198676584
47.600000000000406,-1.3825665517304906,2669.5622819976643,726.0439096231088,-0.1745,63.21821404088168,-6.072129156350301,0.165,-5.106398318507732,4.53192198676584
47.70000000000041,-1.3829762481490737,2675.885564401686,725.4365171233484,-0.1745,63.2474340395579,-6.075720838858065,0.165,-5.106398318507732,4.53192198676584
47.80000000000041,-1.1921044900196873,2682.211766864428,724.8287909519486,-0.1745,63.27661521527562,-6.078802589137826,0.165,-5.106398318507732,4.53192198676584
47.90000000000041,-1.2597829010167456,2688.5433268884276,724.251067605475,-0.1495,63.354585264718615,-5.475664340333323,0.165,-5.106398318507732,4.53192198676584
48.00000000000041,-1.3036861043563288,2694.8785884808262,723.6927619518519,-0.1745,63.350646583250835,-5.690448732126639,0.165,-5.106398318507732,4.53192198676584
48.10000000000041,-1.3321671010469678,2701.214040696389,723.1167185044982,-0.1745,63.35839772800447,-5.83042021494914,0.165,-5.106398318507732,4.53192198676584
48.200000000000415,-1.350651409456339,2707.5506415703294,722.5291045077024,-0.1745,63.37361975080566,-5.9218597209659745,0.165,-5.106398318507732,4.53192198676584
48.300000000000416,-1.3626595344803036,2713.8890033336183,721.9339199740539,-0.1745,63.39361551497635,-5.981830952005717,0.165,-5.106398318507732,4.53192198676584
48.40000000000042,-1.370474168147817,2720.2295167415914,721.3337581331434,-0.1745,63.41665264448567,-6.021405866202525,0.165,-5.106398318507732,4.53192198676584
48.50000000000042,-1.375574571092784,2726.5724301301893,720.7302996036232,-0.1745,63.4416151274738,-6.047764724201654,0.165,-5.106398318507732,4.53192198676584
48.60000000000042,-1.3789189245800468,2732.9179000223394,720.1246332725697,-0.1745,63.46778271552669,-6.06556189686942,0.165,-5.106398318507732,4.53192198676584
48.70000000000042,-1.190072783367059,2739.2660236628344,719.5174645133142,-0.1745,63.49469009437792,-6.07781328824124,0.165,-5.106398318507732,4.53192198676584
48.80000000000042,-1.25909282306008,2745.6209729283646,718.9394841415256,-0.1495,63.60429521622688,-5.481794147532007,0.495,-5.106398318507732,4.53192198676584
48.900000000000425,-1.3037846921333263,2751.981114949201,718.3803168307885,-0.1745,63.59854520050591,-5.701552067208241,0.165,-5.106398318507732,4.53192198676584
49.000000000000426,-1.3327259499539195,2758.3412836794537,717.8030166405101,-0.1745,63.604829404548205,-5.844451738358215,0.165,-5.106398318507732,4.53192198676584
49.10000000000043,-1.3514772314804357,2764.7024646677037,717.2139145526153,-0.1745,63.618790360455975,-5.937590019538355,0.165,-5.106398318507732,4.53192198676584
49.20000000000043,-1.3636397452942255,2771.065286615785,716.617108763616,-0.1745,63.63764860117684,-5.998525760447379,0.165,-5.106398318507732,4.53192198676584
49.30000000000043,-1.3731947008256302,2777.430150178409,716.0152509826535,-0.1745,63.65962265129502,-6.0386298588031835,0.165,-5.106398318507732,4.53192198676584
49.40000000000043,-1.3776095130047765,2783.8005841765475,715.409479116252,-0.1745,63.749057311477586,-6.076807469227429,0.8300000000000001,-5.106398318507732,4.53192198676584
49.50000000000043,-1.3805093238911352,2790.1767535250883,714.8010198441929,-0.1745,63.77432965934001,-6.092377971954439,0.165,-5.106398318507732,4.53192198676584
49.600000000000435,-1.3824318193720502,2796.555481678194,714.1912439816912,-0.1745,63.80023340277688,-6.103139278080124,0.165,-5.106398318507732,4.53192198676584
49.700000000000436,-1.3837241837126357,2802.9368186684255,713.5805473760545,-0.1745,63.8265064018482,-6.110792834653876,0.165,-5.106398318507732,4.53192198676584
49.80000000000044,-1.3846105330475118,2809.320792968884,712.9691858482875,-0.1745,63.85297960731935,-6.116437720687853,0.165,-5.106398318507732,4.53192198676584
49.90000000000044,-1.385235502927007,2815.70741915116,712.3573247759454,-0.1745,63.879544038204024,-6.1207837261533715,0.165,-5.106398318507732,4.53192198676584
50.00000000000044,-1.385692412251798,2822.0967028273385,711.745071133243,-0.1745,63.906129485363536,-6.12428912789453,0.165,-5.106398318507732,4.53192198676584
50.10000000000044,-1.3860414556750953,2828.488643840027,711.1324941895302,-0.1745,63.932690768409074,-6.127249746358958,0.165,-5.106398318507732,4.53192198676584
50.20000000000044,-1.3863214516782913,2834.883238321643,710.5196388774926,-0.1745,63.95919886391028,-6.129856494391991,0.165,-5.106398318507732,4.53192198676584
50.300000000000445,-1.3865574271704728,2841.2804800237104,709.9065344249861,-0.1745,63.98563517743468,-6.132232555737223,0.165,-5.106398318507732,4.53192198676584
50.400000000000446,-1.386765512953017,2847.6803611748473,709.293199927314,-0.1745,64.01198784530781,-6.134457397703902,0.165,-5.106398318507732,4.53192198676584
50.50000000000045,-1.386956102755621,2854.082873034464,708.6796479435945,-0.1745,64.0382493470183,-6.136582276686688,0.165,-5.106398318507732,4.53192198676584
50.60000000000045,-1.3871358912983,2860.488006250013,708.0658868173535,-0.1745,64.06441496396536,-6.138640248133344,0.165,-5.106398318507732,4.53192198676584
50.70000000000045,-1.3873091888629585,2866.895751087446,707.4519221735832,-0.1745,64.09048178469558,-6.14065262727382,0.165,-5.106398318507732,4.53192198676584
50.80000000000045,-1.3874787690212378,2873.3060975798294,706.8377578843123,-0.1745,64.1164480629705,-6.14263315814394,0.165,-5.106398318507732,4.53192198676584
50.90000000000045,-1.3876464151909316,2879.7190356231577,706.2233966912444,-0.1745,64.14231280359868,-6.144590703213542,0.165,-5.106398318507732,4.53192198676584
51.000000000000455,-1.3878132729424586,2886.134555038101,705.6088406071731,-0.1745,64.16807549527167,-6.1465309782126525,0.165,-5.106398318507732,4.53192198676584
51.100000000000456,-1.3879800770448703,2892.5526456097778,704.9940911747193,-0.1745,64.19373593826154,-6.148457670863813,0.165,-5.106398318507732,4.53192198676584
51.20000000000046,-1.3881472977560427,2898.9732971133567,704.3791496330681,-0.1745,64.2192941333204,-6.150373162161256,0.165,-5.106398318507732,4.53192198676584
51.30000000000046,-1.3883152350604424,2905.396499330526,703.764017025395,-0.1745,64.24475021005749,-6.152278991301434,0.165,-5.106398318507732,4.53192198676584
51.40000000000046,-1.3884840793627962,2911.8222420600673,703.1486942680644,-0.1745,64.2701043807757,-6.154176155309719,0.165,-5.106398318507732,4.53192198676584
51.50000000000046,-1.3886539505695337,2918.2505151246423,702.5331821951942,-0.1745,64.29535691072364,-6.156065302095411,0.165,-5.106398318507732,4.53192198676584
51.60000000000046,-1.3888249232485586,2924.681308375125,701.9174815873487,-0.1745,64.32050809892964,-6.157946854814378,0.165,-5.106398318507732,4.53192198676584
51.700000000000465,-1.3889970428231335,2931.114611693364,701.3015931900097,-0.1745,64.34555826585596,-6.159821091964423,0.165,-5.106398318507732,4.53192198676584
51.800000000000466,-1.3891703359927332,2937.5504149939293,700.6855177254636,-0.1745,64.37050774544761,-6.161688198959543,0.165,-5.106398318507732,4.53192198676584
51.90000000000047,-1.3893448174374847,2943.988708225202,700.069255900449,-0.1745,64.39535688001246,-6.163548301332162,0.165,-5.106398318507732,4.53192198676584
52.00000000000047,-1.3895204941306418,2950.429481370049,699.4528084110772,-0.1745,64.42010601692478,-6.165401486103354,0.165,-5.106398318507732,4.53192198676584
52.10000000000047,-1.3896973681118487,2956.87272444622,698.8361759459953,-0.1745,64.4447555065032,-6.167247815534577,0.165,-5.106398318507732,4.53192198676584
52.20000000000047,-1.3898754382701481,2963.318427506578,698.2193591884197,-0.1745,64.46930570064474,-6.169087335974987,0.165,-5.106398318507732,4.53192198676584
52.30000000000047,-1.390054701490032,2969.7665806392074,697.6023588174434,-0.1745,64.49375695194553,-6.170920083552159,0.165,-5.106398318507732,4.53192198676584
52.400000000000475,-1.3902351533878674,2976.2171739674613,696.9851755088741,-0.1745,64.51810961313474,-6.172746087831585,0.165,-5.106398318507732,4.53192198676584
52.500000000000476,-1.390416788784949,2982.6701976499535,696.3678099357741,-0.1745,64.54236403671008,-6.174565374169368,0.165,-5.106398318507732,4.53192198676584
52.60000000000048,-1.3905996020112514,2989.125641880524,695.7502627688044,-0.1745,64.56652057470302,-6.176377965224358,0.165,-5.106398318507732,4.53192198676584
52.70000000000048,-1.3907835871003684,2995.583496888186,695.1325346764468,-0.1745,64.59057957852734,-6.178183881929727,0.165,-5.106398318507732,4.53192198676584
52.80000000000048,-1.3909687379145335,3002.0437529370565,694.5146263251444,-0.1745,64.61454139888146,-6.179983144117,0.165,-5.106398318507732,4.53192198676584
52.90000000000048,-1.39115504822473,3008.506400326285,693.8965383793927,-0.1745,64.63840638568516,-6.18177577091665,0.165,-5.106398318507732,4.53192198676584
53.00000000000048,-1.3913425117619427,3014.971429389971,693.2782715017961,-0.1745,64.66217488803858,-6.183561781015125,0.165,-5.106398318507732,4.53192198676584
53.100000000000485,-1.391531122249894,3021.4388304970826,692.6598263531043,-0.1745,64.68584725419545,-6.185341192819601,0.165,-5.106398318507732,4.53192198676584
53.200000000000486,-1.391720873425879,3027.9085940513696,692.0412035922352,-0.1745,64.70942383154556,-6.187114024563475,0.165,-5.106398318507732,4.53192198676584
53.30000000000049,-1.3919117590539734,3034.380710491277,691.4224038762884,-0.1745,64.7329049666031,-6.18888029437378,0.165,-5.106398318507732,4.53192198676584
53.40000000000049,-1.392103772933341,3040.855170289857,690.803427860554,-0.1745,64.75629100499881,-6.190640020314164,0.165,-5.106398318507732,4.53192198676584
53.50000000000049,-1.3922969089034034,3047.3319639546808,690.1842761985178,-0.1745,64.7795822914747,-6.192393220412178,0.165,-5.106398318507732,4.53192198676584
53.60000000000049,-1.3924911608469928,3053.8110820277484,689.5649495418634,-0.1745,64.80277916988018,-6.194139912676498,0.165,-5.106398318507732,4.53192198676584
53.70000000000049,-1.3926865226922167,3060.2925150854007,688.9454485404742,-0.1745,64.82588198316942,-6.195880115107678,0.165,-5.106398318507732,4.53192198676584
53.800000000000495,-1.3928829884134983,3066.776253738229,688.3257738424336,-0.1745,64.84889107339927,-6.197613845704772,0.165,-5.106398318507732,4.53192198676584
53.900000000000496,-1.3930805520320855,3073.2622886309855,687.7059260940249,-0.1745,64.87180678172766,-6.199341122469298,0.165,-5.106398318507732,4.53192198676584
54.0000000000005,-1.393279207616227,3079.7506104424924,687.0859059397311,-0.1745,64.8946294484123,-6.201061963407505,0.165,-5.106398318507732,4.53192198676584
54.1000000000005,-1.3934789492811317,3086.2412098855534,686.4657140222341,-0.1745,64.91735941280965,-6.202776386531551,0.165,-5.106398318507732,4.53192198676584
54.2000000000005,-1.3936797711887914,3092.7340777068625,685.8453509824145,-0.1745,64.93999701337388,-6.204484409859989,0.165,-5.106398318507732,4.53192198676584
54.3000000000005,-1.393881667547721,3099.229204686914,685.2248174593507,-0.1745,64.96254258765615,-6.206186051417812,0.165,-5.106398318507732,4.53192198676584
54.4000000000005,-1.3940846326126424,3105.7265816399117,684.6041140903179,-0.1745,64.98499647230376,-6.20788132923622,0.165,-5.106398318507732,4.53192198676584
54.500000000000504,-1.3942886606841376,3112.2261994136798,683.9832415107885,-0.1745,65.00735900305958,-6.209570261352206,0.165,-5.106398318507732,4.53192198676584
54.600000000000506,-1.3944937461082825,3118.728048889571,683.3622003544305,-0.1745,65.02963051476128,-6.2112528658080395,0.165,-5.106398318507732,4.53192198676584
54.70000000000051,-1.3946998832762667,3125.232120982376,682.7409912531075,-0.1745,65.05181134134088,-6.212929160650676,0.165,-5.106398318507732,4.53192198676584
54.80000000000051,-1.3949070666240115,3131.738406640234,682.1196148368784,-0.1745,65.0739018158241,-6.214599163931131,0.165,-5.106398318507732,4.53192198676584
54.90000000000051,-1.395115290631785,3138.246896844542,681.4980717339967,-0.1745,65.09590227032996,-6.216262893703824,0.165,-5.106398318507732,4.53192198676584
55.00000000000051,-1.3953245498238132,3144.757582609862,680.8763625709101,-0.1745,65.11781303607023,-6.217920368025929,0.165,-5.106398318507732,4.53192198676584
55.10000000000051,-1.395534838767899,3151.2704549838327,680.254487972261,-0.1745,65.13963444334908,-6.219571604956698,0.165,-5.106398318507732,4.53192198676584
55.200000000000514,-1.3957461520750365,3157.7855050470785,679.6324485608853,-0.1745,65.16136682156264,-6.221216622556798,0.165,-5.106398318507732,4.53192198676584
55.300000000000516,-1.395958484399034,3164.3027239131166,679.0102449578131,-0.1745,65.18301049919867,-6.222855438887649,0.165,-5.106398318507732,4.53192198676584
55.40000000000052,-1.3961718304361388,3170.8221027282684,678.3878777822682,-0.1745,65.20456580383623,-6.224488072010764,0.165,-5.106398318507732,4.53192198676584
55.50000000000052,-1.3963861849246584,3177.3436326715673,677.7653476516683,-0.1745,65.22603306214539,-6.2261145399871,0.165,-5.106398318507732,4.53192198676584
55.60000000000052,-1.3966015426445977,3183.8673049546687,677.1426551816252,-0.1745,65.247412599887,-6.227734860876412,0.165,-5.106398318507732,4.53192198676584
55.70000000000052,-1.2019561191687198,3190.393110821759,676.5198009859445,-0.1745,65.26870474191243,-6.2293490527366115,0.165,-5.106398318507732,4.53192198676584
55.80000000000052,-1.2727468570157536,3196.927023941254,675.9283367573512,-0.1495,65.40955764799014,-5.599935519129675,0.8300000000000001,-5.106398318507732,4.53192198676584
55.900000000000524,-0.43602888409208806,3203.467224591574,675.3567962260219,-0.1745,65.39445535840808,-5.830875107457295,0.165,-5.106398318507732,4.53192198676584
56.000000000000526,-0.7822127881896224,3210.0038673163235,674.9113219615745,-0.06225,65.33839913658048,-3.078610181489704,0.165,-5.106398318507732,4.53192198676584
56.10000000000053,-0.12970469048070343,3216.529450863052,674.5472924901811,-0.1745,65.17327179798885,-4.201979246376334,0.165,-5.106398318507732,4.53192198676584
56.20000000000053,-0.584069698380219,3223.0476634975917,674.2336554337589,-0.06225,65.19098089281215,-2.070761882066355,0.8300000000000001,-5.106398318507732,4.53192198676584
56.30000000000053,-0.8768612685280617,3229.5553587324703,673.9530229055665,-0.1745,64.9629238047627,-3.541888681782998,0.165,-5.106398318507732,4.53192198676584
56.40000000000053,-1.0652472898665777,3236.045053769185,673.5515853216581,-0.1745,64.83097692953167,-4.4868629963848425,0.165,-5.106398318507732,4.53192198676584
56.50000000000053,-1.1863296676888586,3242.5244629350464,673.0725274584786,-0.1745,64.75720638769177,-5.0942942672058855,0.165,-5.106398318507732,4.53192198676584
56.600000000000534,-1.264106525179007,3248.99829126938,672.5435697551544,-0.1745,64.71936029898411,-5.484859799277593,0.165,-5.106398318507732,4.53192198676584
56.700000000000536,-1.3140573504616901,3255.4694581120193,671.9825218229222,-0.1745,64.70397655380435,-5.736098845367738,0.165,-5.106398318507732,4.53192198676584
56.80000000000054,-1.3461463273045555,3261.9397940984572,671.4008234136572,-0.1745,64.70274317495127,-5.897869339931911,0.165,-5.106398318507732,4.53192198676584
56.90000000000054,-1.3667779650825718,3268.410454214442,670.8058190701396,-0.1745,64.71045914473873,-6.0022175304206415,0.165,-5.106398318507732,4.53192198676584
57.00000000000054,-1.3800644622738667,3274.88216926112,670.2022217978077,-0.1745,64.7238417888244,-6.069727916216123,0.165,-5.106398318507732,4.53192198676584
57.10000000000054,-1.3886441802690632,3281.355401735711,669.593054673839,-0.1745,64.74080770299317,-6.1136145631581895,0.165,-5.106398318507732,4.53192198676584
57.20000000000054,-1.3942089320718776,3287.830443620228,668.9802561576815,-0.1745,64.76002998734593,-6.142355759990481,0.165,-5.106398318507732,4.53192198676584
57.300000000000544,-1.397843106168293,3294.3074782059753,668.3650689207768,-0.1745,64.78066172760158,-6.1613889781046876,0.165,-5.106398318507732,4.53192198676584
57.400000000000546,-1.400241516950334,3300.7866193763402,667.7482894578133,-0.1745,64.80216167970175,-6.174200281167277,0.165,-5.106398318507732,4.53192198676584
57.50000000000055,-1.4018492340235644,3307.2679366459843,667.1304282439851,-0.1745,64.82418371318325,-6.183023995395972,0.165,-5.106398318507732,4.53192198676584
57.60000000000055,-1.4029512788364635,3313.7514711526137,666.5118124540047,-0.1745,64.84650641940715,-6.189291804211758,0.165,-5.106398318507732,4.53192198676584
57.70000000000055,-1.4037301363881727,3320.237245882736,665.8926518201417,-0.1745,64.86898818303092,-6.193920873047953,0.165,-5.106398318507732,4.53192198676584
57.80000000000055,-1.4043026173384663,3326.7252722150074,665.2730808448761,-0.1745,64.89153846240302,-6.197498632266114,0.165,-5.106398318507732,4.53192198676584
57.90000000000055,-1.4047434777300951,3333.2155541088564,664.6531858508994,-0.1745,64.9140994145741,-6.200401247267013,0.165,-5.106398318507732,4.53192198676584
58.000000000000554,-1.4051005496338342,3339.708090786227,664.0330223108795,-0.1745,64.93663413283903,-6.202869553130809,0.165,-5.106398318507732,4.53192198676584
58.100000000000556,-1.40540443149753,3346.20287844863,663.4126259475186,-0.1745,64.959119115223,-6.2050577140874825,0.165,-5.106398318507732,4.53192198676584
58.20000000000056,-1.4064748598080858,3352.6999113764696,662.7920198419148,-0.1745,64.98153944156577,-6.207064397988276,0.165,-5.106398318507732,4.53192198676584
58.30000000000056,-1.4063636657082816,3359.2008075750286,662.170932518795,-0.1745,65.03638452961394,-6.214682064407557,0.495,-5.106398318507732,4.53192198676584
58.40000000000056,-1.4063700574530111,3365.70556167028,661.5494327303908,-0.1745,65.05869737541575,-6.215313703677334,0.165,-5.106398318507732,4.53192198676584
58.50000000000056,-1.406451937955062,3372.212539624719,660.9278512635467,-0.1745,65.08086171335756,-6.216315633204729,0.165,-5.106398318507732,4.53192198676584
58.60000000000056,-1.4065824057156686,3378.721727655511,660.3061578852763,-0.1745,65.10289890248708,-6.217551932202687,0.165,-5.106398318507732,4.53192198676584
58.700000000000564,-1.4067442720362369,3385.2331137364777,659.68433350242,-0.1745,65.12482271684449,-6.218935724922866,0.165,-5.106398318507732,4.53192198676584
58.800000000000566,-1.406926555433798,3391.746686976277,659.0623661413936,-0.1745,65.14664207914238,-6.22041149560743,0.165,-5.106398318507732,4.53192198676584
58.90000000000057,-1.4071222406215491,3398.2624372207233,658.4402483777668,-0.1745,65.1683628097799,-6.221943776928525,0.165,-5.106398318507732,4.53192198676584
59.00000000000057,-1.4073268461371933,3404.7803547984918,657.8179756931081,-0.1745,65.18998874558747,-6.223509916245733,0.165,-5.106398318507732,4.53192198676584
59.10000000000057,-1.4075375089870001,3411.3004303585344,657.1955454247736,-0.1745,65.21152245526396,-6.225095450443763,0.165,-5.106398318507732,4.53192198676584
59.20000000000057,-1.4077523997908978,3417.822654766138,656.5729560947921,-0.1745,65.23296569680342,-6.226691149187321,0.165,-5.106398318507732,4.53192198676584
59.30000000000057,-1.4079703491625517,3424.3470190364733,655.9502069810783,-0.1745,65.2543197099009,-6.228291125087238,0.165,-5.106398318507732,4.53192198676584
59.400000000000574,-1.408190609073493,3430.87351429211,655.3272978435235,-0.1745,65.27558540283458,-6.229891626008412,0.165,-5.106398318507732,4.53192198676584
59.500000000000576,-1.4084127004599796,3437.402131735846,654.7042287490514,-0.1745,65.29676347188342,-6.231490263435086,0.165,-5.106398318507732,4.53192198676584
59.60000000000058,-1.4086363159215334,3443.9328626333213,654.0809999599029,-0.1745,65.31785447762115,-6.233085519534908,0.165,-5.106398318507732,4.53192198676584
59.70000000000058,-1.2125244814994014,3450.465698301885,653.4576118623103,-0.1745,65.33885889365048,-6.234676432316934,0.165,-5.106398318507732,4.53192198676584
59.80000000000058,-1.2840010765970615,3457.0033336173415,652.8661738462006,-0.1495,65.41384741548119,-5.5940838898769805,0.165,-5.106398318507732,4.53192198676584
59.90000000000058,-1.3296668249703187,3463.54394473848,652.2951074010812,-0.1745,65.39837500729689,-5.8272450125106765,0.165,-5.106398318507732,4.53192198676584
60.00000000000058,-1.3588588818734861,3470.08367231098,651.7049194249724,-0.1745,65.3961764426985,-5.976514509663303,0.165,-5.106398318507732,4.53192198676584
60.100000000000584,-1.3775436417741638,3476.623597816439,651.1024812936462,-0.1745,65.40233366647989,-6.072248116862413,0.165,-5.106398318507732,4.53192198676584
60.200000000000585,-1.3895299642640058,3483.1644023012495,650.492177310368,-0.1745,65.41375602972504,-6.133831548701191,0.165,-5.106398318507732,4.53192198676584
60.30000000000059,-1.3972477138792603,3489.7065146663213,649.8768038393581,-0.1745,65.42849127171132,-6.173637871496218,0.165,-5.106398318507732,4.53192198676584
60.40000000000059,-1.4022462498452315,3496.250204341556,649.2581439161944,-0.1745,65.44530223298604,-6.19956059177731,0.165,-5.106398318507732,4.53192198676584
60.50000000000059,-1.4055131168763257,3502.795639621668,648.6373342094018,-0.1745,65.46340336925628,-6.216633544074615,0.165,-5.106398318507732,4.53192198676584
60.60000000000059,-1.407677573984597,3509.3429245560114,648.0150992367238,-0.1745,65.48229531760971,-6.228065909485258,0.165,-5.106398318507732,4.53192198676584
60.70000000000059,-1.4091404801623328,3515.892122344276,647.3919007871154,-0.1745,65.50166044767424,-6.2359030826819986,0.165,-5.106398318507732,4.53192198676584
60.800000000000594,-1.410157139034531,3522.4432702008185,646.7680332121206,-0.1745,65.52129668318365,-6.241448417214447,0.165,-5.106398318507732,4.53192198676584
60.900000000000595,-1.4108901181989575,3528.9963888089173,646.1436841782596,-0.1745,65.54107547879468,-6.245532260005135,0.165,-5.106398318507732,4.53192198676584
61.0000000000006,-1.4114429146273977,3535.5514883378205,645.5189733895486,-0.1745,65.56091509926434,-6.2486835142142585,0.165,-5.106398318507732,4.53192198676584
61.1000000000006,-1.4118814063193037,3542.108572273538,644.8939772630938,-0.1745,65.58076361508282,-6.251239014881591,0.165,-5.106398318507732,4.53192198676584
61.2000000000006,-1.4122475182332201,3548.6676398581158,644.2687446502346,-0.1745,65.60058807647388,-6.253413242303765,0.165,-5.106398318507732,4.53192198676584
61.3000000000006,-1.4125679264906124,3555.2286876429066,643.6433068508035,-0.1745,65.62036761933867,-6.255342746317648,0.165,-5.106398318507732,4.53192198676584
61.4000000000006,-1.4128596012704362,3561.791710477609,643.0176839909965,-0.1745,65.6400890747082,-6.257114449822668,0.165,-5.106398318507732,4.53192198676584
61.500000000000604,-1.413133335926543,3568.356702139974,642.3918890845972,-0.1745,65.65974417259635,-6.258783678163071,0.165,-5.106398318507732,4.53192198676584
61.600000000000605,-1.4133959935593348,3574.923655736672,641.7659306185969,-0.1745,65.67932776136968,-6.260385641841452,0.165,-5.106398318507732,4.53192198676584
61.70000000000061,-1.4136519369003198,3581.492563958437,641.1398141990811,-0.1745,65.69883667392796,-6.261942748474609,0.165,-5.106398318507732,4.53192198676584
61.80000000000061,-1.413903938245248,3588.063419242425,640.5135435987518,-0.1745,65.7182690058316,-6.263469258111317,0.165,-5.106398318507732,4.53192198676584
61.90000000000061,-1.4141537584116448,3594.636213875505,639.8871214235137,-0.1745,65.737623655768,-6.264974246649743,0.165,-5.106398318507732,4.53192198676584
62.00000000000061,-1.414402515048634,3601.2109400599466,639.2605495365843,-0.1745,65.75690003306192,-6.266463491937714,0.165,-5.106398318507732,4.53192198676584
62.10000000000061,-1.4146509169032306,3607.7875899551764,638.6338293282871,-0.1745,65.7760978715366,-6.267940674006198,0.165,-5.106398318507732,4.53192198676584
62.200000000000614,-1.4164959403540578,3614.366155704307,638.0069618876506,-0.1745,65.79521711107428,-6.269408138722467,0.165,-5.106398318507732,4.53192198676584
62.300000000000615,-1.416025907369896,3620.9499039557613,637.3793708391577,-0.1745,65.8797479180126,-6.282412831135516,0.8300000000000001,-5.106398318507732,4.53192198676584
62.40000000000062,-1.4158201793995084,3627.538831468442,636.7511760845454,-0.1745,65.89880233560208,-6.2814822611107015,0.165,-5.106398318507732,4.53192198676584
62.50000000000062,-1.4157824634684333,3634.1296538641996,636.1230315375694,-0.1745,65.91764557954848,-6.281408678407497,0.165,-5.106398318507732,4.53192198676584
62.60000000000062,-1.4158516447763803,3640.7223524851793,635.4948672533284,-0.1745,65.93632684004973,-6.281877006413807,0.165,-5.106398318507732,4.53192198676584
62.70000000000062,-1.415988940258598,3647.3169127001593,634.8666390417316,-0.1745,65.95487745955116,-6.282687225522094,0.165,-5.106398318507732,4.53192198676584
62.80000000000062,-1.218885696089385,3653.9133224452717,634.2383190615313,-0.1745,65.97331744269877,-6.283712378482957,0.165,-5.106398318507732,4.53192198676584
62.900000000000624,-1.2929904556610075,3660.515988092349,633.6423222080332,-0.1495,66.07999549884471,-5.636224691479461,0.495,-5.106398318507732,4.53192198676584
63.000000000000625,-1.3382856765547724,3667.1263052599925,633.0662111626436,-0.1745,66.12634785403061,-5.885996216312344,0.8300000000000001,-5.106398318507732,4.53192198676584
63.10000000000063,-1.169649709618198,3673.7386743538436,632.4701423663007,-0.1745,66.121034022988,-6.035379710545219,0.165,-5.106398318507732,4.53192198676584
63.20000000000063,-1.2602960185064227,3680.355550901489,631.8943494133124,-0.1495,66.21649692992133,-5.480479349221575,0.495,-5.106398318507732,4.53192198676584
63.30000000000063,-1.3178577306822197,3686.9757318485763,631.3313667693525,-0.1745,66.18712201181796,-5.779173529975754,0.165,-5.106398318507732,4.53192198676584
63.40000000000063,-1.3544268228089529,3693.5938471393424,630.7439580507091,-0.1745,66.17518380350656,-5.969000842891523,0.165,-5.106398318507732,4.53192198676584
63.50000000000063,-1.3776858231262301,3700.2113133486937,630.1410190888388,-0.1745,66.17414038351838,-6.08977839451423,0.165,-5.106398318507732,4.53192198676584
63.600000000000634,-1.3925103421284832,3706.8290164753944,629.5281912172256,-0.1745,66.17992215049266,-6.16677903774829,0.165,-5.106398318507732,4.53192198676584
63.700000000000635,-1.4019922179029272,3713.4475116168637,628.9090505155699,-0.1745,66.18998067889798,-6.216034995365716,0.165,-5.106398318507732,4.53192198676584
63.80000000000064,-1.2102758872995099,3720.0671463234703,628.2858631841823,-0.1745,66.20271345323053,-6.247711632387554,0.165,-5.106398318507732,4.53192198676584
63.90000000000064,-1.286815536085701,3726.6926209949042,627.6926916006659,-0.1495,66.30677997544956,-5.615720037940824,0.495,-5.106398318507732,4.53192198676584
64.00000000000064,-1.3353858730733161,3733.3221785719584,627.1184888226433,-0.1745,66.28437156563265,-5.86833552251012,0.165,-5.106398318507732,4.53192198676584
64.10000000000063,-1.3662296244996017,3739.9502292220022,626.5236326098662,-0.1745,66.27664143524774,-6.028788733029596,0.165,-5.106398318507732,4.53192198676584
64.20000000000063,-1.385845916828925,3746.5779656574764,625.9156508623037,-0.1745,66.27808727423897,-6.130846218222384,0.165,-5.106398318507732,4.53192198676584
64.30000000000062,-1.3983545389661862,3753.2061339915426,625.2993126754105,-0.1745,66.2852794070853,-6.19591751964082,0.165,-5.106398318507732,4.53192198676584
64.40000000000062,-1.4063652525760937,3759.8352013661392,624.6776382994285,-0.1745,66.29606808484303,-6.237569999998766,0.165,-5.106398318507732,4.53192198676584
64.50000000000061,-1.411530460539676,3766.4654598255047,624.0525399206151,-0.1745,66.3091011024669,-6.264397576269927,0.165,-5.106398318507732,4.53192198676584
64.6000000000006,-1.4148960253136766,3773.097091184804,623.4252279448232,-0.1745,66.32352608351579,-6.281841939569276,0.165,-5.106398318507732,4.53192198676584
64.7000000000006,-0.523592482024028,3779.730207740911,622.7964684572437,-0.1745,66.33880503862416,-6.2933478120197925,0.165,-5.106398318507732,4.53192198676584
64.8000000000006,-0.8512306935041407,3786.3610717684205,622.3159461154149,-0.06225,66.2784755115713,-3.317099024554621,0.165,-5.106398318507732,4.53192198676584
64.90000000000059,-1.061971963374107,3792.980855306975,621.9303274005854,-0.1745,66.11719525952331,-4.395275272036134,0.165,-5.106398318507732,4.53192198676584
65.00000000000058,-1.1941518899800674,3799.5912190281774,621.4559308884278,-0.1745,66.09007916451883,-5.092654971114165,0.8300000000000001,-5.106398318507732,4.53192198676584
65.10000000000058,-1.278205371297401,3806.197688822761,620.9249447996165,-0.1745,66.03931672715134,-5.52706680511233,0.165,-5.106398318507732,4.53192198676584
65.20000000000057,-1.3316536928940486,3812.8003689785705,620.3584210439427,-0.1745,66.01428638903938,-5.803408308361782,0.165,-5.106398318507732,4.53192198676584
65.30000000000057,-1.365658730011066,3819.4013475382144,619.7692849332334,-0.1745,66.0052848038342,-5.979313905824005,0.165,-5.106398318507732,4.53192198676584
65.40000000000056,-1.3873204272017943,3826.0019276416724,619.1657475611581,-0.1745,66.0063172653278,-6.091433535682203,0.165,-5.106398318507732,4.53192198676584
65.50000000000055,-1.4011502258219894,3832.6029257307778,618.5530228770403,-0.1745,66.0136445167818,-6.163060146674121,0.165,-5.106398318507732,4.53192198676584
65.60000000000055,-1.4100126619367483,3839.204853949136,617.9344204056603,-0.1745,66.02491985038664,-6.208989280928077,0.165,-5.106398318507732,4.53192198676584
65.70000000000054,-1.415725605965987,3845.8080331829556,617.3120402160891,-0.1745,66.03866482599824,-6.238614510495291,0.165,-5.106398318507732,4.53192198676584
65.80000000000054,-1.4194422478791258,3852.4126637142854,616.6872146172284,-0.1745,66.05394580059972,-6.257897466718949,0.165,-5.106398318507732,4.53192198676584
65.90000000000053,-1.4218939064121539,3859.018869621071,616.0607887167336,-0.1745,66.07017233511499,-6.270620543177975,0.165,-5.106398318507732,4.53192198676584
66.00000000000053,-1.4235442475365034,3865.626726774789,615.4332985445767,-0.1745,66.08697073923607,-6.279182899959941,0.165,-5.106398318507732,4.53192198676584
66.10000000000052,-1.424687179780479,3872.23628053277,614.8050841000032,-0.1745,66.10410442037825,-6.285105991509317,0.165,-5.106398318507732,4.53192198676584
66.20000000000051,-1.4255089708127353,3878.847556932947,614.1763610762355,-0.1745,66.12142358316795,-6.289354483844953,0.165,-5.106398318507732,4.53192198676584
66.30000000000051,-1.426127649189406,3885.4605697827674,613.54726635647,-0.1745,66.13883341323326,-6.292539911464619,0.165,-5.106398318507732,4.53192198676584
66.4000000000005,-1.426617991273969,3892.0753251500946,612.9178868666113,-0.1745,66.15627393331172,-6.295049885709101,0.165,-5.106398318507732,4.53192198676584
66.5000000000005,-1.4270273634772228,3898.691824208878,612.2882778697428,-0.1745,66.17370724235795,-6.297130051660561,0.165,-5.106398318507732,4.53192198676584
66.60000000000049,-1.427385764671868,3905.310065042459,611.6584745639962,-0.1745,66.19110942925339,-6.298936063274009,0.165,-5.106398318507732,4.53192198676584
66.70000000000049,-1.4277121909889823,3911.9300437863217,611.0284994338862,-0.1745,66.20846544800462,-6.300566538926676,0.165,-5.106398318507732,4.53192198676584
66.80000000000048,-1.4280186691160672,3918.5517553522077,610.3983669092464,-0.1745,66.2257658697195,-6.302083953869142,0.165,-5.106398318507732,4.53192198676584
66.90000000000047,-1.4283128117538268,3925.1751938868997,609.7680863173993,-0.1745,66.24300482412421,-6.303527883073286,0.165,-5.106398318507732,4.53192198676584
67.00000000000047,-1.4285994364832462,3931.8003530628594,609.1376637535441,-0.1745,66.26017869506586,-6.304923394029394,0.165,-5.106398318507732,4.53192198676584
67.10000000000046,-1.4288815911568629,3938.427226262308,608.507103265594,-0.1745,66.27728529391156,-6.306286364973072,0.165,-5.106398318507732,4.53192198676584
67.20000000000046,-1.4291612032875336,3945.055806693795,607.876407604627,-0.1745,66.29432333583001,-6.307626854364847,0.165,-5.106398318507732,4.53192198676584
67.30000000000045,-1.42943949125242,3951.6860874659874,607.2455787001395,-0.1745,66.31129210801542,-6.308951235386289,0.165,-5.106398318507732,4.53192198676584
67.40000000000045,-1.4297172246371188,3958.3180616343648,606.614617960975,-0.1745,66.32819125953506,-6.310263547903716,0.165,-5.106398318507732,4.53192198676584
67.50000000000044,-1.4299948890430125,3964.951722230753,605.9835264658467,-0.1745,66.34502066823349,-6.311566354662368,0.165,-5.106398318507732,4.53192198676584
67.60000000000043,-1.4302727904015966,3971.5870622819875,605.3523050839419,-0.1745,66.36178035645085,-6.312861283433858,0.165,-5.106398318507732,4.53192198676584
67.70000000000043,-1.4305511209906467,3978.224074821693,604.7209545512574,-0.1745,66.37847043765986,-6.314149370258496,0.165,-5.106398318507732,4.53192198676584
67.80000000000042,-1.4308300012072155,3984.8627528977104,604.0894755189081,-0.1745,66.39509108268376,-6.315431276726781,0.165,-5.106398318507732,4.53192198676584
67.90000000000042,-1.431109505996599,3991.5030895767604,603.4578685836965,-0.1745,66.41164249831357,-6.316707427504956,0.165,-5.106398318507732,4.53192198676584
68.00000000000041,-1.4313896815710947,3998.145077947365,602.8261343074529,-0.1745,66.42812491377546,-6.317978097367825,0.165,-5.106398318507732,4.53192198676584
68.1000000000004,-1.43167055598467,4004.788711121662,602.1942732292711,-0.1745,66.44453857216784,-6.3192434662696035,0.165,-5.106398318507732,4.53192198676584
68.2000000000004,-1.431952145820531,4011.4339822365223,601.5622858732482,-0.1745,66.46088372504384,-6.320503654185651,0.165,-5.106398318507732,4.53192198676584
68.3000000000004,-1.4322344604198334,4018.080884454224,600.9301727533813,-0.1745,66.47716062898463,-6.3217587431527456,0.165,-5.106398318507732,4.53192198676584
68.40000000000039,-1.432517504555203,4024.7294109628447,600.2979343766632,-0.1745,66.49336954343227,-6.323008791209422,0.165,-5.106398318507732,4.53192198676584
68.50000000000038,-1.4508286116857037,4031.3795549764823,599.6655712450421,-0.1745,66.5095107293196,-6.324253841211909,0.165,-5.276501023598839,4.3818188633584425
68.60000000000038,-1.4624826425997937,4038.0308133334197,599.0301063321626,-0.1745,66.51565640943221,-6.385044416376329,0.165,-5.276501023598839,4.3818188633584425
68.70000000000037,-1.4699377291965052,4044.682855584781,598.3896630730355,-0.1745,66.52518861779728,-6.423820766166579,0.165,-5.276501023598839,4.3818188633584425
68.80000000000037,-1.4747450951512866,4051.335956427559,597.7460366744782,-0.1745,66.5368282377617,-6.44870720497895,0.165,-5.276501023598839,4.3818188633584425
68.90000000000036,-1.477883332806611,4057.990286408824,597.1003597659305,-0.1745,66.54977138754097,-6.464830965975408,0.165,-5.276501023598839,4.3818188633584425
69.00000000000036,-1.4799696327799143,4064.6459505908874,596.4533468677146,-0.1745,66.56351225373149,-6.475426998343126,0.165,-5.276501023598839,4.3818188633584425
69.10000000000035,-1.4813931721791511,4071.30301282196,595.8054487221459,-0.1745,66.57773236771311,-6.482535913029328,0.165,-5.276501023598839,4.3818188633584425
69.20000000000034,-1.4823993080712796,4077.9615109985875,595.1569496915001,-0.1745,66.59223116483994,-6.487444699885483,0.165,-5.276501023598839,4.3818188633584425
69.30000000000034,-1.4831427015717655,4084.621466673807,594.5080292104752,-0.1745,66.60688233954534,-6.490964920612267,0.165,-5.276501023598839,4.3818188633584425
69.40000000000033,-1.4837208291339088,4091.2828911096403,593.8588005512398,-0.1745,66.62160637712641,-6.493608264096567,0.165,-5.276501023598839,4.3818188633584425
69.50000000000033,-1.4841951174000338,4097.94578909113,593.2093352726705,-0.1745,66.63635325266955,-6.495697307290246,0.165,-5.276501023598839,4.3818188633584425
69.60000000000032,-1.4846042701153865,4104.610161330206,592.5596786381477,-0.1745,66.65109152885682,-6.497435383166563,0.165,-5.276501023598839,4.3818188633584425
69.70000000000032,-1.2844255671572824,4111.276005980866,591.9098593366788,-0.1745,66.66580148433756,-6.498950646211919,0.165,-5.276501023598839,4.3818188633584425
69.80000000000031,-1.35904275811934,4117.946218547288,591.2933552719841,-0.1495,66.73844984409946,-5.831130647683381,0.165,-5.276501023598839,4.3818188633584425
69.9000000000003,-1.406178236116413,4124.618851670389,590.6978615760861,-0.1745,66.71421261792125,-6.078743270275315,0.165,-5.276501023598839,4.3818188633584425
70.0000000000003,-1.4359821723377697,4131.289788318674,590.0821644505758,-0.1745,66.70452034778312,-6.2351992399312675,0.165,-5.276501023598839,4.3818188633584425
70.10000000000029,-1.4548625560223476,4137.9602084241305,589.4536953975338,-0.1745,66.7038817613418,-6.334181820907652,0.165,-5.276501023598839,4.3818188633584425
70.20000000000029,-1.466861223737589,4144.630846978485,588.817139251366,-0.1745,66.70888932575127,-6.396941102447408,0.165,-5.276501023598839,4.3818188633584425
70.30000000000028,-1.4745259666608013,4151.3021622906645,588.175448365632,-0.1745,66.71741691783477,-6.4368766122335215,0.165,-5.276501023598839,4.3818188633584425
70.40000000000028,-1.4794620844162856,4157.974439806478,587.5304828281012,-0.1745,66.7281333984374,-6.462434138382141,0.165,-5.276501023598839,4.3818188633584425
70.50000000000027,-1.482680706783316,4164.647856656718,586.8834143517207,-0.1745,66.7402036063855,-6.478935389227257,0.165,-5.276501023598839,4.3818188633584425
70.60000000000026,-1.4848185547231674,4171.3225219823435,586.2349809456787,-0.1745,66.75310290611351,-6.48973273161265,0.165,-5.276501023598839,4.3818188633584425
70.70000000000026,-1.4862764984546917,4177.9985022028895,585.5856474328157,-0.1745,66.76650150481446,-6.496937525647486,0.165,-5.276501023598839,4.3818188633584425
70.80000000000025,-1.487306876791601,4184.675836879634,584.9357065915669,-0.1745,66.78019203007183,-6.501879299328211,0.165,-5.276501023598839,4.3818188633584425
70.90000000000025,-1.48806850716011,4191.354548685555,584.285342870005,-0.1745,66.79404408834712,-6.505395131909269,0.165,-5.276501023598839,4.3818188633584425
71.00000000000024,-1.4886613322421207,4198.0346496756365,583.6346725143294,-0.1745,66.80797571329879,-6.508011981602865,0.165,-5.276501023598839,4.3818188633584425
71.10000000000024,-1.4891482367713957,4204.716145231873,582.9837688383744,-0.1745,66.82193541143398,-6.5100615374955115,0.165,-5.276501023598839,4.3818188633584425
71.20000000000023,-1.4895687830643631,4211.399036545763,582.3326781337971,-0.1745,66.83589086636263,-6.511752554050582,0.165,-5.276501023598839,4.3818188633584425
71.30000000000022,-0.5869315948419436,4218.0833221806015,581.6814296860609,-0.1745,66.84982183040019,-6.513216400672133,0.165,-5.276501023598839,4.3818188633584425
71.40000000000022,-0.9202137860691312,4224.768545658771,581.1818616334327,-0.06225,66.85464773298567,-3.4781446518911507,0.8300000000000001,-5.276501023598839,4.3818188633584425
71.50000000000021,-1.1313447142033253,4231.445531358938,580.7787549040637,-0.1745,66.68506627035659,-4.583989935490035,0.165,-5.276501023598839,4.3818188633584425
71.60000000000021,-1.2649674499950927,4238.109129384732,580.2853986188305,-0.1745,66.58689424553643,-5.2831357691730085,0.165,-5.276501023598839,4.3818188633584425
71.7000000000002,-1.3494995320385423,4244.765070000871,579.7349777999775,-0.1745,66.53191807724275,-5.725280607886679,0.165,-5.276501023598839,4.3818188633584425
71.8000000000002,-0.5047371389853715,4251.416839159991,579.1484656453235,-0.1745,66.5034651051474,-6.004962485191677,0.165,-5.276501023598839,4.3818188633584425
71.90000000000019,-0.8673731699082767,4258.064303427128,578.6892872625135,-0.06225,66.44582023759502,-3.1786051710078933,0.165,-5.276501023598839,4.3818188633584425
72.00000000000018,-1.0979825014381017,4264.6996912619825,578.3116273749743,-0.1745,66.26193645949178,-4.37459257977751,0.165,-5.276501023598839,4.3818188633584425
72.10000000000018,-1.244473756628953,4271.320564572606,577.8362243495108,-0.1745,66.15552975297264,-5.133467929493151,0.165,-5.276501023598839,4.3818188633584425
72.20000000000017,-1.337476086514838,4277.933140370861,577.2987927545015,-0.1745,66.09598621213009,-5.61516397069208,0.165,-5.276501023598839,4.3818188633584425
72.30000000000017,-1.3965158608576353,4284.54120224664,576.7219848655538,-0.1745,66.06525130343677,-5.920993808262106,0.165,-5.276501023598839,4.3818188633584425
72.40000000000016,-1.2365524090046576,4291.147084969604,576.1201717255426,-0.1745,66.05240315584335,-6.115268991963269,0.165,-5.276501023598839,4.3818188633584425
72.50000000000016,-1.332758505272692,4297.758578844727,575.5347952687526,-0.1495,66.17747434660828,-5.592260143835815,0.8300000000000001,-5.276501023598839,4.3818188633584425
72.60000000000015,-1.3937946700559563,4304.374684526511,574.9597344507908,-0.1745,66.14463928908235,-5.908956215399545,0.165,-5.276501023598839,4.3818188633584425
72.70000000000014,-1.4325359304280703,4310.988435536782,574.3587872435014,-0.1745,66.13038091633094,-6.10998793039027,0.165,-5.276501023598839,4.3818188633584425
72.80000000000014,-1.4571548487556798,4317.601340212427,573.7414013807536,-0.1745,66.12771259656766,-6.237729324565176,0.165,-5.276501023598839,4.3818188633584425
72.90000000000013,-1.4728331642355634,4324.214340696599,573.1135623976286,-0.1745,66.13229708687193,-6.319050337934577,0.165,-5.276501023598839,4.3818188633584425
73.00000000000013,-1.4828537099324979,4330.828026696047,572.4790608821529,-0.1745,66.14142290209112,-6.370979971579832,0.165,-5.276501023598839,4.3818188633584425
73.10000000000012,-1.4892951210712033,4337.442767211349,571.8402966247229,-0.1745,66.15338740393763,-6.404305177021119,0.165,-5.276501023598839,4.3818188633584425
73.20000000000012,-1.4934730160902459,4344.0587925066775,571.1987885552971,-0.1745,66.16711850263938,-6.425856211492879,0.165,-5.276501023598839,4.3818188633584425
73.30000000000011,-1.4962198227108963,4350.676245432712,570.555497914031,-0.1745,66.18194001805311,-6.439956613829913,0.165,-5.276501023598839,4.3818188633584425
73.4000000000001,-1.4980621101296374,4357.295213687023,569.9110329592735,-0.1745,66.19742506816858,-6.449342481319795,0.165,-5.276501023598839,4.3818188633584425
73.5000000000001,-1.4993329012841041,4363.915750141874,569.2657785876369,-0.1745,66.21330402885717,-6.455744951412129,0.165,-5.276501023598839,4.3818188633584425
73.6000000000001,-1.5002427744676599,4370.537885672384,568.619978384133,-0.1745,66.22940658134338,-6.460259118665581,0.165,-5.276501023598839,4.3818188633584425
73.70000000000009,-1.5009248610913333,4377.161637259241,567.9737865476424,-0.1745,66.2456251557879,-6.4635776111479295,0.165,-5.276501023598839,4.3818188633584425
73.80000000000008,-1.5014633159332502,4383.7870131093205,567.327300745199,-0.1745,66.26189184580593,-6.466138437719752,0.165,-5.276501023598839,4.3818188633584425
73.90000000000008,-1.5019113265497968,4390.414015892628,566.6805828957872,-0.1745,66.27816382035242,-6.468218550515862,0.165,-5.276501023598839,4.3818188633584425
74.00000000000007,-1.5023025033813888,4397.04264478874,566.0336723161132,-0.1745,66.29441410187648,-6.4699930429638455,0.165,-5.276501023598839,4.3818188633584425
74.10000000000007,-1.5026580822607072,4403.672896780619,565.3865940340347,-0.1745,66.31062573570046,-6.471572598605673,0.165,-5.276501023598839,4.3818188633584425
74.20000000000006,-1.5029914781977796,4410.304767472569,564.7393640452265,-0.1745,66.32678810330619,-6.473027177559871,0.165,-5.276501023598839,4.3818188633584425
74.30000000000005,-1.5033111640859116,4416.9382516072965,564.0919926365482,-0.1745,66.34289459124194,-6.474400996006823,0.165,-5.276501023598839,4.3818188633584425
74.40000000000005,-1.5036224902358588,4423.573343392722,563.4444864868505,-0.1745,66.35894111726553,-6.475721997946849,0.165,-5.276501023598839,4.3818188633584425
74.50000000000004,-1.503928834282808,4430.210036708513,562.7968499947785,-0.1745,66.37492519856339,-6.477007843491297,0.165,-5.276501023598839,4.3818188633584425
74.60000000000004,-1.5042323278037328,4436.848325236578,562.1490861178895,-0.1745,66.39084536273455,-6.478269694289754,0.165,-5.276501023598839,4.3818188633584425
74.70000000000003,-1.504534315399218,4443.488202543489,561.5011969028693,-0.1745,66.40670077549296,-6.479514606114934,0.165,-5.276501023598839,4.3818188633584425
74.80000000000003,-1.5048356447056266,4450.129662132533,560.8531838205189,-0.1745,66.42249100537927,-6.480747040894235,0.165,-5.276501023598839,4.3818188633584425
74.90000000000002,-1.3057736536599773,4456.772697476556,560.2050479773675,-0.1745,66.43821587508009,-6.481969822133038,0.165,-5.276501023598839,4.3818188633584425
75.00000000000001,-1.3796469607205175,4463.421802247845,559.589797097629,-0.1495,66.54387955072424,-5.823047772637681,0.495,-5.276501023598839,4.3818188633584425
75.10000000000001,-1.4263863856230903,4470.075045828248,558.9952680891705,-0.1745,66.5209920573337,-6.067532396531332,0.165,-5.276501023598839,4.3818188633584425
75.2,-1.455987065082557,4476.726715722923,558.3807775457879,-0.1745,66.51240583615679,-6.222278471122579,0.165,-5.276501023598839,4.3818188633584425
75.3,-1.4747689741431158,4483.3779727648025,557.7536458165087,-0.1745,66.51273500145027,-6.320356114462303,0.165,-5.276501023598839,4.3818188633584425
75.39999999999999,-1.4867246586973688,4490.029541097334,557.1184949246995,-0.1745,66.51863164917339,-6.38266172172199,0.165,-5.276501023598839,4.3818188633584425
75.49999999999999,-1.494374759688032,4496.68187285023,556.4782422078382,-0.1745,66.5280034087511,-6.422392615503439,0.165,-5.276501023598839,4.3818188633584425
75.59999999999998,-1.4993099360678768,4503.335249928939,555.8347285659127,-0.1745,66.53953816542517,-6.447880223007736,0.165,-5.276501023598839,4.3818188633584425
75.69999999999997,-1.5025336457920035,4509.989847406835,555.1891154337276,-0.1745,66.55241139247715,-6.464382420693051,0.165,-5.276501023598839,4.3818188633584425
75.79999999999997,-1.5046787523755438,4516.645773192761,554.5421354859764,-0.1745,66.5661043260386,-6.4752165343313415,0.165,-5.276501023598839,4.3818188633584425
75.89999999999996,-1.5061443088149158,4523.303092927086,553.8942509041627,-0.1745,66.58029036045889,-6.482475101941968,0.165,-5.276501023598839,4.3818188633584425
75.99999999999996,-1.507181893832012,4529.9618456357775,553.2457532571343,-0.1745,66.59476381337285,-6.487477838626664,0.165,-5.276501023598839,4.3818188633584425
76.09999999999995,-1.5079500873613902,4536.622053584376,552.5968265188993,-0.1745,66.60939515858482,-6.491056926073581,0.165,-5.276501023598839,4.3818188633584425
76.19999999999995,-1.5085488337972293,4543.283728485003,551.9475868204189,-0.1745,66.6241028539513,-6.4937370435352335,0.165,-5.276501023598839,4.3818188633584425
76.29999999999994,-1.5090411137834234,4549.946875407602,551.2981075207159,-0.1745,66.63883559803043,-6.49584895052412,0.165,-5.276501023598839,4.3818188633584425
76.39999999999993,-1.5094666094504943,4556.611495244989,550.6484350165174,-0.1745,66.65356114970642,-6.497601133447343,0.165,-5.276501023598839,4.3818188633584425
76.49999999999993,-1.5098503197159554,4563.2775862665485,549.9985987102434,-0.1745,66.66825928148323,-6.499124992031557,0.165,-5.276501023598839,4.3818188633584425
76.59999999999992,-1.5109686140650513,4569.945145097504,549.3486172939702,-0.1745,66.68291733762614,-6.500503333433981,0.165,-5.276501023598839,4.3818188633584425
76.69999999999992,-1.5109569894638382,4576.6157922783195,548.6982162444154,-0.1745,66.73002627869391,-6.5075176576606735,0.495,-5.276501023598839,4.3818188633584425
76.79999999999991,-1.5110668751501335,4583.289524993436,548.0474625617212,-0.1745,66.74462802365059,-6.5075559962244185,0.165,-5.276501023598839,4.3818188633584425
76.8999999999999,-1.3110840146370286,4589.964711722794,547.3966852377216,-0.1745,66.7591065635064,-6.507990483766834,0.165,-5.276501023598839,4.3818188633584425
76.9999999999999,-1.3871622534871388,4596.6458828982995,546.7791515573102,-0.1495,66.86431694659515,-5.842683124461772,0.495,-5.276501023598839,4.3818188633584425
77.0999999999999,-1.4334215039958513,4603.334351804917,546.1819390286371,-0.1745,66.90506118575493,-6.101567449000591,0.8300000000000001,-5.276501023598839,4.3818188633584425
77.19999999999989,-1.462636431022527,4610.02435227424,545.5640892490393,-0.1745,66.89494820070544,-6.255428142955465,0.165,-5.276501023598839,4.3818188633584425
77.29999999999988,-1.481125689921663,4616.713788187868,544.9336876568483,-0.1745,66.89377007184582,-6.352603700865296,0.165,-5.276501023598839,4.3818188633584425
77.39999999999988,-1.4928684156305034,4623.403384526872,544.2953520154813,-0.1745,66.8981567082374,-6.414109126473856,0.165,-5.276501023598839,4.3818188633584425
77.49999999999987,-1.5003689185362545,4630.093592775192,543.6519878309399,-0.1745,66.90600825815407,-6.45317456435461,0.165,-5.276501023598839,4.3818188633584425
77.59999999999987,-1.5052026347429601,4636.78469378416,543.0054228110223,-0.1745,66.91601192119829,-6.478125833996854,0.165,-5.276501023598839,4.3818188633584425
77.69999999999986,-1.5083603434774018,4643.476861642988,542.356806479236,-0.1745,66.92734525537648,-6.494200801729823,0.165,-5.276501023598839,4.3818188633584425
77.79999999999986,-1.5104649882504706,4650.170203525118,541.706861746013,-0.1745,66.93949238722459,-6.504693862728828,0.165,-5.276501023598839,4.3818188633584425
77.89999999999985,-1.5119081635602492,4656.8647846204885,541.0560432207852,-0.1745,66.95212952017546,-6.511676641826925,0.165,-5.276501023598839,4.3818188633584425
77.99999999999984,-1.512935993162004,4663.560643764474,540.4046368072417,-0.1745,66.96505335953692,-6.516451629045019,0.165,-5.276501023598839,4.3818188633584425
78.09999999999984,-1.5137031475693274,4670.257803245873,539.7528223448514,-0.1745,66.97813626845328,-6.519837618760105,0.165,-5.276501023598839,4.3818188633584425
78.19999999999983,-1.5143068127044998,4676.956274965984,539.1007130004567,-0.1745,66.99129813377067,-6.522349269133638,0.165,-5.276501023598839,4.3818188633584425
78.29999999999983,-1.5163348202049685,4683.6560643077255,538.4483800353403,-0.1745,67.00448870104339,-6.524310033195195,0.165,-5.276501023598839,4.3818188633584425
78.39999999999982,-1.5160630500344265,4690.360447071454,537.7952911026599,-0.1745,67.08316657351824,-6.537468620411097,0.8300000000000001,-5.276501023598839,4.3818188633584425
78.49999999999982,-1.5160162465659996,4697.06942643974,537.1415942549804,-0.1745,67.09642079220907,-6.536468333179048,0.165,-5.276501023598839,4.3818188633584425
78.59999999999981,-1.5161108613039775,4703.779722652717,536.4879602387033,-0.1745,67.10950346734367,-6.536211992362343,0.165,-5.276501023598839,4.3818188633584425
78.6999999999998,-1.5162944557665015,4710.491320739953,535.834328585263,-0.1745,67.12245827737193,-6.536421076443276,0.165,-5.276501023598839,4.3818188633584425
78.7999999999998,-1.5165341203490321,4717.204209290224,535.1806614941024,-0.1745,67.13531272804663,-6.536920746770325,0.165,-5.276501023598839,4.3818188633584425
78.89999999999979,-1.5168092032606535,4723.918379135014,534.5269353935831,-0.1745,67.14808416776427,-6.537601263615865,0.165,-5.276501023598839,4.3818188633584425
78.99999999999979,-1.517106745889918,4730.633822521732,533.873135642574,-0.1745,67.16078356659938,-6.538393756566249,0.165,-5.276501023598839,4.3818188633584425
79.09999999999978,-1.517418617488719,4737.350532594555,533.219253204222,-0.1745,67.17341788986637,-6.539255010473133,0.165,-5.276501023598839,4.3818188633584425
79.19999999999978,-1.5184960556251426,4744.068503068481,532.5652825580318,-0.1745,67.1859915886463,-6.540157913331074,0.165,-5.276501023598839,4.3818188633584425
79.29999999999977,-1.5184720426253806,4750.789352966921,531.9109339233934,-0.1745,67.23100638015366,-6.546814779436996,0.495,-5.276501023598839,4.3818188633584425
79.39999999999976,-1.5185835562869157,4757.5130788057695,531.2562647873102,-0.1745,67.2435103968163,-6.5465679422252485,0.165,-5.276501023598839,4.3818188633584425
79.49999999999976,-1.5187802520262181,4764.238048911752,530.6015979888526,-0.1745,67.2558917228424,-6.546768026926194,0.165,-5.276501023598839,4.3818188633584425
79.59999999999975,-1.5190305690442618,4770.964252339566,529.9468972458673,-0.1745,67.26817683342841,-6.547246832782117,0.165,-5.276501023598839,4.3818188633584425
79.69999999999975,-1.5193147236449382,4777.691680301668,529.2921399590607,-0.1745,67.28038240862857,-6.547898903349559,0.165,-5.276501023598839,4.3818188633584425
79.79999999999974,-1.519620315471055,4784.420325371327,528.6373121074256,-0.1745,67.29251898453514,-6.548658129353075,0.165,-5.276501023598839,4.3818188633584425
79.89999999999974,-1.5206949080772878,4791.1501809827505,527.9824050472657,-0.1745,67.30459324393273,-6.549483073843896,0.165,-5.276501023598839,4.3818188633584425
79.99999999999973,-1.5206722935329753,4797.882866059829,527.3271270391356,-0.1745,67.34910829764556,-6.556077088758104,0.495,-5.276501023598839,4.3818188633584425
80.09999999999972,-1.5207869567297712,4804.618377125642,526.6715343650591,-0.1745,67.36111301861082,-6.555776392771352,0.165,-5.276501023598839,4.3818188633584425
80.19999999999972,-1.5209878100291196,4811.355082576419,526.0159490708419,-0.1745,67.37299599692852,-6.555929491572999,0.165,-5.276501023598839,4.3818188633584425
80.29999999999971,-1.319502926706838,4818.092971583649,525.3603343265185,-0.1745,67.38478414768372,-6.556365394894644,0.165,-5.276501023598839,4.3818188633584425
80.39999999999971,-1.395190199189291,4824.836660147639,524.7385403882823,-0.1495,67.48898713211119,-5.879513369828846,0.495,-5.276501023598839,4.3818188633584425
80.4999999999997,-1.4427327915201313,4831.584133774674,524.1379095709262,-0.1745,67.46048540859732,-6.133102977293982,0.165,-5.276501023598839,4.3818188633584425
80.5999999999997,-1.4726330501830907,4838.329513370314,523.5166406976341,-0.1745,67.44710650419513,-6.292274488549741,0.165,-5.276501023598839,4.3818188633584425
80.69999999999969,-1.4914808311381498,4845.074023080895,522.8824129562515,-0.1745,67.44308770743098,-6.392280339101523,0.165,-5.276501023598839,4.3818188633584425
80.79999999999968,-1.5034074147949332,4851.818421244609,522.2400377708173,-0.1745,67.4448755668528,-6.455223369584403,0.165,-5.276501023598839,4.3818188633584425
80.89999999999968,-1.5110012118147131,4858.5631783509025,521.5925288366636,-0.1745,67.45026655900477,-6.494955313488017,0.165,-5.276501023598839,4.3818188633584425
80.99999999999967,-1.5158832891258778,4865.3085861520985,520.9417733864753,-0.1745,67.4578894649126,-6.520153690278394,0.165,-5.276501023598839,4.3818188633584425
81.09999999999967,-1.5198248954765972,4872.054825083301,520.2889530516486,-0.1745,67.46688915913566,-6.536253006256149,0.165,-5.276501023598839,4.3818188633584425
81.19999999999966,-1.52159861398776,4878.803631067458,519.6345211361387,-0.1745,67.50923052400782,-6.5523853039427555,0.495,-5.276501023598839,4.3818188633584425
81.29999999999966,-1.5228397441523196,4885.555073866964,518.9790001071224,-0.1745,67.51962546611854,-6.5580352763840635,0.165,-5.276501023598839,4.3818188633584425
81.39999999999965,-1.5237480161455976,4892.3075677810275,518.3230037403966,-0.1745,67.53025281514977,-6.561892058131229,0.165,-5.276501023598839,4.3818188633584425
81.49999999999964,-1.5244483608421349,4899.0611308168545,517.6666778439405,-0.1745,67.54100790139502,-6.564625870991402,0.165,-5.276501023598839,4.3818188633584425
81.59999999999964,-1.5250189136747632,4905.815772478629,517.0101137498978,-0.1745,67.55182533408963,-6.566656009864979,0.165,-5.276501023598839,4.3818188633584425
81.69999999999963,-1.5255085376718163,4912.5714969597,516.3533687112499,-0.1745,67.5626642873328,-6.568244763092038,0.165,-5.276501023598839,4.3818188633584425
81.79999999999963,-1.5259477867854818,4919.328305139027,515.6964786636022,-0.1745,67.5734992992118,-6.569556189861695,0.165,-5.276501023598839,4.3818188633584425
81.89999999999962,-1.5263557643105288,4926.08619582985,515.039466209114,-0.1745,67.58431451724842,-6.5706928999019105,0.165,-5.276501023598839,4.3818188633584425
81.99999999999962,-1.5267444128967311,4932.845166560661,514.3823456108369,-0.1745,67.59510009897426,-6.571719065640718,0.165,-5.276501023598839,4.3818188633584425
82.09999999999961,-1.5271211977234045,4939.605214063633,513.7251259166118,-0.1745,67.60584996047264,-6.572674818861199,0.165,-5.276501023598839,4.3818188633584425
82.1999999999996,-1.5274907845187236,4946.366334580062,513.0678129128432,-0.1745,67.6165603681097,-6.573585256508747,0.165,-5.276501023598839,4.3818188633584425
82.2999999999996,-1.5278560888698258,4953.128524051353,512.4104103463319,-0.1745,67.62722905771558,-6.574466073718773,0.165,-5.276501023598839,4.3818188633584425
82.3999999999996,-0.6161502797701739,4959.891778238424,511.7529206883021,-0.1745,67.63785468370091,-6.575327086878116,0.165,-5.276501023598839,4.3818188633584425
82.49999999999959,-0.1495569215174785,4966.654069168721,511.2505559923998,-0.06225,67.60796392224852,-3.4719668311675345,0.495,-5.276501023598839,4.3818188633584425
82.59999999999958,-0.27200276002891643,4973.409286666508,511.03301231043633,-0.03725,67.4963860334777,-0.8789068081017612,0.495,-5.276501023598839,4.3818188633584425
82.69999999999958,-0.7370864803082724,4980.148109941924,510.87431681105704,-0.1495,67.28007947484741,-2.2950031794835812,0.165,-5.276501023598839,4.3818188633584425
82.79999999999957,-1.0314732599254612,4986.86344911466,510.5671722225787,-0.1745,67.02670397988027,-3.847888590083845,0.165,-5.276501023598839,4.3818188633584425
82.89999999999957,-1.2175774163568545,4993.558720111354,510.13342007637283,-0.1745,66.87871595399362,-4.827154334032921,0.165,-5.276501023598839,4.3818188633584425
82.99999999999956,-1.335138944654208,5000.242322111495,509.61980357370567,-0.1745,66.79332404882044,-5.445175719310168,0.165,-5.276501023598839,4.3818188633584425
83.09999999999955,-1.4093863358269298,5006.91928384849,509.0557800278917,-0.1745,66.74591069107119,-5.835295196969639,0.165,-5.276501023598839,4.3818188633584425
83.19999999999955,-1.456295719402353,5013.592671671318,508.4599341929657,-0.1745,66.72184576550045,-6.081621501549173,0.165,-5.276501023598839,4.3818188633584425
83.29999999999954,-1.4859654398594835,5020.264376446903,507.84399033861814,-0.1745,66.7122497462005,-6.237255585401678,0.165,-5.276501023598839,4.3818188633584425
83.39999999999954,-1.5047702782125192,5026.935571927465,507.21534190754755,-0.1745,66.7116598650413,-6.335713036009602,0.165,-5.276501023598839,4.3818188633584425
83.49999999999953,-1.516730833345289,5033.606989231999,506.57864942288535,-0.1745,66.71668622563124,-6.398136657234625,0.165,-5.276501023598839,4.3818188633584425
83.59999999999953,-1.524381332746627,5040.279084230163,505.9368497201781,-0.1745,66.72521373763963,-6.437857396911048,0.165,-5.276501023598839,4.3818188633584425
83.69999999999952,-1.5293184219696725,5046.952140827642,505.2917929881703,-0.1745,66.73591821194093,-6.46327724324511,0.165,-5.276501023598839,4.3818188633584425
83.79999999999951,-1.5325477132885237,5053.626335182461,504.6446446284455,-0.1745,66.74796888443065,-6.479689951250984,0.165,-5.276501023598839,4.3818188633584425
83.89999999999951,-1.5347024119397454,5060.3017758221185,503.99613862795843,-0.1745,66.76084390873052,-6.4904300584913415,0.165,-5.276501023598839,4.3818188633584425
83.9999999999995,-1.336605340073902,5066.9785287807545,503.34673724709313,-0.1745,66.77421526399641,-6.497597558814087,0.165,-5.276501023598839,4.3818188633584425
84.0999999999995,-1.4116006311365672,5073.662841296704,502.72979264576,-0.1495,66.91203505499789,-5.841294467847508,0.8300000000000001,-5.276501023598839,4.3818188633584425
84.19999999999949,-1.458922386871417,5080.352781022335,502.1331959014947,-0.1745,66.88675945761602,-6.0906404174595865,0.165,-5.276501023598839,4.3818188633584425
84.29999999999949,-1.4888159804135312,5087.0409281424,501.5162663751765,-0.1745,66.87618294367843,-6.247950108903898,0.165,-5.276501023598839,4.3818188633584425
84.39999999999948,-1.307417793931005,5093.728474489681,500.88650318119096,-0.1745,66.87474400193071,-6.347313770806723,0.165,-5.276501023598839,4.3818188633584425
84.49999999999947,-1.393750743741522,5100.420836226228,500.28199155633826,-0.1495,66.97249072901668,-5.742918726247275,0.495,-5.276501023598839,4.3818188633584425
84.59999999999947,-1.4481960315803735,5107.116505120883,499.693337161755,-0.1745,66.94088716408365,-6.030169165418325,0.165,-5.276501023598839,4.3818188633584425
84.69999999999946,-1.4825624387027507,5113.809865492938,499.0812650517565,-0.1745,66.92632027701576,-6.211273034551916,0.165,-5.276501023598839,4.3818188633584425
84.79999999999946,-1.5042941964193104,5120.502297944219,498.45442313213556,-0.1745,66.92232874860146,-6.325565357866181,0.165,-5.276501023598839,4.3818188633584425
84.89999999999945,-1.5180794295233615,5127.194660364241,497.8182538377673,-0.1745,66.92491965182822,-6.397820529499156,0.165,-5.276501023598839,4.3818188633584425
84.99999999999945,-1.5268685200095384,5133.88748683153,497.176181099523,-0.1745,66.93160969395537,-6.443634235387631,0.165,-5.276501023598839,4.3818188633584425
85.09999999999944,-1.3325563631503163,5140.581109730502,496.5303583943603,-0.1745,66.94084828550014,-6.4728198678660265,0.165,-5.276501023598839,4.3818188633584425
85.19999999999943,-1.4104726141222828,5147.2819915455,495.9153441772873,-0.1495,67.0767880144653,-5.827464473593555,0.8300000000000001,-5.276501023598839,4.3818188633584425
85.29999999999943,-1.4595741826573483,5153.988288343497,495.31961714394635,-0.1745,67.04914794546553,-6.087076193225223,0.165,-5.276501023598839,4.3818188633584425
85.39999999999942,-1.4905516210427106,5160.692589798173,494.70273241737976,-0.1745,67.03688114805244,-6.250618338106756,0.165,-5.276501023598839,4.3818188633584425
85.49999999999942,-1.5101362423935847,5167.396141701602,494.0725138408035,-0.1745,67.03415692052386,-6.353753193418457,0.165,-5.276501023598839,4.3818188633584425
85.59999999999941,-1.5225625357476347,5174.099718012814,493.43388026764995,-0.1745,67.03736930372307,-6.4189182696519556,0.165,-5.276501023598839,4.3818188633584425
85.6999999999994,-1.3296632973121647,5180.803800245158,492.78992317676966,-0.1745,67.04427534314385,-6.460223547954049,0.165,-5.276501023598839,4.3818188633584425
85.7999999999994,-1.4094661604812502,5187.513315696215,492.1761286054751,-0.1495,67.14603367799444,-5.815667877936799,0.495,-5.276501023598839,4.3818188633584425
85.8999999999994,-1.4597291803470882,5194.226469611461,491.5812549735577,-0.1745,67.11704462692451,-6.0818047604114955,0.165,-5.276501023598839,4.3818188633584425
85.99999999999939,-1.4914213830238876,5200.937514302457,490.9646971451317,-0.1745,67.10384919299707,-6.249351808108169,0.165,-5.276501023598839,4.3818188633584425
86.09999999999938,-1.5114460057305523,5207.647729289159,490.33448256610984,-0.1745,67.1004505410369,-6.354939772329082,0.165,-5.276501023598839,4.3818188633584425
86.19999999999938,-1.5241434772751905,5214.357908985934,489.6956554133235,-0.1745,67.10314339446802,-6.4216032833983645,0.165,-5.276501023598839,4.3818188633584425
86.29999999999937,-1.5322411043942774,5221.068547396388,489.05138424164045,-0.1745,67.10962481460552,-6.46382015026296,0.165,-5.276501023598839,4.3818188633584425
86.39999999999937,-1.5382127760437037,5227.779951545724,488.40365891770347,-0.1745,67.11845817210701,-6.490686328477093,0.165,-5.276501023598839,4.3818188633584425
86.49999999999936,-1.5412605425876342,5234.493936657986,487.7534423994945,-0.1745,67.16124407314044,-6.5136440357031375,0.495,-5.276501023598839,4.3818188633584425
86.59999999999935,-1.543302992000356,5241.210622152534,487.1015782768002,-0.1745,67.17246581782439,-6.5236384181828795,0.165,-5.276501023598839,4.3818188633584425
86.69999999999935,-1.3441074092074383,5247.928453393288,486.4488828630688,-0.1745,67.18415899725858,-6.530269856445707,0.165,-5.276501023598839,4.3818188633584425
86.79999999999934,-1.0160921557488092,5254.653729346192,485.8290665111825,-0.1495,67.32136006082733,-5.866057181280421,0.8300000000000001,-5.276501023598839,4.3818188633584425
86.89999999999934,-1.213925453428909,5261.389237353512,485.2978281947238,-0.1245,67.38880008555786,-4.758709147892377,0.165,-5.276501023598839,4.3818188633584425
86.99999999999933,-1.3384185218168736,5268.1233651232715,484.78887177899423,-0.1745,67.2937553096347,-5.420419166699739,0.165,-5.276501023598839,4.3818188633584425
87.09999999999933,-1.4167434370402645,5274.850047892788,484.22603207866246,-0.1745,67.23990008070332,-5.8363748399357736,0.165,-5.276501023598839,4.3818188633584425
87.19999999999932,-1.466041639577976,5281.57260458102,483.62931839610394,-0.1745,67.21123368392531,-6.0978988112347325,0.165,-5.276501023598839,4.3818188633584425
87.29999999999932,-1.4971063124013875,5288.293071542358,483.01130304447577,-0.1745,67.19810554284707,-6.262408221328513,0.165,-5.276501023598839,4.3818188633584425
87.39999999999931,-1.516724395313458,5295.012707334073,482.3798827714236,-0.1745,67.19461029144783,-6.365997239715596,0.165,-5.276501023598839,4.3818188633584425
87.4999999999993,-1.3286093683595046,5301.732292895075,481.7400156766131,-0.1745,67.19710092861017,-6.43134465649442,0.165,-5.276501023598839,4.3818188633584425
87.5999999999993,-1.4112390101872132,5308.458646604854,481.12823824021996,-0.1495,67.32997326696257,-5.804204071368517,0.8300000000000001,-5.276501023598839,4.3818188633584425
87.69999999999929,-1.4632083611909297,5315.190072988343,480.5340065361479,-0.1745,67.29855440280721,-6.080430010072341,0.165,-5.276501023598839,4.3818188633584425
87.79999999999929,-0.5884104857595545,5321.919180984487,479.91728286505224,-0.1745,67.28360552007312,-6.254043411840715,0.165,-5.276501023598839,4.3818188633584425
87.89999999999928,-0.9449416748750914,5328.644533817924,479.4399864757351,-0.06225,67.22345114866434,-3.2918843745013806,0.165,-5.276501023598839,4.3818188633584425
87.99999999999928,-1.1702492165095444,5335.357568833061,479.0513351007888,-0.1745,67.03724915409026,-4.481143124425648,0.165,-5.276501023598839,4.3818188633584425
88.09999999999927,-1.312494899686256,5342.055875864016,478.5657340451687,-0.1745,66.92889146501588,-5.230877987975875,0.165,-5.276501023598839,4.3818188633584425
88.19999999999926,-1.4022631798617227,5348.745688537087,478.0190058377206,-0.1745,66.86736199639181,-5.703686160986397,0.165,-5.276501023598839,4.3818188633584425
88.29999999999926,-1.4589233484489728,5355.430779725489,477.4337259237122,-0.1745,66.83446177165135,-6.001912119182112,0.165,-5.276501023598839,4.3818188633584425
88.39999999999925,-1.4947163018342124,5362.11346475859,476.82412514441955,-0.1745,66.81923889039035,-6.1901034666703225,0.165,-5.276501023598839,4.3818188633584425
88.49999999999925,-1.5173663716302757,5368.795176416592,476.1991713792441,-0.1745,66.81499426963352,-6.308971836838426,0.165,-5.276501023598839,4.3818188633584425
88.59999999999924,-1.5317427494333642,5375.476805491176,475.56451364199427,-0.1745,66.8175872220473,-6.3841829081582455,0.165,-5.276501023598839,4.3818188633584425
88.69999999999924,-1.5409126269152085,5382.158906923219,474.9237090683821,-0.1745,66.82444141881797,-6.431908564085002,0.165,-5.276501023598839,4.3818188633584425
88.79999999999923,-1.5468071121587164,5388.841826354697,474.2789969323882,-0.1745,66.83394721075729,-6.462334155792641,0.165,-5.276501023598839,4.3818188633584425
88.89999999999922,-1.5506415930456448,5395.525778531873,473.63178660660463,-0.1745,66.845096332747,-6.481872359879588,0.165,-5.276501023598839,4.3818188633584425
88.99999999999922,-1.5531807943535494,5402.210896160616,472.982965014712,-0.1745,66.85725624212014,-6.494559477972575,0.165,-5.276501023598839,4.3818188633584425
89.09999999999921,-1.554905779591929,5408.897260460601,472.3330902656014,-0.1745,66.87002975757127,-6.502935504239285,0.165,-5.276501023598839,4.3818188633584425
89.1999999999992,-1.5561191164289425,5415.584920317231,471.68251356361986,-0.1745,66.88316737504579,-6.508598535391365,0.165,-5.276501023598839,4.3818188633584425
89.2999999999992,-1.557011077089847,5422.273904303089,471.0314559421211,-0.1745,66.89651234211416,-6.5125538945831565,0.165,-5.276501023598839,4.3818188633584425
89.3999999999992,-1.5577012990164472,5428.964228229925,470.3800565514845,-0.1745,66.90996619460938,-6.515433918149342,0.165,-5.276501023598839,4.3818188633584425
89.49999999999919,-1.5582649966350073,5435.655899895176,469.7284030411779,-0.1745,66.92346711042255,-6.517636287982491,0.165,-5.276501023598839,4.3818188633584425
89.59999999999918,-1.5587494501192276,5442.348922065974,469.076550672745,-0.1745,66.93697630553558,-6.519411080675304,0.165,-5.276501023598839,4.3818188633584425
89.69999999999918,-1.5591843761884707,5449.043294355325,468.42453434188377,-0.1745,66.95046948149509,-6.520915536548573,0.165,-5.276501023598839,4.3818188633584425
89.79999999999917,-1.5595884500281907,5455.739014401785,467.7723761393608,-0.1745,66.96393144772004,-6.522248513911165,0.165,-5.276501023598839,4.3818188633584425
89.89999999999917,-1.5599734062202688,5462.436078611166,467.1200901056272,-0.1745,66.97735273988195,-6.523472160760752,0.165,-5.276501023598839,4.3818188633584425
89.99999999999916,-1.5603466170564246,5469.134482622833,466.4676852203617,-0.1745,66.99072749346874,-6.524625544548586,0.165,-5.276501023598839,4.3818188633584425
90.09999999999916,-1.5607127133675691,5475.834221602841,465.81516728197573,-0.1745,67.00405210669442,-6.525733223171029,0.165,-5.276501023598839,4.3818188633584425
90.19999999999915,-0.6561510846596694,5482.535290428166,465.1625400891098,-0.1745,67.01732439980343,-6.526810634146902,0.165,-5.276501023598839,4.3818188633584425
90.29999999999914,-0.9908679507891174,5489.237250471145,464.66232173356053,-0.06225,67.02187645976198,-3.477556476838854,0.8300000000000001,-5.276501023598839,4.3818188633584425
90.39999999999914,-1.2026449673144366,5495.930855218073,464.25890505439764,-0.1745,66.85021847879517,-4.590777106418958,0.165,-5.276501023598839,4.3818188633584425
90.49999999999913,-1.3365175402741856,5502.610899815575,463.76468518887856,-0.1745,66.75067347125736,-5.2936202039632185,0.165,-5.276501023598839,4.3818188633584425
90.59999999999913,-1.421113991503507,5509.283167750743,463.21312952938274,-0.1745,66.69468523209854,-5.73749298595325,0.165,-5.276501023598839,4.3818188633584425
90.69999999999912,-1.4745843429322592,5515.95117227993,462.6253609624087,-0.1745,66.66540535164519,-6.017878353527496,0.165,-5.276501023598839,4.3818188633584425
90.79999999999912,-1.508412175955288,5522.6170752521275,462.014712774833,-0.1745,66.6526540923015,-6.195085397986131,0.165,-5.276501023598839,4.3818188633584425
90.89999999999911,-1.5298527295061009,5529.282217250743,461.3895983261572,-0.1745,66.65018588001863,-6.30720357553017,0.165,-5.276501023598839,4.3818188633584425
90.9999999999991,-1.5434852295892365,5535.947433099859,460.7553242979375,-0.1745,66.65413110229525,-6.378276988864691,0.165,-5.276501023598839,4.3818188633584425
91.0999999999991,-1.5521979047449062,5542.613243519555,460.11523666721126,-0.1745,66.66207729161596,-6.423475625659304,0.165,-5.276501023598839,4.3818188633584425
91.1999999999991,-0.6568021511576525,5549.279973111772,459.4714445664138,-0.1745,66.67251455271746,-6.452366390289963,0.165,-5.276501023598839,4.3818188633584425
91.29999999999909,-0.9917151854782431,5555.945826083021,458.9764244669049,-0.06225,66.64454487225846,-3.4480355998883403,0.495,-5.276501023598839,4.3818188633584425
91.39999999999908,-1.2042571194374445,5562.601832395748,458.5762342222288,-0.1745,66.47558138228614,-4.555769293634961,0.165,-5.276501023598839,4.3818188633584425
91.49999999999908,-1.3390144872571956,5569.2445087143815,458.0855789480431,-0.1745,66.37794499038874,-5.257336190077654,0.165,-5.276501023598839,4.3818188633584425
91.59999999999907,-1.4244203363763344,5575.87958189857,457.53762247549975,-0.1745,66.3235186933853,-5.701793260789442,0.165,-5.276501023598839,4.3818188633584425
91.69999999999906,-1.4785573942457686,5582.510541028439,456.9533609767555,-0.1745,66.29566390398007,-5.983436714094898,0.165,-5.276501023598839,4.3818188633584425
91.79999999999906,-1.5129021438714665,5589.139539166584,456.34608854257056,-0.1745,66.28429885892187,-6.162011969604173,0.165,-5.276501023598839,4.3818188633584425
91.89999999999905,-0.6385792022988058,5595.767915135199,455.7242194663089,-0.1745,66.2832205133772,-6.275369555628403,0.165,-5.276501023598839,4.3818188633584425
91.99999999999905,-0.9801195835667303,5602.39659525316,455.2423841183546,-0.06225,66.29038184585619,-3.361337403458132,0.8300000000000001,-5.276501023598839,4.3818188633584425
92.09999999999904,-1.1975074972662085,5609.01712234742,454.85006212543027,-0.1745,66.12016003935405,-4.485102455028884,0.165,-5.276501023598839,4.3818188633584425
92.19999999999904,-1.3357363436568153,5615.624232515487,454.36585984310926,-0.1745,66.02204332198326,-5.198943191391425,0.165,-5.276501023598839,4.3818188633584425
92.29999999999903,-1.4235899026969556,5622.223719571758,453.82328602214295,-0.1745,65.96769780344002,-5.652533227934913,0.165,-5.276501023598839,4.3818188633584425
92.39999999999903,-1.479430964570566,5628.819120932252,453.2436177777019,-0.1745,65.94032940643983,-5.940831660885994,0.165,-5.276501023598839,4.3818188633584425
92.49999999999902,-1.5149493461645425,5635.412624520534,452.6403670368025,-0.1745,65.92974235919542,-6.124183157101546,0.165,-5.276501023598839,4.3818188633584425
92.59999999999901,-1.53757552319256,5642.005594119683,452.02211125460684,-0.1745,65.92964962377835,-6.240932486811707,0.165,-5.276501023598839,4.3818188633584425
92.69999999999901,-1.5520275509309742,5648.59888336928,451.3942930285023,-0.1745,65.93613536814766,-6.31543203527869,0.165,-5.276501023598839,4.3818188633584425
92.799999999999,-1.5612989680996088,5655.193027389002,450.7603644749185,-0.1745,65.9467450262992,-6.3631390363972695,0.165,-5.276501023598839,4.3818188633584425
92.899999999999,-1.5672881178863254,5661.788361330462,450.12251452415825,-0.1745,65.95993380290435,-6.393859978807842,0.165,-5.276501023598839,4.3818188633584425
92.99999999999899,-1.5711983539554986,5668.385094373128,449.48213082671145,-0.1745,65.9747270504056,-6.41381397012788,0.165,-5.276501023598839,4.3818188633584425
93.09999999999899,-1.5737922465528125,5674.983356171733,448.8400929357755,-0.1745,65.99050892170868,-6.426943848591223,0.165,-5.276501023598839,4.3818188633584425
93.19999999999898,-1.575552920841179,5681.583226115685,448.19695830853004,-0.1745,66.00688995732098,-6.435748696317361,0.165,-5.276501023598839,4.3818188633584425
93.29999999999897,-1.5767863960581723,5688.184751801989,447.5530802654799,-0.1745,66.0236237687646,-6.441812164686375,0.165,-5.276501023598839,4.3818188633584425
93.39999999999897,-1.5776864737003629,5694.7879607140485,446.9086827764722,-0.1745,66.04055447243553,-6.446137615467804,0.165,-5.276501023598839,4.3818188633584425
93.49999999999896,-1.5783758668742536,5701.392867611125,446.2639078633834,-0.1745,66.05758346911108,-6.449360646307985,0.165,-5.276501023598839,4.3818188633584425
93.59999999999896,-1.5789322635127043,5707.999479205992,445.6188456397978,-0.1745,66.07464842822324,-6.451883825403494,0.165,-5.276501023598839,4.3818188633584425
93.69999999999895,-1.579404838829993,5714.607797126664,444.9735533440163,-0.1745,66.09170998521118,-6.453962090227326,0.165,-5.276501023598839,4.3818188633584425
93.79999999999895,-1.5798247148961717,5721.2178197918465,444.32806739624397,-0.1745,66.10874331844514,-6.455756865219176,0.165,-5.276501023598839,4.3818188633584425
93.89999999999894,-1.5802115849725253,5727.829543598521,443.6824110354593,-0.1745,66.12573281503589,-6.457370350474041,0.165,-5.276501023598839,4.3818188633584425
93.99999999999893,-1.580577908214678,5734.442963673905,443.0365991557695,-0.1745,66.1426686926396,-6.458867243322322,0.165,-5.276501023598839,4.3818188633584425
94.09999999999893,-1.5809315654629272,5741.05807435154,442.3906413687728,-0.1745,66.15954486006845,-6.4602884966128915,0.165,-5.276501023598839,4.3818188633584425
94.19999999999892,-1.581277540452396,5747.674869472669,441.7445439423526,-0.1745,66.17635756252174,-6.4616600317907755,0.165,-5.276501023598839,4.3818188633584425
94.29999999999892,-1.5816189839248045,5754.293342576983,441.0983110279606,-0.1745,66.19310452376021,-6.462998256049243,0.165,-5.276501023598839,4.3818188633584425
94.39999999999891,-1.5819578870553683,5760.913487023321,440.45194543739296,-0.1745,66.20978440300053,-6.464313555304135,0.165,-5.276501023598839,4.3818188633584425
94.4999999999989,-1.5822955075731922,5767.535296066027,439.8054491343617,-0.1745,66.22639645110748,-6.465612505320671,0.165,-5.276501023598839,4.3818188633584425
94.5999999999989,-1.5826326393572137,5774.158762903231,439.1588235455354,-0.1745,66.2429402929778,-6.466899271204997,0.165,-5.276501023598839,4.3818188633584425
94.6999999999989,-1.58296978297922,5780.78388070737,438.5120697573221,-0.1745,66.25941578981673,-6.468176493061553,0.165,-5.276501023598839,4.3818188633584425
94.79999999999889,-1.583307253572287,5787.4106426444605,437.86518864034923,-0.1745,66.2758229519882,-6.4694458463959705,0.165,-5.276501023598839,4.3818188633584425
94.89999999999888,-1.5836452490481532,5794.0390418862535,437.2181809281963,-0.1745,66.29216188387547,-6.470708396662639,0.165,-5.276501023598839,4.3818188633584425
94.99999999999888,-1.583983893232822,5800.669071617897,436.57104726718603,-0.1745,66.30843274899925,-6.471964823543598,0.165,-5.276501023598839,4.3818188633584425
95.09999999999887,-1.3858676470563664,5807.300725042745,435.9237882478687,-0.1745,66.32463574795449,-6.473215562802773,0.165,-5.276501023598839,4.3818188633584425
95.19999999999887,-1.459289401394181,5813.940137012686,435.30905863298375,-0.1495,66.46360365086676,-5.8213767348963685,0.8300000000000001,-5.276501023598839,4.3818188633584425
95.29999999999886,-1.5057880818315503,5820.585385549039,434.71479111120067,-0.1745,66.44136707618142,-6.063973700765214,0.165,-5.276501023598839,4.3818188633584425
95.39999999999885,-1.5352704029491608,5827.229118680731,434.1007106863343,-0.1745,66.43329555765301,-6.217634796561859,0.165,-5.276501023598839,4.3818188633584425
95.49999999999885,-1.5540044170056422,5833.872486463494,433.4740740416615,-0.1745,66.43406009761948,-6.3150980968951815,0.165,-5.276501023598839,4.3818188633584425
95.59999999999884,-1.5659523935481887,5840.516206752526,432.83946595565595,-0.1745,66.44034568302686,-6.377063623215439,0.165,-5.276501023598839,4.3818188633584425
95.69999999999884,-1.573617453405619,5847.160727988878,432.1997821177864,-0.1745,66.45007904399797,-6.416613134175277,0.165,-5.276501023598839,4.3818188633584425
95.79999999999883,-1.5785802042401054,5853.8063298993375,431.5568509397354,-0.1745,66.4619591652046,-6.4420104268455605,0.165,-5.276501023598839,4.3818188633584425
95.89999999999883,-1.5818383956612543,5860.453186255414,430.9118267159801,-0.1745,66.47516795633139,-6.458474048259777,0.165,-5.276501023598839,4.3818188633584425
95.99999999999882,-1.5840216887779588,5867.101404171738,430.26543808265154,-0.1745,66.48919037014919,-6.469298618311367,0.165,-5.276501023598839,4.3818188633584425
96.09999999999881,-1.5855273673137862,5873.751048786954,429.61814496784274,-0.1745,66.50370193417355,-6.476563677865086,0.165,-5.276501023598839,4.3818188633584425
96.19999999999881,-1.586606051658071,5880.4021587927045,428.97023770503796,-0.1745,66.51849818083488,-6.481581578230473,0.165,-5.276501023598839,4.3818188633584425
96.2999999999988,-1.587415816343218,5887.054756215201,428.3218996070611,-0.1745,66.5334502690959,-6.485180381306932,0.165,-5.276501023598839,4.3818188633584425
96.3999999999988,-1.5880563491996245,5893.708852580595,427.6732464630996,-0.1745,66.54847703877478,-6.487882497922767,0.165,-5.276501023598839,4.3818188633584425
96.49999999999879,-1.5885905080973934,5900.364452802456,427.0243514649879,-0.1745,66.56352739844338,-6.4900174643110775,0.165,-5.276501023598839,4.3818188633584425
96.59999999999879,-1.5890579222265768,5907.021557633409,426.3752609354871,-0.1745,66.57856922063117,-6.49179312570372,0.165,-5.276501023598839,4.3818188633584425
96.69999999999878,-1.589483572471104,5913.680165211355,425.72600425123557,-0.1745,66.59358233828542,-6.4933405593276845,0.165,-5.276501023598839,4.3818188633584425
96.79999999999878,-1.589883203538685,5920.340272034636,425.07660010225044,-0.1745,66.60855412731667,-6.494742420374856,0.165,-5.276501023598839,4.3818188633584425
96.89999999999877,-1.5902667372220836,5927.001873577014,424.4270604399579,-0.1745,66.62347672024539,-6.496050825474903,0.165,-5.276501023598839,4.3818188633584425
96.99999999999876,-1.5906404247477686,5933.664964675463,423.77739296699235,-0.1745,66.63834524873965,-6.49729863383668,0.165,-5.276501023598839,4.3818188633584425
97.09999999999876,-1.5910082038360918,5940.32953977466,423.1276027071703,-0.1745,66.65315673518937,-6.49850656260462,0.165,-5.276501023598839,4.3818188633584425
97.19999999999875,-1.5913725542211172,5946.995593081104,422.47769299533275,-0.1745,66.66790939368788,-6.499687674146463,0.165,-5.276501023598839,4.3818188633584425
97.29999999999875,-1.591735036920689,5953.663118660251,421.8276661013458,-0.1745,66.68260218924766,-6.500850205592142,0.165,-5.276501023598839,4.3818188633584425
97.39999999999874,-1.5920966341186027,5960.332110497708,421.177523623425,-0.1745,66.69723455988323,-6.501999352824215,0.165,-5.276501023598839,4.3818188633584425
97.49999999999874,-1.5924579633533655,5967.002562537772,420.5272667360277,-0.1745,66.71180624140305,-6.503138395121532,0.165,-5.276501023598839,4.3818188633584425
97.59999999999873,-1.5928194124802253,5973.674468707691,419.8768963460688,-0.1745,66.72631715696605,-6.504269404056518,0.165,-5.276501023598839,4.3818188633584425
97.69999999999872,-1.5931812247013837,5980.347822932913,419.226413191352,-0.1745,66.74076734747119,-6.505393690279502,0.165,-5.276501023598839,4.3818188633584425
97.79999999999872,-1.5935435521311234,5987.022619146671,418.57581790258445,-0.1745,66.75515692768919,-6.506512085071007,0.165,-5.276501023598839,4.3818188633584425
97.89999999999871,-1.5939064895352593,5993.698851295986,417.9251110424435,-0.1745,66.76948605862013,-6.507625117747214,0.165,-5.276501023598839,4.3818188633584425
97.9999999999987,-1.5942700955802847,6000.376513345421,417.27429313018473,-0.1745,66.78375493007796,-6.508733127429086,0.165,-5.276501023598839,4.3818188633584425
98.0999999999987,-1.5946344062144715,6007.055599279411,416.62336465714077,-0.1745,66.79796374971957,-6.509836333450692,0.165,-5.276501023598839,4.3818188633584425
98.1999999999987,-1.5949994430932506,6013.7361031037035,415.9723260964829,-0.1745,66.81211273613484,-6.510934879707126,0.165,-5.276501023598839,4.3818188633584425
98.29999999999869,-1.5953652188835898,6020.418018846235,415.3211779093683,-0.1745,66.82620211449519,-6.512028862584462,0.165,-5.276501023598839,4.3818188633584425
98.39999999999868,-1.5957317406030476,6027.1013405576505,414.6699205488117,-0.1745,66.84023211381381,-6.513118348547685,0.165,-5.276501023598839,4.3818188633584425
98.49999999999868,-1.5960990117214262,6033.786062311602,414.0185544621236,-0.1745,66.85420296522118,-6.514203385214742,0.165,-5.276501023598839,4.3818188633584425
98.59999999999867,-1.5964670334833952,6040.472178204907,413.36708009244643,-0.1745,66.86811490087986,-6.515284008328358,0.165,-5.276501023598839,4.3818188633584425
98.69999999999867,-1.5968358057407428,6047.1596823576165,412.71549787972276,-0.1745,66.88196815330207,-6.516360246144698,0.165,-5.276501023598839,4.3818188633584425
98.79999999999866,-1.5972053274759812,6053.8485689130275,412.0638082613057,-0.1745,66.89576295492063,-6.517432122195636,0.165,-5.276501023598839,4.3818188633584425
98.89999999999866,-1.597575597131715,6060.538832037664,411.4120116723446,-0.1745,66.90949953781968,-6.518499657027128,0.165,-5.276501023598839,4.3818188633584425
98.99999999999865,-1.5979466128177804,6067.230465921233,410.76010854602856,-0.1745,66.92317813356578,-6.5195628692930825,0.165,-5.276501023598839,4.3818188633584425
99.09999999999864,-1.5983183724414824,6073.923464776567,410.1080993137417,-0.1745,66.93679897310227,-6.5206217764435825,0.165,-5.276501023598839,4.3818188633584425
99.19999999999864,-1.5986908737894556,6080.6178228395565,409.45598440516164,-0.1745,66.9503622866835,-6.521676395157821,0.165,-5.276501023598839,4.3818188633584425
99.29999999999863,-1.5990641145790856,6087.313534369083,408.8037642483229,-0.1745,66.96386830383402,-6.5227267416164105,0.165,-5.276501023598839,4.3818188633584425
99.39999999999863,-1.5994380924907992,6094.010593646941,408.15143926965845,-0.1745,66.97731725332365,-6.523772831672615,0.165,-5.276501023598839,4.3818188633584425
99.49999999999862,-1.6005708166616304,6100.708994977765,407.4990098940268,-0.1745,66.99070936315235,-6.524814680960014,0.165,-5.276501023598839,4.3818188633584425
99.59999999999862,-1.6005943708095163,6107.4103576311745,406.846190078739,-0.1745,67.03654370504745,-6.531581624795342,0.495,-5.276501023598839,4.3818188633584425
99.69999999999861,-1.6007501118855993,6114.114678164839,406.19303962206556,-0.1745,67.04986696823663,-6.531427508674579,0.165,-5.276501023598839,4.3818188633584425
99.7999999999986,-1.6009891025729752,6120.820324826243,405.53988287780277,-0.1745,67.06306625986606,-6.5317073765815685,0.165,-5.276501023598839,4.3818188633584425
99.8999999999986,-1.6012806154380834,6127.52728650122,404.88668459857166,-0.1745,67.0761672396715,-6.532258208040405,0.165,-5.276501023598839,4.3818188633584425
99.9999999999986,-1.601605358603608,6134.235554168518,404.2334228066151,-0.1745,67.08918610629526,-6.532977631090887,0.165,-5.276501023598839,4.3818188633584425
100.09999999999859,-1.6019512208375797,6140.945120129551,403.5800838566583,-0.1745,67.10213311434623,-6.533801368046241,0.165,-5.276501023598839,4.3818188633584425
100.19999999999858,-1.6023105993339404,6147.655977524492,402.92665933493987,-0.1745,67.1150147844973,-6.534689066322207,0.165,-5.276501023598839,4.3818188633584425
100.29999999999858,-1.602678721644399,6154.368120028319,402.27314411172875,-0.1745,67.12783529204266,-6.535615397899818,0.165,-5.276501023598839,4.3818188633584425
100.39999999999857,-1.6030525920147225,6161.08154165988,401.6195351183873,-0.1745,67.14059733916385,-6.536564468929303,0.165,-5.276501023598839,4.3818188633584425
100.49999999999856,-1.6034303298556607,6167.796236661978,400.9658305795012,-0.1745,67.15330270279601,-6.537526308793687,0.165,-5.276501023598839,4.3818188633584425
100.59999999999856,-1.6045672891409937,6174.512199426053,400.312029530793,-0.1745,67.16595257869695,-6.5384946653702665,0.165,-5.276501023598839,4.3818188633584425
100.69999999999855,-1.604598472579297,6181.231049387088,399.6578450504985,-0.1745,67.21104664200845,-6.5451949405190994,0.495,-5.276501023598839,4.3818188633584425
100.79999999999855,-1.6047626327002795,6187.952783307435,399.0033364148238,-0.1745,67.2236317649322,-6.5449777729744305,0.165,-5.276501023598839,4.3818188633584425
100.89999999999854,-1.6065327750293288,6194.675769657525,398.3488275917972,-0.1745,67.23609523686417,-6.545198687558018,0.165,-5.276501023598839,4.3818188633584425
100.99999999999854,-1.6061262459769188,6201.403272074743,397.693705744129,-0.1745,67.31395310749568,-6.5572382658060615,0.8300000000000001,-5.276501023598839,4.3818188633584425
101.09999999999853,-1.6060180947451697,6208.135286232596,397.0380685235964,-0.1745,67.32633004955797,-6.555506144845614,0.165,-5.276501023598839,4.3818188633584425
101.19999999999852,-1.6060970819608538,6214.868527761581,396.38255488959413,-0.1745,67.33850053015078,-6.5547665351994855,0.165,-5.276501023598839,4.3818188633584425
101.29999999999852,-1.6062935216364005,6221.602978931403,395.72708419880706,-0.1745,67.35052286629676,-6.554647280541658,0.165,-5.276501023598839,4.3818188633584425
101.39999999999851,-1.6065637625500229,6228.338626758802,395.07160607442995,-0.1745,67.36243368167973,-6.554915207000735,0.165,-5.276501023598839,4.3818188633584425
101.49999999999851,-1.606880463876394,6235.075461242923,394.41608910231207,-0.1745,67.37425600072629,-6.555424235356922,0.165,-5.276501023598839,4.3818188633584425
101.5999999999985,-1.6072265021052963,6241.813474259173,393.76051374753445,-0.1745,67.38600432427994,-6.556082860195924,0.165,-5.276501023598839,4.3818188633584425
101.6999999999985,-0.6982414294588629,6248.552658865969,393.1048679160714,-0.1745,67.3976878116371,-6.55683376906585,0.165,-5.276501023598839,4.3818188633584425
101.79999999999849,-1.036202457486503,6255.29095257042,392.60334955124983,-0.06225,67.36818627738008,-3.4735335273647148,0.495,-5.276501023598839,4.3818188633584425
101.89999999999849,-1.249463204297832,6262.018962818796,392.1995153657232,-0.1745,67.19201869015022,-4.603150183168519,0.165,-5.276501023598839,4.3818188633584425
101.99999999999848,-1.3839221104532176,6268.733039301862,391.7036419721841,-0.1745,67.08951097115474,-5.314317687614233,0.165,-5.276501023598839,4.3818188633584425
102.09999999999847,-1.4686741452952303,6275.439082653579,391.1498175679774,-0.1745,67.03135606318163,-5.762170396520078,0.165,-5.276501023598839,4.3818188633584425
102.19999999999847,-1.5221138412476463,6282.140666469494,390.5594962201123,-0.1745,67.00032025512591,-6.044256560781665,0.165,-5.276501023598839,4.3818188633584425
102.29999999999846,-1.5558472782944373,6288.839983600591,389.94618262684946,-0.1745,66.98602236681661,-6.222015304474405,0.165,-5.276501023598839,4.3818188633584425
102.39999999999846,-1.5771869067853115,6295.538390285408,389.31837479984137,-0.1745,66.98211132953018,-6.334141235687519,0.165,-5.276501023598839,4.3818188633584425
102.49999999999845,-1.5907354271424257,6302.236729002568,388.6814181059692,-0.1745,66.98466301366379,-6.404992641755381,0.165,-5.276501023598839,4.3818188633584425
102.59999999999845,-1.5993879686842183,6308.935524033527,388.0386737077306,-0.1745,66.99123760552249,-6.449895323017567,0.165,-5.276501023598839,4.3818188633584425
102.69999999999844,-1.6049647237317695,6315.635101524301,387.3922545456311,-0.1745,67.00031220994276,-6.478487918972925,0.165,-5.276501023598839,4.3818188633584425
102.79999999999843,-1.6086096718416258,6322.335663832859,386.7434886341585,-0.1745,67.01093396120676,-6.496830310479331,0.165,-5.276501023598839,4.3818188633584425
102.89999999999843,-1.6110416127583571,6329.037335820521,386.09321054862335,-0.1745,67.02250579203884,-6.508731400224185,0.165,-5.276501023598839,4.3818188633584425
102.99999999999842,-1.612712100560345,6335.740193773678,385.44194474079717,-0.1745,67.03465327110081,-6.516584756299348,0.165,-5.276501023598839,4.3818188633584425
103.09999999999842,-1.6139047564518172,6342.444283511857,384.79002078933456,-0.1745,67.04714149248193,-6.521894272952681,0.165,-5.276501023598839,4.3818188633584425
103.19999999999841,-1.6147976968637074,6349.149631740059,384.1376458398153,-0.1745,67.05982307154946,-6.5256047174323015,0.165,-5.276501023598839,4.3818188633584425
103.2999999999984,-1.615502765434771,6355.856253171315,383.4849501275471,-0.1745,67.07260555357566,-6.528309527931789,0.165,-5.276501023598839,4.3818188633584425
103.3999999999984,-1.616090182648968,6362.564154997448,382.8320155802826,-0.1745,67.08543096907559,-6.530381417358943,0.165,-5.276501023598839,4.3818188633584425
103.4999999999984,-1.6166040306798133,6369.273339695985,382.1788937871659,-0.1745,67.09826300166293,-6.5320544449748965,0.165,-5.276501023598839,4.3818188633584425
103.59999999999839,-1.6170719795010837,6375.983806792639,381.52561728579263,-0.1745,67.11107893142764,-6.533475582491314,0.165,-5.276501023598839,4.3818188633584425
103.69999999999838,-1.6175113950975635,6382.695553968002,380.8722066512214,-0.1745,67.1238645758317,-6.53473710893304,0.165,-5.276501023598839,4.3818188633584425
103.79999999999838,-1.6179331750829746,6389.408577752429,380.2186749478159,-0.1745,67.1366111126986,-6.535896959177035,0.165,-5.276501023598839,4.3818188633584425
103.89999999999837,-1.6183441569735773,6396.12287396232,379.56503052464825,-0.1745,67.14931308512821,-6.536991504175364,0.165,-5.276501023598839,4.3818188633584425
103.99999999999837,-1.6187486301025404,6402.838437974011,378.9112787705968,-0.1745,67.1619671486866,-6.538043576853306,0.165,-5.276501023598839,4.3818188633584425
104.09999999999836,-1.6191492846950775,6409.555264895684,378.25742321616633,-0.1745,67.17457128475918,-6.53906751175648,0.165,-5.276501023598839,4.3818188633584425
104.19999999999835,-1.6195478075673875,6416.273349675254,377.60346622511787,-0.1745,67.18712430665137,-6.540072309213212,0.165,-5.276501023598839,4.3818188633584425
104.29999999999835,-1.619945255984455,6422.992687168063,376.9494094285697,-0.1745,67.19962554952045,-6.541063621750274,0.165,-5.276501023598839,4.3818188633584425
104.39999999999834,-1.6203422922664525,6429.713272179326,376.2952539974321,-0.1745,67.21207467573507,-6.5420450010018705,0.165,-5.276501023598839,4.3818188633584425
104.49999999999834,-1.6207393309953912,6436.435099490748,375.64100081336534,-0.1745,67.22447155270517,-6.543018680333217,0.165,-5.276501023598839,4.3818188633584425
104.59999999999833,-1.6211366313720188,6443.158163877194,374.98665057604853,-0.1745,67.23681617620754,-6.543986066002787,0.165,-5.276501023598839,4.3818188633584425
104.69999999999833,-1.6215343551541368,6449.882460117118,374.33220387047965,-0.1745,67.2491086222698,-6.544948045375431,0.165,-5.276501023598839,4.3818188633584425
104.79999999999832,-1.6219326029992966,6456.60798299908,373.6776612091953,-0.1745,67.26134901697927,-6.5459051803113315,0.165,-5.276501023598839,4.3818188633584425
104.89999999999831,-1.6223314372589424,6463.334727325807,373.023023058755,-0.1745,67.27353751754124,-6.546857828495574,0.165,-5.276501023598839,4.3818188633584425
104.99999999999831,-1.62273089627341,6470.062687916704,372.36828985635265,-0.1745,67.28567430039666,-6.547806219550735,0.165,-5.276501023598839,4.3818188633584425
105.0999999999983,-1.6231310033358932,6476.791859609412,371.71346202023614,-0.1745,67.29775955376918,-6.548750502778956,0.165,-5.276501023598839,4.3818188633584425
105.1999999999983,-1.623531772312884,6483.52223726075,371.05853995624193,-0.1745,67.30979347299119,-6.5496907771053365,0.165,-5.276501023598839,4.3818188633584425
105.29999999999829,-1.6239332111678417,6490.253815747279,370.40352406189385,-0.1745,67.32177625757325,-6.550627109856222,0.165,-5.276501023598839,4.3818188633584425
105.39999999999829,-1.6243353241700742,6496.986589965626,369.7484147289743,-0.1745,67.33370810936704,-6.551559548534368,0.165,-5.276501023598839,4.3818188633584425
105.49999999999828,-1.6247381132792689,6503.720554832666,369.0932123451375,-0.1745,67.3455892314142,-6.552488128201927,0.165,-5.276501023598839,4.3818188633584425
105.59999999999827,-1.625141579013213,6510.455705285597,368.43791729492193,-0.1745,67.35741982722524,-6.553412876109095,0.165,-5.276501023598839,4.3818188633584425
105.69999999999827,-1.625545720991556,6517.192036281975,367.7825299603867,-0.1745,67.36920010032829,-6.554333814595672,0.165,-5.276501023598839,4.3818188633584425
105.79999999999826,-1.6274706921166575,6523.92954279969,367.1270507215114,-0.1745,67.38093025398683,-6.555250962909771,0.165,-5.276501023598839,4.3818188633584425
105.89999999999826,-1.6271703768704944,6530.671494341728,366.4709026840712,-0.1745,67.45810058677057,-6.567709785894323,0.8300000000000001,-5.276501023598839,4.3818188633584425
105.99999999999825,-1.6271358855378437,6537.417890334149,365.8142060772359,-0.1745,67.46981926165302,-6.566222350811855,0.165,-5.276501023598839,4.3818188633584425
106.09999999999825,-1.627267943876264,6544.165448826899,365.15761392853864,-0.1745,67.48135059333435,-6.565620623133385,0.165,-5.276501023598839,4.3818188633584425
106.19999999999824,-1.6275044345135519,6550.914153695746,364.5010543098931,-0.1745,67.49274678360128,-6.565571749777431,0.165,-5.276501023598839,4.3818188633584425
106.29999999999824,-1.6278064927476275,6557.663993063974,363.84448235091276,-0.1745,67.50404058095748,-6.565867429829901,0.165,-5.276501023598839,4.3818188633584425
106.39999999999823,-1.6281498041630407,6564.414957720715,363.1878701133687,-0.1745,67.51525255387422,-6.566377321050504,0.165,-5.276501023598839,4.3818188633584425
106.49999999999822,-1.6285191583680803,6571.167040130709,362.53120025370197,-0.1745,67.52639564600157,-6.567019872285025,0.165,-5.276501023598839,4.3818188633584425
106.59999999999822,-1.628905040803865,6577.920233814429,361.8744620567885,-0.1745,67.53747802839366,-6.567744065984739,0.165,-5.276501023598839,4.3818188633584425
106.69999999999821,-1.629301500130659,6584.674532960103,361.2176489539445,-0.1745,67.54850488508463,-6.568517990895168,0.165,-5.276501023598839,4.3818188633584425
106.7999999999982,-1.6297048139008887,6591.429932180894,360.56075696988154,-0.1745,67.55947953074212,-6.569321690363857,0.165,-5.276501023598839,4.3818188633584425
106.8999999999982,-1.630112653776363,6598.186426362939,359.9037837510176,-0.1745,67.57040411015466,-6.570142686914546,0.165,-5.276501023598839,4.3818188633584425
106.9999999999982,-1.6305235633179092,6604.944010570244,359.2467279575796,-0.1745,67.58128003595756,-6.570973181845749,0.165,-5.276501023598839,4.3818188633584425
107.09999999999819,-1.6309366313387972,6611.702679985168,358.5895888833323,-0.1745,67.59210826252473,-6.5718083031004495,0.165,-5.276501023598839,4.3818188633584425
107.19999999999818,-1.6313512876033314,6618.462429871161,357.9323662177218,-0.1745,67.60288945732945,-6.572645009109446,0.165,-5.276501023598839,4.3818188633584425
107.29999999999818,-1.6317671750579223,6625.223255549435,357.2750598971121,-0.1745,67.61362410814657,-6.573481403083662,0.165,-5.276501023598839,4.3818188633584425
107.39999999999817,-1.6321840699323515,6631.985152384347,356.6176700117527,-0.1745,67.62431259011115,-6.574316304104687,0.165,-5.276501023598839,4.3818188633584425
107.49999999999817,-1.6326018317805655,6638.748115774236,355.96019674760413,-0.1745,67.6349552076624,-6.575148978866854,0.165,-5.276501023598839,4.3818188633584425
107.59999999999816,-1.6330203722449086,6645.512141145658,355.30264034996515,-0.1745,67.64555222077664,-6.575978973912758,0.165,-5.276501023598839,4.3818188633584425
107.69999999999816,-1.6334396355284624,6652.277223949765,354.6450011007332,-0.1745,67.65610386137287,-6.5768060107254005,0.165,-5.276501023598839,4.3818188633584425
107.79999999999815,-1.6338595861880152,6659.043359660012,353.98727930419034,-0.1745,67.66661034357192,-6.577629920132283,0.165,-5.276501023598839,4.3818188633584425
107.89999999999814,-1.6342802015039382,6665.810543770696,353.32947527811905,-0.1745,67.67707187011158,-6.578450601293818,0.165,-5.276501023598839,4.3818188633584425
107.99999999999814,-1.6347014667113104,6672.57877179602,352.67158934825113,-0.1745,67.68748863635795,-6.579267996064568,0.165,-5.276501023598839,4.3818188633584425
108.09999999999813,-1.6351233720195915,6679.348039269479,352.01362184479956,-0.1745,67.69786083281389,-6.580082072966354,0.165,-5.276501023598839,4.3818188633584425
108.19999999999813,-1.635545910750213,6686.118341743454,351.3555731002927,-0.1745,67.7081886466875,-6.5808928171706915,0.165,-5.276501023598839,4.3818188633584425
108.29999999999812,-1.635969078172842,6692.889674788932,350.69744344822226,-0.1745,67.71847226287339,-6.581700224237895,0.165,-5.276501023598839,4.3818188633584425
108.39999999999812,-1.6363928707782704,6699.662033995304,350.03923322220015,-0.1745,67.7287118645665,-6.5825042962044025,0.165,-5.276501023598839,4.3818188633584425
108.49999999999811,-1.6368172858241403,6706.435414970215,349.38094275543307,-0.1745,67.73890763364656,-6.583305039137837,0.165,-5.276501023598839,4.3818188633584425
108.5999999999981,-1.6372423210511386,6713.209813339443,348.7225723803957,-0.1745,67.74905975091887,-6.5841024616093335,0.165,-5.276501023598839,4.3818188633584425
108.6999999999981,-1.6376679745057006,6719.9852247468025,348.0641224286283,-0.1745,67.75916839626565,-6.5848965737391065,0.165,-5.276501023598839,4.3818188633584425
108.7999999999981,-0.7245243700570634,6726.761644854053,347.4055932306113,-0.1745,67.76923374874114,-6.585687386600201,0.165,-5.276501023598839,4.3818188633584425
108.89999999999809,-0.04155196449246678,6733.5370629169365,346.9027468723303,-0.06225,67.73912750892431,-3.471239779019942,0.495,-5.276501023598839,4.3818188633584425
108.99999999999808,-0.38161922556529365,6740.307051640905,346.68557303313264,-0.03725,67.66064697045717,-0.8722370049328219,0.8300000000000001,-5.276501023598839,4.3818188633584425
109.09999999999808,-0.8477958478105796,6747.062194329017,346.52710751078183,-0.1495,67.44220679177417,-2.2970734420838883,0.165,-5.276501023598839,4.3818188633584425
109.19999999999807,-1.1425183619284667,6753.793642119022,346.21939576575545,-0.1745,67.18674900830872,-3.85716145844391,0.165,-5.276501023598839,4.3818188633584425
109.29999999999806,-1.328621237739159,6760.504852719001,345.7845548594251,-0.1745,67.03746299127214,-4.839656668163088,0.165,-5.276501023598839,4.3818188633584425
109.39999999999806,-1.4460577968917359,6767.204283364617,345.26962736304716,-0.1745,66.95114992106221,-5.45889325939593,0.165,-5.276501023598839,4.3818188633584425
109.49999999999805,-1.520158226522553,6773.896990580418,344.7042197682766,-0.1745,66.9029943949447,-5.849258636016331,0.165,-5.276501023598839,4.3818188633584425
109.59999999999805,-1.5669419533150535,6780.586053717503,344.10698646139025,-0.1745,66.87826834676635,-6.095407501710177,0.165,-5.276501023598839,4.3818188633584425
109.69999999999804,-1.5965214831561656,6787.273369340903,343.4896803378291,-0.1745,66.86804412122781,-6.2507149695129085,0.165,-5.276501023598839,4.3818188633584425
109.79999999999804,-1.6152722752745596,6793.960113355141,342.85970331249047,-0.1745,66.86683616354391,-6.348825537259547,0.165,-5.276501023598839,4.3818188633584425
109.89999999999803,-1.6272101893237112,6800.647017395673,342.2217152502147,-0.1745,66.87124464708948,-6.410935708256362,0.165,-5.276501023598839,4.3818188633584425
109.99999999999802,-1.6348632340158744,6807.334537173679,341.5786488146202,-0.1745,66.87915091302028,-6.450393003634044,0.165,-5.276501023598839,4.3818188633584425
110.09999999999802,-1.6398221155133998,6814.022956228608,340.93234921238326,-0.1745,66.8892301855553,-6.475599041104303,0.165,-5.276501023598839,4.3818188633584425
110.19999999999801,-1.6430874407583627,6820.712450356231,340.28397723163187,-0.1745,66.9006523669012,-6.491840573922988,0.165,-5.276501023598839,4.3818188633584425
110.29999999999801,-1.646819591104146,6827.403127808493,339.6342630282657,-0.1745,66.91289667833615,-6.502443493400291,0.165,-5.276501023598839,4.3818188633584425
110.399999999998,-1.6476423250089383,6834.098328956042,338.9830885963666,-0.1745,66.99112627263024,-6.521045144581525,0.8300000000000001,-5.276501023598839,4.3818188633584425
110.499999999998,-1.6483097150675783,6840.798097487032,338.3308623122177,-0.1745,67.00424434716739,-6.523480538396454,0.165,-5.276501023598839,4.3818188633584425
110.59999999999799,-0.7438472870194577,6847.499179063094,337.67841869524426,-0.1745,67.01738717407736,-6.525391801071365,0.165,-5.276501023598839,4.3818188633584425
110.69999999999798,-1.0786576114000204,6854.199474162129,337.17841922538264,-0.06225,66.9885148066351,-3.4745975961608933,0.495,-5.276501023598839,4.3818188633584425
110.79999999999798,-1.2905692154092827,6860.889753567025,336.7753164820851,-0.1745,66.81707329127329,-4.587457269789863,0.165,-5.276501023598839,4.3818188633584425
110.89999999999797,-1.4245810179860452,6867.566491433377,336.281430264555,-0.1745,66.71768403577269,-5.290267080811616,0.165,-5.276501023598839,4.3818188633584425
110.99999999999797,-1.5093062212127006,6874.2354669415045,335.7302048004752,-0.1745,66.6618261267613,-5.734242200785602,0.165,-5.276501023598839,4.3818188633584425
111.09999999999796,-1.3640999046895255,6880.900191631208,335.1427541462259,-0.1745,66.63266766731427,-6.014770884200301,0.165,-5.276501023598839,4.3818188633584425
111.19999999999796,-1.4714093825570709,6887.569342679817,334.56522934407906,-0.1495,66.7503533048652,-5.535725158736879,0.8300000000000001,-5.276501023598839,4.3818188633584425
111.29999999999795,-1.5392252421898422,6894.242295764942,333.99387133540796,-0.1745,66.70870839764537,-5.891435014684801,0.165,-5.276501023598839,4.3818188633584425
111.39999999999795,-1.58211312414813,6900.912143717293,333.39349382881704,-0.1745,66.68825064936667,-6.116115117132996,0.165,-5.276501023598839,4.3818188633584425
111.49999999999794,-1.6092794175153426,6907.580603270575,332.7747811147801,-0.1745,66.68094041628719,-6.258139163605191,0.165,-5.276501023598839,4.3818188633584425
111.59999999999793,-1.6265361090022423,6914.248741302709,332.1444719630914,-0.1745,66.68182022639405,-6.348043870169333,0.165,-5.276501023598839,4.3818188633584425
111.69999999999793,-1.6375492395815487,6920.917222762722,331.5068149827081,-0.1745,66.68780897387289,-6.405095737496893,0.165,-5.276501023598839,4.3818188633584425
111.79999999999792,-1.6446299013441243,6927.586462320975,330.8644879626763,-0.1745,66.69698219119722,-6.441444663138222,0.165,-5.276501023598839,4.3818188633584425
111.89999999999792,-1.6492344140165593,6934.256718136907,330.21917824674614,-0.1745,66.70813412743587,-6.4647496554656065,0.165,-5.276501023598839,4.3818188633584425
111.99999999999791,-1.652280185671273,6940.928150238672,329.57194889940075,-0.1745,66.72050790786878,-6.479837291442272,0.165,-5.276501023598839,4.3818188633584425
112.0999999999979,-1.654344999225458,6947.600857029113,328.9234696119726,-0.1745,66.73362790095536,-6.489748457120016,0.165,-5.276501023598839,4.3818188633584425
112.1999999999979,-1.6557926710163076,6954.274898176013,328.2741622581937,-0.1745,66.74719503704692,-6.496398618458699,0.165,-5.276501023598839,4.3818188633584425
112.2999999999979,-1.656852249331788,6960.950308989079,327.6242926207526,-0.1745,66.76102122425358,-6.5009941303636705,0.165,-5.276501023598839,4.3818188633584425
112.39999999999789,-1.6576679147212456,6967.627109459072,326.9740281823233,-0.1745,66.77498817560692,-6.5042946382220235,0.165,-5.276501023598839,4.3818188633584425
112.49999999999788,-1.6583304127606406,6974.305309944312,326.3234745289911,-0.1745,66.78902152920647,-6.50677842842211,0.165,-5.276501023598839,4.3818188633584425
112.59999999999788,-1.6588968499653305,6980.984914749222,325.6726982775089,-0.1745,66.80307456898714,-6.508746601221177,0.165,-5.276501023598839,4.3818188633584425
112.69999999999787,-1.659403158868924,6987.665924376684,325.0217415129773,-0.1745,66.81711798025445,-6.51038868941079,0.165,-5.276501023598839,4.3818188633584425
112.79999999999787,-1.6598719458486533,6994.34833694577,324.3706308792458,-0.1745,66.83113340144932,-6.511823985218772,0.165,-5.276501023598839,4.3818188633584425
112.89999999999786,-1.6603174313159754,7001.032149084092,323.71938330176124,-0.1745,66.84510936500942,-6.513127564472418,0.165,-5.276501023598839,4.3818188633584425
112.99999999999785,-0.7575094103316116,7007.717356489448,323.06800958992665,-0.1745,66.85903874211625,-6.514346672219646,0.165,-5.276501023598839,4.3818188633584425
113.09999999999785,-1.0908761608298514,7014.401829005611,322.5684790588666,-0.06225,66.83041158114432,-3.476263948980668,0.495,-5.276501023598839,4.3818188633584425
113.19999999999784,-1.302137196287064,7021.076399778984,322.1655782216144,-0.1745,66.66100388630133,-4.581752796063462,0.165,-5.276501023598839,4.3818188633584425
113.29999999999784,-1.4359035483090357,7027.737597722069,321.6724499051095,-0.1745,66.5629549754072,-5.280813534034344,0.165,-5.276501023598839,4.3818188633584425
113.39999999999783,-1.5205781587658993,7034.391149446586,321.1222595514341,-0.1745,66.50807951492455,-5.722993539472916,0.165,-5.276501023598839,4.3818188633584425
113.49999999999783,-1.5741960613109995,7041.040539340136,320.5359721505468,-0.1745,66.47971835607802,-6.002754478273727,0.165,-5.276501023598839,4.3818188633584425
113.59999999999782,-1.6081856432260953,7047.687914746792,319.9268417239957,-0.1745,66.46778977703458,-6.179854052747353,0.165,-5.276501023598839,4.3818188633584425
113.69999999999781,-1.6297783149731657,7054.33460917461,319.30324441796006,-0.1745,66.46609877932772,-6.292092067965568,0.165,-5.276501023598839,4.3818188633584425
113.79999999999781,-1.6435452018583643,7060.981454178223,318.670471486578,-0.1745,66.4708012929363,-6.363366559675444,0.165,-5.276501023598839,4.3818188633584425
113.8999999999978,-1.6523737811574462,7067.628969102633,318.03186423581485,-0.1745,66.47949719525477,-6.40877845558691,0.165,-5.276501023598839,4.3818188633584425
113.9999999999978,-1.6580871017316383,7074.277478066574,317.3895320323522,-0.1745,66.49068208356344,-6.437865613666775,0.165,-5.276501023598839,4.3818188633584425
114.09999999999779,-1.6618357530568337,7080.92718270721,316.7448062476406,-0.1745,66.50341072915187,-6.456650080564686,0.165,-5.276501023598839,4.3818188633584425
114.19999999999779,-1.6643457111230546,7087.5782076627775,316.0985270930308,-0.1745,66.51708838220468,-6.468933011631963,0.165,-5.276501023598839,4.3818188633584425
114.29999999999778,-1.6660749361858962,7094.230629107701,315.4512247836368,-0.1745,66.53134051626061,-6.477113176247798,0.165,-5.276501023598839,4.3818188633584425
114.39999999999777,-1.6673122647855443,7100.884492693282,314.8032339217678,-0.1745,66.54593119534067,-6.482704061131858,0.165,-5.276501023598839,4.3818188633584425
114.49999999999777,-1.6682398366838447,7107.539824842137,314.15476569712337,-0.1745,66.56071178177476,-6.48666043175634,0.165,-5.276501023598839,4.3818188633584425
114.59999999999776,-1.668972491416283,7114.196639864064,313.50595345047884,-0.1745,66.5755886567676,-6.489584501134433,0.165,-5.276501023598839,4.3818188633584425
114.69999999999776,-1.6695826251082269,7120.854944441237,312.8568814224266,-0.1745,66.59050288669619,-6.4918560599094315,0.165,-5.276501023598839,4.3818188633584425
114.79999999999775,-1.670115870626105,7127.514740455932,312.20760288963555,-0.1745,66.6054174071996,-6.493714595912306,0.165,-5.276501023598839,4.3818188633584425
114.89999999999775,-1.6706009872716308,7134.176026773447,311.5581516044695,-0.1745,66.62030894310733,-6.49531110740812,0.165,-5.276501023598839,4.3818188633584425
114.99999999999774,-1.67105609741233,7140.838800366274,310.9085490096223,-0.1745,66.63516291343616,-6.496740789536315,0.165,-5.276501023598839,4.3818188633584425
115.09999999999773,-1.671492618866123,7147.503057022872,310.25880878756493,-0.1745,66.6499702185173,-6.498063651610475,0.165,-5.276501023598839,4.3818188633584425
115.19999999999773,-1.6719177440555735,7154.168791794498,309.6089397289893,-0.1745,66.66472521401721,-6.499317519902442,0.165,-5.276501023598839,4.3818188633584425
115.29999999999772,-1.672336002775996,7160.835999276873,308.95894754114084,-0.1745,66.67942443346548,-6.500526237066448,0.165,-5.276501023598839,4.3818188633584425
115.39999999999772,-1.672750247181769,7167.504673787687,308.3088359876903,-0.1745,66.69406578281658,-6.501704831943845,0.165,-5.276501023598839,4.3818188633584425
115.49999999999771,-1.6731622725286608,7174.174809478462,307.6586076071555,-0.1745,66.70864803267588,-6.502862778752949,0.165,-5.276501023598839,4.3818188633584425
115.5999999999977,-1.673573208319616,7180.8464004050065,307.00826416564206,-0.1745,66.72317049821731,-6.504006051515369,0.165,-5.276501023598839,4.3818188633584425
115.6999999999977,-1.6739837647455145,7187.519440571789,306.35780694212133,-0.1745,66.73763283743789,-6.505138418899836,0.165,-5.276501023598839,4.3818188633584425
115.7999999999977,-1.6743943879357917,7194.193923959862,305.7072369081652,-0.1745,66.75203492401418,-6.506262260222849,0.165,-5.276501023598839,4.3818188633584425
115.89999999999769,-1.67480535775001,7200.869844544422,305.05655484117295,-0.1745,66.766376767184,-6.507379079622818,0.165,-5.276501023598839,4.3818188633584425
115.99999999999768,-1.675216849368801,7207.547196305845,304.40576139569134,-0.1745,66.78065846126668,-6.508489830009244,0.165,-5.276501023598839,4.3818188633584425
116.09999999999768,-1.6756289720803117,7214.225973236602,303.754857148334,-0.1745,66.79488015386181,-6.509595117138116,0.165,-5.276501023598839,4.3818188633584425
116.19999999999767,-1.6760417937027485,7220.906169345586,303.1038426260693,-0.1745,66.80904202581759,-6.510695328155907,0.165,-5.276501023598839,4.3818188633584425
116.29999999999767,-1.6764553559605886,7227.587778660808,302.45271832403364,-0.1745,66.82314427861462,-6.511790712557729,0.165,-5.276501023598839,4.3818188633584425
116.39999999999766,-1.6768696841641384,7234.27079523106,301.80148471674727,-0.1745,66.83718712642121,-6.512881433169345,0.165,-5.276501023598839,4.3818188633584425
116.49999999999766,-1.677284793302227,7240.955213126936,301.1501422651764,-0.1745,66.85117079109135,-6.513967598248381,0.165,-5.276501023598839,4.3818188633584425
116.59999999999765,-1.6777006918767126,7247.641026441441,300.4986914211792,-0.1745,66.86509549901588,-6.515049281694666,0.165,-5.276501023598839,4.3818188633584425
116.69999999999764,-1.6699273086811628,7254.328229290349,299.84713263030585,-0.1745,66.87896147914087,-6.516126535772791,0.165,-5.024018774133399,4.436604968413301
116.79999999999764,-0.7673950672624665,7261.017078216246,299.19682326164,-0.1745,66.89801703879482,-6.490060837544194,0.165,-5.024018774133399,4.436604968413301
116.89999999999763,-1.0944786437421634,7267.703800784113,298.699839809493,-0.06225,66.8364343185394,-3.449608205395285,0.165,-5.024018774133399,4.436604968413301
116.99999999999763,-1.3021555685644342,7274.379213256423,298.3006354217465,-0.1745,66.67181512765804,-4.5344795495347405,0.165,-5.024018774133399,4.436604968413301
117.09999999999762,-1.433904764561702,7281.0416454194365,297.8128178370985,-0.1745,66.57682813260148,-5.2218721434253705,0.165,-5.024018774133399,4.436604968413301
117.19999999999762,-1.517462668346719,7287.6966906292855,297.2688473566787,-0.1745,66.52407606438246,-5.657537464971641,0.165,-5.024018774133399,4.436604968413301
117.29999999999761,-1.5704753170856856,7294.347760386231,296.6892838697254,-0.1745,66.497319074535,-5.933732274094952,0.165,-5.024018774133399,4.436604968413301
117.3999999999976,-1.6041462014208652,7300.996961592754,296.087150486917,-0.1745,66.48670505592807,-6.108935382073016,0.165,-5.024018774133399,4.436604968413301
117.4999999999976,-1.625578051662705,7307.645605180899,295.470693233329,-0.1745,66.48616670698351,-6.220209689687283,0.165,-5.024018774133399,4.436604968413301
117.59999999999759,-1.6392692363561179,7314.29451008605,294.8451311192974,-0.1745,66.49193139602454,-6.291032590944965,0.165,-5.024018774133399,4.436604968413301
117.69999999999759,-1.6480666788146314,7320.944188601746,294.21376610444406,-0.1745,66.50163891789376,-6.3362677061213875,0.165,-5.024018774133399,4.436604968413301
117.79999999999758,-1.6537712250506535,7327.594960898554,293.5786866713323,-0.1745,66.51380701826086,-6.365320956113787,0.165,-5.024018774133399,4.436604968413301
117.89999999999758,-1.6575215917469426,7334.2470263796795,292.9412135040818,-0.1745,66.52750260424496,-6.384142388895894,0.165,-5.024018774133399,4.436604968413301
117.99999999999757,-1.6600376100932195,7340.900508382483,292.30218164304927,-0.1745,66.54213745182328,-6.396494831754594,0.165,-5.024018774133399,4.436604968413301
118.09999999999756,-1.6633326784558753,7347.5554822775575,291.6621190340756,-0.1745,66.55734044966974,-6.404757347718848,0.165,-5.024018774133399,4.436604968413301
118.19999999999756,-1.6638652821699018,7354.21526767377,291.0207822037861,-0.1745,66.63836747456853,-6.421979258071326,0.8300000000000001,-5.024018774133399,4.436604968413301
118.29999999999755,-1.664350927844506,7360.879895081965,290.3785015062129,-0.1745,66.65418068933755,-6.423634693392977,0.165,-5.024018774133399,4.436604968413301
118.39999999999755,-1.6648072612981584,7367.546101722675,289.73606343235355,-0.1745,66.66995212487723,-6.4251267837939965,0.165,-5.024018774133399,4.436604968413301
118.49999999999754,-1.665245419863028,7374.213882976088,289.0934813938914,-0.1745,66.68567294338396,-6.426513985448911,0.165,-5.024018774133399,4.436604968413301
118.59999999999754,-1.6672261192375684,7380.88323350624,288.4507640340084,-0.1745,66.70133765965949,-6.4278332122113415,0.165,-5.024018774133399,4.436604968413301
118.69999999999753,-1.6669356400763367,7387.557422039282,287.8073397123406,-0.1745,66.78243300119092,-6.440653221144836,0.8300000000000001,-5.024018774133399,4.436604968413301
118.79999999999752,-1.6669049703815217,7394.236447037274,287.16333161872996,-0.1745,66.79806695864696,-6.439508651067759,0.165,-5.024018774133399,4.436604968413301
118.89999999999752,-1.4681042860152251,7400.917025533801,286.5193952329647,-0.1745,66.81350297189319,-6.439219064237148,0.165,-5.024018774133399,4.436604968413301
118.99999999999751,-1.541867789944735,7407.603654795657,285.9085801235438,-0.1495,66.91908226523311,-5.777083124181335,0.495,-5.024018774133399,4.436604968413301
119.09999999999751,-1.5885341424846366,7414.29438693988,285.318616964655,-0.1745,66.89556061921395,-6.022180053594192,0.165,-5.024018774133399,4.436604968413301
119.1999999999975,-1.6181017260078363,7420.983485533892,284.70865064669067,-0.1745,66.88641126104457,-6.177146305692327,0.165,-5.024018774133399,4.436604968413301
119.2999999999975,-1.636886356146475,7427.672116765674,284.0860306595761,-0.1745,66.88621337460006,-6.275253436598177,0.165,-5.024018774133399,4.436604968413301
119.39999999999749,-1.6488740267489745,7434.361007471377,283.4553927927987,-0.1745,66.89160073945745,-6.337503898950328,0.165,-5.024018774133399,4.436604968413301
119.49999999999748,-1.6565787696080356,7441.050611089651,282.8196601638258,-0.1745,66.90047162603538,-6.377148680507524,0.165,-5.024018774133399,4.436604968413301
119.59999999999748,-1.6615855178516605,7447.741210138366,282.18067549314213,-0.1745,66.91150934825501,-6.402544733165819,0.165,-5.024018774133399,4.436604968413301
119.69999999999747,-1.6648931403983789,7454.432979971645,281.53960021641745,-0.1745,66.92388731733514,-6.418960801327973,0.165,-5.024018774133399,4.436604968413301
119.79999999999747,-1.6671309932665892,7461.126028636478,280.89716628732816,-0.1745,66.93708597932333,-6.4297177804580254,0.165,-5.024018774133399,4.436604968413301
119.89999999999746,-1.668695533005846,7467.820421862878,280.25383497838465,-0.1745,66.95077854868771,-6.4369083984128155,0.165,-5.024018774133399,4.436604968413301
119.99999999999746,-1.6698364600943583,7474.5161987617275,279.6098969986281,-0.1745,66.96475942830982,-6.441851196718372,0.165,-5.024018774133399,4.436604968413301
120.09999999999745,-1.6707110192159091,7481.213381696618,278.9655355984999,-0.1745,66.97889926949817,-6.445376805845144,0.165,-5.024018774133399,4.436604968413301
120.19999999999744,-1.6714182183836612,7487.911982496032,278.3208663372953,-0.1745,66.99311671878374,-6.448008418247182,0.165,-5.024018774133399,4.436604968413301
120.29999999999744,-1.672020388753102,7494.612006364017,277.67596213952976,-0.1745,67.00736064093664,-6.450075537063172,0.165,-5.024018774133399,4.436604968413301
120.39999999999743,-1.6725567660249951,7501.313454342482,277.03086907984374,-0.1745,67.02159892836812,-6.451785656657327,0.165,-5.024018774133399,4.436604968413301
120.49999999999743,-1.6730520445964048,7508.0163248616445,276.3856163257101,-0.1745,67.03581145487802,-6.453269426016108,0.165,-5.024018774133399,4.436604968413301
120.59999999999742,-1.6735217645688405,7514.720614716309,275.7402223993852,-0.1745,67.04998563841573,-6.454609100481782,0.165,-5.024018774133399,4.436604968413301
120.69999999999742,-1.673975703784845,7521.426319680567,275.0946991212038,-0.1745,67.06411364673964,-6.455856463145514,0.165,-5.024018774133399,4.436604968413301
120.79999999999741,-1.6744200134187357,7528.13343489479,274.4490540924544,-0.1745,67.0781906377354,-6.457044111843054,0.165,-5.024018774133399,4.436604968413301
120.8999999999974,-1.6748585623556762,7534.841955109245,273.8032922585185,-0.1745,67.09221365135886,-6.458192566874051,0.165,-5.024018774133399,4.436604968413301
120.9999999999974,-1.6752937833911612,7541.551874837411,273.15741689285636,-0.1745,67.10618091195934,-6.459314746369367,0.165,-5.024018774133399,4.436604968413301
121.0999999999974,-1.6757272057950328,7548.263188452461,272.51143021634493,-0.1745,67.12009138903707,-6.460418783859224,0.165,-5.024018774133399,4.436604968413301
121.19999999999739,-1.6761597904462548,7554.97589024795,271.86533378705576,-0.1745,67.13394452073427,-6.461509801923932,0.165,-5.024018774133399,4.436604968413301
121.29999999999738,-1.6765921407035815,7561.689974475976,271.2191287455311,-0.1745,67.14774003978845,-6.462591028569003,0.165,-5.024018774133399,4.436604968413301
121.39999999999738,-1.6770246350723395,7568.4054353711645,270.572815969112,-0.1745,67.16147786399223,-6.4636644998134845,0.165,-5.024018774133399,4.436604968413301
121.49999999999737,-1.6774575106604788,7575.122267165727,269.9263961690308,-0.1745,67.17515802726008,-6.464731501810562,0.165,-5.024018774133399,4.436604968413301
121.59999999999737,-1.6778909156717936,7581.840464098903,269.27986995148876,-0.1745,67.18878063625375,-6.465792849030104,0.165,-5.024018774133399,4.436604968413301
121.69999999999736,-1.678324942419961,7588.56002042287,268.6332378560737,-0.1745,67.20234584309355,-6.466849059270943,0.165,-5.024018774133399,4.436604968413301
121.79999999999735,-1.4794467938074263,7595.280930406435,267.9865003799225,-0.1745,67.21585382819188,-6.467900463753167,0.165,-5.024018774133399,4.436604968413301
121.89999999999735,-1.5539133664496991,7602.00941400594,267.3728944856087,-0.1495,67.35381816191756,-5.804217422523037,0.8300000000000001,-5.024018774133399,4.436604968413301
121.99999999999734,-0.6995342256454128,7608.743494521774,266.7800314693289,-0.1745,67.32779215475894,-6.053042903072889,0.165,-5.024018774133399,4.436604968413301
122.09999999999734,-1.0617687649644072,7615.476644386284,266.3192712737422,-0.06225,67.33520513543286,-3.16216100866159,0.8300000000000001,-5.024018774133399,4.436604968413301
122.19999999999733,-0.3955066176132481,7622.200698218492,265.9425455494096,-0.1745,67.14587150873726,-4.372353477990396,0.165,-5.024018774133399,4.436604968413301
122.29999999999733,-0.8675747455854343,7628.912690186113,265.61754383713156,-0.06225,67.0939678436823,-2.1276807675698852,0.165,-5.024018774133399,4.436604968413301
122.39999999999732,-1.1675360005319715,7635.60933639977,265.32617742974065,-0.1745,66.83895642946283,-3.6996473802488303,0.165,-5.024018774133399,4.436604968413301
122.49999999999731,-1.3578963782438285,7642.285795229903,264.90646565837244,-0.1745,66.69022017320171,-4.694588047115591,0.165,-5.024018774133399,4.436604968413301
122.59999999999731,-1.4786149960071815,7648.9505445059995,264.4054944691999,-0.1745,66.6047653487343,-5.324835736335131,0.165,-5.024018774133399,4.436604968413301
122.6999999999973,-1.5551598372657838,7655.608673276174,263.8530446111734,-0.1745,66.55781005475649,-5.724161424194872,0.165,-5.024018774133399,4.436604968413301
122.7999999999973,-1.6037210752050093,7662.263293404527,263.2679739661761,-0.1745,66.53459251229074,-5.977251475750836,0.165,-5.024018774133399,4.436604968413301
122.89999999999729,-1.634571129211098,7668.916329514366,262.6622228897539,-0.1745,66.52612968449709,-6.1377700526930905,0.165,-5.024018774133399,4.436604968413301
122.99999999999729,-1.6542188265431625,7675.5689799538295,262.0433486806255,-0.1745,66.52687910477229,-6.239714129874385,0.165,-5.024018774133399,4.436604968413301
123.09999999999728,-1.6667843943716074,7682.221993446941,261.41613250071794,-0.1745,66.53339075746771,-6.304609468277643,0.165,-5.024018774133399,4.436604968413301
123.19999999999727,-1.6748742956697575,7688.875838237454,260.7835981131967,-0.1745,66.54350505279699,-6.3460782821464194,0.165,-5.024018774133399,4.436604968413301
123.29999999999727,-1.6801366019563853,7695.5308067608685,260.14765732868057,-0.1745,66.55586541548458,-6.37273740817638,0.165,-5.024018774133399,4.436604968413301
123.39999999999726,-1.6836130264052276,7702.187080924509,259.5095186776605,-0.1745,66.56961785733085,-6.390035612225056,0.165,-5.024018774133399,4.436604968413301
123.49999999999726,-1.6859618363884474,7708.844773021907,258.8699460262433,-0.1745,66.58422409061758,-6.401417416118271,0.165,-5.024018774133399,4.436604968413301
123.59999999999725,-1.68759890477173,7715.503951455641,258.2294221635955,-0.1745,66.59934458406462,-6.409059836839259,0.165,-5.024018774133399,4.436604968413301
123.69999999999725,-1.6887869175167556,7722.164656940424,257.58825224496996,-0.1745,66.61476511158283,-6.414338535671155,0.165,-5.024018774133399,4.436604968413301
123.79999999999724,-1.6896917721316815,7728.826912721537,256.9466291857271,-0.1745,66.63035051068948,-6.418122649186554,0.165,-5.024018774133399,4.436604968413301
123.89999999999723,-1.6904182236278391,7735.49073102353,256.30467499275943,-0.1745,66.6460155291742,-6.420961210166192,0.165,-5.024018774133399,4.436604968413301
123.99999999999723,-1.6910324090091968,7742.156117121458,255.66246688258573,-0.1745,66.66170642938286,-6.4232009933078595,0.165,-5.024018774133399,4.436604968413301
124.09999999999722,-1.6915760776483282,7748.823071911667,255.02005378310008,-0.1745,66.67738937480361,-6.425060996405227,0.165,-5.024018774133399,4.436604968413301
124.19999999999722,-1.692075580137966,7755.49159353523,254.37746675798363,-0.1745,66.69304309646006,-6.426679505923704,0.165,-5.024018774133399,4.436604968413301
124.29999999999721,-1.6925475453663963,7762.161678403121,253.73472559100836,-0.1745,66.70865426136002,-6.428143833581573,0.165,-5.024018774133399,4.436604968413301
124.3999999999972,-1.693002465456187,7768.833321843557,253.09184294425592,-0.1745,66.72421454735677,-6.4295091014669845,0.165,-5.024018774133399,4.436604968413301
124.4999999999972,-1.69344695925141,7775.506518510714,252.44882698382096,-0.1745,66.7397187957853,-6.430810107232124,0.165,-5.024018774133399,4.436604968413301
124.5999999999972,-1.6938852012620063,7782.181262642745,251.80568303758741,-0.1745,66.75516384484492,-6.4320688174389575,0.165,-5.024018774133399,4.436604968413301
124.69999999999719,-1.6943198236392678,7788.857548224635,251.1624146417521,-0.1745,66.77054779294346,-6.433299099267443,0.165,-5.024018774133399,4.436604968413301
124.79999999999718,-1.696304677439883,7795.5353690909615,250.51902420138987,-0.1745,66.78586953358825,-6.4345097079768845,0.165,-5.024018774133399,4.436604968413301
124.89999999999718,-1.6960263649778853,7802.217993495517,249.87493613497105,-0.1745,66.86661855750688,-6.447251620399385,0.8300000000000001,-5.024018774133399,4.436604968413301
124.99999999999717,-1.6960115584208886,7808.905419644058,249.23027117787035,-0.1745,66.88190441332729,-6.446047521614647,0.165,-5.024018774133399,4.436604968413301
125.09999999999717,-1.6961630501158986,7815.594364444184,248.5856832077359,-0.1745,66.8969915891794,-6.445711881073984,0.165,-5.024018774133399,4.436604968413301
125.19999999999716,-1.696419595292391,7822.2848105553385,247.94110152775409,-0.1745,66.9119306339118,-6.4459217185626745,0.165,-5.024018774133399,4.436604968413301
125.29999999999715,-1.6967426112695354,7828.976744762032,247.29648176657957,-0.1745,66.92675349994815,-6.446473504927338,0.165,-5.024018774133399,4.436604968413301
125.39999999999715,-1.6971077943797295,7835.670156457739,246.65179614126262,-0.1745,66.94148041419952,-6.447239001411545,0.165,-5.024018774133399,4.436604968413301
125.49999999999714,-1.6974998369119443,7842.36503668904,246.00702732021028,-0.1745,66.95612421181052,-6.448137419635028,0.165,-5.024018774133399,4.436604968413301
125.59999999999714,-1.6979090980657991,7849.061377553074,245.36216455560663,-0.1745,66.97069306887758,-6.449117872438401,0.165,-5.024018774133399,4.436604968413301
125.69999999999713,-1.6983295064368846,7855.759171817779,244.71720124633922,-0.1745,66.9851922252393,-6.450148312909789,0.165,-5.024018774133399,4.436604968413301
125.79999999999713,-1.6987572386001093,7862.45841268256,244.07213340251207,-0.1745,66.99962507038002,-6.451208563632971,0.165,-5.024018774133399,4.436604968413301
125.89999999999712,-1.6999585356953242,7869.159093627469,243.42695867812233,-0.1745,67.01399382778403,-6.452285924161806,0.165,-5.024018774133399,4.436604968413301
125.99999999999712,-1.700043075398937,7875.862833260391,242.78138929574945,-0.1745,67.06079883067048,-6.459101723295837,0.495,-5.024018774133399,4.436604968413301
126.09999999999711,-1.7002609693578494,7882.569627592968,242.13548392392374,-0.1745,67.07508782085888,-6.459005713218366,0.165,-5.024018774133399,4.436604968413301
126.1999999999971,-1.7005630355794614,7889.277844407672,241.48956628115315,-0.1745,67.08924847323686,-6.4593471421934305,0.165,-5.024018774133399,4.436604968413301
126.2999999999971,-1.7009183354667905,7895.987472160013,240.84360081776123,-0.1745,67.10330657357275,-6.459962125644918,0.165,-5.024018774133399,4.436604968413301
126.39999999999709,-1.701307408512938,7902.698501410433,240.1975653336783,-0.1745,67.11727843482556,-6.460747556013494,0.165,-5.024018774133399,4.436604968413301
126.49999999999709,-1.701718015028658,7909.410924052538,239.55144602723252,-0.1745,67.13117440726005,-6.461638572902475,0.165,-5.024018774133399,4.436604968413301
126.59999999999708,-1.7021424574084978,7916.12473282732,238.90523437947382,-0.1745,67.14500108839913,-6.462594382271132,0.165,-5.024018774133399,4.436604968413301
126.69999999999708,-1.7025758948190608,7922.839921017447,238.25892519377572,-0.1745,67.15876271413366,-6.4635893316910025,0.165,-5.024018774133399,4.436604968413301
126.79999999999707,-1.7030152830117238,7929.556482254866,237.61251536248338,-0.1745,67.1724620342482,-6.464607294155666,0.165,-5.024018774133399,4.436604968413301
126.89999999999706,-1.703458707460408,7936.274410399747,236.96600309106017,-0.1745,67.18610086337227,-6.465638134308563,0.165,-5.024018774133399,4.436604968413301
126.99999999999706,-1.7039049639498127,7942.993699464297,236.31938741008443,-0.1745,67.19968042763688,-6.466675485206342,0.165,-5.024018774133399,4.436604968413301
127.09999999999705,-1.7043532948232687,7949.714343564817,235.6726678683365,-0.1745,67.21320158276191,-6.467715349752264,0.165,-5.024018774133399,4.436604968413301
127.19999999999705,-1.7048032231377421,7956.436336891517,235.0258443397987,-0.1745,67.226664951242,-6.468755221003593,0.165,-5.024018774133399,4.436604968413301
127.29999999999704,-1.7052544483937428,7963.159673689511,234.37891690230293,-0.1745,67.240071008632,-6.469793528911752,0.165,-5.024018774133399,4.436604968413301
127.39999999999704,-1.5062988657735545,7969.884348246833,233.73188576123718,-0.1745,67.25342013781152,-6.4708292924035105,0.165,-5.024018774133399,4.436604968413301
127.49999999999703,-1.5808550963492496,7976.616585516967,233.11802210369095,-0.1495,67.39132526485946,-5.806443858521063,0.8300000000000001,-5.024018774133399,4.436604968413301
127.59999999999702,-1.627860801313109,7983.354405533592,232.5249180328984,-0.1745,67.36507506766523,-6.0556375573299865,0.165,-5.024018774133399,4.436604968413301
127.69999999999702,-1.6575476894860308,7990.090338212942,231.91150928349768,-0.1745,67.35357851932382,-6.212537430684571,0.165,-5.024018774133399,4.436604968413301
127.79999999999701,-1.6763541880687252,7996.8255790499115,231.28531054625913,-0.1745,67.35123822006682,-6.3114373140865,0.165,-5.024018774133399,4.436604968413301
127.89999999999701,-1.6883281525121379,8003.560870567623,230.65104362840765,-0.1745,67.35459213415821,-6.373901042942792,0.165,-5.024018774133399,4.436604968413301
127.999999999997,-1.6960129209660328,8010.296674529534,230.01167450937058,-0.1745,67.36148710406219,-6.413481337798636,0.165,-5.024018774133399,4.436604968413301
128.099999999997,-1.7010058305266353,8017.0332778541815,229.3690658100015,-0.1745,67.37057938888974,-6.438692649583062,0.165,-5.024018774133399,4.436604968413301
128.199999999997,-1.704309772468543,8023.770858254375,228.72438705145044,-0.1745,67.38102861496711,-6.454882521438344,0.165,-5.024018774133399,4.436604968413301
128.299999999997,-1.706554265792692,8030.509525112783,228.07837249017484,-0.1745,67.3923085532019,-6.465408704073296,0.165,-5.024018774133399,4.436604968413301
128.399999999997,-1.708134388129847,8037.249345013328,227.43148309778974,-0.1745,67.4040894576856,-6.472379143628691,0.165,-5.024018774133399,4.436604968413301
128.499999999997,-1.7092980459217562,8043.990357718148,226.78400829228784,-0.1745,67.41616463871084,-6.477116966409332,0.165,-5.024018774133399,4.436604968413301
128.59999999999698,-1.7102007759672206,8050.732586176976,226.13612981574948,-0.1745,67.42840453786027,-6.480452564357999,0.165,-5.024018774133399,4.436604968413301
128.69999999999698,-1.7109401498686614,8057.476042802112,225.4879618362391,-0.1745,67.44072796485672,-6.482907025849828,0.165,-5.024018774133399,4.436604968413301
128.79999999999697,-1.7115773690359102,8064.22073340376,224.83957611954565,-0.1745,67.45308406811988,-6.484807308019206,0.165,-5.024018774133399,4.436604968413301
128.89999999999696,-1.7121508172958821,8070.966659658569,224.19101782718946,-0.1745,67.46544102806331,-6.486358539104596,0.165,-5.024018774133399,4.436604968413301
128.99999999999696,-1.7126845650713716,8077.713820658199,223.5423154301551,-0.1745,67.47777896453343,-6.487689401582365,0.165,-5.024018774133399,4.436604968413301
129.09999999999695,-1.7131937050303792,8084.4622138807845,222.8934869293346,-0.1745,67.4900854871749,-6.488880614827332,0.165,-5.024018774133399,4.436604968413301
129.19999999999695,-1.713687699359844,8091.211835800332,222.24454375815247,-0.1745,67.50235290377003,-6.489982808815572,0.165,-5.024018774133399,4.436604968413301
129.29999999999694,-1.7141724794139952,8097.962682268961,221.59549323075586,-0.1745,67.5145764688015,-6.491027739116362,0.165,-5.024018774133399,4.436604968413301
129.39999999999694,-1.7146517626204807,8104.714748756635,220.9463400776476,-0.1745,67.52675328468487,-6.492035323049264,0.165,-5.024018774133399,4.436604968413301
129.49999999999693,-1.7151278783604917,8111.4680305014945,220.29708740881446,-0.1745,67.53888161250256,-6.493018053613033,0.165,-5.024018774133399,4.436604968413301
129.59999999999692,-1.715602285854402,8118.222522604103,219.64773731772667,-0.1745,67.55096043965665,-6.493983768142638,0.165,-5.024018774133399,4.436604968413301
129.69999999999692,-1.7160758988794003,8124.97822008652,218.99829126008052,-0.1745,67.5629892087006,-6.494937384780351,0.165,-5.024018774133399,4.436604968413301
129.7999999999969,-1.7165492893487064,8131.735117929319,218.34875029126857,-0.1745,67.57496764727871,-6.495881991458344,0.165,-5.024018774133399,4.436604968413301
129.8999999999969,-1.7170228149310067,8138.4932110947575,217.69911521525788,-0.1745,67.58689566148487,-6.496819528755488,0.165,-5.024018774133399,4.436604968413301
129.9999999999969,-1.7182602759600072,8145.2524945412815,217.04938667791782,-0.1745,67.59877326899701,-6.497751218045351,0.165,-5.024018774133399,4.436604968413301
130.0999999999969,-1.7183854872022821,8152.014588174815,216.39927875952802,-0.1745,67.64309940166197,-6.504407149750864,0.495,-5.024018774133399,4.436604968413301
130.1999999999969,-1.7186423295009972,8158.779489158082,215.74885139476794,-0.1745,67.65492026367468,-6.504140145450622,0.165,-5.024018774133399,4.436604968413301
130.29999999999688,-1.7189818385781641,8165.54556631103,215.09842890451634,-0.1745,67.66662279528293,-6.504309659581558,0.165,-5.024018774133399,4.436604968413301
130.39999999999688,-1.7193733590630442,8172.312809096614,214.44797586738412,-0.1745,67.67823291639397,-6.504751083062831,0.165,-5.024018774133399,4.436604968413301
130.49999999999687,-1.7197976998799869,8179.081209089129,213.79747024588548,-0.1745,67.68976693389338,-6.505361346909805,0.165,-5.024018774133399,4.436604968413301
130.59999999999687,-1.7202428477895544,8185.850759192472,213.14689838238795,-0.1745,67.70123513296711,-6.506075923040971,0.165,-5.024018774133399,4.436604968413301
130.69999999999686,-1.7207012832119737,8192.62145315048,212.4962518653223,-0.1745,67.71264402717625,-6.5068544182717805,0.165,-5.024018774133399,4.436604968413301
130.79999999999686,-1.7211682995489515,8199.393285240236,211.84552556682686,-0.1745,67.72399776795945,-6.50767155163689,0.165,-5.024018774133399,4.436604968413301
130.89999999999685,-1.7216409509353992,8206.166250080007,211.19471641405067,-0.1745,67.73529902745452,-6.508511503886744,0.165,-5.024018774133399,4.436604968413301
130.99999999999685,-1.722117393503175,8212.940342508948,210.54382261989838,-0.1745,67.7465495513722,-6.509364379159353,0.165,-5.024018774133399,4.436604968413301
131.09999999999684,-1.7241316599717946,8219.715557511776,209.89284320146547,-0.1745,67.75775050519823,-6.510223989499012,0.165,-5.024018774133399,4.436604968413301
131.19999999999683,-1.72391042689449,8226.495164676371,209.24120040622364,-0.1745,67.8343927867045,-6.522631915337601,0.8300000000000001,-5.024018774133399,4.436604968413301
131.29999999999683,-1.7239548786863315,8233.27916354866,208.58901397442222,-0.1745,67.84558465905727,-6.521096720690732,0.165,-5.024018774133399,4.436604968413301
131.39999999999682,-1.7241656402554466,8240.06427231125,207.9369365493613,-0.1745,67.85659059278557,-6.52045178052746,0.165,-5.024018774133399,4.436604968413301
131.49999999999682,-0.8157670548822693,8246.85047499846,207.2848958588983,-0.1745,67.86746315142432,-6.5203620287325155,0.165,-5.024018774133399,4.436604968413301
131.5999999999968,-1.154267535255113,8253.634081233571,206.78806545480646,-0.06225,67.80466155079885,-3.416246053104126,0.165,-5.024018774133399,4.436604968413301
131.6999999999968,-1.367598026432776,8260.40561723346,206.38951481881153,-0.1745,67.62605844699391,-4.5547666667944045,0.165,-5.024018774133399,4.436604968413301
131.7999999999968,-1.501943268726738,8267.163017968716,205.89825376769775,-0.1745,67.52195625814248,-5.27045435548148,0.165,-5.024018774133399,4.436604968413301
131.8999999999968,-1.586537478429911,8273.91224772127,205.34870750622895,-0.1745,67.46263879293923,-5.720470873894856,0.165,-5.024018774133399,4.436604968413301
131.9999999999968,-1.6398365978926623,8280.65691280811,204.76250967227273,-0.1745,67.43066294388532,-6.003485805229309,0.165,-5.024018774133399,4.436604968413301
132.09999999999678,-1.6734686368697544,8287.399222869743,204.1532578422944,-0.1745,67.41553828877372,-6.181550794337066,0.165,-5.024018774133399,4.436604968413301
132.19999999999678,-1.6947492701772093,8294.140542616771,203.52949590224435,-0.1745,67.41085665179077,-6.293688006664126,0.165,-5.024018774133399,4.436604968413301
132.29999999999677,-1.7082765756914287,8300.88171867112,202.89659022133694,-0.1745,67.41266443518379,-6.3644256114842515,0.165,-5.024018774133399,4.436604968413301
132.39999999999677,-1.7169386065852987,8307.62327724585,202.2579102598726,-0.1745,67.4185070594148,-6.409173617802384,0.165,-5.024018774133399,4.436604968413301
132.49999999999676,-1.7225484978260621,8314.36554532943,201.61557110587958,-0.1745,67.42685461220643,-6.437609462058271,0.165,-5.024018774133399,4.436604968413301
132.59999999999675,-1.7262441625693588,8321.10872562032,200.97090020418705,-0.1745,67.43675120555713,-6.455808571792634,0.165,-5.024018774133399,4.436604968413301
132.69999999999675,-1.7287395697230887,8327.852943117172,200.32473057072343,-0.1745,67.44759873150423,-6.467584097479764,0.165,-5.024018774133399,4.436604968413301
132.79999999999674,-1.7304826020014024,8334.59827418565,199.67758492451364,-0.1745,67.45902263804464,-6.475328826716103,0.165,-5.024018774133399,4.436604968413301
132.89999999999674,-1.731754177062688,8341.344764731297,199.0297912827376,-0.1745,67.47078827490041,-6.480544008804947,0.165,-5.024018774133399,4.436604968413301
132.99999999999673,-1.734271290637791,8348.092441576227,198.3815555121071,-0.1745,67.48274862370337,-6.484171403805152,0.165,-5.024018774133399,4.436604968413301
133.09999999999673,-1.7343583376257565,8354.844594091546,197.73242958350815,-0.1745,67.56030168266075,-6.4983471681735505,0.8300000000000001,-5.024018774133399,4.436604968413301
133.19999999999672,-1.7345938092350326,8361.601234072845,197.0826144215895,-0.1745,67.57249794331084,-6.497956070199411,0.165,-5.024018774133399,4.436604968413301
133.29999999999671,-1.7349225313992302,8368.359087257788,196.4328137593672,-0.1745,67.58456575554892,-6.498057174246948,0.165,-5.024018774133399,4.436604968413301
133.3999999999967,-1.735309937662441,8375.118142258592,195.7829876394844,-0.1745,67.59653426052368,-6.498465223409549,0.165,-5.024018774133399,4.436604968413301
133.4999999999967,-1.7357343739876394,8381.878390061464,195.13311117128458,-0.1745,67.60842179691613,-6.499064140586744,0.165,-5.024018774133399,4.436604968413301
133.5999999999967,-1.7361822763273733,8388.639823147903,194.48316890406306,-0.1745,67.62023993188836,-6.499781203843586,0.165,-5.024018774133399,4.436604968413301
133.6999999999967,-1.7366451487642993,8395.402434943919,193.8331513008975,-0.1745,67.63199598841466,-6.50057085946794,0.165,-5.024018774133399,4.436604968413301
133.7999999999967,-1.737117670109046,8402.166219474819,193.18305252907948,-0.1745,67.64369462958355,-6.501404576892313,0.165,-5.024018774133399,4.436604968413301
133.89999999999668,-1.7375965076654454,8408.931171148877,192.53286907568867,-0.1745,67.65533885159543,-6.5022644909236496,0.165,-5.024018774133399,4.436604968413301
133.99999999999667,-1.7380795741138086,8415.69728462176,191.88259888025217,-0.1745,67.66693060606497,-6.503139417806323,0.165,-5.024018774133399,4.436604968413301
134.09999999999667,-1.7385655620301583,8422.464554711562,191.23224079141033,-0.1745,67.67847118996592,-6.5040223590303095,0.165,-5.024018774133399,4.436604968413301
134.19999999999666,-1.7390536523418665,8429.232976345558,190.58179422658586,-0.1745,67.68996148994997,-6.504908937459342,0.165,-5.024018774133399,4.436604968413301
134.29999999999666,-1.739543331742377,8436.002544526826,189.93125895883009,-0.1745,67.70140213540803,-6.505796417655847,0.165,-5.024018774133399,4.436604968413301
134.39999999999665,-1.7400342783546343,8442.773254313313,189.28063498333574,-0.1745,67.71279359435073,-6.506683092231038,0.165,-5.024018774133399,4.436604968413301
134.49999999999665,-1.740526290139346,8449.545100804704,188.629922433849,-0.1745,67.724136233464,-6.507567897503544,0.165,-5.024018774133399,4.436604968413301
134.59999999999664,-1.7410192400721374,8456.318079134164,187.97912153033374,-0.1745,67.73543035572189,-6.508450172801948,0.165,-5.024018774133399,4.436604968413301
134.69999999999663,-1.7415130480831156,8463.092184463147,187.32823254620664,-0.1745,67.74667622394159,-6.509329509740198,0.165,-5.024018774133399,4.436604968413301
134.79999999999663,-0.8345413957680523,8469.86741197812,186.67725578782748,-0.1745,67.75787407553341,-6.510205657843089,0.165,-5.024018774133399,4.436604968413301
134.89999999999662,-1.1722048986681368,8476.640068838951,186.18094977618566,-0.06225,67.6952631410893,-3.415914574993231,0.165,-5.024018774133399,4.436604968413301
134.99999999999662,-1.3851956493989244,8483.400731553507,185.7826641481387,-0.1745,67.51799115003605,-4.549797985945987,0.165,-5.024018774133399,4.436604968413301
135.0999999999966,-1.5194456526918096,8490.14736947203,185.29201351587395,-0.1745,67.41476722041179,-5.263214659349184,0.165,-5.024018774133399,4.436604968413301
135.1999999999966,-1.6040552310757428,8496.885912774473,184.74324234036584,-0.1745,67.35609882842923,-5.712208850812698,0.165,-5.024018774133399,4.436604968413301
135.2999999999966,-1.6574121102624706,8503.619950534343,184.15788994856607,-0.1745,67.32465636897024,-5.9948389851830175,0.165,-5.024018774133399,4.436604968413301
135.3999999999966,-1.691111537983865,8510.351683749524,183.54950660655453,-0.1745,67.31000793467805,-6.172827855047552,0.165,-5.024018774133399,4.436604968413301
135.4999999999966,-1.7124549719246547,8517.082472917755,182.926613945822,-0.1745,67.30577542994226,-6.285025359602956,0.165,-5.024018774133399,4.436604968413301
135.59999999999658,-1.7260355532695373,8523.813162709444,182.29456902995753,-0.1745,67.30802040383531,-6.35587295768649,0.165,-5.024018774133399,4.436604968413301
135.69999999999658,-1.734740734112268,8530.54427850886,181.65673839891917,-0.1745,67.31429558447918,-6.400739663080343,0.165,-5.024018774133399,4.436604968413301
135.79999999999657,-1.7403848341188246,8537.276147003737,181.0152371361092,-0.1745,67.32307431304841,-6.42928559311948,0.165,-5.024018774133399,4.436604968413301
135.89999999999657,-1.7441074860265942,8544.00897081552,180.37139382802593,-0.1745,67.33340192261372,-6.447580568545959,0.165,-5.024018774133399,4.436604968413301
135.99999999999656,-1.748170155842336,8550.742874939759,179.72604292399467,-0.1745,67.3446805621755,-6.459437512079095,0.165,-5.024018774133399,4.436604968413301
136.09999999999656,-1.7492249604835395,8557.481210248852,179.07913121973752,-0.1745,67.4220256196865,-6.478796573063973,0.8300000000000001,-5.024018774133399,4.436604968413301
136.19999999999655,-1.7500689637673648,8564.22402703986,178.43110739533498,-0.1745,67.43431020047112,-6.48167991498704,0.165,-5.024018774133399,4.436604968413301
136.29999999999654,-1.7507810641159205,8570.96807515961,177.78283090082266,-0.1745,67.44665219452028,-6.483849975259206,0.165,-5.024018774133399,4.436604968413301
136.39999999999654,-1.7514107474855436,8577.713358295388,177.13435984357724,-0.1745,67.45901052104006,-6.485571169649027,0.165,-5.024018774133399,4.436604968413301
136.49999999999653,-1.7519890483641172,8584.459876795943,176.4857308160379,-0.1745,67.47135949006513,-6.48700938113813,0.165,-5.024018774133399,4.436604968413301
136.59999999999653,-1.75253542730962,8591.207628923783,175.83696691356693,-0.1745,67.4836830667346,-6.488268668281014,0.165,-5.024018774133399,4.436604968413301
136.69999999999652,-1.7530620857761252,8597.95661164076,175.18808276504282,-0.1745,67.49597127280614,-6.489414302200871,0.165,-5.024018774133399,4.436604968413301
136.79999999999652,-1.7535766728366187,8604.706821100852,174.53908768882366,-0.1745,67.50821792900712,-6.490487222182675,0.165,-5.024018774133399,4.436604968413301
136.8999999999965,-1.7540839829435946,8611.458252959235,173.8899876724413,-0.1745,67.52041923865644,-6.49151310546447,0.165,-5.024018774133399,4.436604968413301
136.9999999999965,-1.7561261750492116,8618.210902566125,173.24078661430678,-0.1745,67.53257289912554,-6.492508057225583,0.165,-5.024018774133399,4.436604968413301
137.0999999999965,-1.7559228414915193,8624.968039593092,172.59090983007547,-0.1745,67.61016764021858,-6.5050276274006,0.8300000000000001,-5.024018774133399,4.436604968413301
137.1999999999965,-1.7559824034659357,8631.729663518261,171.9404788945602,-0.1745,67.62231086318116,-6.5035910829049906,0.165,-5.024018774133399,4.436604968413301
137.2999999999965,-1.756206853516105,8638.492492378015,171.29014774231413,-0.1745,67.63426633187896,-6.503031962016268,0.165,-5.024018774133399,4.436604968413301
137.39999999999648,-1.7565348164915762,8645.256509978964,170.63984509817132,-0.1745,67.64608568712522,-6.503020920839787,0.165,-5.024018774133399,4.436604968413301
137.49999999999648,-1.7569278606357341,8652.021704331088,169.98952646793572,-0.1745,67.65780135534952,-6.503351683872412,0.165,-5.024018774133399,4.436604968413301
137.59999999999647,-1.7573619227968011,8658.788066084979,169.33916413024767,-0.1745,67.66943372246867,-6.503895069888862,0.165,-5.024018774133399,4.436604968413301
137.69999999999646,-1.757821937557725,8665.555587552633,168.68874086735931,-0.1745,67.68099563063522,-6.504570187878181,0.165,-5.024018774133399,4.436604968413301
137.79999999999646,-1.7582984734427967,8672.324262093976,168.03824603836495,-0.1745,67.69249519621685,-6.505326392009377,0.165,-5.024018774133399,4.436604968413301
137.89999999999645,-1.7587856263497734,8679.094083732558,167.387673119871,-0.1745,67.70393757540727,-6.5061319778690905,0.165,-5.024018774133399,4.436604968413301
137.99999999999645,-1.759279700437093,8685.865046914843,166.7370181658668,-0.1745,67.71532607030242,-6.506967102215381,0.165,-5.024018774133399,4.436604968413301
138.09999999999644,-1.7613141236209564,8692.637146359444,166.0862788433262,-0.1745,67.72666282171602,-6.507819348596903,0.165,-5.024018774133399,4.436604968413301
138.19999999999644,-1.7611135246914023,8699.413651467472,165.43487655600157,-0.1745,67.80343933883518,-6.520226397895606,0.8300000000000001,-5.024018774133399,4.436604968413301
138.29999999999643,-1.7611793827149107,8706.19456165128,164.78293050441638,-0.1745,67.81476433732281,-6.518694633807931,0.165,-5.024018774133399,4.436604968413301
138.39999999999642,-1.761412086713951,8712.97659499541,164.13109301355234,-0.1745,67.82590254526944,-6.5180551834729465,0.165,-5.024018774133399,4.436604968413301
138.49999999999642,-1.761749356081824,8719.759735453814,163.47929163754193,-0.1745,67.83690662280954,-6.51797233673509,0.165,-5.024018774133399,4.436604968413301
138.5999999999964,-1.7621522535732923,8726.54397126385,162.8274812124268,-0.1745,67.84780957794027,-6.518236165567782,0.165,-5.024018774133399,4.436604968413301
138.6999999999964,-1.7625964378453722,8733.32929334893,162.17563363366426,-0.1745,67.85863212363716,-6.518715409682898,0.165,-5.024018774133399,4.436604968413301
138.7999999999964,-1.7630666931886272,8740.115694319213,161.52373146289014,-0.1745,67.86938728200478,-6.519328005799747,0.165,-5.024018774133399,4.436604968413301
138.8999999999964,-1.7635535089312382,8746.903167846558,160.8717639298652,-0.1745,67.88008326490942,-6.520022654698786,0.165,-5.024018774133399,4.436604968413301
138.9999999999964,-1.7640509406926974,8753.6917082736,160.21972443248103,-0.1745,67.8907252759458,-6.520767292984844,0.165,-5.024018774133399,4.436604968413301
139.09999999999638,-1.7645552732342775,8760.48131036927,159.56760897364316,-0.1745,67.90131663748197,-6.5215418837726835,0.165,-5.024018774133399,4.436604968413301
139.19999999999638,-1.7650641845419561,8767.27196917592,158.9154151840219,-0.1745,67.9118594954837,-6.522333908652504,0.165,-5.024018774133399,4.436604968413301
139.29999999999637,-1.7655762232996017,8774.063679913706,158.26314171113762,-0.1745,67.92235526024366,-6.523135549032755,0.165,-5.024018774133399,4.436604968413301
139.39999999999637,-1.7668511705824042,8780.856437920816,157.6107878374897,-0.1745,67.93280488194262,-6.523941923925318,0.165,-5.024018774133399,4.436604968413301
139.49999999999636,-1.7670192381214962,8787.651863558285,156.95806677588607,-0.1745,67.97570786743036,-6.530479308147669,0.495,-5.024018774133399,4.436604968413301
139.59999999999636,-1.7673197309840503,8794.449954472148,156.30503797502612,-0.1745,67.98611040983258,-6.530096709050994,0.165,-5.024018774133399,4.436604968413301
139.69999999999635,-1.7677031572864352,8801.24907997079,155.65202533995938,-0.1745,67.9963995630204,-6.530155992283817,0.165,-5.024018774133399,4.436604968413301
139.79999999999634,-1.7681386158061558,8808.04923003223,154.99899304358857,-0.1745,68.00660166574839,-6.530489935132444,0.165,-5.024018774133399,4.436604968413301
139.89999999999634,-1.7686068141271705,8814.850396777229,154.34591884088888,-0.1745,68.01673323422195,-6.530994118860996,0.165,-5.024018774133399,4.436604968413301
139.99999999999633,-1.7690957083062377,8821.652573671377,153.69278896752212,-0.1745,68.0268046487645,-6.531603348474311,0.165,-5.024018774133399,4.436604968413301
140.09999999999633,-1.7695977799444063,8828.455755026675,153.0395949539044,-0.1745,68.03682245718356,-6.532276923880042,0.165,-5.024018774133399,4.436604968413301
140.19999999999632,-1.770108335913462,8835.259935690216,152.38633163568088,-0.1745,68.0467908136464,-6.532989440590777,0.165,-5.024018774133399,4.436604968413301
140.29999999999632,-1.7706244467422725,8842.065110849768,151.73299591142552,-0.1745,68.0567123774051,-6.5337250445162125,0.165,-5.024018774133399,4.436604968413301
140.3999999999963,-1.77114428382239,8848.871275912343,151.0795859669886,-0.1745,68.06658887407905,-6.5344738442221155,0.165,-5.024018774133399,4.436604968413301
140.4999999999963,-1.77166670564137,8855.678426428354,150.4261007912445,-0.1745,68.07642144615791,-6.535229670660059,0.165,-5.024018774133399,4.436604968413301
140.5999999999963,-1.7721909994993728,8862.486558044255,149.77253987379117,-0.1745,68.08621087185915,-6.535988678406187,0.165,-5.024018774133399,4.436604968413301
140.6999999999963,-1.772716720295549,8869.295666472935,149.11890301625152,-0.1745,68.09595770177246,-6.536748472387103,0.165,-5.024018774133399,4.436604968413301
140.7999999999963,-0.8620585472147445,8876.105747475232,148.465190214496,-0.1745,68.10566234416706,-6.5375075627230474,0.165,-5.024018774133399,4.436604968413301
140.89999999999628,-1.2028456948851147,8882.91647326097,147.96741195081884,-0.06225,68.10885337057196,-3.4180577108202983,0.8300000000000001,-5.024018774133399,4.436604968413301
140.99999999999628,-1.4171134158537877,8889.718245383796,147.56804829647626,-0.1745,67.92658908593434,-4.569215376031551,0.165,-5.024018774133399,4.436604968413301
141.09999999999627,-1.5517400513019526,8896.505578433982,147.07503611656028,-0.1745,67.82007191780617,-5.291028222287802,0.165,-5.024018774133399,4.436604968413301
141.19999999999627,-1.6363247460993848,8903.284530364046,146.5232969900413,-0.1745,67.7589666834841,-5.743754308091751,0.165,-5.024018774133399,4.436604968413301
141.29999999999626,-1.689507646232248,8910.058754572316,145.9347218235518,-0.1745,67.72551748189834,-6.027749021698072,0.165,-5.024018774133399,4.436604968413301
141.39999999999625,-1.7230039939122728,8916.830484117094,145.32303606087913,-0.1745,67.70907341367581,-6.205966231755312,0.165,-5.024018774133399,4.436604968413301
141.49999999999625,-1.744166367978195,8923.601095003069,144.69684287468291,-0.1745,67.70314430583092,-6.317897492168971,0.165,-5.024018774133399,4.436604968413301
141.59999999999624,-1.75760483713111,8930.371438998698,144.06153274916355,-0.1745,67.70373560674312,-6.388305018218465,0.165,-5.024018774133399,4.436604968413301
141.69999999999624,-1.7662080062832133,8937.14204443987,143.42048210495352,-0.1745,67.70837321668114,-6.432707865982035,0.165,-5.024018774133399,4.436604968413301
141.79999999999623,-1.7717850095935987,8943.91323903636,142.77580529734308,-0.1745,67.71551871309345,-6.460828286226876,0.165,-5.024018774133399,4.436604968413301
141.89999999999623,-1.7754685418755192,8950.685225630252,142.1288261281224,-0.1745,67.72421316473981,-6.478755098187013,0.165,-5.024018774133399,4.436604968413301
141.99999999999622,-1.5773650975511677,8957.458129187275,141.48037333952365,-0.1745,67.7338579757004,-6.490300673788043,0.165,-5.024018774133399,4.436604968413301
142.09999999999621,-1.6541445600088158,8964.238333042877,140.86467388886894,-0.1495,67.87021913634463,-5.823688339306459,0.8300000000000001,-5.024018774133399,4.436604968413301
142.1999999999962,-1.7023891651224337,8971.023865276791,140.26940052710697,-0.1745,67.84042554196527,-6.081778895932768,0.165,-5.024018774133399,4.436604968413301
142.2999999999962,-1.7327648496322845,8977.807190022235,139.65313213992002,-0.1745,67.82606936691985,-6.243588847805965,0.165,-5.024018774133399,4.436604968413301
142.3999999999962,-1.7519574539270995,8984.58955637954,139.02369627274854,-0.1745,67.8212577791713,-6.34512849562362,0.165,-5.024018774133399,4.436604968413301
142.4999999999962,-0.8564351838063766,8991.371737356258,138.3859922305074,-0.1745,67.82236175518045,-6.408952349199147,0.165,-5.024018774133399,4.436604968413301
142.5999999999962,-0.5026364797343587,8998.154195479156,137.89781119799454,-0.06225,67.82680070276847,-3.3546683010584717,0.8300000000000001,-5.024018774133399,4.436604968413301
142.69999999999618,-0.9778327097217874,9004.936573012397,137.6224844591421,-0.08725,67.82074996206144,-2.151866475990632,0.165,-5.024018774133399,4.436604968413301
142.79999999999617,-1.2780622480132635,9011.705478893842,137.32734222579663,-0.1745,67.55736766684512,-3.7509781909185715,0.165,-5.024018774133399,4.436604968413301
142.89999999999617,-1.4675302074018544,9018.453517083184,136.9019403160388,-0.1745,67.40339611999457,-4.757060004237937,0.165,-5.024018774133399,4.436604968413301
142.99999999999616,-1.5870313824151272,9025.189395600986,136.39455841093888,-0.1745,67.31417423603352,-5.390578097760331,0.165,-5.024018774133399,4.436604968413301
143.09999999999616,-1.6624106460028836,9031.918310356903,135.83555048855808,-0.1745,67.26412088230002,-5.7895803498558305,0.165,-5.024018774133399,4.436604968413301
143.19999999999615,-1.7100005218829384,9038.643420694762,135.24402451189204,-0.1745,67.23808587486307,-6.0409391834650545,0.165,-5.024018774133399,4.436604968413301
143.29999999999615,-1.7416970878896776,9045.366670031475,134.63200863281298,-0.1745,67.2269008594106,-6.199378398116243,0.165,-5.024018774133399,4.436604968413301
143.39999999999614,-1.7600938731366833,9052.092536579175,134.00649431356956,-0.1745,67.29043009459672,-6.31090798675233,0.8300000000000001,-5.024018774133399,4.436604968413301
143.49999999999613,-1.7718352278870408,9058.821772671883,133.37235916305994,-0.1745,67.29429175956358,-6.3717950234403276,0.165,-5.024018774133399,4.436604968413301
143.59999999999613,-1.7809515591845018,9065.551567052456,132.733248868735,-0.1745,67.30159585191157,-6.410410863058458,0.165,-5.024018774133399,4.436604968413301
143.69999999999612,-1.785182221944658,9072.285473165884,132.09039928861196,-0.1745,67.37652641663719,-6.4465807394020755,0.8300000000000001,-5.024018774133399,4.436604968413301
143.79999999999612,-0.8850444815079639,9079.023668135194,131.44506846043612,-0.1745,67.38737296954321,-6.460035824114833,0.165,-5.024018774133399,4.436604968413301
143.8999999999961,-1.2210296250945223,9085.762631515165,130.95161009381687,-0.06225,67.39189462986141,-3.4091315082703453,0.8300000000000001,-5.024018774133399,4.436604968413301
143.9999999999961,-1.4334824065623843,9092.493122057616,130.55453603198822,-0.1745,67.21791621916991,-4.532349728302836,0.165,-5.024018774133399,4.436604968413301
144.0999999999961,-1.5677231195371486,9099.209862578224,130.06587710045022,-0.1745,67.11689419296547,-5.24082890245739,0.165,-5.024018774133399,4.436604968413301
144.1999999999961,-1.454325803518566,9105.918701550812,129.51944386374018,-0.1745,67.0598852588021,-5.687835831743699,0.165,-5.024018774133399,4.436604968413301
144.2999999999961,-1.5812121055138797,9112.629925255766,128.96946752940343,-0.1495,67.16458884024536,-5.311690854991491,0.8300000000000001,-5.024018774133399,4.436604968413301
144.39999999999608,-1.6613465803440122,9119.343721028703,128.41715915275896,-0.1745,67.11132661851649,-5.734476677898286,0.165,-5.024018774133399,4.436604968413301
144.49999999999608,-1.7119932206821777,9126.053463136172,127.83037696534028,-0.1745,67.083515530854,-6.00116707047515,0.165,-5.024018774133399,4.436604968413301
144.59999999999607,-1.7440580696077466,9132.761211229767,127.22184433845953,-0.1745,67.07144634103904,-6.169485467139648,0.165,-5.024018774133399,4.436604968413301
144.69999999999607,-1.7644211838442572,9139.468241668781,126.59957829190223,-0.1745,67.06916243924226,-6.275835464006466,0.165,-5.024018774133399,4.436604968413301
144.79999999999606,-1.7774186839645907,9146.175348546984,125.96862834086534,-0.1745,67.07297512480382,-6.34316355673143,0.165,-5.024018774133399,4.436604968413301
144.89999999999606,-1.7857815802745614,9152.883026632435,125.33217384261111,-0.1745,67.08058658423124,-6.385926408353176,0.165,-5.024018774133399,4.436604968413301
144.99999999999605,-1.7912291388677946,9159.5915839683,124.69221611585063,-0.1745,67.09056013308378,-6.413228126856584,0.165,-5.024018774133399,4.436604968413301
145.09999999999604,-1.7948433316195886,9166.30121174763,124.05001470202102,-0.1745,67.10199545349663,-6.430800149735664,0.165,-5.024018774133399,4.436604968413301
145.19999999999604,-1.7973048926144988,9173.012027899385,123.40636220774964,-0.1745,67.11432758161416,-6.442249735691982,0.165,-5.024018774133399,4.436604968413301
145.29999999999603,-1.7990420254410244,9179.72410436467,122.76175738336542,-0.1745,67.12720172405936,-6.44984675199222,0.165,-5.024018774133399,4.436604968413301
145.39999999999603,-1.8003240377528433,9186.437484200627,122.11651408258172,-0.1745,67.14039499510089,-6.455019263681927,0.165,-5.024018774133399,4.436604968413301
145.49999999999602,-1.801320278152866,9193.15219231885,121.47082983997814,-0.1745,67.15376736936626,-6.458665588389599,0.165,-5.024018774133399,4.436604968413301
145.59999999999602,-1.8021372233230837,9199.868242232225,120.82482902394595,-0.1745,67.16723089814117,-6.46135073225422,0.165,-5.024018774133399,4.436604968413301
145.699999999996,-1.802841810910409,9206.58564029569,120.1785899864418,-0.1745,67.18073037116787,-6.463430017828824,0.165,-5.024018774133399,4.436604968413301
145.799999999996,-1.8034761165561153,9213.304388372355,119.5321621417574,-0.1745,67.19423116211472,-6.465126875859308,0.165,-5.024018774133399,4.436604968413301
145.899999999996,-1.8040665847538448,9220.02448550981,118.88557670859333,-0.1745,67.2077115869716,-6.4665817874220455,0.165,-5.024018774133399,4.436604968413301
145.999999999996,-1.804629833637634,9226.745928994113,118.23885346566347,-0.1745,67.22115809908036,-6.467883071175152,0.165,-5.024018774133399,4.436604968413301
146.099999999996,-0.9038767749285049,9233.46871501245,117.59200499972138,-0.1745,67.23456226768204,-6.469086247666559,0.165,-5.024018774133399,4.436604968413301
146.19999999999598,-1.2371570662566969,9240.19240175611,117.09740827909225,-0.06225,67.2391726055203,-3.422848164916166,0.8300000000000001,-5.024018774133399,4.436604968413301
146.29999999999598,-1.448149455192673,9246.907757850535,116.69953932495572,-0.1745,67.06794928296202,-4.534530917814452,0.165,-5.024018774133399,4.436604968413301
146.39999999999597,-1.5816259071455474,9253.609589898775,116.21098247955759,-0.1745,66.96869168185171,-5.2366059901483375,0.165,-5.024018774133399,4.436604968413301
146.49999999999596,-1.6660569728445482,9260.303670255886,115.66514607912612,-0.1745,66.91291546034574,-5.680122018480923,0.165,-5.024018774133399,4.436604968413301
146.59999999999596,-1.7194985278306083,9266.993506479712,115.08312178086301,-0.1745,66.88380901617919,-5.9603639467813485,0.165,-5.024018774133399,4.436604968413301
146.69999999999595,-1.7533781472488261,9273.681257519638,114.47822692494613,-0.1745,66.8712117823506,-6.137533171556258,0.165,-5.024018774133399,4.436604968413301
146.79999999999595,-1.7749178556033116,9280.368262516828,113.85886716838502,-0.1745,66.86888816145226,-6.249661959665802,0.165,-5.024018774133399,4.436604968413301
146.89999999999594,-1.790250422266958,9287.055355607177,113.23034581541224,-0.1745,66.8729736455325,-6.320765099789975,0.165,-5.024018774133399,4.436604968413301
146.99999999999594,-1.7983962191609137,9293.746331708566,112.59543037094427,-0.1745,66.94654838223761,-6.377543789569245,0.8300000000000001,-5.024018774133399,4.436604968413301
147.09999999999593,-1.8037134787359004,9300.441519613289,111.95634804479722,-0.1745,66.95720971221978,-6.404102733371643,0.165,-5.024018774133399,4.436604968413301
147.19999999999592,-1.8072500648405585,9307.137844173478,111.31508089800607,-0.1745,66.96928149154904,-6.421240202451294,0.165,-5.024018774133399,4.436604968413301
147.29999999999592,-1.8096659659331769,9313.835419150093,110.67239675606548,-0.1745,66.98221804075801,-6.432442636360607,0.165,-5.024018774133399,4.436604968413301
147.3999999999959,-1.8129273673109174,9320.534313866634,110.02877931036478,-0.1745,66.99567629006569,-6.439906277653287,0.165,-5.024018774133399,4.436604968413301
147.4999999999959,-1.813486459992657,9327.237844210027,109.38395600515665,-0.1745,67.07493057781235,-6.456559826509272,0.8300000000000001,-5.024018774133399,4.436604968413301
147.5999999999959,-1.8140304569863666,9333.946038451926,108.73823830815671,-0.1745,67.08895426018636,-6.457794113489405,0.165,-5.024018774133399,4.436604968413301
147.6999999999959,-1.814565293495438,9340.65563251703,108.09240006994058,-0.1745,67.10292704189268,-6.458970650833277,0.165,-5.024018774133399,4.436604968413301
147.7999999999959,-1.815094701820887,9347.366621172729,107.44644607503054,-0.1745,67.116846072078,-6.460109247367548,0.165,-5.024018774133399,4.436604968413301
147.89999999999588,-1.8156210284107879,9354.078998958516,106.80037949411434,-0.1745,67.13070964367016,-6.461222370956272,0.165,-5.024018774133399,4.436604968413301
147.99999999999588,-1.8161457479723453,9360.792760279151,106.15420248205594,-0.1745,67.14451676903929,-6.4623178702118675,0.165,-5.024018774133399,4.436604968413301
148.09999999999587,-1.8166697869286619,9367.50789946325,105.50791655417295,-0.1745,67.1582669129264,-6.463400687447775,0.165,-5.024018774133399,4.436604968413301
148.19999999999587,-1.8171937268998546,9374.224410800114,104.86152282296928,-0.1745,67.1719598243718,-6.464473936625624,0.165,-5.024018774133399,4.436604968413301
148.29999999999586,-1.8177179326947093,9380.942288562881,104.21502214705704,-0.1745,67.18559543095742,-6.465539581619151,0.165,-5.024018774133399,4.436604968413301
148.39999999999586,-1.8182426328094359,9387.661527023041,103.56841522482907,-0.1745,67.19917377226746,-6.4665988629404465,0.165,-5.024018774133399,4.436604968413301
148.49999999999585,-1.818767970050554,9394.382120459557,102.92170265337298,-0.1745,67.21269495802886,-6.467652566181458,0.165,-5.024018774133399,4.436604968413301
148.59999999999584,-1.819294033366223,9401.104063164548,102.27488496552073,-0.1745,67.22615914178104,-6.468701190863534,0.165,-5.024018774133399,4.436604968413301
148.69999999999584,-1.8198208778592975,9407.827349446854,101.62796265314597,-0.1745,67.23956650431583,-6.469745056631475,0.165,-5.024018774133399,4.436604968413301
148.79999999999583,-1.8203485373685213,9414.551973634232,100.98093618181268,-0.1745,67.25291724326377,-6.470784370034216,0.165,-5.024018774133399,4.436604968413301
148.89999999999583,-0.9192163556117322,9421.277930074722,100.3338059999852,-0.1745,67.26621156654632,-6.4718192665154115,0.165,-5.024018774133399,4.436604968413301
148.99999999999582,-1.2527594462304474,9428.00477909589,99.83907321796067,-0.06225,67.27076885682227,-3.4228363739752163,0.8300000000000001,-5.024018774133399,4.436604968413301
149.09999999999582,-1.4657746877225408,9434.723275488084,99.44113744822548,-0.1745,67.09915898706335,-4.535879020728864,0.165,-5.024018774133399,4.436604968413301
149.1999999999958,-1.5985789870919458,9441.43149021948,98.95183470291637,-0.1745,67.06513564086929,-5.250175885453213,0.8300000000000001,-5.024018774133399,4.436604968413301
149.2999999999958,-1.4837325976512952,9448.135207138454,98.40472488003482,-0.1745,67.00920273858644,-5.692020572177817,0.165,-5.024018774133399,4.436604968413301
149.3999999999958,-1.6102752323161131,9454.839729872378,97.85469211244701,-0.1495,67.08125193988451,-5.30863477957821,0.495,-5.024018774133399,4.436604968413301
149.4999999999958,-1.6902516722258285,9461.545224348278,97.30277395659138,-0.1745,67.0286375781167,-5.729728337534308,0.165,-5.024018774133399,4.436604968413301
149.5999999999958,-1.7408377875406371,9468.246722756156,96.71651056147243,-0.1745,67.0013305794427,-5.9955395648445595,0.165,-5.024018774133399,4.436604968413301
149.69999999999578,-1.772891249812501,9474.946273645155,96.10856233503408,-0.1745,66.98968720054557,-6.163424963922509,0.165,-5.024018774133399,4.436604968413301
149.79999999999578,-0.8950618747664709,9481.645147336074,95.48691201237457,-0.1745,66.98778661781967,-6.269581489267558,0.165,-5.024018774133399,4.436604968413301
149.89999999999577,-1.2382502013587116,9488.342570877208,95.00787970434331,-0.06225,66.96068420485281,-3.311064671357606,0.495,-5.024018774133399,4.436604968413301
149.99999999999577,-1.4560434242981053,9495.029887942253,94.6197699758494,-0.1745,66.7856570960349,-4.451129898520642,0.165,-5.024018774133399,4.436604968413301
150.09999999999576,-1.5941492176699323,9501.703388102593,94.13857092342074,-0.1745,66.68434611075436,-5.172851150052317,0.165,-5.024018774133399,4.436604968413301
150.19999999999575,-1.6817103175933394,9508.368986538511,93.59843427654009,-0.1745,66.62762260762584,-5.629881787560827,0.165,-5.024018774133399,4.436604968413301
150.29999999999575,-1.5399573635551147,9515.030282036156,93.02097191012642,-0.1745,66.59828734525382,-5.9193655407124925,0.165,-5.024018774133399,4.436604968413301
150.39999999999574,-1.6477849014437234,9521.695982737727,92.45241717396074,-0.1495,66.71572668616754,-5.451729182601226,0.8300000000000001,-5.024018774133399,4.436604968413301
150.49999999999574,-1.717798941535766,9528.365526477504,91.88939618560205,-0.1745,66.67514810936872,-5.808690584572596,0.165,-5.024018774133399,4.436604968413301
150.59999999999573,-1.5620604537261182,9535.035344594437,91.29664856200424,-0.1745,66.72121422927383,-6.046261887383829,0.8300000000000001,-5.024018774133399,4.436604968413301
150.69999999999573,-1.6631362575669284,9541.711925110043,90.71791698032061,-0.1495,66.8103960828556,-5.5283697462886225,0.495,-5.024018774133399,4.436604968413301
150.79999999999572,-1.7262604331409035,9548.392739741363,90.14818393581763,-0.1745,66.8058965435335,-5.8662911437709875,0.495,-5.024018774133399,4.436604968413301
150.8999999999957,-1.7662823843863593,9555.072464099916,89.55110053454948,-0.1745,66.78859062751974,-6.075376881591949,0.165,-5.024018774133399,4.436604968413301
150.9999999999957,-1.7917177783375957,9561.751066317454,88.9369445087125,-0.1745,66.78345372324982,-6.207743635147644,0.165,-5.024018774133399,4.436604968413301
151.0999999999957,-1.8079484768648109,9568.429534422534,88.3119734361505,-0.1745,66.78590837833809,-6.291677816092409,0.165,-5.024018774133399,4.436604968413301
151.1999999999957,-1.8183730674348868,9575.108485019993,87.68013719784354,-0.1745,66.79310357083382,-6.34504695004682,0.165,-5.024018774133399,4.436604968413301
151.2999999999957,-1.8251365160603907,9581.788302966377,87.04392825429716,-0.1745,66.80325535683546,-6.379131920880657,0.165,-5.024018774133399,4.436604968413301
151.39999999999569,-1.8295920377247592,9588.469227948275,86.40491904210225,-0.1745,66.81524428110848,-6.401052323017591,0.165,-5.024018774133399,4.436604968413301
151.49999999999568,-1.8325930897649583,9595.151408494454,85.76410141994042,-0.1745,66.82836664247031,-6.415300120219213,0.165,-5.024018774133399,4.436604968413301
151.59999999999567,-1.834677810341633,9601.834935808609,85.1221009768642,-0.1745,66.84217964063085,-6.424708741304923,0.165,-5.024018774133399,4.436604968413301
151.69999999999567,-1.836185450130357,9608.51986501571,84.4793122852001,-0.1745,66.85640450141543,-6.431065091977124,0.165,-5.024018774133399,4.436604968413301
151.79999999999566,-1.8381002957266124,9615.206228525165,83.83598423591896,-0.1745,66.87086568766124,-6.435495893645537,0.165,-5.024018774133399,4.436604968413301
151.89999999999566,-1.838664155651188,9621.89566938586,83.19198740099921,-0.1745,66.91795152624773,-6.444440804749387,0.495,-5.024018774133399,4.436604968413301
151.99999999999565,-1.839215249280203,9628.58819892493,82.54748018253613,-0.1745,66.9326392551601,-6.445703564512021,0.165,-5.024018774133399,4.436604968413301
152.09999999999565,-1.839758655224817,9635.28219450059,81.90284919900645,-0.1745,66.9472722580692,-6.446916106081614,0.165,-5.024018774133399,4.436604968413301
152.19999999999564,-1.8402975710176592,9641.9776505208,81.25809862652456,-0.1745,66.96184814611361,-6.4480953435563695,0.165,-5.024018774133399,4.436604968413301
152.29999999999563,-1.8408340092770226,9648.674561203306,80.61323126247085,-0.1745,66.97636550404448,-6.449251937517868,0.165,-5.024018774133399,4.436604968413301
152.39999999999563,-1.8413692363223437,9655.372920654998,79.96824903517222,-0.1745,66.99082352976659,-6.450392608454624,0.165,-5.024018774133399,4.436604968413301
152.49999999999562,-1.8419040484882592,9662.072722921845,79.32315332501666,-0.1745,67.00522180717361,-6.451521594656531,0.165,-5.024018774133399,4.436604968413301
152.59999999999562,-1.8424389461726518,9668.773962020354,78.6779451667413,-0.1745,67.01956016300355,-6.452641570850916,0.165,-5.024018774133399,4.436604968413301
152.6999999999956,-1.84297424345487,9675.476631957337,78.03262537685,-0.1745,67.0338385766489,-6.453754226974847,0.165,-5.024018774133399,4.436604968413301
152.7999999999956,-1.8435101371267038,9682.180726742337,77.3871946338624,-0.1745,67.0480571233387,-6.454860632777166,0.165,-5.024018774133399,4.436604968413301
152.8999999999956,-1.8440467501587392,9688.88624039542,76.74165352884982,-0.1745,67.06221593834854,-6.455961467474493,0.165,-5.024018774133399,4.436604968413301
152.9999999999956,-1.8445841590662866,9695.593166952061,76.09600259725661,-0.1745,67.0763151944594,-6.457057164389818,0.165,-5.024018774133399,4.436604968413301
153.0999999999956,-1.845122411136616,9702.301500466172,75.45024233893534,-0.1745,67.09035508776245,-6.458148002035692,0.165,-5.024018774133399,4.436604968413301
153.19999999999558,-1.8456615352724357,9709.011235011996,74.80437323076029,-0.1745,67.10433582872128,-6.4592341614651545,0.165,-5.024018774133399,4.436604968413301
153.29999999999558,-1.8462015488163668,9715.72236468526,74.1583957345681,-0.1745,67.11825763654504,-6.460315762378672,0.165,-5.024018774133399,4.436604968413301
153.39999999999557,-1.846742461845502,9722.43488360387,73.5123103021565,-0.1745,67.13212073564686,-6.461392885853594,0.165,-5.024018774133399,4.436604968413301
153.49999999999557,-1.8472842798735665,9729.148785908323,72.86611737843127,-0.1745,67.14592535341508,-6.462465588650752,0.165,-5.024018774133399,4.436604968413301
153.59999999999556,-1.849372712878878,9735.864065761934,72.21981740338781,-0.1745,67.15967171881114,-6.463533912218358,0.165,-5.024018774133399,4.436604968413301
153.69999999999555,-1.8492094619188248,9742.583991855736,71.57283354098166,-0.1745,67.23885015723482,-6.476143335904628,0.8300000000000001,-5.024018774133399,4.436604968413301
153.79999999999555,-0.9475684191527756,9749.308562858834,70.92528587656471,-0.1745,67.2525699047386,-6.474809952434304,0.165,-5.024018774133399,4.436604968413301
153.89999999999554,-1.2806559939453956,9756.030728716169,70.43048210395794,-0.06225,67.19074724193864,-3.4212654997011587,0.165,-5.024018774133399,4.436604968413301
153.99999999999554,-1.4916179214308358,9762.741266708023,70.0328465801169,-0.1745,67.02001259512716,-4.531444977119728,0.165,-5.024018774133399,4.436604968413301
154.09999999999553,-1.625136438394218,9769.438321601094,69.54463179734108,-0.1745,66.92108526629134,-5.232850678396563,0.165,-5.024018774133399,4.436604968413301
154.19999999999553,-1.709636407186654,9776.127653930595,68.99918320746967,-0.1745,66.86556132371086,-5.676121119031635,0.165,-5.024018774133399,4.436604968413301
154.29999999999552,-1.7631518593197812,9782.812765471932,68.41756109913567,-0.1745,66.83666950305258,-5.956321047648463,0.165,-5.024018774133399,4.436604968413301
154.39999999999552,-1.7971010226117823,9789.4958124278,67.81306821416598,-0.1745,66.8242696143013,-6.133536651745412,0.165,-5.024018774133399,4.436604968413301
154.4999999999955,-1.818702824433417,9796.178132718127,67.19410426208279,-0.1745,66.82213619222777,-6.245742389918521,0.165,-5.024018774133399,4.436604968413301
154.5999999999955,-1.6330133150828354,9802.860560005587,66.56597084540893,-0.1745,66.82640955697089,-6.316925943558686,0.165,-5.024018774133399,4.436604968413301
154.6999999999955,-1.715653140128638,9809.546584570375,65.96536013629981,-0.1495,66.89408173879033,-5.695288238623763,0.165,-5.024018774133399,4.436604968413301
154.7999999999955,-1.767982015422214,9816.234590519702,65.38212526822579,-0.1745,66.8660372477534,-5.969409122856676,0.165,-5.024018774133399,4.436604968413301
154.8999999999955,-1.8011754127937456,9822.920598515271,64.77651777797426,-0.1745,66.85412266363477,-6.142740682173923,0.165,-5.024018774133399,4.436604968413301
154.99999999999548,-1.8222966099657882,9829.605917082717,64.1567574880193,-0.1745,66.85224868529745,-6.2524651169254,0.165,-5.024018774133399,4.436604968413301
155.09999999999548,-1.8358054170191567,9836.29136149574,63.528031075764986,-0.1745,66.85663957514018,-6.322063128160757,0.165,-5.024018774133399,4.436604968413301
155.19999999999547,-1.844515857720784,9842.977440468574,62.893610163385446,-0.1745,66.86493988156025,-6.3663551194300485,0.165,-5.024018774133399,4.436604968413301
155.29999999999546,-1.8502026452829892,9849.664471191667,62.255557844354584,-0.1745,66.87567458029268,-6.394691261187175,0.165,-5.024018774133399,4.436604968413301
155.39999999999546,-1.853984637287705,9856.352650811516,61.61517485481587,-0.1745,66.88791781666164,-6.41296852958714,0.165,-5.024018774133399,4.436604968413301
155.49999999999545,-1.8565670209670684,9863.042101083676,60.973281177065076,-0.1745,66.90108762656615,-6.424905025428799,0.165,-5.024018774133399,4.436604968413301
155.59999999999545,-1.8583941620529014,9869.732896360865,60.3303936991808,-0.1745,66.91481791720999,-6.432844532256621,0.165,-5.024018774133399,4.436604968413301
155.69999999999544,-1.8597460218712012,9876.425081172169,59.68683826098852,-0.1745,66.92887830884177,-6.43826423158896,0.165,-5.024018774133399,4.436604968413301
155.79999999999544,-1.8607989547810322,9883.118681278524,59.04282030063076,-0.1745,66.94312381827615,-6.4420949755663015,0.165,-5.024018774133399,4.436604968413301
155.89999999999543,-1.8616640343467812,9889.813710630722,58.398469388834066,-0.1745,66.9574632257085,-6.444923260367489,0.165,-5.024018774133399,4.436604968413301
155.99999999999542,-1.862411208485046,9896.510175750453,57.75386729744729,-0.1745,66.97183916889463,-6.447118567367976,0.165,-5.024018774133399,4.436604968413301
156.09999999999542,-1.8630845204925643,9903.208078489408,57.109065687355915,-0.1745,66.98621561021184,-6.448913634459532,0.165,-5.024018774133399,4.436604968413301
156.1999999999954,-1.8637116988235225,9909.90741776709,56.464097253241505,-0.1745,67.00056994342839,-6.4504550478286244,0.165,-5.024018774133399,4.436604968413301
156.2999999999954,-1.865858533252277,9916.608190665354,55.818982744692924,-0.1745,67.01488802184963,-6.451835123142919,0.165,-5.024018774133399,4.436604968413301
156.3999999999954,-1.8657312942374837,9923.313667622557,55.17315811649973,-0.1745,67.09465112221274,-6.464657440721049,0.8300000000000001,-5.024018774133399,4.436604968413301
156.4999999999954,-1.8658571150845884,9930.023848333409,54.52675144537112,-0.1745,67.10896309482764,-6.4634759818511895,0.165,-5.024018774133399,4.436604968413301
156.5999999999954,-1.8676882998047937,9936.735450741513,53.880421087372774,-0.1745,67.12308506724824,-6.463131178115751,0.165,-5.024018774133399,4.436604968413301
156.69999999999538,-1.8673670217519924,9943.451732795918,53.23352170986405,-0.1745,67.20255602087732,-6.474856372058784,0.8300000000000001,-5.024018774133399,4.436604968413301
156.79999999999538,-1.868917076586708,9950.172686394813,52.58613033571628,-0.1745,67.2165159570132,-6.4729711108967285,0.165,-5.024018774133399,4.436604968413301
156.89999999999537,-1.8684230473568766,9956.898299129252,51.938295862723066,-0.1745,67.29573873176108,-6.483718348967534,0.8300000000000001,-5.024018774133399,4.436604968413301
156.99999999999537,-1.668765613080182,9963.628555908019,51.29004959440134,-0.1745,67.30939684356703,-6.481207017467008,0.165,-5.024018774133399,4.436604968413301
157.09999999999536,-1.7431228582005835,9970.366399308468,50.6753125855687,-0.1495,67.44747116543107,-5.813533159185816,0.8300000000000001,-5.024018774133399,4.436604968413301
157.19999999999536,-1.790023057951238,9977.109828121014,50.081540917883984,-0.1745,67.42110508549906,-6.061900194508483,0.165,-5.024018774133399,4.436604968413301
157.29999999999535,-1.8196712737655072,9983.851356269377,49.467535778882464,-0.1745,67.40945788176788,-6.21820258552188,0.165,-5.024018774133399,4.436604968413301
157.39999999999534,-1.838486126620646,9990.592176251961,48.84079184965793,-0.1745,67.40694176989953,-6.316675998968754,0.165,-5.024018774133399,4.436604968413301
157.49999999999534,-1.8505011328649585,9997.333028442607,48.206016173066935,-0.1745,67.4101020430165,-6.378837532851263,0.165,-5.024018774133399,4.436604968413301
157.59999999999533,-1.8582494474959992,10004.074373094685,47.56616408659147,-0.1745,67.41679099855537,-6.418204196658048,0.165,-5.024018774133399,4.436604968413301
157.69999999999533,-1.8633212812405002,10010.816496088399,46.92309067399182,-0.1745,67.42566887572801,-6.443264055334847,0.165,-5.024018774133399,4.436604968413301
157.79999999999532,-1.8667145955428277,10017.55957444001,46.27796019039792,-0.1745,67.43589815649915,-6.459345616543186,0.165,-5.024018774133399,4.436604968413301
157.89999999999532,-1.8690555308502688,10024.303717079421,45.631503252492955,-0.1745,67.44695463171789,-6.469793141556124,0.165,-5.024018774133399,4.436604968413301
157.9999999999953,-1.870736867235944,10031.04899030936,44.98417833797191,-0.1745,67.45850996707085,-6.476705148864696,0.165,-5.024018774133399,4.436604968413301
158.0999999999953,-1.8720049588721286,10037.795433730167,44.33627316810771,-0.1745,67.4703584490629,-6.481398248419332,0.165,-5.024018774133399,4.436604968413301
158.1999999999953,-1.873014299663741,10044.543070212032,43.68796833725286,-0.1745,67.48237118824524,-6.484698368677612,0.165,-5.024018774133399,4.436604968413301
158.2999999999953,-1.8738617639367536,10051.291912143895,43.03937724063586,-0.1745,67.4944674490236,-6.487123563662412,0.165,-5.024018774133399,4.436604968413301
158.3999999999953,-1.874608088889686,10058.041965350672,42.3905711254104,-0.1745,67.50659668651976,-6.4889987408466885,0.165,-5.024018774133399,4.436604968413301
158.49999999999528,-1.6745850201649837,10064.793231549324,41.741594805791834,-0.1745,67.51872728651318,-6.490527651524767,0.165,-5.024018774133399,4.436604968413301
158.59999999999528,-1.750105214723194,10071.550320032338,41.12624017833249,-0.1495,67.62304237378183,-5.816564897662185,0.495,-5.024018774133399,4.436604968413301
158.69999999999527,-1.7976749929367388,10078.311231567031,40.53194255806432,-0.1745,67.59518832007316,-6.069387507701082,0.165,-5.024018774133399,4.436604968413301
158.79999999999526,-1.8277072548894624,10085.070109785234,39.91706095913748,-0.1745,67.58237604397213,-6.228244470835784,0.165,-5.024018774133399,4.436604968413301
158.89999999999526,-1.8467421940767794,10091.828172689357,39.289240632558645,-0.1745,67.5788820384892,-6.32816206074092,0.165,-5.024018774133399,4.436604968413301
158.99999999999525,-1.8588839688193373,10098.586175468034,38.65327638674354,-0.1745,67.58117353505979,-6.3911228555610995,0.165,-5.024018774133399,4.436604968413301
159.09999999999525,-1.8667064906468698,10105.34458703027,38.01217441121885,-0.1745,67.58705770963778,-6.4309166549327115,0.165,-5.024018774133399,4.436604968413301
159.19999999999524,-1.8718232977174765,10112.103698350298,37.36781905049873,-0.1745,67.59516869092496,-6.456190559469711,0.165,-5.024018774133399,4.436604968413301
159.29999999999524,-1.875245580075624,10118.86368947864,36.72139125992107,-0.1745,67.60465387590986,-6.472365252083558,0.165,-5.024018774133399,4.436604968413301
159.39999999999523,-1.877606897134915,10125.624671191057,36.073631094290604,-0.1745,67.61498037243621,-6.482838060525815,0.165,-5.024018774133399,4.436604968413301
159.49999999999523,-1.8793041331902869,10132.386710953439,35.42500230046084,-0.1745,67.62581487517721,-6.489737816069425,0.165,-5.024018774133399,4.436604968413301
159.59999999999522,-1.8805858736883336,10139.149849139425,34.77579549549199,-0.1745,67.6369488445366,-6.494398283307515,0.165,-5.024018774133399,4.436604968413301
159.6999999999952,-1.8816077979573316,10145.914109171554,34.12619283186094,-0.1745,67.64825179802118,-6.49765498931352,0.165,-5.024018774133399,4.436604968413301
159.7999999999952,-1.88246739030035,10152.679503867008,33.47630851822777,-0.1745,67.65964211106248,-6.500031283349981,0.165,-5.024018774133399,4.436604968413301
159.8999999999952,-1.8832256872432867,10159.44603940998,32.82621420699055,-0.1745,67.67106874840405,-6.501854941394402,0.165,-5.024018774133399,4.436604968413301
159.9999999999952,-1.8839209005978215,10166.213717838837,32.1759548983551,-0.1745,67.68249982870043,-6.503331231314629,0.165,-5.024018774133399,4.436604968413301
160.0999999999952,-1.884576950200652,10172.982538603497,31.525558902298464,-0.1745,67.69391546450852,-6.5045886898181395,0.165,-5.024018774133399,4.436604968413301
160.19999999999519,-1.8852088077237774,10179.752499540655,30.87504407784489,-0.1745,67.70530327862697,-6.505707799253315,0.165,-5.024018774133399,4.436604968413301
160.29999999999518,-1.8858258429831884,10186.5235974844,30.224421740378585,-0.1745,67.71665559625934,-6.506738950072776,0.165,-5.024018774133399,4.436604968413301
160.39999999999517,-1.886433919188091,10193.295828648546,29.57369910833017,-0.1745,67.72796768665457,-6.5077136908954625,0.165,-5.024018774133399,4.436604968413301
160.49999999999517,-1.8870367047226655,10200.06918886598,28.922880835095125,-0.1745,67.73923666200946,-6.508651773805475,0.165,-5.024018774133399,4.436604968413301
160.59999999999516,-1.8876364943380692,10206.84367373848,28.271969968105033,-0.1745,67.75046078799623,-6.509565565996372,0.165,-5.024018774133399,4.436604968413301
160.69999999999516,-1.8882347231792076,10213.619278730483,27.62096854920546,-0.1745,67.76163905206869,-6.510462811995053,0.165,-5.024018774133399,4.436604968413301
160.79999999999515,-1.8888322885100046,10220.395999227745,26.96987799045667,-0.1745,67.77277089319193,-6.511348362980769,0.165,-5.024018774133399,4.436604968413301
160.89999999999515,-1.6874382619829154,10227.173830574036,26.318699309340673,-0.1745,67.7838560326492,-6.5122252593392105,0.165,-5.024018774133399,4.436604968413301
160.99999999999514,-1.7636868013041904,10233.955781218758,25.70168716709633,-0.1495,67.85515686177786,-5.828017585547641,0.165,-5.024018774133399,4.436604968413301
161.09999999999513,-1.8116321602435095,10240.739827217718,25.106084922647497,-0.1745,67.82576311742896,-6.084027303429039,0.165,-5.024018774133399,4.436604968413301
161.19999999999513,-1.8418518439031888,10247.52169907512,24.489655811643303,-0.1745,67.81167403059074,-6.2445549166548435,0.165,-5.024018774133399,4.436604968413301
161.29999999999512,-1.8609769271253616,10254.30263522847,23.86016279739368,-0.1745,67.80704903641849,-6.345305368337595,0.165,-5.024018774133399,4.436604968413301
161.39999999999512,-1.8731607826706445,10261.083402202354,23.222465309006747,-0.1745,67.80829044123861,-6.408644399401081,0.165,-5.024018774133399,4.436604968413301
161.4999999999951,-1.8810033093202025,10267.864475199154,22.579604312582873,-0.1745,67.8131694947852,-6.448575529076394,0.165,-5.024018774133399,4.436604968413301
161.5999999999951,-1.8861312957619294,10274.646148704183,21.93348237232439,-0.1745,67.82030060580371,-6.473863276093235,0.165,-5.024018774133399,4.436604968413301
161.6999999999951,-1.88956234197034,10281.428604759152,21.285289628977715,-0.1745,67.82882049359164,-6.48999159084029,0.165,-5.024018774133399,4.436604968413301
161.7999999999951,-1.8919328440128602,10288.211955313805,20.63577049876492,-0.1745,67.83819059947682,-6.500391013415644,0.165,-5.024018774133399,4.436604968413301
161.8999999999951,-1.8936407288558668,10294.996268578623,19.985390589267908,-0.1745,67.84807469686662,-6.507207176524604,0.165,-5.024018774133399,4.436604968413301
161.99999999999508,-1.8949347779344259,10301.781585453644,19.334441136724614,-0.1745,67.85826280356513,-6.511781874341272,0.165,-5.024018774133399,4.436604968413301
162.09999999999508,-0.9873568881107764,10308.567929782423,18.683104337539415,-0.1745,67.86862377202124,-6.514954109362727,0.165,-5.024018774133399,4.436604968413301
162.19999999999507,-1.3263673100707332,10315.353300855319,18.186610058547434,-0.06225,67.8387976858903,-3.4149314704769207,0.495,-5.024018774133399,4.436604968413301
162.29999999999507,-1.5400053778206253,10322.128225039987,17.788092542019832,-0.1745,67.65968600749592,-4.555418860075086,0.165,-5.024018774133399,4.436604968413301
162.39999999999506,-0.7724094276872161,10328.88897206997,17.29671451222471,-0.1745,67.55525459217085,-5.272141735827354,0.165,-5.024018774133399,4.436604968413301
162.49999999999505,-1.1897709374688479,10335.643386475907,16.899713463218507,-0.06225,67.53303352658784,-2.6678792442966732,0.495,-5.024018774133399,4.436604968413301
162.59999999999505,-1.453811015585316,10342.385462657412,16.56301840967267,-0.1745,67.30849010351457,-4.06602182662008,0.165,-5.024018774133399,4.436604968413301
162.69999999999504,-1.6206946557994475,10349.109758357346,16.112345203775245,-0.1745,67.1774238951766,-4.947442291328378,0.165,-5.024018774133399,4.436604968413301
162.79999999999504,-1.7261389456441432,10355.823738106075,15.589801989361625,-0.1745,67.10217107938486,-5.503421996944016,0.165,-5.024018774133399,4.436604968413301
162.89999999999503,-1.7927918493910877,10362.5318909514,15.021921624936686,-0.1745,67.06088582712164,-5.854185291554777,0.165,-5.024018774133399,4.436604968413301
162.99999999999503,-1.8349805682901688,10369.236961163015,14.425434756807032,-0.1745,67.04051840513951,-6.075552071038287,0.165,-5.024018774133399,4.436604968413301
163.09999999999502,-1.863345177370475,10375.940643265267,13.810889061397841,-0.1745,67.0331236398866,-6.215361837145541,0.165,-5.024018774133399,4.436604968413301
163.19999999999501,-1.879699331223673,10382.647264188574,13.18435428260516,-0.1745,67.0992948262628,-6.315333738708081,0.8300000000000001,-5.024018774133399,4.436604968413301
163.299999999995,-1.8901998411845398,10389.357483561342,12.55013475245929,-0.1745,67.10509262910467,-6.369056864209329,0.165,-5.024018774133399,4.436604968413301
163.399999999995,-1.8970185581219314,10396.068432949161,11.911519634207865,-0.1745,67.11389512729282,-6.403245500819169,0.165,-5.024018774133399,4.436604968413301
163.499999999995,-1.901522169540491,10402.780355806286,11.27010019945316,-0.1745,67.12456201520159,-6.425143194274916,0.165,-5.024018774133399,4.436604968413301
163.599999999995,-1.9045704441769673,10409.493402823322,10.626877621000984,-0.1745,67.13637832552308,-6.439308374768607,0.165,-5.024018774133399,4.436604968413301
163.699999999995,-1.9067041310086985,10416.207666505257,9.98248175009147,-0.1745,67.14889531319723,-6.448609043421698,0.165,-5.024018774133399,4.436604968413301
163.79999999999498,-1.908263269589827,10422.923202829603,9.337308832752052,-0.1745,67.16183117373019,-6.454849303366656,0.165,-5.024018774133399,4.436604968413301
163.89999999999498,-1.910229465705474,10429.640044833533,8.691608175816535,-0.1745,67.1750089048835,-6.459163835343677,0.165,-5.024018774133399,4.436604968413301
163.99999999999497,-1.9108507093458886,10436.359836088075,8.045250208576261,-0.1745,67.22081618594251,-6.467995509461795,0.495,-5.024018774133399,4.436604968413301
164.09999999999496,-1.911460948896515,10443.082588381494,7.3983930486535705,-0.1745,67.23422968244007,-6.469147688992025,0.165,-5.024018774133399,4.436604968413301
164.19999999999496,-1.912064629618588,10449.806679498133,6.751422881036195,-0.1745,67.24759265032823,-6.4702556633554895,0.165,-5.024018774133399,4.436604968413301
164.29999999999495,-1.9126645434381602,10456.532104280568,6.104343382531416,-0.1745,67.26090299836137,-6.471334306740074,0.165,-5.024018774133399,4.436604968413301
164.39999999999495,-1.9132624434095842,10463.258857405284,5.457157018634697,-0.1745,67.27415949597554,-6.472392971194315,0.165,-5.024018774133399,4.436604968413301
164.49999999999494,-1.9138594298878355,10469.986933452747,4.809865493165571,-0.1745,67.28736145325752,-6.473437538188195,0.165,-5.024018774133399,4.436604968413301
164.59999999999494,-1.9144561931993067,10476.716326951399,4.162470030844892,-0.1745,67.30050851976752,-6.474471708225383,0.165,-5.024018774133399,4.436604968413301
164.69999999999493,-1.9165962145580777,10483.44703240529,3.5149715548634815,-0.1745,67.31360055808887,-6.475497811402827,0.165,-5.024018774133399,4.436604968413301
164.79999999999492,-1.91648808242465,10490.1823188162,2.8667935260752855,-0.1745,67.39212766010333,-6.48806276436109,0.8300000000000001,-5.024018774133399,4.436604968413301
164.89999999999492,-1.9166445849162075,10496.922185127734,2.2180562744516674,-0.1745,67.40519857059734,-6.486682268111275,0.165,-5.024018774133399,4.436604968413301
164.9999999999949,-1.9169674192454658,10503.663348942075,1.5694130917098463,-0.1745,67.41807771621347,-6.486181386725144,0.165,-5.024018774133399,4.436604968413301
165.0999999999949,-1.9173949155183712,10510.405793662767,0.9207924799010562,-0.1745,67.43081669762574,-6.486230849450658,0.165,-5.024018774133399,4.436604968413301
165.1999999999949,8702.157020696084,10517.149506896605,0.2721497346235191,-0.1745,67.44344797915157,-6.486624056100081,0.165,-5.024018774133399,4.436604968413301
