t,reward,x,y,theta,vx,vy,throttle,wind_vx,wind_vy
0.0,0.0,72.11974580686721,763.2404208667415,0.08186471999216413,44.037469760688325,3.875190283499499,0.5,2.313910994549086,0.06763519922687788
0.1,-1.5795439865610699,72.11974580686721,763.2404208667415,0.08186471999216413,44.037469760688325,3.875190283499499,0.5,2.313910994549086,0.06763519922687788
0.2,-0.5933604717364125,76.52033161345875,763.5516601840212,-0.030385280007835858,43.97424637114242,2.3495960620942813,0.165,2.313910994549086,0.06763519922687788
0.30000000000000004,-0.3137524533179188,80.90500239299075,763.678022135488,-0.14263528000783585,43.719169219497545,0.1776429672422739,0.165,2.313910994549086,0.06763519922687788
0.4,-1.0342471361555423,85.26465221407325,763.5970940717546,-0.1745,43.47382720215247,-1.7962042419118143,0.165,2.313910994549086,0.06763519922687788
0.5,-1.6047852804113036,89.60454365001458,763.3394734086587,-0.1745,43.32400151667416,-3.3562090200044117,0.165,2.313910994549086,0.06763519922687788
0.6,-2.055108164233268,93.9327685042029,762.9419966276332,-0.1745,43.24049556709223,-4.593326600504554,0.165,2.313910994549086,0.06763519922687788
0.7,-2.4093451470749465,98.255004123016,762.4335711848424,-0.1745,43.2042168091698,-5.575182255311283,0.165,2.313910994549086,0.06763519922687788
0.7999999999999999,-2.6870194930351046,102.57532628494822,761.8371119115768,-0.1745,43.20222642947474,-6.354003210000623,0.165,2.313910994549086,0.06763519922687788
0.8999999999999999,-2.9038674632258337,106.89671316571241,761.1708613749464,-0.1745,43.22551118580906,-6.971007522607726,0.165,2.313910994549086,0.06763519922687788
0.9999999999999999,-3.072521588296892,111.22137137423965,760.4493570603615,-0.1745,43.26765298473587,-7.45907876909038,0.165,2.313910994549086,0.06763519922687788
1.0999999999999999,-3.2030836423438,115.55095395884416,759.6841749962368,-0.1745,43.323998707354406,-7.844562513403143,0.165,2.313910994549086,0.06763519922687788
1.2,-3.3036033409109926,119.88671009140666,758.8845180259052,-0.1745,43.391123943895415,-8.148576893228661,0.165,2.313910994549086,0.06763519922687788
1.3,-3.380179091970064,124.2295901258034,758.0576878914817,-0.1745,43.466476744039355,-8.38802579524257,0.165,2.313910994549086,0.06763519922687788
1.4000000000000001,-3.437943886295684,128.58194567085835,757.2091796901999,-0.1745,43.58063415705967,-8.582138230393667,0.495,2.313910994549086,0.06763519922687788
1.5000000000000002,-3.4812410014978132,132.94433841136694,756.3436164734964,-0.1745,43.667220653112025,-8.729126103676569,0.165,2.313910994549086,0.06763519922687788
1.6000000000000003,-3.5128179168926583,137.3155749805119,755.4649322593144,-0.1745,43.757510729787136,-8.84455817996243,0.165,2.313910994549086,0.06763519922687788
1.7000000000000004,-3.535405175934636,141.6976079674427,754.5756594874557,-0.1745,43.88314900882894,-8.940897257212363,0.495,2.313910994549086,0.06763519922687788
1.8000000000000005,-3.551190185676206,146.09069376836794,753.6780711529141,-0.1745,43.978567009675764,-9.010869433619831,0.165,2.313910994549086,0.06763519922687788
1.9000000000000006,-3.561673769553452,150.4934037839395,752.7742382917323,-0.1745,44.07563330175522,-9.065787790016037,0.165,2.313910994549086,0.06763519922687788
2.0000000000000004,-3.568032508587123,154.90588321214202,751.8655031343294,-0.1745,44.17395526229489,-9.108915358043593,0.165,2.313910994549086,0.06763519922687788
2.1000000000000005,-3.571187801226481,159.32824231260477,750.9529164108374,-0.1745,44.27322674696026,-9.142819111797065,0.165,2.313910994549086,0.06763519922687788
2.2000000000000006,-3.571860492549679,163.76056408199946,750.0372996628105,-0.1745,44.37320864093329,-9.169515848740298,0.165,2.313910994549086,0.06763519922687788
2.3000000000000007,-3.570614001372726,168.2029102109605,749.1192944566992,-0.1745,44.473713938287446,-9.19058827348511,0.165,2.313910994549086,0.06763519922687788
2.400000000000001,-3.567888308656442,172.65532571955015,748.1994011869481,-0.1745,44.574596233505204,-9.207277121538514,0.165,2.313910994549086,0.06763519922687788
2.500000000000001,-3.564026704080998,177.11784257157154,747.2780096258458,-0.1745,44.67574080692278,-9.220554100507488,0.165,2.313910994549086,0.06763519922687788
2.600000000000001,-3.55929680653289,181.5904824967471,746.3554229443316,-0.1745,44.77705769658793,-9.231179529776533,0.165,2.313910994549086,0.06763519922687788
2.700000000000001,-3.5539070653879485,186.0732591965953,745.431876577254,-0.1745,44.87847630037663,-9.239747811776313,0.165,2.313910994549086,0.06763519922687788
2.800000000000001,-3.548019700752966,190.56618006974227,744.507553024105,-0.1745,44.979941162563,-9.246723251202331,0.165,2.313910994549086,0.06763519922687788
2.9000000000000012,-3.5417608415376374,195.06924756189937,743.582593449811,-0.1745,45.08140868057916,-9.25246823467851,0.165,2.313910994549086,0.06763519922687788
3.0000000000000013,-3.53522846118166,199.58246022236264,742.6571067693361,-0.1745,45.18284452868604,-9.2572653748197,0.165,2.313910994549086,0.06763519922687788
3.1000000000000014,-3.5284985843416723,204.10581353086502,741.7311767559255,-0.1745,45.2842216413617,-9.261334893392988,0.165,2.313910994549086,0.06763519922687788
3.2000000000000015,-3.5216301374624153,208.63930054465047,740.8048675985455,-0.1745,45.385518634346965,-9.264848254208733,0.165,2.313910994549086,0.06763519922687788
3.3000000000000016,-3.514668736689134,213.18291240478118,739.8782282435644,-0.1745,45.48671856826698,-9.267938845412155,0.165,2.313910994549086,0.06763519922687788
3.4000000000000017,-3.5076496437821607,217.73663873222378,738.9512957841513,-0.1745,45.587807980585104,-9.270710342850446,0.165,2.313910994549086,0.06763519922687788
3.5000000000000018,-3.5006000711500516,222.30046793764382,738.0240981043709,-0.1745,45.68877612781567,-9.273243252758256,0.165,2.313910994549086,0.06763519922687788
3.600000000000002,-3.3868603380788374,226.8743874636603,737.0966559404202,-0.1745,45.78961439251398,-9.275600026255152,0.165,2.313910994549086,0.06763519922687788
3.700000000000002,-3.4045119446709657,231.4599051635259,736.1814100566553,-0.1495,45.92073960479812,-9.029317649042314,0.495,2.313910994549086,0.06763519922687788
3.800000000000002,-3.416499614600714,236.05665774282244,735.2755126740228,-0.1745,46.01431198113296,-9.088630003608237,0.165,2.313910994549086,0.06763519922687788
3.900000000000002,-3.424129549680017,240.6628402122328,734.3643396194697,-0.1745,46.109337407074264,-9.13483108745404,0.165,2.313910994549086,0.06763519922687788
4.000000000000002,-3.428412486599518,245.27857937935056,733.4490532949338,-0.1745,46.20544593528084,-9.1708954032627,0.165,2.313910994549086,0.06763519922687788
4.100000000000001,-3.4301297650228024,249.903969291225,732.5305519479032,-0.1745,46.302352302208135,-9.199131537351327,0.165,2.313910994549086,0.06763519922687788
4.200000000000001,-3.4298848373211897,254.5390787194742,731.6095289104712,-0.1745,46.399836262775594,-9.221329211287033,0.165,2.313910994549086,0.06763519922687788
4.300000000000001,-3.428143360776233,259.18395691298036,730.6865187264518,-0.1745,46.49772760734824,-9.238874469100912,0.165,2.313910994549086,0.06763519922687788
4.4,-3.4252643581107165,263.83863802815233,729.7619330176105,-0.1745,46.595894696090795,-9.252839707724226,0.165,2.313910994549086,0.06763519922687788
4.5,-3.42152440567651,268.5031445457352,728.8360883365358,-0.1745,46.694235655566786,-9.264053913771539,0.165,2.313910994549086,0.06763519922687788
4.6,-3.417136388453274,273.17748990863936,727.9092277723122,-0.1745,46.79267160251647,-9.273157370701414,0.165,2.313910994549086,0.06763519922687788
4.699999999999999,-3.41226402764641,277.86168055969193,726.9815376932378,-0.1745,46.89114141853511,-9.280644210787509,0.165,2.313910994549086,0.06763519922687788
4.799999999999999,-3.4070331233881808,282.5557175163974,726.0531607090911,-0.1745,46.98959771557451,-9.28689547214587,0.165,2.313910994549086,0.06763519922687788
4.899999999999999,-3.4015402478674925,287.25959758809,725.1242056979105,-0.1745,47.08800371827714,-9.292204751466372,0.165,2.313910994549086,0.06763519922687788
4.999999999999998,-3.395859461664357,291.9733143166836,724.1947555557764,-0.1745,47.186330853594946,-9.296798091215756,0.165,2.313910994549086,0.06763519922687788
5.099999999999998,-3.3900474988368767,296.69685870370347,723.26487318206,-0.1745,47.2845568868015,-9.300849383112228,0.165,2.313910994549086,0.06763519922687788
5.1999999999999975,-3.384147766924703,301.43021977204353,722.3346060984719,-0.1745,47.382664479999804,-9.304492288650204,0.165,2.313910994549086,0.06763519922687788
5.299999999999997,-3.378193430529227,306.17338499991894,721.4039900111974,-0.1745,47.48064007750825,-9.307829456839524,0.165,2.313910994549086,0.06763519922687788
5.399999999999997,-3.372209786776943,310.9263406560053,720.473051556029,-0.1745,47.578473044218974,-9.310939646529855,0.165,2.313910994549086,0.06763519922687788
5.4999999999999964,-3.366216094032082,315.6890720582035,719.5418104124219,-0.1745,47.676154999744995,-9.313883225612107,0.165,2.313910994549086,0.06763519922687788
5.599999999999996,-3.3602269787573205,320.46156377339486,718.6102809304431,-0.1745,47.77367930408214,-9.316706413963956,0.165,2.313910994549086,0.06763519922687788
5.699999999999996,-3.354253517118539,325.24379977162374,717.6784733820028,-0.1745,47.87104066049543,-9.31944455484099,0.165,2.313910994549086,0.06763519922687788
5.799999999999995,-3.348304065983791,330.035763545102,716.746394922488,-0.1745,47.96823480906909,-9.322124635455276,0.165,2.313910994549086,0.06763519922687788
5.899999999999995,-3.342384900964324,334.8374382000728,715.8140503293278,-0.1745,48.06525829034794,-9.324767227749655,0.165,2.313910994549086,0.06763519922687788
5.999999999999995,-3.3365007059840095,339.64880652774724,714.8814425688531,-0.1745,48.16210826314027,-9.327387981742714,0.165,2.313910994549086,0.06763519922687788
6.099999999999994,-3.3306549486828683,344.46985105911176,713.9485732310742,-0.1745,48.25878236415042,-9.329998773836094,0.165,2.313910994549086,0.06763519922687788
6.199999999999994,-3.324850168091515,349.30055410731427,713.0154428629211,-0.1745,48.35527859989937,-9.332608589225577,0.165,2.313910994549086,0.06763519922687788
6.299999999999994,-3.3190881949354782,354.1408978004869,712.0820512234826,-0.1745,48.451595263553294,-9.335224199542859,0.165,2.313910994549086,0.06763519922687788
6.399999999999993,-3.313370320237448,358.99086410721236,711.14839747936,-0.1745,48.547730870955505,-9.337850682907753,0.165,2.313910994549086,0.06763519922687788
6.499999999999993,-3.307697424267268,363.85043485633287,710.2144803540756,-0.1745,48.64368411145441,-9.34049182278063,0.165,2.313910994549086,0.06763519922687788
6.5999999999999925,-3.302070075100827,368.7195917524118,709.2802982422534,-0.1745,48.73945381012451,-9.343150413663349,0.165,2.313910994549086,0.06763519922687788
6.699999999999992,-3.296488603900925,373.5983163878558,708.3458492968075,-0.1745,48.835038898754476,-9.345828495253002,0.165,2.313910994549086,0.06763519922687788
6.799999999999992,-3.2909531623798727,378.4865902524724,707.411131495461,-0.1745,48.930438393577404,-9.348527531678066,0.165,2.313910994549086,0.06763519922687788
6.8999999999999915,-3.2854637666317403,383.3843947410604,706.4761426914466,-0.1745,49.02565137818248,-9.351248548608863,0.165,2.313910994549086,0.06763519922687788
6.999999999999991,-3.2800203305445628,388.29171115948986,705.5408806521124,-0.1745,49.12067699040617,-9.353992238075643,0.165,2.313910994549086,0.06763519922687788
7.099999999999991,-3.274622691251789,393.20852072962407,704.6053430882812,-0.1745,49.215514412277756,-9.356759038548256,0.165,2.313910994549086,0.06763519922687788
7.19999999999999,-3.2692706285057134,398.13480459335335,703.6695276765499,-0.1745,49.31016286230772,-9.359549196076635,0.165,2.313910994549086,0.06763519922687788
7.29999999999999,-3.2639638794133363,403.07054381594736,702.733432076199,-0.1745,49.40462158957193,-9.362362810941168,0.165,2.313910994549086,0.06763519922687788
7.39999999999999,-3.2585428978297126,408.0157193888845,701.7970539419908,-0.1745,49.49888986917152,-9.365199873224066,0.165,2.313910994549086,0.06763519922687788
7.499999999999989,-3.2528727468196306,412.9719371745057,700.8601044678421,-0.1745,49.62546584325198,-9.373789609750455,0.495,2.313910994549086,0.06763519922687788
7.599999999999989,-3.2473631603016964,417.9391821684422,699.9226394303691,-0.1745,49.71943403547816,-9.375511139708548,0.165,2.313910994549086,0.06763519922687788
7.699999999999989,-3.2419850839545945,422.9158124945496,698.984986654336,-0.1745,49.813172486669856,-9.377544380953983,0.165,2.313910994549086,0.06763519922687788
7.799999999999988,-3.2367165011428094,427.90180559853655,698.0471185244667,-0.1745,49.9066895930698,-9.379818216433517,0.165,2.313910994549086,0.06763519922687788
7.899999999999988,-3.231540716626915,432.8971396567692,697.1090136737685,-0.1745,49.99999157158254,-9.382278797529608,0.165,2.313910994549086,0.06763519922687788
7.999999999999988,-3.226445056585386,437.9017933847445,696.1706554660858,-0.1745,50.09308298792402,-9.38488535612325,0.165,2.313910994549086,0.06763519922687788
8.099999999999987,-3.2214198845619513,442.91574589205476,695.2320308469583,-0.1745,50.18596715828094,-9.387607026425849,0.165,2.313910994549086,0.06763519922687788
8.199999999999987,-3.2164578570148517,447.9389765726957,694.2931294739085,-0.1745,50.278646454537814,-9.390420434569613,0.165,2.313910994549086,0.06763519922687788
8.299999999999986,-3.211553360472814,452.97146502222506,693.3539430585998,-0.1745,50.371122536049604,-9.393307871604321,0.165,2.313910994549086,0.06763519922687788
8.399999999999986,-3.2067020862557323,458.0131909753029,692.4144648695423,-0.1745,50.46339652550753,-9.39625590954769,0.165,2.313910994549086,0.06763519922687788
8.499999999999986,-3.2019007093345393,463.0641342586926,691.47468935638,-0.1745,50.555469142286334,-9.399254353696476,0.165,2.313910994549086,0.06763519922687788
8.599999999999985,-3.197146645977622,468.1242747559809,690.5346118661957,-0.1745,50.64734080347897,-9.402295449989017,0.165,2.313910994549086,0.06763519922687788
8.699999999999985,-3.192437870966149,473.1935923811744,689.5942284294111,-0.1745,50.73901170039241,-9.4053732857023,0.165,2.313910994549086,0.06763519922687788
8.799999999999985,-3.1877727798202082,478.2720670590151,688.6535355982955,-0.1745,50.83048185642125,-9.408483336609038,0.165,2.313910994549086,0.06763519922687788
8.899999999999984,-3.1831500850143044,483.3596787103761,687.7125303252143,-0.1745,50.92175117079883,-9.411622125015565,0.165,2.313910994549086,0.06763519922687788
8.999999999999984,-3.1785687378434764,488.4564072414983,686.7712098708789,-0.1745,51.012819451645605,-9.414786961691632,0.165,2.313910994549086,0.06763519922687788
9.099999999999984,-3.174027869635002,493.5622325361262,685.8295717352327,-0.1745,51.103686440911964,-9.417975751232426,0.165,2.313910994549086,0.06763519922687788
9.199999999999983,-3.1695267475413695,498.6771344498311,684.8876136054034,-0.1745,51.194351833186374,-9.42118684535263,0.165,2.313910994549086,0.06763519922687788
9.299999999999983,-3.1650647413166433,503.8010928059836,683.9453333165169,-0.1745,51.28481528986378,-9.424418932377066,0.165,2.313910994549086,0.06763519922687788
9.399999999999983,-3.160641298361009,508.9340873929672,683.0027288221956,-0.1745,51.37507644980706,-9.427670954048438,0.165,2.313910994549086,0.06763519922687788
9.499999999999982,-3.1562559249855915,514.0760979623255,682.0597981723463,-0.1745,51.46513493735967,-9.430942042937975,0.165,2.313910994549086,0.06763519922687788
9.599999999999982,-3.1519081723540223,519.2271042276114,681.1165394964302,-0.1745,51.55499036835882,-9.434231475385198,0.165,2.313910994549086,0.06763519922687788
9.699999999999982,-3.1475976259380403,524.3870858637614,680.1729509908541,-0.1745,51.64464235464043,-9.437538636135175,0.165,2.313910994549086,0.06763519922687788
9.799999999999981,-3.1433238976118485,529.5560225068638,679.2290309094583,-0.1745,51.73409050740719,-9.440862991781461,0.165,2.313910994549086,0.06763519922687788
9.89999999999998,-3.1390866197267715,534.7338937542212,678.2847775563275,-0.1745,51.8233344397401,-9.444204070833672,0.165,2.313910994549086,0.06763519922687788
9.99999999999998,-3.1348854406711233,539.9206791646315,677.3401892803475,-0.1745,51.91237376846537,-9.447561448765693,0.165,2.313910994549086,0.06763519922687788
10.09999999999998,-2.5864350523658137,545.1163582588315,676.3952644710689,-0.1745,52.00120811553622,-9.45093473680617,0.165,2.313910994549086,0.06763519922687788
10.19999999999998,-2.726777692890438,550.3179570288629,675.5233206024138,-0.06225,52.030767285091414,-7.987942636295878,0.8300000000000001,2.313910994549086,0.06763519922687788
10.29999999999998,-2.8299494844222983,555.5228358084241,674.7055941421473,-0.1745,52.066808306133765,-8.366586569034833,0.165,2.313910994549086,0.06763519922687788
10.399999999999979,-2.9054408093605186,560.7320139533886,673.8547997653088,-0.1745,52.116754593153864,-8.649300967734181,0.165,2.313910994549086,0.06763519922687788
10.499999999999979,-2.96034985896741,565.9466901921094,672.979315926586,-0.1745,52.176770181262995,-8.860375806723356,0.165,2.313910994549086,0.06763519922687788
10.599999999999978,-2.999975379823983,571.1677336623177,672.0853956857665,-0.1745,52.244099222902264,-9.018029009667238,0.165,2.313910994549086,0.06763519922687788
10.699999999999978,-3.0282663098037412,576.3957758653528,671.177699246133,-0.1745,52.31674483780077,-9.135899783003103,0.165,2.313910994549086,0.06763519922687788
10.799999999999978,-3.0481614592800272,581.6312756445342,670.2596951780766,-0.1745,52.39325074582722,-9.224181578122812,0.165,2.313910994549086,0.06763519922687788
10.899999999999977,-3.061845217027546,586.8745656736014,669.3339620730571,-0.1745,52.47254983551627,-9.29048052226677,0.165,2.313910994549086,0.06763519922687788
10.999999999999977,-3.0709394697303254,592.125886037509,668.4024148392573,-0.1745,52.553857442635426,-9.34046415372928,0.165,2.313910994549086,0.06763519922687788
11.099999999999977,-3.0766472933324005,597.3854086675508,667.4664741174266,-0.1745,52.63659515820024,-9.37835028288283,0.165,2.313910994549086,0.06763519922687788
11.199999999999976,-3.0798603178036084,602.6532552192879,666.5271928839398,-0.1745,52.72033587654036,-9.407274386852265,0.165,2.313910994549086,0.06763519922687788
11.299999999999976,-3.081238814088883,607.9295102056649,665.5853509114052,-0.1745,52.804763850999606,-9.429565063841082,0.165,2.313910994549086,0.06763519922687788
11.399999999999975,-3.081271349115759,613.2142306725515,664.6415251514012,-0.1745,52.88964548673339,-9.446950136238586,0.165,2.313910994549086,0.06763519922687788
11.499999999999975,-3.080319167762953,618.5074533414414,663.696142114693,-0.1745,52.97480789106635,-9.460710597924923,0.165,2.313910994549086,0.06763519922687788
11.599999999999975,-3.078649177255757,623.8091998895544,662.7495168129896,-0.1745,53.06012307119238,-9.471795436142534,0.165,2.313910994549086,0.06763519922687788
11.699999999999974,-3.076458438017802,629.1194808564383,661.801881682973,-0.1745,53.1454962664841,-9.48090716418914,0.165,2.313910994549086,0.06763519922687788
11.799999999999974,-3.0738923326674064,634.4382985357934,660.853408051438,-0.1745,53.23085732061834,-9.488565466509097,0.165,2.313910994549086,0.06763519922687788
11.899999999999974,-3.071058034487793,639.7656491165932,659.9042220525478,-0.1745,53.31615429537832,-9.495154511294828,0.165,2.313910994549086,0.06763519922687788
11.999999999999973,-3.068034484133695,645.1015242684149,658.9544164224302,-0.1745,53.401348741056175,-9.500958091055441,0.165,2.313910994549086,0.06763519922687788
12.099999999999973,-3.064865300734014,650.4459123151091,658.0040592327947,-0.1745,53.48641219282891,-9.506185701655447,0.165,2.313910994549086,0.06763519922687788
12.199999999999973,-3.061204345318402,655.8004240457378,657.0529138876226,-0.1745,53.60382241974434,-9.516721201785595,0.495,2.313910994549086,0.06763519922687788
12.299999999999972,-3.0576010243425724,661.1650472024126,656.1010743777948,-0.1745,53.688640713750694,-9.520068994771053,0.165,2.313910994549086,0.06763519922687788
12.399999999999972,-3.0540477760352425,666.5381411417504,655.1488959033273,-0.1745,53.773238073006695,-9.523500494578693,0.165,2.313910994549086,0.06763519922687788
12.499999999999972,-3.050538978539612,671.9196838915191,654.1963710799097,-0.1745,53.85761692236647,-9.52699597377383,0.165,2.313910994549086,0.06763519922687788
12.599999999999971,-3.0470704384478298,677.3096536877463,653.243494238633,-0.1745,53.94177900217833,-9.530540851758861,0.165,2.313910994549086,0.06763519922687788
12.69999999999997,-3.0436390137336526,682.7080289153342,652.2902609789035,-0.1745,54.02572554958083,-9.534124342831884,0.165,2.313910994549086,0.06763519922687788
12.79999999999997,-3.0402423359287303,688.1147880644393,651.3366678388682,-0.1745,54.10945743251956,-9.537738457874953,0.165,2.313910994549086,0.06763519922687788
12.89999999999997,-3.0368838019257183,693.5299096985026,650.382712052594,-0.1745,54.19297524874766,-9.541377267607215,0.165,2.313910994549086,0.06763519922687788
12.99999999999997,-3.0331393511477502,698.9549973731107,649.4281049052623,-0.1745,54.30877824341514,-9.550765679026831,0.495,2.313910994549086,0.06763519922687788
13.09999999999997,-3.0295400120843103,704.3900334006096,648.4729020503412,-0.1745,54.39194230656347,-9.55329141939573,0.165,2.313910994549086,0.06763519922687788
13.199999999999969,-3.026053988556623,709.8333730452716,647.517430336495,-0.1745,54.474850586676666,-9.556142857529553,0.165,2.313910994549086,0.06763519922687788
13.299999999999969,-3.0226579669375857,715.2849913019332,646.5616614695697,-0.1745,54.55751454655656,-9.559234480975809,0.165,2.313910994549086,0.06763519922687788
13.399999999999968,-3.019334847067678,720.7448641572879,645.6055745654552,-0.1745,54.639942560536795,-9.562503601314267,0.165,2.313910994549086,0.06763519922687788
13.499999999999968,-3.016072077723147,726.2129683221352,644.6491541717083,-0.1745,54.72214073640883,-9.56590427362189,0.165,2.313910994549086,0.06763519922687788
13.599999999999968,-3.01286043625584,731.6892810349641,643.6923888165769,-0.1745,54.80411352016877,-9.569402829006394,0.165,2.313910994549086,0.06763519922687788
13.699999999999967,-2.4330661122017503,737.1737799180054,642.7352699454194,-0.1745,54.885864140656935,-9.572974594144192,0.165,2.313910994549086,0.06763519922687788
13.799999999999967,-2.5909760277348832,742.6620899862639,641.8596717309948,-0.06225,54.880337224513696,-7.938989694346864,0.495,2.313910994549086,0.06763519922687788
13.899999999999967,-2.705231788259524,748.151009862608,641.0435598733121,-0.1745,54.898060302366936,-8.383247459307245,0.165,2.313910994549086,0.06763519922687788
13.999999999999966,-2.2110001679253544,753.642597133931,640.1889626567445,-0.1745,54.9336851240919,-8.708696872045635,0.165,2.313910994549086,0.06763519922687788
14.099999999999966,-2.4301832343505056,759.1344352699451,639.3876854674896,-0.06225,54.90307759619037,-7.316846913050459,0.165,2.313910994549086,0.06763519922687788
14.199999999999966,-2.5892746637983413,764.6243194247412,638.6254587591407,-0.1745,54.89460549973073,-7.9276872539280605,0.165,2.313910994549086,0.06763519922687788
14.299999999999965,-2.704384354694751,770.1146384749397,637.8103114384207,-0.1745,54.9117755042404,-8.375259160470943,0.165,2.313910994549086,0.06763519922687788
14.399999999999965,-2.787355998876184,775.6075773781573,636.9563932175556,-0.1745,54.94700256011179,-8.70310525683161,0.165,2.313910994549086,0.06763519922687788
14.499999999999964,-2.8468781558550265,781.1046791708945,636.0740746281693,-0.1745,54.99503329463357,-8.943266530892961,0.165,2.313910994549086,0.06763519922687788
14.599999999999964,-2.8893127253523323,786.6070398489416,635.1709465367858,-0.1745,55.05218026630639,-9.119295296779233,0.165,2.313910994549086,0.06763519922687788
14.699999999999964,-2.9193104401418584,792.115440319212,634.2525579017407,-0.1745,55.1158291391021,-9.248477404121564,0.165,2.313910994549086,0.06763519922687788
14.799999999999963,-2.940266423770976,797.6304374071825,633.3229600699475,-0.1745,55.18411262030762,-9.343479231742116,0.165,2.313910994549086,0.06763519922687788
14.899999999999963,-2.9546562448870386,803.1524275275812,632.3851076891514,-0.1745,55.255689787664075,-9.413568384180353,0.165,2.313910994549086,0.06763519922687788
14.999999999999963,-2.964283115351431,808.6816917166043,631.441153435033,-0.1745,55.32959399279773,-9.465516698187065,0.165,2.313910994549086,0.06763519922687788
15.099999999999962,-2.970459301735274,814.2184277419137,630.4926642705924,-0.1745,55.40512651339017,-9.504266590624344,0.165,2.313910994549086,0.06763519922687788
15.199999999999962,-2.9741390026805092,819.7627731358816,629.5407798620951,-0.1745,55.4817813659674,-9.533421579322816,0.165,2.313910994549086,0.06763519922687788
15.299999999999962,-2.9760155229364345,825.3148217893514,628.5863284535465,-0.1745,55.55919170342839,-9.555606591648795,0.165,2.313910994549086,0.06763519922687788
15.399999999999961,-2.9765922435892156,830.8746359427324,627.6299115171246,-0.1745,55.637091364192635,-9.572732136788197,0.165,2.313910994549086,0.06763519922687788
15.499999999999961,-2.976234396478109,836.4422548692683,626.671965525806,-0.1745,55.7152871665246,-9.586187689584548,0.165,2.313910994549086,0.06763519922687788
15.59999999999996,-2.9752067981133075,842.0177011716924,625.7128069879665,-0.1745,55.793638881957,-9.596983067206008,0.165,2.313910994549086,0.06763519922687788
15.69999999999996,-2.973701326989089,847.6009853521807,624.7526652512098,-0.1745,55.87204472781073,-9.605851667926723,0.165,2.313910994549086,0.06763519922687788
15.79999999999996,-2.971856916571676,853.1921091307019,623.7917063785246,-0.1745,55.95043084261126,-9.613325785777622,0.165,2.313910994549086,0.06763519922687788
15.89999999999996,-2.9697740920799176,858.7910678550353,622.8300505139392,-0.1745,56.02874364405666,-9.619791505931298,0.165,2.313910994549086,0.06763519922687788
15.99999999999996,-2.377652751303803,864.3978522511017,621.8677845043834,-0.1745,56.10694427726994,-9.625528685185346,0.165,2.313910994549086,0.06763519922687788
16.09999999999996,-2.543636276162127,870.0065830284927,620.9906759039205,-0.06225,56.067671270551976,-7.9166433240721,0.165,2.313910994549086,0.06763519922687788
16.19999999999996,-2.6629013135129447,875.6138103797397,620.1752533401914,-0.1745,56.07687575438573,-8.391807950510682,0.165,2.313910994549086,0.06763519922687788
16.29999999999996,-2.7482989199195593,881.222951266286,619.3188091558379,-0.1745,56.1059419765419,-8.737075736557673,0.165,2.313910994549086,0.06763519922687788
16.399999999999963,-2.809180346032468,886.8356968576336,618.432556178943,-0.1745,56.1489698504096,-8.987983801341386,0.165,2.313910994549086,0.06763519922687788
16.499999999999964,-2.8523375041360115,892.4532382008756,617.5246352432562,-0.1745,56.20185701443047,-9.170434912394754,0.165,2.313910994549086,0.06763519922687788
16.599999999999966,-2.8826955533312226,898.0764170856302,616.6009493742782,-0.1745,56.261720680661135,-9.303282467163532,0.165,2.313910994549086,0.06763519922687788
16.699999999999967,-2.9038211241794527,903.7058290827318,615.6657738547854,-0.1745,56.32651926137156,-9.400227922693253,0.165,2.313910994549086,0.06763519922687788
16.79999999999997,-2.9182940496614918,909.3418949838743,614.7222017442517,-0.1745,56.394798761478235,-9.471214287980477,0.165,2.313910994549086,0.06763519922687788
16.89999999999997,-2.332124380344995,914.984910898238,613.7724686385526,-0.1745,56.46551952579583,-9.523447826001934,0.165,2.313910994549086,0.06763519922687788
16.99999999999997,-2.5086390415455706,920.6328632013045,612.90470925559,-0.06225,56.49352653553382,-7.831739833250022,0.8300000000000001,2.313910994549086,0.06763519922687788
17.099999999999973,-2.6352009655065496,926.2823517111959,612.0961430899689,-0.1745,56.4962436622939,-8.33958347917041,0.165,2.313910994549086,0.06763519922687788
17.199999999999974,-2.7256480653948687,931.9331923284532,611.2437879979078,-0.1745,56.5205686828513,-8.707518362052475,0.165,2.313910994549086,0.06763519922687788
17.299999999999976,-2.790022689512405,937.5872218258421,610.3597067967662,-0.1745,56.56002126492794,-8.974105660780667,0.165,2.313910994549086,0.06763519922687788
17.399999999999977,-2.8355989708991007,943.2457288477365,609.4526329857755,-0.1745,56.61011917295899,-9.167370559033063,0.165,2.313910994549086,0.06763519922687788
17.49999999999998,-2.867637341911503,948.9096211560824,608.5288817695825,-0.1745,56.667726993960024,-9.3076537648269,0.165,2.313910994549086,0.06763519922687788
17.59999999999998,-2.8899367354229355,954.5795391668636,607.5930142653455,-0.1745,56.730633221663645,-9.40969631991546,0.165,2.313910994549086,0.06763519922687788
17.69999999999998,-2.905237402998245,960.2559342610725,606.6483211614553,-0.1745,56.79726866251614,-9.484165757887277,0.165,2.313910994549086,0.06763519922687788
17.799999999999983,-2.915513939448978,965.9391234516869,605.6971742844323,-0.1745,56.86651514977045,-9.538771782573164,0.165,2.313910994549086,0.06763519922687788
17.899999999999984,-2.9221879457181847,971.6293278869898,604.7412816920515,-0.1745,56.937573556287475,-9.579080065041804,0.165,2.313910994549086,0.06763519922687788
17.999999999999986,-2.791319403685621,977.326700146273,603.7818724646784,-0.1745,57.00987162937551,-9.609104482421927,0.165,2.313910994549086,0.06763519922687788
18.099999999999987,-2.832069812625862,983.0339097709973,602.8391995229439,-0.1495,57.13432086511118,-9.244354352268031,0.495,2.313910994549086,0.06763519922687788
18.19999999999999,-2.8605666674510073,988.7502377456901,601.908396898395,-0.1745,57.19223862874509,-9.371698138709611,0.165,2.313910994549086,0.06763519922687788
18.29999999999999,-2.27698688183057,994.4725990566311,600.9666071635315,-0.1745,57.25498759007537,-9.464096558559971,0.165,2.313910994549086,0.06763519922687788
18.39999999999999,-1.2774208454405422,1000.1961941720998,600.1059568150143,-0.06225,57.21691471929863,-7.748910411784456,0.165,2.313910994549086,0.06763519922687788
18.499999999999993,-1.1221431067314358,1005.8920343472101,599.478052724787,0.04999999999999999,56.69988878290819,-4.809171392763432,0.495,2.3766537125402554,0.4088926809483834
18.599999999999994,-1.6048385457727616,1011.5608602701064,599.01941355215,-0.06225,56.67662967501731,-4.363612059974204,0.165,2.3766537125402554,0.4088926809483834
18.699999999999996,-1.9540737346001182,1017.2212110278474,598.514890689793,-0.1745,56.53038547980202,-5.726845187166039,0.165,2.3766537125402554,0.4088926809483834
18.799999999999997,-2.2061741804694455,1022.8703883063453,597.8927596497166,-0.1745,56.45316009015494,-6.715775614362698,0.165,2.3766537125402554,0.4088926809483834
18.9,-2.3877064277269042,1028.5141679641094,597.1853039184226,-0.1745,56.422433065128395,-7.433339011515702,0.165,2.3766537125402554,0.4088926809483834
19.0,-2.518066403362921,1034.1564692665036,596.415944296943,-0.1745,56.42359298275527,-7.9538534180755365,0.165,2.3766537125402554,0.4088926809483834
19.1,-2.611382627031774,1039.7999936699912,595.6016852772535,-0.1745,56.44689508699481,-8.331326975715843,0.165,2.3766537125402554,0.4088926809483834
19.200000000000003,-2.6779235575825675,1045.4466236426897,594.7548652582285,-0.1745,56.48570436697498,-8.605073404783544,0.165,2.3766537125402554,0.4088926809483834
19.300000000000004,-2.7251372123987,1051.0976804835298,593.884426793743,-0.1745,56.53543244982736,-8.803695884924776,0.165,2.3766537125402554,0.4088926809483834
19.400000000000006,-2.758416558192166,1056.754095577164,592.9968431139717,-0.1745,56.59286942285743,-8.947977710501958,0.165,2.3766537125402554,0.4088926809483834
19.500000000000007,-2.7816608544133254,1062.4165265769,592.0967943626762,-0.1745,56.65575057186447,-9.05299731540943,0.165,2.3766537125402554,0.4088926809483834
19.60000000000001,-2.7976858923874537,1068.0854375159636,591.1876605840962,-0.1745,56.72246820940879,-9.129678256189168,0.165,2.3766537125402554,0.4088926809483834
19.70000000000001,-2.8085229017001394,1073.7611547294891,590.271880486594,-0.1745,56.791876061102116,-9.185923693854628,0.165,2.3766537125402554,0.4088926809483834
19.80000000000001,-2.8156357974605255,1079.4439062497554,589.3512120551865,-0.1745,56.863154344223794,-9.227444934294976,0.165,2.3766537125402554,0.4088926809483834
19.900000000000013,-2.8200787582913343,1085.1338497450877,588.4269215519183,-0.1745,56.93571556242206,-9.258365131067626,0.165,2.3766537125402554,0.4088926809483834
20.000000000000014,-2.822610335673348,1090.8310924293623,587.4999203836732,-0.1745,57.009138123073356,-9.281658233835547,0.165,2.3766537125402554,0.4088926809483834
20.100000000000016,-2.82377597352387,1096.5357052977006,586.5708640938357,-0.1745,57.08311924369112,-9.299467562914263,0.165,2.3766537125402554,0.4088926809483834
20.200000000000017,-2.823967615290672,1102.2477333288793,585.6402238824834,-0.1745,57.157441379885924,-9.313336664130361,0.165,2.3766537125402554,0.4088926809483834
20.30000000000002,-2.8234667184393536,1107.967202808401,584.7083382302632,-0.1745,57.23194821054767,-9.324376380273815,0.165,2.3766537125402554,0.4088926809483834
20.40000000000002,-2.8224752685738883,1113.694126589886,583.7754501298408,-0.1745,57.30652741915519,-9.33338562817302,0.165,2.3766537125402554,0.4088926809483834
20.50000000000002,-2.821138123913541,1119.4285078772812,582.8417339171543,-0.1745,57.38109832874764,-9.340938625555832,0.165,2.3766537125402554,0.4088926809483834
20.600000000000023,-2.8195591022782036,1125.1703429444074,581.9073145941703,-0.1745,57.45560301377687,-9.347447834124269,0.165,2.3766537125402554,0.4088926809483834
20.700000000000024,-2.81781255534391,1130.9196230904813,580.9722817352297,-0.1745,57.52999990770343,-9.353209344688459,0.165,2.3766537125402554,0.4088926809483834
20.800000000000026,-2.8159516908793236,1136.676336046089,580.0366994890392,-0.1745,57.60425920445123,-9.358435579121538,0.165,2.3766537125402554,0.4088926809483834
20.900000000000027,-2.8140145530914804,1142.440466983825,579.1006137681825,-0.1745,57.67835955026891,-9.363278838011183,0.165,2.3766537125402554,0.4088926809483834
21.00000000000003,-2.8120283175901473,1148.2119992445503,578.1640574139836,-0.1745,57.75228566423481,-9.367848245965567,0.165,2.3766537125402554,0.4088926809483834
21.10000000000003,-2.8100123741893275,1153.99091485912,577.227053904765,-0.1745,57.826026627161724,-9.37222193840764,0.165,2.3766537125402554,0.4088926809483834
21.20000000000003,-2.8079805384150824,1159.7771949230564,576.2896200167949,-0.1745,57.89957465156375,-9.376455820995027,0.165,2.3766537125402554,0.4088926809483834
21.300000000000033,-2.8059426370974156,1165.570819865524,575.3517677326469,-0.1745,57.97292419778771,-9.38058986196556,0.165,2.3766537125402554,0.4088926809483834
21.400000000000034,-2.8039056445752046,1171.3717696423716,574.413505609063,-0.1745,58.04607133916514,-9.384652609710898,0.165,2.3766537125402554,0.4088926809483834
21.500000000000036,-2.8018744964367697,1177.1800238746418,573.4748397568598,-0.1745,58.11901330623667,-9.388664434354226,0.165,2.3766537125402554,0.4088926809483834
21.600000000000037,-2.7998526719992416,1182.9955619479383,572.5357745425191,-0.1745,58.19174815969441,-9.39263985245862,0.165,2.3766537125402554,0.4088926809483834
21.70000000000004,-2.797842611025666,1188.8183630837134,571.5963130902318,-0.1745,58.26427455580516,-9.396589193288378,0.165,2.3766537125402554,0.4088926809483834
21.80000000000004,-2.7958460116924657,1194.648406390416,570.6564576409437,-0.1745,58.33659157824681,-9.400519792472009,0.165,2.3766537125402554,0.4088926809483834
21.90000000000004,-2.7938640435324364,1200.4856709002092,569.7162098089877,-0.1745,58.408698617614384,-9.40443684664647,0.165,2.3766537125402554,0.4088926809483834
22.000000000000043,-2.7918974995332095,1206.330135595346,568.7755707654035,-0.1745,58.48059528512424,-9.408344025039348,0.165,2.3766537125402554,0.4088926809483834
22.100000000000044,-2.7899469047179566,1212.1817794271442,567.8345413688074,-0.1745,58.55228135083947,-9.412243906880889,0.165,2.3766537125402554,0.4088926809483834
22.200000000000045,-2.7880125936175935,1218.0405813296595,566.8931222587594,-0.1745,58.62375669946849,-9.416138294079202,0.165,2.3766537125402554,0.4088926809483834
22.300000000000047,-2.786094765517042,1223.9065202295706,565.951313922325,-0.1745,58.695021298750724,-9.420028434609959,0.165,2.3766537125402554,0.4088926809483834
22.40000000000005,-2.7841935238302455,1229.7795750533508,565.0091167414929,-0.1745,58.766075176853505,-9.423915182030743,0.165,2.3766537125402554,0.4088926809483834
22.50000000000005,-2.7823089041477918,1235.6597247325042,564.0665310269252,-0.1745,58.83691840621638,-9.42779910932314,0.165,2.3766537125402554,0.4088926809483834
22.60000000000005,-2.780440894204342,1241.5469482074152,563.1235570419542,-0.1745,58.90755109200637,-9.431680590095654,0.165,2.3766537125402554,0.4088926809483834
22.700000000000053,-2.778589448085289,1247.4412244302089,562.1801950196257,-0.1745,58.977973363868884,-9.435559856473848,0.165,2.3766537125402554,0.4088926809483834
22.800000000000054,-2.7767544963284108,1253.342532366904,561.2364451747845,-0.1745,59.0481853700329,-9.439437040347997,0.165,2.3766537125402554,0.4088926809483834
22.900000000000055,-2.774935953101949,1259.2508509990605,560.2923077126298,-0.1745,59.11818727309726,-9.4433122027464,0.165,2.3766537125402554,0.4088926809483834
23.000000000000057,-2.7731337213016047,1265.1661593250662,559.3477828347554,-0.1745,59.18797924701662,-9.447185354740826,0.165,2.3766537125402554,0.4088926809483834
23.10000000000006,-2.7713476961669654,1271.0884363611642,558.4028707434026,-0.1745,59.25756147494301,-9.451056472316564,0.165,2.3766537125402554,0.4088926809483834
23.20000000000006,-2.769577767845122,1277.0176611422953,557.4575716444396,-0.1745,59.32693414767758,-9.45492550694306,0.165,2.3766537125402554,0.4088926809483834
23.30000000000006,-2.7678238232060797,1282.953812722807,556.5118857494382,-0.1745,59.39609746255696,-9.458792393083405,0.165,2.3766537125402554,0.4088926809483834
23.400000000000063,-2.7660857471266986,1288.8968701770673,555.5658132771077,-0.1745,59.46505162264935,-9.462657053525469,0.165,2.3766537125402554,0.4088926809483834
23.500000000000064,-2.7643634233973398,1294.8468126000082,554.6193544542733,-0.1745,59.533796836170986,-9.466519403163685,0.165,2.3766537125402554,0.4088926809483834
23.600000000000065,-2.762656735360794,1300.8036191076196,553.6725095165311,-0.1745,59.60233331605958,-9.470379351679476,0.165,2.3766537125402554,0.4088926809483834
23.700000000000067,-2.7609655663613815,1306.7672688374055,552.7252787086752,-0.1745,59.670661279659335,-9.474236805439142,0.165,2.3766537125402554,0.4088926809483834
23.800000000000068,-2.759289800059502,1312.7377409488126,551.7776622849615,-0.1745,59.73878094848541,-9.478091668836097,0.165,2.3766537125402554,0.4088926809483834
23.90000000000007,-2.7576293206509037,1318.7150146236393,550.8296605092578,-0.1745,59.80669254804485,-9.48194384523869,0.165,2.3766537125402554,0.4088926809483834
24.00000000000007,-2.7559840130184847,1324.6990690664263,549.881273655113,-0.1745,59.87439630769766,-9.485793237658292,0.165,2.3766537125402554,0.4088926809483834
24.100000000000072,-2.754353762836405,1330.6898835048385,548.9325020057692,-0.1745,59.94189246054652,-9.489639749219023,0.165,2.3766537125402554,0.4088926809483834
24.200000000000074,-2.752738456640471,1336.687437190033,547.9833458541339,-0.1745,60.009181243346795,-9.493483283486947,0.165,2.3766537125402554,0.4088926809483834
24.300000000000075,-2.751137981874718,1342.691709397022,547.0338055027245,-0.1745,60.07626289643108,-9.497323744699733,0.165,2.3766537125402554,0.4088926809483834
24.400000000000077,-2.7495522269211943,1348.7026794250257,546.0838812635932,-0.1745,60.14313766364409,-9.501161037925879,0.165,2.3766537125402554,0.4088926809483834
24.500000000000078,-2.7479810811179273,1354.7203265978221,545.1335734582382,-0.1745,60.20980579228496,-9.504995069174113,0.165,2.3766537125402554,0.4088926809483834
24.60000000000008,-2.7464244347685565,1360.7446302640892,544.1828824175061,-0.1745,60.276267533054884,-9.508825745467565,0.165,2.3766537125402554,0.4088926809483834
24.70000000000008,-2.7448821791461464,1366.7755697977425,543.2318084814881,-0.1745,60.342523140008566,-9.512652974893083,0.165,2.3766537125402554,0.4088926809483834
24.800000000000082,-2.743354206492893,1372.8131245982684,542.2803519994118,-0.1745,60.408572870508515,-9.516476666632977,0.165,2.3766537125402554,0.4088926809483834
24.900000000000084,-2.7418404100170046,1378.857274091053,541.3285133295309,-0.1745,60.474416985181364,-9.520296730984388,0.165,2.3766537125402554,0.4088926809483834
25.000000000000085,-2.7403406838875934,1384.9079977277058,540.3762928390132,-0.1745,60.54005574787573,-9.524113079369949,0.165,2.3766537125402554,0.4088926809483834
25.100000000000087,-2.7388549232282045,1390.9652749863808,539.4236909038276,-0.1745,60.60548942562125,-9.527925624342313,0.165,2.3766537125402554,0.4088926809483834
25.200000000000088,-2.7373830241094357,1397.0290853720912,538.4707079086313,-0.1745,60.67071828858846,-9.531734279584368,0.165,2.3766537125402554,0.4088926809483834
25.30000000000009,-2.7359248835409193,1403.0994084170231,537.5173442466568,-0.1745,60.735742610049456,-9.535538959906456,0.165,2.3766537125402554,0.4088926809483834
25.40000000000009,-2.7344803994629077,1409.1762236808427,536.5636003195993,-0.1745,60.80056266633909,-9.539339581241475,0.165,2.3766537125402554,0.4088926809483834
25.500000000000092,-2.733460742224332,1415.2595107510006,535.6094765375053,-0.1745,60.86517873681665,-9.543136060638528,0.165,2.3766537125402554,0.4088926809483834
25.600000000000094,-2.7312985902717,1421.3525237478202,534.6543960462833,-0.1745,60.99508119957497,-9.558473763802205,0.8300000000000001,2.3766537125402554,0.4088926809483834
25.700000000000095,-2.7293799127154554,1427.4552485690924,533.6984751260421,-0.1745,61.05941522586761,-9.559944641021477,0.165,2.3766537125402554,0.4088926809483834
25.800000000000097,-2.7278420617048784,1433.5643915728642,532.7423723187133,-0.1745,61.12344484956857,-9.562111505555983,0.165,2.3766537125402554,0.4088926809483834
25.900000000000098,-2.7258537030058254,1439.681548808221,531.7857421459054,-0.1745,61.21969985756591,-9.570491950600628,0.495,2.3766537125402554,0.4088926809483834
26.0000000000001,-2.7240704132455518,1445.8066971008593,530.8286010876961,-0.1745,61.283265995202235,-9.5723292135832,0.165,2.3766537125402554,0.4088926809483834
26.1000000000001,-2.72243367989058,1451.9381876562245,529.87124720059,-0.1745,61.34654511209967,-9.5747485285385,0.165,2.3766537125402554,0.4088926809483834
26.200000000000102,-2.720902709024558,1458.0759930783718,528.9136311816306,-0.1745,61.40956333084612,-9.577571850648507,0.165,2.3766537125402554,0.4088926809483834
26.300000000000104,-2.719449064576801,1464.220088193752,527.9557188398795,-0.1745,61.472338976758635,-9.580674984373042,0.165,2.3766537125402554,0.4088926809483834
26.400000000000105,-2.718052925604603,1470.3704493889754,526.997486524144,-0.1745,61.53488492770922,-9.583971330335848,0.165,2.3766537125402554,0.4088926809483834
26.500000000000107,-2.7167004744280057,1476.527054148268,526.0389179313304,-0.1745,61.597210258143555,-9.587400525936587,0.165,2.3766537125402554,0.4088926809483834
26.600000000000108,-2.7153820747636646,1482.6898807306038,525.080001879544,-0.1745,61.659321388572884,-9.590920509791124,0.165,2.3766537125402554,0.4088926809483834
26.70000000000011,-2.7140910014928235,1488.858907944474,524.1207307550267,-0.1745,61.72122288882706,-9.594501980557535,0.165,2.3766537125402554,0.4088926809483834
26.80000000000011,-2.71282255544382,1495.0341149908677,523.161099429525,-0.1745,61.78291803905008,-9.598124529475276,0.165,2.3766537125402554,0.4088926809483834
26.900000000000112,-2.7115734467727908,1501.2154813538848,522.2011045059352,-0.1745,61.84440922129395,-9.6017739423213,0.165,2.3766537125402554,0.4088926809483834
27.000000000000114,-2.710341365640227,1507.4029867245856,521.2407437929163,-0.1745,61.90569819272283,-9.605440318055884,0.165,2.3766537125402554,0.4088926809483834
27.100000000000115,-2.709124683430011,1513.596610948028,520.2800159391356,-0.1745,61.96678627612264,-9.609116757557638,0.165,2.3766537125402554,0.4088926809483834
27.200000000000117,-2.7079222449124876,1519.796333986468,519.3189201787516,-0.1745,62.027674492678784,-9.612798450122842,0.165,2.3766537125402554,0.4088926809483834
27.300000000000118,-2.7067332237354225,1526.0021358938254,518.3574561543772,-0.1745,62.0883636544696,-9.616482037364383,0.165,2.3766537125402554,0.4088926809483834
27.40000000000012,-2.705557021992246,1532.2139967979922,517.3956237939851,-0.1745,62.14885442886408,-9.620165170477891,0.165,2.3766537125402554,0.4088926809483834
27.50000000000012,-2.704393200454651,1538.431896888602,516.4334232253494,-0.1745,62.20914738333409,-9.623846202235526,0.165,2.3766537125402554,0.4088926809483834
27.600000000000122,-2.703241430128402,1544.6558164085998,515.4708547165973,-0.1745,62.26924301662026,-9.627523972806827,0.165,2.3766537125402554,0.4088926809483834
27.700000000000124,-2.702101458629922,1550.8857356484505,514.5079186349124,-0.1745,62.32914178039403,-9.631197660892196,0.165,2.3766537125402554,0.4088926809483834
27.800000000000125,-2.700973086859424,1557.1216349421854,513.5446154178528,-0.1745,62.38884409430432,-9.6348666802991,0.165,2.3766537125402554,0.4088926809483834
27.900000000000126,-2.699856152824129,1563.3634946647217,512.5809455534318,-0.1745,62.4483503564212,-9.638530608121407,0.165,2.3766537125402554,0.4088926809483834
28.000000000000128,-2.6989750877643597,1569.6112952300666,511.6169095662814,-0.1745,62.507660950478765,-9.642189134886962,0.165,2.3766537125402554,0.4088926809483834
28.10000000000013,-2.6975197283651586,1575.8666420323605,510.65222154204685,-0.1745,62.59927509539883,-9.65157134980403,0.495,2.3766537125402554,0.4088926809483834
28.20000000000013,-2.696189743675105,1582.1295185391461,509.6869396309521,-0.1745,62.658255040314494,-9.654066872090775,0.165,2.3766537125402554,0.4088926809483834
28.300000000000132,-2.6954061644124483,1588.3982807031396,508.7213906150778,-0.1745,62.7169882395551,-9.656913445395597,0.165,2.3766537125402554,0.4088926809483834
28.400000000000134,-2.6935060365227588,1594.6761791847014,507.7549676618466,-0.1745,62.840981391683144,-9.67154561922799,0.8300000000000001,2.3766537125402554,0.4088926809483834
28.500000000000135,-2.6918845148133776,1600.9631975244486,506.78776670083283,-0.1745,62.89938540325922,-9.672473601047063,0.165,2.3766537125402554,0.4088926809483834
28.600000000000136,-2.540642845325496,1607.2560404527503,505.8204312647574,-0.1745,62.957473162775244,-9.674235120460784,0.165,2.3766537125402554,0.4088926809483834
28.700000000000138,-2.5861678015549057,1613.559484418443,504.8763180117285,-0.1495,63.1114061510782,-9.208029940118394,0.8300000000000001,2.3766537125402554,0.4088926809483834
28.80000000000014,-2.6171169886355043,1619.8723963343973,503.9480072835553,-0.1745,63.14683216800846,-9.358184623345494,0.165,2.3766537125402554,0.4088926809483834
28.90000000000014,-2.638050114776944,1626.1891872940437,503.0069734367265,-0.1745,63.188987024917715,-9.462492313229827,0.165,2.3766537125402554,0.4088926809483834
29.000000000000142,-1.9797637242591626,1632.5104204991997,502.05708634105605,-0.1745,63.23567707820279,-9.53524960017914,0.165,2.3766537125402554,0.4088926809483834
29.100000000000144,-2.202668520527675,1638.8317540170879,501.20985330865744,-0.06225,63.190993279559514,-7.409411047793528,0.165,2.3766537125402554,0.4088926809483834
29.200000000000145,-2.3558501862320487,1645.1482010902757,500.43358234414063,-0.1745,63.13794818419783,-8.116008242543185,0.165,2.3766537125402554,0.4088926809483834
29.300000000000146,-2.4609176786835016,1651.4611407988825,499.59757732483587,-0.1745,63.12084598793853,-8.604092143551972,0.165,2.3766537125402554,0.4088926809483834
29.400000000000148,-2.533139366232824,1657.7735649545682,498.7203070665752,-0.1745,63.12763712577366,-8.941313021661589,0.165,2.3766537125402554,0.4088926809483834
29.50000000000015,-2.5818657403436065,1664.0890940262207,497.81423201578525,-0.1745,63.18294430727503,-9.180187994137361,0.495,2.3766537125402554,0.4088926809483834
29.60000000000015,-2.615001587353281,1670.409070652118,496.8881958177435,-0.1745,63.216588210675134,-9.340535966697871,0.165,2.3766537125402554,0.4088926809483834
29.700000000000152,-2.6374285060546865,1676.7327733699242,495.9485791532438,-0.1745,63.25746614544859,-9.451797323295903,0.165,2.3766537125402554,0.4088926809483834
29.800000000000153,-2.6525056289645073,1683.0608076544231,494.99952459768633,-0.1745,63.30321954453124,-9.52929378785438,0.165,2.3766537125402554,0.4088926809483834
29.900000000000155,-2.662788360390511,1689.3935809211118,494.04388087017264,-0.1745,63.35224578924525,-9.583580762419418,0.165,2.3766537125402554,0.4088926809483834
30.000000000000156,-2.669014840240391,1695.732990764186,493.0833191942771,-0.1745,63.43595107224024,-9.627652755491338,0.495,2.3766537125402554,0.4088926809483834
30.100000000000158,-2.6729900807073625,1702.0792207011923,492.11924117647135,-0.1745,63.488647667883896,-9.653907600623805,0.165,2.3766537125402554,0.4088926809483834
30.20000000000016,-2.675426328881155,1708.430763827727,491.1528956597964,-0.1745,63.54221486281143,-9.673002732874602,0.165,2.3766537125402554,0.4088926809483834
30.30000000000016,-2.6768119197054685,1714.787690534011,490.18488617678804,-0.1745,63.5963192628667,-9.687186927293144,0.165,2.3766537125402554,0.4088926809483834
30.400000000000162,-2.0003157639058284,1721.1500431256327,489.2156266545323,-0.1745,63.65073256956752,-9.698003517821993,0.165,2.3766537125402554,0.4088926809483834
30.500000000000163,-1.6911901830595948,1727.512798955464,488.3558098441531,-0.06225,63.60438402705822,-7.498332689761729,0.165,2.3766537125402554,0.4088926809483834
30.600000000000165,-2.0054541167532114,1733.875691721764,487.6555437824474,-0.08725,63.65347129894426,-6.506988544352188,0.495,2.3766537125402554,0.4088926809483834
30.700000000000166,-2.2212032398142583,1740.2357945104409,486.95491392718804,-0.1745,63.54858447459466,-7.505608560834913,0.165,2.3766537125402554,0.4088926809483834
30.800000000000168,-2.36946683286901,1746.5880889245818,486.16996115631326,-0.1745,63.497303808223506,-8.193446856661138,0.165,2.3766537125402554,0.4088926809483834
30.90000000000017,-2.470261832852191,1752.938636317081,485.3266381014077,-0.1745,63.51364404176238,-8.673014241450632,0.495,2.3766537125402554,0.4088926809483834
31.00000000000017,-2.539050314074843,1759.2903598692362,484.4430604321567,-0.1745,63.52082700133847,-8.998539143569452,0.165,2.3766537125402554,0.4088926809483834
31.100000000000172,-2.5858731443878167,1765.6435794253623,483.53198544212296,-0.1745,63.54356412118318,-9.222960657105341,0.165,2.3766537125402554,0.4088926809483834
31.200000000000173,-2.61763594717898,1771.9995952561526,482.6019417879581,-0.1745,63.576752494622355,-9.377912426191982,0.165,2.3766537125402554,0.4088926809483834
31.300000000000175,-2.6390822735367996,1778.3592815926663,481.6587875470066,-0.1745,63.61697423565369,-9.485172392836974,0.165,2.3766537125402554,0.4088926809483834
31.400000000000176,-2.6534672315491497,1784.7232264764216,480.7065430854455,-0.1745,63.66192343945219,-9.559716838386002,0.165,2.3766537125402554,0.4088926809483834
31.500000000000178,-2.6630226515239928,1791.0918244862703,479.74796553109945,-0.1745,63.71003675752294,-9.611834248535203,0.165,2.3766537125402554,0.4088926809483834
31.60000000000018,-2.669277665984616,1797.465338865277,478.7849444971224,-0.1745,63.760250822612704,-9.64858643100565,0.165,2.3766537125402554,0.4088926809483834
31.70000000000018,-2.673279298102806,1803.8439434481706,477.81877433672014,-0.1745,63.81184083526023,-9.67481677704001,0.165,2.3766537125402554,0.4088926809483834
31.800000000000182,-2.675744057294126,1810.2277510969752,476.8503412501723,-0.1745,63.86431214083215,-9.693844953916996,0.165,2.3766537125402554,0.4088926809483834
31.900000000000183,-2.677162016009775,1816.6168330501844,475.88025175643145,-0.1745,63.917326923352725,-9.70794492090004,0.165,2.3766537125402554,0.4088926809483834
32.000000000000185,-2.6778682037504913,1823.0112321174186,474.9089208357355,-0.1745,63.97065442133225,-9.718673493019464,0.165,2.3766537125402554,0.4088926809483834
32.100000000000186,-2.6780915472130746,1829.4109716893722,473.93663236232527,-0.1745,64.02413701774236,-9.727095975185547,0.165,2.3766537125402554,0.4088926809483834
32.20000000000019,-2.677988397930873,1835.8160618951702,472.9635805138891,-0.1745,64.07766709821743,-9.733940993538324,0.165,2.3766537125402554,0.4088926809483834
32.30000000000019,-1.99494614273265,1842.2265038120424,471.98989813063116,-0.1745,64.13117123922787,-9.739706671620134,0.165,2.3766537125402554,0.4088926809483834
32.40000000000019,-2.2144615453639416,1848.637270712902,471.1277916237809,-0.06225,64.08416677796247,-7.502423465384327,0.165,2.3766537125402554,0.4088926809483834
32.50000000000019,-2.364356920443546,1855.042875958847,470.34229040393694,-0.1745,64.02793814093681,-8.20760093149482,0.165,2.3766537125402554,0.4088926809483834
32.60000000000019,-2.466532234412824,1861.4446821505073,469.4973382543069,-0.1745,64.0081856922703,-8.69144206110596,0.165,2.3766537125402554,0.4088926809483834
32.700000000000195,-2.5360401871320466,1867.8457182032214,468.6115907114509,-0.1745,64.01253536200912,-9.023508796013463,0.165,2.3766537125402554,0.4088926809483834
32.800000000000196,-2.5832101717005838,1874.247992227805,467.6978363267438,-0.1745,64.03294512966282,-9.251578898127912,0.165,2.3766537125402554,0.4088926809483834
32.9000000000002,-2.6151201284677077,1880.6528448385984,466.764834668119,-0.1745,64.06410708620545,-9.408454274367822,0.165,2.3766537125402554,0.4088926809483834
33.0000000000002,-2.6366141630807105,1887.0611741946188,465.81858032028157,-0.1745,64.10248003420534,-9.51663268238179,0.165,2.3766537125402554,0.4088926809483834
33.1000000000002,-2.6510042501166704,1893.4735823932992,464.8631722904051,-0.1745,64.14568393940435,-9.591527915147747,0.165,2.3766537125402554,0.4088926809483834
33.2000000000002,-2.660552949057843,1899.890472149427,463.90141140105715,-0.1745,64.19211118315131,-9.643689871810784,0.165,2.3766537125402554,0.4088926809483834
33.3000000000002,-1.9828362716727272,1906.3121113232417,462.93521025060005,-0.1745,64.2406722931424,-9.680333137331619,0.165,2.3766537125402554,0.4088926809483834
33.400000000000205,-2.207488000245087,1912.7338508105688,462.07832525731914,-0.06225,64.19411745339984,-7.457366728286541,0.165,2.3766537125402554,0.4088926809483834
33.500000000000206,-2.360793248510697,1919.1502839795917,461.2964581309121,-0.1745,64.1345459270572,-8.179975799855201,0.165,2.3766537125402554,0.4088926809483834
33.60000000000021,-2.4652295235725865,1925.5626378681395,460.4536903018994,-0.1745,64.11253184389913,-8.675380780397168,0.165,2.3766537125402554,0.4088926809483834
33.70000000000021,-2.5362356330951155,1931.974029428497,459.56916590499935,-0.1745,64.1152993632491,-9.015107157603937,0.165,2.3766537125402554,0.4088926809483834
33.80000000000021,-2.5843984835335094,1938.3865224470312,458.6559985180984,-0.1745,64.13456100743426,-9.248240580415532,0.165,2.3766537125402554,0.4088926809483834
33.90000000000021,-2.616967316525357,1944.801493257631,457.72316372238623,-0.1745,64.16485520456182,-9.40845533382725,0.165,2.3766537125402554,0.4088926809483834
34.00000000000021,-2.638899908310242,1951.2198631622641,456.77679943031825,-0.1745,64.20254288810168,-9.518830507532291,0.165,2.3766537125402554,0.4088926809483834
34.100000000000215,-2.6535834913859406,1957.6422493539071,455.8210995750208,-0.1745,64.24518094475665,-9.595166598416654,0.165,2.3766537125402554,0.4088926809483834
34.200000000000216,-2.663330347647021,1964.069064439888,454.858927733031,-0.1745,64.29112077486066,-9.648270241379219,0.165,2.3766537125402554,0.4088926809483834
34.30000000000022,-2.669717832173593,1970.500582785877,453.89223791379266,-0.1745,64.33924614491862,-9.685526143387547,0.165,2.3766537125402554,0.4088926809483834
34.40000000000022,-2.673821297271778,1976.9369850748656,452.92236276329095,-0.1745,64.3887996348524,-9.711976866646255,0.165,2.3766537125402554,0.4088926809483834
34.50000000000022,-2.676373453357489,1983.3783883876242,451.9502107485869,-0.1745,64.43926662032267,-9.731063427433938,0.165,2.3766537125402554,0.4088926809483834
34.60000000000022,-2.677873291654409,1989.8248665783867,450.9764009471457,-0.1745,64.49029719492736,-9.745132601390758,0.165,2.3766537125402554,0.4088926809483834
34.70000000000022,-2.678660472038661,1996.2764641074193,450.00135511441175,-0.1745,64.54165338572312,-9.755784053288028,0.165,2.3766537125402554,0.4088926809483834
34.800000000000225,-2.678966090765008,2002.7332054447224,449.02536052900643,-0.1745,64.5931733603388,-9.764107654818284,0.165,2.3766537125402554,0.4088926809483834
34.900000000000226,-2.678947307425306,2009.1951014681695,448.0486128658655,-0.1745,64.64474710860094,-9.770845608000965,0.165,2.3766537125402554,0.4088926809483834
35.00000000000023,-2.6787109502119897,2015.6621538186082,447.0712454290325,-0.1745,64.69629990017316,-9.776503128659385,0.165,2.3766537125402554,0.4088926809483834
35.10000000000023,-2.6783295997655725,2022.134357864812,446.09334907417895,-0.1745,64.7477810239043,-9.781423968411238,0.165,2.3766537125402554,0.4088926809483834
35.20000000000023,-2.6778525431209133,2028.6117047220002,445.11498577983,-0.1745,64.79915611985757,-9.785841918566819,0.165,2.3766537125402554,0.4088926809483834
35.30000000000023,-2.6773132306335565,2035.0941826258543,444.1361978880258,-0.1745,64.85040195722122,-9.789915917518636,0.165,2.3766537125402554,0.4088926809483834
35.40000000000023,-2.6772360750349518,2041.5817778676214,443.1570143936168,-0.1745,64.90150287812384,-9.793753970661045,0.165,2.3766537125402554,0.4088926809483834
35.500000000000234,-2.6759291907712712,2048.0777499351307,442.17687795066774,-0.1745,65.01793847205941,-9.808974888320469,0.8300000000000001,2.3766537125402554,0.4088926809483834
35.600000000000236,-2.67483960025365,2054.582088593787,441.19591882195766,-0.1745,65.06883470106594,-9.810207685880972,0.165,2.3766537125402554,0.4088926809483834
35.70000000000024,-2.673899656850214,2061.091502965823,440.2148028840294,-0.1745,65.1194527396569,-9.812111072684196,0.165,2.3766537125402554,0.4088926809483834
35.80000000000024,-2.673063522261612,2067.605966882163,439.2334740224953,-0.1745,65.16982558714703,-9.814466157997535,0.165,2.3766537125402554,0.4088926809483834
35.90000000000024,-2.672300142206077,2074.125456949497,438.25189448711797,-0.1745,65.21997575953874,-9.817124549548703,0.165,2.3766537125402554,0.4088926809483834
36.00000000000024,-2.671588480882774,2080.6499516702934,437.27003897544546,-0.1745,65.26991865638661,-9.819985683900983,0.165,2.3766537125402554,0.4088926809483834
36.10000000000024,-2.6714231486751427,2087.179430845549,436.28789061953023,-0.1745,65.31966484872684,-9.822981434403525,0.165,2.3766537125402554,0.4088926809483834
36.200000000000244,-2.5139437079086457,2093.7171496744218,435.3048609922189,-0.1745,65.4347117287261,-9.837611111823078,0.8300000000000001,2.3766537125402554,0.4088926809483834
36.300000000000246,-2.5638251390016475,2100.2665230690136,434.3466761295956,-0.1495,65.55275616310823,-9.326086140643142,0.495,2.3766537125402554,0.4088926809483834
36.40000000000025,-2.5972793015095674,2106.8229940935444,433.40565228496274,-0.1745,65.57666432750378,-9.494390752013794,0.165,2.3766537125402554,0.4088926809483834
36.50000000000025,-2.619646011236336,2113.3822587122154,432.45048105478446,-0.1745,65.60862804591454,-9.609033851552367,0.165,2.3766537125402554,0.4088926809483834
36.60000000000025,-2.634805902660772,2119.9449868210904,431.48565853793684,-0.1745,65.64593413158748,-9.687416485399666,0.165,2.3766537125402554,0.4088926809483834
36.70000000000025,-2.644308824273664,2126.513247060668,430.513935640123,-0.1745,65.71927065997062,-9.747041470876944,0.495,2.3766537125402554,0.4088926809483834
36.80000000000025,-2.650530359259615,2133.0873345824007,429.5374200880359,-0.1745,65.7624797746816,-9.783269570865263,0.165,2.3766537125402554,0.4088926809483834
36.900000000000254,-2.6545442737237472,2139.6658155166256,428.55782102039905,-0.1745,65.80713890981392,-9.808711781871555,0.165,2.3766537125402554,0.4088926809483834
37.000000000000256,-2.6570743516981588,2146.2488083835165,427.5760413555784,-0.1745,65.85271842800056,-9.826881514540776,0.165,2.3766537125402554,0.4088926809483834
37.10000000000026,-2.658608239964073,2152.836387408808,426.59268983169625,-0.1745,65.8988620778368,-9.84014896310295,0.165,2.3766537125402554,0.4088926809483834
37.20000000000026,-2.6594743438798285,2159.4285970213245,425.60817676722274,-0.1745,65.94533017249502,-9.850112326366974,0.165,2.3766537125402554,0.4088926809483834
37.30000000000026,-2.6598937335156054,2166.0254616032976,424.62277871208636,-0.1745,65.99196146696809,-9.857848776360763,0.165,2.3766537125402554,0.4088926809483834
37.40000000000026,-2.6600151621534507,2172.626992053263,423.63668207258104,-0.1745,66.0386475323438,-9.864084013745314,0.165,2.3766537125402554,0.4088926809483834
37.50000000000026,-2.6599386800121634,2179.2331902054048,422.6500125342255,-0.1745,66.0853155104869,-9.869306753366269,0.165,2.3766537125402554,0.4088926809483834
37.600000000000264,-2.659731550354543,2185.8440518059683,421.6628548972451,-0.1745,66.13191650078124,-9.873845986241045,0.165,2.3766537125402554,0.4088926809483834
37.700000000000266,-2.659438972738774,2192.4595685178588,420.6752664431153,-0.1745,66.17841773703122,-9.87792309635502,0.165,2.3766537125402554,0.4088926809483834
37.80000000000027,-2.6590913047538196,2199.0797292705615,419.68728593827007,-0.1745,66.22479731702163,-9.881687000548943,0.165,2.3766537125402554,0.4088926809483834
37.90000000000027,-1.9502682391294908,2205.7045211690124,418.69893969664776,-0.1745,66.27104065199788,-9.885237831896744,0.165,2.3766537125402554,0.4088926809483834
38.00000000000027,-2.1850673319616924,2212.3324608415382,417.82988208443254,-0.06225,66.28775279851497,-7.495914412408107,0.8300000000000001,2.3766537125402554,0.4088926809483834
38.10000000000027,-2.3429558078290844,2218.9573779797884,417.0413939434408,-0.1745,66.21058996648846,-8.273848407426502,0.165,2.3766537125402554,0.4088926809483834
38.20000000000027,-2.4489796955063863,2225.5766964885543,416.187762681547,-0.1745,66.1757802088319,-8.798776830450347,0.165,2.3766537125402554,0.4088926809483834
38.300000000000274,-2.5200703395254163,2232.193908457159,415.290169498264,-0.1745,66.16845916326486,-9.153086835209491,0.165,2.3766537125402554,0.4088926809483834
38.400000000000276,-2.567656334821548,2238.811288988175,414.3628950691209,-0.1745,66.17915145705287,-9.392401747652986,0.165,2.3766537125402554,0.4088926809483834
38.50000000000028,-2.599441454000584,2245.4303322460923,413.41556135192786,-0.1745,66.20171370129668,-9.554272596207227,0.165,2.3766537125402554,0.4088926809483834
38.60000000000028,-2.6206127457843884,2252.052023743471,412.45464627474246,-0.1745,66.23211624627702,-9.664028947501135,0.165,2.3766537125402554,0.4088926809483834
38.70000000000028,-2.63465947664438,2258.6770143075164,411.484507828546,-0.1745,66.26769503462343,-9.738739976428855,0.165,2.3766537125402554,0.4088926809483834
38.80000000000028,-2.643927048475186,2265.3057330371857,410.50807593243576,-0.1745,66.3066795587618,-9.789897945776096,0.165,2.3766537125402554,0.4088926809483834
38.90000000000028,-2.649990979531907,2271.9384614709556,409.5273193218242,-0.1745,66.34788911663297,-9.825234266455158,0.165,2.3766537125402554,0.4088926809483834
39.000000000000284,-2.6539090388450814,2278.5753826577725,408.5435602703683,-0.1745,66.39053461970099,-9.849946762663757,0.165,2.3766537125402554,0.4088926809483834
39.100000000000286,-2.6563910425194397,2285.2166137896047,407.5576865365511,-0.1745,66.43408801694447,-9.867527913680027,0.165,2.3766537125402554,0.4088926809483834
39.20000000000029,-2.6579130991552384,2291.862227975382,406.57029398264245,-0.1745,66.47819569860809,-9.880323164493088,0.165,2.3766537125402554,0.4088926809483834
39.30000000000029,-2.658794423150937,2298.5122688009965,405.58178247827885,-0.1745,66.52262081367554,-9.889906922779058,0.165,2.3766537125402554,0.4088926809483834
39.40000000000029,-2.6597801810641193,2305.1667600784976,404.5924203531621,-0.1745,66.56720473634682,-9.897335579556396,0.165,2.3766537125402554,0.4088926809483834
39.50000000000029,-2.6592622055775084,2311.8289868839724,403.6018104185714,-0.1745,66.67733137314565,-9.91486311225734,0.8300000000000001,2.3766537125402554,0.4088926809483834
39.60000000000029,-2.658788298549534,2318.498956345796,402.61019038319455,-0.1745,66.7220578633297,-9.917537595279352,0.165,2.3766537125402554,0.4088926809483834
39.700000000000294,-2.658345971150511,2325.173389403869,401.61829706889716,-0.1745,66.7666032981284,-9.92032869066878,0.165,2.3766537125402554,0.4088926809483834
39.800000000000296,-2.657926856541536,2331.85226828529,400.6261208822822,-0.1745,66.81097433028876,-9.923195041630517,0.165,2.3766537125402554,0.4088926809483834
39.9000000000003,-2.657525347124583,2338.5355757796956,399.6336556820198,-0.1745,66.85517555782316,-9.926108963617093,0.165,2.3766537125402554,0.4088926809483834
40.0000000000003,-2.65713768172466,2345.2232950676894,398.6408976373258,-0.1745,66.89921020205517,-9.929051930263514,0.165,2.3766537125402554,0.4088926809483834
40.1000000000003,-2.656761334362441,2351.9154096059056,397.6478444634316,-0.1745,66.94308056226383,-9.932011547619561,0.165,2.3766537125402554,0.4088926809483834
40.2000000000003,-2.6563946051138654,2358.6119030500395,396.6544949097163,-0.1745,66.98678832041598,-9.934979526686917,0.165,2.3766537125402554,0.4088926809483834
40.3000000000003,-2.6560363463355054,2365.3127592033275,395.6608484171141,-0.1745,67.03033474534098,-9.937950325356391,0.165,2.3766537125402554,0.4088926809483834
40.400000000000304,-2.6556857795319155,2372.0179619820683,394.66690488889395,-0.1745,67.07372082947963,-9.94092023904636,0.165,2.3766537125402554,0.4088926809483834
40.500000000000306,-2.655342372896574,2378.7274953925644,393.6726645373415,-0.1745,67.11694738043956,-9.943886792002415,0.165,2.3766537125402554,0.4088926809483834
40.60000000000031,-2.6550057594523473,2385.4413435157,392.67812778124187,-0.1745,67.16001508226985,-9.946848329991036,0.165,2.3766537125402554,0.4088926809483834
40.70000000000031,-2.65467568234959,2392.159490496636,391.6832951773499,-0.1745,67.20292453645403,-9.949803747847541,0.165,2.3766537125402554,0.4088926809483834
40.80000000000031,-2.654351958324236,2398.881920537925,390.688167374593,-0.1745,67.24567628932353,-9.95275230729174,0.165,2.3766537125402554,0.4088926809483834
40.90000000000031,-2.654034453295054,2405.6086178949104,389.6927450834711,-0.1745,67.2882708503822,-9.955693515145427,0.165,2.3766537125402554,0.4088926809483834
41.00000000000031,-2.653723066072693,2412.339566872657,388.69702905561616,-0.1745,67.33070870454988,-9.958627041953234,0.165,2.3766537125402554,0.4088926809483834
41.100000000000314,-2.653417717487421,2419.0747518239014,387.7010200701375,-0.1745,67.3729903203384,-9.96155266762047,0.165,2.3766537125402554,0.4088926809483834
41.200000000000315,-2.4919742966829044,2425.8141571476835,386.7047189245009,-0.1745,67.41511615530835,-9.96447024511048,0.165,2.3766537125402554,0.4088926809483834
41.30000000000032,-2.546515770763361,2432.5614321261496,385.73534830530485,-0.1495,67.53038341401509,-9.422942138810463,0.495,2.3766537125402554,0.4088926809483834
41.40000000000032,-2.581553980945115,2439.3184358842614,384.78320649155893,-0.1745,67.60969174822431,-9.619894136107526,0.8300000000000001,2.3766537125402554,0.4088926809483834
41.50000000000032,-2.604724683586967,2446.080567108614,383.8151157244571,-0.1745,67.63293273883043,-9.741921205929163,0.165,2.3766537125402554,0.4088926809483834
41.60000000000032,-2.620012801354354,2452.8453224359523,382.8368227695873,-0.1745,67.66217380793127,-9.823937891466754,0.165,2.3766537125402554,0.4088926809483834
41.70000000000032,-2.63006841385598,2459.613197636781,381.8516583031853,-0.1745,67.69533020863985,-9.879351436573563,0.165,2.3766537125402554,0.4088926809483834
41.800000000000324,-2.6366528060764365,2466.384515526711,380.8618365001559,-0.1745,67.73102758995816,-9.917084624013828,0.165,2.3766537125402554,0.4088926809483834
41.900000000000325,-2.641491449178388,2473.1594847895976,379.8688286723242,-0.1745,67.76835766777918,-9.943071932620624,0.165,2.3766537125402554,0.4088926809483834
42.00000000000033,-2.643571148185867,2479.941513141141,378.87303489415035,-0.1745,67.87220936308901,-9.972803630856562,0.8300000000000001,2.3766537125402554,0.4088926809483834
42.10000000000033,-2.6448732752089334,2486.7306890239624,377.87522093865306,-0.1745,67.91130829333498,-9.983475479089028,0.165,2.3766537125402554,0.4088926809483834
42.20000000000033,-2.645662127522132,2493.5237873934575,376.8764727735454,-0.1745,67.95065909656239,-9.991487823064194,0.165,2.3766537125402554,0.4088926809483834
42.30000000000033,-2.6461128883792364,2500.320826680457,375.87701165679556,-0.1745,67.9901266434189,-9.997734511932169,0.165,2.3766537125402554,0.4088926809483834
42.40000000000033,-2.646341631894584,2507.121814087173,374.87698451057446,-0.1745,68.02962149090624,-10.002808412489983,0.165,2.3766537125402554,0.4088926809483834
42.500000000000334,-2.646425238888768,2513.926749386361,373.87648895868466,-0.1745,68.06908449285704,-10.007102625305693,0.165,2.3766537125402554,0.4088926809483834
42.600000000000335,-2.646414611159569,2520.7356274407234,372.8755899418858,-0.1745,68.10847659439841,-10.010877710671874,0.165,2.3766537125402554,0.4088926809483834
42.70000000000034,-2.6463434361242384,2527.5484398735803,371.8743307402722,-0.1745,68.14777206273925,-10.014306321599104,0.165,2.3766537125402554,0.4088926809483834
42.80000000000034,-2.6462339981798007,2534.3651761765714,370.8727402828916,-0.1745,68.1869539970816,-10.017502826014244,0.165,2.3766537125402554,0.4088926809483834
42.90000000000034,-2.6461010306315003,2541.1858244439527,369.870837993605,-0.1745,68.22601135054909,-10.020542959717792,0.165,2.3766537125402554,0.4088926809483834
43.00000000000034,-2.64595426803173,2548.0103718592445,368.86863700257726,-0.1745,68.26493695528717,-10.02347686083659,0.165,2.3766537125402554,0.4088926809483834
43.10000000000034,-2.6458001368556285,2554.8388050176636,367.8661462739432,-0.1745,68.30372621309229,-10.026337711845677,0.165,2.3766537125402554,0.4088926809483834
43.200000000000344,-2.6456428750563603,2561.6711101396936,366.86337201497577,-0.1745,68.34237622750408,-10.029147467502249,0.165,2.3766537125402554,0.4088926809483834
43.300000000000345,-2.645485273196602,2568.5072732125022,365.860318609095,-0.1745,68.38088522867191,-10.03192065011386,0.165,2.3766537125402554,0.4088926809483834
43.40000000000035,-2.64532916491611,2575.347280083553,364.85698923341675,-0.1745,68.4192521923399,-10.034666863450449,0.165,2.3766537125402554,0.4088926809483834
43.50000000000035,-2.645175751414271,2582.191116522545,363.85338626737473,-0.1745,68.45747658750412,-10.037392457390006,0.165,2.3766537125402554,0.4088926809483834
43.60000000000035,-2.6450258160546407,2589.0387682623873,362.84951156301224,-0.1745,68.49555820933702,-10.040101629859885,0.165,2.3766537125402554,0.4088926809483834
43.70000000000035,-2.6448798662554673,2595.890221026284,361.84536662371625,-0.1745,68.53349706859903,-10.042797156060358,0.165,2.3766537125402554,0.4088926809483834
43.80000000000035,-2.6447382272750266,2602.745460545637,360.8409527223688,-0.1745,68.57129331846058,-10.045480870888744,0.165,2.3766537125402554,0.4088926809483834
43.900000000000354,-2.6446011041819433,2609.6044725718643,359.8362709794247,-0.1745,68.60894720609271,-10.048153987993162,0.165,2.3766537125402554,0.4088926809483834
44.000000000000355,-2.6444686227906278,2616.4672428842014,358.83132241448925,-0.1745,68.64645904065146,-10.050817310715738,0.165,2.3766537125402554,0.4088926809483834
44.10000000000036,-2.64434085669347,2623.3337572948394,357.8261079803777,-0.1745,68.68382917210975,-10.053471371515538,0.165,2.3766537125402554,0.4088926809483834
44.20000000000036,-2.6442178451063376,2630.2040016523083,356.8206285855973,-0.1745,68.72105797726451,-10.056116524091966,0.165,2.3766537125402554,0.4088926809483834
44.30000000000036,-2.6440996046456853,2637.077961843696,355.8148851091809,-0.1745,68.75814585048876,-10.058753004236406,0.165,2.3766537125402554,0.4088926809483834
44.40000000000036,-2.643986137098349,2643.9556237961015,354.80887841046837,-0.1745,68.79509319762042,-10.061380970015094,0.165,2.3766537125402554,0.4088926809483834
44.50000000000036,-2.643877434545832,2650.836973477579,353.80260933555286,-0.1745,68.83190043192407,-10.06400052829527,0.165,2.3766537125402554,0.4088926809483834
44.600000000000364,-2.64377348274267,2657.721996897746,352.7960787215256,-0.1745,68.86856797142245,-10.066611752250529,0.165,2.3766537125402554,0.4088926809483834
44.700000000000365,-2.4786354783047893,2664.6106801081737,351.7892873992676,-0.1745,68.9050962371325,-10.06921469290933,0.165,2.3766537125402554,0.4088926809483834
44.80000000000037,-2.5354672565484906,2671.5052218476076,350.810945686805,-0.1495,68.98573855154626,-9.497619556343263,0.165,2.3766537125402554,0.4088926809483834
44.90000000000037,-2.5727871452924997,2678.404100939539,349.8512621626638,-0.1745,68.99184328708755,-9.696050926481517,0.165,2.3766537125402554,0.4088926809483834
45.00000000000037,-1.858361234198129,2685.3041079290697,348.8750888863958,-0.1745,69.00829650352611,-9.827414598877617,0.165,2.3766537125402554,0.4088926809483834
45.10000000000037,-2.1293569333949764,2692.2023698454777,348.0178878604856,-0.06225,68.95694182463419,-7.316605919326475,0.165,2.3766537125402554,0.4088926809483834
45.20000000000037,-2.308184845398563,2699.0923426677077,347.23968695028975,-0.1745,68.84251461996377,-8.2474122845907,0.165,2.3766537125402554,0.4088926809483834
45.300000000000374,-2.4260797243227135,2705.973578793617,346.38417957392136,-0.1745,68.78220789822161,-8.862735242777454,0.165,2.3766537125402554,0.4088926809483834
45.400000000000375,-2.503734515748101,2712.8504984374854,345.47756177478897,-0.1745,68.75618497914913,-9.269620739870707,0.165,2.3766537125402554,0.4088926809483834
45.50000000000038,-2.390375618350962,2719.7259148126595,344.53713977820394,-0.1745,68.75214252433004,-9.538819191829582,0.165,2.3766537125402554,0.4088926809483834
45.60000000000038,-2.48042806243274,2726.6041630964896,343.60280740088723,-0.1495,68.81282315227119,-9.147828354504885,0.165,2.3766537125402554,0.4088926809483834
45.70000000000038,-2.5396904819875292,2733.484895917009,342.67243369430105,-0.1745,68.80183325811686,-9.45964577721922,0.165,2.3766537125402554,0.4088926809483834
45.80000000000038,-2.578658055233042,2740.3653593877916,341.7161516842183,-0.1745,68.80743615753327,-9.66599442443645,0.165,2.3766537125402554,0.4088926809483834
45.90000000000038,-2.6042583828242933,2747.2469201895,340.74271316898535,-0.1745,68.82377987663783,-9.802775880222915,0.165,2.3766537125402554,0.4088926809483834
46.000000000000384,-2.62105992244334,2754.130463617936,339.7578893668244,-0.1745,68.84708869207937,-9.893700162996337,0.165,2.3766537125402554,0.4088926809483834
46.100000000000385,-2.6320731204411723,2761.0165635337116,338.7654837138618,-0.1745,68.87490962342679,-9.954412896255455,0.165,2.3766537125402554,0.4088926809483834
46.20000000000039,-2.6392805473893013,2767.905591108469,337.76800153706927,-0.1745,68.90564187172029,-9.995230639595093,0.165,2.3766537125402554,0.4088926809483834
46.30000000000039,-2.6439871939639574,2774.7977850909815,336.7670924154684,-0.1745,68.93823777853417,-10.022951792421603,0.165,2.3766537125402554,0.4088926809483834
46.40000000000039,-2.6470516740933476,2781.693297504485,335.76384212539654,-0.1745,68.97201049154225,-10.042054009016624,0.165,2.3766537125402554,0.4088926809483834
46.50000000000039,-2.6490386917883906,2788.592223491885,334.7589651701686,-0.1745,69.00650925645299,-10.055485095542267,0.165,2.3766537125402554,0.4088926809483834
46.60000000000039,-2.650319516834525,2795.494620860884,333.7529316687309,-0.1745,69.04143812352825,-10.065184933211132,0.165,2.3766537125402554,0.4088926809483834
46.700000000000394,-2.6511381617993224,2802.4005229055674,332.7460509393691,-0.1745,69.07660277013832,-10.072429654024592,0.165,2.3766537125402554,0.4088926809483834
46.800000000000395,-2.651654948496511,2809.3099468259798,331.7385265331673,-0.1745,69.11187563810745,-10.078058470012156,0.165,2.3766537125402554,0.4088926809483834
46.9000000000004,-2.6519751776514062,2816.222899260226,330.7304924550731,-0.1745,69.1471730468103,-10.082623091872138,0.165,2.3766537125402554,0.4088926809483834
47.0000000000004,-2.652167988634999,2823.139379920372,329.7220369948063,-0.1745,69.18244015611603,-10.086486113464163,0.165,2.3766537125402554,0.4088926809483834
47.1000000000004,-2.6522787617824046,2830.059383982305,328.71321840070846,-0.1745,69.21764108254148,-10.089885768492158,0.165,2.3766537125402554,0.4088926809483834
47.2000000000004,-2.6523372716748965,2836.982903656502,327.70407518535376,-0.1745,69.25275240139679,-10.092978538602027,0.165,2.3766537125402554,0.4088926809483834
47.3000000000004,-2.6523630454726,2843.9099292203146,326.6946328994632,-0.1745,69.28775887485143,-10.09586717920925,0.165,2.3766537125402554,0.4088926809483834
47.400000000000404,-2.6523688833644075,2850.840449696239,325.68490858310344,-0.1745,69.32265064363253,-10.098619147986666,0.165,2.3766537125402554,0.4088926809483834
47.500000000000405,-2.652363170848369,2857.774453297479,324.6749136897573,-0.1745,69.35742138117006,-10.101278718936218,0.165,2.3766537125402554,0.4088926809483834
47.600000000000406,-2.6523513970347414,2864.7119277205666,323.66465600664554,-0.1745,69.39206708058119,-10.103874943298813,0.165,2.3766537125402554,0.4088926809483834
47.70000000000041,-2.652337151320601,2871.652860337481,322.6541409154982,-0.1745,69.42658525770811,-10.106426879647982,0.165,2.3766537125402554,0.4088926809483834
47.80000000000041,-2.6523227774629317,2878.597238321748,321.64337222006924,-0.1745,69.46097442763391,-10.10894702893086,0.165,2.3766537125402554,0.4088926809483834
47.90000000000041,-2.652309802697767,2885.545048731176,320.6323526891273,-0.1745,69.49523376091969,-10.111443589907802,0.165,2.3766537125402554,0.4088926809483834
48.00000000000041,-2.652299219195081,2892.496278562118,319.62108441264934,-0.1745,69.5293628579203,-10.113921939651568,0.165,2.3766537125402554,0.4088926809483834
48.10000000000041,-2.6522916686111158,2899.4509147850467,318.60956903541205,-0.1745,69.56336160065918,-10.116385605093699,0.165,2.3766537125402554,0.4088926809483834
48.200000000000415,-2.6522875630674747,2906.4089443678613,317.5978079101372,-0.1745,69.59723005563356,-10.118836900403664,0.165,2.3766537125402554,0.4088926809483834
48.300000000000416,-2.65228716443438,2913.3703542911458,316.58580219786586,-0.1745,69.63096841005532,-10.121277345022875,0.165,2.3766537125402554,0.4088926809483834
48.40000000000042,-2.6522906362743877,2920.3351315581504,315.5735529337266,-0.1745,69.6645769300359,-10.123707937762234,0.165,2.3766537125402554,0.4088926809483834
48.50000000000042,-2.65229807786475,2927.3032632013105,314.56106107001483,-0.1745,69.69805593316964,-10.126129336473486,0.165,2.3766537125402554,0.4088926809483834
48.60000000000042,-2.652309546475393,2934.274736286497,313.5483275044016,-0.1745,69.73140577056165,-10.128541975791578,0.165,2.3766537125402554,0.4088926809483834
48.70000000000042,-2.6523250719525278,2941.2495379157776,312.5353530983984,-0.1745,69.7646268150494,-10.13094614427238,0.165,2.3766537125402554,0.4088926809483834
48.80000000000042,-2.652628652783555,2948.227655229204,311.52213868943903,-0.1745,69.79771945348469,-10.13334203491474,0.165,2.3766537125402554,0.4088926809483834
48.900000000000425,-2.652323123901476,2955.2107003481874,310.50839863278946,-0.1745,69.86318292618309,-10.141459098076329,0.495,2.3766537125402554,0.4088926809483834
49.000000000000426,-2.652137498582828,2962.1986629804724,309.4941922074795,-0.1745,69.89606971951702,-10.142669408123341,0.165,2.3766537125402554,0.4088926809483834
49.10000000000043,-2.6526046778006225,2969.1899048650666,308.4798449588514,-0.1745,69.9287679723669,-10.144275564438393,0.165,2.3766537125402554,0.4088926809483834
49.20000000000043,-2.6518896789014508,2976.187682745182,307.46474704185977,-0.1745,70.02678962993741,-10.157682775394548,0.8300000000000001,2.3766537125402554,0.4088926809483834
49.30000000000043,-2.6514444316313055,2983.1919856754434,306.44899539094854,-0.1745,70.05926897528997,-10.157350242830042,0.165,2.3766537125402554,0.4088926809483834
49.40000000000043,-2.651176278467729,2990.1995232002296,305.4332309558279,-0.1745,70.0914815204333,-10.157938459582558,0.165,2.3766537125402554,0.4088926809483834
49.50000000000043,-1.8987088817106479,2997.2102711323655,304.41737782884815,-0.1745,70.1234771222874,-10.159124080013449,0.165,2.3766537125402554,0.4088926809483834
49.600000000000435,-2.1624945725628404,3004.2215204974214,303.53570384415724,-0.06225,70.10151017882757,-7.474355613804877,0.495,2.3766537125402554,0.4088926809483834
49.700000000000436,-2.3350600680150873,3011.2257973349433,302.7422438213147,-0.1745,69.98402657160979,-8.394844843045895,0.165,2.3766537125402554,0.4088926809483834
49.80000000000044,-2.447865889891331,3018.2210485534592,301.8726105277238,-0.1745,69.92099779871093,-8.997821028771975,0.165,2.3766537125402554,0.4088926809483834
49.90000000000044,-2.521561785672824,3025.2117083617054,300.95307326124765,-0.1745,69.89219836621639,-9.39292430075076,0.165,2.3766537125402554,0.4088926809483834
50.00000000000044,-2.5696852877955427,3032.200576950241,300.00082912660423,-0.1745,69.88517340450235,-9.651958392117594,0.165,2.3766537125402554,0.4088926809483834
50.10000000000044,-2.6503537180871586,3039.1894405819817,299.02713238354704,-0.1745,69.89209923031095,-9.8219764690266,0.165,2.5041551782479616,-0.10279944849690452
50.20000000000044,-2.7030721886171167,3046.178130742286,298.03075011553886,-0.1745,69.88170397578139,-10.105668891137464,0.165,2.5041551782479616,-0.10279944849690452
50.300000000000445,-2.737509394565285,3053.1665468376377,297.01086597623697,-0.1745,69.88661793125343,-10.292013894900405,0.165,2.5041551782479616,-0.10279944849690452
50.400000000000446,-2.759996989159622,3060.1559467446273,295.9755332893766,-0.1745,69.9013802085408,-10.414639842307812,0.165,2.5041551782479616,-0.10279944849690452
50.50000000000045,-2.7746780483541467,3067.147140064291,294.93002217455444,-0.1745,69.92248618473334,-10.495582454134901,0.165,2.5041551782479616,-0.10279944849690452
50.60000000000045,-2.784261842203437,3074.14064800228,293.8777795444373,-0.1745,69.94767257505258,-10.549270148207897,0.165,2.5041551782479616,-0.10279944849690452
50.70000000000045,-2.7905191173790023,3081.1368052233715,292.8210588361299,-0.1745,69.9754718467716,-10.58514401794078,0.165,2.5041551782479616,-0.10279944849690452
50.80000000000045,-2.794606709690787,3088.135825316939,291.7613327192491,-0.1745,70.0049300245826,-10.609378319675514,0.165,2.5041551782479616,-0.10279944849690452
50.90000000000045,-2.7972800993596665,3095.1378431193975,290.6995633536972,-0.1745,70.03542602458637,-10.62600899136198,0.165,2.5041551782479616,-0.10279944849690452
51.000000000000455,-2.051181651232928,3102.1429421781663,289.63637924625135,-0.1745,70.06655515079342,-10.637673157555726,0.165,2.5041551782479616,-0.10279944849690452
51.100000000000456,-2.3141753427894067,3109.1501922645843,288.7056696678141,-0.06225,70.07844657756466,-7.976518411189726,0.8300000000000001,2.5041551782479616,-0.10279944849690452
51.20000000000046,-2.4863792422489075,3116.152216016657,287.8621148924727,-0.1745,69.96202846388287,-8.89457709563924,0.165,2.5041551782479616,-0.10279944849690452
51.30000000000046,-2.5996912090070183,3123.1453061300576,286.9425519627675,-0.1745,69.8997738041315,-9.496681498464962,0.165,2.5041551782479616,-0.10279944849690452
51.40000000000046,-2.6727076100308462,3130.1371495680078,285.9725563129271,-0.1745,69.93709495486848,-9.903231498342283,0.8300000000000001,2.5041551782479616,-0.10279944849690452
51.50000000000046,-2.7204054980707437,3137.1305392375957,284.96937433265236,-0.1745,69.93069843688738,-10.160408107152248,0.165,2.5041551782479616,-0.10279944849690452
51.60000000000046,-2.751552247344617,3144.1239803880812,283.9448876616765,-0.1745,69.93812457282476,-10.329325312364796,0.165,2.5041551782479616,-0.10279944849690452
51.700000000000465,-2.771885890406902,3151.1186088429004,282.9063962595235,-0.1745,69.95444452355578,-10.440502730695188,0.165,2.5041551782479616,-0.10279944849690452
51.800000000000466,-2.7851590154691674,3158.1151556133427,281.8586747486826,-0.1745,69.9764908852891,-10.513927486122828,0.165,2.5041551782479616,-0.10279944849690452
51.90000000000047,-2.793824278881086,3165.1140909898713,280.8048444063042,-0.1745,70.00221664528543,-10.562679361444978,0.165,2.5041551782479616,-0.10279944849690452
52.00000000000047,-2.7994839213607188,3172.115716525421,279.7469448146248,-0.1745,70.03029406570315,-10.595312472142947,0.165,2.5041551782479616,-0.10279944849690452
52.10000000000047,-2.803184197760149,3179.1202242285017,278.6863082809274,-0.1745,70.05985999591736,-10.617418201804535,0.165,2.5041551782479616,-0.10279944849690452
52.20000000000047,-2.8056080574983095,3186.1277348560347,277.62380488503186,-0.1745,70.09035255474012,-10.632649716106505,0.165,2.5041551782479616,-0.10279944849690452
52.30000000000047,-2.8072011525274903,3193.1383227695746,276.56000275352784,-0.1745,70.12140571605457,-10.64339291397356,0.165,2.5041551782479616,-0.10279944849690452
52.400000000000475,-2.8082541986059066,3200.1520321042753,275.495272832643,-0.1745,70.15278097796299,-10.651205503722338,0.165,2.5041551782479616,-0.10279944849690452
52.500000000000476,-2.80895678419487,3207.168887300624,274.4298573491366,-0.1745,70.1843229490108,-10.657104166405759,0.165,2.5041551782479616,-0.10279944849690452
52.60000000000048,-2.8094325118588905,3214.188899969618,273.3639145271323,-0.1745,70.21593043086143,-10.661752273681296,0.165,2.5041551782479616,-0.10279944849690452
52.70000000000048,-2.642178629729351,3221.212073369721,272.2975477860602,-0.1745,70.24753757120506,-10.665582547760604,0.165,2.5041551782479616,-0.10279944849690452
52.80000000000048,-2.7012462285225607,3228.2407691100625,271.26056719043197,-0.1495,70.32637723561997,-10.074029364803788,0.165,2.5041551782479616,-0.10279944849690452
52.90000000000048,-2.7397250322282685,3235.273382486341,270.24269262772424,-0.1745,70.3258902899501,-10.283461889350445,0.165,2.5041551782479616,-0.10279944849690452
53.00000000000048,-2.764790164613488,3242.3065089458896,269.20748499609977,-0.1745,70.33663890103045,-10.420690743139263,0.165,2.5041551782479616,-0.10279944849690452
53.100000000000485,-2.781121127134158,3249.3410709558116,268.1609082621024,-0.1745,70.35460129741283,-10.510843936808655,0.165,2.5041551782479616,-0.10279944849690452
53.200000000000486,-2.7917678115806432,3256.377660663617,267.10685007914714,-0.1745,70.3771928586975,-10.570319722297045,0.165,2.5041551782479616,-0.10279944849690452
53.30000000000049,-2.798716948853838,3263.4166575541917,266.04784348198416,-0.1745,70.4027449528002,-10.609812220962946,0.165,2.5041551782479616,-0.10279944849690452
53.40000000000049,-2.803262148461621,3270.458303661533,264.98553828743934,-0.1745,70.43017719402927,-10.63629166993305,0.165,2.5041551782479616,-0.10279944849690452
53.50000000000049,-2.806245395307135,3277.5027519628347,263.92100875355374,-0.1745,70.45878883199865,-10.654299007778828,0.165,2.5041551782479616,-0.10279944849690452
53.60000000000049,-2.808214538106571,3284.5500976491994,262.8549542349778,-0.1745,70.48812489529865,-10.666791363739856,0.165,2.5041551782479616,-0.10279944849690452
53.70000000000049,-2.641399516852579,3291.600398386352,261.78782997701205,-0.1745,70.51788984775023,-10.67569379557546,0.165,2.5041551782479616,-0.10279944849690452
53.800000000000495,-2.7010857747051475,3298.6593790536976,260.74940981996883,-0.1495,70.66172349916393,-10.092709345289109,0.8300000000000001,2.5041551782479616,-0.10279944849690452
53.900000000000496,-2.739882136252279,3305.725435780251,259.72952115747125,-0.1745,70.65941103189843,-10.305063904663008,0.165,2.5041551782479616,-0.10279944849690452
54.0000000000005,-2.7651040594959015,3312.7918352311412,258.6920774382683,-0.1745,70.66857798591329,-10.443810479395815,0.165,2.5041551782479616,-0.10279944849690452
54.1000000000005,-2.7815100169267044,3319.859519004405,257.64315230245575,-0.1745,70.68509747935677,-10.53469223685502,0.165,2.5041551782479616,-0.10279944849690452
54.2000000000005,-2.792193239794561,3326.9290901111503,256.58669448129143,-0.1745,70.70632465555065,-10.594464186431352,0.165,2.5041551782479616,-0.10279944849690452
54.3000000000005,-2.7991634283147393,3334.0009341730697,255.52527006292027,-0.1745,70.73055658284113,-10.634024180991599,0.165,2.5041551782479616,-0.10279944849690452
54.4000000000005,-2.8037257435920693,3341.075296681465,254.4605460277153,-0.1745,70.75669358506183,-10.660456523107362,0.165,2.5041551782479616,-0.10279944849690452
54.500000000000504,-2.0506220548895726,3348.152332574144,253.39360498415598,-0.1745,70.78402426852396,-10.678364348079052,0.165,2.5041551782479616,-0.10279944849690452
54.600000000000506,-2.3199527728689366,3355.2312824002897,252.461419766932,-0.06225,70.79497225439219,-7.965339996400294,0.8300000000000001,2.5041551782479616,-0.10279944849690452
54.70000000000051,-2.4953805023135343,3362.304534698498,251.61743098850536,-0.1745,70.67007370977416,-8.914435572132888,0.165,2.5041551782479616,-0.10279944849690452
54.80000000000051,-2.609576363360222,3369.368139615146,250.69504028539134,-0.1745,70.60202462318645,-9.533378490147285,0.165,2.5041551782479616,-0.10279944849690452
54.90000000000051,-2.6838791565959346,3376.4267173295957,249.7215145830426,-0.1745,70.56952966581213,-9.937135556827858,0.165,2.5041551782479616,-0.10279944849690452
55.00000000000051,-2.732744750989786,3383.4831712129103,248.71462515870903,-0.1745,70.55954800047735,-10.20065292984364,0.165,2.5041551782479616,-0.10279944849690452
55.10000000000051,-2.595166890613318,3390.542619548673,247.68537403252785,-0.1745,70.62941871477337,-10.384369593780166,0.8300000000000001,2.5041551782479616,-0.10279944849690452
55.200000000000514,-2.6743065459717643,3397.61049033611,246.67116903885673,-0.1495,70.72799703397024,-9.899730279641982,0.495,2.5041551782479616,-0.10279944849690452
55.300000000000516,-2.725732364427233,3404.682619859316,245.66714470056726,-0.1745,70.71459343015245,-10.180756486147395,0.165,2.5041551782479616,-0.10279944849690452
55.40000000000052,-2.759150028670833,3411.754179646644,244.63990215860102,-0.1745,70.7166023163978,-10.364094353177675,0.165,2.5041551782479616,-0.10279944849690452
55.50000000000052,-2.7813620295349977,3418.826433096302,243.59750176847916,-0.1745,70.72846667676008,-10.483913449259642,0.165,2.5041551782479616,-0.10279944849690452
55.60000000000052,-2.7948399999381635,3425.9034630416563,242.54460613028238,-0.1745,70.81213223032411,-10.573999314675849,0.8300000000000001,2.5041551782479616,-0.10279944849690452
55.70000000000052,-2.803622108543828,3432.985791438737,241.48473557869224,-0.1745,70.83443571129439,-10.623411717126668,0.165,2.5041551782479616,-0.10279944849690452
55.80000000000052,-2.809360918633778,3440.070472649274,240.4207547880709,-0.1745,70.85918849944223,-10.656204095299989,0.165,2.5041551782479616,-0.10279944849690452
55.900000000000524,-2.813128470844803,3447.157706382676,239.35403393108714,-0.1745,70.88548616859694,-10.67821304437528,0.165,2.5041551782479616,-0.10279944849690452
56.000000000000526,-2.8156199765453316,3454.247617884055,238.2854619428579,-0.1745,70.91274385897853,-10.693226720209983,0.165,2.5041551782479616,-0.10279944849690452
56.10000000000053,-2.817286138227561,3461.340284230784,237.21561546246758,-0.1745,70.94058307559712,-10.703702887596409,0.165,2.5041551782479616,-0.10279944849690452
56.20000000000053,-2.818419061515014,3468.435751324594,236.14486853573783,-0.1745,70.96875880060158,-10.711235646998952,0.165,2.5041551782479616,-0.10279944849690452
56.30000000000053,-2.8192080121473175,3475.534044886246,235.0734638217573,-0.1745,70.99711243243972,-10.716858632612063,0.165,2.5041551782479616,-0.10279944849690452
56.40000000000053,-2.8197755894885623,3482.63517757526,234.00155879574206,-0.1745,71.02554134783803,-10.721241887692301,0.165,2.5041551782479616,-0.10279944849690452
56.50000000000053,-2.8202011875153428,3489.739153602379,232.92925571873386,-0.1745,71.05397919453306,-10.724819652471869,0.165,2.5041551782479616,-0.10279944849690452
56.600000000000534,-2.8205362065414863,3496.8459717183096,231.8566210720493,-0.1745,71.08238312408339,-10.727873281219297,0.165,2.5041551782479616,-0.10279944849690452
56.700000000000536,-2.8208139136329753,3503.9556271504257,230.78369815658127,-0.1745,71.11072551823673,-10.730585028141796,0.165,2.5041551782479616,-0.10279944849690452
56.80000000000054,-2.8210558326229593,3511.0681128576716,229.71051525881754,-0.1745,71.1389886266779,-10.733072927132737,0.165,2.5041551782479616,-0.10279944849690452
56.90000000000054,-2.8212758841289913,3518.183420343591,228.6370909422043,-0.1745,71.16716109170748,-10.735413405132062,0.165,2.5041551782479616,-0.10279944849690452
57.00000000000054,-2.8214830671806745,3525.301540182979,227.56343747498613,-0.1745,71.19523569605147,-10.737655939231232,0.165,2.5041551782479616,-0.10279944849690452
57.10000000000054,-2.8216831957908566,3532.4224623629575,226.48956305029807,-0.1745,71.22320790352443,-10.739832554529904,0.165,2.5041551782479616,-0.10279944849690452
57.20000000000054,-2.8218800232647476,3539.5461765038135,225.41547322370593,-0.1745,71.25107491359354,-10.741963977313201,0.165,2.5041551782479616,-0.10279944849690452
57.300000000000544,-2.822075969944228,3546.672672001943,224.34117184381805,-0.1745,71.27883504899178,-10.744063620444287,0.165,2.5041551782479616,-0.10279944849690452
57.400000000000546,-2.822272594155428,3553.8019381223494,223.26666165459136,-0.1745,71.3064873591376,-10.746140164089438,0.165,2.5041551782479616,-0.10279944849690452
57.50000000000055,-2.822470896905255,3560.9339640584744,222.19194468506336,-0.1745,71.33403136336482,-10.748199226470632,0.165,2.5041551782479616,-0.10279944849690452
57.60000000000055,-2.8226715189711755,3568.0687389708783,221.11702250147698,-0.1745,71.36146688470974,-10.750244445257069,0.165,2.5041551782479616,-0.10279944849690452
57.70000000000055,-2.652541358850666,3575.206252012231,220.04189637034742,-0.1745,71.38879394234164,-10.752278177334214,0.165,2.5041551782479616,-0.10279944849690452
57.80000000000055,-2.713070253799064,3582.352284852511,218.99680316205615,-0.1495,71.5318628632588,-10.149585988491065,0.8300000000000001,2.5041551782479616,-0.10279944849690452
57.90000000000055,-2.7521898287703377,3589.505137299015,217.97097999760888,-0.1745,71.52518606682494,-10.366877300454298,0.165,2.5041551782479616,-0.10279944849690452
58.000000000000554,-2.7774919107054474,3596.6579205959733,216.927246043891,-0.1745,71.53047987234298,-10.507801773903667,0.165,2.5041551782479616,-0.10279944849690452
58.100000000000556,-2.7938808137707856,3603.811614226632,215.87188551550082,-0.1745,71.54339274083803,-10.599408793899842,0.165,2.5041551782479616,-0.10279944849690452
58.20000000000056,-2.8047612175733247,3610.966841632068,214.80895601205575,-0.1745,71.5611553678734,-10.659181275001815,0.165,2.5041551782479616,-0.10279944849690452
58.30000000000056,-2.811377191131354,3618.125624190994,213.74078988404372,-0.1745,71.61449581065412,-10.704141285238554,0.495,2.5041551782479616,-0.10279944849690452
58.40000000000056,-2.8157220565743057,3625.2882153261353,212.66913496211805,-0.1745,71.63732689216538,-10.72895715327465,0.165,2.5041551782479616,-0.10279944849690452
58.50000000000056,-2.818605109419191,3632.4531471267255,211.59540543617624,-0.1745,71.6613091196427,-10.745633365561917,0.165,2.5041551782479616,-0.10279944849690452
58.60000000000056,-2.8205478963042943,3639.6205123496634,210.52027068301445,-0.1745,71.68599533911605,-10.75706169767387,0.165,2.5041551782479616,-0.10279944849690452
58.700000000000564,-2.8218864365821745,3646.790367009145,209.44416227226262,-0.1745,71.71109785051652,-10.76510651736245,0.165,2.5041551782479616,-0.10279944849690452
58.800000000000566,-2.8228371650603106,3653.9627434782724,208.36735847216787,-0.1745,71.73643153202958,-10.770969484532396,0.165,2.5041551782479616,-0.10279944849690452
58.90000000000057,-2.8235394567043004,3661.1376589196725,207.2900387516284,-0.1745,71.76187729597606,-10.77542492625696,0.165,2.5041551782479616,-0.10279944849690452
59.00000000000057,-2.8240830415017153,3668.315120713422,206.21231892084725,-0.1745,71.78735857901646,-10.778971689365907,0.165,2.5041551782479616,-0.10279944849690452
59.10000000000057,-2.8245256735832824,3675.4951299527056,205.1342737825204,-0.1745,71.81282620665307,-10.781931077170817,0.165,2.5041551782479616,-0.10279944849690452
59.20000000000057,-2.8249045163211366,3682.677683695299,204.05595172888175,-0.1745,71.83824864521588,-10.784509995602548,0.165,2.5041551782479616,-0.10279944849690452
59.30000000000057,-2.825243476608921,3689.8627764136863,202.97738414624314,-0.1745,71.86360572252778,-10.786841657169566,0.165,2.5041551782479616,-0.10279944849690452
59.400000000000574,-2.8255579285476182,3697.050400928953,201.89859147276425,-0.1745,71.8888845828083,-10.789011812408358,0.165,2.5041551782479616,-0.10279944849690452
59.500000000000576,-2.8258577551007042,3704.2405490121423,200.8195870996072,-0.1745,71.91407708098143,-10.791075650732983,0.165,2.5041551782479616,-0.10279944849690452
59.60000000000058,-2.8261493062453686,3711.43321177141,199.74037988271093,-0.1745,71.93917810436791,-10.793068687192296,0.165,2.5041551782479616,-0.10279944849690452
59.70000000000058,-2.8264366593221792,3718.628379901221,198.6609757596661,-0.1745,71.96418449185276,-10.795013773704543,0.165,2.5041551782479616,-0.10279944849690452
59.80000000000058,-2.8267224300809,3725.8260438427105,197.5813787903091,-0.1745,71.98909433794257,-10.796925613435613,0.165,2.5041551782479616,-0.10279944849690452
59.90000000000058,-2.827008294487552,3733.0261938868443,196.50159182629255,-0.1745,72.01390654473185,-10.79881366689517,0.165,2.5041551782479616,-0.10279944849690452
60.00000000000058,-2.8272953243733627,3740.228820240757,195.42161694183162,-0.1745,72.03862053352252,-10.800684022323415,0.165,2.5041551782479616,-0.10279944849690452
60.100000000000584,-2.8275842032946112,3747.433913070395,194.34145571075356,-0.1745,72.06323605924146,-10.80254059923772,0.165,2.5041551782479616,-0.10279944849690452
60.200000000000585,-2.827875365326395,3754.641462527909,193.26110938465544,-0.1745,72.0877530910355,-10.804385922725004,0.165,2.5041551782479616,-0.10279944849690452
60.30000000000059,-2.828169084286275,3761.851458769234,192.18057900744546,-0.1745,72.11217173546055,-10.806221621474682,0.165,2.5041551782479616,-0.10279944849690452
60.40000000000059,-2.8284655310801066,3769.063891965361,191.09986548896907,-0.1745,72.13649218708055,-10.808048748053293,0.165,2.5041551782479616,-0.10279944849690452
60.50000000000059,-2.828764810551899,3776.2787523095503,190.01896965232518,-0.1745,72.16071469670126,-10.809867984824567,0.165,2.5041551782479616,-0.10279944849690452
60.60000000000059,-2.8290669851583465,3783.4960300219327,188.93789226426802,-0.1745,72.18483955094769,-10.811679776318568,0.165,2.5041551782479616,-0.10279944849690452
60.70000000000059,-2.8293720901756645,3790.7157153524367,187.8566340547369,-0.1745,72.20886705913686,-10.813484414303742,0.165,2.5041551782479616,-0.10279944849690452
60.800000000000594,-2.8296801434653402,3797.937798582636,186.77519572939917,-0.1745,72.23279754484146,-10.815282092450644,0.165,2.5041551782479616,-0.10279944849690452
60.900000000000595,-2.829991151744346,3805.1622700269013,185.69357797770417,-0.1745,72.256631340469,-10.817072941449425,0.165,2.5041551782479616,-0.10279944849690452
61.0000000000006,-2.830305114610126,3812.3891200331136,184.61178147805342,-0.1745,72.28036878377927,-10.818857051565692,0.165,2.5041551782479616,-0.10279944849690452
61.1000000000006,-2.8306220271237352,3819.618338983085,183.5298069011189,-0.1745,72.30401021564721,-10.820634487125092,0.165,2.5041551782479616,-0.10279944849690452
61.2000000000006,-2.8309418814672345,3826.8499172927986,182.447654911972,-0.1745,72.32755597862612,-10.822405295812878,0.165,2.5041551782479616,-0.10279944849690452
61.3000000000006,-2.831737484344816,3834.083845412531,181.3653261714492,-0.1745,72.35100641602484,-10.824169514643222,0.165,2.5041551782479616,-0.10279944849690452
61.4000000000006,-2.658248518194126,3841.3233883316852,180.2822440646502,-0.1745,72.43985196706205,-10.837472621336694,0.8300000000000001,2.5041551782479616,-0.10279944849690452
61.500000000000604,-2.7208281814985242,3848.571174914286,179.23018513790342,-0.1495,72.51587968495123,-10.20370591359865,0.165,2.5041551782479616,-0.10279944849690452
61.600000000000605,-2.7610058979862835,3855.822146642216,178.19846790599965,-0.1745,72.50355487364443,-10.430638724476967,0.165,2.5041551782479616,-0.10279944849690452
61.70000000000061,-2.786836960620737,3863.072524675062,177.14810758787988,-0.1745,72.50400578327559,-10.576567637918224,0.165,2.5041551782479616,-0.10279944849690452
61.80000000000061,-2.8034845326618947,3870.323351441264,176.08574956654294,-0.1745,72.5125295407594,-10.67059278882067,0.165,2.5041551782479616,-0.10279944849690452
61.90000000000061,-2.8142560738532834,3877.575285809764,175.0156512053716,-0.1745,72.52615782923796,-10.731374434606046,0.165,2.5041551782479616,-0.10279944849690452
62.00000000000061,-2.8212693266367648,3884.828744089097,173.94053891671243,-0.1745,72.54300775742247,-10.770871338577246,0.165,2.5041551782479616,-0.10279944849690452
62.10000000000061,-2.825879766826345,3892.083988537065,172.86215816090166,-0.1745,72.56188120193252,-10.796743777637888,0.165,2.5041551782479616,-0.10279944849690452
62.200000000000614,-2.8289547116920093,3899.3411833125792,171.78162613859578,-0.1745,72.58201430835321,-10.813896668479664,0.165,2.5041551782479616,-0.10279944849690452
62.300000000000615,-2.831048978584006,3906.6004300052373,170.6996578233528,-0.1745,72.60291954480807,-10.825469636379951,0.165,2.5041551782479616,-0.10279944849690452
62.40000000000062,-2.8325173968862973,3913.861790260814,169.61671075181962,-0.1745,72.62428556672529,-10.833471794283284,0.165,2.5041551782479616,-0.10279944849690452
62.50000000000062,-2.833586845295715,3921.1253002147264,168.53307773682434,-0.1745,72.64591351152491,-10.83918850562227,0.165,2.5041551782479616,-0.10279944849690452
62.60000000000062,-2.834402359941701,3928.390979709366,167.44894621537085,-0.1745,72.66767638126845,-10.8434419234475,0.165,2.5041551782479616,-0.10279944849690452
62.70000000000062,-2.8350566383326288,3935.658838183986,166.36443622856183,-0.1745,72.68949311112691,-10.84675781273272,0.165,2.5041551782479616,-0.10279944849690452
62.80000000000062,-2.8356089140189806,3942.928878439576,165.2796247211666,-0.1745,72.71131200066868,-10.849472335171352,0.165,2.5041551782479616,-0.10279944849690452
62.900000000000624,-2.8360970287188754,3950.201099045747,164.19456108510394,-0.1745,72.7331001227582,-10.851800386082223,0.165,2.5041551782479616,-0.10279944849690452
63.000000000000625,-2.8365451520037457,3957.4754958794856,163.10927709996633,-0.1745,72.75483655201145,-10.853879316669811,0.165,2.5041551782479616,-0.10279944849690452
63.10000000000063,-2.8374465075755446,3964.752063108837,162.02379328904124,-0.1745,72.77650803501297,-10.85579690183209,0.165,2.5041551782479616,-0.10279944849690452
63.20000000000063,-2.837214398638338,3972.034068326468,160.93754571023496,-0.1745,72.86359631761393,-10.869154674293709,0.8300000000000001,2.5041551782479616,-0.10279944849690452
63.30000000000063,-2.8374461193729426,3979.321508617577,159.85066197388673,-0.1745,72.88520950455921,-10.868520052671036,0.165,2.5041551782479616,-0.10279944849690452
63.40000000000063,-2.837267896753916,3986.6127245189305,158.76351483708297,-0.1745,72.93910852251054,-10.874422683404164,0.495,2.5041551782479616,-0.10279944849690452
63.50000000000063,-2.83729982704485,3993.90769934292,157.67609726279397,-0.1745,72.96038795727486,-10.873928802375787,0.165,2.5041551782479616,-0.10279944849690452
63.600000000000634,-2.83746662898879,4001.20479196453,156.58869157920805,-0.1745,72.9814644749295,-10.874184869343056,0.165,2.5041551782479616,-0.10279944849690452
63.700000000000635,-2.8377203058909375,4008.503984229592,155.50123649248354,-0.1745,73.00238082630506,-10.87491686514704,0.165,2.5041551782479616,-0.10279944849690452
63.80000000000064,-2.8380302603835643,4015.805261490643,154.4136931464679,-0.1745,73.0231643947138,-10.875950055166188,0.165,2.5041551782479616,-0.10279944849690452
63.90000000000064,-2.8383769888306043,4023.1086113482393,153.3260369918833,-0.1745,73.04383275721982,-10.877173036525123,0.165,2.5041551782479616,-0.10279944849690452
64.00000000000064,-2.838748059753903,4030.414022847842,152.23825260016062,-0.1745,73.06439723482777,-10.878514797928519,0.165,2.5041551782479616,-0.10279944849690452
64.10000000000063,-2.839135549377268,4037.721485967491,151.1503303560298,-0.1745,73.08486515815193,-10.879930084687794,0.165,2.5041551782479616,-0.10279944849690452
64.20000000000063,-2.83977337749897,4045.0309912910466,150.06226434861196,-0.1745,73.10524131295642,-10.88139006366897,0.165,2.5041551782479616,-0.10279944849690452
64.30000000000062,-2.8398633159462445,4052.344154742031,148.9737645609454,-0.1745,73.15802770673605,-10.88860568966234,0.495,2.5041551782479616,-0.10279944849690452
64.40000000000062,-2.840075949726156,4059.660969867229,147.884887985921,-0.1745,73.17827479722436,-10.88892581082522,0.165,2.5041551782479616,-0.10279944849690452
64.50000000000061,-2.840367542457325,4066.9798021735674,146.79595773409508,-0.1745,73.19837132954281,-10.889679225693456,0.165,2.5041551782479616,-0.10279944849690452
64.6000000000006,-2.8407102568120295,4074.300637858232,145.70693845894638,-0.1745,73.21834236375835,-10.890706277280328,0.165,2.5041551782479616,-0.10279944849690452
64.7000000000006,-2.8410863764146588,4081.623465174758,144.61780787813828,-0.1745,73.23820396675771,-10.891905338881884,0.165,2.5041551782479616,-0.10279944849690452
64.8000000000006,-2.841484626628434,4088.948273696966,143.5285520244647,-0.1745,73.2579664774041,-10.89321173458982,0.165,2.5041551782479616,-0.10279944849690452
64.90000000000059,-2.8418978321801722,4096.27505385018,142.4391622220761,-0.1745,73.27763658686227,-10.894584313181586,0.165,2.5041551782479616,-0.10279944849690452
65.00000000000058,-2.842321426121641,4103.603796612709,141.34963316151698,-0.1745,73.29721866371275,-10.89599689800106,0.165,2.5041551782479616,-0.10279944849690452
65.10000000000058,-2.842752500860899,4110.934493325786,140.2599616744733,-0.1745,73.31671559783584,-10.897432842872897,0.165,2.5041551782479616,-0.10279944849690452
65.20000000000057,-2.8431892042898133,4118.267135572564,139.1701459540163,-0.1745,73.33612933772463,-10.898881566266821,0.165,2.5041551782479616,-0.10279944849690452
65.30000000000057,-2.843630355573744,4125.601715101077,138.08018505844203,-0.1745,73.35546123253741,-10.900336345218946,0.165,2.5041551782479616,-0.10279944849690452
65.40000000000056,-2.8440752007390584,4132.938223775194,136.990078595614,-0.1745,73.37471224980929,-10.901792911341865,0.165,2.5041551782479616,-0.10279944849690452
65.50000000000055,-2.8445232572167667,4140.276653543385,135.89982652217475,-0.1745,73.39388311399914,-10.903248557443048,0.165,2.5041551782479616,-0.10279944849690452
65.60000000000055,-2.8449742149815807,4147.616996418817,134.80942901584544,-0.1745,73.4129743946432,-10.904701569142965,0.165,2.5041551782479616,-0.10279944849690452
65.70000000000054,-2.8454278736922065,4154.9592444666705,133.71888639422227,-0.1745,73.43198656243575,-10.90615086332053,0.165,2.5041551782479616,-0.10279944849690452
65.80000000000054,-2.8458841027289212,4162.303389796038,132.6281990631482,-0.1745,73.45092002490013,-10.90759575816059,0.165,2.5041551782479616,-0.10279944849690452
65.90000000000053,-2.846342815791803,4169.6494245547365,131.53736748389392,-0.1745,73.46977514907432,-10.909035826924962,0.165,2.5041551782479616,-0.10279944849690452
66.00000000000053,-2.846803954756811,4176.997340925987,130.44639215229873,-0.1745,73.48855227593606,-10.910470804978768,0.165,2.5041551782479616,-0.10279944849690452
66.10000000000052,-2.847267479417175,4184.347131126263,129.35527358551548,-0.1745,73.50725172957395,-10.911900530686239,0.165,2.5041551782479616,-0.10279944849690452
66.20000000000051,-2.8477333609655586,4191.698787403892,128.26401231358898,-0.1745,73.52587382301739,-10.913324907843522,0.165,2.5041551782479616,-0.10279944849690452
66.30000000000051,-2.848201577853514,4199.052302038141,127.17260887410659,-0.1745,73.54441886194209,-10.914743881804311,0.165,2.5041551782479616,-0.10279944849690452
66.4000000000005,-2.848672113161514,4206.407667338589,126.08106380880089,-0.1745,73.56288714702505,-10.916157424309718,0.165,2.5041551782479616,-0.10279944849690452
66.5000000000005,-2.849144952928662,4213.764875644712,124.98937766139288,-0.1745,73.58127897544108,-10.917565523850433,0.165,2.5041551782479616,-0.10279944849690452
66.60000000000049,-2.849620085092008,4221.123919325575,123.89755097622313,-0.1745,73.59959464181378,-10.918968179544501,0.165,2.5041551782479616,-0.10279944849690452
66.70000000000049,-2.8500974988130343,4228.484790779607,122.80558429738346,-0.1745,73.61783443881983,-10.920365397248904,0.165,2.5041551782479616,-0.10279944849690452
66.80000000000048,-2.8510642217069844,4235.847482434427,121.7134781681665,-0.1745,73.63599865757308,-10.921757187090199,0.165,2.5041551782479616,-0.10279944849690452
66.90000000000047,-2.8509107292920572,4243.2152612514865,120.62065585833983,-0.1745,73.71957768361575,-10.934689009443213,0.8300000000000001,2.5041551782479616,-0.10279944849690452
67.00000000000047,-2.850994934040474,4250.588124294266,119.52723712846966,-0.1745,73.73768317196816,-10.933685587960188,0.165,2.5041551782479616,-0.10279944849690452
67.10000000000046,-2.851230491742245,4257.962787468654,118.43387566086017,-0.1745,73.75558031578691,-10.933543764229862,0.165,2.5041551782479616,-0.10279944849690452
67.20000000000046,-2.851562699195621,4265.339232421756,117.34050118068569,-0.1745,73.77331874625668,-10.9339458392595,0.165,2.5041551782479616,-0.10279944849690452
67.30000000000045,-2.8519569030111445,4272.717444860226,116.2470693634887,-0.1745,73.79093002315575,-10.934690504680365,0.165,2.5041551782479616,-0.10279944849690452
67.40000000000045,-2.6758357435014073,4280.097413073786,115.15355232713135,-0.1745,73.80843424803086,-10.935650222466593,0.165,2.5041551782479616,-0.10279944849690452
67.50000000000044,-2.7411721909881237,4287.483573046734,114.09256759911597,-0.1495,73.91476521092574,-10.284044337841065,0.495,2.5041551782479616,-0.10279944849690452
67.60000000000043,-2.7827185857192243,4294.874027083308,113.05214448066786,-0.1745,73.89431552054283,-10.52441803112098,0.165,2.5041551782479616,-0.10279944849690452
67.70000000000043,-2.8091978937095865,4302.263133215368,111.9920679728011,-0.1745,73.88780712065068,-10.67711212621441,0.165,2.5041551782479616,-0.10279944849690452
67.80000000000042,-2.8261387490519843,4309.652024402293,110.91949967835689,-0.1745,73.89001661786088,-10.774253762669847,0.165,2.5041551782479616,-0.10279944849690452
67.90000000000042,-2.8370433040872904,4317.041409522701,109.83897640928942,-0.1745,73.89768579029563,-10.83621161867964,0.165,2.5041551782479616,-0.10279944849690452
68.00000000000041,-2.8441291006794707,4324.4317323829355,108.7533711943454,-0.1745,73.90877141439809,-10.87589268020047,0.165,2.5041551782479616,-0.10279944849690452
68.1000000000004,-2.848799821159254,4331.823270349919,107.66450295229735,-0.1745,73.92198792527795,-10.901472160760655,0.165,2.5041551782479616,-0.10279944849690452
68.2000000000004,-2.8519437534523036,4339.21619598703,106.57352302339837,-0.1745,73.93652481695045,-10.918126417219181,0.165,2.5041551782479616,-0.10279944849690452
68.3000000000004,-2.854122908620545,4346.610615751845,105.4811600977,-0.1745,73.95187047935438,-10.929132096748239,0.165,2.5041551782479616,-0.10279944849690452
68.40000000000039,-2.8556927983149154,4354.00659436407,104.38787535017477,-0.1745,73.96770176514292,-10.93656285375645,0.165,2.5041551782479616,-0.10279944849690452
68.50000000000038,-2.064325350150111,4361.4041701780525,103.29396066934059,-0.1745,73.98381451449762,-10.94173076292691,0.165,2.5041551782479616,-0.10279944849690452
68.60000000000038,-2.3579304433624566,4368.80117503181,102.34884936969833,-0.06225,73.95628256065753,-7.960495229918266,0.495,2.5041551782479616,-0.10279944849690452
68.70000000000037,-2.544674253174553,4376.188726609947,101.49890504824002,-0.1745,73.7947490020646,-9.038391199247885,0.165,2.5041551782479616,-0.10279944849690452
68.80000000000037,-2.663448012175917,4383.563560945577,100.56080220463534,-0.1745,73.70193771053911,-9.723665672845843,0.165,2.5041551782479616,-0.10279944849690452
68.90000000000036,-2.739017704783313,4390.93120506237,99.56664612465319,-0.1745,73.65094462532424,-10.159455926797126,0.165,2.5041551782479616,-0.10279944849690452
69.00000000000036,-2.787144135283166,4398.295040798208,98.53683975262938,-0.1745,73.62577009143472,-10.436671513679254,0.165,2.5041551782479616,-0.10279944849690452
69.10000000000035,-2.0296928688981444,4405.6571631684155,97.48434962173269,-0.1745,73.6166773127075,-10.61313110425433,0.165,2.5041551782479616,-0.10279944849690452
69.20000000000034,-2.3385645254578686,4413.017592237619,96.56489214589742,-0.06225,73.59190407136678,-7.776018412451047,0.495,2.5041551782479616,-0.10279944849690452
69.30000000000034,-2.5356178275924925,4420.3683384327815,95.7308734127755,-0.1745,73.42301983187973,-8.904356249987377,0.165,2.5041551782479616,-0.10279944849690452
69.40000000000033,-2.6613196947807434,4427.705792639768,94.80445812625166,-0.1745,73.32606430785243,-9.623949480489348,0.165,2.5041551782479616,-0.10279944849690452
69.50000000000033,-2.7415227298673077,4435.035741811672,93.81910972539123,-0.1745,73.27291913021396,-10.083018536719193,0.165,2.5041551782479616,-0.10279944849690452
69.60000000000032,-2.792733002190531,4442.361731080674,92.79616027661788,-0.1745,73.24686624982671,-10.375970438747588,0.165,2.5041551782479616,-0.10279944849690452
69.70000000000032,-2.6506285149312903,4449.685960572868,91.74920988557285,-0.1745,73.23772359405213,-10.56303738215306,0.165,2.5041551782479616,-0.10279944849690452
69.80000000000031,-2.7350908212163505,4457.016058624139,90.7187201236248,-0.1495,73.36423743137675,-10.046757856807762,0.8300000000000001,2.5041551782479616,-0.10279944849690452
69.9000000000003,-2.7889811473307207,4464.351033148465,89.6986041576651,-0.1745,73.33525305514578,-10.355561462386285,0.165,2.5041551782479616,-0.10279944849690452
70.0000000000003,-2.8234145380921434,4471.684003993527,88.6531968499442,-0.1745,73.3241638460966,-10.552584692031836,0.165,2.5041551782479616,-0.10279944849690452
70.10000000000029,-2.8454711974880755,4479.016426743226,87.5916456948941,-0.1745,73.32429114788471,-10.678438408970182,0.165,2.5041551782479616,-0.10279944849690452
70.20000000000029,-2.8596581994311006,4486.349214687631,86.51977380189552,-0.1745,73.33146774021615,-10.758999451001145,0.165,2.5041551782479616,-0.10279944849690452
70.30000000000028,-2.8688431719907648,4493.6829418545285,85.44128650306598,-0.1745,73.34307559774956,-10.810746525589845,0.165,2.5041551782479616,-0.10279944849690452
70.40000000000028,-2.874849926606371,4501.017968776347,84.35854077215048,-0.1745,73.35746283861945,-10.84416809272026,0.165,2.5041551782479616,-0.10279944849690452
70.50000000000027,-2.87883804417255,4508.354521137158,83.27303551126249,-0.1745,73.37358437761917,-10.86593712503938,0.165,2.5041551782479616,-0.10279944849690452
70.60000000000026,-2.8815445964264743,4515.692739253689,82.18572377088023,-0.1745,73.39077795298935,-10.880297682605812,0.165,2.5041551782479616,-0.10279944849690452
70.70000000000026,-2.8834379882974615,4523.032709326733,81.09721147286244,-0.1745,73.40862350789914,-10.889948277750056,0.165,2.5041551782479616,-0.10279944849690452
70.80000000000025,-2.0986860114633403,4530.374483226758,80.00788384329118,-0.1745,73.42685449259282,-10.896604313675232,0.165,2.5041551782479616,-0.10279944849690452
70.90000000000025,-2.387898094559402,4537.715836769923,79.06495216414463,-0.06225,73.4002163707197,-7.962029269255936,0.495,2.5041551782479616,-0.10279944849690452
71.00000000000024,-2.5726373608931508,4545.048116960267,78.21604040612398,-0.1745,73.24538743617013,-9.016205891157147,0.165,2.5041551782479616,-0.10279944849690452
71.10000000000024,-2.6906312736579125,4552.368238973837,77.28075807774015,-0.1745,73.15705283523377,-9.689440676519649,0.165,2.5041551782479616,-0.10279944849690452
71.20000000000023,-2.766013186528495,4559.681560553715,76.29031017206664,-0.1745,73.10937876232882,-10.119517436950344,0.165,2.5041551782479616,-0.10279944849690452
71.30000000000022,-2.8142096964828096,4566.99137557306,75.26461669991562,-0.1745,73.08692162458733,-10.39435200607003,0.165,2.5041551782479616,-0.10279944849690452
71.40000000000022,-2.845072974341271,4574.299733570588,74.21639349615002,-0.1745,73.08023832595785,-10.570112069242004,0.165,2.5041551782479616,-0.10279944849690452
71.50000000000021,-2.864890118852441,4581.607918945533,73.15375416780164,-0.1745,73.08346917294568,-10.682674497725587,0.165,2.5041551782479616,-0.10279944849690452
71.60000000000021,-2.8776706827810195,4588.916739570187,72.08187333756796,-0.1745,73.09294332013886,-10.754942106947997,0.165,2.5041551782479616,-0.10279944849690452
71.7000000000002,-2.885970487582087,4596.226704092237,71.00404989242409,-0.1745,73.10634712086853,-10.801526795929394,0.165,2.5041551782479616,-0.10279944849690452
71.8000000000002,-2.891418079120705,4603.538132285145,69.92238624112046,-0.1745,73.12221673729502,-10.83174623014305,0.165,2.5041551782479616,-0.10279944849690452
71.90000000000019,-2.89505083379513,4610.851224312212,68.83822194643534,-0.1745,73.13962380403376,-10.851539663559443,0.165,2.5041551782479616,-0.10279944849690452
72.00000000000018,-2.8975293857258304,4618.166104438309,67.75241038087238,-0.1745,73.15797871789732,-10.86469164769994,0.165,2.5041551782479616,-0.10279944849690452
72.10000000000018,-2.8992743528387304,4625.482848710746,66.66549514444773,-0.1745,73.17690673085299,-10.873613080792838,0.165,2.5041551782479616,-0.10279944849690452
72.20000000000017,-2.9005534825899075,4632.801502526053,65.57782251864712,-0.1745,73.19616957527937,-10.879839435219404,0.165,2.5041551782479616,-0.10279944849690452
72.30000000000017,-2.9015371785557234,4640.1220917927885,64.48961312525299,-0.1745,73.21561575942906,-10.884348432663291,0.165,2.5041551782479616,-0.10279944849690452
72.40000000000016,-2.9023338708783157,4647.444630030464,63.401007577318005,-0.1745,73.23514899408887,-10.88776252603632,0.165,2.5041551782479616,-0.10279944849690452
72.50000000000016,-2.119276983046966,4654.769122886016,62.31209555492663,-0.1745,73.25470811693907,-10.890477921791145,0.165,2.5041551782479616,-0.10279944849690452
72.60000000000015,-2.4066207006466125,4662.091625689945,61.36930839617954,-0.06225,73.19534796165483,-7.9652652531505375,0.165,2.5041551782479616,-0.10279944849690452
72.70000000000014,-2.5904560807905312,4669.403549730928,60.52055281032239,-0.1745,73.0431328579898,-9.009846463992444,0.165,2.5041551782479616,-0.10279944849690452
72.80000000000014,-2.708055117098719,4676.70353331586,59.58615742003078,-0.1745,72.9565388406506,-9.678061341839856,0.165,2.5041551782479616,-0.10279944849690452
72.90000000000013,-2.783299181738048,4683.9968674920765,58.59697233014628,-0.1745,72.91014468367725,-10.105640455850207,0.165,2.5041551782479616,-0.10279944849690452
73.00000000000013,-2.8314786560204657,4691.286810899291,57.57272344642294,-0.1745,72.88872346060273,-10.379337218616625,0.165,2.5041551782479616,-0.10279944849690452
73.10000000000012,-2.8623745015532096,4698.5753944719045,56.52602315933431,-0.1745,72.88294799168196,-10.554668523156005,0.165,2.5041551782479616,-0.10279944849690452
73.20000000000012,-2.8822384097968468,4705.863892912284,55.46493205351673,-0.1745,72.88702081591761,-10.667153593195556,0.165,2.5041551782479616,-0.10279944849690452
73.30000000000011,-2.895063730691528,4713.1531091623365,54.39459918530991,-0.1745,72.89730418511574,-10.739503770940908,0.165,2.5041551782479616,-0.10279944849690452
73.4000000000001,-2.9034000099554853,4720.443549454472,53.31831238681861,-0.1745,72.91150165760632,-10.786232198885,0.165,2.5041551782479616,-0.10279944849690452
73.5000000000001,-2.9088743688134016,4727.73553243657,52.23817035512463,-0.1745,72.92815798435417,-10.816608434994624,0.165,2.5041551782479616,-0.10279944849690452
73.6000000000001,-2.912524911017558,4735.0292577755345,51.15551240775511,-0.1745,72.94634879493161,-10.836550512395766,0.165,2.5041551782479616,-0.10279944849690452
73.70000000000009,-2.9150137719897886,4742.324849520422,50.07119310920266,-0.1745,72.96548610280749,-10.849835458653214,0.165,2.5041551782479616,-0.10279944849690452
73.80000000000008,-2.9167631845898443,4749.622383605737,48.98575767685045,-0.1745,72.98519560349725,-10.85887318839098,0.165,2.5041551782479616,-0.10279944849690452
73.90000000000008,-2.9180423426343087,4756.921905332967,47.89955396909385,-0.1745,73.00523894110468,-10.865200966740986,0.165,2.5041551782479616,-0.10279944849690452
74.00000000000007,-2.9190228357224695,4764.2234404966875,46.81280396110019,-0.1745,73.02546433331038,-10.869799193132247,0.165,2.5041551782479616,-0.10279944849690452
74.10000000000007,-2.9198140171383455,4771.527002471259,45.725649351412244,-0.1745,73.04577515811557,-10.873293000626608,0.165,2.5041551782479616,-0.10279944849690452
74.20000000000006,-2.9204855635520537,4778.832596726594,44.63818065533534,-0.1745,73.06610994858382,-10.876080920911512,0.165,2.5041551782479616,-0.10279944849690452
74.30000000000005,-2.9210818618564645,4786.140223706297,43.55045576026804,-0.1745,73.08642964547654,-10.87841698043435,0.165,2.5041551782479616,-0.10279944849690452
74.40000000000005,-2.921631182180637,4793.4498806621805,42.46251175769037,-0.1745,73.10670947220001,-10.880463071119113,0.165,2.5041551782479616,-0.10279944849690452
74.50000000000004,-2.922151525494048,4800.761562823555,41.37437248654093,-0.1745,73.12693375530479,-10.882322351869812,0.165,2.5041551782479616,-0.10279944849690452
74.60000000000004,-2.9226543506641574,4808.0752641424515,40.28605334156558,-0.1745,73.14709262262733,-10.88406054763717,0.165,2.5041551782479616,-0.10279944849690452
74.70000000000003,-2.923146949537277,4815.390977768508,39.197564337750364,-0.1745,73.16717989850319,-10.885719528667074,0.165,2.5041551782479616,-0.10279944849690452
74.80000000000003,-2.140676683122898,4822.708696351542,38.10891206299535,-0.1745,73.18719176218322,-10.887325966433224,0.165,2.5041551782479616,-0.10279944849690452
74.90000000000002,-2.4278248391263504,4830.024451990193,37.16620224568063,-0.06225,73.1279210108322,-7.96687037986122,0.165,2.5041551782479616,-0.10279944849690452
75.00000000000001,-2.611020647713623,4837.331302827904,36.317166556993044,-0.1745,73.00909574341195,-9.013843393890474,0.495,2.5041551782479616,-0.10279944849690452
75.10000000000001,-2.728244079096118,4844.627912432362,35.38250351324488,-0.1745,72.92309634573327,-9.67941748107291,0.165,2.5041551782479616,-0.10279944849690452
75.2,-2.803270375713981,4851.917922422011,34.3932614447869,-0.1745,72.87710344723462,-10.105423888086639,0.165,2.5041551782479616,-0.10279944849690452
75.3,-2.072029851084909,4859.204576186673,33.36908074631519,-0.1745,72.8559718460149,-10.378190081347556,0.165,2.5041551782479616,-0.10279944849690452
75.39999999999999,-2.3857042717891876,4866.489053996166,32.4667574794307,-0.06225,72.83358434385676,-7.6682752563423335,0.495,2.5041551782479616,-0.10279944849690452
75.49999999999999,-2.5870256720947293,4873.7640831354865,31.64321068082329,-0.1745,72.66699844255386,-8.802660715805796,0.165,2.5041551782479616,-0.10279944849690452
75.59999999999998,-2.7162090976582878,4881.02603169895,30.726545836402053,-0.1745,72.57197282671505,-9.530636172618973,0.165,2.5041551782479616,-0.10279944849690452
75.69999999999997,-2.7991082961924048,4888.280668563384,29.750115702421187,-0.1745,72.52076446197465,-9.997966506998361,0.165,2.5041551782479616,-0.10279944849690452
75.79999999999997,-2.852333530556429,4895.531546642795,28.735313845295114,-0.1745,72.49679712623815,-10.298070635523112,0.165,2.5041551782479616,-0.10279944849690452
75.89999999999996,-2.886546408890906,4902.780882703678,27.695864129785516,-0.1745,72.48992409142001,-10.490923674668872,0.165,2.5041551782479616,-0.10279944849690452
75.99999999999996,-2.735348790341398,4910.030070651616,26.640566623790715,-0.1745,72.49383486735118,-10.61502644522718,0.165,2.5041551782479616,-0.10279944849690452
76.09999999999995,-2.812252681156624,4917.282783860936,25.60671332933358,-0.1495,72.56042931904109,-10.062039443915534,0.165,2.5041551782479616,-0.10279944849690452
76.19999999999995,-2.861620671730919,4924.537791593688,24.586580684453644,-0.1745,72.53972533599281,-10.340613453683211,0.165,2.5041551782479616,-0.10279944849690452
76.29999999999994,-2.893354275535879,4931.791520382028,23.543570315223388,-0.1745,72.53485043079256,-10.519593930921912,0.165,2.5041551782479616,-0.10279944849690452
76.39999999999993,-2.9138004190157494,4939.045261083941,22.485852540048917,-0.1745,72.53996360748569,-10.634761572567482,0.165,2.5041551782479616,-0.10279944849690452
76.49999999999993,-2.92702483878533,4946.299828809311,21.41866140073602,-0.1745,72.5513908999204,-10.709061213690463,0.165,2.5041551782479616,-0.10279944849690452
76.59999999999992,-2.9356306399941454,4953.555738710371,20.345348470325412,-0.1745,72.5668071212631,-10.757197394521672,0.165,2.5041551782479616,-0.10279944849690452
76.69999999999992,-2.9412837957366444,4960.81331581422,19.26805916331229,-0.1745,72.58473495572561,-10.78858874574072,0.165,2.5041551782479616,-0.10279944849690452
76.79999999999991,-2.9450501680443493,4968.072764237672,18.18816644933961,-0.1745,72.60423351332146,-10.809265533712868,0.165,2.5041551782479616,-0.10279944849690452
76.8999999999999,-2.9476114876306356,4975.334211047458,17.10654880926764,-0.1745,72.62470268239184,-10.823087267726603,0.165,2.5041551782479616,-0.10279944849690452
76.9999999999999,-2.949403685739666,4982.597734151555,16.023768276156463,-0.1745,72.64575939955866,-10.832523394496937,0.165,2.5041551782479616,-0.10279944849690452
77.0999999999999,-2.1729039355209046,4989.863380074758,14.940184428993238,-0.1745,72.6671590644964,-10.839153548767595,0.165,2.5041551782479616,-0.10279944849690452
77.19999999999989,-2.456025291197101,4997.130494469581,13.999808616680934,-0.06225,72.67512883195185,-7.968362697478469,0.8300000000000001,2.5041551782479616,-0.10279944849690452
77.29999999999988,-2.6378848894472737,5004.3907094254,13.151859541261985,-0.1745,72.52917028442084,-8.990618810900509,0.165,2.5041551782479616,-0.10279944849690452
77.39999999999988,-2.7546790323636254,5011.639506756713,12.219963170489104,-0.1745,72.44677634183505,-9.647308604557113,0.165,2.5041551782479616,-0.10279944849690452
77.49999999999987,-2.8296971145461973,5018.882020590841,11.234133501653409,-0.1745,72.40350034073094,-10.069284772156776,0.165,2.5041551782479616,-0.10279944849690452
77.59999999999987,-2.8779121943481423,5026.121426974324,10.21364205210774,-0.1745,72.38462732892064,-10.340544218756573,0.165,2.5041551782479616,-0.10279944849690452
77.69999999999986,-2.9089415924712987,5033.359713521886,9.170861540068294,-0.1745,72.38110362231393,-10.515066022032354,0.165,2.5041551782479616,-0.10279944849690452
77.79999999999986,-2.9289575175003133,5040.598132605881,8.113731781386074,-0.1745,72.38727805759103,-10.627529151612078,0.165,2.5041551782479616,-0.10279944849690452
77.89999999999985,-2.941918572802191,5047.837476017851,7.047345362286986,-0.1745,72.39959018181705,-10.700199230369664,0.165,2.5041551782479616,-0.10279944849690452
77.99999999999984,-2.9508487561981585,5055.078244691327,5.974967252369997,-0.1745,72.41578328770093,-10.747362967970112,0.165,2.5041551782479616,-0.10279944849690452
78.09999999999984,-2.9557580296106063,5062.324029439531,4.898112704353094,-0.1745,72.49991167636797,-10.789727992367942,0.8300000000000001,2.5041551782479616,-0.10279944849690452
78.19999999999983,-2.959050276289062,5069.57503359386,3.818240333018232,-0.1745,72.5201714102181,-10.807719434329309,0.165,2.5041551782479616,-0.10279944849690452
78.29999999999983,-2.9613092456490673,5076.828104529179,2.7368623633826568,-0.1745,72.54124729615285,-10.819839958382198,0.165,2.5041551782479616,-0.10279944849690452
78.39999999999982,-2.9633856349749435,5084.083307496191,1.6544602820809153,-0.1745,72.56281204409846,-10.82820166765263,0.165,2.5041551782479616,-0.10279944849690452
78.49999999999982,-10000.0,5091.343955428551,0.5707651011664476,-0.1745,72.65014660310914,-10.845701950636725,0.8300000000000001,2.5041551782479616,-0.10279944849690452
