t,reward,x,y,theta,vx,vy,throttle,wind_vx,wind_vy
0.0,0.0,143.76088406183655,961.9686565319716,0.05753901613278553,45.82349065470282,-0.44024641793532293,0.5,-1.6051859416546672,-3.658104873836542
0.1,-0.28566559937858127,143.76088406183655,961.9686565319716,0.05753901613278553,45.82349065470282,-0.44024641793532293,0.5,-1.6051859416546672,-3.658104873836542
0.2,-1.4011712333926578,148.33802086287292,961.8400389582157,-0.05471098386721446,45.71924536602449,-2.132105057184276,0.165,-1.6051859416546672,-3.658104873836542
0.30000000000000004,-2.284268364456587,152.89117141915966,961.50052794221,-0.16696098386721445,45.34376575971032,-4.658115262929407,0.165,-1.6051859416546672,-3.658104873836542
0.4,-2.9538747627978594,157.41264319478753,960.934962189434,-0.1745,45.08566975284739,-6.6531997925903985,0.165,-1.6051859416546672,-3.658104873836542
0.5,-3.460838584492606,161.91347668010815,960.1935661668452,-0.1745,44.93099995356512,-8.174720659186068,0.165,-1.6051859416546672,-3.658104873836542
0.6,-3.843849686800171,166.40235061502247,959.3179153307135,-0.1745,44.84647874472121,-9.338296063448784,0.165,-1.6051859416546672,-3.658104873836542
0.7,-4.132428254960899,170.88521415691835,958.3395705540055,-0.1745,44.81079209319662,-10.228599470711433,0.165,-1.6051859416546672,-3.658104873836542
0.7999999999999999,-4.349117173434381,175.366242226043,957.2826680471354,-0.1745,44.809769289296106,-10.909450666690194,0.165,-1.6051859416546672,-3.658104873836542
0.8999999999999999,-4.511128237020564,179.84841647076308,956.1657134513523,-0.1745,44.83371560510587,-11.429641248971425,0.165,-1.6051859416546672,-3.658104873836542
0.9999999999999999,-4.103321010700995,184.33389463574883,955.0028967219832,-0.1745,44.87584769460923,-11.826693338410022,0.165,-1.6051859416546672,-3.658104873836542
1.0999999999999999,-4.32612819919135,188.8219559775968,953.8688657759153,-0.06225,44.885379142349585,-10.853925582947642,0.495,-1.6051859416546672,-3.658104873836542
1.2,-4.492718854006526,193.31157139681403,952.7567411955451,-0.1745,44.90692924199515,-11.388566024454747,0.165,-1.6051859416546672,-3.658104873836542
1.3,-4.616611862395685,197.80428253057573,951.5974887075113,-0.1745,44.94729343323889,-11.796483736223317,0.165,-1.6051859416546672,-3.658104873836542
1.4000000000000001,-4.708108221479648,202.3017200331778,950.4022919335921,-0.1745,45.0014566188019,-12.107451742159672,0.165,-1.6051859416546672,-3.658104873836542
1.5000000000000002,-4.775049194794597,206.80508291598542,949.1797008002721,-0.1745,45.06580103735069,-12.344370924239474,0.165,-1.6051859416546672,-3.658104873836542
1.6000000000000003,-4.823397694720101,211.3152572843187,947.93624091566,-0.1745,45.13768632931501,-12.524826768003491,0.165,-1.6051859416546672,-3.658104873836542
1.7000000000000004,-4.8576838542287035,215.83289998600725,946.676884783366,-0.1745,45.215167704455745,-12.662295877877916,0.165,-1.6051859416546672,-3.658104873836542
1.8000000000000005,-4.8813461374934235,220.35849849310534,945.4054157298648,-0.1745,45.296802437505974,-12.767085192144982,0.165,-1.6051859416546672,-3.658104873836542
1.9000000000000006,-4.896992141606918,224.89241433371657,944.1247083337219,-0.1745,45.381514374718385,-12.847062730714644,0.165,-1.6051859416546672,-3.658104873836542
2.0000000000000004,-4.906597734917308,229.43491492550118,942.8369439650405,-0.1745,45.4684974609738,-12.908224642912069,0.165,-1.6051859416546672,-3.658104873836542
2.1000000000000005,-4.911658921164382,233.9861971027279,941.5437760443782,-0.1745,45.55714608356111,-12.955133770334589,0.165,-1.6051859416546672,-3.658104873836542
2.2000000000000006,-4.913307517622724,238.5464046168874,940.2464564698015,-0.1745,45.64700419962846,-12.991257721198904,0.165,-1.6051859416546672,-3.658104873836542
2.3000000000000007,-4.912399175776806,243.1156412188414,938.9459321486374,-0.1745,45.737727839451345,-13.019228702081827,0.165,-1.6051859416546672,-3.658104873836542
2.400000000000001,-4.909580291696409,247.69398047423576,937.6429185787691,-0.1745,45.829057268435804,-13.041042695285514,0.165,-1.6051859416546672,-3.658104873836542
2.500000000000001,-4.905338823179953,252.28147314788364,936.3379558539482,-0.1745,45.92079620452217,-13.05821180113299,0.165,-1.6051859416546672,-3.658104873836542
2.600000000000001,-4.900042851962787,256.8781527699802,935.0314512370004,-0.1745,46.01279623740881,-13.071880537823635,0.165,-1.6051859416546672,-3.658104873836542
2.700000000000001,-4.893969823218784,261.4840398374093,933.7237114859602,-0.1745,46.10494511117277,-13.082914482981243,0.165,-1.6051859416546672,-3.658104873836542
2.800000000000001,-4.887328699525209,266.0991449875938,932.414967374767,-0.1745,46.197157892516515,-13.091967740881756,0.165,-1.6051859416546672,-3.658104873836542
2.9000000000000012,-4.880276734206525,270.7234713973983,931.1053922761567,-0.1745,46.28937030357479,-13.099534231322533,0.165,-1.6051859416546672,-3.658104873836542
3.0000000000000013,-4.872932162011318,275.3570165967545,929.7951162326951,-0.1745,46.38153368354811,-13.105986637909304,0.165,-1.6051859416546672,-3.658104873836542
3.1000000000000014,-4.319890508147963,279.9997738398732,928.4842366029732,-0.1745,46.473611178826616,-13.11160595652936,0.165,-1.6051859416546672,-3.658104873836542
3.2000000000000015,-4.455658914211062,284.64864989062363,927.2416345329265,-0.06225,46.50390983618133,-11.740435444405612,0.8300000000000001,-1.6051859416546672,-3.658104873836542
3.3000000000000016,-4.555342448283813,289.30129819634567,926.0502728893741,-0.1745,46.54905627825934,-12.086797426640844,0.165,-1.6051859416546672,-3.658104873836542
3.4000000000000017,-4.627942660941519,293.95906266453574,924.8285274476212,-0.1745,46.606233085541426,-12.348111408416665,0.165,-1.6051859416546672,-3.658104873836542
3.5000000000000018,-4.680235953776527,298.622985400056,923.5838605119228,-0.1745,46.67222162486387,-12.545227305552874,0.165,-1.6051859416546672,-3.658104873836542
3.600000000000002,-4.7173188796964585,303.2938305082605,922.3219012766425,-0.1745,46.744680539226216,-12.693957400052014,0.165,-1.6051859416546672,-3.658104873836542
3.700000000000002,-4.743021144843393,307.9721591932744,921.0468898817679,-0.1745,46.82189316105177,-12.80627049743947,0.165,-1.6051859416546672,-3.658104873836542
3.800000000000002,-4.760218062661273,312.65838351519517,919.7620158725585,-0.1745,46.9025932773634,-12.891209686747215,0.165,-1.6051859416546672,-3.658104873836542
3.900000000000002,-4.771066653083589,317.35280531555,918.4696755731443,-0.1745,46.985842729732795,-12.955596301538069,0.165,-1.6051859416546672,-3.658104873836542
4.000000000000002,-4.777183833717581,322.05564465799137,917.1716673432592,-0.1745,47.0709441190954,-13.00456829616417,0.165,-1.6051859416546672,-3.658104873836542
4.100000000000001,-4.778499126271228,326.7670607529103,915.8693393926474,-0.1745,47.15737777928381,-13.041990716071039,0.165,-1.6051859416546672,-3.658104873836542
4.200000000000001,-4.651445594289764,331.488792375451,914.563415003018,-0.1745,47.27725467152951,-13.076497076515997,0.495,-1.6051859416546672,-3.658104873836542
4.300000000000001,-4.681737942801512,336.2229355881244,913.2702700976766,-0.1495,47.40560958193842,-12.786401030310689,0.495,-1.6051859416546672,-3.658104873836542
4.4,-4.702351918130171,340.96738794649366,911.9868191862412,-0.1745,47.48343758544704,-12.88261719839953,0.165,-1.6051859416546672,-3.658104873836542
4.5,-4.715766578287304,345.7197726059482,910.6949276550288,-0.1745,47.564255603643595,-12.955213425849383,0.165,-1.6051859416546672,-3.658104873836542
4.6,-4.723833226599784,350.480347540414,909.3966590188255,-0.1745,47.64724308567279,-13.010159298216573,0.165,-1.6051859416546672,-3.658104873836542
4.699999999999999,-4.727933343666994,355.2492992780782,908.093554609568,-0.1745,47.73179166760999,-13.051928886934531,0.165,-1.6051859416546672,-3.658104873836542
4.799999999999999,-4.729097073805383,360.0267613324034,906.7867645913554,-0.1745,47.817449418894185,-13.083871477316222,0.165,-1.6051859416546672,-3.658104873836542
4.899999999999999,-4.728092032233505,364.81282781153305,905.4771464314068,-0.1745,47.90388016369912,-13.108491721656753,0.165,-1.6051859416546672,-3.658104873836542
4.999999999999998,-4.725489807994066,369.6075635000979,904.1653388016122,-0.1745,47.99083360759854,-13.127660874236124,0.165,-1.6051859416546672,-3.658104873836542
5.099999999999998,-4.721715723221477,374.4110113450795,902.8518169698847,-0.1745,48.078123292033226,-13.142775760314525,0.165,-1.6051859416546672,-3.658104873836542
5.1999999999999975,-4.717086035472819,379.22319802302985,901.5369342709267,-0.1745,48.165610266973694,-13.154878218845164,0.165,-1.6051859416546672,-3.658104873836542
5.299999999999997,-4.711835731462053,384.04413808475,900.2209531238188,-0.1745,48.25319096742902,-13.164744723312914,0.165,-1.6051859416546672,-3.658104873836542
5.399999999999997,-4.733429689252543,388.87383704288675,898.9040682103349,-0.1745,48.34078819530576,-13.17295354636542,0.165,-1.6306138032627793,-3.9212610648072963
5.4999999999999964,-4.7475506617739756,393.71183205530224,897.5830002727864,-0.1745,48.419112053004326,-13.24840520460412,0.165,-1.6306138032627793,-3.9212610648072963
5.599999999999996,-4.7561516459344375,398.5577759230409,896.2553198601831,-0.1745,48.499765301768605,-13.305203047461179,0.165,-1.6306138032627793,-3.9212610648072963
5.699999999999996,-4.760681383085163,403.4118685034225,894.9226518673063,-0.1745,48.58208630586363,-13.348156810075464,0.165,-1.6306138032627793,-3.9212610648072963
5.799999999999995,-4.762213804470884,408.27425214904287,893.5862017507361,-0.1745,48.66558660654305,-13.380845521327663,0.165,-1.6306138032627793,-3.9212610648072963
5.899999999999995,-4.761544452702646,413.14502673389944,892.2468629912443,-0.1745,48.74990509058845,-13.405929668508797,0.165,-1.6306138032627793,-3.9212610648072963
5.999999999999995,-4.759262244159684,418.02426071570596,890.9052972528822,-0.1745,48.834774545541926,-13.425385098733276,0.165,-1.6306138032627793,-3.9212610648072963
6.099999999999994,-4.755802836746906,422.91199929953694,889.561994100314,-0.1745,48.919997131078205,-13.440677952630274,0.165,-1.6306138032627793,-3.9212610648072963
6.199999999999994,-4.751488288594939,427.80827047225966,888.21731543818,-0.1745,49.00542632337571,-13.452895290049904,0.165,-1.6306138032627793,-3.9212610648072963
6.299999999999994,-4.746556508417133,432.71308946789986,886.8715285487289,-0.1745,49.090953589428175,-13.46284249897352,0.165,-1.6306138032627793,-3.9212610648072963
6.399999999999993,-4.741183110318311,437.6264620740905,885.5248306312936,-0.1745,49.176498534384976,-13.471115849731069,0.165,-1.6306138032627793,-3.9212610648072963
6.499999999999993,-4.735497621328493,442.5483870812112,884.1773670147535,-0.1745,49.26200160802935,-13.478156481071535,0.165,-1.6306138032627793,-3.9212610648072963
6.5999999999999925,-4.729595493181719,447.47885809669856,882.8292446640379,-0.1745,49.347418701718055,-13.484290533241,0.165,-1.6306138032627793,-3.9212610648072963
6.699999999999992,-4.723546998905104,452.41786488899606,881.480542189483,-0.1745,49.43271714423191,-13.48975895785704,0.165,-1.6306138032627793,-3.9212610648072963
6.799999999999992,-4.7174038180286795,457.3653943829059,880.13131725945,-0.1745,49.51787273396487,-13.494739642803102,0.165,-1.6306138032627793,-3.9212610648072963
6.8999999999999915,-4.711203907928376,462.32143139657273,878.7816120862421,-0.1745,49.60286753937195,-13.49936382135445,0.165,-1.6306138032627793,-3.9212610648072963
6.999999999999991,-4.704975105158207,467.28595918699824,877.4314574834898,-0.1745,49.68768826913768,-13.503728233692554,0.165,-1.6306138032627793,-3.9212610648072963
7.099999999999991,-4.696422876392266,472.2589598536988,876.0808758650905,-0.1745,49.772325064873115,-13.507904134293101,0.165,-1.6306138032627793,-3.9212610648072963
7.19999999999999,-4.689325554090637,477.2436891420872,874.7293061880547,-0.1745,49.922260702894995,-13.523489406424696,0.8300000000000001,-1.6306138032627793,-3.9212610648072963
7.29999999999999,-4.682488075447601,482.2401351327521,873.3768761243155,-0.1745,50.00665911040255,-13.525111868359344,0.165,-1.6306138032627793,-3.9212610648072963
7.39999999999999,-4.675853298338879,487.2450066931281,872.0242561449926,-0.1745,50.0907720971189,-13.527287718097785,0.165,-1.6306138032627793,-3.9212610648072963
7.499999999999989,-4.669379212453341,492.25827625264424,870.6713981704338,-0.1745,50.17461909320386,-13.529871773076856,0.165,-1.6306138032627793,-3.9212610648072963
7.599999999999989,-4.663034925270845,497.2799179248368,869.3182667160144,-0.1745,50.25821435064707,-13.532757315312775,0.165,-1.6306138032627793,-3.9212610648072963
7.699999999999989,-4.656797708351321,502.30990705774974,867.9648355537524,-0.1745,50.34156830761113,-13.535865929925114,0.165,-1.6306138032627793,-3.9212610648072963
7.799999999999988,-4.650650825109597,507.3482199029175,866.6110852564323,-0.1745,50.42468859574338,-13.539140016477255,0.165,-1.6306138032627793,-3.9212610648072963
7.899999999999988,-4.644581934237727,512.3948333718699,865.2570013919508,-0.1745,50.507580783306175,-13.542537273151789,0.165,-1.6306138032627793,-3.9212610648072963
7.999999999999988,-4.502141301702911,517.4497248571856,863.9025731964771,-0.1745,50.59024892300775,-13.546026636322466,0.165,-1.6306138032627793,-3.9212610648072963
8.099999999999987,-4.532843969072978,522.5168162903827,862.5652520427567,-0.1495,50.75157974093513,-13.20039643808427,0.8300000000000001,-1.6306138032627793,-3.9212610648072963
8.199999999999987,-4.55362472435817,527.5954172875105,861.2402591063769,-0.1745,50.82044020161948,-13.299462289510648,0.165,-1.6306138032627793,-3.9212610648072963
8.299999999999986,-4.567187357064767,532.6810749288192,859.906651025325,-0.1745,50.892712624554676,-13.372699331528297,0.165,-1.6306138032627793,-3.9212610648072963
8.399999999999986,-4.575505198490154,537.7740808035535,858.566662434021,-0.1745,50.96740487013222,-13.427072494551373,0.165,-1.6306138032627793,-3.9212610648072963
8.499999999999986,-4.580017495746747,542.8746409470169,857.2219247733967,-0.1745,51.04379799913578,-13.467680717934888,0.165,-1.6306138032627793,-3.9212610648072963
8.599999999999985,-4.581773274510955,547.9828993484444,855.8736280914015,-0.1745,51.12137002941413,-13.498252921968987,0.165,-1.6306138032627793,-3.9212610648072963
8.699999999999985,-4.581536646058416,553.0989549245721,854.5226397678408,-0.1745,51.19974149314041,-13.52151354924518,0.165,-1.6306138032627793,-3.9212610648072963
8.799999999999985,-4.579863832461777,558.2228738146782,853.1695915175685,-0.1745,51.278636308980964,-13.539451456200736,0.165,-1.6306138032627793,-3.9212610648072963
8.899999999999984,-4.577159464732626,563.354698306536,851.8149430754463,-0.1745,51.35785352817398,-13.553517386242897,0.165,-1.6306138032627793,-3.9212610648072963
8.999999999999984,-4.573717703207842,568.4944533261379,850.4590287664832,-0.1745,51.43724686386347,-13.564768793019235,0.165,-1.6306138032627793,-3.9212610648072963
9.099999999999984,-4.569752252317502,573.6421511605766,849.1020915305402,-0.1745,51.51670982491181,-13.573975925842655,0.165,-1.6306138032627793,-3.9212610648072963
9.199999999999983,-4.5654182552041735,578.7977948969664,847.744307761278,-0.1745,51.596164902882855,-13.581699459399749,0.165,-1.6306138032627793,-3.9212610648072963
9.299999999999983,-4.560828255160806,583.9613809270766,846.3858054258544,-0.1745,51.67555569932198,-13.58834724907292,0.165,-1.6306138032627793,-3.9212610648072963
9.399999999999983,-4.556063824690628,589.1329007715699,845.026677273849,-0.1745,51.7548411905442,-13.59421579103398,0.165,-1.6306138032627793,-3.9212610648072963
9.499999999999982,-4.551184033092049,594.3123424085223,843.6669904599802,-0.1745,51.83399154850499,-13.599520486342545,0.165,-1.6306138032627793,-3.9212610648072963
9.599999999999982,-4.546231608437412,599.4996912407208,842.3067935498161,-0.1745,51.91298509546546,-13.604417716937936,0.165,-1.6306138032627793,-3.9212610648072963
9.699999999999982,-4.541237419131311,604.6949307997519,840.9461216170624,-0.1745,51.99180608515548,-13.609020938135087,0.165,-1.6306138032627793,-3.9212610648072963
9.799999999999981,-4.536223731437998,609.8980432583365,839.5849999500608,-0.1745,52.070443086538184,-13.613412401896342,0.165,-1.6306138032627793,-3.9212610648072963
9.89999999999998,-4.531206575939258,615.1090098030095,838.2234467453729,-0.1745,52.1488878069214,-13.617651691860996,0.165,-1.6306138032627793,-3.9212610648072963
9.99999999999998,-4.526197465689329,620.3278109051222,836.8614750641078,-0.1745,52.227134235333004,-13.62178193344108,0.165,-1.6306138032627793,-3.9212610648072963
10.09999999999998,-4.521204642965564,625.5544265178531,835.4990942519554,-0.1745,52.30517801928652,-13.625834309607194,0.165,-1.6306138032627793,-3.9212610648072963
10.19999999999998,-4.516233983440991,630.7888362193958,834.13631096934,-0.1745,52.38301601156568,-13.629831342700168,0.165,-1.6306138032627793,-3.9212610648072963
10.29999999999998,-4.372483622163519,636.0310193170146,832.773129938301,-0.1745,52.46064594081055,-13.633789278077845,0.165,-1.6306138032627793,-3.9212610648072963
10.399999999999979,-4.407496535770838,641.2817939546534,831.428766326066,-0.1495,52.55484681196488,-13.253482966622201,0.165,-1.6306138032627793,-3.9212610648072963
10.499999999999979,-4.431303858745165,646.5403816951114,830.0978477552657,-0.1745,52.616907997195135,-13.364888449384011,0.165,-1.6306138032627793,-3.9212610648072963
10.599999999999978,-4.447056406486477,651.8053802628601,828.7572939798933,-0.1745,52.683063357779304,-13.44618705806157,0.165,-1.6306138032627793,-3.9212610648072963
10.699999999999978,-4.45702526637767,657.0771380982187,827.4096962005601,-0.1745,52.752093349391856,-13.505768528603738,0.165,-1.6306138032627793,-3.9212610648072963
10.799999999999978,-4.462846371393114,662.3558990703556,826.056922879766,-0.1745,52.82312609334478,-13.54969788727842,0.165,-1.6306138032627793,-3.9212610648072963
10.899999999999977,-4.465697396604945,667.6418322188197,824.7003202330151,-0.1745,52.895536875937005,-13.58235504774111,0.165,-1.6306138032627793,-3.9212610648072963
10.999999999999977,-4.4664256061416365,672.9350529339962,823.3408574755802,-0.1745,52.96887742759325,-13.60690010095631,0.165,-1.6306138032627793,-3.9212610648072963
11.099999999999977,-4.465640183058625,678.2356380953944,821.9792319122998,-0.1745,53.04282580037088,-13.625611164650136,0.165,-1.6306138032627793,-3.9212610648072963
11.199999999999976,-4.463778862913391,683.5436369184179,820.61594488872,-0.1745,53.117150660098446,-13.640129306946674,0.165,-1.6306138032627793,-3.9212610648072963
11.299999999999976,-4.461155990992535,688.8590787391422,819.2513566301113,-0.1745,53.19168575438868,-13.651635865226796,0.165,-1.6306138032627793,-3.9212610648072963
11.399999999999975,-4.457997160212466,694.1819786073859,817.8857258031325,-0.1745,53.26631161048481,-13.660980674351002,0.165,-1.6306138032627793,-3.9212610648072963
11.499999999999975,-4.454464161744898,699.5123413075887,816.5192380342299,-0.1745,53.34094239357116,-13.668774703698805,0.165,-1.6306138032627793,-3.9212610648072963
11.599999999999975,-4.4506729470617925,704.8501642502893,815.1520264528559,-0.1745,53.41551646044048,-13.675456923781237,0.165,-1.6306138032627793,-3.9212610648072963
11.699999999999974,-4.446706551437573,710.1954395515727,813.7841864799744,-0.1745,53.489989565227745,-13.681342533848074,0.165,-1.6306138032627793,-3.9212610648072963
11.799999999999974,-4.442624387014924,715.5481555283956,812.415786467219,-0.1745,53.564329971229746,-13.686657721260376,0.165,-1.6306138032627793,-3.9212610648072963
11.899999999999974,-4.4384689215576,720.9082977736514,811.0468753463,-0.1745,53.63851493388577,-13.691564697120645,0.165,-1.6306138032627793,-3.9212610648072963
11.999999999999973,-4.4342704756936255,726.2758499288756,809.6774881255976,-0.1745,53.71252817059729,-13.69617971692612,0.165,-1.6306138032627793,-3.9212610648072963
12.099999999999973,-4.430050666811009,731.6507942394517,808.307649837553,-0.1745,53.7863580409239,-13.700586043968213,0.165,-1.6306138032627793,-3.9212610648072963
12.199999999999973,-4.425824880051226,737.0331119534046,806.9373783718925,-0.1745,53.85999623813476,-13.704843269241275,0.165,-1.6306138032627793,-3.9212610648072963
12.299999999999972,-4.419837978239942,742.4227836077508,805.566686508028,-0.1745,53.93343684879035,-13.708994008047684,0.165,-1.6306138032627793,-3.9212610648072963
12.399999999999972,-4.414823814118059,747.8230637388341,804.1950060997998,-0.1745,54.07216577287465,-13.724614156517525,0.8300000000000001,-1.6306138032627793,-3.9212610648072963
12.499999999999972,-4.410069038918376,753.233938747759,802.8224593500807,-0.1745,54.14533440562455,-13.726320837863971,0.165,-1.6306138032627793,-3.9212610648072963
12.599999999999971,-4.4037726508226935,758.6521155630501,801.449710530549,-0.1745,54.218201900197066,-13.7286555527702,0.165,-1.6306138032627793,-3.9212610648072963
12.69999999999997,-4.398555876785698,764.0808398579095,800.0761285969744,-0.1745,54.35628399699228,-13.742983118722075,0.8300000000000001,-1.6306138032627793,-3.9212610648072963
12.79999999999997,-4.393693594423951,769.5200916878932,798.7017909973562,-0.1745,54.42875260268128,-13.743768873642233,0.165,-1.6306138032627793,-3.9212610648072963
12.89999999999997,-4.389091898635615,774.9665734261364,797.3273299640558,-0.1745,54.50088216218288,-13.745451792365197,0.165,-1.6306138032627793,-3.9212610648072963
12.99999999999997,-4.384683942871342,780.4202530119514,795.9526687512988,-0.1745,54.572709554118326,-13.747772462776082,0.165,-1.6306138032627793,-3.9212610648072963
13.09999999999997,-4.380422148831363,785.8811015452939,794.5777528214276,-0.1745,54.644261112731094,-13.750546134649461,0.165,-1.6306138032627793,-3.9212610648072963
13.199999999999969,-4.376272652150655,791.3490923832668,793.2025434503223,-0.1745,54.71555564672707,-13.75364128745556,0.165,-1.6306138032627793,-3.9212610648072963
13.299999999999969,-4.372211344329145,796.8242004954908,791.8270131693646,-0.1745,54.786606597751955,-13.756964331698166,0.165,-1.6306138032627793,-3.9212610648072963
13.399999999999968,-4.368221053617397,802.3064020045036,790.4511425180928,-0.1745,54.85742358250456,-13.760448693737874,0.165,-1.6306138032627793,-3.9212610648072963
13.499999999999968,-4.364289538152159,807.7956738583144,789.0749177318077,-0.1745,54.92801349371169,-13.76404703196303,0.165,-1.6306138032627793,-3.9212610648072963
13.599999999999968,-4.360408058050415,813.291993597282,787.6983290957706,-0.1745,54.998381285640164,-13.767725688777167,0.165,-1.6306138032627793,-3.9212610648072963
13.699999999999967,-4.35657035996138,818.7953391882734,786.3213697744218,-0.1745,55.06853053418668,-13.771460738199332,0.165,-1.6306138032627793,-3.9212610648072963
13.799999999999967,-4.352771955306537,824.3056889067825,784.944034978931,-0.1745,55.138463835997,-13.775235171617961,0.165,-1.6306138032627793,-3.9212610648072963
13.899999999999967,-4.349009607529753,829.8230212532179,783.5663213756011,-0.1745,55.20818309271186,-13.779036894978665,0.165,-1.6306138032627793,-3.9212610648072963
13.999999999999966,-4.34528096801723,835.3473148935178,782.1882266656432,-0.1745,55.277689713285895,-13.78285730417772,0.165,-1.6306138032627793,-3.9212610648072963
14.099999999999966,-4.34158431771218,840.8785486170776,780.8097492868216,-0.1745,55.34698475791082,-13.786690272256502,0.165,-1.6306138032627793,-3.9212610648072963
14.199999999999966,-4.337918383832844,846.4167013069901,779.4308882017222,-0.1745,55.416069040339124,-13.790531429730692,0.165,-1.6306138032627793,-3.9212610648072963
14.299999999999965,-4.334282209929014,851.9617519190366,778.0516427475619,-0.1745,55.48494320058991,-13.79437765347512,0.165,-1.6306138032627793,-3.9212610648072963
14.399999999999965,-4.330675063800141,857.513679466895,776.6720125296926,-0.1745,55.55360775657895,-13.798226703912077,0.165,-1.6306138032627793,-3.9212610648072963
14.499999999999964,-4.327096372275148,863.072463011762,775.2919973461168,-0.1745,55.622063140759714,-13.802076967603158,0.165,-1.6306138032627793,-3.9212610648072963
14.599999999999964,-4.32354567504008,868.6380816551055,773.9115971340009,-0.1745,55.690309726109824,-13.805927274715675,0.165,-1.6306138032627793,-3.9212610648072963
14.699999999999964,-4.320022591965821,874.2105145336384,772.5308119317826,-0.1745,55.75834784454803,-13.809776769649478,0.165,-1.6306138032627793,-3.9212610648072963
14.799999999999963,-4.3165267999990515,879.7897408158647,771.1496418523308,-0.1745,55.82617779997641,-13.81362481938786,0.165,-1.6306138032627793,-3.9212610648072963
14.899999999999963,-4.313058016824216,885.3757396997389,769.7680870639311,-0.1745,55.89379987750816,-13.817470948604678,0.165,-1.6306138032627793,-3.9212610648072963
14.999999999999963,-4.309615989317105,890.9684904111137,768.3861477768139,-0.1745,55.961214349989625,-13.821314793738877,0.165,-1.6306138032627793,-3.9212610648072963
15.099999999999962,-4.306200485387607,896.5679722027435,767.0038242336016,-0.1745,56.02842148260441,-13.825156070508031,0.165,-1.6306138032627793,-3.9212610648072963
15.199999999999962,-4.302811288218448,902.1741643536797,765.6211167025292,-0.1745,56.09542153611822,-13.828994550939038,0.165,-1.6306138032627793,-3.9212610648072963
15.299999999999962,-4.29944819219695,907.7870461689437,764.2380254726255,-0.1745,56.16221476916135,-13.832830047135113,0.165,-1.6306138032627793,-3.9212610648072963
15.399999999999961,-4.296111000042499,913.4065969793933,762.8545508502783,-0.1745,56.22880143982989,-13.836662399808404,0.165,-1.6306138032627793,-3.9212610648072963
15.499999999999961,-4.292799520778084,919.032796141725,761.4706931567788,-0.1745,56.29518180680503,-13.840491470182338,0.165,-1.6306138032627793,-3.9212610648072963
15.59999999999996,-4.289513568297371,924.6656230385719,760.0864527265559,-0.1745,56.36135613013176,-13.844317134275448,0.165,-1.6306138032627793,-3.9212610648072963
15.69999999999996,-4.286252960351797,930.3050570786663,758.7018299058988,-0.1745,56.42732467175676,-13.848139278867468,0.165,-1.6306138032627793,-3.9212610648072963
15.79999999999996,-4.283017517833726,935.951077697049,757.3168250520228,-0.1745,56.49308769589638,-13.851957798653128,0.165,-1.6306138032627793,-3.9212610648072963
15.89999999999996,-4.279807064268226,941.603664355308,755.9314385323784,-0.1745,56.558645469284706,-13.855772594234084,0.165,-1.6306138032627793,-3.9212610648072963
15.99999999999996,-4.275135351060733,947.2627965418391,754.5456707241316,-0.1745,56.62399826133703,-13.859583570702021,0.165,-1.6306138032627793,-3.9212610648072963
16.09999999999996,-4.271201409005266,952.9317282769059,753.1589447413872,-0.1745,56.75463644000075,-13.874936084185164,0.8300000000000001,-1.6306138032627793,-3.9212610648072963
16.19999999999996,-4.267533039344954,958.6104453937361,751.77137681018,-0.1745,56.81970589660201,-13.876422539961657,0.165,-1.6306138032627793,-3.9212610648072963
16.29999999999996,-4.264057277478603,964.2956542128884,750.3836255564164,-0.1745,56.88447048644363,-13.878602535309733,0.165,-1.6306138032627793,-3.9212610648072963
16.399999999999963,-4.260723070291546,969.9873257795755,748.9956321300112,-0.1745,56.94896084729915,-13.881265992793649,0.165,-1.6306138032627793,-3.9212610648072963
16.499999999999964,-4.257494698497074,975.6854337480603,747.6073555362904,-0.1745,57.01319852239729,-13.884265881624668,0.165,-1.6306138032627793,-3.9212610648072963
16.599999999999966,-4.254347168597795,981.3899536081298,746.2187672753223,-0.1745,57.07719867899186,-13.887499337737227,0.165,-1.6306138032627793,-3.9212610648072963
16.699999999999967,-4.251262986210639,987.1008621429365,744.8298475872635,-0.1745,57.140972017144506,-13.890894423438834,0.165,-1.6306138032627793,-3.9212610648072963
16.79999999999997,-4.248229897731063,992.8181370492459,743.4405828237782,-0.1745,57.20452610904243,-13.894400846267407,0.165,-1.6306138032627793,-3.9212610648072963
16.89999999999997,-4.245239310482123,998.5417566716065,742.0509636086571,-0.1745,57.2678663381701,-13.897983456155773,0.165,-1.6306138032627793,-3.9212610648072963
16.99999999999997,-4.2422851880298404,1004.2716998163904,740.660983551282,-0.1745,57.33099655750723,-13.901617691345436,0.165,-1.6306138032627793,-3.9212610648072963
17.099999999999973,-4.239363278115124,1010.0079456217937,739.2706383471871,-0.1745,57.39391955055898,-13.905286390553659,0.165,-1.6306138032627793,-3.9212610648072963
17.199999999999974,-4.236470573306371,1015.7504734670272,737.8799251495312,-0.1745,57.456637354109056,-13.908977562562207,0.165,-1.6306138032627793,-3.9212610648072963
17.299999999999976,-4.233604934401418,1021.4992629089352,736.4888421300823,-0.1745,57.51915148405094,-13.912682826416566,0.165,-1.6306138032627793,-3.9212610648072963
17.399999999999977,-4.230764827591439,1027.2542936378038,735.0973881727055,-0.1745,57.58146309332058,-13.9163963211207,0.165,-1.6306138032627793,-3.9212610648072963
17.49999999999998,-4.227949141106836,1033.0155454465842,733.705562659456,-0.1745,57.643573082287524,-13.920113943870131,0.165,-1.6306138032627793,-3.9212610648072963
17.59999999999998,-4.22515705736849,1038.7829982094922,732.3133653213587,-0.1745,57.70548217587501,-13.923832818076487,0.165,-1.6306138032627793,-3.9212610648072963
17.69999999999998,-4.222387963882245,1044.5566318671563,730.9207961343528,-0.1745,57.76719097740769,-13.92755092203996,0.165,-1.6306138032627793,-3.9212610648072963
17.799999999999983,-4.219641391163809,1050.336426416336,729.527855246757,-0.1745,57.828700006188726,-13.931266829877824,0.165,-1.6306138032627793,-3.9212610648072963
17.899999999999984,-4.216916969513372,1056.1223619028308,728.1345429287203,-0.1745,57.89000972370725,-13.934979530856952,0.165,-1.6306138032627793,-3.9212610648072963
17.999999999999986,-4.214214398928996,1061.9144184166114,726.7408595370044,-0.1745,57.9511205519045,-13.938688303460806,0.165,-1.6306138032627793,-3.9212610648072963
18.099999999999987,-3.529466228433953,1067.7125760885015,725.3468054904489,-0.1745,58.01203288589612,-13.942392627648967,0.165,-1.6306138032627793,-3.9212610648072963
18.19999999999999,-3.743360054061444,1073.5131924055247,724.0570344220409,-0.06225,58.000293454567604,-11.853028740510446,0.495,-1.6306138032627793,-3.9212610648072963
18.29999999999999,-3.8907766011088003,1079.3113647998043,722.8398623983687,-0.1745,57.9631544310249,-12.490411732932804,0.165,-1.6306138032627793,-3.9212610648072963
18.39999999999999,-3.308153752821405,1085.1073889442882,721.5686153075114,-0.1745,57.95732845865243,-12.934530084212337,0.165,-1.6306138032627793,-3.9212610648072963
18.499999999999993,-3.5928330120604017,1090.9029257852944,720.3633856370657,-0.06225,57.953408361469656,-11.170063324703582,0.495,-1.6306138032627793,-3.9212610648072963
18.599999999999994,-3.7895134666509733,1096.6947112357573,719.2043252786302,-0.1745,57.88230064778601,-12.011143844006359,0.165,-1.6306138032627793,-3.9212610648072963
18.699999999999996,-3.925081293954543,1102.4815222378625,717.9738861464919,-0.1745,57.853919394317295,-12.597638798760102,0.165,-1.6306138032627793,-3.9212610648072963
18.799999999999997,-4.018223387589186,1108.2669194613563,716.693672707347,-0.1745,57.854025075558496,-13.006629984137893,0.165,-1.6306138032627793,-3.9212610648072963
18.9,-4.081325140387092,1114.053286855094,715.3787444487483,-0.1745,57.87332279919751,-13.291935187835897,0.165,-1.6306138032627793,-3.9212610648072963
19.0,-4.12423917779863,1119.8438596391009,714.0393043301408,-0.1745,57.938132880938596,-13.496867184313395,0.495,-1.6306138032627793,-3.9212610648072963
19.1,-4.153119956025792,1125.6397336414307,712.6827052612151,-0.1745,57.979347165658695,-13.635114194199913,0.165,-1.6306138032627793,-3.9212610648072963
19.200000000000003,-4.172285283011837,1131.440028070161,711.3143464086866,-0.1745,58.02654140894604,-13.732062856371435,0.165,-1.6306138032627793,-3.9212610648072963
19.300000000000004,-4.184729715081959,1137.2452449122372,709.9377258894223,-0.1745,58.07779543257848,-13.800347528914894,0.165,-1.6306138032627793,-3.9212610648072963
19.400000000000006,-4.192528986310874,1143.0557242124894,708.5552709478648,-0.1745,58.131790572465285,-13.848751302236268,0.165,-1.6306138032627793,-3.9212610648072963
19.500000000000007,-4.197121191907711,1148.8716946743436,707.1686646619988,-0.1745,58.18761866462187,-13.883374415081256,0.165,-1.6306138032627793,-3.9212610648072963
19.60000000000001,-4.199502162694348,1154.693308263234,705.7790734210658,-0.1745,58.244653113184576,-13.908450403578033,0.165,-1.6306138032627793,-3.9212610648072963
19.70000000000001,-4.20036113593068,1160.5206639748505,704.3873051369891,-0.1745,58.30246111914475,-13.926915277956693,0.165,-1.6306138032627793,-3.9212610648072963
19.80000000000001,-4.200174913678873,1166.3538242094503,702.9939191767976,-0.1745,58.36074357285034,-13.940803925873043,0.165,-1.6306138032627793,-3.9212610648072963
19.900000000000013,-4.199273175527364,1172.1928260742432,701.5993026866554,-0.1745,58.4192937230049,-13.95152587697186,0.165,-1.6306138032627793,-3.9212610648072963
20.000000000000014,-4.197883759341015,1178.037689194346,700.2037235446845,-0.1745,58.47796867905484,-13.960056962446503,0.165,-1.6306138032627793,-3.9212610648072963
20.100000000000016,-4.196164038483517,1183.8884211146662,698.8073670758693,-0.1745,58.53666972734909,-13.967072413859716,0.165,-1.6306138032627793,-3.9212610648072963
20.200000000000017,-4.194222654162304,1189.7450210370462,697.410361493695,-0.1745,58.59532872025167,-13.973039229627142,0.165,-1.6306138032627793,-3.9212610648072963
20.30000000000002,-4.192134560507272,1195.607482405994,696.0127955204887,-0.1745,58.65389865870336,-13.978280234497756,0.165,-1.6306138032627793,-3.9212610648072963
20.40000000000002,-4.189951435308815,1201.4757946976467,694.6147305846772,-0.1745,58.7123471743518,-13.983018481731257,0.165,-1.6306138032627793,-3.9212610648072963
20.50000000000002,-4.1877088806443785,1207.3499446572748,693.216209259911,-0.1745,58.77065201820882,-13.987408013593052,0.165,-1.6306138032627793,-3.9212610648072963
20.600000000000023,-4.185431400967973,1213.2299171551065,691.8172611012064,-0.1745,58.82879793842339,-13.991555160497464,0.165,-1.6306138032627793,-3.9212610648072963
20.700000000000024,-4.183135843124392,1219.1156957780217,690.4179066790948,-0.1745,58.886774519880326,-13.99553328173479,0.165,-1.6306138032627793,-3.9212610648072963
20.800000000000026,-4.180833772445699,1225.007263238503,689.018160366888,-0.1745,58.94457468974397,-13.999392962402165,0.165,-1.6306138032627793,-3.9212610648072963
20.900000000000027,-4.178533113247099,1230.9046016571906,687.6180322655742,-0.1745,59.002193684009654,-14.003169063873052,0.165,-1.6306138032627793,-3.9212610648072963
21.00000000000003,-4.176239280951487,1236.8076927580466,686.2175295325569,-0.1745,59.0596283331117,-14.00688559647458,0.165,-1.6306138032627793,-3.9212610648072963
21.10000000000003,-4.173955963037067,1242.716518003116,684.8166572984563,-0.1745,59.11687656827616,-14.010559085537663,0.165,-1.6306138032627793,-3.9212610648072963
21.20000000000003,-4.171685657503858,1248.6310586855573,683.4154192993983,-0.1745,59.1739370805452,-14.014200895623892,0.165,-1.6306138032627793,-3.9212610648072963
21.300000000000033,-4.169430043985648,1254.5512959938521,682.0138183128837,-0.1745,59.23080908535158,-14.017818834667484,0.165,-1.6306138032627793,-3.9212610648072963
21.400000000000034,-4.167190239408863,1260.4772110561216,680.6118564581185,-0.1745,59.28749216003643,-14.021418260635851,0.165,-1.6306138032627793,-3.9212610648072963
21.500000000000036,-3.4684253577716517,1266.4087849707112,679.209535402854,-0.1745,59.343986131755294,-14.025002844652077,0.165,-1.6306138032627793,-3.9212610648072963
21.600000000000037,-3.692201945718892,1272.34087626138,677.9162264706612,-0.06225,59.2978396816202,-11.841175799205496,0.165,-1.6306138032627793,-3.9212610648072963
21.70000000000004,-3.8451520778477373,1278.2682173145997,676.6981664672664,-0.1745,59.24898138277634,-12.52002426868864,0.165,-1.6306138032627793,-3.9212610648072963
21.80000000000004,-3.9494254115180927,1284.192395087494,675.42273937463,-0.1745,59.23457407511175,-12.988517584039666,0.165,-1.6306138032627793,-3.9212610648072963
21.90000000000004,-4.020259082758136,1290.1162775322257,674.1077172721544,-0.1745,59.24307481952186,-13.311924465473354,0.165,-1.6306138032627793,-3.9212610648072963
22.000000000000043,-4.068132971226076,1296.0417777712723,672.7653538755582,-0.1745,59.266929961411,-13.535343466451797,0.165,-1.6306138032627793,-3.9212610648072963
22.100000000000044,-4.100251964142944,1301.9701803823036,671.4040907274771,-0.1745,59.30112225921606,-13.689919495169578,0.165,-1.6306138032627793,-3.9212610648072963
22.200000000000045,-4.121566951494621,1307.9023507093248,670.0297378329823,-0.1745,59.34228428120619,-13.797138394727027,0.165,-1.6306138032627793,-3.9212610648072963
22.300000000000047,-3.436560111700611,1313.8388719026439,668.6462906159982,-0.1745,59.38813958517785,-13.871805944955698,0.165,-1.6306138032627793,-3.9212610648072963
22.40000000000005,-3.6715782827943553,1319.7770907970644,667.3657929425628,-0.06225,59.37623830323188,-11.738147523750579,0.495,-1.6306138032627793,-3.9212610648072963
22.50000000000005,-3.8321817023844695,1325.711973203627,666.1563339576525,-0.1745,59.32140982802136,-12.451032174456541,0.165,-1.6306138032627793,-3.9212610648072963
22.60000000000005,-3.9416659596428296,1331.6431944267433,664.8866446132215,-0.1745,59.303014634305526,-12.942754714163046,0.165,-1.6306138032627793,-3.9212610648072963
22.700000000000053,-4.016048160478224,1337.5737852252744,663.5754066456288,-0.1745,59.308801336316996,-13.28200463769043,0.165,-1.6306138032627793,-3.9212610648072963
22.800000000000054,-4.066339479896476,1343.5057640568261,662.2354955035013,-0.1745,59.33077529471819,-13.516218204860058,0.165,-1.6306138032627793,-3.9212610648072963
22.900000000000055,-4.10010668096459,1349.4404847021376,660.8757775326561,-0.1745,59.36363761151181,-13.678141212044155,0.165,-1.6306138032627793,-3.9212610648072963
23.000000000000057,-4.1225470290115975,1355.3788584607307,659.5023527027012,-0.1745,59.40383756035079,-13.790355387055651,0.165,-1.6306138032627793,-3.9212610648072963
23.10000000000006,-4.137228483430205,1361.3214992290975,658.1194141435941,-0.1745,59.44897780698407,-13.86841579508528,0.165,-1.6306138032627793,-3.9212610648072963
23.20000000000006,-4.146599252372449,1367.2688196901663,656.72984204409,-0.1745,59.49743141439227,-13.923026194995893,0.165,-1.6306138032627793,-3.9212610648072963
23.30000000000006,-4.152338395968666,1373.221095785222,655.3356134648334,-0.1745,59.548090486718316,-13.961545390136001,0.165,-1.6306138032627793,-3.9212610648072963
23.400000000000063,-4.155596924596897,1379.1785102550703,653.9380847664708,-0.1745,59.600198910249716,-13.989028577117134,0.165,-1.6306138032627793,-3.9212610648072963
23.500000000000064,-4.157163500874874,1385.1411821983509,652.5381860326065,-0.1745,59.653239955364704,-14.008946100168126,0.165,-1.6306138032627793,-3.9212610648072963
23.600000000000065,-4.157578262091368,1391.1091872074096,651.1365547838808,-0.1745,59.70686022580805,-14.023678874347274,0.165,-1.6306138032627793,-3.9212610648072963
23.700000000000067,-4.157210966176258,1397.0825711166895,649.733627865831,-0.1745,59.7608179597875,-14.034859486648713,0.165,-1.6306138032627793,-3.9212610648072963
23.800000000000068,-4.156314617579375,1403.061359403433,648.3297045501843,-0.1745,59.81494777508463,-14.043606826284114,0.165,-1.6306138032627793,-3.9212610648072963
23.90000000000007,-4.1550622496383935,1409.0455636211245,646.9249898413271,-0.1745,59.86913657874497,-14.05068735085767,0.165,-1.6306138032627793,-3.9212610648072963
24.00000000000007,-4.153572142464641,1415.0351858042993,645.5196241811453,-0.1745,59.92330708475049,-14.056625852777493,0.165,-1.6306138032627793,-3.9212610648072963
24.100000000000072,-4.151925104627763,1421.0302214849671,644.1137038138031,-0.1745,59.9774065286039,-14.061781494066999,0.165,-1.6306138032627793,-3.9212610648072963
24.200000000000074,-4.150176311074417,1427.0306617582628,642.7072947405235,-0.1745,60.03139893731001,-14.06639997152661,0.165,-1.6306138032627793,-3.9212610648072963
24.300000000000075,-4.1483634086145456,1433.0364946968275,641.3004422775678,-0.1745,60.08525983398195,-14.070649287587344,0.165,-1.6306138032627793,-3.9212610648072963
24.400000000000077,-4.146512063445212,1439.0477063190485,639.8931775998136,-0.1745,60.138972610437314,-14.074644267496117,0.165,-1.6306138032627793,-3.9212610648072963
24.500000000000078,-4.144639756372278,1445.06428125171,638.4855222186595,-0.1745,60.19252604279269,-14.078463355585269,0.165,-1.6306138032627793,-3.9212610648072963
24.60000000000008,-4.142758378149737,1451.0862031833653,637.0774910450318,-0.1745,60.245912590311214,-14.082160116968431,0.165,-1.6306138032627793,-3.9212610648072963
24.70000000000008,-4.140876003551261,1457.1134551744267,635.669094483673,-0.1745,60.299127230915005,-14.0857711102087,0.165,-1.6306138032627793,-3.9212610648072963
24.800000000000082,-4.138998103555018,1463.1460198691886,634.2603398644782,-0.1745,60.35216666432588,-14.089321273687283,0.165,-1.6306138032627793,-3.9212610648072963
24.900000000000084,-4.13712837326285,1469.1838796407533,632.8512324203277,-0.1745,60.40502876696864,-14.0928276093224,0.165,-1.6306138032627793,-3.9212610648072963
25.000000000000085,-4.135269297135089,1475.2270166900632,631.4417759548218,-0.1745,60.457712219232754,-14.096301700796204,0.165,-1.6306138032627793,-3.9212610648072963
25.100000000000087,-4.133422534728331,1481.2754131135594,630.0319732980657,-0.1745,60.510216250689645,-14.099751434323382,0.165,-1.6306138032627793,-3.9212610648072963
25.200000000000088,-4.131589183830013,1487.329050949394,628.621826617649,-0.1745,60.56254046600441,-14.103182174009675,0.165,-1.6306138032627793,-3.9212610648072963
25.30000000000009,-4.129769959884798,1493.3879122089957,627.2113376307315,-0.1745,60.61468472602976,-14.106597564341241,0.165,-1.6306138032627793,-3.9212610648072963
25.40000000000009,-4.127965318291923,1499.451978898628,625.8005077486209,-0.1745,60.66664906662109,-14.110000077868504,0.165,-1.6306138032627793,-3.9212610648072963
25.500000000000092,-3.965468911964889,1505.5212330341205,624.3893381752856,-0.1745,60.71843364322635,-14.113391388837012,0.165,-1.6306138032627793,-3.9212610648072963
25.600000000000094,-4.016213183075682,1511.5973763047323,623.003127682618,-0.1495,60.80443176900688,-13.610818464515189,0.165,-1.6306138032627793,-3.9212610648072963
25.700000000000095,-4.050046472200465,1517.6791724627103,621.6337737185371,-0.1745,60.83149139055307,-13.776260817102386,0.165,-1.6306138032627793,-3.9212610648072963
25.800000000000097,-4.072412713935426,1523.764063318222,620.250479788055,-0.1745,60.86632571968132,-13.889617792538424,0.165,-1.6306138032627793,-3.9212610648072963
25.900000000000098,-4.087008236975908,1529.8526967180173,618.8576198176801,-0.1745,60.9063422762243,-13.967581614960544,0.165,-1.6306138032627793,-3.9212610648072963
26.0000000000001,-4.096341628302721,1535.9455038818605,617.4581652138341,-0.1745,60.949801000640946,-14.02151046195735,0.165,-1.6306138032627793,-3.9212610648072963
26.1000000000001,-4.102114630849283,1542.0427704254241,616.054133370056,-0.1745,60.99552987062983,-14.05912641360715,0.165,-1.6306138032627793,-3.9212610648072963
26.200000000000102,-4.105481150015539,1548.1446838035295,614.6468932670073,-0.1745,61.04273769147636,-14.085675647366086,0.165,-1.6306138032627793,-3.9212610648072963
26.300000000000104,-4.1072232847553325,1554.2513651692777,613.2373734834512,-0.1745,61.09088962348751,-14.104720023756338,0.165,-1.6306138032627793,-3.9212610648072963
26.400000000000105,-4.107870906277622,1560.3628908430933,611.82620365753,-0.1745,61.13962385282298,-14.118676494666659,0.165,-1.6306138032627793,-3.9212610648072963
26.500000000000107,-4.107782850388176,1566.4793068130796,610.4138106183823,-0.1745,61.188695546904434,-14.129184288286549,0.165,-1.6306138032627793,-3.9212610648072963
26.600000000000108,-4.10720202143872,1572.6006385426617,609.0004836717827,-0.1745,61.23793904474003,-14.137354643704995,0.165,-1.6306138032627793,-3.9212610648072963
26.70000000000011,-4.1057459698268834,1578.7268976098335,607.5864189125323,-0.1745,61.28724229869623,-14.143940541302598,0.165,-1.6306138032627793,-3.9212610648072963
26.80000000000011,-4.104259853511137,1584.8597111458303,606.1714628201032,-0.1745,61.36902842124041,-14.155181307279003,0.495,-1.6306138032627793,-3.9212610648072963
26.900000000000112,-4.102751572757087,1590.9990777714129,604.755763377528,-0.1745,61.418304090411034,-14.158807544225292,0.165,-1.6306138032627793,-3.9212610648072963
27.000000000000114,-4.101232914233016,1597.143364108054,603.3397074003666,-0.1745,61.46742264241043,-14.162311999001046,0.165,-1.6306138032627793,-3.9212610648072963
27.100000000000115,-4.099711812692271,1603.2925541893983,601.923305220833,-0.1745,61.516378984476574,-14.165731591672142,0.165,-1.6306138032627793,-3.9212610648072963
27.200000000000117,-4.098193598927921,1609.4466316291148,600.5065640773744,-0.1745,61.565169809855384,-14.169091277498568,0.165,-1.6306138032627793,-3.9212610648072963
27.300000000000118,-4.08066535489722,1615.6055797706438,599.089489117679,-0.1745,61.613793020722554,-14.172407916408073,0.165,-1.4651864775030539,-3.776885312066566
27.40000000000012,-4.068366954653934,1621.7697803974008,597.6745915310757,-0.1745,61.67021951441807,-14.125543815658368,0.165,-1.4651864775030539,-3.776885312066566
27.50000000000012,-4.059600348924332,1627.9394940125208,596.2635646956102,-0.1745,61.724052787981336,-14.094992893653194,0.165,-1.4651864775030539,-3.776885312066566
27.600000000000122,-4.053219422852794,1634.114500427097,594.8550426744617,-0.1745,61.77607550354507,-14.075447529316055,0.165,-1.4651864775030539,-3.776885312066566
27.700000000000124,-4.048450841702908,1640.2946451375615,593.4481040879816,-0.1745,61.826818705743385,-14.063324200286027,0.165,-1.4651864775030539,-3.776885312066566
27.800000000000125,-3.3209147870217226,1646.4798181814574,592.0421276840415,-0.1745,61.87664217217416,-14.056203878517849,0.165,-1.4651864775030539,-3.776885312066566
27.900000000000126,-3.5607585799351082,1652.6650245811452,590.7545363514706,-0.06225,61.82748582157998,-11.695622772899089,0.165,-1.4651864775030539,-3.776885312066566
28.000000000000128,-3.7221599158316905,1658.8442487839898,589.5473191634337,-0.1745,61.75699823531221,-12.448720987838293,0.165,-1.4651864775030539,-3.776885312066566
28.10000000000013,-3.8305749411871997,1665.0184444404902,588.2769186350276,-0.1745,61.72691489469555,-12.959289580282382,0.165,-1.4651864775030539,-3.776885312066566
28.20000000000013,-3.903210614104812,1671.1909498014818,586.9636774715141,-0.1745,61.72319232513853,-13.305533689989332,0.165,-1.4651864775030539,-3.776885312066566
28.300000000000132,-3.9516972360726843,1677.36395077272,585.6213753040977,-0.1745,61.736827099624584,-13.54050965833749,0.165,-1.4651864775030539,-3.776885312066566
28.400000000000134,-3.983893082092786,1683.5388896956822,584.2593395504912,-0.1745,61.76195135961796,-13.700205413792277,0.165,-1.4651864775030539,-3.776885312066566
28.500000000000135,-4.005105429314004,1689.7167221279092,582.8838787808378,-0.1745,61.794697284919906,-13.80900997927511,0.165,-1.4651864775030539,-3.776885312066566
28.600000000000136,-4.018917033389944,1695.8980817773845,581.4992565191408,-0.1745,61.83249570458501,-13.883435254665084,0.165,-1.4651864775030539,-3.776885312066566
28.700000000000138,-4.027745401313328,1702.0833881257306,580.1083522662361,-0.1745,61.87363126233753,-13.934649803426762,0.165,-1.4651864775030539,-3.776885312066566
28.80000000000014,-4.033221068870347,1708.2729174287972,578.7131096805366,-0.1745,61.91695479899293,-13.970201910562826,0.165,-1.4651864775030539,-3.776885312066566
28.90000000000014,-4.036443323287805,1714.466849909461,577.3148401061226,-0.1745,61.9616948142802,-13.995189577716882,0.165,-1.4651864775030539,-3.776885312066566
29.000000000000142,-4.038152987901343,1720.665301284555,575.9144279338592,-0.1745,62.00733268759914,-14.013053867549472,0.165,-1.4651864775030539,-3.776885312066566
29.100000000000144,-4.038849111487751,1726.868343896616,574.5124694298087,-0.1745,62.053519553617626,-14.02611621346009,0.165,-1.4651864775030539,-3.776885312066566
29.200000000000145,-4.038867738077141,1733.07602090847,573.1093665206571,-0.1745,62.100020683461544,-14.03594196957187,0.165,-1.4651864775030539,-3.776885312066566
29.300000000000146,-4.0384350567702825,1739.2883558507697,571.7053901124074,-0.1745,62.14667816253527,-14.043586195422545,0.165,-1.4651864775030539,-3.776885312066566
29.400000000000148,-4.037703249760444,1745.5053590488899,570.3007228170635,-0.1745,62.193385799868075,-14.049759711453781,0.165,-1.4651864775030539,-3.776885312066566
29.50000000000015,-4.036774661189023,1751.7270319509503,568.8954877703197,-0.1745,62.240072241341345,-14.054941223421803,0.165,-1.4651864775030539,-3.776885312066566
29.60000000000015,-4.035718085560857,1757.9533700428715,567.4897680595224,-0.1745,62.28668959708139,-14.05945299252448,0.165,-1.4651864775030539,-3.776885312066566
29.700000000000152,-4.034579741028264,1764.1843648117276,566.0836198159172,-0.1745,62.333205780042334,-14.063511879576925,0.165,-1.4651864775030539,-3.776885312066566
29.800000000000153,-4.033390659175665,1770.4200050679424,564.677081033813,-0.1745,62.379599344251794,-14.067263762507817,0.165,-1.4651864775030539,-3.776885312066566
29.900000000000155,-4.032171659710009,1776.6602778355234,563.2701775090156,-0.1745,62.425856007370335,-14.07080673343961,0.165,-1.4651864775030539,-3.776885312066566
30.000000000000156,-3.8650027093289863,1782.9051689513087,561.8629268359883,-0.1745,62.471966308336484,-14.074206727106446,0.165,-1.4651864775030539,-3.776885312066566
30.100000000000158,-3.9182584647409757,1789.159854962702,560.4814136423652,-0.1495,62.621753919526,-13.556057145357657,0.8300000000000001,-1.4651864775030539,-3.776885312066566
30.20000000000016,-3.9535068042195984,1795.422996908083,559.1170075352688,-0.1745,62.641084988094185,-13.732064996568791,0.165,-1.4651864775030539,-3.776885312066566
30.30000000000016,-3.9766933026916473,1801.688503238048,557.7378512004904,-0.1745,62.66904161120974,-13.851061698999825,0.165,-1.4651864775030539,-3.776885312066566
30.400000000000162,-3.991804968828692,1807.9570894897795,556.34870814427,-0.1745,62.70268342341824,-13.931799425407556,0.165,-1.4651864775030539,-3.776885312066566
30.500000000000163,-4.001514289775851,1814.2292267771004,554.9527742897926,-0.1745,62.740062322999776,-13.986877664140232,0.165,-1.4651864775030539,-3.776885312066566
30.600000000000165,-4.0076118938423475,1820.5052240308937,553.5521926459705,-0.1745,62.77988275286642,-14.02475521230066,0.165,-1.4651864775030539,-3.776885312066566
30.700000000000166,-4.011297067396501,1826.7852822211194,552.1483995296679,-0.1745,62.821281051647546,-14.05110711375106,0.165,-1.4651864775030539,-3.776885312066566
30.800000000000168,-4.013372731168972,1833.0695303054313,550.7423572460362,-0.1745,62.863680634588775,-14.069738558881577,0.165,-1.4651864775030539,-3.776885312066566
30.90000000000017,-4.014376235423853,1839.358049150352,549.3347103344335,-0.1745,62.90669626382585,-14.08319967317543,0.165,-1.4651864775030539,-3.776885312066566
31.00000000000017,-4.014667062742847,1845.6508874868168,547.9258904162349,-0.1745,62.95007046547353,-14.093198690795774,0.165,-1.4651864775030539,-3.776885312066566
31.100000000000172,-4.014485611796843,1851.9480725683882,546.5161865111277,-0.1745,62.99363116595457,-14.100879411348245,0.165,-1.4651864775030539,-3.776885312066566
31.200000000000173,-4.013992582462766,1858.2496172971657,545.1057921707259,-0.1745,63.03726340959615,-14.107007396689005,0.165,-1.4651864775030539,-3.776885312066566
31.300000000000175,-4.013295353926003,1864.555524990331,543.6948370581653,-0.1745,63.080890453709365,-14.112094854522617,0.165,-1.4651864775030539,-3.776885312066566
31.400000000000176,-4.0124656449005025,1870.86579256916,542.2834080975647,-0.1745,63.12446112287451,-14.116484357489004,0.165,-1.4651864775030539,-3.776885312066566
31.500000000000178,-4.0115513329633465,1877.180412692654,540.8715636326148,-0.1745,63.167941347003904,-14.120404941509014,0.165,-1.4651864775030539,-3.776885312066566
31.60000000000018,-4.010584362007918,1883.4993751849177,539.4593429015118,-0.1745,63.211308498270256,-14.124009680550515,0.165,-1.4651864775030539,-3.776885312066566
31.70000000000018,-4.009586030696925,1889.822667989894,538.0467723752621,-0.1745,63.25454760125769,-14.127400844443574,0.165,-1.4651864775030539,-3.776885312066566
31.800000000000182,-4.008570528121705,1896.1502778098095,536.6338699962033,-0.1745,63.29764879705191,-14.130646736732123,0.165,-1.4651864775030539,-3.776885312066566
31.900000000000183,-4.0075472967979255,1902.4821905319984,535.2206480113687,-0.1745,63.34060564672559,-14.133792959959889,0.165,-1.4651864775030539,-3.776885312066566
32.000000000000185,-4.0065226113926125,1908.8183915141676,533.8071148658722,-0.1745,63.38341399665858,-14.136869949968915,0.165,-1.4651864775030539,-3.776885312066566
32.100000000000186,-4.0055006331194125,1915.1588657749926,532.3932764677179,-0.1745,63.42607121984154,-14.139898013118641,0.165,-1.4651864775030539,-3.776885312066566
32.20000000000019,-4.004484113706195,1921.5035981214212,530.9791370324191,-0.1745,63.468575708729546,-14.142890692858533,0.165,-1.4651864775030539,-3.776885312066566
32.30000000000019,-4.003474865240749,1927.852573233675,529.5646996468278,-0.1745,63.51092653634777,-14.14585701896688,0.165,-1.4651864775030539,-3.776885312066566
32.40000000000019,-4.002474073651975,1934.2057757219875,528.1499666453907,-0.1745,63.55312322990093,-14.148803009774399,0.165,-1.4651864775030539,-3.776885312066566
32.50000000000019,-4.00148250779433,1940.563190164462,526.7349398611454,-0.1745,63.59516561958642,-14.151732675129352,0.165,-1.4651864775030539,-3.776885312066566
32.60000000000019,-4.000500658855282,1946.9248011323243,525.3196207930988,-0.1745,63.637053737661326,-14.154648685804123,0.165,-1.4651864775030539,-3.776885312066566
32.700000000000195,-3.9995288332742316,1953.2905932067613,523.9040107178024,-0.1745,63.67878775108026,-14.157552820124835,0.165,-1.4651864775030539,-3.776885312066566
32.800000000000196,-3.9985672146546807,1959.6605509901428,522.488110763703,-0.1745,63.720367916551574,-14.160446261863388,0.165,-1.4651864775030539,-3.776885312066566
32.9000000000002,-3.9976159050024886,1966.0346591134985,521.0719219606669,-0.1745,63.761794550559785,-14.163329798858097,0.165,-1.4651864775030539,-3.776885312066566
33.0000000000002,-3.9966749521843226,1972.4129022414952,519.655445272954,-0.1745,63.80306800937568,-14.166203955400293,0.165,-1.4651864775030539,-3.776885312066566
33.1000000000002,-3.9957443682044462,1978.7952650757504,518.2386816211617,-0.1745,63.844188675729555,-14.169069080444345,0.165,-1.4651864775030539,-3.776885312066566
33.2000000000002,-3.9948241413657053,1985.1817323570333,516.8216318968214,-0.1745,63.88515694992828,-14.171925406362712,0.165,-1.4651864775030539,-3.776885312066566
33.3000000000002,-3.9939142443581703,1991.5722888667265,515.4042969720998,-0.1745,63.92597324393493,-14.174773088068376,0.165,-1.4651864775030539,-3.776885312066566
33.400000000000205,-3.9930146396370176,1997.9669194277944,513.9866777062437,-0.1745,63.96663797742297,-14.1776122290558,0.165,-1.4651864775030539,-3.776885312066566
33.500000000000206,-3.9921252829965836,2004.365608905423,512.5687749498544,-0.1745,64.00715157514598,-14.180442898728492,0.165,-1.4651864775030539,-3.776885312066566
33.60000000000021,-3.9912461259444916,2010.7683422074394,511.1505895477217,-0.1745,64.04751446518368,-14.183265143924567,0.165,-1.4651864775030539,-3.776885312066566
33.70000000000021,-3.9903771172778186,2017.1751042845872,509.7321223406965,-0.1745,64.08772707777126,-14.186078996580203,0.165,-1.4651864775030539,-3.776885312066566
33.80000000000021,-3.9895182041288186,2023.5858801307015,508.31337416692634,-0.1745,64.12778984451722,-14.188884478823146,0.165,-1.4651864775030539,-3.776885312066566
33.90000000000021,-3.9886693326581235,2030.0006547828214,506.89434586266736,-0.1745,64.16770319787959,-14.191681606356626,0.165,-1.4651864775030539,-3.776885312066566
34.00000000000021,-3.9878304485137517,2036.4194133212561,505.4750382628142,-0.1745,64.20746757081406,-14.194470390706439,0.165,-1.4651864775030539,-3.776885312066566
34.100000000000215,-3.9870014971345973,2042.8421408696236,504.05545220124327,-0.1745,64.24708339653658,-14.197250840712254,0.165,-1.4651864775030539,-3.776885312066566
34.200000000000216,-3.98531965329265,2049.2688225948687,502.6355885110318,-0.1745,64.28655110836193,-14.200022963516693,0.165,-1.4651864775030539,-3.776885312066566
34.30000000000022,-3.9833858462084173,2055.7027182120537,501.2148707522176,-0.1745,64.39136123533991,-14.214332212767387,0.8300000000000001,-1.4651864775030539,-3.776885312066566
34.40000000000022,-3.9817842271393014,2062.145443144446,499.7931306262533,-0.1745,64.46313741250037,-14.220470306519175,0.495,-1.4651864775030539,-3.776885312066566
34.50000000000022,-3.9804730757777844,2068.593710035647,498.37108224700455,-0.1745,64.50220041151877,-14.220497278455428,0.165,-1.4651864775030539,-3.776885312066566
34.60000000000022,-3.9793568923147276,2075.0458690053983,496.94898572832165,-0.1745,64.54097898351192,-14.221433095203185,0.165,-1.4651864775030539,-3.776885312066566
34.70000000000022,-3.9783725742118254,2081.50189399265,495.52676575052135,-0.1745,64.57952076152334,-14.222966460803283,0.165,-1.4651864775030539,-3.776885312066566
34.800000000000225,-3.9774784323276906,2087.9617629001177,494.1043728461872,-0.1745,64.61785738783307,-14.224891625880453,0.165,-1.4651864775030539,-3.776885312066566
34.900000000000226,-3.9766469267945803,2094.4254562656847,492.6817746327869,-0.1745,64.6560099235042,-14.227072642124218,0.165,-1.4651864775030539,-3.776885312066566
35.00000000000023,-3.9758598643696432,2100.8929563833995,491.25895001521286,-0.1745,64.69399243078706,-14.229419709356742,0.165,-1.4651864775030539,-3.776885312066566
35.10000000000023,-3.9742677306458756,2107.3642467221566,489.8358853533081,-0.1745,64.73181434435692,-14.231873528739346,0.165,-1.4651864775030539,-3.776885312066566
35.20000000000023,-3.9728426857659827,2113.8425860461716,488.4119946567352,-0.1745,64.8349721359412,-14.24594040271853,0.8300000000000001,-1.4651864775030539,-3.776885312066566
35.30000000000023,-3.971679751051662,2120.327964322597,486.9873899302507,-0.1745,64.87259339256282,-14.246154126971343,0.165,-1.4651864775030539,-3.776885312066566
35.40000000000023,-3.9706924188231585,2126.817091356814,485.5627227032578,-0.1745,64.90994729178301,-14.247190412885793,0.165,-1.4651864775030539,-3.776885312066566
35.500000000000234,-3.9698236919729557,2133.3099425885766,484.1379248978284,-0.1745,64.94707734346638,-14.24876569570267,0.165,-1.4651864775030539,-3.776885312066566
35.600000000000236,-3.969036022221801,2139.8064970746905,482.7129519580955,-0.1745,64.98401237880996,-14.25069309895424,0.165,-1.4651864775030539,-3.776885312066566
35.70000000000024,-3.9683046752973588,2146.3067362708725,481.28777482803673,-0.1745,65.0207715448359,-14.252849502220972,0.165,-1.4651864775030539,-3.776885312066566
35.80000000000024,-3.967613357130109,2152.8106432282116,479.86237466223236,-0.1745,65.05736760194371,-14.255153813866222,0.165,-1.4651864775030539,-3.776885312066566
35.90000000000024,-3.966951331392784,2159.3182020633126,478.436739339525,-0.1745,65.09380910007428,-14.25755264028126,0.165,-1.4651864775030539,-3.776885312066566
36.00000000000024,-3.9663115204283574,2165.829397609029,477.01086116569365,-0.1745,65.13010181425109,-14.260010836345295,0.165,-1.4651864775030539,-3.776885312066566
36.10000000000024,-3.9656892544332223,2172.344215184302,475.58473536006227,-0.1745,65.16624969121021,-14.262505276282957,0.165,-1.4651864775030539,-3.776885312066566
36.200000000000244,-3.9650814478492498,2178.862640442533,474.15835905881863,-0.1745,65.20225547341684,-14.26502074859024,0.165,-1.4651864775030539,-3.776885312066566
36.300000000000246,-3.9644860572102503,2185.384659271718,472.73173065881286,-0.1745,65.23812111028145,-14.26754725152549,0.165,-1.4651864775030539,-3.776885312066566
36.40000000000025,-3.9639017243628283,2191.9102577286853,471.3048493856448,-0.1745,65.2738480290586,-14.270078211836443,0.165,-1.4651864775030539,-3.776885312066566
36.50000000000025,-3.963327541744996,2198.439421995801,469.8777150094581,-0.1745,65.30943731325279,-14.272609311897398,0.165,-1.4651864775030539,-3.776885312066566
36.60000000000025,-3.962762898009223,2204.972138352467,468.4503276579797,-0.1745,65.34488982007544,-14.27513771767079,0.165,-1.4651864775030539,-3.776885312066566
36.70000000000025,-3.9622073765168793,2211.508393156358,467.0226876935633,-0.1745,65.38020625775101,-14.277661570657786,0.165,-1.4651864775030539,-3.776885312066566
36.80000000000025,-3.961660688615228,2218.0481728310647,465.5947956323471,-0.1745,65.41538723638168,-14.280179653665762,0.165,-1.4651864775030539,-3.776885312066566
36.900000000000254,-3.9611226297902835,2224.591463857954,464.1666520911144,-0.1745,65.4504333014037,-14.282691170987974,0.165,-1.4651864775030539,-3.776885312066566
37.000000000000256,-3.9605930508604286,2231.1382527708033,462.7382577523714,-0.1745,65.48534495558648,-14.285195603871593,0.165,-1.4651864775030539,-3.776885312066566
37.10000000000026,-3.960071839056465,2237.688526152257,461.3096133414021,-0.1745,65.52012267349268,-14.28769261551458,0.165,-1.4651864775030539,-3.776885312066566
37.20000000000026,-3.9595589055982314,2244.2422706314806,459.8807196111946,-0.1745,65.55476691097954,-14.290181988636082,0.165,-1.4651864775030539,-3.776885312066566
37.30000000000026,-3.9590541775390915,2250.7994728826015,458.4515773325396,-0.1745,65.5892781114393,-14.292663584463227,0.165,-1.4651864775030539,-3.776885312066566
37.40000000000026,-3.9585575924133236,2257.360119623668,457.0221872875267,-0.1745,65.62365670989583,-14.29513731579477,0.165,-1.4651864775030539,-3.776885312066566
37.50000000000026,-3.9580690947238444,2263.924197615948,455.59255026527126,-0.1745,65.65790313569238,-14.297603129314732,0.165,-1.4651864775030539,-3.776885312066566
37.600000000000264,-3.9575886336378785,2270.491693663445,454.1626670591064,-0.1745,65.69201781425376,-14.300060993982544,0.165,-1.4651864775030539,-3.776885312066566
37.700000000000266,-3.9571161614753088,2277.0625946125697,452.7325384647366,-0.1745,65.72600116824042,-14.302510893413858,0.165,-1.4651864775030539,-3.776885312066566
37.80000000000027,-3.956651632717038,2283.636887351897,451.30216527902184,-0.1745,65.75985361830337,-14.30495282088144,0.165,-1.4651864775030539,-3.776885312066566
37.90000000000027,-3.956195003354402,2290.2145588119906,449.87154829917597,-0.1745,65.79357558357708,-14.307386776035804,0.165,-1.4651864775030539,-3.776885312066566
38.00000000000027,-3.9557462304622093,2296.7955959652695,448.44068832223644,-0.1745,65.82716748200038,-14.309812762754332,0.165,-1.4651864775030539,-3.776885312066566
38.10000000000027,-3.955305271918354,2303.379985825896,447.0095861447122,-0.1745,65.8606297305246,-14.312230787730673,0.165,-1.4651864775030539,-3.776885312066566
38.20000000000027,-3.9548720862195057,2309.9677154496844,445.5782425623482,-0.1745,65.89396274524776,-14.314640859549655,0.165,-1.4651864775030539,-3.776885312066566
38.300000000000274,-3.9544466323597307,2316.558771934022,444.14665836996664,-0.1745,65.92716694150032,-14.317042988080514,0.165,-1.4651864775030539,-3.776885312066566
38.400000000000276,-3.954028869750343,2323.153142417792,442.71483436135867,-0.1745,65.96024273389907,-14.319437184078788,0.165,-1.4651864775030539,-3.776885312066566
38.50000000000028,-3.9536187581667575,2329.750814081306,441.28277132920846,-0.1745,65.9931905363804,-14.321823458924932,0.165,-1.4651864775030539,-3.776885312066566
38.60000000000028,-3.9532162577130228,2336.351774146236,439.8504700650396,-0.1745,66.02601076221993,-14.324201824452526,0.165,-1.4651864775030539,-3.776885312066566
38.70000000000028,-3.952821328797932,2342.956009875549,438.4179313591752,-0.1745,66.05870382404323,-14.326572292835158,0.165,-1.4651864775030539,-3.776885312066566
38.80000000000028,-3.952433932118721,2349.563508573443,436.9851560007079,-0.1745,66.09127013383083,-14.328934876511724,0.165,-1.4651864775030539,-3.776885312066566
38.90000000000028,-3.952054028649714,2356.1742575852804,435.55214477747546,-0.1745,66.12371010291938,-14.331289588136901,0.165,-1.4651864775030539,-3.776885312066566
39.000000000000284,-3.951681579634236,2362.7882442975265,434.11889847604124,-0.1745,66.15602414200048,-14.333636440548071,0.165,-1.4651864775030539,-3.776885312066566
39.100000000000286,-3.9513165465786537,2369.4054561376824,432.6854178816767,-0.1745,66.18821266111793,-14.33597544674304,0.165,-1.4651864775030539,-3.776885312066566
39.20000000000029,-3.950958891247811,2376.0258805742214,431.2517037783463,-0.1745,66.22027606966394,-14.338306619864813,0.165,-1.4651864775030539,-3.776885312066566
39.30000000000029,-3.950608575661396,2382.6495051165234,429.81775694869356,-0.1745,66.25221477637476,-14.340629973190989,0.165,-1.4651864775030539,-3.776885312066566
39.40000000000029,-3.950265562090895,2389.2763173148082,428.3835781740277,-0.1745,66.28402918932588,-14.342945520126184,0.165,-1.4651864775030539,-3.776885312066566
39.50000000000029,-3.949929813056974,2395.9063047600707,426.94916823431157,-0.1745,66.31571971592712,-14.345253274196436,0.165,-1.4651864775030539,-3.776885312066566
39.60000000000029,-3.9496012913271104,2402.539455084013,425.5145279081495,-0.1745,66.34728676291743,-14.347553249044918,0.165,-1.4651864775030539,-3.776885312066566
39.700000000000294,-3.949279959913408,2409.175755958977,424.0796579727758,-0.1745,66.37873073635984,-14.34984545842851,0.165,-1.4651864775030539,-3.776885312066566
39.800000000000296,-3.9489657820705437,2415.8151950978768,422.6445592040436,-0.1745,66.41005204163623,-14.352129916214926,0.165,-1.4651864775030539,-3.776885312066566
39.9000000000003,-3.9482883239156408,2422.457760254131,421.20923237641387,-0.1745,66.44125108344224,-14.354406636380228,0.165,-1.4651864775030539,-3.776885312066566
40.0000000000003,-3.9476501020342343,2429.105064163817,419.77339179695275,-0.1745,66.50482711028815,-14.36240495284177,0.495,-1.4651864775030539,-3.776885312066566
40.1000000000003,-3.9471398752840843,2435.757097120275,418.33709678691486,-0.1745,66.53583201887075,-14.36349524791564,0.165,-1.4651864775030539,-3.776885312066566
40.2000000000003,-3.9467152436334456,2442.4122214163967,416.9006727738159,-0.1745,66.56665390356838,-14.364985014062482,0.165,-1.4651864775030539,-3.776885312066566
40.3000000000003,-3.946348628988212,2449.070419861006,415.46408693215466,-0.1745,66.59731498861684,-14.36673181916265,0.165,-1.4651864775030539,-3.776885312066566
40.400000000000304,-3.9460220939780744,2455.731677104042,414.0273181898745,-0.1745,66.62782987209914,-14.368643026440116,0.165,-1.4651864775030539,-3.776885312066566
40.500000000000306,-3.9457239704077702,2462.3959790070417,412.5903531184518,-0.1745,66.65820818790066,-14.370658402014083,0.165,-1.4651864775030539,-3.776885312066566
40.60000000000031,-3.9454466658407106,2469.0633122334043,411.1531832587417,-0.1745,66.68845633935025,-14.372738792187388,0.165,-1.4651864775030539,-3.776885312066566
40.70000000000031,-3.163655799044307,2475.7336639817677,409.71580338143343,-0.1745,66.71857862791376,-14.374858753978293,0.165,-1.4651864775030539,-3.776885312066566
40.80000000000031,-3.443485123039501,2482.4027459372664,408.41433546484933,-0.06225,66.66306048205827,-11.654499577703369,0.165,-1.4651864775030539,-3.776885312066566
40.90000000000031,-3.6255322924538453,2489.062941385287,407.2019999570701,-0.1745,66.54084847835803,-12.592210577881286,0.165,-1.4651864775030539,-3.776885312066566
41.00000000000031,-3.5686939366920907,2495.713713021348,405.91216385469926,-0.1745,66.47458424286773,-13.204511469535714,0.165,-1.4651864775030539,-3.776885312066566
41.100000000000314,-3.707230279719999,2502.3627502431846,404.60136945845977,-0.1495,66.50616019385677,-13.01137645525376,0.165,-1.4651864775030539,-3.776885312066566
41.200000000000315,-3.7972682197711154,2509.011253292685,403.2768670125142,-0.1745,66.46390079615472,-13.47867246365839,0.165,-1.4651864775030539,-3.776885312066566
41.30000000000032,-3.8557344245707217,2515.656841719227,401.91373588073674,-0.1745,66.44786773468071,-13.783950171890707,0.165,-1.4651864775030539,-3.776885312066566
41.40000000000032,-3.8936541039211034,2522.3016625270743,400.52536075525916,-0.1745,66.44854842226427,-13.9835523376609,0.165,-1.4651864775030539,-3.776885312066566
41.50000000000032,-3.9182070400899462,2528.9470866270794,399.1204696128155,-0.1745,66.45993357783519,-14.114270511212057,0.165,-1.4651864775030539,-3.776885312066566
41.60000000000032,-3.9340674520339687,2535.593992684815,397.7047504522301,-0.1745,66.47818757687973,-14.200112700496003,0.165,-1.4651864775030539,-3.776885312066566
41.70000000000032,-3.9442774446551665,2542.2429443446863,396.28190814275547,-0.1745,66.50084562054234,-14.256733488996318,0.165,-1.4651864775030539,-3.776885312066566
41.800000000000324,-3.950816310709351,2548.8943024715763,394.85435477518314,-0.1745,66.5263169172575,-14.294333862450165,0.165,-1.4651864775030539,-3.776885312066566
41.900000000000325,-3.954971474632271,2555.548296914947,393.4236602102592,-0.1745,66.5535719501614,-14.319557436028443,0.165,-1.4651864775030539,-3.776885312066566
42.00000000000033,-3.957580106484986,2562.2050726792468,391.99084588696144,-0.1745,66.58194333582844,-14.336729029925959,0.165,-1.4651864775030539,-3.776885312066566
42.10000000000033,-3.959186444086588,2568.864719747995,390.55657629075495,-0.1745,66.61099803913703,-14.348662894203912,0.165,-1.4651864775030539,-3.776885312066566
42.20000000000033,-3.9601441980068754,2575.5272923981515,389.12128366120703,-0.1745,66.6404549639972,-14.357189696754594,0.165,-1.4651864775030539,-3.776885312066566
42.30000000000033,-3.9606831899776958,2582.1928217281406,387.68524918030687,-0.1745,66.6701316357855,-14.363499921248842,0.165,-1.4651864775030539,-3.776885312066566
42.40000000000033,-3.960952704695424,2588.861323791714,386.24865580821466,-0.1745,66.6999096356825,-14.368367520594802,0.165,-1.4651864775030539,-3.776885312066566
42.500000000000334,-3.7842603756801245,2595.5328048816996,384.8116226561664,-0.1745,66.72971216403539,-14.372295520371466,0.165,-1.4651864775030539,-3.776885312066566
42.600000000000335,-3.494396324755976,2602.2129730704905,383.4038633052033,-0.1495,66.87365161178673,-13.782891498890073,0.8300000000000001,-1.4651864775030539,-3.776885312066566
42.70000000000034,-3.6595732899669438,2608.903928753277,382.0754174016285,-0.1245,66.94546204393967,-12.786026572606103,0.165,-1.4651864775030539,-3.776885312066566
42.80000000000034,-3.7666463190535024,2615.5955167484144,380.7688606974244,-0.1745,66.88629785881535,-13.345107511475927,0.165,-1.4651864775030539,-3.776885312066566
42.90000000000034,-3.8360124327049023,2622.282788864821,379.4161520786056,-0.1745,66.85914446932028,-13.709064864899362,0.165,-1.4651864775030539,-3.776885312066566
43.00000000000034,-3.8809144570376226,2628.96835934567,378.0333917930263,-0.1745,66.85226514765448,-13.946140846686276,0.165,-1.4651864775030539,-3.776885312066566
43.10000000000034,-3.909949347651132,2635.6538881309866,376.63104686141713,-0.1745,66.85831055868309,-14.100757785496945,0.165,-1.4651864775030539,-3.776885312066566
43.200000000000344,-3.928696636090401,2642.3404347405058,375.2159181470132,-0.1745,66.87262163170199,-14.201816502580947,0.165,-1.4651864775030539,-3.776885312066566
43.300000000000345,-3.9407764580620164,2649.0286768653787,373.79242202513564,-0.1745,66.89222086575687,-14.268105934970897,0.165,-1.4651864775030539,-3.776885312066566
43.40000000000035,-3.9485369682771196,2655.719047682516,372.36342508668486,-0.1745,66.91519547698474,-14.311832834044287,0.165,-1.4651864775030539,-3.776885312066566
43.50000000000035,-3.953500844685057,2662.4118230864387,370.9307872892821,-0.1745,66.94031260147207,-14.340923114010767,0.165,-1.4651864775030539,-3.776885312066566
43.60000000000035,-3.956655215633858,2669.1071775159076,369.49571509980507,-0.1745,66.96677598790669,-14.360520675530026,0.165,-1.4651864775030539,-3.776885312066566
43.70000000000035,-3.958639855495583,2675.8052198533105,368.05899093752976,-0.1745,66.99407076015115,-14.373962569975959,0.165,-1.4651864775030539,-3.776885312066566
43.80000000000035,-3.959869307250451,2682.50601658049,366.6211221624239,-0.1745,67.02186378343077,-14.38341293214114,0.165,-1.4651864775030539,-3.776885312066566
43.900000000000354,-3.9606121065862245,2689.2096067433245,365.1824377751489,-0.1745,67.04993947326187,-14.390274813358024,0.165,-1.4651864775030539,-3.776885312066566
44.000000000000355,-3.961042162701385,2695.9160116339344,363.74315115513207,-0.1745,67.07815833894017,-14.395457586978345,0.165,-1.4651864775030539,-3.776885312066566
44.10000000000036,-3.9612720727229007,2702.625241059362,362.30340075071445,-0.1745,67.10643016961312,-14.399550501374154,0.165,-1.4651864775030539,-3.776885312066566
44.20000000000036,-3.961374716808839,2709.337297401626,360.86327646168377,-0.1745,67.13469667566551,-14.402935279238942,0.165,-1.4651864775030539,-3.776885312066566
44.30000000000036,-3.961397253145387,2716.0521782476912,359.4228367403485,-0.1745,67.16292024563901,-14.405859147467087,0.165,-1.4651864775030539,-3.776885312066566
44.40000000000036,-3.961370185431271,2722.769878093093,357.9821196735089,-0.1745,67.19107666240157,-14.408482189324765,0.165,-1.4651864775030539,-3.776885312066566
44.50000000000036,-3.961313236401405,2729.490389445412,356.54115016208885,-0.1745,67.21915038396885,-14.410908039076869,0.165,-1.4651864775030539,-3.776885312066566
44.600000000000364,-3.9612391515559704,2736.2137035389133,355.0999445714463,-0.1745,67.24713148606166,-14.413203773774407,0.165,-1.4651864775030539,-3.776885312066566
44.700000000000365,-3.1719708162365063,2742.9398107972897,353.6585137427058,-0.1745,67.27501368146642,-14.415412801036073,0.165,-1.4651864775030539,-3.776885312066566
44.80000000000037,-3.456466763697609,2749.666142499139,352.355076968762,-0.06225,67.25162035551747,-11.653322677839817,0.495,-1.4651864775030539,-3.776885312066566
44.90000000000037,-3.6407646472758226,2756.3848654072876,351.1417058873586,-0.1745,67.12283780745453,-12.61409895022768,0.165,-1.4651864775030539,-3.776885312066566
45.00000000000037,-3.7601178571786287,2763.0936108606334,349.8490743624772,-0.1745,67.05207125946419,-13.238531547400882,0.165,-1.4651864775030539,-3.776885312066566
45.10000000000037,-3.8373744457697097,2769.797087561156,348.5049234831743,-0.1745,67.01746275098706,-13.644486038656702,0.165,-1.4651864775030539,-3.776885312066566
45.20000000000037,-3.887350018751801,2776.4982444599746,347.12727256073924,-0.1745,67.00567522538883,-13.90853241004502,0.165,-1.4651864775030539,-3.776885312066566
45.300000000000374,-3.91965124728783,2783.198948254033,345.7278232631254,-0.1745,67.00840065578119,-14.08045354223225,0.165,-1.4651864775030539,-3.776885312066566
45.400000000000375,-3.9405058246774494,2789.900387900946,344.314170438456,-0.1745,67.02039228247841,-14.192602951155736,0.165,-1.4651864775030539,-3.776885312066566
45.50000000000038,-3.9539498282859546,2796.6033228501024,342.8912406895336,-0.1745,67.03830670064997,-14.265992027292496,0.165,-1.4651864775030539,-3.776885312066566
45.60000000000038,-3.962598235362744,2803.3082382324415,341.4622282485286,-0.1745,67.06000094613451,-14.314256792807994,0.165,-1.4651864775030539,-3.776885312066566
45.70000000000038,-3.9681448249102793,2810.0154430985067,340.02920333153,-0.1745,67.08409637516978,-14.346241547163654,0.165,-1.4651864775030539,-3.776885312066566
45.80000000000038,-3.9716864055050527,2816.7251331177017,338.59350726047387,-0.1745,67.10970400873117,-14.36767987395951,0.165,-1.4651864775030539,-3.776885312066566
45.90000000000038,-3.9739330353823696,2823.437430809478,337.15600890567987,-0.1745,67.13624982679752,-14.382287221920826,0.165,-1.4651864775030539,-3.776885312066566
46.000000000000384,-3.9753442810701136,2830.1524114462,335.71727102371455,-0.1745,67.16336290764382,-14.392470417386056,0.165,-1.4651864775030539,-3.776885312066566
46.100000000000385,-3.9762175109164515,2836.8701197666114,334.27765809800866,-0.1745,67.19080350058617,-14.399788096731214,0.165,-1.4651864775030539,-3.776885312066566
46.20000000000039,-3.976745092517398,2843.590580774193,332.8374062263588,-0.1745,67.21841665103854,-14.405249336266094,0.165,-1.4651864775030539,-3.776885312066566
46.30000000000039,-3.9770514362838365,2850.3138067192463,331.39666839688624,-0.1745,67.24610225002559,-14.40950725318423,0.165,-1.4651864775030539,-3.776885312066566
46.40000000000039,-3.9772169805682447,2857.0398016153254,329.9555438107362,-0.1745,67.27379567155198,-14.412984469817117,0.165,-1.4651864775030539,-3.776885312066566
46.50000000000039,-3.9772937179351766,2863.7685641612866,328.5140968674837,-0.1745,67.30145524767337,-14.415954395232172,0.165,-1.4651864775030539,-3.776885312066566
46.60000000000039,-3.977315243408468,2870.500089631882,327.0723694543236,-0.1745,67.32905416423456,-14.41859386797024,0.165,-1.4651864775030539,-3.776885312066566
46.700000000000394,-3.977303255963078,2877.2343711009153,325.6303888988535,-0.1745,67.35657521642956,-14.421017241433082,0.165,-1.4651864775030539,-3.776885312066566
46.800000000000395,-3.977271764206794,2883.971400232489,324.1881731143784,-0.1745,67.38400741504539,-14.423298448068579,0.165,-1.4651864775030539,-3.776885312066566
46.9000000000004,-3.977229806332562,2890.7111677927664,322.74573392805,-0.1745,67.41134379050033,-14.425485278499133,0.165,-1.4651864775030539,-3.776885312066566
47.0000000000004,-3.9771832088047336,2897.4536639808975,321.3030792331122,-0.1745,67.43857997211845,-14.427608620257317,0.165,-1.4651864775030539,-3.776885312066566
47.1000000000004,-3.9771357232483595,2904.1988786429592,319.86021438040194,-0.1745,67.46571326911356,-14.42968843394858,0.165,-1.4651864775030539,-3.776885312066566
47.2000000000004,-3.9770897612187763,2910.946801410226,318.4171430777994,-0.1745,67.49274207622179,-14.431737618102114,0.165,-1.4651864775030539,-3.776885312066566
47.3000000000004,-3.9770468689765384,2917.697421788506,316.973867971492,-0.1745,67.51966548937497,-14.433764508045956,0.165,-1.4651864775030539,-3.776885312066566
47.400000000000404,-3.9770080341976612,2924.4507292158364,315.5303910215283,-0.1745,67.54648305724085,-14.435774491227308,0.165,-1.4651864775030539,-3.776885312066566
47.500000000000405,-3.185309377340968,2931.20671309973,314.08671374440934,-0.1745,67.57319462063238,-14.437771051152817,0.165,-1.4651864775030539,-3.776885312066566
47.600000000000406,-3.472226835518515,2937.9611939104243,312.7823331516984,-0.06225,67.51642159325131,-11.649840803064935,0.165,-1.4651864775030539,-3.776885312066566
47.70000000000041,-3.657738776527202,2944.7062384827773,311.56873389166515,-0.1745,67.38446985380912,-12.622144397600144,0.165,-1.4651864775030539,-3.776885312066566
47.80000000000041,-3.77765892809857,2951.441039573878,310.274989852931,-0.1745,67.3115519682003,-13.252736377083057,0.165,-1.4651864775030539,-3.776885312066566
47.90000000000041,-3.855149749768741,2958.1703842511743,308.92926150554774,-0.1745,67.27534157772797,-13.661830570582785,0.165,-1.4651864775030539,-3.776885312066566
48.00000000000041,-3.9051996695553255,2964.8972638201885,307.54980230512973,-0.1745,67.26224980256185,-13.927353437777924,0.165,-1.4651864775030539,-3.776885312066566
48.10000000000041,-3.9375074915036956,2971.6235678547546,306.1484414840914,-0.1745,67.26383088875517,-14.09986298298914,0.165,-1.4651864775030539,-3.776885312066566
48.200000000000415,-3.958347815170668,2978.350497522986,304.7328409337229,-0.1745,67.27476247587569,-14.212148024380435,0.165,-1.4651864775030539,-3.776885312066566
48.300000000000416,-3.971778863523046,2985.0788186462064,303.3079606017912,-0.1745,67.2916599885284,-14.285458614253574,0.165,-1.4651864775030539,-3.776885312066566
48.40000000000042,-3.9804246479686123,2991.809019569595,301.87700980574715,-0.1745,67.3123584792449,-14.333557306627759,0.165,-1.4651864775030539,-3.776885312066566
48.50000000000042,-3.985981378226811,2998.5414108918353,300.44206432981167,-0.1745,67.33546796556398,-14.365352212081248,0.165,-1.4651864775030539,-3.776885312066566
48.60000000000042,-3.964950803328268,3005.2761889877747,299.0044663927798,-0.1745,67.360093953225,-14.386606528555982,0.165,-1.5599028905431678,-3.5308942783529025
48.70000000000042,-3.9513848260534217,3012.0140940419833,297.56928338408284,-0.1745,67.39800713094527,-14.31705364538406,0.165,-1.5599028905431678,-3.5308942783529025
48.80000000000042,-3.942634207920295,3018.755591141845,296.13978499941936,-0.1745,67.43193486628438,-14.272914047885992,0.165,-1.5599028905431678,-3.5308942783529025
48.900000000000425,-3.757705288249922,3025.5003501928936,294.7138812529944,-0.1745,67.46324615468839,-14.245160880614014,0.165,-1.5599028905431678,-3.5308942783529025
49.000000000000426,-3.8176019146606905,3032.25392766367,293.3205941433224,-0.1495,67.60830326083467,-13.620581312825886,0.8300000000000001,-1.5599028905431678,-3.5308942783529025
49.10000000000043,-3.8561780652587014,3039.014481430251,291.948221755326,-0.1745,67.60277207079281,-13.826866447102109,0.165,-1.5599028905431678,-3.5308942783529025
49.20000000000043,-3.881018808180774,3045.775050671257,290.5588524214654,-0.1745,67.6086127493219,-13.960520230109415,0.165,-1.5599028905431678,-3.5308942783529025
49.30000000000043,-3.897013691618312,3052.536565564082,289.15846016069986,-0.1745,67.62168510718831,-14.047324985202163,0.165,-1.5599028905431678,-3.5308942783529025
49.40000000000043,-3.907313773840229,3059.2996175911494,287.75089770050636,-0.1745,67.63935543415748,-14.103924218668384,0.165,-1.5599028905431678,-3.5308942783529025
49.50000000000043,-3.9139492026837925,3066.064582401136,286.3386487155839,-0.1745,67.65994076556626,-14.141055479780842,0.165,-1.5599028905431678,-3.5308942783529025
49.600000000000435,-3.9182276202424045,3072.8316975705893,284.9233138104258,-0.1745,67.68236262350484,-14.165642623380673,0.165,-1.5599028905431678,-3.5308942783529025
49.700000000000436,-3.920991091157078,3079.601112137161,283.50592425453954,-0.1745,67.7059287079302,-14.182148494344176,0.165,-1.5599028905431678,-3.5308942783529025
49.80000000000044,-3.922781742204526,3086.3729182816123,282.08714439611026,-0.1745,67.73019418109376,-14.193448674241592,0.165,-1.5599028905431678,-3.5308942783529025
49.90000000000044,-3.923948518402658,3093.1471716446717,280.6674021894855,-0.1745,67.7548730800939,-14.20139545825408,0.165,-1.5599028905431678,-3.5308942783529025
50.00000000000044,-3.9247159702236454,3099.9239043766747,279.2469733326242,-0.1745,67.77978155996772,-14.207181678971903,0.165,-1.5599028905431678,-3.5308942783529025
50.10000000000044,-3.9252285651202206,3106.70313352751,277.8260354834328,-0.1745,67.80480145673596,-14.21157530485545,0.165,-1.5599028905431678,-3.5308942783529025
50.20000000000044,-3.1275716231733135,3113.4848664436795,276.40470318535904,-0.1745,67.82985686665654,-14.215070656619826,0.165,-1.5599028905431678,-3.5308942783529025
50.300000000000445,-3.4182008406512194,3120.2649883723852,275.12394178680796,-0.06225,67.77258170745701,-11.400157314401392,0.165,-1.5599028905431678,-3.5308942783529025
50.400000000000446,-3.605652331949459,3127.035440026826,273.93455644378105,-0.1745,67.63645138136422,-12.387549546137395,0.165,-1.5599028905431678,-3.5308942783529025
50.50000000000045,-3.726538521217795,3133.7952976781908,272.66387228952624,-0.1745,67.56070164593056,-13.026133538958288,0.165,-1.5599028905431678,-3.5308942783529025
50.60000000000045,-3.8044782625652225,3140.5494518674814,271.3406030213479,-0.1745,67.5223821398818,-13.43925182460956,0.165,-1.5599028905431678,-3.5308942783529025
50.70000000000045,-3.8547157450767027,3147.300949483618,269.9833089699971,-0.1745,67.5075701828459,-13.706629202405466,0.165,-1.5599028905431678,-3.5308942783529025
50.80000000000045,-3.8870893855305733,3154.051709913609,268.6039852296397,-0.1745,67.50763841698206,-13.879845604742636,0.165,-1.5599028905431678,-3.5308942783529025
50.90000000000045,-3.9079472667972874,3160.8029501037286,267.2103799469344,-0.1745,67.5171653854075,-13.992260049363434,0.165,-1.5599028905431678,-3.5308942783529025
51.000000000000455,-3.92138423342697,3167.5554440194105,265.8074953075152,-0.1745,67.53271292823402,-14.065432739019975,0.165,-1.5599028905431678,-3.5308942783529025
51.100000000000456,-3.930040935134041,3174.3096840529947,264.3985592224896,-0.1745,67.5520877434522,-14.11328896149099,0.165,-1.5599028905431678,-3.5308942783529025
51.20000000000046,-3.9356198006309873,3181.0659827104023,262.985653890684,-0.1745,67.57388540469616,-14.14481767462212,0.165,-1.5599028905431678,-3.5308942783529025
51.30000000000046,-3.1418856368254806,3187.824537206951,261.57012207385236,-0.1745,67.59720452628021,-14.165818662010492,0.165,-1.5599028905431678,-3.5308942783529025
51.40000000000046,-3.4327557149506776,3194.584742403815,260.2925598671928,-0.06225,67.60689941100645,-11.385425471180902,0.8300000000000001,-1.5599028905431678,-3.5308942783529025
51.50000000000046,-3.6205968511066082,3201.338674598521,259.1047191805785,-0.1745,67.47174448310328,-12.371388261104942,0.165,-1.5599028905431678,-3.5308942783529025
51.60000000000046,-3.741881484967791,3208.082097743392,257.83565464573405,-0.1745,67.3967184143198,-13.009902435783944,0.165,-1.5599028905431678,-3.5308942783529025
51.700000000000465,-3.820169369808106,3214.8198843127843,256.51398303420495,-0.1745,67.35901297353028,-13.423529794797961,0.165,-1.5599028905431678,-3.5308942783529025
51.800000000000466,-3.8706865818415177,3221.5550736949626,255.15822666994916,-0.1745,67.34477467003741,-13.69159749031821,0.165,-1.5599028905431678,-3.5308942783529025
51.90000000000047,-3.9032727293429326,3228.289582863343,253.78037193593946,-0.1745,67.34540869757018,-13.865497189875677,0.165,-1.5599028905431678,-3.5308942783529025
52.00000000000047,-3.9242849479970454,3235.0246286761967,252.38817154629427,-0.1745,67.35550755950104,-13.978510603028242,0.165,-1.5599028905431678,-3.5308942783529025
52.10000000000047,-3.9378292483631294,3241.760985943392,250.98663718841837,-0.1745,67.37163778440232,-14.05217655449003,0.165,-1.5599028905431678,-3.5308942783529025
52.20000000000047,-3.946556904941683,3248.499148151058,249.57900711614468,-0.1745,67.391606368914,-14.100424890983636,0.165,-1.5599028905431678,-3.5308942783529025
52.30000000000047,-3.952179397094376,3255.239428836164,248.16737290614003,-0.1745,67.41400733320334,-14.132259309109621,0.165,-1.5599028905431678,-3.5308942783529025
52.400000000000475,-3.9558012540746974,3261.982026061029,246.75308510680117,-0.1745,67.43793716410228,-14.15349667766758,0.165,-1.5599028905431678,-3.5308942783529025
52.500000000000476,-3.958135125515404,3268.727063641,245.3370155966261,-0.1745,67.4628144353137,-14.167893525834021,0.165,-1.5599028905431678,-3.5308942783529025
52.60000000000048,-3.959640707810817,3275.474617598142,243.91972717002452,-0.1745,67.4882647075231,-14.177875006197203,0.165,-1.5599028905431678,-3.5308942783529025
52.70000000000048,-3.9606144591560155,3282.2247331720027,242.50158310479486,-0.1745,67.51404676969422,-14.185006298396022,0.165,-1.5599028905431678,-3.5308942783529025
52.80000000000048,-3.9612475199585355,3288.9774357727215,241.0828179251982,-0.1745,67.54000524467868,-14.190297293537043,0.165,-1.5599028905431678,-3.5308942783529025
52.90000000000048,-3.961663097263073,3295.7327380391657,239.6635830886136,-0.1745,67.56604008420844,-14.19439943815533,0.165,-1.5599028905431678,-3.5308942783529025
53.00000000000048,-3.961940588636475,3302.490644389111,238.24397647362076,-0.1745,67.59208691469485,-14.197732861701189,0.165,-1.5599028905431678,-3.5308942783529025
53.100000000000485,-3.9621311455732213,3309.251153953186,236.82406140784158,-0.1745,67.61810436681102,-14.200568453882209,0.165,-1.5599028905431678,-3.5308942783529025
53.200000000000486,-3.9622677119113026,3316.0142624667697,235.40387894306323,-0.1745,67.64406590486267,-14.203080841684717,0.165,-1.5599028905431678,-3.5308942783529025
53.30000000000049,-3.9623714972040043,3322.7799634898765,233.98345577223705,-0.1745,67.66995455727911,-14.205382574839005,0.165,-1.5599028905431678,-3.5308942783529025
53.40000000000049,-3.962456150234361,3329.5482491936473,232.56280933449412,-0.1745,67.69575951813886,-14.20754618001958,0.165,-1.5599028905431678,-3.5308942783529025
53.50000000000049,-3.962530449188011,3336.319110867332,231.14195110621918,-0.1745,67.72147395555412,-14.20961838547945,0.165,-1.5599028905431678,-3.5308942783529025
53.60000000000049,-3.1645714795550366,3343.0925392450354,229.72088872226144,-0.1745,67.74709359851414,-14.21162929367565,0.165,-1.5599028905431678,-3.5308942783529025
53.70000000000049,-3.454393036342755,3349.8660367759503,228.4400885447147,-0.06225,67.72285701978551,-11.404374257259015,0.495,-1.5599028905431678,-3.5308942783529025
53.800000000000495,-3.641397407073348,3356.631556950976,227.25045303774513,-0.1745,67.58754648073266,-12.388335882132687,0.165,-1.5599028905431678,-3.5308942783529025
53.900000000000496,-3.762043496781315,3363.386551139706,225.97978861719162,-0.1745,67.51233729386578,-13.024952528937817,0.165,-1.5599028905431678,-3.5308942783529025
54.0000000000005,-3.8398604164430097,3370.1358881586652,224.65669295679558,-0.1745,67.47440308531489,-13.436960678982913,0.165,-1.5599028905431678,-3.5308942783529025
54.1000000000005,-3.8900403000612647,3376.882602757443,223.2996586234496,-0.1745,67.45988889024036,-13.70372598793694,0.165,-1.5599028905431678,-3.5308942783529025
54.2000000000005,-3.9223917169466187,3383.628607464862,221.92064151184485,-0.1745,67.46020525813998,-13.876616244158303,0.165,-1.5599028905431678,-3.5308942783529025
54.3000000000005,-3.9432458956532983,3390.375115339141,220.52736739355166,-0.1745,67.4699522274384,-13.988866121705684,0.165,-1.5599028905431678,-3.5308942783529025
54.4000000000005,-3.9566883529404215,3397.1228981443815,219.12482590212423,-0.1745,67.48570387737713,-14.061963706843143,0.165,-1.5599028905431678,-3.5308942783529025
54.500000000000504,-3.9653547152188215,3403.8724470310353,217.7162380662861,-0.1745,67.5052738556975,-14.109793009919416,0.165,-1.5599028905431678,-3.5308942783529025
54.600000000000506,-3.970944809812261,3410.6240738062284,216.30368242821513,-0.1745,67.52726164816663,-14.141319751500426,0.165,-1.5599028905431678,-3.5308942783529025
54.70000000000051,-3.179797797503316,3417.377975290592,214.88849989502117,-0.1745,67.55076803911187,-14.162330912378504,0.165,-1.5599028905431678,-3.5308942783529025
54.80000000000051,-3.4700779464527054,3424.130221761582,213.61130796527453,-0.06225,67.49416138069203,-11.38150768255444,0.165,-1.5599028905431678,-3.5308942783529025
54.90000000000051,-3.657105424045801,3430.8762063111953,212.4234359436988,-0.1745,67.42552961156909,-12.375932748960478,0.8300000000000001,-1.5599028905431678,-3.5308942783529025
55.00000000000051,-3.7779100506203327,3437.6150444804894,211.15407572639234,-0.1745,67.3512337743082,-13.011271597168534,0.165,-1.5599028905431678,-3.5308942783529025
55.10000000000051,-3.85591830425305,3444.3483076386683,209.83236243108925,-0.1745,67.3140293892735,-13.422994308893273,0.165,-1.5599028905431678,-3.5308942783529025
55.200000000000514,-3.9062755997245393,3451.0790170306,208.47671632068176,-0.1745,67.30015844936389,-13.689927899256551,0.165,-1.5599028905431678,-3.5308942783529025
55.300000000000516,-3.9387729042802504,3457.809078998852,207.0990619853908,-0.1745,67.3010809156705,-13.863158806562701,0.165,-1.5599028905431678,-3.5308942783529025
55.40000000000052,-3.9597381634335855,3464.5397041093206,205.7071148984215,-0.1745,67.31142129370629,-13.975782932823124,0.165,-1.5599028905431678,-3.5308942783529025
55.50000000000052,-3.973259971500701,3471.271663424723,204.30586442867357,-0.1745,67.32776501434563,-14.049226462135314,0.165,-1.5599028905431678,-3.5308942783529025
55.60000000000052,-3.9819792818992683,3478.0054481903508,202.89853554086943,-0.1745,67.34793029820754,-14.097351293947465,0.165,-1.5599028905431678,-3.5308942783529025
55.70000000000052,-3.9876015062384056,3484.7413705972294,201.48721195789008,-0.1745,67.37051783936349,-14.129120365639729,0.165,-1.5599028905431678,-3.5308942783529025
55.80000000000052,-3.991227640394869,3491.479627893553,200.07323962716478,-0.1745,67.39462808710704,-14.15032624886602,0.165,-1.5599028905431678,-3.5308942783529025
55.900000000000524,-3.993568300183939,3498.2203433958553,198.65748776010207,-0.1745,67.41968195894157,-14.164711092387995,0.165,-1.5599028905431678,-3.5308942783529025
56.000000000000526,-3.9950820281468142,3504.9635928135035,197.2405176250569,-0.1745,67.44530639402588,-14.174691608515424,0.165,-1.5599028905431678,-3.5308942783529025
56.10000000000053,-3.996064639909723,3511.7094211825006,195.82269164102317,-0.1745,67.47126098592014,-14.18182807215913,0.165,-1.5599028905431678,-3.5308942783529025
56.20000000000053,-3.9967069268006594,3518.457853772927,194.40424385948143,-0.1745,67.49739082260932,-14.18712755867585,0.165,-1.5599028905431678,-3.5308942783529025
56.30000000000053,-3.997131912709346,3525.208903120133,192.9853254854206,-0.1745,67.52359612150764,-14.191239922541108,0.165,-1.5599028905431678,-3.5308942783529025
56.40000000000053,-3.997418904021792,3531.962573559135,191.56603426876362,-0.1745,67.54981265852852,-14.194584410598306,0.165,-1.5599028905431678,-3.5308942783529025
56.50000000000053,-3.9973085009099716,3538.7188641494067,190.14643347642965,-0.1745,67.57599914690441,-14.197431436081068,0.165,-1.5599028905431678,-3.5308942783529025
56.600000000000534,-3.9971200442850874,3545.47939550375,188.72627766971848,-0.1745,67.63462793996251,-14.205684698142372,0.495,-1.5599028905431678,-3.5308942783529025
56.700000000000536,-3.997020411824182,3552.2441635052264,187.30565229161311,-0.1745,67.6607320895711,-14.206822863965199,0.165,-1.5599028905431678,-3.5308942783529025
56.80000000000054,-3.996979924067152,3559.0115345288764,185.88489922723727,-0.1745,67.68668838342961,-14.208238423551538,0.165,-1.5599028905431678,-3.5308942783529025
56.90000000000054,-3.996979462027526,3565.7814945876075,184.4639958001485,-0.1745,67.71251279119224,-14.209830118224032,0.165,-1.5599028905431678,-3.5308942783529025
57.00000000000054,-3.997006708884623,3572.554031013692,183.04292765761576,-0.1745,67.7382157305035,-14.211532732430596,0.165,-1.5599028905431678,-3.5308942783529025
57.10000000000054,-3.9970537283101977,3579.329132002242,181.62168580724241,-0.1745,67.76380404050101,-14.213304275036165,0.165,-1.5599028905431678,-3.5308942783529025
57.20000000000054,-3.997115404383553,3586.1067863169806,180.20026470766592,-0.1745,67.78928225426944,-14.21511771649367,0.165,-1.5599028905431678,-3.5308942783529025
57.300000000000544,-3.997188436766366,3592.8869831006473,178.77866103865168,-0.1745,67.8146534190631,-14.216955663791031,0.165,-1.5599028905431678,-3.5308942783529025
57.400000000000546,-3.997270693645527,3599.669711752845,177.35687290899293,-0.1745,67.83991962489141,-14.21880692938404,0.165,-1.5599028905431678,-3.5308942783529025
57.50000000000055,-3.9973607951468706,3606.454961851344,175.93489934647715,-0.1745,67.8650823450818,-14.220664320931219,0.165,-1.5599028905431678,-3.5308942783529025
57.60000000000055,-3.997457845185175,3613.2427231013803,174.51273996954285,-0.1745,67.89014265565238,-14.222523217754729,0.165,-1.5599028905431678,-3.5308942783529025
57.70000000000055,-3.9975612588956295,3620.0329853029925,173.0903947759457,-0.1745,67.91510137658909,-14.224380654188556,0.165,-1.5599028905431678,-3.5308942783529025
57.80000000000055,-3.997670651599605,3626.8257383299624,171.66786400676398,-0.1745,67.93995916280939,-14.226234729445876,0.165,-1.5599028905431678,-3.5308942783529025
57.90000000000055,-3.9977857673773447,3633.6209721162386,170.24514805890294,-0.1745,67.96471656271814,-14.228084227774996,0.165,-1.5599028905431678,-3.5308942783529025
58.000000000000554,-3.997906433128649,3640.4186766471694,168.82224742881323,-0.1745,67.98937405589366,-14.229928374019554,0.165,-1.5599028905431678,-3.5308942783529025
58.100000000000556,-3.9980325290323266,3647.218841953831,167.3991626762949,-0.1745,68.01393207733697,-14.231766676347112,0.165,-1.5599028905431678,-3.5308942783529025
58.20000000000056,-3.9981639695543016,3654.0214581093514,165.97589440122346,-0.1745,68.03839103307153,-14.233598825082048,0.165,-1.5599028905431678,-3.5308942783529025
58.30000000000056,-3.9983006912398893,3660.826515226514,164.5524432285873,-0.1745,68.06275131017665,-14.235424627641473,0.165,-1.5599028905431678,-3.5308942783529025
58.40000000000056,-3.9984426448682786,3667.634003456185,163.1288097988703,-0.1745,68.0870132832391,-14.237243966698633,0.165,-1.5599028905431678,-3.5308942783529025
58.50000000000056,-3.9985897904113377,3674.4439129862717,161.704994761871,-0.1745,68.11117731850074,-14.23905677328705,0.165,-1.5599028905431678,-3.5308942783529025
58.60000000000056,-3.9987420937948803,3681.256234041023,160.280998772731,-0.1745,68.13524377652412,-14.24086300951311,0.165,-1.5599028905431678,-3.5308942783529025
58.700000000000564,-3.9988995248182135,3688.0709568805446,158.85682248938303,-0.1745,68.15921301390523,-14.242662657446635,0.165,-1.5599028905431678,-3.5308942783529025
58.800000000000566,-3.9990620558178547,3694.8880718004584,157.43246657091154,-0.1745,68.18308538437357,-14.24445571198294,0.165,-1.5599028905431678,-3.5308942783529025
58.90000000000057,-3.999229660809282,3701.7075691316522,156.00793167649954,-0.1745,68.20686123949845,-14.246242176257418,0.165,-1.5599028905431678,-3.5308942783529025
59.00000000000057,-3.999402314935692,3708.5294392400842,154.58321846475164,-0.1745,68.23054092914231,-14.248022058700338,0.165,-1.5599028905431678,-3.5308942783529025
59.10000000000057,-3.9995799941138834,3715.353672526629,153.15832759325934,-0.1745,68.25412480175133,-14.249795371145435,0.165,-1.5599028905431678,-3.5308942783529025
59.20000000000057,-3.9997626748067012,3722.180259426944,151.7332597183213,-0.1745,68.27761320454178,-14.251562127615367,0.165,-1.5599028905431678,-3.5308942783529025
59.30000000000057,-3.9999503338767077,3729.009190411352,150.30801549476345,-0.1745,68.30100648361915,-14.253322343541857,0.165,-1.5599028905431678,-3.5308942783529025
59.400000000000574,-4.000142948491991,3735.8404559847354,148.8825955758231,-0.1745,68.32430498405436,-14.255076035264953,0.165,-1.5599028905431678,-3.5308942783529025
59.500000000000576,-4.0003404960654185,3742.674046686435,147.45700061307429,-0.1745,68.34750904993237,-14.256823219711464,0.165,-1.5599028905431678,-3.5308942783529025
59.60000000000058,-4.000542954215359,3749.5099530901507,146.0312312563793,-0.1745,68.37061902438289,-14.258563914188397,0.165,-1.5599028905431678,-3.5308942783529025
59.70000000000058,-4.000750300740156,3756.34816580385,144.60528815385737,-0.1745,68.39363524959995,-14.260298136250194,0.165,-1.5599028905431678,-3.5308942783529025
59.80000000000058,-4.000962513601452,3763.1886754696725,143.1791719518642,-0.1745,68.41655806685411,-14.262025903613324,0.165,-1.5599028905431678,-3.5308942783529025
59.90000000000058,-4.001179570913155,3770.03147276384,141.75288329497846,-0.1745,68.43938781649994,-14.26374723410125,0.165,-1.5599028905431678,-3.5308942783529025
60.00000000000058,-4.001401450934051,3776.876548396564,140.32642282599295,-0.1745,68.46212483798071,-14.265462145608879,0.165,-1.5599028905431678,-3.5308942783529025
60.100000000000584,-4.0016281320627485,3783.7238931119546,138.89979118590853,-0.1745,68.484769469831,-14.267170656079509,0.165,-1.5599028905431678,-3.5308942783529025
60.200000000000585,-4.0018595928341085,3790.57349768793,137.47298901393006,-0.1745,68.50732204967824,-14.268872783489796,0.165,-1.5599028905431678,-3.5308942783529025
60.30000000000059,-4.002095811916646,3797.425352936126,136.04601694746358,-0.1745,68.52978291424343,-14.270568545839854,0.165,-1.5599028905431678,-3.5308942783529025
60.40000000000059,-4.0023367681105455,3804.279449701805,134.61887562211425,-0.1745,68.55215239934144,-14.27225796114666,0.165,-1.5599028905431678,-3.5308942783529025
60.50000000000059,-4.002582440346074,3811.135778863766,133.19156567168494,-0.1745,68.57443083988093,-14.273941047439566,0.165,-1.5599028905431678,-3.5308942783529025
60.60000000000059,-4.002832807682254,3817.9943313342533,131.7640877281751,-0.1745,68.59661856986425,-14.27561782275717,0.165,-1.5599028905431678,-3.5308942783529025
60.70000000000059,-4.003087849305701,3824.8550980588657,130.33644242178,-0.1745,68.61871592238704,-14.277288305145078,0.165,-1.5599028905431678,-3.5308942783529025
60.800000000000594,-4.003347544529574,3831.7180700164668,128.90863038089003,-0.1745,68.64072322963797,-14.278952512654197,0.165,-1.5599028905431678,-3.5308942783529025
60.900000000000595,-4.003611872792596,3838.5832382190933,127.48065223209035,-0.1745,68.66264082289835,-14.280610463339416,0.165,-1.5599028905431678,-3.5308942783529025
61.0000000000006,-4.003880813658122,3845.450593711865,126.05250860016045,-0.1745,68.68446903254177,-14.282262175258511,0.165,-1.5599028905431678,-3.5308942783529025
61.1000000000006,-4.0041543468132526,3852.320127572894,124.62420010807396,-0.1745,68.70620818803374,-14.283907666471208,0.165,-1.5599028905431678,-3.5308942783529025
61.2000000000006,-4.004432452067951,3859.191830913192,123.19572737699849,-0.1745,68.72785861793139,-14.285546955038349,0.165,-1.5599028905431678,-3.5308942783529025
61.3000000000006,-4.004715109354191,3866.0656948765827,121.76709102629552,-0.1745,68.74942064988313,-14.287180059021113,0.165,-1.5599028905431678,-3.5308942783529025
61.4000000000006,-4.005002298725124,3872.941710639608,120.33829167352044,-0.1745,68.7708946106284,-14.288806996480298,0.165,-1.5599028905431678,-3.5308942783529025
61.500000000000604,-4.005294000354244,3879.8198694114394,118.90932993442264,-0.1745,68.79228082599741,-14.29042778547563,0.165,-1.5599028905431678,-3.5308942783529025
61.600000000000605,-4.005590194534566,3886.700162433785,117.48020642294561,-0.1745,68.8135796209109,-14.292042444065094,0.165,-1.5599028905431678,-3.5308942783529025
61.70000000000061,-4.00589086167782,3893.5825809807993,116.05092175122715,-0.1745,68.83479131937999,-14.293650990304284,0.165,-1.5599028905431678,-3.5308942783529025
61.80000000000061,-4.006195982313644,3900.4671163589937,114.62147652959965,-0.1745,68.85591624450599,-14.295253442245764,0.165,-1.5599028905431678,-3.5308942783529025
61.90000000000061,-4.006505537088783,3907.353759907143,113.19187136659043,-0.1745,68.87695471848029,-14.29684981793845,0.165,-1.5599028905431678,-3.5308942783529025
62.00000000000061,-4.0068195067663135,3914.242502996196,111.76210686892216,-0.1745,68.89790706258425,-14.298440135426986,0.165,-1.5599028905431678,-3.5308942783529025
62.10000000000061,-4.007137872224838,3921.1333370291845,110.33218364151325,-0.1745,68.91877359718916,-14.300024412751158,0.165,-1.5599028905431678,-3.5308942783529025
62.200000000000614,-4.007460614457729,3928.0262534411318,108.90210228747843,-0.1745,68.93955464175616,-14.301602667945273,0.165,-1.5599028905431678,-3.5308942783529025
62.300000000000615,-4.0077877145723475,3934.9212436989615,107.47186340812928,-0.1745,68.9602505148363,-14.303174919037591,0.165,-1.5599028905431678,-3.5308942783529025
62.40000000000062,-4.008119153789279,3941.818299301407,106.04146760297492,-0.1745,68.9808615340705,-14.304741184049739,0.165,-1.5599028905431678,-3.5308942783529025
62.50000000000062,-4.008454913441578,3948.71741177892,104.61091546972263,-0.1745,69.00138801618961,-14.306301480996133,0.165,-1.5599028905431678,-3.5308942783529025
62.60000000000062,-4.0087949749740135,3955.61857269358,103.18020760427865,-0.1745,69.02183027701456,-14.307855827883422,0.165,-1.5599028905431678,-3.5308942783529025
62.70000000000062,-4.009139319942324,3962.5217736390036,101.74934460074898,-0.1745,69.04218863145638,-14.309404242709924,0.165,-1.5599028905431678,-3.5308942783529025
62.80000000000062,-4.009487930012476,3969.4270062402525,100.31832705144024,-0.1745,69.06246339351641,-14.310946743465077,0.165,-1.5599028905431678,-3.5308942783529025
62.900000000000624,-4.009840786959928,3976.3342621537427,98.88715554686054,-0.1745,69.08265487628644,-14.312483348128897,0.165,-1.5599028905431678,-3.5308942783529025
63.000000000000625,-4.010197872668908,3983.243533067154,97.45583067572052,-0.1745,69.10276339194888,-14.314014074671439,0.165,-1.5599028905431678,-3.5308942783529025
63.10000000000063,-4.010559169131679,3990.1548106993405,96.02435302493433,-0.1745,69.12278925177705,-14.315538941052273,0.165,-1.5599028905431678,-3.5308942783529025
63.20000000000063,-4.010924658447831,3997.068086800236,94.59272317962072,-0.1745,69.14273276613537,-14.317057965219956,0.165,-1.5599028905431678,-3.5308942783529025
63.30000000000063,-4.0112943228235665,4003.9833531507666,93.16094172310414,-0.1745,69.16259424447966,-14.318571165111516,0.165,-1.5599028905431678,-3.5308942783529025
63.40000000000063,-4.0116681445709945,4010.9006015627583,91.72900923691597,-0.1745,69.18237399535745,-14.320078558651947,0.165,-1.5599028905431678,-3.5308942783529025
63.50000000000063,-4.012046106107425,4017.819823878847,90.29692630079569,-0.1745,69.2020723264083,-14.321580163753707,0.165,-1.5599028905431678,-3.5308942783529025
63.600000000000634,-4.012428189954681,4024.7410119723854,88.8646934926922,-0.1745,69.22168954436417,-14.323075998316215,0.165,-1.5599028905431678,-3.5308942783529025
63.700000000000635,-4.012814378738403,4031.664157747356,87.43231138876511,-0.1745,69.24122595504979,-14.324566080225372,0.165,-1.5599028905431678,-3.5308942783529025
63.80000000000064,-4.0132046551873675,4038.589253138278,85.9997805633862,-0.1745,69.26068186338306,-14.326050427353072,0.165,-1.5599028905431678,-3.5308942783529025
63.90000000000064,-4.013599002132807,4045.5162901101157,84.5671015891407,-0.1745,69.28005757337552,-14.327529057556728,0.165,-1.5599028905431678,-3.5308942783529025
64.00000000000064,-4.0139974025077345,4052.4452606581913,83.13427503682892,-0.1745,69.29935338813277,-14.329001988678801,0.165,-1.5599028905431678,-3.5308942783529025
64.10000000000063,-4.014126848649889,4059.376156808091,81.70130147546767,-0.1745,69.31856960985498,-14.330469238546335,0.165,-1.5599028905431678,-3.5308942783529025
64.20000000000063,-4.01420477342881,4066.3105955578008,80.26789500630007,-0.1745,69.37020538434336,-14.337660144805685,0.495,-1.5599028905431678,-3.5308942783529025
64.30000000000062,-4.014408860759103,4073.2485712782172,78.83411528921502,-0.1745,69.38930902399004,-14.337934196895322,0.165,-1.5599028905431678,-3.5308942783529025
64.40000000000062,-4.01469447208471,4080.188450131914,77.400287044264,-0.1745,69.40826804994896,-14.338630702124952,0.165,-1.5599028905431678,-3.5308942783529025
64.50000000000061,-4.015033256909781,4087.130218884687,75.96637583760409,-0.1745,69.42710700551253,-14.339593431073405,0.165,-1.5599028905431678,-3.5308942783529025
64.6000000000006,-4.015407210093978,4094.0738663144216,74.53236000796595,-0.1745,69.44584158917968,-14.34072316168954,0.165,-1.5599028905431678,-3.5308942783529025
64.7000000000006,-4.015804896354524,4101.019382487816,73.0982260054098,-0.1745,69.46448187871117,-14.341956889433341,0.165,-1.5599028905431678,-3.5308942783529025
64.8000000000006,-4.016219051997786,4107.96675830078,71.66396543015043,-0.1745,69.48303438056647,-14.343254615753986,0.165,-1.5599028905431678,-3.5308942783529025
64.90000000000059,-4.016645061726805,4114.915985186427,70.22957315167832,-0.1745,69.50150333237048,-14.344590953688122,0.165,-1.5599028905431678,-3.5308942783529025
65.00000000000058,-4.016811105976521,4121.86705492957,68.79504611424458,-0.1745,69.51989153049486,-14.345949794986726,0.165,-1.5599028905431678,-3.5308942783529025
65.10000000000058,-4.016925231801719,4128.82158449111,67.36009611236787,-0.1745,69.57069970030818,-14.353050242547575,0.495,-1.5599028905431678,-3.5308942783529025
65.20000000000057,-4.017167450505762,4135.779568322468,65.92478137599359,-0.1745,69.58897692684852,-14.353244484938052,0.165,-1.5599028905431678,-3.5308942783529025
65.30000000000057,-4.0174922292546515,4142.739372734548,64.48942565311957,-0.1745,69.60711131475576,-14.353869972542451,0.165,-1.5599028905431678,-3.5308942783529025
65.40000000000056,-4.017870696829412,4149.700984699002,63.05399381012127,-0.1745,69.62512797432879,-14.354766887423525,0.165,-1.5599028905431678,-3.5308942783529025
65.50000000000055,-4.01828454737546,4156.664393244467,61.61846377106399,-0.1745,69.64304293496733,-14.355833893722027,0.165,-1.5599028905431678,-3.5308942783529025
65.60000000000055,-4.018722173716241,4163.629588714455,60.18282173893025,-0.1745,69.66086646479597,-14.357006748952818,0.165,-1.5599028905431678,-3.5308942783529025
65.70000000000054,-4.019176215178682,4170.596562296562,58.74705916476114,-0.1745,69.6786051773549,-14.358244734429334,0.165,-1.5599028905431678,-3.5308942783529025
65.80000000000054,-4.019642002701633,4177.565305723842,57.31117082566092,-0.1745,69.69626336824166,-14.359522047575053,0.165,-1.5599028905431678,-3.5308942783529025
65.90000000000053,-4.020116573044058,4184.535811085405,55.87515360615561,-0.1745,69.71384386300984,-14.36082234253121,0.165,-1.5599028905431678,-3.5308942783529025
66.00000000000053,-4.020598043890336,4191.5080707063025,54.43900572562596,-0.1745,69.7313485549374,-14.362135268061703,0.165,-1.5599028905431678,-3.5308942783529025
66.10000000000052,-4.021085217786386,4198.482077071351,53.002726248604276,-0.1745,69.74877874604219,-14.363454272371929,0.165,-1.5599028905431678,-3.5308942783529025
66.20000000000051,-4.021577331147233,4205.457822776818,51.56631477441408,-0.1745,69.76613536329606,-14.364775211432018,0.165,-1.5599028905431678,-3.5308942783529025
66.30000000000051,-4.022073895221789,4212.435300499767,50.1297712405012,-0.1745,69.78341909569002,-14.366095466825582,0.165,-1.5599028905431678,-3.5308942783529025
66.4000000000005,-4.02204440956743,4219.414502978608,48.69309579782712,-0.1745,69.80063048111138,-14.367413386656041,0.165,-1.5599028905431678,-3.5308942783529025
66.5000000000005,-4.021890355305623,4226.39869750552,47.25571145955433,-0.1745,69.88326005714865,-14.38027337879984,0.8300000000000001,-1.5599028905431678,-3.5308942783529025
66.60000000000049,-4.021459843409649,4233.387881461047,45.81773790799495,-0.1745,69.900419053383,-14.379197652387614,0.165,-1.5599028905431678,-3.5308942783529025
66.70000000000049,-4.02105771949627,4240.38204554897,44.37925136238425,-0.1745,69.98286270508137,-14.390533259826398,0.8300000000000001,-1.5599028905431678,-3.5308942783529025
66.80000000000048,-4.021004480010772,4247.381176274815,42.94030064091605,-0.1745,69.99975181179813,-14.388481169537721,0.165,-1.5599028905431678,-3.5308942783529025
66.90000000000047,-4.021172884289416,4254.381982999359,41.50149434855854,-0.1745,70.01638267909088,-14.387644677612576,0.165,-1.5599028905431678,-3.5308942783529025
67.00000000000047,-4.021482532501543,4261.384443405832,40.0627333939118,-0.1745,70.03282545037156,-14.387574415322215,0.165,-1.5599028905431678,-3.5308942783529025
67.10000000000046,-4.02188262711933,4268.388540906563,38.62395535304813,-0.1745,70.04912456426143,-14.387986401951135,0.165,-1.5599028905431678,-3.5308942783529025
67.20000000000046,-4.022341076135511,4275.394262544963,37.18512097298317,-0.1745,70.06530820372278,-14.388701199348025,0.165,-1.5599028905431678,-3.5308942783529025
67.30000000000045,-3.8372874074242014,4282.401597668861,35.7462056408563,-0.1745,70.08139427424517,-14.38960544318937,0.165,-1.5599028905431678,-3.5308942783529025
67.40000000000045,-3.906408930632174,4289.415027265522,34.34013427785706,-0.1495,70.1871976589945,-13.7318218167954,0.495,-1.5599028905431678,-3.5308942783529025
67.50000000000044,-3.9502413416362763,4296.432625384501,32.95477015030538,-0.1745,70.16476472057683,-13.975460734238265,0.165,-1.5599028905431678,-3.5308942783529025
67.60000000000043,-3.978110326331331,4303.4486917064805,31.54950854782396,-0.1745,70.15656171901618,-14.129771315390062,0.165,-1.5599028905431678,-3.5308942783529025
67.70000000000043,-3.995904776617291,4310.464381521151,30.13163803311788,-0.1745,70.1572345743929,-14.227638978731564,0.165,-1.5599028905431678,-3.5308942783529025
67.80000000000042,-4.007342665568852,4317.480415902724,28.705763290828262,-0.1745,70.16345305707083,-14.289855867060774,0.165,-1.5599028905431678,-3.5308942783529025
67.90000000000042,-4.0142660057069826,4324.497245284236,27.274792432865755,-0.1745,70.1731345731643,-14.329561292189387,0.165,-1.5599028905431678,-3.5308942783529025
68.00000000000041,-4.018509461522837,4331.518425135564,25.83998434672416,-0.1745,70.25046245339207,-14.366600430642471,0.8300000000000001,-1.5599028905431678,-3.5308942783529025
68.1000000000004,-4.021404618778483,4338.544134412406,24.402616912918948,-0.1745,70.2637230834314,-14.380748245461781,0.165,-1.5599028905431678,-3.5308942783529025
68.2000000000004,-4.023451024786057,4345.571203926797,22.96407454965251,-0.1745,70.27766720439577,-14.390099019867012,0.165,-1.5599028905431678,-3.5308942783529025
68.3000000000004,-4.024963645840213,4352.599688218199,21.524748430328025,-0.1745,70.2920186236317,-14.396423366622628,0.165,-1.5599028905431678,-3.5308942783529025
68.40000000000039,-3.840011161306431,4359.629619318809,20.084885362143442,-0.1745,70.30660338856421,-14.400837997069038,0.165,-1.5599028905431678,-3.5308942783529025
68.50000000000038,-3.9099996734773534,4366.66553909457,18.677784739424922,-0.1495,70.41179212664844,-13.741174457301359,0.495,-1.5599028905431678,-3.5308942783529025
68.60000000000038,-3.954317491776407,4373.705518947299,17.291305640230103,-0.1745,70.38780492793818,-13.988407526595017,0.165,-1.5599028905431678,-3.5308942783529025
68.70000000000037,-3.982460104843637,4380.743825571821,15.884651098914091,-0.1745,70.37832756248844,-14.144683299725228,0.165,-1.5599028905431678,-3.5308942783529025
68.80000000000037,-4.000412747062676,4387.781636198419,14.465237374928122,-0.1745,70.3778849694736,-14.243591179994146,0.165,-1.5599028905431678,-3.5308942783529025
68.90000000000036,-4.011947392949141,4394.819684368646,13.037741337387072,-0.1745,70.38307843507616,-14.30632957082685,0.165,-1.5599028905431678,-3.5308942783529025
69.00000000000036,-4.019440777773226,4401.858427619576,11.605111352235081,-0.1745,70.39178658350913,-14.346270132212942,0.165,-1.5599028905431678,-3.5308942783529025
69.10000000000035,-4.024390248843748,4408.89815098784,10.16920564308573,-0.1745,70.40268078178516,-14.371844050774058,0.165,-1.5599028905431678,-3.5308942783529025
69.20000000000034,-4.027738995855281,4415.939031384493,8.73119515586428,-0.1745,70.41492715127853,-14.388365693654972,0.165,-1.5599028905431678,-3.5308942783529025
69.30000000000034,-4.0300810566339464,4422.98117782612,7.2918176727104616,-0.1745,70.42800168125358,-14.399183969421378,0.165,-1.5599028905431678,-3.5308942783529025
69.40000000000033,-4.031790515988372,4430.024656653119,5.851538034659543,-0.1745,70.44157485872083,-14.406408791596988,0.165,-1.5599028905431678,-3.5308942783529025
69.50000000000033,-4.03310291573713,4437.06950736689,4.410649133278831,-0.1745,70.45543941670786,-14.411369236017253,0.165,-1.5599028905431678,-3.5308942783529025
69.60000000000032,-4.0341665444783175,4444.115752586929,2.9693355522303952,-0.1745,70.46946498407159,-14.414902384951459,0.165,-1.5599028905431678,-3.5308942783529025
69.70000000000032,-4.035074746487425,4451.163404315199,1.5277136640366835,-0.1745,70.48356958131494,-14.417535378922771,0.165,-1.5599028905431678,-3.5308942783529025
69.80000000000031,-10000.0,4458.2124678787595,0.08585688834546423,-0.1745,70.49770168989774,-14.419600134901613,0.165,-1.5599028905431678,-3.5308942783529025
