t,reward,x,y,theta,vx,vy,throttle,wind_vx,wind_vy
0.0,0.0,98.6715576867397,833.1765511274443,0.0023063992197494693,49.5822721853769,1.7777415537237198,0.5,4.706251183854833,0.3286512108833777
0.1,-1.1095348768168234,98.6715576867397,833.1765511274443,0.0023063992197494693,49.5822721853769,1.7777415537237198,0.5,4.706251183854833,0.3286512108833777
0.2,-0.8772593619102752,103.62795550451992,833.333621387385,0.02730639921974947,49.545684170227496,1.3636636450911301,0.495,4.706251183854833,0.3286512108833777
0.30000000000000004,-0.236947374362831,108.58164307752419,833.4411687864066,0.0023063992197494693,49.52806728985797,0.7872843353407117,0.495,4.706251183854833,0.3286512108833777
0.4,-0.5207703067822366,113.52833622266567,833.4406940434046,-0.10994360078025052,49.40579561297162,-0.796779195380825,0.165,4.706251183854833,0.3286512108833777
0.5,-1.1089963463319008,118.45773240001937,833.267908074801,-0.1745,49.18212793410216,-2.6589401766926617,0.165,4.706251183854833,0.3286512108833777
0.6,-1.564474519749535,123.36930543980283,832.9299124411889,-0.1745,49.049332861567144,-4.100972495547927,0.165,4.706251183854833,0.3286512108833777
0.7,-1.4566160445852994,128.27073310624772,832.4638564555034,-0.1745,48.979220467330364,-5.220147218160461,0.165,4.706251183854833,0.3286512108833777
0.7999999999999999,-1.8327357407409808,133.1715015408111,831.95493434162,-0.06225,49.036148223937126,-4.958295059510304,0.8300000000000001,4.706251183854833,0.3286512108833777
0.8999999999999999,-2.1223910528161953,138.07330838991828,831.4126815454648,-0.1745,48.999988758206385,-5.886760863592218,0.165,4.706251183854833,0.3286512108833777
0.9999999999999999,-2.3447372836261557,142.97323524458332,830.7879958727073,-0.1745,48.99854833509431,-6.606952591559017,0.165,4.706251183854833,0.3286512108833777
1.0999999999999999,-2.5148196904720614,147.87428011760207,830.099398453765,-0.1745,49.0223491252806,-7.164995787285786,0.165,4.706251183854833,0.3286512108833777
1.2,-2.644417025778216,152.7786332415463,829.3613047038841,-0.1745,49.06471335360355,-7.596879210332378,0.165,4.706251183854833,0.3286512108833777
1.3,-2.742720916911587,157.6879114133475,828.5849233753423,-0.1745,49.12085008242062,-7.930747360502689,0.165,4.706251183854833,0.3286512108833777
1.4000000000000001,-2.355815274068551,162.60331747200422,827.7789559537674,-0.1745,49.18727109071395,-8.188601070996144,0.165,4.706251183854833,0.3286512108833777
1.5000000000000002,-2.5221231382005844,167.52073493754241,827.009086104004,-0.06225,49.161078220050086,-7.208795924270523,0.165,4.706251183854833,0.3286512108833777
1.6000000000000003,-2.6487031354348023,172.43900259295756,826.267017534752,-0.1745,49.20427488825275,-7.632575460770706,0.165,4.706251183854833,0.3286512108833777
1.7000000000000004,-2.7447327600974387,177.36226664125238,825.4873949512169,-0.1745,49.2610060776433,-7.959876209931381,0.165,4.706251183854833,0.3286512108833777
1.8000000000000005,-2.8165356485643573,182.2933338732138,824.6784930238277,-0.1745,49.36033856158534,-8.218162337850554,0.495,4.706251183854833,0.3286512108833777
1.9000000000000006,-2.8702475225898594,187.2330915655317,823.8469908064206,-0.1745,49.43481528477256,-8.4118820102912,0.165,4.706251183854833,0.3286512108833777
2.0000000000000004,-2.91006559891167,192.1805801707635,822.9983372613084,-0.1745,49.51495681986324,-8.561188891954522,0.165,4.706251183854833,0.3286512108833777
2.1000000000000005,-2.47130044721653,197.13629595756206,822.1364642753808,-0.1745,49.599358916107526,-8.676270826596243,0.165,4.706251183854833,0.3286512108833777
2.2000000000000006,-2.605502592993749,202.09798761005027,821.3244928055466,-0.06225,49.634474133656745,-7.563158570088674,0.8300000000000001,4.706251183854833,0.3286512108833777
2.3000000000000007,-2.707040147385481,207.06407410141617,820.550754247256,-0.1745,49.687255693661186,-7.911612595722157,0.165,4.706251183854833,0.3286512108833777
2.400000000000001,-2.7834647154252807,212.03598844575717,819.7461828412379,-0.1745,49.751031193158774,-8.179815524639075,0.165,4.706251183854833,0.3286512108833777
2.500000000000001,-2.8406155134769886,217.0146909582774,818.9178862916436,-0.1745,49.82301905724581,-8.386115467247027,0.165,4.706251183854833,0.3286512108833777
2.600000000000001,-2.88299729124938,222.00089988083215,818.0713431612614,-0.1745,49.901159393848765,-8.544747140397636,0.165,4.706251183854833,0.3286512108833777
2.700000000000001,-2.9140784212723436,226.99515357825294,817.210769305666,-0.1745,49.983914554566795,-8.666729971512613,0.165,4.706251183854833,0.3286512108833777
2.800000000000001,-2.9365247743840572,231.99785578305486,816.3394039747188,-0.1745,50.070129541471374,-8.760576647430499,0.165,4.706251183854833,0.3286512108833777
2.9000000000000012,-2.9523823697130434,237.0093088892939,815.4597325948156,-0.1745,50.158932583309515,-8.832850950633434,0.165,4.706251183854833,0.3286512108833777
3.0000000000000013,-2.9632194643277945,242.02973868123846,814.5736597745871,-0.1745,50.2496632555818,-8.888605453936817,0.165,4.706251183854833,0.3286512108833777
3.1000000000000014,-2.9702367311517075,247.05931283683208,813.6826433171751,-0.1745,50.34181985629069,-8.931723694303866,0.165,4.706251183854833,0.3286512108833777
3.2000000000000015,-2.974352462035955,252.09815485352306,812.7877977950033,-0.1745,50.43502047752885,-8.965186749132904,0.165,4.706251183854833,0.3286512108833777
3.3000000000000016,-2.9762683094555697,257.14635457571154,811.889974443551,-0.1745,50.52897396624048,-8.991280279913017,0.165,4.706251183854833,0.3286512108833777
3.4000000000000017,-2.9765199166308087,262.20397617991006,810.989822683944,-0.1745,50.62345811772932,-9.011754912225019,0.165,4.706251183854833,0.3286512108833777
3.5000000000000018,-2.8671555050507935,267.2710642465866,810.0878374289075,-0.1745,50.71830321580162,-9.027950188503766,0.165,4.706251183854833,0.3286512108833777
3.600000000000002,-2.8911355636478984,272.35105276671135,809.1979951095807,-0.1495,50.8814671866937,-8.768896198032392,0.8300000000000001,4.706251183854833,0.3286512108833777
3.700000000000002,-2.9081365942710753,277.44353233887944,808.3172774910837,-0.1745,50.96812425666861,-8.845456171907328,0.165,4.706251183854833,0.3286512108833777
3.800000000000002,-2.9198457720620863,282.54478322539194,807.4297922546965,-0.1745,51.05689347358121,-8.904248555837393,0.165,4.706251183854833,0.3286512108833777
3.900000000000002,-2.9275481540429875,287.65498880498353,806.5371038542211,-0.1745,51.147218118250564,-8.949519453670304,0.165,4.706251183854833,0.3286512108833777
4.000000000000002,-2.9322215005573122,292.77428355207627,805.6404023224799,-0.1745,51.23867682360462,-8.984511181152614,0.165,4.706251183854833,0.3286512108833777
4.100000000000001,-2.934609050799653,297.90276490163217,804.7405919296253,-0.1745,51.330950167512796,-9.01169667593888,0.165,4.706251183854833,0.3286512108833777
4.200000000000001,-2.448802653482695,303.0405021969317,803.8383590915143,-0.1745,51.42379573847814,-9.032960086280049,0.165,4.706251183854833,0.3286512108833777
4.300000000000001,-2.57105417040464,308.18112639273727,802.999510820181,-0.06225,51.388688177632915,-7.7440053403870515,0.165,4.706251183854833,0.3286512108833777
4.4,-2.6625139297278926,313.3225636051471,802.2086876067032,-0.1745,51.4400560705636,-8.072458929168201,0.165,4.706251183854833,0.3286512108833777
4.5,-2.730856876258158,318.4696809169041,801.3889393870095,-0.1745,51.502290164576905,-8.322505464705669,0.165,4.706251183854833,0.3286512108833777
4.6,-2.7802961091863185,323.62669795555115,800.5465967280863,-0.1745,51.638050608364416,-8.524347713756903,0.8300000000000001,4.706251183854833,0.3286512108833777
4.699999999999999,-2.816498741807206,328.7943214530547,799.6870275848862,-0.1745,51.71441934170598,-8.667035150246042,0.165,4.706251183854833,0.3286512108833777
4.799999999999999,-2.8426940820841375,333.96979953698536,798.8148926217086,-0.1745,51.79514233690746,-8.775664113306371,0.165,4.706251183854833,0.3286512108833777
4.899999999999999,-2.861333546685518,339.15351106178207,797.9331862073361,-0.1745,51.87908815902641,-8.858464174142883,0.165,4.706251183854833,0.3286512108833777
4.999999999999998,-2.8743727330895275,344.3457360109191,797.0441780067275,-0.1745,51.9654108237139,-8.921699838028013,0.165,4.706251183854833,0.3286512108833777
5.099999999999998,-2.882150710825142,349.5499548443254,796.1490091111228,-0.1745,52.1189658444119,-8.98167807406651,0.8300000000000001,4.706251183854833,0.3286512108833777
5.1999999999999975,-2.8869221763581026,354.766325942278,795.2490938447327,-0.1745,52.2084561146409,-9.016627253736294,0.165,4.706251183854833,0.3286512108833777
5.299999999999997,-2.889438504513579,359.9916877215521,794.3460781232945,-0.1745,52.29877947084214,-9.043687175026486,0.165,4.706251183854833,0.3286512108833777
5.399999999999997,-2.8902667271907734,365.2261108209293,793.4406538055009,-0.1745,52.389682516701384,-9.06479918084626,0.165,4.706251183854833,0.3286512108833777
5.4999999999999964,-2.8898344069151722,370.46964364946894,792.5333422731463,-0.1745,52.48097405409073,-9.08143146624438,0.165,4.706251183854833,0.3286512108833777
5.599999999999996,-2.888463684038531,375.72231783938736,791.624536028165,-0.1745,52.57250974427741,-9.09469343338175,0.165,4.706251183854833,0.3286512108833777
5.699999999999996,-2.88639707972583,380.98415235591585,790.7145302220672,-0.1745,52.66418058629251,-9.10542268857463,0.165,4.706251183854833,0.3286512108833777
5.799999999999995,-2.883817030937111,386.25515659743286,789.803546530778,-0.1745,52.75590424404788,-9.114251137209685,0.165,4.706251183854833,0.3286512108833777
5.899999999999995,-2.880860666320789,391.5353327350454,788.891751216948,-0.1745,52.847618508203475,-9.121655139390747,0.165,4.706251183854833,0.3286512108833777
5.999999999999995,-2.8776309729178644,396.82467747858414,787.9792687834583,-0.1745,52.93927636257092,-9.12799353040344,0.165,4.706251183854833,0.3286512108833777
6.099999999999994,-2.874205228570875,402.12318340966954,787.0661922861922,-0.1745,53.03084225913714,-9.133536414920586,0.165,4.706251183854833,0.3286512108833777
6.199999999999994,-2.8706413647854268,407.43083998786847,786.1525911176976,-0.1745,53.122289304841516,-9.138486954970183,0.165,4.706251183854833,0.3286512108833777
6.299999999999994,-2.8669827645245727,412.747634309952,785.2385168777921,-0.1745,53.213597136828525,-9.142997843139185,0.165,4.706251183854833,0.3286512108833777
6.399999999999993,-2.863261877388133,418.07355168268725,784.3240077982367,-0.1745,53.304750317876575,-9.147183747967883,0.165,4.706251183854833,0.3286512108833777
6.499999999999993,-2.859502941845023,423.40857605482876,783.4090920753622,-0.1745,53.39573712495368,-9.151130709523576,0.165,4.706251183854833,0.3286512108833777
6.5999999999999925,-2.8557240337228187,428.7526903428212,782.4937903785083,-0.1745,53.48654863489552,-9.154903227555062,0.165,4.706251183854833,0.3286512108833777
6.699999999999992,-2.851938606702231,434.1058766762969,781.578117736868,-0.1745,53.5771780346182,-9.158549605250261,0.165,4.706251183854833,0.3286512108833777
6.799999999999992,-2.8481566500484954,439.4681165830762,780.6620849578452,-0.1745,53.66762010096808,-9.162105975205382,0.165,4.706251183854833,0.3286512108833777
6.8999999999999915,-2.8443855581308854,444.839391128559,779.7456996925556,-0.1745,53.75787080868779,-9.165599330586744,0.165,4.706251183854833,0.3286512108833777
6.999999999999991,-2.840630783067092,450.21968102074834,778.8289672357351,-0.1745,53.84792703509917,-9.169049805822011,0.165,4.706251183854833,0.3286512108833777
7.099999999999991,-2.836896324277686,455.6089666893915,777.9118911258678,-0.1745,53.93778633776413,-9.172472391526176,0.165,4.706251183854833,0.3286512108833777
7.19999999999999,-2.8331850954754185,461.0072283456388,776.9944735951319,-0.1745,54.02744678718246,-9.175878223190091,0.165,4.706251183854833,0.3286512108833777
7.29999999999999,-2.8294991996029606,466.4144460270466,776.0767159065244,-0.1745,54.11690684097329,-9.179275548958818,0.165,4.706251183854833,0.3286512108833777
7.39999999999999,-2.8258401346795985,471.83059963156063,775.1586186062788,-0.1745,54.20616524930661,-9.182670455955746,0.165,4.706251183854833,0.3286512108833777
7.499999999999989,-2.8222089478228933,477.25566894321906,774.2401817127284,-0.1745,54.29522098386186,-9.186067415051927,0.165,4.706251183854833,0.3286512108833777
7.599999999999989,-2.818606350420771,482.6896336516366,773.3214048575154,-0.1745,54.38407318448863,-9.189469689207217,0.165,4.706251183854833,0.3286512108833777
7.699999999999989,-2.815032804198986,488.13247336681997,772.4022873910872,-0.1745,54.47272111917845,-9.192879639358292,0.165,4.706251183854833,0.3286512108833777
7.799999999999988,-2.811488585498024,493.58416763048086,771.4828284614484,-0.1745,54.56116415403986,-9.196298953416225,0.165,4.706251183854833,0.3286512108833777
7.899999999999988,-2.8079738332456126,499.04469592472213,770.5630270728979,-0.1745,54.64940173078607,-9.199728817594528,0.165,4.706251183854833,0.3286512108833777
7.999999999999988,-2.8044885847372534,504.5140376787545,769.6428821297926,-0.1745,54.73743334986139,-9.20317004451091,0.165,4.706251183854833,0.3286512108833777
8.099999999999987,-2.8010328023056292,509.99217227413743,768.7223924691216,-0.1745,54.82525855779721,-9.20662316890892,0.165,4.706251183854833,0.3286512108833777
8.199999999999987,-2.7976063931853608,515.4790790489142,767.8015568847192,-0.1745,54.912876937738595,-9.210088519139322,0.165,4.706251183854833,0.3286512108833777
8.299999999999986,-2.7942092242988803,520.9747373009184,766.8803741452369,-0.1745,55.000288102346154,-9.213566270506124,0.165,4.706251183854833,0.3286512108833777
8.399999999999986,-2.2621216382160836,526.4791262904595,765.958843007459,-0.1745,55.0874916884764,-9.21705648505304,0.165,4.706251183854833,0.3286512108833777
8.499999999999986,-2.401037697158464,531.9860177472038,765.112478337709,-0.06225,55.05033744641161,-7.710236909946742,0.165,4.706251183854833,0.3286512108833777
8.599999999999985,-2.5029412672402795,537.4926522492611,764.3217683147444,-0.1745,55.082352594733585,-8.103963549344984,0.165,4.706251183854833,0.3286512108833777
8.699999999999985,-2.5773842710415638,543.003226958593,763.4967336732685,-0.1745,55.12914159190375,-8.39672928017393,0.165,4.706251183854833,0.3286512108833777
8.799999999999985,-2.631485076363354,548.5190130377059,762.6461764627218,-0.1745,55.186579990354964,-8.614414930762262,0.165,4.706251183854833,0.3286512108833777
8.899999999999984,-2.6705377551007365,554.0409280242379,761.7766383505517,-0.1745,55.25171974028559,-8.776347312639873,0.165,4.706251183854833,0.3286512108833777
8.999999999999984,-2.698472779418619,559.5696357545198,760.8929742977472,-0.1745,55.3224348653517,-8.896933743451179,0.165,4.706251183854833,0.3286512108833777
9.099999999999984,-2.7182039179593342,565.1056165973714,759.9987828183439,-0.1745,55.39718199168033,-8.986895844614665,0.165,4.706251183854833,0.3286512108833777
9.199999999999983,-2.731888473967026,570.6492174557474,759.0967280305152,-0.1745,55.474835175838194,-9.054199911958527,0.165,4.706251183854833,0.3286512108833777
9.299999999999983,-2.7412580097069195,576.200687718155,758.1887801965679,-0.1745,55.55457007231486,-9.104756766987226,0.165,4.706251183854833,0.3286512108833777
9.399999999999983,-2.2105159490454414,581.761830244844,757.2761085550123,-0.1745,55.668280461464875,-9.148676064123823,0.495,4.706251183854833,0.3286512108833777
9.499999999999982,-2.3590493304988596,587.3284802276518,756.4368795659161,-0.06225,55.66471919469175,-7.6359037178012645,0.495,4.706251183854833,0.3286512108833777
9.599999999999982,-2.467683410528812,592.8962351438804,755.6520846306403,-0.1745,55.690379129880455,-8.059994987715223,0.165,4.706251183854833,0.3286512108833777
9.699999999999982,-2.546828939536456,598.4673717978113,754.8303818417212,-0.1745,55.732353948737234,-8.374060790665757,0.165,4.706251183854833,0.3286512108833777
9.799999999999981,-2.604214302418597,604.0432909441979,753.9813472184387,-0.1745,55.78602897899353,-8.606631674984712,0.165,4.706251183854833,0.3286512108833777
9.89999999999998,-2.645564854301561,609.6249987235691,753.1120693478814,-0.1745,55.848126608430576,-8.778925736161707,0.165,4.706251183854833,0.3286512108833777
9.99999999999998,-2.675114578938005,615.2132198848444,752.2277882431237,-0.1745,55.91629661707519,-8.906696358992152,0.165,4.706251183854833,0.3286512108833777
10.09999999999998,-2.6961534427344898,620.8084768022528,751.3323724345687,-0.1745,55.988841731093736,-9.00161981210593,0.165,4.706251183854833,0.3286512108833777
10.19999999999998,-2.7102592342413665,626.4127703195753,750.4283881342016,-0.1745,56.09702861535539,-9.078066195235955,0.495,4.706251183854833,0.3286512108833777
10.29999999999998,-2.719801358364411,632.0263733386087,749.5179927174759,-0.1745,56.17503176531056,-9.12984213927754,0.165,4.706251183854833,0.3286512108833777
10.399999999999979,-2.7260019101087476,637.6478541204875,748.6030605447372,-0.1745,56.25458387226723,-9.16880131549448,0.165,4.706251183854833,0.3286512108833777
10.499999999999979,-2.7297592008295686,643.277344065039,747.684703291253,-0.1745,56.33521501876077,-9.198343754191214,0.165,4.706251183854833,0.3286512108833777
10.599999999999978,-2.7317330054244087,648.9149338561664,746.7637374433364,-0.1745,56.41658080378677,-9.220973204140137,0.165,4.706251183854833,0.3286512108833777
10.699999999999978,-2.187429282469636,654.5606843277461,745.8407621929348,-0.1745,56.49842862780673,-9.23853180389223,0.165,4.706251183854833,0.3286512108833777
10.799999999999978,-2.3372148189142834,660.2086491380184,744.9958387374253,-0.06225,56.46086757763884,-7.659937306298294,0.165,4.706251183854833,0.3286512108833777
10.899999999999977,-2.4462373426520454,665.8558326462278,744.2081972619408,-0.1745,56.48280258655068,-8.092892203393225,0.165,4.706251183854833,0.3286512108833777
10.999999999999977,-2.525295644219263,671.5060617840177,743.3829620302653,-0.1745,56.521780169247215,-8.411812430117012,0.165,4.706251183854833,0.3286512108833777
11.099999999999977,-2.582361583384181,677.1607964664171,742.5300346540748,-0.1745,56.57291347874055,-8.64673509369268,0.165,4.706251183854833,0.3286512108833777
11.199999999999976,-2.6233082632068268,682.8210796815972,741.65670435465,-0.1745,56.63275082486194,-8.81987089480588,0.165,4.706251183854833,0.3286512108833777
11.299999999999976,-2.529517687445921,688.487658744001,740.7683299676505,-0.1745,56.698830423214545,-8.947616845182532,0.165,4.706251183854833,0.3286512108833777
11.399999999999975,-2.583074511924162,694.165162815934,739.8860913516959,-0.1495,56.851251015444525,-8.69715547390919,0.8300000000000001,4.706251183854833,0.3286512108833777
11.499999999999975,-2.6213979002008787,699.8533075321835,739.0081854935185,-0.1745,56.91164330954543,-8.860961689638785,0.165,4.706251183854833,0.3286512108833777
11.599999999999975,-2.6485926689454757,705.5477874958315,738.1160548711341,-0.1745,56.97795596341307,-8.981650758049152,0.165,4.706251183854833,0.3286512108833777
11.699999999999974,-2.1155536289301584,711.2491104156662,737.213433933987,-0.1745,57.048502433282316,-9.070767984894355,0.165,4.706251183854833,0.3286512108833777
11.799999999999974,-2.2815594395600334,716.953807916587,736.3840794057487,-0.06225,57.04544758513394,-7.516322579871476,0.495,4.706251183854833,0.3286512108833777
11.899999999999974,-2.4020723027225888,722.6589774143362,735.6083098771655,-0.1745,57.05794236984776,-7.999067991793007,0.165,4.706251183854833,0.3286512108833777
11.999999999999973,-2.489261316311123,728.3663730664086,734.7906925872577,-0.1745,57.089970671601804,-8.353277806363153,0.165,4.706251183854833,0.3286512108833777
12.099999999999973,-2.5520788141595876,734.0776641746315,733.9423707995376,-0.1745,57.13585149285547,-8.613157948039404,0.165,4.706251183854833,0.3286512108833777
12.199999999999973,-2.5970970277893897,739.7940369009141,733.0715176446196,-0.1745,57.19160303279505,-8.803905150320649,0.165,4.706251183854833,0.3286512108833777
12.299999999999972,-2.6291322313210634,745.5163372664124,732.1841197824508,-0.1745,57.25440427717121,-8.944052093055847,0.165,4.706251183854833,0.3286512108833777
12.399999999999972,-2.651708513092,751.2451695083907,731.2845567886425,-0.1745,57.32224056239565,-9.047207783110954,0.165,4.706251183854833,0.3286512108833777
12.499999999999972,-2.667401110930338,756.9809647686335,730.3760288857945,-0.1745,57.39366464246026,-9.12335027384827,0.165,4.706251183854833,0.3286512108833777
12.599999999999971,-2.6780897789801283,762.7240296250893,729.4608721062608,-0.1745,57.467632486657145,-9.179785316827253,0.165,4.706251183854833,0.3286512108833777
12.69999999999997,-2.6851452672663987,768.4745806842274,728.5407900630555,-0.1745,57.54338869610397,-9.22185554727866,0.165,4.706251183854833,0.3286512108833777
12.79999999999997,-2.689566274098758,774.2327693985487,727.6170240950804,-0.1745,57.620385590324254,-9.253463812223938,0.165,4.706251183854833,0.3286512108833777
12.89999999999997,-2.692079846285492,779.9986999556696,726.6904779807419,-0.1745,57.69822555209391,-9.27745847454633,0.165,4.706251183854833,0.3286512108833777
12.99999999999997,-2.693214874440094,785.772442216674,725.7618092299521,-0.1745,57.77661966799286,-9.29591654125125,0.165,4.706251183854833,0.3286512108833777
13.09999999999997,-2.693355826688912,791.5540410957185,724.831495834558,-0.1745,57.855357912897354,-9.310351366630327,0.165,4.706251183854833,0.3286512108833777
13.199999999999969,-2.6927819926764855,797.3435233704075,723.899885025717,-0.1745,57.93428758088401,-9.32186481018913,0.165,4.706251183854833,0.3286512108833777
13.299999999999969,-2.691696118529165,803.1409026316327,722.9672288566829,-0.1745,58.01329764362008,-9.331258570492048,0.165,4.706251183854833,0.3286512108833777
13.399999999999968,-2.6902452834318042,808.9461828832465,722.0337101499667,-0.1745,58.0923073886567,-9.339115563830964,0.165,4.706251183854833,0.3286512108833777
13.499999999999968,-2.688536108346453,814.7593611605745,721.0994614041193,-0.1745,58.17125815790407,-9.345859353116884,0.165,4.706251183854833,0.3286512108833777
13.599999999999968,-2.6866458278496914,820.5804294353053,720.164578560876,-0.1745,58.25010733671308,-9.351797511751602,0.165,4.706251183854833,0.3286512108833777
13.699999999999967,-2.6846303449815774,826.409376001101,719.2291310232181,-0.1745,58.328823979202305,-9.357153241405502,0.165,4.706251183854833,0.3286512108833777
13.799999999999967,-2.6825300874759126,832.2461864812743,718.2931689406879,-0.1745,58.40738562426312,-9.362088409197646,0.165,4.706251183854833,0.3286512108833777
13.899999999999967,-2.6803742628727867,838.0908445614099,717.3567285041405,-0.1745,58.48577597844864,-9.366720321750078,0.165,4.706251183854833,0.3286512108833777
13.999999999999966,-2.6781839484072623,843.9433325218392,716.4198357914993,-0.1745,58.563983230138085,-9.371133931075269,0.165,4.706251183854833,0.3286512108833777
14.099999999999966,-2.675974333437146,849.8036316245161,715.4825095594017,-0.1745,58.64199882340039,-9.37539071087646,0.165,4.706251183854833,0.3286512108833777
14.199999999999966,-2.673756345896371,855.6717223940141,714.5447632684766,-0.1745,58.7198165665592,-9.379535107626916,0.165,4.706251183854833,0.3286512108833777
14.299999999999965,-2.671537831298378,861.5475848215611,713.6066065517813,-0.1745,58.797431984381575,-9.383599226278987,0.165,4.706251183854833,0.3286512108833777
14.399999999999965,-2.6693244068991904,867.4311985131568,712.6680462788815,-0.1745,58.87484184753255,-9.387606231716468,0.165,4.706251183854833,0.3286512108833777
14.499999999999964,-2.6671200801698633,873.3225427970813,711.7290873264702,-0.1745,58.952043830957834,-9.391572816511124,0.165,4.706251183854833,0.3286512108833777
14.599999999999964,-2.6649276963601443,879.2215968019289,710.7897331361319,-0.1745,59.029036265994236,-9.395510990255419,0.165,4.706251183854833,0.3286512108833777
14.699999999999964,-2.662749262200111,885.1283395132577,709.849986117807,-0.1745,59.10581796058453,-9.399429376241248,0.165,4.706251183854833,0.3286512108833777
14.799999999999963,-2.660586179886793,891.0427498147346,708.9098479414653,-0.1745,59.1823880689527,-9.403334150593444,0.165,4.706251183854833,0.3286512108833777
14.899999999999963,-2.6584394161255864,896.9648065180413,707.9693197478324,-0.1745,59.25874599718034,-9.407229722063144,0.165,4.706251183854833,0.3286512108833777
14.999999999999963,-2.6563096241839936,902.8944883846417,707.0284023005382,-0.1745,59.3348913348283,-9.411119223820178,0.165,4.706251183854833,0.3286512108833777
15.099999999999962,-2.6541972319688805,908.8317741416553,706.0870960958954,-0.1745,59.410823805442675,-9.415004869037295,0.165,4.706251183854833,0.3286512108833777
15.199999999999962,-2.6521025055493537,914.7766424934647,705.1454014420513,-0.1745,59.486543230745866,-9.418888207846443,0.165,4.706251183854833,0.3286512108833777
15.299999999999962,-2.650025594944343,920.7290721302389,704.2033185160129,-0.1745,59.56204950473912,-9.422770312919145,0.165,4.706251183854833,0.3286512108833777
15.399999999999961,-2.6479665671073462,926.6890417342249,703.2608474046958,-0.1745,59.637342574979705,-9.426651913422042,0.165,4.706251183854833,0.3286512108833777
15.499999999999961,-2.6459254296741515,932.6565299844264,702.317988134442,-0.1745,59.71242242904861,-9.430533491654119,0.165,4.706251183854833,0.3286512108833777
15.59999999999996,-2.6439021480498752,938.6315155601174,701.3747406922231,-0.1745,59.7872890847713,-9.43441535272256,0.165,4.706251183854833,0.3286512108833777
15.69999999999996,-2.641896657695745,944.6139771435135,700.4311050408494,-0.1745,59.86194258315072,-9.438297674750665,0.165,4.706251183854833,0.3286512108833777
15.79999999999996,-2.6399088729583244,950.603893421834,699.48708112986,-0.1745,59.936382983259115,-9.442180545036445,0.165,4.706251183854833,0.3286512108833777
15.89999999999996,-2.6379386934096773,956.6012430889241,698.5426689033043,-0.1745,60.01061035854406,-9.446063986077958,0.165,4.706251183854833,0.3286512108833777
15.99999999999996,-2.6359860083966784,962.606004846559,697.5978683052857,-0.1745,60.08462479415466,-9.449947974293924,0.165,4.706251183854833,0.3286512108833777
16.09999999999996,-2.6340507003025277,968.618157405517,696.652679283897,-0.1745,60.15842638500351,-9.45383245348157,0.165,4.706251183854833,0.3286512108833777
16.19999999999996,-2.6321326468827473,974.6376794864851,695.7071017939986,-0.1745,60.2320152343589,-9.45771734448492,0.165,4.706251183854833,0.3286512108833777
16.29999999999996,-2.630231722936375,980.6645498208441,694.7611357991676,-0.1745,60.30539145281899,-9.461602552135854,0.165,4.706251183854833,0.3286512108833777
16.399999999999963,-2.6283478014999155,986.698747151363,693.8147812730491,-0.1745,60.37855515756109,-9.46548797023357,0.165,4.706251183854833,0.3286512108833777
16.499999999999964,-2.6264807546988727,992.7402502328305,692.8680382002817,-0.1745,60.45150647178886,-9.469373485113868,0.165,4.706251183854833,0.3286512108833777
16.599999999999966,-2.6250501337792462,998.789037832636,691.9209065771157,-0.1745,60.52424552432199,-9.473258978205282,0.165,4.706251183854833,0.3286512108833777
16.699999999999967,-2.622468626696443,1004.8483632361039,690.9728091394352,-0.1745,60.662262545035254,-9.488689775404312,0.8300000000000001,4.706251183854833,0.3286512108833777
16.79999999999997,-2.620124991411124,1010.9182119231901,690.0238616037433,-0.1745,60.734711196691244,-9.490260938434098,0.165,4.706251183854833,0.3286512108833777
16.89999999999997,-2.6179549766504318,1016.995290137144,689.0747234831417,-0.1745,60.806853082386645,-9.49250147359653,0.165,4.706251183854833,0.3286512108833777
16.99999999999997,-2.615912840348341,1023.0795685784057,688.1253375151396,-0.1745,60.87871574284564,-9.495217886446738,0.165,4.706251183854833,0.3286512108833777
17.099999999999973,-2.613966024049905,1029.1710203085104,687.1756630042808,-0.1745,60.95031885925107,-9.498272330729213,0.165,4.706251183854833,0.3286512108833777
17.199999999999974,-2.6120913550013567,1035.2696200766297,686.225671055534,-0.1745,61.02167650313418,-9.50156664420522,0.165,4.706251183854833,0.3286512108833777
17.299999999999976,-2.610272339043388,1041.3753438390404,685.275341175819,-0.1745,61.09279874507964,-9.505030950094474,0.165,4.706251183854833,0.3286512108833777
17.399999999999977,-2.6084972319871866,1047.4881684165018,684.3246588521928,-0.1745,61.16369280414684,-9.50861552242888,0.165,4.706251183854833,0.3286512108833777
17.49999999999998,-2.6067576663017222,1053.6080712501384,683.3736138268895,-0.1745,61.23436386858554,-9.512284983636736,0.165,4.706251183854833,0.3286512108833777
17.59999999999998,-2.6050476737191,1059.7350302276416,682.4221988693174,-0.1745,61.30481568147889,-9.516014167805496,0.165,4.706251183854833,0.3286512108833777
17.69999999999998,-2.603362989972364,1065.869023559635,681.4704089022785,-0.1745,61.37505095839208,-9.519785172974592,0.165,4.706251183854833,0.3286512108833777
17.799999999999983,-2.6017005604787737,1072.0100296918067,680.518240380541,-0.1745,61.44507168504175,-9.523585261774528,0.165,4.706251183854833,0.3286512108833777
17.899999999999984,-2.600058189070432,1078.1580272425253,679.5656908491007,-0.1745,61.51487932933072,-9.527405367030601,0.165,4.706251183854833,0.3286512108833777
17.999999999999986,-2.5984342885037415,1084.3129949586069,678.6127586293217,-0.1745,61.58447499229704,-9.531239028550054,0.165,4.706251183854833,0.3286512108833777
18.099999999999987,-2.5968277033475884,1090.4749116839973,677.6594425960405,-0.1745,61.653859515514185,-9.53508163707194,0.165,4.706251183854833,0.3286512108833777
18.19999999999999,-1.9895217251429438,1096.6437563376462,676.7057420193411,-0.1745,61.72303355746166,-9.538929896917116,0.165,4.706251183854833,0.3286512108833777
18.29999999999999,-2.169206613560492,1102.815604527827,675.8475140104642,-0.06225,61.71393024615323,-7.62563028062006,0.495,4.706251183854833,0.3286512108833777
18.39999999999999,-2.295832571767162,1108.986240259841,675.0569438798636,-0.1745,61.69878439412943,-8.185772331391785,0.165,4.706251183854833,0.3286512108833777
18.499999999999993,-2.3848388216528367,1115.1566456387127,674.2184766593559,-0.1745,61.70932318330316,-8.583572078762222,0.165,4.706251183854833,0.3286512108833777
18.599999999999994,-2.4472098809634213,1121.3289856352433,673.3459911797751,-0.1745,61.73747674730758,-8.866137512854914,0.165,4.706251183854833,0.3286512108833777
18.699999999999996,-2.490746453322583,1127.5047486362853,672.4493344812412,-0.1745,61.777783273532016,-9.066996457822343,0.165,4.706251183854833,0.3286512108833777
18.799999999999997,-2.5209793579984723,1133.6849628002963,671.5354853583398,-0.1745,61.82650000668557,-9.209986000205683,0.165,4.706251183854833,0.3286512108833777
18.9,-2.5418247192387033,1139.8703397632369,670.6093845141258,-0.1745,61.88103925212873,-9.312030884073396,0.165,4.706251183854833,0.3286512108833777
19.0,-2.556052207079627,1146.061371755866,669.6745263535902,-0.1745,61.939600600454966,-9.385132326640935,0.165,4.706251183854833,0.3286512108833777
19.1,-2.565618764658893,1152.2583980809525,668.7333802204554,-0.1745,62.00092590127371,-9.437790336054505,0.165,4.706251183854833,0.3286512108833777
19.200000000000003,-2.571905930770267,1158.4616510419705,667.7876897550537,-0.1745,62.06413331908644,-9.476018971977346,0.165,4.706251183854833,0.3286512108833777
19.300000000000004,-2.5758882996547983,1164.6712878861433,666.8386853272127,-0.1745,62.128603564367346,-9.504069584843823,0.165,4.706251183854833,0.3286512108833777
19.400000000000006,-2.578252923675466,1170.8874131241273,665.8872345937167,-0.1745,62.193901195313025,-9.524945085076444,0.165,4.706251183854833,0.3286512108833777
19.500000000000007,-2.579483842832339,1177.1100941753998,664.9339490870349,-0.1745,62.25971983013522,-9.540765048560154,0.165,4.706251183854833,0.3286512108833777
19.60000000000001,-2.5799218661261634,1183.3393723585998,663.979259605468,-0.1745,62.32584383386411,-9.553024582777676,0.165,4.706251183854833,0.3286512108833777
19.70000000000001,-2.5798068140775983,1189.5752706224603,663.0234694930858,-0.1745,62.3921214433438,-9.562777664864397,0.165,4.706251183854833,0.3286512108833777
19.80000000000001,-2.579307345501406,1195.8177989884766,662.0667922665406,-0.1745,62.4584458769817,-9.570766866040818,0.165,4.706251183854833,0.3286512108833777
19.900000000000013,-2.5785420034427613,1202.0669583843037,661.1093781699503,-0.1745,62.52474203955914,-9.577515065765144,0.165,4.706251183854833,0.3286512108833777
20.000000000000014,-2.577594056046213,1208.3227433441634,660.1513329043676,-0.1745,62.59095715763377,-9.583390245890735,0.165,4.706251183854833,0.3286512108833777
20.100000000000016,-2.576521955705937,1214.5851439110875,659.1927308302618,-0.1745,62.65705418084489,-9.588651236225862,0.165,4.706251183854833,0.3286512108833777
20.200000000000017,-2.575844183466582,1220.8541469767079,658.233624268862,-0.1745,62.7230071315644,-9.593479991770849,0.165,4.706251183854833,0.3286512108833777
20.30000000000002,-2.5739112463918126,1227.133011729463,657.2734727792059,-0.1745,62.85428792354034,-9.609549801348608,0.8300000000000001,4.706251183854833,0.3286512108833777
20.40000000000002,-2.5721656435242806,1233.421727633019,656.3124180931148,-0.1745,62.920030147575616,-9.61154392047346,0.165,4.706251183854833,0.3286512108833777
20.50000000000002,-2.5705548493798425,1239.7170035648116,655.3511368514125,-0.1745,62.985488488278854,-9.614080913572591,0.165,4.706251183854833,0.3286512108833777
20.600000000000023,-2.5690420545997696,1246.0188123326607,654.3895829658035,-0.1745,63.050686868701256,-9.616996798609172,0.165,4.706251183854833,0.3286512108833777
20.700000000000024,-2.5676014675649386,1252.3271287838477,653.4277242958913,-0.1745,63.11564215503829,-9.620176599634943,0.165,4.706251183854833,0.3286512108833777
20.800000000000026,-2.4269558354306757,1258.6419292044943,652.4655384792952,-0.1745,63.180366257892246,-9.623539732286924,0.165,4.706251183854833,0.3286512108833777
20.900000000000027,-2.467657426363253,1264.967769164193,651.5248484776799,-0.1495,63.33643293608096,-9.190260300018227,0.8300000000000001,4.706251183854833,0.3286512108833777
21.00000000000003,-2.4956545935134127,1271.3036435594136,650.5990000513196,-0.1745,63.381054968329316,-9.32670822718708,0.165,4.706251183854833,0.3286512108833777
21.10000000000003,-2.514787481619412,1277.6442680538528,649.6615115319944,-0.1745,63.43143492045484,-9.423062159318585,0.165,4.706251183854833,0.3286512108833777
21.20000000000003,-2.5277409873682766,1283.9901272226236,648.7157886370948,-0.1745,63.48574845496263,-9.491395738674223,0.165,4.706251183854833,0.3286512108833777
21.300000000000033,-2.536390615598732,1290.3415513489128,647.7642107915473,-0.1745,63.5427340708215,-9.540161172275273,0.165,4.706251183854833,0.3286512108833777
21.400000000000034,-2.5420454630503264,1296.6987639027843,646.8084392384237,-0.1745,63.601517006606265,-9.575269890196084,0.165,4.706251183854833,0.3286512108833777
21.500000000000036,-2.5456186461583945,1303.061914232003,645.8496330978392,-0.1745,63.66148957776548,-9.600852921495543,0.165,4.706251183854833,0.3286512108833777
21.600000000000037,-2.5477466791734056,1309.431100169498,644.8886007006914,-0.1745,63.72222917213844,-9.619795021458257,0.165,4.706251183854833,0.3286512108833777
21.70000000000004,-2.5488730029497733,1315.8063837139532,643.9259054825901,-0.1745,63.78344171696435,-9.634109340568402,0.165,4.706251183854833,0.3286512108833777
21.80000000000004,-2.5493063768883157,1322.187801927062,642.9619400190483,-0.1745,63.84492254521338,-9.645199930269454,0.165,4.706251183854833,0.3286512108833777
21.90000000000004,-2.549261666850014,1328.5753745158772,641.9969777484523,-0.1745,63.90652923109033,-9.654045481649394,0.165,4.706251183854833,0.3286512108833777
22.000000000000043,-2.548888316787095,1334.9691091124198,641.0312090831991,-0.1745,63.96816269976314,-9.661327823415185,0.165,4.706251183854833,0.3286512108833777
22.100000000000044,-2.5485417987488743,1341.3690049512184,640.064766605971,-0.1745,64.02975407620572,-9.667521721146173,0.165,4.706251183854833,0.3286512108833777
22.200000000000045,-2.5474387662099582,1347.7766803734353,639.0974561743611,-0.1745,64.12375436813196,-9.678686911052178,0.495,4.706251183854833,0.3286512108833777
22.300000000000047,-2.5463433209344744,1354.1921277611975,638.1293995887522,-0.1745,64.18519338711201,-9.682444801125119,0.165,4.706251183854833,0.3286512108833777
22.40000000000005,-2.545256464456835,1360.6137091883108,637.1609680458411,-0.1745,64.24643515515616,-9.686186057098672,0.165,4.706251183854833,0.3286512108833777
22.50000000000005,-2.544178868046642,1367.0414049208966,636.1921630398554,-0.1745,64.30747949656016,-9.689914062615218,0.165,4.706251183854833,0.3286512108833777
22.60000000000005,-2.5431109737979667,1373.4751952152947,635.2229857792822,-0.1745,64.36832639139892,-9.693631148847812,0.165,4.706251183854833,0.3286512108833777
22.700000000000053,-2.5420530649105126,1379.9150603313037,634.2534372760624,-0.1745,64.42897592878404,-9.697338915548542,0.165,4.706251183854833,0.3286512108833777
22.800000000000054,-2.541005314528727,1386.3609805414583,633.283518407561,-0.1745,64.48942827430866,-9.701038454480212,0.165,4.706251183854833,0.3286512108833777
22.900000000000055,-2.539967819664464,1392.8129361375427,632.313229959595,-0.1745,64.54968364738134,-9.704730504839395,0.165,4.706251183854833,0.3286512108833777
23.000000000000057,-2.538940624747626,1399.2709074351842,631.342572656287,-0.1745,64.60974230544923,-9.708415561320708,0.165,4.706251183854833,0.3286512108833777
23.10000000000006,-2.537923737968042,1405.7348747771075,630.3715471807601,-0.1745,64.66960453301895,-9.71209394921755,0.165,4.706251183854833,0.3286512108833777
23.20000000000006,-2.5369171426094264,1412.2048185354593,629.4001541894697,-0.1745,64.72927063401688,-9.715765876589629,0.165,4.706251183854833,0.3286512108833777
23.30000000000006,-2.5359208049059356,1418.6807191134837,628.4283943221161,-0.1745,64.78874092647261,-9.719431470482927,0.165,4.706251183854833,0.3286512108833777
23.400000000000063,-2.53493467948521,1425.1625569467483,627.4562682084887,-0.1745,64.84801573881823,-9.72309080206503,0.165,4.706251183854833,0.3286512108833777
23.500000000000064,-2.5339587131370482,1431.6503125040547,626.4837764731825,-0.1745,64.90709540731058,-9.726743904059399,0.165,4.706251183854833,0.3286512108833777
23.600000000000065,-2.532992847421045,1438.1439662881319,625.510919738838,-0.1745,64.96598027423376,-9.730390782831856,0.165,4.706251183854833,0.3286512108833777
23.700000000000067,-1.8879300818681999,1444.6434988361757,624.5376986283582,-0.1745,65.02467068664372,-9.734031426765101,0.165,4.706251183854833,0.3286512108833777
23.800000000000068,-2.0896233524237786,1451.1470139111495,623.6709909232123,-0.06225,65.04563081283393,-7.600122676152292,0.8300000000000001,4.706251183854833,0.3286512108833777
23.90000000000007,-2.228668234123345,1457.6494121659755,622.8780429568816,-0.1745,65.00233428368587,-8.258836650463287,0.165,4.706251183854833,0.3286512108833777
24.00000000000007,-2.3243380473500825,1464.149127687547,622.0293298601082,-0.1745,64.99197614774336,-8.71542528500533,0.165,4.706251183854833,0.3286512108833777
24.100000000000072,-2.3900164991292607,1470.6489077399374,621.1419589499412,-0.1745,65.0036249000655,-9.031992918334453,0.165,4.706251183854833,0.3286512108833777
24.200000000000074,-2.4349817180574838,1477.150593463189,620.2277770351018,-0.1745,65.03008956496487,-9.25164537845544,0.165,4.706251183854833,0.3286512108833777
24.300000000000075,-2.465656019633776,1483.6554264823544,619.2949806105254,-0.1745,65.06657081834696,-9.404283113072868,0.165,4.706251183854833,0.3286512108833777
24.400000000000077,-1.8420558570125793,1490.1642466641358,618.3492352653412,-0.1745,65.10983281727965,-9.510623790611259,0.165,4.706251183854833,0.3286512108833777
24.500000000000078,-2.059437714888123,1496.674700972213,617.5015506289214,-0.06225,65.09925334426237,-7.443068937784565,0.495,4.706251183854833,0.3286512108833777
24.60000000000008,-2.2086209959306946,1503.1836661000686,616.7215514054293,-0.1745,65.08004921284885,-8.156915532059417,0.495,4.706251183854833,0.3286512108833777
24.70000000000008,-2.3112555266622428,1509.69087392195,615.8813702959427,-0.1745,65.06410722478026,-8.646706657673398,0.165,4.706251183854833,0.3286512108833777
24.800000000000082,-1.7384728637686329,1516.1976772024927,614.9997307199925,-0.1745,65.07195838607264,-8.986084861330216,0.165,4.706251183854833,0.3286512108833777
24.900000000000084,-1.9884933394133135,1522.7028990554345,614.1960231186007,-0.06225,65.03247867276458,-7.088067166506793,0.165,4.706251183854833,0.3286512108833777
25.000000000000085,-2.1611079983746,1529.2026828022795,613.4465187721842,-0.1745,64.96319626413461,-7.902019761822976,0.165,4.706251183854833,0.3286512108833777
25.100000000000087,-2.280062367933124,1535.6976253764888,612.6280958682474,-0.1745,64.9356552200516,-8.466438316912413,0.165,4.706251183854833,0.3286512108833777
25.200000000000088,-2.3618696043320027,1542.1912000076495,611.7618807205195,-0.1745,64.93583740316488,-8.857864637647245,0.165,4.706251183854833,0.3286512108833777
25.30000000000009,-2.417993544258363,1548.68572278048,610.862515602151,-0.1745,64.95461805344735,-9.129437729721262,0.165,4.706251183854833,0.3286512108833777
25.40000000000009,-2.456379690346426,1555.182751278061,609.9401411315955,-0.1745,64.98595189816965,-9.318051681388251,0.165,4.706251183854833,0.3286512108833777
25.500000000000092,-2.33858198806762,1561.683338049548,609.0017736225024,-0.1745,65.02578353157027,-9.449298500474168,0.165,4.706251183854833,0.3286512108833777
25.600000000000094,-2.401489462252252,1568.1898534274414,608.0759249424232,-0.1495,65.10452402629899,-9.067675101109444,0.165,4.706251183854833,0.3286512108833777
25.700000000000095,-2.444516776431021,1574.7016775465477,607.1586110182794,-0.1745,65.131958355826,-9.278603381766318,0.165,4.706251183854833,0.3286512108833777
25.800000000000097,-1.8287827110458463,1581.2167257804297,606.2234256105686,-0.1745,65.16900632181287,-9.42510477244963,0.165,4.706251183854833,0.3286512108833777
25.900000000000098,-2.0517644694287673,1587.7331308188789,605.383046270338,-0.06225,65.15909444716992,-7.382482032162447,0.495,4.706251183854833,0.3286512108833777
26.0000000000001,-2.20546139860898,1594.2462744830057,604.608379318599,-0.1745,65.10377883536607,-8.110857002619491,0.165,4.706251183854833,0.3286512108833777
26.1000000000001,-1.6680049968247692,1600.7557328981843,603.7720681599164,-0.1745,65.08538946820578,-8.615366171031766,0.165,4.706251183854833,0.3286512108833777
26.200000000000102,-1.9424716928264807,1607.262415632622,602.9994898645401,-0.06225,65.04826522054701,-6.836199736494155,0.165,4.706251183854833,0.3286512108833777
26.300000000000104,-2.1313269008493485,1613.7647412304293,602.2710412273736,-0.1745,64.99824673560072,-7.732773006835793,0.495,4.706251183854833,0.3286512108833777
26.400000000000105,-2.2615135931929604,1620.262753715877,601.4669161702245,-0.1745,64.96200297334889,-8.349728136147654,0.165,4.706251183854833,0.3286512108833777
26.500000000000107,-2.351079633917916,1626.7586719978854,600.6105548767981,-0.1745,64.95636266681971,-8.777497732379986,0.165,4.706251183854833,0.3286512108833777
26.600000000000108,-2.3961121276826085,1633.2550505385298,599.7179704239961,-0.1745,64.97120814606917,-9.074191323661005,0.165,4.739846858879326,0.4998403325959811
26.70000000000011,-2.426862458584032,1639.7540117211654,598.8029216014357,-0.1745,65.00801550664137,-9.22678512754611,0.165,4.739846858879326,0.4998403325959811
26.80000000000011,-2.4477608642847297,1646.2569918089127,597.8749239274298,-0.1745,65.05158624830422,-9.333168352572908,0.165,4.739846858879326,0.4998403325959811
26.900000000000112,-2.4618690701034436,1652.7645577097207,596.9378839674089,-0.1745,65.09973176785691,-9.407630847845638,0.165,4.739846858879326,0.4998403325959811
27.000000000000114,-2.471301132441725,1659.277092191265,595.9944994714472,-0.1745,65.15095786302749,-9.46005907138844,0.165,4.739846858879326,0.4998403325959811
27.100000000000115,-2.4775156488461674,1665.7948521417022,595.0466321818641,-0.1745,65.20424114571635,-9.497286720273573,0.165,4.739846858879326,0.4998403325959811
27.200000000000117,-2.481518310303425,1672.3180081611572,594.0955661648605,-0.1745,65.25887924338252,-9.524033619798269,0.165,4.739846858879326,0.4998403325959811
27.300000000000118,-2.484002116584358,1678.8466715981554,593.1421866166745,-0.1745,65.31438949658113,-9.543557343921655,0.165,4.739846858879326,0.4998403325959811
27.40000000000012,-2.4854443342532684,1685.3809130731984,592.1871035073655,-0.1745,65.37044000428136,-9.558104842258887,0.165,4.739846858879326,0.4998403325959811
27.50000000000012,-2.486173482789662,1691.9207751972883,591.2307370103337,-0.1745,65.42680247751802,-9.56922509837646,0.165,4.739846858879326,0.4998403325959811
27.600000000000122,-2.4864155789460773,1698.466281316532,590.2733764866351,-0.1745,65.48331990735826,-9.577985375594825,0.165,4.739846858879326,0.4998403325959811
27.700000000000124,-2.4863260409457575,1705.0174415293473,589.315221184837,-0.1745,65.53988434894602,-9.585120660367574,0.165,4.739846858879326,0.4998403325959811
27.800000000000125,-2.48601168641575,1711.57425682869,588.3564083084174,-0.1745,65.59642163790888,-9.591136868024417,0.165,4.739846858879326,0.4998403325959811
27.900000000000126,-2.485545891779494,1718.1367219540107,587.3970323613764,-0.1745,65.65288086850387,-9.59638207279483,0.165,4.739846858879326,0.4998403325959811
28.000000000000128,-2.484979033740877,1724.704827354806,586.4371584756672,-0.1745,65.70922714740068,-9.601095641391112,0.165,4.739846858879326,0.4998403325959811
28.10000000000013,-2.4843456777039643,1731.2785605423167,585.4768315882454,-0.1745,65.76543660281307,-9.605442107042876,0.165,4.739846858879326,0.4998403325959811
28.20000000000013,-2.4836695243255007,1737.8579070198189,584.5160827573118,-0.1745,65.8214929472308,-9.609534511630555,0.165,4.739846858879326,0.4998403325959811
28.300000000000132,-2.4829668118332284,1744.4428509227082,583.5549335075909,-0.1745,65.877385110558,-9.61345048278745,0.165,4.739846858879326,0.4998403325959811
28.400000000000134,-2.4822486551543173,1751.0333754587732,582.5933988183497,-0.1745,65.93310561074114,-9.61724330203821,0.165,4.739846858879326,0.4998403325959811
28.500000000000135,-2.481522653384583,1757.6294632109323,581.6314891771917,-0.1745,65.98864943244224,-9.620949521120703,0.165,4.739846858879326,0.4998403325959811
28.600000000000136,-2.4807939939756665,1764.2310963453351,580.6692119911017,-0.1745,66.04401325561463,-9.624594200679503,0.165,4.739846858879326,0.4998403325959811
28.700000000000138,-2.333505287612053,1770.8382567543656,579.7065725554685,-0.1745,66.09919492499338,-9.628194511986152,0.165,4.739846858879326,0.4998403325959811
28.80000000000014,-2.3793889521705927,1777.4541654048055,578.7678513255869,-0.1495,66.21897808380582,-9.14623008564485,0.495,4.739846858879326,0.4998403325959811
28.90000000000014,-2.4104966003679604,1784.0776486575512,577.845356737544,-0.1745,66.25068697110626,-9.303661675212911,0.165,4.739846858879326,0.4998403325959811
29.000000000000142,-2.4315044038401146,1790.704663196249,576.9095553542547,-0.1745,66.28960380284629,-9.412365990571699,0.165,4.739846858879326,0.4998403325959811
29.100000000000144,-2.4456141663821156,1797.3358111636,575.9645509597815,-0.1745,66.33335554417643,-9.487721898892072,0.165,4.739846858879326,0.4998403325959811
29.200000000000145,-2.4550162943349823,1803.9714958052764,575.0131513797564,-0.1745,66.38033728934916,-9.540269701610088,0.165,4.739846858879326,0.4998403325959811
29.300000000000146,-2.46120818829314,1810.611985670892,574.0572765369927,-0.1745,66.42946002296019,-9.577227153663893,0.165,4.739846858879326,0.4998403325959811
29.400000000000148,-2.465212849679275,1817.2574578328613,573.0982385251988,-0.1745,66.47998321642628,-9.603533082214584,0.165,4.739846858879326,0.4998403325959811
29.50000000000015,-2.4677287818876383,1823.9080271267887,572.1369336353741,-0.1745,66.53140266212277,-9.62256471427928,0.165,4.739846858879326,0.4998403325959811
29.60000000000015,-2.469232673332089,1830.5637660009002,571.1739738951972,-0.1745,66.58337482010573,-9.636630089260496,0.165,4.739846858879326,0.4998403325959811
29.700000000000152,-2.4700496765519673,1837.2247180200056,570.2097771050403,-0.1745,66.63566556200288,-9.64730571387699,0.165,4.739846858879326,0.4998403325959811
29.800000000000153,-2.470401475049125,1843.890907065128,569.2446284248034,-0.1745,66.6881153404458,-9.655667890860915,0.165,4.739846858879326,0.4998403325959811
29.900000000000155,-2.470439137996326,1850.562343605879,568.2787224760588,-0.1745,66.74061547457762,-9.662451084033,0.165,4.739846858879326,0.4998403325959811
30.000000000000156,-2.4702655647918026,1857.2390289788402,567.3121921087088,-0.1745,66.79309198464674,-9.668156262967008,0.165,4.739846858879326,0.4998403325959811
30.100000000000158,-2.4699508102364494,1863.9209583063212,566.3451280463693,-0.1745,66.84549456497083,-9.673124983823934,0.165,4.739846858879326,0.4998403325959811
30.20000000000016,-2.469542543648862,1870.6081224875404,565.3775922963907,-0.1745,66.89778905941225,-9.67759001574639,0.165,4.739846858879326,0.4998403325959811
30.30000000000016,-2.469073183781635,1877.3005095568278,564.4096272995137,-0.1745,66.94995232633629,-9.681709921795477,0.165,4.739846858879326,0.4998403325959811
30.400000000000162,-2.468564763946807,1883.9981056098677,563.4412621699757,-0.1745,67.00196873445965,-9.685592668962315,0.165,4.739846858879326,0.4998403325959811
30.500000000000163,-2.4680322480206662,1890.700895435192,562.472516949494,-0.1745,67.05382777202485,-9.689311740673665,0.165,4.739846858879326,0.4998403325959811
30.600000000000165,-2.4674857896484452,1897.408862944592,561.5034055060636,-0.1745,67.10552241597837,-9.692917127935143,0.165,4.739846858879326,0.4998403325959811
30.700000000000166,-2.4669322708161676,1904.1219914663855,560.5339375084781,-0.1745,67.15704801988828,-9.69644282377559,0.165,4.739846858879326,0.4998403325959811
30.800000000000168,-2.4663763492289177,1910.8402639451722,559.5641197707241,-0.1745,67.20840155584696,-9.699911931302633,0.165,4.739846858879326,0.4998403325959811
30.90000000000017,-2.465821171023138,1917.5636630778577,558.5939571669682,-0.1745,67.25958109786353,-9.703340143816568,0.165,4.739846858879326,0.4998403325959811
31.00000000000017,-2.46526885555358,1924.2921714062481,557.6234532540351,-0.1745,67.31058546994774,-9.706738114844018,0.165,4.739846858879326,0.4998403325959811
31.100000000000172,-2.464720825013877,1931.025771380069,556.6526106947164,-0.1745,67.36141400647149,-9.710113071530355,0.165,4.739846858879326,0.4998403325959811
31.200000000000173,-2.464178028465955,1937.764445399845,555.6814315455143,-0.1745,67.41206638904687,-9.713469912509575,0.165,4.739846858879326,0.4998403325959811
31.300000000000175,-2.4636410940431106,1944.508175846074,554.7099174521551,-0.1745,67.46254253553008,-9.716811954676034,0.165,4.739846858879326,0.4998403325959811
31.400000000000176,-2.4631104323141075,1951.2569450990766,553.7380697823745,-0.1745,67.5128425245219,-9.72014144093639,0.165,4.739846858879326,0.4998403325959811
31.500000000000178,-2.4625863064519242,1958.0107355525042,552.7658897160624,-0.1745,67.5629665440309,-9.723459885307667,0.165,4.739846858879326,0.4998403325959811
31.60000000000018,-2.4620688798488914,1964.7695296225347,551.7933783064283,-0.1745,67.61291485657806,-9.726768307373028,0.165,4.739846858879326,0.4998403325959811
31.70000000000018,-2.4615582484144665,1971.533309754138,550.8205365214843,-0.1745,67.66268777548443,-9.730067391505202,0.165,4.739846858879326,0.4998403325959811
31.800000000000182,-2.461054462474263,1978.3020584253502,549.8473652721613,-0.1745,67.71228564876228,-9.733357594955233,0.165,4.739846858879326,0.4998403325959811
31.900000000000183,-2.4605575416122676,1985.075758150197,548.8738654313536,-0.1745,67.76170884817387,-9.736639221199264,0.165,4.739846858879326,0.4998403325959811
32.000000000000185,-2.46006748472604,1991.8543914806958,547.9000378468091,-0.1745,67.81095776180098,-9.73991246969019,0.165,4.739846858879326,0.4998403325959811
32.100000000000186,-2.308588579076826,1998.6379410082357,546.9258833498451,-0.1745,67.86003278899872,-9.743177469590957,0.165,4.739846858879326,0.4998403325959811
32.20000000000019,-2.357443867825745,2005.429829178421,545.9770674692073,-0.1495,67.97773061470835,-9.233140143165505,0.495,4.739846858879326,0.4998403325959811
32.30000000000019,-2.3902282012513645,2012.2287700928373,545.0452324566223,-0.1745,68.0010876736174,-9.403560108534355,0.165,4.739846858879326,0.4998403325959811
32.40000000000019,-2.4121694301300147,2019.0304554658394,544.099075613288,-0.1745,68.03261978642506,-9.519576758151157,0.165,4.739846858879326,0.4998403325959811
32.50000000000019,-2.4268002030268168,2025.8355650283631,543.1431543579334,-0.1745,68.0695714640507,-9.598848348941106,0.165,4.739846858879326,0.4998403325959811
32.60000000000019,-2.4365056860044683,2032.6445488424931,542.1805460908388,-0.1745,68.11010481855064,-9.653316992952846,0.165,4.739846858879326,0.4998403325959811
32.700000000000195,-2.442895180277149,2039.457703560361,541.2133276222097,-0.1745,68.15298953880715,-9.691052379629683,0.165,4.739846858879326,0.4998403325959811
32.800000000000196,-2.447053860052099,2046.2752230434805,540.2428998219568,-0.1745,68.19740012358204,-9.717503625427794,0.165,4.739846858879326,0.4998403325959811
32.9000000000002,-2.449713091524402,2053.0972321449813,539.2702072383967,-0.1745,68.24278190642984,-9.736348045775443,0.165,4.739846858879326,0.4998403325959811
33.0000000000002,-2.451365553422234,2059.9238093359627,538.2958865394558,-0.1745,68.28876191319537,-9.750065933042382,0.165,4.739846858879326,0.4998403325959811
33.1000000000002,-2.4529705331813725,2066.755001895133,537.3203667729131,-0.1745,68.33508927021059,-9.760329397810287,0.165,4.739846858879326,0.4998403325959811
33.2000000000002,-2.452824788743758,2073.59411062561,536.3433597703812,-0.1745,68.4470853393331,-9.779810652826738,0.8300000000000001,4.739846858879326,0.4998403325959811
33.3000000000002,-2.452600877026417,2080.441153205896,535.3651769372949,-0.1745,68.49376626639281,-9.783846008900253,0.165,4.739846858879326,0.4998403325959811
33.400000000000205,-2.4523265244137122,2087.292857648204,534.3866053937385,-0.1745,68.54032257976695,-9.787584862228487,0.165,4.739846858879326,0.4998403325959811
33.500000000000206,-2.4520203494191724,2094.149210803532,533.4076700608721,-0.1745,68.58674052678685,-9.791121795098453,0.165,4.739846858879326,0.4998403325959811
33.60000000000021,-2.4516948459671135,2101.010198379826,532.4283879508911,-0.1745,68.63301099909377,-9.794520404522405,0.165,4.739846858879326,0.4998403325959811
33.70000000000021,-2.4519872666332327,2107.875805330492,531.4487707588353,-0.1745,68.67912801422413,-9.797823436592765,0.165,4.739846858879326,0.4998403325959811
33.80000000000021,-2.450976799714475,2114.749290620639,530.468249334059,-0.1745,68.79057778871851,-9.812605058932897,0.8300000000000001,4.739846858879326,0.4998403325959811
33.90000000000021,-2.450188625308173,2121.630643858572,529.4869462328826,-0.1745,68.83648696994442,-9.813456964594462,0.165,4.739846858879326,0.4998403325959811
34.00000000000021,-2.449551290581376,2128.516574213241,528.5055212815729,-0.1745,68.88212012342684,-9.815042061599495,0.165,4.739846858879326,0.4998403325959811
34.100000000000215,-2.4490168967091024,2135.407055938907,527.5239133886876,-0.1745,68.92751438989404,-9.817115796107963,0.165,4.739846858879326,0.4998403325959811
34.200000000000216,-2.448553341485178,2142.302066399955,526.5420818909229,-0.1745,68.97269483106311,-9.819514159185688,0.165,4.739846858879326,0.4998403325959811
34.30000000000022,-2.44813911322498,2149.201585061396,525.5599998231646,-0.1745,69.01767839776257,-9.822127195979991,0.165,4.739846858879326,0.4998403325959811
34.40000000000022,-2.448392743464027,2156.105592811131,524.5776494026013,-0.1745,69.06247659693105,-9.824881215285027,0.165,4.739846858879326,0.4998403325959811
34.50000000000022,-2.4473730762283257,2163.017346009925,523.5944417271585,-0.1745,69.17258737894713,-9.83927229357225,0.8300000000000001,4.739846858879326,0.4998403325959811
34.60000000000022,-2.446596302843353,2169.9368325921537,522.6104862336709,-0.1745,69.21714426562795,-9.839837576178654,0.165,4.739846858879326,0.4998403325959811
34.70000000000022,-2.4459836076886927,2176.860760660554,521.6264337437601,-0.1745,69.26141710238505,-9.841212222037418,0.165,4.739846858879326,0.4998403325959811
34.800000000000225,-2.44548231217285,2183.789103872236,520.6422168856486,-0.1745,69.30544713124975,-9.843124940192956,0.165,4.739846858879326,0.4998403325959811
34.900000000000226,-2.4450572150707224,2190.721839333088,519.6577909223109,-0.1745,69.34926208579719,-9.84539432655996,0.165,4.739846858879326,0.4998403325959811
35.00000000000023,-2.4450007524505506,2197.6589464701574,518.6731262499002,-0.1745,69.39288065558654,-9.84789912165567,0.165,4.739846858879326,0.4998403325959811
35.10000000000023,-2.4443362342875834,2204.6020312190544,517.6879169130066,-0.1745,69.46881432235523,-9.856287616217474,0.495,4.739846858879326,0.4998403325959811
35.20000000000023,-2.443809464474667,2211.5510782993474,516.702208241346,-0.1745,69.51212728350552,-9.85788581699298,0.165,4.739846858879326,0.4998403325959811
35.30000000000023,-2.443376285121962,2218.5044453222586,515.716317272263,-0.1745,69.55521317471634,-9.859933564667033,0.165,4.739846858879326,0.4998403325959811
35.40000000000023,-2.4430072440932027,2225.462110752508,514.7302066814246,-0.1745,69.59809543027124,-9.862278252101934,0.165,4.739846858879326,0.4998403325959811
35.500000000000234,-2.442682700489108,2232.424055015754,513.7438518654608,-0.1745,69.64078983465286,-9.864818067175673,0.165,4.739846858879326,0.4998403325959811
35.600000000000236,-2.4423895570620333,2239.3902598606496,512.7572367067046,-0.1745,69.68330706325322,-9.867485107947116,0.165,4.739846858879326,0.4998403325959811
35.70000000000024,-2.442119079480773,2246.3607079328417,511.77035074615077,-0.1745,69.72565438058524,-9.870234103128753,0.165,4.739846858879326,0.4998403325959811
35.80000000000024,-2.4418654414187424,2253.3353824906144,510.78318729701857,-0.1745,69.76783677487302,-9.87303487951469,0.165,4.739846858879326,0.4998403325959811
35.90000000000024,-2.4416247542058143,2260.3142672151466,509.795742186377,-0.1745,69.80985771577569,-9.875867333316334,0.165,4.739846858879326,0.4998403325959811
36.00000000000024,-2.441394419871154,2267.297346083947,508.80801291600164,-0.1745,69.85171966023135,-9.878718074191177,0.165,4.739846858879326,0.4998403325959811
36.10000000000024,-2.4411726999414523,2274.28460328646,507.81999810297623,-0.1745,69.89342439002563,-9.881578186316762,0.165,4.739846858879326,0.4998403325959811
36.200000000000244,-2.4409584281360956,2281.2760231678103,506.8316971069007,-0.1745,69.93497323698256,-9.884441735193507,0.165,4.739846858879326,0.4998403325959811
36.300000000000246,-2.4407508190019005,2288.271590191316,505.8431097815349,-0.1745,69.97636723313519,-9.887304772123125,0.165,4.739846858879326,0.4998403325959811
36.40000000000025,-2.4405493404919025,2295.2712889135146,504.8542363093933,-0.1745,70.01760721083265,-9.890164670709115,0.165,4.739846858879326,0.4998403325959811
36.50000000000025,-2.4403536291490227,2302.2751039675286,503.86507709161833,-0.1745,70.0586938694498,-9.893019684790467,0.165,4.739846858879326,0.4998403325959811
36.60000000000025,-2.440163433667312,2309.2830200519925,502.87563267467857,-0.1745,70.09962781982529,-9.895868654005168,0.165,4.739846858879326,0.4998403325959811
36.70000000000025,-2.4399785773482696,2316.2950219236764,501.885903701591,-0.1745,70.14040961385233,-9.898710807746017,0.165,4.739846858879326,0.4998403325959811
36.80000000000025,-2.439798933134247,2323.3110943925776,500.89589087947013,-0.1745,70.18103976417503,-9.901545634671203,0.165,4.739846858879326,0.4998403325959811
36.900000000000254,-2.439624407010768,2330.331222318651,499.9055949579427,-0.1745,70.22151875729314,-9.904372795876935,0.165,4.739846858879326,0.4998403325959811
37.000000000000256,-2.4394549269757935,2337.3553906096295,498.9150167147918,-0.1745,70.26184706227707,-9.90719206714115,0.165,4.739846858879326,0.4998403325959811
37.10000000000026,-2.4392904357108987,2344.3835842195713,497.9241569464089,-0.1745,70.30202513656035,-9.910003300516951,0.165,4.739846858879326,0.4998403325959811
37.20000000000026,-2.4391308857133307,2351.4157881478886,496.933016461443,-0.1745,70.34205342978711,-9.912806398801076,0.165,4.739846858879326,0.4998403325959811
37.30000000000026,-2.438976236063453,2358.451987438696,495.9415960765746,-0.1745,70.38193238636573,-9.91560129856638,0.165,4.739846858879326,0.4998403325959811
37.40000000000026,-2.4388264502786443,2365.4921671803722,494.94989661370187,-0.1745,70.42166244716171,-9.918387958888996,0.165,4.739846858879326,0.4998403325959811
37.50000000000026,-2.4386814948887334,2372.5363125052613,493.95791889806435,-0.1745,70.46124405061852,-9.921166353860967,0.165,4.739846858879326,0.4998403325959811
37.600000000000264,-2.438541338490477,2379.5844085894673,492.9656637569904,-0.1745,70.50067763349817,-9.92393646761836,0.165,4.739846858879326,0.4998403325959811
37.700000000000266,-2.4384059511199863,2386.636440652711,491.97313201905746,-0.1745,70.53996363136916,-9.926698291040504,0.165,4.739846858879326,0.4998403325959811
37.80000000000027,-2.4382753038361153,2393.6923939582257,490.9803245135275,-0.1745,70.57910247892666,-9.929451819558977,0.165,4.739846858879326,0.4998403325959811
37.90000000000027,-2.4381493684437743,2400.7522538126823,489.98724206996434,-0.1745,70.61809461020137,-9.93219705170336,0.165,4.739846858879326,0.4998403325959811
38.00000000000027,-2.4380281173100418,2407.816005566127,488.9938855179724,-0.1745,70.65694045869445,-9.934933988135962,0.165,4.739846858879326,0.4998403325959811
38.10000000000027,-2.4379115232417825,2414.8836346119347,488.00025568701506,-0.1745,70.69564045746353,-9.937662631010978,0.165,4.739846858879326,0.4998403325959811
38.20000000000027,-2.437799559404039,2421.9551263867666,487.0063534062871,-0.1745,70.73419503917617,-9.940382983548835,0.165,4.739846858879326,0.4998403325959811
38.300000000000274,-2.4376921992654306,2429.0304663705324,486.012179504622,-0.1745,70.77260463614193,-9.943095049753213,0.165,4.739846858879326,0.4998403325959811
38.400000000000276,-2.437589416561451,2436.109640086356,485.0177348104232,-0.1745,70.81086968033014,-9.94579883422265,0.165,4.739846858879326,0.4998403325959811
38.50000000000028,-2.437491185269613,2443.1926331005416,484.0230201516108,-0.1745,70.84899060337837,-9.948494342024848,0.165,4.739846858879326,0.4998403325959811
38.60000000000028,-2.437397479592451,2450.2794310225404,483.02803635557893,-0.1745,70.88696783659465,-9.951181578612486,0.165,4.739846858879326,0.4998403325959811
38.70000000000028,-2.4373082739457184,2457.3700195049178,482.03278424916,-0.1745,70.92480181095573,-9.953860549766567,0.165,4.739846858879326,0.4998403325959811
38.80000000000028,-2.4372235429500275,2464.4643842433206,481.03726465859376,-0.1745,70.96249295710257,-9.956531261557977,0.165,4.739846858879326,0.4998403325959811
38.90000000000028,-2.4371432614247768,2471.5625109764424,480.0414784094998,-0.1745,71.00004170533425,-9.959193720321103,0.165,4.739846858879326,0.4998403325959811
39.000000000000284,-2.4370674043835923,2478.664385485989,479.04542632685195,-0.1745,71.03744848560068,-9.961847932635466,0.165,4.739846858879326,0.4998403325959811
39.100000000000286,-2.436995947030773,2485.769993596644,478.0491092349545,-0.1745,71.07471372749463,-9.964493905312624,0.165,4.739846858879326,0.4998403325959811
39.20000000000029,-2.436928864758406,2492.8793211760308,477.05252795741956,-0.1745,71.11183786024341,-9.967131645386608,0.165,4.739846858879326,0.4998403325959811
39.30000000000029,-2.277748373045681,2499.992354134678,476.0556833171449,-0.1745,71.14882131270028,-9.969761160106668,0.165,4.739846858879326,0.4998403325959811
39.40000000000029,-2.332079457957483,2507.1145644490957,475.0866897735178,-0.1495,71.29538497565595,-9.410109712435602,0.8300000000000001,4.739846858879326,0.4998403325959811
39.50000000000029,-2.3677862874055933,2514.2444389767247,474.1358869743075,-0.1745,71.30210557692547,-9.605946271770181,0.165,4.739846858879326,0.4998403325959811
39.60000000000029,-2.2316376335309753,2521.375495291802,473.1688067402677,-0.1745,71.31902072461978,-9.735658409024879,0.165,4.739846858879326,0.4998403325959811
39.700000000000294,-1.9822673683275749,2528.5125818766046,472.2193833912897,-0.1495,71.42271097143407,-9.252808570535839,0.495,4.739846858879326,0.4998403325959811
39.800000000000296,-2.138286766103835,2535.6599331899574,471.33881236335594,-0.1245,71.52431529561977,-8.358611988139451,0.495,4.739846858879326,0.4998403325959811
39.9000000000003,-1.5243185412315774,2542.809759995449,470.47506905996175,-0.1745,71.47222081421555,-8.916254079743819,0.165,4.739846858879326,0.4998403325959811
40.0000000000003,-1.8377994871290948,2549.957987234968,469.6944573698219,-0.06225,71.49232397616797,-6.695979723052991,0.8300000000000001,4.739846858879326,0.4998403325959811
40.1000000000003,-2.0446390761921625,2557.0998417977785,468.96913884994814,-0.1745,71.3447672800405,-7.810390674422967,0.165,4.739846858879326,0.4998403325959811
40.2000000000003,-2.180987945173587,2564.2302634486314,468.15130004335026,-0.1745,71.26366573701758,-8.54638545753481,0.165,4.739846858879326,0.4998403325959811
40.3000000000003,-2.2707919646442893,2571.3546632924786,467.2723494490305,-0.1745,71.22433113992639,-9.032626428859727,0.165,4.739846858879326,0.4998403325959811
40.400000000000304,-2.3298949508032365,2578.4764616208226,466.35301878544146,-0.1745,71.211635426958,-9.353986842921225,0.165,4.739846858879326,0.4998403325959811
40.500000000000306,-2.2097074682047797,2585.597847672627,465.4069918069585,-0.1745,71.21608560912286,-9.566552726737733,0.165,4.739846858879326,0.4998403325959811
40.60000000000031,-2.2895831136030163,2592.7259890397886,464.4713740092498,-0.1495,71.34674173411248,-9.14580322743622,0.8300000000000001,4.739846858879326,0.4998403325959811
40.70000000000031,-2.3420947832051464,2599.8602784783857,463.5424631208858,-0.1745,71.33904703783236,-9.432414539843293,0.165,4.739846858879326,0.4998403325959811
40.80000000000031,-2.376595544972218,2606.9945601396516,462.58974906806094,-0.1745,71.34658618748267,-9.621866516654176,0.165,4.739846858879326,0.4998403325959811
40.90000000000031,-2.3992501206309833,2614.1300884468046,461.62128930340236,-0.1745,71.36397995557557,-9.747328776517522,0.165,4.739846858879326,0.4998403325959811
41.00000000000031,-2.4141180249639698,2621.2676752666066,460.64238921803843,-0.1745,71.38775644046194,-9.830672930761105,0.165,4.739846858879326,0.4998403325959811
41.100000000000314,-2.4238705203733,2628.4078461163995,459.656540107705,-0.1745,71.41566055539201,-9.88630927590773,0.165,4.739846858879326,0.4998403325959811
41.200000000000315,-2.43026432350278,2635.5509402218436,458.6660383696774,-0.1745,71.44622155348674,-9.923725484644304,0.165,4.739846858879326,0.4998403325959811
41.30000000000032,-2.4344541448116175,2642.6971751865567,457.6723938707055,-0.1745,71.47847774077651,-9.949164494793068,0.165,4.739846858879326,0.4998403325959811
41.40000000000032,-2.4371986677581283,2649.846689038394,456.67659903914847,-0.1745,71.51179929596188,-9.966732136347236,0.165,4.739846858879326,0.4998403325959811
41.50000000000032,-2.4389961847398673,2656.99956767244,455.6793060547709,-0.1745,71.545773384966,-9.979127551203883,0.165,4.739846858879326,0.4998403325959811
41.60000000000032,-2.440173853295888,2664.1558628068597,454.6809434542866,-0.1745,71.58012930342352,-9.98812445848202,0.165,4.739846858879326,0.4998403325959811
41.70000000000032,-2.44094640028129,2671.315603749354,453.6817928293986,-0.1745,71.61468954646436,-9.994888039277443,0.165,4.739846858879326,0.4998403325959811
41.800000000000324,-2.4414547144468774,2678.478805114768,452.6820392539029,-0.1745,71.6493377618118,-10.000183470637303,0.165,4.739846858879326,0.4998403325959811
41.900000000000325,-2.4417912075333885,2685.6454718896066,451.6818044257453,-0.1745,71.6839977349604,-10.0045130925135,0.165,4.739846858879326,0.4998403325959811
42.00000000000033,-2.2811189063344433,2692.8156027562995,450.6811684413599,-0.1745,71.7186195988977,-10.008206595195135,0.165,4.739846858879326,0.4998403325959811
42.10000000000033,-2.337095184037075,2699.9914614156223,449.7092739725962,-0.1495,71.79855358756197,-9.42968278007951,0.165,4.739846858879326,0.4998403325959811
42.20000000000033,-2.3737639684955334,2707.171498797072,448.7561687487097,-0.1745,71.8021940414335,-9.632421697650694,0.165,4.739846858879326,0.4998403325959811
42.30000000000033,-2.3977775872461757,2714.3524345455207,447.78624128847645,-0.1745,71.81652092753309,-9.766127507013895,0.165,4.739846858879326,0.4998403325959811
42.40000000000033,-2.413501433392403,2721.5351479265432,446.8052071649115,-0.1745,71.83774669291626,-9.854554964285354,0.165,4.739846858879326,0.4998403325959811
42.500000000000334,-2.4237980471244827,2728.7202063577056,445.81681441641166,-0.1745,71.86342193033425,-9.913300005711651,0.165,4.739846858879326,0.4998403325959811
42.600000000000335,-2.4305433813514803,2735.9079752348216,444.82351967533896,-0.1745,71.8919556119834,-9.95259481574184,0.165,4.739846858879326,0.4998403325959811
42.70000000000034,-2.434966232563331,2743.098688584724,443.8269325061284,-0.1745,71.92231138606388,-9.979148568469814,0.165,4.739846858879326,0.4998403325959811
42.80000000000034,-2.438201041156822,2750.2924948065274,442.8281071654492,-0.1745,71.95381304999721,-9.997358245114372,0.165,4.739846858879326,0.4998403325959811
42.90000000000034,-2.4397950202080545,2757.491111349628,441.82744757379766,-0.1745,72.01851781202073,-10.015833587915715,0.495,4.739846858879326,0.4998403325959811
43.00000000000034,-2.4408539320562723,2764.6945966895823,440.82546405510203,-0.1745,72.05118898706597,-10.023836785996867,0.165,4.739846858879326,0.4998403325959811
43.10000000000034,-2.4415645201974243,2771.9013574652427,439.8227773432513,-0.1745,72.08402652613735,-10.029897451017762,0.165,4.739846858879326,0.4998403325959811
43.200000000000344,-1.7171020164222512,2779.1114052112544,438.8195481951932,-0.1745,72.1169283940968,-10.034685510144511,0.165,4.739846858879326,0.4998403325959811
43.300000000000345,-1.9700023742216797,2786.3237005500387,437.948653159135,-0.06225,72.12897838158602,-7.383215211019189,0.8300000000000001,4.739846858879326,0.4998403325959811
43.40000000000035,-2.1358898020426063,2793.5309045925774,437.16493348413337,-0.1745,72.0151024691918,-8.291178289013638,0.165,4.739846858879326,0.4998403325959811
43.50000000000035,-2.2446168944244524,2800.729388154866,436.3059981816314,-0.1745,71.95456877657723,-8.887527761025018,0.165,4.739846858879326,0.4998403325959811
43.60000000000035,-2.3162219496760414,2807.92349961393,435.3976554904109,-0.1745,71.92766040470417,-9.279326063385021,0.165,4.739846858879326,0.4998403325959811
43.70000000000035,-2.3625284567450318,2815.1176175100754,434.4565587452591,-0.1745,71.95469751820973,-9.542608839650688,0.495,4.739846858879326,0.4998403325959811
43.80000000000035,-2.3928290168388653,2822.31350486283,433.49387704968814,-0.1745,71.96304953688079,-9.711025071768114,0.165,4.739846858879326,0.4998403325959811
43.900000000000354,-2.4126541293850905,2829.5106686819604,432.51722223902755,-0.1745,71.98022684572793,-9.822071141443626,0.165,4.739846858879326,0.4998403325959811
44.000000000000355,-2.4256272898865614,2836.709834765804,431.53134149305345,-0.1745,72.00309483114192,-9.895543778037865,0.165,4.739846858879326,0.4998403325959811
44.10000000000036,-2.4341209812458184,2843.911470722562,430.5393433058596,-0.1745,72.029624304027,-9.94441996583998,0.165,4.739846858879326,0.4998403325959811
44.20000000000036,-2.4396877530140824,2851.1158767836723,429.54326226775277,-0.1745,72.05849691817355,-9.977200796296076,0.165,4.739846858879326,0.4998403325959811
44.30000000000036,-2.4433431369364165,2858.323244340692,428.54442961545686,-0.1745,72.08885422221539,-9.999452249621836,0.165,4.739846858879326,0.4998403325959811
44.40000000000036,-1.7207846958571416,2865.533693875783,427.54371615681214,-0.1745,72.12013647960148,-10.01481692327212,0.165,4.739846858879326,0.4998403325959811
44.50000000000036,-1.4134335124064736,2872.7463179078586,426.6744579177146,-0.06225,72.13234416191636,-7.3703478586787,0.8300000000000001,4.739846858879326,0.4998403325959811
44.600000000000364,-1.773563846443928,2879.9615137468304,425.9932495980097,-0.08725,72.17157261752222,-6.253818535420205,0.495,4.739846858879326,0.4998403325959811
44.700000000000365,-2.0101655189733956,2887.1695523862627,425.303325981825,-0.1745,71.98920017112495,-7.544653788273198,0.165,4.739846858879326,0.4998403325959811
44.80000000000037,-2.0048384068711127,2894.3633243665613,424.5064489154536,-0.1745,71.88623943484465,-8.39288753915628,0.165,4.739846858879326,0.4998403325959811
44.90000000000037,-2.1630620421199325,2901.552608906037,423.6681514601355,-0.1495,71.89945135467393,-8.37306156720568,0.165,4.739846858879326,0.4998403325959811
45.00000000000037,-2.2655886443334388,2908.743086724979,422.80202749934256,-0.1745,71.91010502416525,-8.949417648653,0.8300000000000001,4.739846858879326,0.4998403325959811
45.10000000000037,-2.3327596838310036,2915.9329403367155,421.8886148322566,-0.1745,71.8869672105632,-9.318835693065488,0.165,4.739846858879326,0.4998403325959811
45.20000000000037,-2.3767472492051516,2923.1214869192263,420.9445839157255,-0.1745,71.8839644396563,-9.561782637557268,0.165,4.739846858879326,0.4998403325959811
45.300000000000374,-2.405544699701065,2930.310380482309,419.9804067871864,-0.1745,71.89390682199546,-9.721759933224842,0.165,4.739846858879326,0.4998403325959811
45.400000000000375,-2.424395888164187,2937.5006856991276,419.0029517543002,-0.1745,71.91219751437811,-9.82734072449799,0.165,4.739846858879326,0.4998403325959811
45.50000000000038,-2.436738120279944,2944.6930892434543,418.0167208218031,-0.1745,71.9358733721587,-9.897277925443692,0.165,4.739846858879326,0.4998403325959811
45.60000000000038,-2.4448230640099835,2951.8880336182456,417.024663415763,-0.1745,71.96301412366908,-9.943870195359297,0.165,4.739846858879326,0.4998403325959811
45.70000000000038,-2.450124938126445,2959.08580287836,416.0287109950673,-0.1745,71.9923710786165,-9.975178218553891,0.165,4.739846858879326,0.4998403325959811
45.80000000000038,-1.7297610763172528,2966.2865779587573,415.03012797104,-0.1745,72.02313052932784,-9.9964822619925,0.165,4.739846858879326,0.4998403325959811
45.90000000000038,-1.9838651886870082,2973.48951284034,414.1621233114849,-0.06225,72.03556710232773,-7.363610929109242,0.8300000000000001,4.739846858879326,0.4998403325959811
46.000000000000384,-2.1506661094002064,2980.6873683367025,413.3802069931686,-0.1745,71.9215428249232,-8.274715437216715,0.165,4.739846858879326,0.4998403325959811
46.100000000000385,-2.2600725035844342,2987.8764947061163,412.5227923237062,-0.1745,71.86098456335216,-8.87357795203104,0.165,4.739846858879326,0.4998403325959811
46.20000000000039,-2.331786757093931,2995.0612513482656,411.6157472909925,-0.1745,71.83414827963372,-9.267322702243385,0.165,4.739846858879326,0.4998403325959811
46.30000000000039,-2.3787714893869967,3002.2444004134873,410.676063697774,-0.1745,71.82883302479907,-9.526349162126442,0.165,4.739846858879326,0.4998403325959811
46.40000000000039,-2.4095444066247227,3009.4277095277484,409.71489882844804,-0.1745,71.83734926042773,-9.69694822439227,0.165,4.739846858879326,0.4998403325959811
46.50000000000039,-2.4296965637160803,3016.6123163118205,408.7395743113953,-0.1745,71.8547864210124,-9.80954211666238,0.165,4.739846858879326,0.4998403325959811
46.60000000000039,-2.4428948473683554,3023.7989546886015,407.7548917812846,-0.1745,71.87798111460572,-9.884108485551724,0.165,4.739846858879326,0.4998403325959811
46.700000000000394,-2.4515425630901118,3030.988097935752,406.7639985418672,-0.1745,71.90488382840681,-9.933756302795885,0.165,4.739846858879326,0.4998403325959811
46.800000000000395,-2.457213997993373,3038.180050219399,405.768956635286,-0.1745,71.93416184453574,-9.967081828828778,0.165,4.739846858879326,0.4998403325959811
46.9000000000004,-2.460939921599937,3045.3750056397444,404.7711165931558,-0.1745,71.96494656236689,-9.989719013775213,0.165,4.739846858879326,0.4998403325959811
47.0000000000004,-2.4633949684247765,3052.5730865227565,403.7713627115527,-0.1745,71.99667109787384,-10.005358618286579,0.165,4.739846858879326,0.4998403325959811
47.1000000000004,-2.4650205285396183,3059.774368338187,402.77027390719354,-0.1745,72.02896521072981,-10.016417468895959,0.165,4.739846858879326,0.4998403325959811
47.2000000000004,-2.466105293976804,3066.978895950072,401.7682291528084,-0.1745,72.061587026977,-10.024477618807873,0.165,4.739846858879326,0.4998403325959811
47.3000000000004,-2.466838025527659,3074.186694228834,400.76547655467175,-0.1745,72.09437854825681,-10.030574343924393,0.165,4.739846858879326,0.4998403325959811
47.400000000000404,-2.467342106492342,3081.3977749867604,399.76217859191684,-0.1745,72.12723661027768,-10.035384911174436,0.165,4.739846858879326,0.4998403325959811
47.500000000000405,-2.4676981615812177,3088.6121415125685,398.75844173363043,-0.1745,72.16009390588297,-10.039352254553767,0.165,4.739846858879326,0.4998403325959811
47.600000000000406,-2.467958858370022,3095.8297915367293,397.75433582220063,-0.1745,72.1929065773338,-10.04276597404195,0.165,4.739846858879326,0.4998403325959811
47.70000000000041,-2.468158590161484,3103.0507191706624,396.74990675519234,-0.1745,72.22564610132966,-10.045815366123827,0.165,4.739846858879326,0.4998403325959811
47.80000000000041,-2.4683198084973696,3110.2749161747815,395.7451847802699,-0.1745,72.25829398104891,-10.04862413232551,0.165,4.739846858879326,0.4998403325959811
47.90000000000041,-2.4684571634008328,3117.5023727875505,394.7401899191917,-0.1745,72.29083827433124,-10.051273089238029,0.165,4.739846858879326,0.4998403325959811
48.00000000000041,-2.4685802095521225,3124.733078267421,393.73493551355057,-0.1745,72.32327132308546,-10.053815023584944,0.165,4.739846858879326,0.4998403325959811
48.10000000000041,-2.4686951746410752,3131.967021247003,392.72943054204603,-0.1745,72.35558826854813,-10.05628440650565,0.165,4.739846858879326,0.4998403325959811
48.200000000000415,-2.468806114590103,3139.20418996446,391.72368113450307,-0.1745,72.38778608060169,-10.058703744353334,0.165,4.739846858879326,0.4998403325959811
48.300000000000416,-2.4689156680347906,3146.444572414656,390.71769156081206,-0.1745,72.41986292330965,-10.06108772946704,0.165,4.739846858879326,0.4998403325959811
48.40000000000042,-2.4690255489488777,3153.6881564478367,389.71146487672263,-0.1745,72.45181774030927,-10.063445952321908,0.165,4.739846858879326,0.4998403325959811
48.50000000000042,-2.469136868211327,3160.9349298340494,388.70500334544636,-0.1745,72.4836499839412,-10.065784673203112,0.165,4.739846858879326,0.4998403325959811
48.60000000000042,-2.4692503434587545,3168.184880305163,387.69830871282505,-0.1745,72.51535943832877,-10.068107979222956,0.165,4.739846858879326,0.4998403325959811
48.70000000000042,-2.4693664359982517,3175.437995582272,386.6913823868774,-0.1745,72.54694610384942,-10.070418539730085,0.165,4.739846858879326,0.4998403325959811
48.80000000000042,-2.4694854401096085,3182.69426339355,385.68422555492174,-0.1745,72.57841012171379,-10.072718099383115,0.165,4.739846858879326,0.4998403325959811
48.900000000000425,-2.46960754127822,3189.9536714858727,384.67683925995715,-0.1745,72.60975172474026,-10.075007799908168,0.165,4.739846858879326,0.4998403325959811
49.000000000000426,-2.4697328541582877,3197.2162076323716,383.6692244504613,-0.1745,72.64097120523441,-10.077288390008972,0.165,4.739846858879326,0.4998403325959811
49.10000000000043,-2.4698614473154,3204.481859637335,382.6613820128471,-0.1745,72.67206889403435,-10.079560362273984,0.165,4.739846858879326,0.4998403325959811
49.20000000000043,-2.4699933593483565,3211.7506153393792,381.6533127926111,-0.1745,72.70304514684352,-10.081824042446613,0.165,4.739846858879326,0.4998403325959811
49.30000000000043,-2.4701286093910992,3219.0224626134873,380.6450176081078,-0.1745,72.73390033531803,-10.08407964761882,0.165,4.739846858879326,0.4998403325959811
49.40000000000043,-2.4702672039519538,3226.297389372316,379.63649725951905,-0.1745,72.76463484125561,-10.086327324156635,0.165,4.739846858879326,0.4998403325959811
49.50000000000043,-2.4704091413663636,3233.5753835670193,378.6277525346907,-0.1745,72.79524905280722,-10.088567172410233,0.165,4.739846858879326,0.4998403325959811
49.600000000000435,-2.470554414695034,3240.85643318776,377.61878421292977,-0.1745,72.82574336200722,-10.090799262809366,0.165,4.739846858879326,0.4998403325959811
49.700000000000436,-2.4707030136096595,3248.1405262640187,376.6095930674721,-0.1745,72.85611816316315,-10.093023646344617,0.165,4.739846858879326,0.4998403325959811
49.80000000000044,-2.470854925619493,3255.427650864767,375.60017986708533,-0.1745,72.88637385180566,-10.095240361390848,0.165,4.739846858879326,0.4998403325959811
49.90000000000044,-2.471010136868846,3262.717795098558,374.5905453771084,-0.1745,72.91651082400335,-10.097449438148049,0.165,4.739846858879326,0.4998403325959811
50.00000000000044,-2.471499609479872,3270.010947113554,373.5806903601245,-0.1745,72.94652947591531,-10.099650901530627,0.165,4.739846858879326,0.4998403325959811
50.10000000000044,-2.471345113117444,3277.30872003975,372.57032911040386,-0.1745,73.00892904800445,-10.107574092881764,0.495,4.739846858879326,0.4998403325959811
50.20000000000044,-2.4713062775447487,3284.6111045454827,371.55952098696156,-0.1745,73.0387610666526,-10.108588375964842,0.165,4.739846858879326,0.4998403325959811
50.300000000000445,-2.4713435521058114,3291.916463278197,370.5485913511505,-0.1745,73.06841358763562,-10.110004340256278,0.165,4.739846858879326,0.4998403325959811
50.400000000000446,-2.471431277991506,3299.224779410823,369.53750722382017,-0.1745,73.09790906488344,-10.111678206349772,0.165,4.739846858879326,0.4998403325959811
50.50000000000045,-2.4715528107864304,3306.536037974525,368.5262474793317,-0.1745,73.12726220915414,-10.113516683419887,0.165,4.739846858879326,0.4998403325959811
50.60000000000045,-2.471697354160384,3313.850225220129,367.5147986823589,-0.1745,73.15648270292505,-10.115459256035958,0.165,4.739846858879326,0.4998403325959811
50.70000000000045,-2.4718579048599483,3321.1673282034862,366.50315238553435,-0.1745,73.1855769642284,-10.117466680455102,0.165,4.739846858879326,0.4998403325959811
50.80000000000045,-2.4720299192688207,3328.487334516309,365.49130337574445,-0.1745,73.21454929223324,-10.119513515342407,0.165,4.739846858879326,0.4998403325959811
50.90000000000045,-2.472210448375925,3335.8102321114743,364.47924853632,-0.1745,73.24340261106659,-10.121583273147602,0.165,4.739846858879326,0.4998403325959811
51.000000000000455,-2.4723975767407316,3343.13600918966,363.4669861089927,-0.1745,73.2721389526419,-10.123665273396876,0.165,4.739846858879326,0.4998403325959811
51.100000000000456,-2.4725900587070306,3350.4646541257916,362.4545152152734,-0.1745,73.30075976999096,-10.12575260098967,0.165,4.739846858879326,0.4998403325959811
51.20000000000046,-2.4727870825713594,3357.796155421319,361.4418355461351,-0.1745,73.32926614054936,-10.127840781775095,0.165,4.739846858879326,0.4998403325959811
51.30000000000046,-2.4729881177359307,3365.130501673247,360.42894716086545,-0.1745,73.35765889801279,-10.12992692361848,0.165,4.739846858879326,0.4998403325959811
51.40000000000046,-2.4731928156682614,3372.4676815540397,359.41585035671034,-0.1745,73.38593871784141,-10.132009159484069,0.165,4.739846858879326,0.4998403325959811
51.50000000000046,-2.473400945740662,3379.8076837985664,358.40254558441495,-0.1745,73.4141061726931,-10.134086286423658,0.165,4.739846858879326,0.4998403325959811
51.60000000000046,-2.4739449240021014,3387.1504971956188,357.38903339351316,-0.1745,73.44216176835225,-10.13615753161191,0.165,4.739846858879326,0.4998403325959811
51.700000000000465,-2.4738448808911144,3394.4977355246124,356.3750279309032,-0.1745,73.50260481151727,-10.143951720588335,0.495,4.739846858879326,0.4998403325959811
51.800000000000466,-2.4738605253594925,3401.8493900788762,355.3605885371575,-0.1745,73.5304862737591,-10.144836154324599,0.165,4.739846858879326,0.4998403325959811
51.90000000000047,-2.4739519248489286,3409.2038241011223,354.34604041069775,-0.1745,73.55819417116247,-10.146126374870837,0.165,4.739846858879326,0.4998403325959811
52.00000000000047,-2.474093274385015,3416.561021377727,353.3313502812603,-0.1745,73.58575136092914,-10.147676213878118,0.165,4.739846858879326,0.4998403325959811
52.10000000000047,-2.474267900334514,3423.920967583436,352.31649691040144,-0.1745,73.61317275325304,-10.149391203298842,0.165,4.739846858879326,0.4998403325959811
52.20000000000047,-2.474465029825971,3431.2836496270065,351.30146683502556,-0.1745,73.64046811816375,-10.151210304218587,0.165,4.739846858879326,0.4998403325959811
52.30000000000047,-2.4753489348735602,3438.6490552280047,350.28625161540873,-0.1745,73.66764390179844,-10.153094088118417,0.165,4.739846858879326,0.4998403325959811
52.400000000000475,-2.4749402157048355,3446.0204471479487,349.27026878394776,-0.1745,73.76019449708068,-10.166562541101461,0.8300000000000001,4.739846858879326,0.4998403325959811
52.500000000000476,-2.4747667591717373,3453.3978188384617,348.2536336218187,-0.1745,73.78723931318234,-10.166140701479645,0.165,4.739846858879326,0.4998403325959811
52.60000000000048,-2.474745932192483,3460.777883107774,347.23699826217523,-0.1745,73.81404607305986,-10.166566491390457,0.165,4.739846858879326,0.4998403325959811
52.70000000000048,-2.474824451400593,3468.1606185052788,346.2202931231311,-0.1745,73.84066187704026,-10.167536289491927,0.165,4.739846858879326,0.4998403325959811
52.80000000000048,-2.474967964134027,3475.5460074613834,345.20347359531974,-0.1745,73.86711724504812,-10.16885426673602,0.165,4.739846858879326,0.4998403325959811
52.90000000000048,-2.4751543256489037,3482.934034923332,344.1865111746811,-0.1745,73.89343199393008,-10.170394146036903,0.165,4.739846858879326,0.4998403325959811
53.00000000000048,-2.475369262156014,3490.3246874747015,343.16938774143466,-0.1745,73.919619033454,-10.172074518891092,0.165,4.739846858879326,0.4998403325959811
53.100000000000485,-2.475603573555361,3497.71795276723,342.15209186969446,-0.1745,73.94568681712342,-10.173842915912992,0.165,4.739846858879326,0.4998403325959811
53.200000000000486,-2.309248820613514,3505.1138191542864,341.13461644745735,-0.1745,73.97164092399775,-10.175665528828812,0.165,4.739846858879326,0.4998403325959811
53.30000000000049,-2.3699202295079376,3512.5148237754975,340.14799205336834,-0.1495,74.04845150022712,-9.556822352951247,0.165,4.739846858879326,0.4998403325959811
53.40000000000049,-2.4083110165491455,3519.922514402992,339.18063522344613,-0.1745,74.10536104965993,-9.790314245493153,0.8300000000000001,4.739846858879326,0.4998403325959811
53.50000000000049,-2.4325536826403926,3527.3348656753456,338.1942495377907,-0.1745,74.141664397414,-9.937399467615528,0.495,4.739846858879326,0.4998403325959811
53.60000000000049,-2.448237293601299,3534.7496095084243,337.19598585359006,-0.1745,74.15321226416343,-10.027874216396963,0.165,4.739846858879326,0.4998403325959811
53.70000000000049,-2.4584181701328793,3542.165749682939,336.19025657749745,-0.1745,74.16959122613065,-10.086711305455164,0.165,4.739846858879326,0.4998403325959811
53.800000000000495,-2.465062755408083,3549.5836807322044,335.17966126710996,-0.1745,74.18902975917548,-10.125194902294515,0.165,4.739846858879326,0.4998403325959811
53.900000000000496,-2.469435744065243,3557.0036519695,334.16587212504083,-0.1745,74.21039498673376,-10.150587939088366,0.165,4.739846858879326,0.4998403325959811
54.0000000000005,-2.472350233840898,3564.4258197751715,333.14996456783456,-0.1745,74.23296112669755,-10.167563205036824,0.165,4.739846858879326,0.4998403325959811
54.1000000000005,-2.4743288292592807,3571.8502809674596,332.1326301061859,-0.1745,74.2562627190638,-10.179126027936228,0.165,4.739846858879326,0.4998403325959811
54.2000000000005,-2.475707337633532,3579.2770941584963,331.11431336817407,-0.1745,74.28000110166558,-10.187208732300647,0.165,4.739846858879326,0.4998403325959811
54.3000000000005,-2.476701484642521,3586.7062934443456,330.0953002608177,-0.1745,74.3039846153184,-10.193053414827252,0.165,4.739846858879326,0.4998403325959811
54.4000000000005,-2.4774498222555583,3594.1378971897743,329.0757746748123,-0.1745,74.32809029325888,-10.197458305279923,0.165,4.739846858879326,0.4998403325959811
54.500000000000504,-2.478041316513811,3601.5719136686316,328.0558549460193,-0.1745,74.35223928388713,-10.2009362705809,0.165,4.739846858879326,0.4998403325959811
54.600000000000506,-2.4785330804715238,3609.0083446864164,327.03561729439417,-0.1745,74.37638107181128,-10.203816761921482,0.165,4.739846858879326,0.4998403325959811
54.70000000000051,-2.4789617698646067,3616.447187907172,326.0151108879177,-0.1745,74.40048334330288,-10.20631136760854,0.165,4.739846858879326,0.4998403325959811
54.80000000000051,-2.4793509046205253,3623.8884383481263,324.99436752185125,-0.1745,74.42452547577848,-10.208555953719452,0.165,4.739846858879326,0.4998403325959811
54.90000000000051,-2.4797155717803276,3631.332089339673,323.97340783676486,-0.1745,74.4484943551577,-10.210637748008503,0.165,4.739846858879326,0.4998403325959811
55.00000000000051,-2.480065445757587,3638.7781331418732,322.95224531221453,-0.1745,74.47238168884839,-10.21261274299827,0.165,4.739846858879326,0.4998403325959811
55.10000000000051,-2.4807423611521684,3646.2265613403015,321.9308888312554,-0.1745,74.49618227971568,-10.214516876184645,0.165,4.739846858879326,0.4998403325959811
55.200000000000514,-2.4807677721627144,3653.6789900423873,320.90905786090366,-0.1745,74.5523917620006,-10.222102530849694,0.495,4.739846858879326,0.4998403325959811
55.300000000000516,-2.480904090807987,3661.1354125052994,319.88681531881497,-0.1745,74.57605749624409,-10.222748310924127,0.165,4.739846858879326,0.4998403325959811
55.40000000000052,-2.481112320988792,3668.594193670685,318.8644883708415,-0.1745,74.59956581146956,-10.223790648545158,0.165,4.739846858879326,0.4998403325959811
55.50000000000052,-2.481367473605594,3676.0553189324582,317.84204460199004,-0.1745,74.62293942400012,-10.225084728484433,0.165,4.739846858879326,0.4998403325959811
55.60000000000052,-2.4816535370138855,3683.5187755545912,316.8194634784339,-0.1745,74.64619301865613,-10.226537742639424,0.165,4.739846858879326,0.4998403325959811
55.70000000000052,-2.481960252401973,3690.9845520119984,315.7967320799893,-0.1745,74.66933612948426,-10.228090226252254,0.165,4.739846858879326,0.4998403325959811
55.80000000000052,-2.482281046748635,3698.452637567867,314.7738423642756,-0.1745,74.69237498788986,-10.2297040880214,0.165,4.739846858879326,0.4998403325959811
55.900000000000524,-2.4826117080563055,3705.923022002661,313.75078941313905,-0.1745,74.71531370799303,-10.231354934710025,0.165,4.739846858879326,0.4998403325959811
56.000000000000526,-2.482949536466567,3713.3956954403966,312.72757030888306,-0.1745,74.73815504671201,-10.233027150410116,0.165,4.739846858879326,0.4998403325959811
56.10000000000053,-2.4832928004131207,3720.8706482372845,311.7041834142414,-0.1745,74.76090089104216,-10.234710742423013,0.165,4.739846858879326,0.4998403325959811
56.20000000000053,-2.483640388265293,3728.3478709103556,310.6806279111255,-0.1745,74.78355257037835,-10.236399319894955,0.165,4.739846858879326,0.4998403325959811
56.30000000000053,-2.4839915852328187,3735.8273540917075,309.6569035051988,-0.1745,74.8061110566582,-10.238088798638948,0.165,4.739846858879326,0.4998403325959811
56.40000000000053,-2.4843459305172297,3743.3090884991702,308.63301023669624,-0.1745,74.82857709259287,-10.239776571412179,0.165,4.739846858879326,0.4998403325959811
56.50000000000053,-2.485381013872697,3750.7930649174905,307.60894835930185,-0.1745,74.8509512738082,-10.241460976475025,0.165,4.739846858879326,0.4998403325959811
56.600000000000534,-2.4851159648642667,3758.282548691041,306.58414099023753,-0.1745,74.93872419719882,-10.254686404810858,0.8300000000000001,4.739846858879326,0.4998403325959811
56.700000000000536,-2.4850814802265075,3765.7775354015453,305.5587074246719,-0.1745,74.96101001288746,-10.253984906501088,0.165,4.739846858879326,0.4998403325959811
56.80000000000054,-2.4851950362049005,3773.274739624955,304.53330167306177,-0.1745,74.98307445531336,-10.254130125701602,0.165,4.739846858879326,0.4998403325959811
56.90000000000054,-2.4854039193718576,3780.7741416236627,303.5078544705836,-0.1745,75.00496551883711,-10.254813923861976,0.165,4.739846858879326,0.4998403325959811
57.00000000000054,-2.485674462664103,3788.2757255992933,302.4823218027154,-0.1745,75.0267139937734,-10.25583943350251,0.165,4.739846858879326,0.4998403325959811
57.10000000000054,-2.4859851660550967,3795.7794782825213,301.4566757859757,-0.1745,75.04833967078191,-10.25708090129102,0.165,4.739846858879326,0.4998403325959811
57.20000000000054,-2.486322300643638,3803.285388031536,300.43089884012085,-0.1745,75.06985530951715,-10.258458015805477,0.165,4.739846858879326,0.4998403325959811
57.300000000000544,-2.484197379057396,3810.793444255829,299.4049799644302,-0.1745,75.09126917634343,-10.259919498007045,0.165,4.8374770343545865,0.5183394896382502
57.400000000000546,-2.4833186429488343,3818.3037278502184,298.37937422569485,-0.1745,75.11440271144623,-10.252195276699842,0.165,4.8374770343545865,0.5183394896382502
57.50000000000055,-2.4823714964393564,3825.817919115815,297.3540853328342,-0.1745,75.16942260048836,-10.253582580513845,0.495,4.8374770343545865,0.5183394896382502
57.60000000000055,-2.4819083822581662,3833.3359686165445,296.3288953928749,-0.1745,75.19156741409755,-10.250216218671648,0.165,4.8374770343545865,0.5183394896382502
57.70000000000055,-2.4817547992299893,3840.856214256102,295.3039521049249,-0.1745,75.21334537704624,-10.248649540328465,0.165,4.8374770343545865,0.5183394896382502
57.80000000000055,-2.481799407678192,3848.3786244211137,294.2791081826616,-0.1745,75.23485792319076,-10.248228904938104,0.165,4.8374770343545865,0.5183394896382502
57.90000000000055,-2.4819711780093714,3855.90317581396,293.25426987942933,-0.1745,75.25616993373718,-10.248537159707215,0.165,4.8374770343545865,0.5183394896382502
58.000000000000554,-2.482224802858333,3863.429850457591,292.22937761529073,-0.1745,75.27732293887799,-10.249308123065122,0.165,4.8374770343545865,0.5183394896382502
58.100000000000556,-2.4825313858328055,3870.9586337823744,291.204393610283,-0.1745,75.29834355678878,-10.250371977089474,0.165,4.8374770343545865,0.5183394896382502
58.20000000000056,-2.4828724991579034,3878.489513404489,290.17929399132305,-0.1745,75.31924888550235,-10.251620402108712,0.165,4.8374770343545865,0.5183394896382502
58.30000000000056,-2.4832363919265266,3886.0224783460944,289.1540637552412,-0.1745,75.3400499466044,-10.252984319527833,0.165,4.8374770343545865,0.5183394896382502
58.40000000000056,-2.483615571023424,3893.557518537624,288.1286935549801,-0.1745,75.36075388399473,-10.254419685695284,0.165,4.8374770343545865,0.5183394896382502
58.50000000000056,-2.4840052580497742,3901.0946245001946,287.10317764939447,-0.1745,75.38136536741214,-10.255898426016996,0.165,4.8374770343545865,0.5183394896382502
58.60000000000056,-2.4844024051941056,3908.6337871429723,286.07751259557494,-0.1745,75.40188748813794,-10.25740265037388,0.165,4.8374770343545865,0.5183394896382502
58.700000000000564,-2.484805067688557,3916.1749976339042,285.0516964149147,-0.1745,75.4223223304995,-10.258920962831091,0.165,4.8374770343545865,0.5183394896382502
58.800000000000566,-2.4852120037140533,3923.7182473172516,284.0257280613829,-0.1745,75.44267133644767,-10.260446107804944,0.165,4.8374770343545865,0.5183394896382502
58.90000000000057,-2.4856224193599283,3931.2635276609785,282.9996070825458,-0.1745,75.4629355380876,-10.261973468936738,0.165,4.8374770343545865,0.5183394896382502
59.00000000000057,-2.4863768193458187,3938.810830223181,281.9733334035024,-0.1745,75.4831157059623,-10.263500111931185,0.165,4.8374770343545865,0.5183394896382502
59.10000000000057,-2.486484702751154,3946.361771572884,280.9466207231968,-0.1745,75.5357112881019,-10.270753494180637,0.495,4.8374770343545865,0.5183394896382502
59.20000000000057,-2.486708217658788,3953.9163456901847,279.91952840754067,-0.1745,75.5557710579085,-10.271092818942789,0.165,4.8374770343545865,0.5183394896382502
59.30000000000057,-2.4870060174351565,3961.4729183788177,278.8923810641659,-0.1745,75.5756827147519,-10.27185404855273,0.165,4.8374770343545865,0.5183394896382502
59.400000000000574,-2.4873517955045794,3969.0314760491624,277.86514428252025,-0.1745,75.59547069214567,-10.272881584359618,0.165,4.8374770343545865,0.5183394896382502
59.500000000000576,-2.48772881603939,3976.5920071163578,276.8377963823679,-0.1745,75.61515065175918,-10.27407641868762,0.165,4.8374770343545865,0.5183394896382502
59.60000000000058,-2.317965895437685,3984.1545012824586,275.8103237831772,-0.1745,75.63473267025613,-10.27537556512736,0.165,4.8374770343545865,0.5183394896382502
59.70000000000058,-2.3804515385184293,3991.7233294427997,274.81489637201094,-0.1495,75.7418305365679,-9.633172658197717,0.495,4.8374770343545865,0.5183394896382502
59.80000000000058,-2.4210762206046703,3999.29663707349,273.83979807985105,-0.1745,75.72432207723391,-9.868793184999445,0.165,4.8374770343545865,0.5183394896382502
59.90000000000058,-2.4459565711205884,4006.872144421791,272.84482445940125,-0.1745,75.7858248887879,-10.030679223996216,0.8300000000000001,4.8374770343545865,0.5183394896382502
60.00000000000058,-2.4619159951778387,4014.450955901229,271.8370668720015,-0.1745,75.79040469997722,-10.124472523998595,0.165,4.8374770343545865,0.5183394896382502
60.100000000000584,-2.47220992150518,4022.0304858433915,270.8216151392803,-0.1745,75.8001941432712,-10.184562130424911,0.165,4.8374770343545865,0.5183394896382502
60.200000000000585,-2.478907071008042,4029.6111581484174,269.80122518514867,-0.1745,75.81325195724735,-10.223236952207742,0.165,4.8374770343545865,0.5183394896382502
60.30000000000059,-2.4833215762450624,4037.193238356347,268.77764792568934,-0.1745,75.82835220134848,-10.248308236979279,0.165,4.8374770343545865,0.5183394896382502
60.40000000000059,-2.4862879854157156,4044.7768919247874,267.7519955480471,-0.1745,75.84471916745825,-10.264739315865077,0.165,4.8374770343545865,0.5183394896382502
60.50000000000059,-2.488336156319125,4052.3622209567993,266.7249744311369,-0.1745,75.8618614727834,-10.275683022338963,0.165,4.8374770343545865,0.5183394896382502
60.60000000000059,-2.489802427140905,4059.9492874134385,265.6970331983065,-0.1745,75.87946765999756,-10.28314163426913,0.165,4.8374770343545865,0.5183394896382502
60.70000000000059,-2.490900254781374,4067.5381278102013,264.66845679265856,-0.1745,75.8973402752631,-10.288386478689436,0.165,4.8374770343545865,0.5183394896382502
60.800000000000594,-2.491765085218724,4075.128762531617,263.63942623760704,-0.1745,75.91535415305876,-10.292224622340793,0.165,4.8374770343545865,0.5183394896382502
60.900000000000595,-2.49248284868892,4082.721201738481,262.61005659039665,-0.1745,75.93342998421883,-10.295168321867205,0.165,4.8374770343545865,0.5183394896382502
61.0000000000006,-2.493108051865786,4090.31544911543,261.5804210411934,-0.1745,75.95151755476003,-10.297542662197626,0.165,4.8374770343545865,0.5183394896382502
61.1000000000006,-2.493675262776356,4097.911504248793,260.5505662122859,-0.1745,75.96958511250392,-10.299553915951874,0.165,4.8374770343545865,0.5183394896382502
61.2000000000006,-2.4942064001438733,4105.509364135402,259.52052186903757,-0.1745,75.98761261968869,-10.301332949014862,0.165,4.8374770343545865,0.5183394896382502
61.3000000000006,-2.494715359080351,4113.10902413994,258.49030708276246,-0.1745,76.00558747105396,-10.302962776487611,0.165,4.8374770343545865,0.5183394896382502
61.4000000000006,-2.495210946002264,4120.710478602318,257.4599341412585,-0.1745,76.02350177652306,-10.3044960535915,0.165,4.8374770343545865,0.5183394896382502
61.500000000000604,-2.4956987404895568,4128.3137212229885,256.4294110297751,-0.1745,76.04135063687924,-10.305966176075467,0.165,4.8374770343545865,0.5183394896382502
61.600000000000605,-2.4961822762355625,4135.9187453073155,255.39874300477845,-0.1745,76.05913104966274,-10.307394323857443,0.165,4.8374770343545865,0.5183394896382502
61.70000000000061,-2.496663789993118,4143.52554392055,254.3679335920956,-0.1745,76.07684121502787,-10.308793929799927,0.165,4.8374770343545865,0.5183394896382502
61.80000000000061,-2.4971446964773456,4151.134109986072,253.33698521988293,-0.1745,76.09448009540618,-10.31017351445334,0.165,4.8374770343545865,0.5183394896382502
61.90000000000061,-2.4976258894542953,4158.7444363476525,252.30589961996083,-0.1745,76.11204713621153,-10.311538483989038,0.165,4.8374770343545865,0.5183394896382502
62.00000000000061,-2.4981079326031645,4166.356515808899,251.27467808224307,-0.1745,76.12954208871498,-10.31289227036602,0.165,4.8374770343545865,0.5183394896382502
62.10000000000061,-2.327136155689337,4173.970341158221,250.2433216160115,-0.1745,76.14696489773043,-10.314237054265018,0.165,4.8374770343545865,0.5183394896382502
62.200000000000614,-2.390604319651881,4181.590352375018,249.24447059240526,-0.1495,76.2532594381917,-9.662783417860162,0.495,4.8374770343545865,0.5183394896382502
62.300000000000615,-2.4309628001104313,4189.214653095731,248.26616339559968,-0.1745,76.23275497607699,-9.903360518251356,0.165,4.8374770343545865,0.5183394896382502
62.40000000000062,-2.4566837634753593,4196.837601115884,247.26818653469712,-0.1745,76.22620542700386,-10.056176699799792,0.165,4.8374770343545865,0.5183394896382502
62.50000000000062,-2.4731377289660528,4204.46033048342,246.25770814094926,-0.1745,76.22838192371027,-10.153391175157436,0.165,4.8374770343545865,0.5183394896382502
62.60000000000062,-2.4837269923461056,4212.083550729703,245.23926897623994,-0.1745,76.23602300194989,-10.215392119029048,0.165,4.8374770343545865,0.5183394896382502
62.70000000000062,-2.490605963022181,4219.707706054966,244.2157444531843,-0.1745,76.24708350330884,-10.255098342083691,0.165,4.8374770343545865,0.5183394896382502
62.80000000000062,-2.4951383832022604,4227.3330740653155,243.1889549254492,-0.1745,76.2602767036774,-10.280692212618666,0.165,4.8374770343545865,0.5183394896382502
62.900000000000624,-2.49818726407216,4234.959827470568,242.16005259451498,-0.1745,76.27479140136428,-10.297354406065704,0.165,4.8374770343545865,0.5183394896382502
63.000000000000625,-2.5002986172261514,4242.5880728190705,241.12976666573033,-0.1745,76.29011556869536,-10.308364169627364,0.165,4.8374770343545865,0.5183394896382502
63.10000000000063,-2.501817826668481,4250.217874887898,240.09855862130638,-0.1745,76.30592580784612,-10.315796718851804,0.165,4.8374770343545865,0.5183394896382502
63.20000000000063,-2.5029633292828057,4257.84927206874,239.06672053221146,-0.1745,76.32201780898987,-10.320965063046653,0.165,4.8374770343545865,0.5183394896382502
63.30000000000063,-2.5038732519047406,4265.482286084448,238.0344372884046,-0.1745,76.3382625051637,-10.324699813090533,0.165,4.8374770343545865,0.5183394896382502
63.40000000000063,-2.5046349240073758,4273.11692812925,237.00182598115626,-0.1745,76.35457839086858,-10.327526331876399,0.165,4.8374770343545865,0.5183394896382502
63.50000000000063,-2.505303550091849,4280.75320275036,235.96896082135166,-0.1745,76.3709140313389,-10.329776864215894,0.165,4.8374770343545865,0.5183394896382502
63.600000000000634,-2.505914021448119,4288.391110302214,234.9358889033043,-0.1745,76.38723700573897,-10.331661496731435,0.165,4.8374770343545865,0.5183394896382502
63.700000000000635,-2.506488386818806,4296.030648498295,233.90264017567586,-0.1745,76.40352691587994,-10.333313055837383,0.165,4.8374770343545865,0.5183394896382502
63.80000000000064,-2.507040576701357,4303.671813392345,232.8692337473294,-0.1745,76.419770965133,-10.334815511092225,0.165,4.8374770343545865,0.5183394896382502
63.90000000000064,-2.507579390468483,4311.314599998733,231.83568187472693,-0.1745,76.4359611626196,-10.336221940957158,0.165,4.8374770343545865,0.5183394896382502
64.00000000000064,-2.508110384821137,4318.959002684627,230.80199248293573,-0.1745,76.45209255526807,-10.33756589486678,0.165,4.8374770343545865,0.5183394896382502
64.10000000000063,-2.508637067499508,4326.605015417887,229.7681707592971,-0.1745,76.46816210993114,-10.338868577905922,0.165,4.8374770343545865,0.5183394896382502
64.20000000000063,-1.7362618253005357,4334.252631923715,228.73422016073573,-0.1745,76.48416800661113,-10.340143393321537,0.165,4.8374770343545865,0.5183394896382502
64.30000000000062,-2.022053048762849,4341.901328093602,227.84998061401808,-0.06225,76.48975539114168,-7.344647541031648,0.8300000000000001,4.8374770343545865,0.5183394896382502
64.40000000000062,-2.203601001910748,4349.542123780713,227.0612946872769,-0.1745,76.32615835106836,-8.429070993791875,0.165,4.8374770343545865,0.5183394896382502
64.50000000000061,-2.318919575863671,4357.170029185516,226.1839728421129,-0.1745,76.23194974497811,-9.117365909488065,0.165,4.8374770343545865,0.5183394896382502
64.6000000000006,-2.3921939248708197,4364.790621339704,225.25038659879294,-0.1745,76.17989333878468,-9.554358956911186,0.165,4.8374770343545865,0.5183394896382502
64.7000000000006,-2.4387981601449606,4372.407307035275,224.28107468028747,-0.1745,76.15382057264664,-9.831879413198264,0.165,4.8374770343545865,0.5183394896382502
64.8000000000006,-2.4684954013017153,4380.022193462773,223.2890689374686,-0.1745,76.14390797732237,-10.008235443178881,0.165,4.8374770343545865,0.5183394896382502
64.90000000000059,-2.487480183356234,4387.636593699007,222.2826349023731,-0.1745,76.14409674735491,-10.120445258731532,0.165,4.8374770343545865,0.5183394896382502
65.00000000000058,-2.4996801871608314,4395.251329222917,221.26701274051408,-0.1745,76.15061373083802,-10.191997978449134,0.165,4.8374770343545865,0.5183394896382502
65.10000000000058,-2.5075845200141123,4402.866914644238,220.24552334832603,-0.1745,76.16109469557826,-10.23778986531163,0.165,4.8374770343545865,0.5183394896382502
65.20000000000057,-2.512770009669895,4410.483672003875,219.2202706860962,-0.1745,76.17405249714957,-10.267263379284913,0.165,4.8374770343545865,0.5183394896382502
65.30000000000057,-2.516235263455882,4418.101802101793,218.19258743288765,-0.1745,76.18854946120284,-10.28640168488583,0.165,4.8374770343545865,0.5183394896382502
65.40000000000056,-2.51861254678487,4425.721429250903,217.16331760599417,-0.1745,76.20399352102189,-10.298994852983762,0.165,4.8374770343545865,0.5183394896382502
65.50000000000055,-2.5203020937106246,4433.342629453771,216.1329957062972,-0.1745,76.22001053633979,-10.307443140955183,0.165,4.8374770343545865,0.5183394896382502
65.60000000000055,-2.521557212005163,4440.965448180318,215.10196023318665,-0.1745,76.23636399460266,-10.313266321256151,0.165,4.8374770343545865,0.5183394896382502
65.70000000000054,-2.522538192545463,4448.58991159906,214.07042559238883,-0.1745,76.25290438022083,-10.317426494699944,0.165,4.8374770343545865,0.5183394896382502
65.80000000000054,-2.523346449353305,4456.216033678038,213.0385276364035,-0.1745,76.26953719935494,-10.320532625006598,0.165,4.8374770343545865,0.5183394896382502
65.90000000000053,-2.524046135425222,4463.843820676352,212.00635250021494,-0.1745,76.28620276691986,-10.322970098764458,0.165,4.8374770343545865,0.5183394896382502
66.00000000000053,-2.5246778263012426,4471.473273985792,210.97395485647675,-0.1745,76.3028634218816,-10.324982775999239,0.165,4.8374770343545865,0.5183394896382502
66.10000000000052,-2.525267180779007,4479.10439192881,209.9413694705178,-0.1745,76.31949543849773,-10.326724943179597,0.165,4.8374770343545865,0.5183394896382502
66.20000000000051,-2.525830421658975,4486.737170896131,208.90861851319139,-0.1745,76.33608390792074,-10.32829420334881,0.165,4.8374770343545865,0.5183394896382502
66.30000000000051,-2.5263778035934576,4494.37160606649,207.87571618828818,-0.1745,76.35261949926458,-10.32975229471508,0.165,4.8374770343545865,0.5183394896382502
66.4000000000005,-2.526915806989789,4502.007691861956,206.84267166023892,-0.1745,76.36909641005718,-10.331138266270061,0.165,4.8374770343545865,0.5183394896382502
66.5000000000005,-2.527448525765337,4509.64542223593,205.80949090616963,-0.1745,76.3855110694074,-10.332476815115593,0.165,4.8374770343545865,0.5183394896382502
66.60000000000049,-2.5279785450496983,4517.284790855277,204.77617788734204,-0.1745,76.40186131752297,-10.333783561436007,0.165,4.8374770343545865,0.5183394896382502
66.70000000000049,-2.528507496220867,4524.925791215486,203.74273528999692,-0.1745,76.41814588666428,-10.335068385466565,0.165,4.8374770343545865,0.5183394896382502
66.80000000000048,-2.5290364078474443,4532.568416713461,202.7091649938147,-0.1745,76.43436407282952,-10.336337538177764,0.165,4.8374770343545865,0.5183394896382502
66.90000000000047,-2.5295659275545463,4540.212660693508,201.67546836809927,-0.1745,76.45051552811051,-10.337594976130896,0.165,4.8374770343545865,0.5183394896382502
67.00000000000047,-2.5300964622685003,4547.858516476383,200.64164645901465,-0.1745,76.46660012938449,-10.338843205561721,0.165,4.8374770343545865,0.5183394896382502
67.10000000000046,-2.5306282668555817,4555.505977377617,199.60770010793377,-0.1745,76.48261789528962,-10.340083816056035,0.165,4.8374770343545865,0.5183394896382502
67.20000000000046,-2.53116150013672,4563.1550367190675,198.57363002623484,-0.1745,76.49856893373702,-10.341317817922432,0.165,4.8374770343545865,0.5183394896382502
67.30000000000045,-2.531696260280869,4570.805687836191,197.53943684256672,-0.1745,76.51445340873241,-10.342545855439779,0.165,4.8374770343545865,0.5183394896382502
67.40000000000045,-2.532232607165617,4578.457924082598,196.50512113271327,-0.1745,76.53027151940668,-10.343768341629042,0.165,4.8374770343545865,0.5183394896382502
67.50000000000044,-2.5327705765021147,4586.111738832907,195.47068343846095,-0.1745,76.54602348676477,-10.344985543417275,0.165,4.8374770343545865,0.5183394896382502
67.60000000000043,-2.5333101887564293,4593.767125484511,194.43612427951777,-0.1745,76.56170954531312,-10.346197635446572,0.165,4.8374770343545865,0.5183394896382502
67.70000000000043,-2.533851454783514,4601.424077458665,193.40144416104206,-0.1745,76.57732993777067,-10.347404734067512,0.165,4.8374770343545865,0.5183394896382502
67.80000000000042,-2.5343943793846604,4609.08258820114,192.3666435783981,-0.1745,76.5928849117282,-10.348606918811393,0.165,4.8374770343545865,0.5183394896382502
67.90000000000042,-2.5349389635534463,4616.742651182603,191.33172302015996,-0.1745,76.60837471753894,-10.349804245951555,0.165,4.8374770343545865,0.5183394896382502
68.00000000000041,-2.535485205893471,4624.40425989883,190.29668297000902,-0.1745,76.62379960698686,-10.350996757067191,0.165,4.8374770343545865,0.5183394896382502
68.1000000000004,-2.53603310351314,4632.067407870802,189.26152390793314,-0.1745,76.63915983244641,-10.352184484450587,0.165,4.8374770343545865,0.5183394896382502
68.2000000000004,-2.536582652590296,4639.732088644741,188.22624631098458,-0.1745,76.65445564635242,-10.35336745452078,0.165,4.8374770343545865,0.5183394896382502
68.3000000000004,-2.5371338487284385,4647.3982957921025,187.1908506537596,-0.1745,76.66968730086609,-10.354545689978375,0.165,4.8374770343545865,0.5183394896382502
68.40000000000039,-2.5376866871813957,4655.066022909529,186.15533740870242,-0.1745,76.6848550476647,-10.355719211165503,0.165,4.8374770343545865,0.5183394896382502
68.50000000000038,-2.5382411629949897,4662.7352636188025,185.11970704629795,-0.1745,76.69995913780939,-10.356888036924028,0.165,4.8374770343545865,0.5183394896382502
68.60000000000038,-2.538797271096307,4670.406011566776,184.0839600351949,-0.1745,76.71499982166236,-10.358052185136986,0.165,4.8374770343545865,0.5183394896382502
68.70000000000037,-2.5393550063499353,4678.078260425301,183.04809684228454,-0.1745,76.72997734883512,-10.359211673070153,0.165,4.8374770343545865,0.5183394896382502
68.80000000000037,-2.5399143635933346,4685.752003891151,182.01211793275166,-0.1745,76.74489196815647,-10.360366517587439,0.165,4.8374770343545865,0.5183394896382502
68.90000000000036,-2.540475337659073,4693.427235685941,180.97602377010796,-0.1745,76.75974392765278,-10.361516735286706,0.165,4.8374770343545865,0.5183394896382502
69.00000000000036,-2.5410379233887594,4701.103949556051,179.93981481621435,-0.1745,76.77453347453626,-10.36266234258535,0.165,4.8374770343545865,0.5183394896382502
69.10000000000035,-2.541602115641756,4708.782139272537,178.90349153129637,-0.1745,76.789260855198,-10.363803355774223,0.165,4.8374770343545865,0.5183394896382502
69.20000000000034,-2.542167909300585,4716.461798631058,177.86705437395509,-0.1745,76.80392631520427,-10.364939791051567,0.165,4.8374770343545865,0.5183394896382502
69.30000000000034,-2.5427352992742627,4724.142921451783,176.8305038011753,-0.1745,76.8185300992947,-10.366071664544348,0.165,4.8374770343545865,0.5183394896382502
69.40000000000033,-2.3703222833612676,4731.825501579317,175.793840268332,-0.1745,76.83307245138181,-10.367198992321665,0.165,4.8374770343545865,0.5183394896382502
69.50000000000033,-2.434877563477536,4739.515726321649,174.7900774210985,-0.1495,76.97142239526346,-9.708057952348218,0.8300000000000001,4.8374770343545865,0.5183394896382502
69.60000000000032,-2.475725105015896,4747.2116400194545,173.8069501084275,-0.1745,76.94685156085313,-9.954488301072027,0.165,4.8374770343545865,0.5183394896382502
69.70000000000032,-2.5016427973397226,4754.905821947531,172.80372391919707,-0.1745,76.93678700066877,-10.110035483536302,0.165,4.8374770343545865,0.5183394896382502
69.80000000000031,-2.5188783665724355,4762.599448518995,171.78780524581106,-0.1745,76.9357444286189,-10.208337984184007,0.165,4.8374770343545865,0.5183394896382502
69.9000000000003,-2.528872652761776,4770.296526426659,170.76328124619343,-0.1745,77.00581372465477,-10.282142008168288,0.8300000000000001,4.8374770343545865,0.5183394896382502
70.0000000000003,-2.5353726603355224,4777.997516087972,169.73320639496305,-0.1745,77.01397950162259,-10.319355016439559,0.165,4.8374770343545865,0.5183394896382502
70.10000000000029,-2.5396764176987836,4785.699424503079,168.70008147605913,-0.1745,77.02418880051813,-10.343143361639097,0.165,4.8374770343545865,0.5183394896382502
70.20000000000029,-2.5426002020492873,4793.402416928886,167.66499987665568,-0.1745,77.03565971561608,-10.358488626429947,0.165,4.8374770343545865,0.5183394896382502
70.30000000000028,-2.544657237063132,4801.106595000916,166.6286492391923,-0.1745,77.04790172499223,-10.368524122837606,0.165,4.8374770343545865,0.5183394896382502
70.40000000000028,-2.5461701521431745,4808.812020432782,165.59146202020628,-0.1745,77.06060691234445,-10.375220256882875,0.165,4.8374770343545865,0.5183394896382502
70.50000000000027,-2.5473417329916135,4816.518729875403,164.55371021086162,-0.1745,77.07358194005488,-10.379815930010142,0.165,4.8374770343545865,0.5183394896382502
70.60000000000026,-2.5482994212793164,4824.226744243307,163.5155649145873,-0.1745,77.08670541803022,-10.383089995476547,0.165,4.8374770343545865,0.5183394896382502
70.70000000000026,-2.5491232978394134,4831.9360745718795,162.47713381343735,-0.1745,77.09990115342764,-10.38553202752214,0.165,4.8374770343545865,0.5183394896382502
70.80000000000025,-2.5498636766960283,4839.646725697177,161.4384847256588,-0.1745,77.11312135252483,-10.387449728048523,0.165,4.8374770343545865,0.5183394896382502
70.90000000000025,-2.5505521654354095,4847.3586985681795,160.39966041578157,-0.1745,77.1263360675189,-10.389036469496427,0.165,4.8374770343545865,0.5183394896382502
71.00000000000024,-2.5512086173082613,4855.071991699809,159.36068790415692,-0.1745,77.13952656506528,-10.390413762996532,0.165,4.8374770343545865,0.5183394896382502
71.10000000000024,-2.5518455004939717,4862.786602085998,158.32158431815859,-0.1745,77.15268115873492,-10.391657956970274,0.165,4.8374770343545865,0.5183394896382502
71.20000000000023,-2.552470643771809,4870.502525773428,157.28236056932448,-0.1745,77.16579258985672,-10.392817019711934,0.165,4.8374770343545865,0.5183394896382502
71.30000000000022,-2.5530889617166475,4878.219758221996,156.24302366396154,-0.1745,77.17885638150955,-10.393921087546914,0.165,4.8374770343545865,0.5183394896382502
71.40000000000022,-2.5537035385732096,4885.938294531279,155.2035781548959,-0.1745,77.19186980414925,-10.394989093765696,0.165,4.8374770343545865,0.5183394896382502
71.50000000000021,-2.554316309136455,4893.658129582769,154.16402705350436,-0.1745,77.20483122564558,-10.396032934065296,0.165,4.8374770343545865,0.5183394896382502
71.60000000000021,-2.5549284864273956,4901.379258129196,153.12437240261588,-0.1745,77.21773970290528,-10.397060083704126,0.165,4.8374770343545865,0.5183394896382502
71.7000000000002,-2.5555408302961142,4909.101674850607,152.08461563634657,-0.1745,77.23059472531081,-10.39807524168217,0.165,4.8374770343545865,0.5183394896382502
71.8000000000002,-2.5561538161002595,4916.82537438955,151.0447578060848,-0.1745,77.24339605355325,-10.399081363553279,0.165,4.8374770343545865,0.5183394896382502
71.90000000000019,-2.5567677406210096,4924.550351373148,150.00479972240072,-0.1745,77.25614361840098,-10.40008031012793,0.165,4.8374770343545865,0.5183394896382502
72.00000000000018,-2.5573827885622418,4932.276600426924,148.96474204415057,-0.1745,77.26883745712162,-10.401073254874804,0.165,4.8374770343545865,0.5183394896382502
72.10000000000018,-2.557999074297428,4940.004116183458,147.92458533441925,-0.1745,77.28147767355675,-10.402060939751417,0.165,4.8374770343545865,0.5183394896382502
72.20000000000017,-2.558616668074722,4947.732893287788,146.8843300956398,-0.1745,77.29406441305271,-10.403043835837382,0.165,4.8374770343545865,0.5183394896382502
72.30000000000017,-2.5592356124644593,4955.462926400777,145.84397679163877,-0.1745,77.30659784672149,-10.404022244183425,0.165,4.8374770343545865,0.5183394896382502
72.40000000000016,-2.55985593268126,4963.194210201192,144.80352586147362,-0.1745,77.31907816156077,-10.404996359119805,0.165,4.8374770343545865,0.5183394896382502
72.50000000000016,-2.5604776430612346,4970.926739386982,143.7629777281179,-0.1745,77.33150555425266,-10.405966307994188,0.165,4.8374770343545865,0.5183394896382502
72.60000000000015,-2.5611007511260677,4978.660508676058,142.7223328039126,-0.1745,77.34388022727221,-10.40693217611197,0.165,4.8374770343545865,0.5183394896382502
72.70000000000014,-2.5617252601326794,4986.395512806745,141.6815914939876,-0.1745,77.35620238644587,-10.407894022387675,0.165,4.8374770343545865,0.5183394896382502
72.80000000000014,-2.5623511706726387,4994.131746538038,140.64075419840992,-0.1745,77.36847223942007,-10.408851889166005,0.165,4.8374770343545865,0.5183394896382502
72.90000000000013,-2.562978481675333,5001.8692046497445,139.59982131353243,-0.1745,77.38068999470096,-10.409805808383787,0.165,4.8374770343545865,0.5183394896382502
73.00000000000013,-2.5643015222777037,5009.607881942532,138.55879323284145,-0.1745,77.39285586105274,-10.410755805435693,0.165,4.8374770343545865,0.5183394896382502
73.10000000000012,-2.5643219405887967,5017.351047742728,137.51709307511237,-0.1745,77.4704601428678,-10.423247349145816,0.8300000000000001,4.8374770343545865,0.5183394896382502
73.20000000000012,-2.5645735560251977,5025.0987013115455,136.47484103861353,-0.1745,77.48261123347521,-10.421793380831009,0.165,4.8374770343545865,0.5183394896382502
73.30000000000011,-2.564970444314884,5032.847560548836,135.43269019568132,-0.1745,77.49457351233617,-10.421223477813085,0.165,4.8374770343545865,0.5183394896382502
73.4000000000001,-2.5654587941664033,5040.597609174796,134.39056873085673,-0.1745,77.50639900686623,-10.421205818678812,0.165,4.8374770343545865,0.5183394896382502
73.5000000000001,-2.566004908070814,5048.348835144443,133.34843181121602,-0.1745,77.51812038607302,-10.42153257413532,0.165,4.8374770343545865,0.5183394896382502
73.6000000000001,-2.566587685560973,5056.10122907315,132.30625150308023,-0.1745,77.5297581880593,-10.42207358858063,0.165,4.8374770343545865,0.5183394896382502
73.70000000000009,-2.5671939148417717,5063.854783250075,131.26401045564944,-0.1745,77.54132535044803,-10.42274736003496,0.165,4.8374770343545865,0.5183394896382502
73.80000000000008,-2.5678153238017054,5071.609491020073,130.22169794466737,-0.1745,77.55283004949952,-10.423502859606629,0.165,4.8374770343545865,0.5183394896382502
73.90000000000008,-2.5684467331450103,5079.3653463964965,129.1793073945501,-0.1745,77.56427747898591,-10.42430814273837,0.165,4.8374770343545865,0.5183394896382502
74.00000000000007,-2.5690848998584563,5087.122343818675,128.1368348266304,-0.1745,77.57567096458841,-10.425143215655776,0.165,4.8374770343545865,0.5183394896382502
74.10000000000007,-2.569727793043024,5094.880478000001,127.09427788746974,-0.1745,77.58701266193185,-10.425995567557397,0.165,4.8374770343545865,0.5183394896382502
74.20000000000006,-2.570374140515565,5102.639743832786,126.05163524045943,-0.1745,77.59830399376663,-10.426857372648712,0.165,4.8374770343545865,0.5183394896382502
74.30000000000005,-2.5710231449651233,5110.400136328662,125.00890618492286,-0.1745,77.60954592374755,-10.427723738082543,0.165,4.8374770343545865,0.5183394896382502
74.40000000000005,-2.571674306273345,5118.161650581243,123.96609041767171,-0.1745,77.62073912786596,-10.428591606940627,0.165,4.8374770343545865,0.5183394896382502
74.50000000000004,-2.5723273103016413,5125.924281742725,122.92318788375358,-0.1745,77.631884101785,-10.429459071421986,0.165,4.8374770343545865,0.5183394896382502
74.60000000000004,-2.5729819592876044,5133.688025009216,121.88019868303795,-0.1745,77.64298122803663,-10.430324942890818,0.165,4.8374770343545865,0.5183394896382502
74.70000000000003,-2.573638128287037,5141.452875611522,120.83712301175606,-0.1745,77.65403081808651,-10.431188482746935,0.165,4.8374770343545865,0.5183394896382502
74.80000000000003,-2.5742957379178657,5149.21882880936,119.79396112591975,-0.1745,77.66503313866399,-10.432049233979376,0.165,4.8374770343545865,0.5183394896382502
74.90000000000002,-2.574954737306412,5156.985879887706,118.75071331843344,-0.1745,77.67598842824177,-10.43290691574687,0.165,4.8374770343545865,0.5183394896382502
75.00000000000001,-2.575615093418105,5164.754024154486,117.70737990477565,-0.1745,77.68689690734965,-10.43376135740883,0.165,4.8374770343545865,0.5183394896382502
75.10000000000001,-2.5762767843830696,5172.523256939105,116.66396121404284,-0.1745,77.69775878502902,-10.434612457247411,0.165,4.8374770343545865,0.5183394896382502
75.2,-2.5769397953211683,5180.2935735915,115.6204575833484,-0.1745,77.70857426287203,-10.435460156641591,0.165,4.8374770343545865,0.5183394896382502
75.3,-2.577604115730718,5188.064969481521,114.57686935432079,-0.1745,77.71934353754936,-10.436304423910434,0.165,4.8374770343545865,0.5183394896382502
75.39999999999999,-2.5782697378553583,5195.837439998518,113.53319687091495,-0.1745,77.73006680239222,-10.437145244206357,0.165,4.8374770343545865,0.5183394896382502
75.49999999999999,-2.578936655662745,5203.610980551057,112.48944047804495,-0.1745,77.74074424838263,-10.43798261319351,0.165,4.8374770343545865,0.5183394896382502
75.59999999999998,-2.579604864205903,5211.385586566715,111.44560052073058,-0.1745,77.75137606477354,-10.438816533094059,0.165,4.8374770343545865,0.5183394896382502
75.69999999999997,-2.580274359223877,5219.161253491927,110.4016773435651,-0.1745,77.76196243947739,-10.439647010215634,0.165,4.8374770343545865,0.5183394896382502
75.79999999999997,-2.5809451368920318,5226.937976791866,109.35767129038406,-0.1745,77.77250355930974,-10.440474053405223,0.165,4.8374770343545865,0.5183394896382502
75.89999999999996,-2.5816171936659167,5234.715751950339,108.31358270405968,-0.1745,77.78299961014243,-10.441297673082454,0.165,4.8374770343545865,0.5183394896382502
75.99999999999996,-2.5822905261836255,5242.494574469696,107.2694119263738,-0.1745,77.79345077699999,-10.442117880635204,0.165,4.8374770343545865,0.5183394896382502
76.09999999999995,-2.582965131204733,5250.274439870752,106.22515929793995,-0.1745,77.80385724412069,-10.44293468804177,0.165,4.8374770343545865,0.5183394896382502
76.19999999999995,-2.5836410055720824,5258.0553436927075,105.18082515815613,-0.1745,77.8142191949954,-10.443748107634713,0.165,4.8374770343545865,0.5183394896382502
76.29999999999994,-2.5843181461878735,5265.837281493077,104.13640984517673,-0.1745,77.82453681239261,-10.444558151953233,0.165,4.8374770343545865,0.5183394896382502
76.39999999999993,-2.5849965499986736,5273.620248847616,103.09191369589652,-0.1745,77.83481027837482,-10.44536483365094,0.165,4.8374770343545865,0.5183394896382502
76.49999999999993,-2.5856762139860114,5281.40424135025,102.04733704594207,-0.1745,77.84503977430946,-10.446168165438207,0.165,4.8374770343545865,0.5183394896382502
76.59999999999992,-2.586357135160458,5289.189254613009,101.00268022966786,-0.1745,77.8552254808765,-10.446968160046165,0.165,4.8374770343545865,0.5183394896382502
76.69999999999992,-2.5870393105578926,5296.975284265957,99.95794358015534,-0.1745,77.86536757807389,-10.447764830204212,0.165,4.8374770343545865,0.5183394896382502
76.79999999999991,-2.5877227372371263,5304.762325957122,98.91312742921383,-0.1745,77.8754662452217,-10.448558188625972,0.165,4.8374770343545865,0.5183394896382502
76.8999999999999,-2.5884074122783747,5312.550375352431,97.86823210738251,-0.1745,77.88552166096542,-10.449348248000534,0.165,4.8374770343545865,0.5183394896382502
76.9999999999999,-2.5890933327822636,5320.339428135643,96.82325794393313,-0.1745,77.8955340032788,-10.450135020986984,0.165,4.8374770343545865,0.5183394896382502
77.0999999999999,-2.5897804958691757,5328.129480008281,95.77820526687323,-0.1745,77.90550344946625,-10.450918520211005,0.165,4.8374770343545865,0.5183394896382502
77.19999999999989,-2.590468898678791,5335.920526689562,94.73307440294954,-0.1745,77.9154301761652,-10.451698758262761,0.165,4.8374770343545865,0.5183394896382502
77.29999999999988,-2.591158538369771,5343.712563916338,93.68786567765163,-0.1745,77.92531435934819,-10.452475747695596,0.165,4.8374770343545865,0.5183394896382502
77.39999999999988,-2.592545436847347,5351.505587443022,92.6425794152156,-0.1745,77.93515617432494,-10.453249501025216,0.165,4.8374770343545865,0.5183394896382502
77.49999999999987,-2.592630883361376,5359.302867546313,91.59663866625054,-0.1745,78.01044589149139,-10.46556547827585,0.8300000000000001,4.8374770343545865,0.5183394896382502
77.59999999999987,-2.5929478457433546,5367.104404375054,90.55016379512114,-0.1745,78.02029068333225,-10.463931944312128,0.165,4.8374770343545865,0.5183394896382502
77.69999999999986,-2.5934095872914336,5374.906916637933,89.50380763606607,-0.1745,78.02995457423663,-10.463191236789159,0.165,4.8374770343545865,0.5183394896382502
77.79999999999986,-2.593962028479249,5382.710388892718,88.45749777286935,-0.1745,78.03949052145975,-10.4630060271454,0.165,4.8374770343545865,0.5183394896382502
77.89999999999985,-2.594571453312458,5390.514809999586,87.4111891726761,-0.1745,78.04893161590098,-10.4631659767195,0.165,4.8374770343545865,0.5183394896382502
77.99999999999984,-2.5952168426852418,5398.320171508145,86.36485387675509,-0.1745,78.05829855528255,-10.463539941700791,0.165,4.8374770343545865,0.5183394896382502
78.09999999999984,-2.596230803100949,5406.126466651276,85.31847457151116,-0.1745,78.06760430733726,-10.464046163177839,0.165,4.8374770343545865,0.5183394896382502
78.19999999999983,-2.5966130183362135,5413.935314659815,84.27175411357186,-0.1745,78.10935586344176,-10.470362995608143,0.495,4.8374770343545865,0.5183394896382502
78.29999999999983,-2.597119141541133,5421.746712642243,83.22474554571089,-0.1745,78.1186037851316,-10.469808361611348,0.165,4.8374770343545865,0.5183394896382502
78.39999999999982,-2.5983992973581977,5429.559029728057,82.17776868822934,-0.1745,78.12773793114468,-10.469728788019642,0.165,4.8374770343545865,0.5183394896382502
78.49999999999982,-2.5984262297742653,5437.3755304635515,81.13020777389318,-0.1745,78.20227677874487,-10.48148949870357,0.8300000000000001,4.8374770343545865,0.5183394896382502
78.59999999999981,-2.5987144784253795,5445.196211537113,80.0821590738359,-0.1745,78.21134469249506,-10.479484502442059,0.165,4.8374770343545865,0.5183394896382502
78.6999999999998,-2.599165807691427,5453.017789594428,79.03426028685782,-0.1745,78.22021645378948,-10.478491237119453,0.165,4.8374770343545865,0.5183394896382502
78.7999999999998,-2.5997190656477196,5460.840248026765,77.98642939013207,-0.1745,78.22895219295495,-10.478126697395433,0.165,4.8374770343545865,0.5183394896382502
78.89999999999979,-2.6003361872343875,5468.663575106951,76.93861543314051,-0.1745,78.237589410761,-10.478152442435768,0.165,4.8374770343545865,0.5183394896382502
78.99999999999979,-2.6009934794833796,5476.487762153155,75.89078680893427,-0.1745,78.24615151332716,-10.478420041689201,0.165,4.8374770343545865,0.5183394896382502
79.09999999999978,-2.6016761957927708,5484.312802385294,74.84292395163683,-0.1745,78.25465312946208,-10.478837104259334,0.165,4.8374770343545865,0.5183394896382502
79.19999999999978,-2.602375158137595,5492.138690212899,73.79501479008525,-0.1745,78.26310342263963,-10.479346126772265,0.165,4.8374770343545865,0.5183394896382502
79.29999999999977,-2.603084654362952,5499.965420791708,72.7470519175654,-0.1745,78.27150815354807,-10.479911323624739,0.165,4.8374770343545865,0.5183394896382502
79.39999999999976,-2.603801129316859,5507.792989747604,71.6990308299958,-0.1745,78.2798709643787,-10.480510427767184,0.165,4.8374770343545865,0.5183394896382502
79.49999999999976,-2.604522370178688,5515.621393004744,70.6509488292881,-0.1745,78.28819417842571,-10.481129586386857,0.165,4.8374770343545865,0.5183394896382502
79.59999999999975,-2.605246999422417,5523.450626678559,69.60280434079371,-0.1745,78.29647929787039,-10.481760183500949,0.165,4.8374770343545865,0.5183394896382502
79.69999999999975,-2.605974159268115,5531.280687009135,68.55459648850977,-0.1745,78.30472731364611,-10.482396862177707,0.165,4.8374770343545865,0.5183394896382502
79.79999999999974,-2.606703315317605,5539.111570319733,67.50632483072324,-0.1745,78.31293889831036,-10.48303629355295,0.165,4.8374770343545865,0.5183394896382502
79.89999999999974,-2.6074341343663554,5546.943272990953,66.45798919551005,-0.1745,78.32111452608687,-10.48367641071101,0.165,4.8374770343545865,0.5183394896382502
79.99999999999973,-2.6081664083769422,5554.7757914446365,65.40958957837881,-0.1745,78.3292545475737,-10.48431593191366,0.165,4.8374770343545865,0.5183394896382502
80.09999999999972,-2.6089000071779163,5562.6091221338265,64.36112607858729,-0.1745,78.3373592362346,-10.48495406391675,0.165,4.8374770343545865,0.5183394896382502
80.19999999999972,-2.609634849036655,5570.443261536505,63.31259885952325,-0.1745,78.34542881732916,-10.48559031736403,0.165,4.8374770343545865,0.5183394896382502
80.29999999999971,-2.610370882353296,5578.278206151667,62.26400812405869,-0.1745,78.35346348591408,-10.486224391927085,0.165,4.8374770343545865,0.5183394896382502
80.39999999999971,-2.6111080742736426,5586.113952496865,61.215354099220065,-0.1745,78.36146341804367,-10.48685610484551,0.165,4.8374770343545865,0.5183394896382502
80.4999999999997,-2.611846403606417,5593.9504971066535,60.166637026654215,-0.1745,78.36942877773865,-10.487485346471507,0.165,4.8374770343545865,0.5183394896382502
80.5999999999997,-2.612585856418097,5601.787836531606,59.11785715669984,-0.1745,78.377359721322,-10.488112052615913,0.165,4.8374770343545865,0.5183394896382502
80.69999999999969,-2.613326423293269,5609.625967337678,58.0690147447017,-0.1745,78.38525640011669,-10.48873618734692,0.165,4.8374770343545865,0.5183394896382502
80.79999999999968,-2.614068097630895,5617.46488610579,57.020110048719786,-0.1745,78.3931189621244,-10.489357732291326,0.165,4.8374770343545865,0.5183394896382502
80.89999999999968,-2.614810874584859,5625.30458943155,55.97114332810619,-0.1745,78.40094755307028,-10.48997667998063,0.165,4.8374770343545865,0.5183394896382502
80.99999999999967,-2.615554750405189,5633.145073925056,54.922114842621504,-0.1745,78.40874231705337,-10.49059302971304,0.165,4.8374770343545865,0.5183394896382502
81.09999999999967,-2.6162997220284305,5640.986336210756,53.87302485188684,-0.1745,78.41650339695178,-10.491206784980292,0.165,4.8374770343545865,0.5183394896382502
81.19999999999966,-2.6170457868229597,5648.828372927338,52.82387361504444,-0.1745,78.42423093467542,-10.491817951867656,0.165,4.8374770343545865,0.5183394896382502
81.29999999999966,-2.617792942430622,5656.671180727638,51.774661390548104,-0.1745,78.4319250713237,-10.492426538059117,0.165,4.8374770343545865,0.5183394896382502
81.39999999999965,-2.6185411866682733,5664.514756278569,50.7253884360342,-0.1745,78.43958594728436,-10.49303255221892,0.165,4.8374770343545865,0.5183394896382502
81.49999999999964,-2.619290517466541,5672.359096261048,49.6760550082429,-0.1745,78.44721370229558,-10.493636003607103,0.165,4.8374770343545865,0.5183394896382502
81.59999999999964,-2.6200409328317424,5680.204197369937,48.626661362970516,-0.1745,78.45480847548531,-10.494236901840512,0.165,4.8374770343545865,0.5183394896382502
81.69999999999963,-2.620792430822194,5688.050056313981,47.57720775504128,-0.1745,78.46237040539634,-10.494835256744297,0.165,4.8374770343545865,0.5183394896382502
81.79999999999963,-2.6215450095334547,5695.896669815751,46.527694438291086,-0.1745,78.46989963000267,-10.495431078259617,0.165,4.8374770343545865,0.5183394896382502
81.89999999999962,-2.622298667089133,5703.744034611587,45.47812166555879,-0.1745,78.47739628672026,-10.496024376386314,0.165,4.8374770343545865,0.5183394896382502
81.99999999999962,-2.623053401635152,5711.592147451544,44.428489688682106,-0.1745,78.4848605124145,-10.49661516114731,0.165,4.8374770343545865,0.5183394896382502
82.09999999999961,-2.623809211336159,5719.441005099336,43.378798758496416,-0.1745,78.49229244340545,-10.497203442566512,0.165,4.8374770343545865,0.5183394896382502
82.1999999999996,-2.4469485885979694,5727.290604332279,42.329049124835336,-0.1745,78.49969221547185,-10.497789230655107,0.165,4.8374770343545865,0.5183394896382502
82.2999999999996,-2.5151729298390535,5735.144069511016,41.31428805621911,-0.1495,78.56961135925825,-9.797432141669313,0.165,4.8374770343545865,0.5183394896382502
82.3999999999996,-2.55785426829026,5742.999300897926,40.321313251641875,-0.1745,78.5350163789543,-10.062063949875464,0.165,4.8374770343545865,0.5183394896382502
82.49999999999959,-2.4073421826467394,5750.851877355832,39.30687309407244,-0.1745,78.5165127791458,-10.226739201513274,0.165,4.8374770343545865,0.5183394896382502
82.59999999999958,-2.4914343257271154,5758.70805231414,38.31382311508781,-0.1495,78.60698638702989,-9.634260378179285,0.495,4.8374770343545865,0.5183394896382502
82.69999999999958,-2.5439780653498083,5766.566512170335,37.33405843973228,-0.1745,78.56221073686736,-9.961033128931264,0.165,4.8374770343545865,0.5183394896382502
82.79999999999957,-2.576908172117942,5774.421495376545,36.32779060196429,-0.1745,78.53745338733408,-10.16432362642861,0.165,4.8374770343545865,0.5183394896382502
82.89999999999957,-2.5976497813357797,5782.274616420867,35.30503216287955,-0.1745,78.5249674991014,-10.290845155266156,0.165,4.8374770343545865,0.5183394896382502
82.99999999999956,-2.61081954473392,5790.12686648358,34.27200715001974,-0.1745,78.52003375516624,-10.369655101930023,0.165,4.8374770343545865,0.5183394896382502
83.09999999999955,-2.6192866404075006,5797.9788559836115,33.232583381931875,-0.1745,78.5197562454692,-10.418820259827257,0.165,4.8374770343545865,0.5183394896382502
83.19999999999955,-2.6248336613008667,5805.830961290992,32.189163887945476,-0.1745,78.5223499021382,-10.44956961990074,0.165,4.8374770343545865,0.5183394896382502
83.29999999999954,-2.628567868788471,5813.683414351826,31.14324139346863,-0.1745,78.52671131456188,-10.46888026963613,0.165,4.8374770343545865,0.5183394896382502
83.39999999999954,-2.6311769281671094,5821.536357780866,30.09574305703809,-0.1745,78.53215726622537,-10.48108645897475,0.165,4.8374770343545865,0.5183394896382502
83.49999999999953,-2.6330878607649293,5829.389878858779,29.047244722025294,-0.1745,78.53826429205186,-10.48888024128115,0.165,4.8374770343545865,0.5183394896382502
83.59999999999953,-2.6345658082274728,5837.244030562213,27.998104036243525,-0.1745,78.54476977662485,-10.493933474354249,0.165,4.8374770343545865,0.5183394896382502
83.69999999999952,-2.6357753852864896,5845.098844591808,26.94854314574519,-0.1745,78.55151081528327,-10.49728433561243,0.165,4.8374770343545865,0.5183394896382502
83.79999999999951,-2.636818786004847,5852.95433945024,25.898700056440774,-0.1745,78.55838635334523,-10.499577450475904,0.165,4.8374770343545865,0.5183394896382502
83.89999999999951,-2.6377594485917655,5860.810525453683,24.848660531374254,-0.1745,78.56533371551414,-10.501213050854512,0.165,4.8374770343545865,0.5183394896382502
83.9999999999995,-1.8418248251497178,5868.667407841795,23.798477898090955,-0.1745,78.5723140467089,-10.502439614811449,0.165,4.8374770343545865,0.5183394896382502
84.0999999999995,-2.144852278986943,5876.52474915986,22.90675004681968,-0.06225,78.57451231461349,-7.332117410614053,0.8300000000000001,4.8374770343545865,0.5183394896382502
84.19999999999949,-2.3342777419779868,5884.372693856783,22.11456694953016,-0.1745,78.38438162385144,-8.511544535176322,0.165,4.8374770343545865,0.5183394896382502
84.29999999999949,-2.4527296744782374,5892.205549545072,21.226620337184848,-0.1745,78.2727321419202,-9.247387711729946,0.165,4.8374770343545865,0.5183394896382502
84.39999999999948,-2.526869134250793,5900.029580071146,20.278920651929912,-0.1745,78.20787837954991,-9.706605993368777,0.165,4.8374770343545865,0.5183394896382502
84.49999999999947,-2.5733607844925963,5907.848543072597,19.293929545299104,-0.1745,78.17138164948143,-9.993216139247368,0.165,4.8374770343545865,0.5183394896382502
84.59999999999947,-2.60261169988929,5915.6647241283235,18.28566152411634,-0.1745,78.15223946505856,-10.172144284407933,0.165,4.8374770343545865,0.5183394896382502
84.69999999999946,-2.621116064496886,5923.479525134224,17.2628583570966,-0.1745,78.1437806529528,-10.28391905598684,0.165,4.8374770343545865,0.5183394896382502
84.79999999999946,-2.6329239871149035,5931.2938101193595,16.230970955111317,-0.1745,78.14191904975459,-10.353828983718827,0.165,4.8374770343545865,0.5183394896382502
84.89999999999945,-2.6405602619744597,5939.108112864324,15.193397198956113,-0.1745,78.14413584953411,-10.397646139385254,0.165,4.8374770343545865,0.5183394896382502
84.99999999999945,-2.645598344344875,5946.922763268394,14.152254709714384,-0.1745,78.14887223187695,-10.42520364544931,0.165,4.8374770343545865,0.5183394896382502
85.09999999999944,-2.6490185979697167,5954.737964936279,13.108863016176564,-0.1745,78.15516112582274,-10.442630225307106,0.165,4.8374770343545865,0.5183394896382502
85.19999999999943,-2.6514317505995137,5962.553843076933,12.064044258595219,-0.1745,78.16240168724775,-10.453744926319795,0.165,4.8374770343545865,0.5183394896382502
85.29999999999943,-2.65321821095525,5970.37047417578,11.018310654638597,-0.1745,78.17022028970355,-10.460927152812644,0.165,4.8374770343545865,0.5183394896382502
85.39999999999942,-1.8623188161692361,5978.187904414999,9.971981338771306,-0.1745,78.17838449467109,-10.465659164533198,0.165,4.8374770343545865,0.5183394896382502
85.49999999999942,-2.1624180639929254,5986.005887541716,9.082148937449116,-0.06225,78.18127803966749,-7.330988861910585,0.8300000000000001,4.8374770343545865,0.5183394896382502
85.59999999999941,-2.3505987937883353,5993.814752742954,8.290930207455332,-0.1745,77.99602598508888,-8.493385737965065,0.165,4.8374770343545865,0.5183394896382502
85.6999999999994,-2.4686339109341398,6001.608932633344,7.4052120649266575,-0.1745,77.88757182271162,-9.22097711260843,0.165,4.8374770343545865,0.5183394896382502
85.7999999999994,-2.5427345712553153,6009.394564731067,6.460336550723157,-0.1745,77.82507013173132,-9.676533171461582,0.165,4.8374770343545865,0.5183394896382502
85.8999999999994,-2.5893368739381453,6017.175343452312,5.478419895377058,-0.1745,77.79050429316085,-9.961799935460386,0.165,4.8374770343545865,0.5183394896382502
85.99999999999939,-2.618737884144284,6024.953523032519,4.473305247708082,-0.1745,77.77308731098215,-10.140493017919141,0.165,4.8374770343545865,0.5183394896382502
86.09999999999938,-2.637383501969446,6032.7304902805145,3.4536549228391142,-0.1745,77.76625764893052,-10.252513479460221,0.165,4.8374770343545865,0.5183394896382502
86.19999999999938,-2.6493063925238802,6040.5071023477285,2.4248873561225044,-0.1745,77.76598369534176,-10.322837854871976,0.165,4.8374770343545865,0.5183394896382502
86.29999999999937,-2.6570283556038534,6048.2838901606865,1.3903908074623164,-0.1745,77.76977256382598,-10.367093118331786,0.165,4.8374770343545865,0.5183394896382502
86.39999999999937,-10000.0,6056.061182624518,0.3522835162148077,-0.1745,77.77607671280526,-10.395052706618388,0.165,4.8374770343545865,0.5183394896382502
