t,reward,x,y,theta,vx,vy,throttle,wind_vx,wind_vy
0.0,0.0,290.8406082156681,847.1494004388694,0.032433869557708495,41.52135394764149,4.983208955350737,0.5,-0.5127095793867995,3.1992506162264953
0.1,-2.2337616827202607,290.8406082156681,847.1494004388694,0.032433869557708495,41.52135394764149,4.983208955350737,0.5,-0.5127095793867995,3.1992506162264953
0.2,-1.2626063572829207,294.988153133262,847.5710283034658,-0.0798161304422915,41.429544404237035,3.4493483365782502,0.165,-0.5127095793867995,3.1992506162264953
0.30000000000000004,-0.48674800169555654,299.1181455282131,847.8145357101499,-0.1745,41.17030349478455,1.42079979710421,0.165,-0.5127095793867995,3.1992506162264953
0.4,-0.1300663916503098,303.22722869549284,847.8767533327311,-0.1745,41.01135985081013,-0.17644734547967622,0.165,-0.5127095793867995,3.1992506162264953
0.5,-0.6182264553305349,307.32388144683125,847.795993066423,-0.1745,40.9216951759577,-1.4387579806829494,0.165,-0.5127095793867995,3.1992506162264953
0.6,-1.0029597210299874,311.41402384812636,847.6021879655743,-0.1745,40.88115284994501,-2.4373440362905567,0.165,-0.5127095793867995,3.1992506162264953
0.7,-1.3049990547177441,315.50188857648016,847.3189740751229,-0.1745,40.876141717130395,-3.226933772736783,0.165,-0.5127095793867995,3.1992506162264953
0.7999999999999999,-1.5412290307690513,319.5905573514973,846.96510059138,-0.1745,40.897233783212506,-3.850535902123017,0.165,-0.5127095793867995,3.1992506162264953
0.8999999999999999,-1.7252931366376576,323.68230602994595,846.5554573588505,-0.1745,40.93773978576025,-4.3423287484668105,0.165,-0.5127095793867995,3.1992506162264953
0.9999999999999999,-1.86814396093739,327.7788342919929,846.1018612531775,-0.1745,40.99282545517876,-4.729593364993927,0.165,-0.5127095793867995,3.1992506162264953
1.0999999999999999,-1.9785263939688762,331.88142273430924,845.6136756465185,-0.1745,41.05894339114838,-5.034118768185902,0.165,-0.5127095793867995,3.1992506162264953
1.2,-2.063391523886322,335.99104276295424,845.098305500967,-0.1745,41.13345718175164,-5.2732841428433135,0.165,-0.5127095793867995,3.1992506162264953
1.3,-2.1282443032441813,340.1084349533953,844.5615952682595,-0.1745,41.214386627069544,-5.4609205113057495,0.165,-0.5127095793867995,3.1992506162264953
1.4000000000000001,-2.1774311694718445,344.2341658534067,844.0081488641782,-0.1745,41.30023137315774,-5.608007570317722,0.165,-0.5127095793867995,3.1992506162264953
1.5000000000000002,-2.2143751792234094,348.3686697476431,843.4415864883981,-0.1745,41.38984651157019,-5.7232399452849405,0.165,-0.5127095793867995,3.1992506162264953
1.6000000000000003,-2.241766453185864,352.51227974026335,842.8647501444956,-0.1745,41.48235334083517,-5.8134869327667005,0.165,-0.5127095793867995,3.1992506162264953
1.7000000000000004,-2.2617152979394346,356.6652511262321,842.2798675740945,-0.1745,41.57707437853957,-5.88416447525445,0.165,-0.5127095793867995,3.1992506162264953
1.8000000000000005,-2.2758746056899692,360.82777911513216,841.6886826097224,-0.1745,41.67348539946195,-5.939534812188292,0.165,-0.5127095793867995,3.1992506162264953
1.9000000000000006,-2.2855372428118037,365.00001236649587,841.0925585288452,-0.1745,41.7711796278119,-5.982946805355339,0.165,-0.5127095793867995,3.1992506162264953
2.0000000000000004,-2.291713248975839,369.18206338486016,840.4925597936218,-0.1745,41.86984073947359,-6.017027899113246,0.165,-0.5127095793867995,3.1992506162264953
2.1000000000000005,-2.295190846718839,373.3740165387865,839.8895165538074,-0.1745,41.9692223390541,-6.043836897173927,0.165,-0.5127095793867995,3.1992506162264953
2.2000000000000006,-2.296584536429702,377.57593426843243,839.2840754501232,-0.1745,42.069132253863856,-6.0649851765120975,0.165,-0.5127095793867995,3.1992506162264953
2.3000000000000007,-2.2963729319071784,381.78786190359153,838.6767395610957,-0.1745,42.16942044931838,-6.081732604037541,0.165,-0.5127095793867995,3.1992506162264953
2.400000000000001,-2.294928472924153,386.00983141061727,838.0678997676881,-0.1745,42.26996969119673,-6.095063264113724,0.165,-0.5127095793867995,3.1992506162264953
2.500000000000001,-2.292540723792566,390.2418643105116,837.4578593479251,-0.1745,42.37068830668942,-6.105745131145493,0.165,-0.5127095793867995,3.1992506162264953
2.600000000000001,-2.289434618704867,394.483973953775,836.8468532407162,-0.1745,42.47150455857868,-6.1143770130328114,0.165,-0.5127095793867995,3.1992506162264953
2.700000000000001,-2.285784733385839,398.736167294959,836.2350631186843,-0.1745,42.57236226510145,-6.121425427606088,0.165,-0.5127095793867995,3.1992506162264953
2.800000000000001,-2.281726436937763,402.998446277477,835.622629170594,-0.1745,42.67321738525828,-6.127253534199838,0.165,-0.5127095793867995,3.1992506162264953
2.9000000000000012,-2.277364597642373,407.2708089144625,835.009659303564,-0.1745,42.774035354452195,-6.132143806398522,0.165,-0.5127095793867995,3.1992506162264953
3.0000000000000013,-2.2727803732898217,411.5532501324088,834.3962363241551,-0.1745,42.874789004472944,-6.136315781779254,0.165,-0.5127095793867995,3.1992506162264953
3.1000000000000014,-1.7531561173508194,415.84576242959406,833.7824235378376,-0.1745,42.97545693923245,-6.139939944569515,0.165,-0.5127095793867995,3.1992506162264953
3.2000000000000015,-1.8693488195645291,420.14485480493556,833.225050956685,-0.06225,43.00639056759724,-5.007511678484563,0.8300000000000001,-0.5127095793867995,3.1992506162264953
3.3000000000000016,-1.9578950356944704,424.44888728806427,832.7112430814492,-0.1745,43.07425909497646,-5.268645826230151,0.165,-0.5127095793867995,3.1992506162264953
3.4000000000000017,-2.0250110018709515,428.7600860560365,832.1742477970685,-0.1745,43.149716264468964,-5.4712598613856045,0.165,-0.5127095793867995,3.1992506162264953
3.5000000000000018,-2.0755457444719427,433.07911749055984,831.6192658184442,-0.1745,43.230912425996735,-5.6283797111005684,0.165,-0.5127095793867995,3.1992506162264953
3.600000000000002,-2.1132722337915766,437.40648583393835,831.0503373261005,-0.1745,43.316454441573164,-5.750190135773124,0.165,-0.5127095793867995,3.1992506162264953
3.700000000000002,-1.622314942723448,441.7425728836258,830.4705959676085,-0.1745,43.4052865521766,-5.844637034067237,0.165,-0.5127095793867995,3.1992506162264953
3.800000000000002,-1.7652857809464784,446.0831576547797,829.9402299414435,-0.06225,43.406408870900705,-4.762683489232892,0.495,-0.5127095793867995,3.1992506162264953
3.900000000000002,-1.8743641934378694,450.42674612784316,829.4479304793092,-0.1745,43.46536059036815,-5.0833057534530655,0.165,-0.5127095793867995,3.1992506162264953
4.000000000000002,-1.957202510641397,454.7767139402398,828.9271866934996,-0.1745,43.53399565756441,-5.33156996273925,0.165,-0.5127095793867995,3.1992506162264953
4.100000000000001,-2.0197662395917666,459.13390961229686,828.384424784891,-0.1745,43.60991778357706,-5.523668209432082,0.165,-0.5127095793867995,3.1992506162264953
4.200000000000001,-2.066692427766931,463.498972375566,827.8246291386953,-0.1745,43.69133748180506,-5.6722447144841395,0.165,-0.5127095793867995,3.1992506162264953
4.300000000000001,-2.101576850415824,467.87238467384344,827.2516593555192,-0.1745,43.77690848374451,-5.7871509490373265,0.165,-0.5127095793867995,3.1992506162264953
4.4,-2.12720223936652,472.2545106997839,826.6684994940779,-0.1745,43.86561203506449,-5.8760462797894375,0.165,-0.5127095793867995,3.1992506162264953
4.5,-2.1457184632798416,476.6456249870503,826.077453459377,-0.1745,43.95667371026428,-5.944874414226825,0.165,-0.5127095793867995,3.1992506162264953
4.6,-2.158784032927332,481.0459338104987,825.4802977429018,-0.1745,44.04950275870266,-5.99823991527611,0.165,-0.5127095793867995,3.1992506162264953
4.699999999999999,-2.1676767709758766,485.45559131590204,824.8784005170019,-0.1745,44.14364734936478,-6.039704602722739,0.165,-0.5127095793867995,3.1992506162264953
4.799999999999999,-2.173380076701884,489.87471174433205,824.2728142839911,-0.1745,44.23876121923586,-6.072020057491822,0.165,-0.5127095793867995,3.1992506162264953
4.899999999999999,-2.176649985396743,494.3033787362626,823.6643478095613,-0.1745,44.33457861937509,-6.097309431105919,0.165,-0.5127095793867995,3.1992506162264953
4.999999999999998,-2.1780671823126605,498.74165243590534,823.0536218765309,-0.1745,44.430895373479835,-6.1172092295013165,0.165,-0.5127095793867995,3.1992506162264953
5.099999999999998,-2.178077272111669,503.1895749288712,822.441112433646,-0.1745,44.527554485837754,-6.132979628195337,0.165,-0.5127095793867995,3.1992506162264953
5.1999999999999975,-2.1770219069063277,507.647174411361,821.8271839454918,-0.1745,44.62443516395851,-6.145590134889943,0.165,-0.5127095793867995,3.1992506162264953
5.299999999999997,-2.17516281568962,512.1144683906376,821.2121151388914,-0.1745,44.72144442157344,-6.155785997118188,0.165,-0.5127095793867995,3.1992506162264953
5.399999999999997,-2.1727003321315244,516.591466143812,820.5961188586147,-0.1745,44.818510641913555,-6.164139608416151,0.165,-0.5127095793867995,3.1992506162264953
5.4999999999999964,-2.169787665388397,521.0781706077219,819.9793573656217,-0.1745,44.91557863628319,-6.171090251442201,0.165,-0.5127095793867995,3.1992506162264953
5.599999999999996,-2.1665418815788815,525.5745798318737,819.3619541135678,-0.1745,45.01260584675409,-6.176974789635985,0.165,-0.5127095793867995,3.1992506162264953
5.699999999999996,-2.163052346705862,530.0806880955244,818.7440028068414,-0.1745,45.10955942625808,-6.182051344891735,0.165,-0.5127095793867995,3.1992506162264953
5.799999999999995,-2.1593872125490203,534.596486766468,818.1255743622343,-0.1745,45.206413992616596,-6.186517547250408,0.165,-0.5127095793867995,3.1992506162264953
5.899999999999995,-2.155598395304465,539.1219649611384,817.5067222554284,-0.1745,45.303149900790515,-6.190524588867421,0.165,-0.5127095793867995,3.1992506162264953
5.999999999999995,-2.1517253944130714,543.6571100518722,816.8874866240778,-0.1745,45.3997519138859,-6.194188038142832,0.165,-0.5127095793867995,3.1992506162264953
6.099999999999994,-2.147798219671262,548.2019080566217,816.2678974144458,-0.1745,45.49620818110484,-6.197596154498523,0.165,-0.5127095793867995,3.1992506162264953
6.199999999999994,-2.1438396332855927,552.7563439382769,815.647976792884,-0.1745,45.59250945199927,-6.200816276735078,0.165,-0.5127095793867995,3.1992506162264953
6.299999999999994,-2.1398668660320825,557.3204018345085,815.027740992658,-0.1745,45.6886484726327,-6.2038997277868,0.165,-0.5127095793867995,3.1992506162264953
6.399999999999993,-2.135892929994783,561.8940652342275,814.4072017273788,-0.1745,45.7846195217473,-6.206885577795945,0.165,-0.5127095793867995,3.1992506162264953
6.499999999999993,-2.131927622052701,566.4773171130474,813.7863672720249,-0.1745,45.8804180546522,-6.2098035292831275,0.165,-0.5127095793867995,3.1992506162264953
6.5999999999999925,-2.127978290465421,571.0701400372781,813.165243289174,-0.1745,45.97604042996019,-6.2126761277358105,0.165,-0.5127095793867995,3.1992506162264953
6.699999999999992,-2.1240504201036563,575.6725162437767,812.5438334600765,-0.1745,46.07148370001363,-6.215520454213128,0.165,-0.5127095793867995,3.1992506162264953
6.799999999999992,-2.120148078939442,580.2844277012897,811.9221399663414,-0.1745,46.16674545024606,-6.218349420487197,0.165,-0.5127095793867995,3.1992506162264953
6.8999999999999915,-2.116274258466992,584.9058561576081,811.3001638573468,-0.1745,46.26182367612294,-6.221172759406836,0.165,-0.5127095793867995,3.1992506162264953
6.999999999999991,-2.1124311330847214,589.5367831758605,810.6779053302907,-0.1745,46.35671668892385,-6.223997781712819,0.165,-0.5127095793867995,3.1992506162264953
7.099999999999991,-2.1086202576023703,594.1771901624891,810.0553639435049,-0.1745,46.45142304364697,-6.226829954005953,0.165,-0.5127095793867995,3.1992506162264953
7.19999999999999,-2.104842717535757,598.827058388865,809.4325387788122,-0.1745,46.54594148387157,-6.229673339847644,0.165,-0.5127095793867995,3.1992506162264953
7.29999999999999,-1.977197671215296,603.4863690080392,808.8094285650104,-0.1745,46.64027089961171,-6.232530936187709,0.165,-0.5127095793867995,3.1992506162264953
7.39999999999999,-2.004661609807888,608.1585855930274,808.2003097845097,-0.1495,46.80406080015205,-5.949844673826999,0.8300000000000001,-0.5127095793867995,3.1992506162264953
7.499999999999989,-2.0234630279193717,612.8448479090442,807.6013448368443,-0.1745,46.921185520185716,-6.0294542794813255,0.495,-0.5127095793867995,3.1992506162264953
7.599999999999989,-2.036722478172278,617.5413065909585,806.9956342292551,-0.1745,47.007988118098496,-6.084757872303249,0.165,-0.5127095793867995,3.1992506162264953
7.699999999999989,-2.0458162005269602,622.2465203213342,806.3850388055262,-0.1745,47.09628648941494,-6.127150602274705,0.165,-0.5127095793867995,3.1992506162264953
7.799999999999988,-2.051783230119906,626.9606177590741,805.7706910934481,-0.1745,47.18566226538331,-6.159803639286457,0.165,-0.5127095793867995,3.1992506162264953
7.899999999999988,-2.0554072522254154,631.6836909026935,805.1534450860345,-0.1745,47.275800607002395,-6.18511650898607,0.165,-0.5127095793867995,3.1992506162264953
7.999999999999988,-2.0572788237761515,636.4158041507719,804.5339441078902,-0.1745,47.36646435456761,-6.204903053899146,0.165,-0.5127095793867995,3.1992506162264953
8.099999999999987,-2.057842590017198,641.1570011057258,803.9126722981767,-0.1745,47.45747474451114,-6.220533140369352,0.165,-0.5127095793867995,3.1992506162264953
8.199999999999987,-2.057433063297702,645.907309691517,803.2899936184454,-0.1745,47.54869697131194,-6.233040454257635,0.165,-0.5127095793867995,3.1992506162264953
8.299999999999986,-2.0563017013022176,650.6667460074624,802.6661813768233,-0.1745,47.6400293475962,-6.243204378183934,0.165,-0.5127095793867995,3.1992506162264953
8.399999999999986,-2.0546373783622847,655.4353172323396,802.0414405528179,-0.1745,47.7313951499481,-6.2516121019232775,0.165,-0.5127095793867995,3.1992506162264953
8.499999999999986,-2.0525818469678554,660.2130238136831,801.4159246634841,-0.1745,47.8227364769218,-6.258705684751274,0.165,-0.5127095793867995,3.1992506162264953
8.599999999999985,-1.48024927530612,664.9998611184691,800.7897484952678,-0.1745,47.91400961879757,-6.264817679575744,0.165,-0.5127095793867995,3.1992506162264953
8.699999999999985,-0.5032508769590572,669.7894528745836,800.2329738763591,-0.06225,47.877825503492346,-4.870674698597937,0.165,-0.5127095793867995,3.1992506162264953
8.799999999999985,-0.3345424432969168,674.5546774549005,799.864772395337,0.04999999999999999,47.42666610284539,-2.4933549218429234,0.495,-0.5127095793867995,3.1992506162264953
8.899999999999984,-0.7658574829485059,679.296666295494,799.6355249511281,-0.06225,47.41311070902523,-2.091593962336145,0.165,-0.5127095793867995,3.1992506162264953
8.999999999999984,-1.091754153819625,684.034834073984,799.375301632421,-0.1745,47.35024486077546,-3.1128724118044095,0.165,-0.5127095793867995,3.1992506162264953
9.099999999999984,-1.3372005683136146,688.7688431328763,799.0253258129408,-0.1745,47.32993631707157,-3.886643977801214,0.165,-0.5127095793867995,3.1992506162264953
9.199999999999983,-1.5214739247336464,693.5023316202884,798.6073690102712,-0.1745,47.33983343116956,-4.472492075590436,0.165,-0.5127095793867995,3.1992506162264953
9.299999999999983,-1.6593746898076915,698.2378956250324,798.1379604801567,-0.1745,47.371446663710024,-4.915678526700083,0.165,-0.5127095793867995,3.1992506162264953
9.399999999999983,-1.762212676967836,702.9774089931593,797.6296420885697,-0.1745,47.418820698830004,-5.250689305041219,0.165,-0.5127095793867995,3.1992506162264953
9.499999999999982,-1.8385966548670196,707.7222355313515,797.0919176328001,-0.1745,47.477710065014364,-5.503799810349237,0.165,-0.5127095793867995,3.1992506162264953
9.599999999999982,-1.8950585375805906,712.4733735125768,796.5319775252417,-0.1745,47.54504955949181,-5.695002340818546,0.165,-0.5127095793867995,3.1992506162264953
9.699999999999982,-1.9365415115469924,717.231556195342,795.9552533956619,-0.1745,47.618604095811335,-5.839480250777777,0.165,-0.5127095793867995,3.1992506162264953
9.799999999999981,-1.9667784450406258,721.9973229699278,795.3658422620416,-0.1745,47.6967313959053,-5.948742421627122,0.165,-0.5127095793867995,3.1992506162264953
9.89999999999998,-1.9885832180193266,726.7710704261937,794.7668303077609,-0.1745,47.778217729411736,-6.031496663988378,0.165,-0.5127095793867995,3.1992506162264953
9.99999999999998,-2.0040737899997145,731.5530894212649,794.1605394405742,-0.1745,47.86216217201147,-6.09432067974398,0.165,-0.5127095793867995,3.1992506162264953
10.09999999999998,-2.014842266904738,736.3435922218277,793.548714609303,-0.1745,47.947893839245765,-6.142175945678546,0.165,-0.5127095793867995,3.1992506162264953
10.19999999999998,-2.022084118700952,741.1427325132005,792.9326658085441,-0.1745,48.03491198820842,-6.178800069499472,0.165,-0.5127095793867995,3.1992506162264953
10.29999999999998,-2.0266960927025757,745.9506202253395,792.3133755298932,-0.1745,48.1228422545727,-6.207005503520005,0.165,-0.5127095793867995,3.1992506162264953
10.399999999999979,-2.0293502433513724,750.7673325601056,791.6915799347931,-0.1745,48.21140444074768,-6.228906398480011,0.165,-0.5127095793867995,3.1992506162264953
10.499999999999979,-2.030549803419909,755.592922215734,791.0678300889963,-0.1745,48.300388671819796,-6.24609051745755,0.165,-0.5127095793867995,3.1992506162264953
10.599999999999978,-2.0306712873148975,760.42742353286,790.4425380991364,-0.1745,48.38963767069953,-6.259749279739158,0.165,-0.5127095793867995,3.1992506162264953
10.699999999999978,-2.029996178618996,765.2708570934543,789.8160118361145,-0.1745,48.479033541188414,-6.27077598069861,0.165,-0.5127095793867995,3.1992506162264953
10.799999999999978,-2.0287347521060717,770.1232331650478,789.1884810432135,-0.1745,48.56848789068194,-6.279839877320972,0.165,-0.5127095793867995,3.1992506162264953
10.899999999999977,-2.027043965004784,774.9845542814531,788.5601169490939,-0.1745,48.65793443742465,-6.287442005072902,0.165,-0.5127095793867995,3.1992506162264953
10.999999999999977,-1.8952022514183398,779.8548171769174,787.9310469894446,-0.1745,48.74732347186094,-6.293957187914246,0.165,-0.5127095793867995,3.1992506162264953
11.099999999999977,-1.9268886297185883,784.7343997286448,787.3174200127248,-0.1495,48.84432756268591,-5.978582346479311,0.165,-0.5127095793867995,3.1992506162264953
11.199999999999976,-1.9496814454485756,789.622741753895,786.7151890850487,-0.1745,48.92251294231689,-6.066036207043938,0.165,-0.5127095793867995,3.1992506162264953
11.299999999999976,-1.9658632059705814,794.5190378483117,786.1052890961794,-0.1745,49.00340894601671,-6.131963570341488,0.165,-0.5127095793867995,3.1992506162264953
11.399999999999975,-1.9771367377673388,799.4235214221048,785.4895986689784,-0.1745,49.086262529846934,-6.1818449736783645,0.165,-0.5127095793867995,3.1992506162264953
11.499999999999975,-1.984770987378544,804.336360356196,784.8695175593091,-0.1745,49.17051615197675,-6.219777219707074,0.165,-0.5127095793867995,3.1992506162264953
11.599999999999975,-1.9897106361765808,809.2576739790674,784.246087731788,-0.1745,49.25575630545051,-6.248819330714918,0.165,-0.5127095793867995,3.1992506162264953
11.699999999999974,-1.9926583295159732,814.1875455918279,783.620084107459,-0.1745,49.34167594975916,-6.27125315586388,0.165,-0.5127095793867995,3.1992506162264953
11.799999999999974,-1.9941362519261658,819.1260317356051,782.9920824857609,-0.1745,49.42804692578696,-6.28877927809788,0.165,-0.5127095793867995,3.1992506162264953
11.899999999999974,-1.9958041418957513,824.0731690625088,782.3625103206654,-0.1745,49.51469961228618,-6.302664023811662,0.165,-0.5127095793867995,3.1992506162264953
11.999999999999973,-1.9944804052353944,829.0322539416615,781.7311073663861,-0.1745,49.66699797076778,-6.3253950617728245,0.8300000000000001,-0.5127095793867995,3.1992506162264953
12.099999999999973,-1.9928225888817044,834.0033049405201,781.0982244175284,-0.1745,49.75402200640567,-6.332263915382944,0.165,-0.5127095793867995,3.1992506162264953
12.199999999999973,-1.9909245091039882,838.9830538872925,780.4646982336259,-0.1745,49.840956929041944,-6.3382597626671755,0.165,-0.5127095793867995,3.1992506162264953
12.299999999999972,-1.9888555582852718,843.9714903210471,779.8306046235392,-0.1745,49.92777174605049,-6.343612439065377,0.165,-0.5127095793867995,3.1992506162264953
12.399999999999972,-1.9866670157462636,848.9686010774413,779.1959993841774,-0.1745,50.01444338183552,-6.3484923481718045,0.165,-0.5127095793867995,3.1992506162264953
12.499999999999972,-1.9843967365721285,853.9743709789274,778.5609234800219,-0.1745,50.100954647883796,-6.35302573493915,0.165,-0.5127095793867995,3.1992506162264953
12.599999999999971,-1.9820726330108882,858.9887833479162,777.9254068905223,-0.1745,50.187292731891496,-6.357306055052833,0.165,-0.5127095793867995,3.1992506162264953
12.69999999999997,-1.9797152576981385,864.0118203881905,777.2894714661417,-0.1745,50.27344807359518,-6.361402432560082,0.165,-0.5127095793867995,3.1992506162264953
12.79999999999997,-1.977339719214464,869.0434634683033,776.6531330471477,-0.1745,50.35941352866172,-6.3653659473207815,0.165,-0.5127095793867995,3.1992506162264953
12.89999999999997,-1.976235889124355,874.0836933320916,776.0164030344755,-0.1745,50.44518374710394,-6.369234306123512,0.165,-0.5127095793867995,3.1992506162264953
12.99999999999997,-1.9729471033862735,879.1357647598044,775.3787122812528,-0.1745,50.596244807152445,-6.38458075833093,0.8300000000000001,-0.5127095793867995,3.1992506162264953
13.09999999999997,-1.96991196014225,884.1996652403053,774.7401825763185,-0.1745,50.68176480286657,-6.386013340355656,0.165,-0.5127095793867995,3.1992506162264953
13.199999999999969,-1.967069211049697,889.2721033083235,774.1014802936356,-0.1745,50.76699655749662,-6.388032313300904,0.165,-0.5127095793867995,3.1992506162264953
13.299999999999969,-1.964373741567533,894.353051152184,773.4625544130204,-0.1745,50.85196031971304,-6.39048529900398,0.165,-0.5127095793867995,3.1992506162264953
13.399999999999968,-1.96179232483948,899.4424827171757,772.8233671506431,-0.1745,50.936670980122024,-6.3932599485404245,0.165,-0.5127095793867995,3.1992506162264953
13.499999999999968,-1.9593004883126472,904.5403732397065,772.1838904803024,-0.1745,51.02113947049364,-6.396273458275132,0.165,-0.5127095793867995,3.1992506162264953
13.599999999999968,-1.9568802027630707,909.6466989032396,771.5441035664137,-0.1745,51.10537380016779,-6.399464819498508,0.165,-0.5127095793867995,3.1992506162264953
13.699999999999967,-1.954518178829252,914.7614365844032,770.9039908708348,-0.1745,51.189379823104616,-6.402789092079567,0.165,-0.5127095793867995,3.1992506162264953
13.799999999999967,-1.9522046120637433,919.8845636658162,770.2635407574329,-0.1745,51.273161805156676,-6.40621317595841,0.165,-0.5127095793867995,3.1992506162264953
13.899999999999967,-1.9499322589368784,925.0160578982388,769.622744464111,-0.1745,51.356722843294754,-6.409712690479994,0.165,-0.5127095793867995,3.1992506162264953
13.999999999999966,-1.9476957569046376,930.155897299164,768.9815953459542,-0.1745,51.44006517520983,-6.413269672654776,0.165,-0.5127095793867995,3.1992506162264953
14.099999999999966,-1.9454911243609168,935.3040600783147,768.3400883183,-0.1745,51.52319040780223,-6.416870880430955,0.165,-0.5127095793867995,3.1992506162264953
14.199999999999966,-1.9433153930947453,940.4605245829896,767.6982194471443,-0.1745,51.60609968569613,-6.4205065426815535,0.165,-0.5127095793867995,3.1992506162264953
14.299999999999965,-1.9411663382954971,945.6252692580464,767.0559856480685,-0.1745,51.68879381543896,-6.424169438833877,0.165,-0.5127095793867995,3.1992506162264953
14.399999999999965,-1.9390422803295508,950.7982726166673,766.4133844650464,-0.1745,51.77127335697837,-6.427854221607618,0.165,-0.5127095793867995,3.1992506162264953
14.499999999999964,-1.936941939292352,955.9795132190658,765.7704139080191,-0.1745,51.85353869099203,-6.43155691893791,0.165,-0.5127095793867995,3.1992506162264953
14.599999999999964,-1.9348643283449538,961.1689696570359,765.1270723336777,-0.1745,51.935590068409994,-6.435274567889868,0.165,-0.5127095793867995,3.1992506162264953
14.699999999999964,-1.932808675536514,966.366620542797,764.483358357996,-0.1745,52.017427646812784,-6.439004945743415,0.165,-0.5127095793867995,3.1992506162264953
14.799999999999963,-1.9307743665366097,971.5724445009959,763.8392707920804,-0.1745,52.09905151716301,-6.4427463725711505,0.165,-0.5127095793867995,3.1992506162264953
14.899999999999963,-1.9287609027072594,976.7864201630251,763.1948085951325,-0.1745,52.18046172342151,-6.446497566386159,0.165,-0.5127095793867995,3.1992506162264953
14.999999999999963,-1.9267678704217905,982.0085261630427,762.549970839967,-0.1745,52.26165827692908,-6.450257536922447,0.165,-0.5127095793867995,3.1992506162264953
15.099999999999962,-1.926100678836728,987.2387411352362,761.9047566877315,-0.1745,52.34264116694005,-6.45402550778898,0.165,-0.5127095793867995,3.1992506162264953
15.199999999999962,-1.923274243298786,992.4803182167869,761.2585880969922,-0.1745,52.488900464075236,-6.4693463069970125,0.8300000000000001,-0.5127095793867995,3.1992506162264953
15.299999999999962,-1.9207124844941434,997.7332432441,760.6115801751696,-0.1745,52.56960008218651,-6.470812129454134,0.165,-0.5127095793867995,3.1992506162264953
15.399999999999961,-1.918347721332473,1002.9942231438221,759.9643934607511,-0.1745,52.64999791225483,-6.472922158914325,0.165,-0.5127095793867995,3.1992506162264953
15.499999999999961,-1.9161307597338697,1008.2632289364245,759.3169722827744,-0.1745,52.73011793979344,-6.4755014006205105,0.165,-0.5127095793867995,3.1992506162264953
15.59999999999996,-1.2879352521494625,1013.5402337144272,758.669276086185,-0.1745,52.80997762026026,-6.478422531166661,0.165,-0.5127095793867995,3.1992506162264953
15.69999999999996,-1.46125257394446,1018.8192813603897,758.1055401825276,-0.06225,52.7709752989889,-4.796295541981503,0.165,-0.5127095793867995,3.1992506162264953
15.79999999999996,-1.586562885357667,1024.097015680198,757.6028078302978,-0.1745,52.783711097177196,-5.258351502613943,0.165,-0.5127095793867995,3.1992506162264953
15.89999999999996,-1.6769078929154968,1029.3769753489596,757.0601311109112,-0.1745,52.81548227805722,-5.595182885118512,0.165,-0.5127095793867995,3.1992506162264953
15.99999999999996,-1.7418340749530898,1034.6607835629932,756.4883344269018,-0.1745,52.86068200261275,-5.840750795069893,0.165,-0.5127095793867995,3.1992506162264953
16.09999999999996,-1.7883105576075444,1039.949587479561,755.895302241576,-0.1745,52.91539632874285,-6.0198929114462345,0.165,-0.5127095793867995,3.1992506162264953
16.19999999999996,-1.8214138636210846,1045.2442005320627,755.286770216596,-0.1745,52.97686472129068,-6.150747588153971,0.165,-0.5127095793867995,3.1992506162264953
16.29999999999996,-1.8448353526161654,1050.54520003376,754.6669058289591,-0.1745,53.04312531265488,-6.246540164583193,0.165,-0.5127095793867995,3.1992506162264953
16.399999999999963,-1.8612552777594695,1055.8529951065977,754.0387338375958,-0.1745,53.11277614410059,-6.316899662682933,0.165,-0.5127095793867995,3.1992506162264953
16.499999999999964,-1.872617378466149,1061.1678744857902,753.4044474740541,-0.1745,53.184811439746596,-6.368827608152137,0.165,-0.5127095793867995,3.1992506162264953
16.599999999999966,-1.7392047027294713,1066.4900404417267,752.7656356340627,-0.1745,53.258507678985566,-6.407409191675764,0.165,-0.5127095793867995,3.1992506162264953
16.699999999999967,-1.7840982549305784,1071.8204874483956,752.1424244902955,-0.1495,53.35043245439477,-6.056813683667804,0.165,-0.5127095793867995,3.1992506162264953
16.79999999999997,-1.8159824023576365,1077.1585658355245,751.5303695488265,-0.1745,53.4111352881819,-6.184285145713966,0.165,-0.5127095793867995,3.1992506162264953
16.89999999999997,-1.8384769133725296,1082.5029500943037,750.9072872150504,-0.1745,53.47654988740376,-6.277361529807144,0.165,-0.5127095793867995,3.1992506162264953
16.99999999999997,-1.854201790593852,1087.8540419306312,750.2761408434061,-0.1745,53.545286839143024,-6.34556590307925,0.165,-0.5127095793867995,3.1992506162264953
17.099999999999973,-1.8650511630610174,1093.2121238739035,749.639072513391,-0.1745,53.61635202630282,-6.395800697220573,0.165,-0.5127095793867995,3.1992506162264953
17.199999999999974,-1.8723930062998928,1098.5773930896162,748.9976293125964,-0.1745,53.68903228795054,-6.433063318672492,0.165,-0.5127095793867995,3.1992506162264953
17.299999999999976,-1.8772144220406586,1103.949985459632,748.3529277273276,-0.1745,53.762815112366894,-6.4609683867034535,0.165,-0.5127095793867995,3.1992506162264953
17.399999999999977,-1.8802271134679496,1109.329992803752,747.7057729041555,-0.1745,53.83733177003226,-6.482128076738155,0.165,-0.5127095793867995,3.1992506162264953
17.49999999999998,-1.8819438430820945,1114.7174752324256,747.0567450682563,-0.1745,53.91231680344113,-6.498428641245428,0.165,-0.5127095793867995,3.1992506162264953
17.59999999999998,-1.8827337855421156,1120.112470024854,746.4062620784885,-0.1745,53.98757904512528,-6.5112311541110275,0.165,-0.5127095793867995,3.1992506162264953
17.69999999999998,-1.8828625582259901,1125.5149980181598,745.7546246676169,-0.1745,54.06298082099064,-6.521517063321151,0.165,-0.5127095793867995,3.1992506162264953
17.799999999999983,-1.8825211440858989,1130.9250682090478,745.1020491337493,-0.1745,54.13842299677013,-6.529993614030531,0.165,-0.5127095793867995,3.1992506162264953
17.899999999999984,-1.8818467718507412,1136.3426810694664,744.4486909462864,-0.1745,54.2138342115993,-6.5371701352283385,0.165,-0.5127095793867995,3.1992506162264953
17.999999999999986,-1.8809379788302887,1141.7678309360474,743.7946617796708,-0.1745,54.28916312002134,-6.54341319708295,0.165,-0.5127095793867995,3.1992506162264953
18.099999999999987,-1.8798654696397241,1147.200507732018,743.1400417967503,-0.1745,54.364372799389564,-6.548986461327652,0.165,-0.5127095793867995,3.1992506162264953
18.19999999999999,-1.2336398795746024,1152.6406982078697,742.4848885010534,-0.1745,54.439436717646075,-6.554079452610036,0.165,-0.5127095793867995,3.1992506162264953
18.29999999999999,-1.4177381396828665,1158.084278727811,741.918463269413,-0.06225,54.432173681179734,-4.774425180199408,0.495,-0.5127095793867995,3.1992506162264953
18.39999999999999,-1.5494714875218742,1163.5275309344474,741.4157859467551,-0.1745,54.4328704515497,-5.2791212729580295,0.165,-0.5127095793867995,3.1992506162264953
18.499999999999993,-1.643493752772056,1168.9719449828622,740.8696888427049,-0.1745,54.45541051674286,-5.6428208080464035,0.165,-0.5127095793867995,3.1992506162264953
18.599999999999994,-1.7104088064664755,1174.4193739458156,740.2923001610882,-0.1745,54.493168742322894,-5.904952824289795,0.165,-0.5127095793867995,3.1992506162264953
18.699999999999996,-1.7578691711635233,1179.8711115474907,739.6923520551288,-0.1745,54.54158329117894,-6.094009294897273,0.165,-0.5127095793867995,3.1992506162264953
18.799999999999997,-1.791385487618653,1185.3280645912207,739.0761239859403,-0.1745,54.59747758342121,-6.230552088873558,0.165,-0.5127095793867995,3.1992506162264953
18.9,-1.8149190813198848,1190.7908695453582,738.4481264595,-0.1745,54.65862149932947,-6.329398439931683,0.165,-0.5127095793867995,3.1992506162264953
19.0,-1.8313135016673023,1196.2599726294784,737.8115959850849,-0.1745,54.72344018307436,-6.401211048372171,0.165,-0.5127095793867995,3.1992506162264953
19.1,-1.8426075190631106,1201.735685484205,737.1688527626659,-0.1745,54.790816911460084,-6.4536534000068215,0.165,-0.5127095793867995,3.1992506162264953
19.200000000000003,-1.8502614291073005,1207.2182242081558,736.5215587238822,-0.1745,54.85995756755211,-6.492227375665839,0.165,-0.5127095793867995,3.1992506162264953
19.300000000000004,-1.855320275499637,1212.7077369051567,735.8709033959144,-0.1745,54.93029637246652,-6.520879183689771,0.165,-0.5127095793867995,3.1992506162264953
19.400000000000006,-1.8585313488935804,1218.2043232110211,735.2177375953535,-0.1745,55.001429744822175,-6.542436827529309,0.165,-0.5127095793867995,3.1992506162264953
19.500000000000007,-1.860428640535345,1223.708048178375,734.5626694834491,-0.1745,55.07306960225615,-6.5589254105578885,0.165,-0.5127095793867995,3.1992506162264953
19.60000000000001,-1.8613934681556277,1229.2189521705875,733.9061335095416,-0.1745,55.14501024199235,-6.5717940675920286,0.165,-0.5127095793867995,3.1992506162264953
19.70000000000001,-1.8616979512175333,1234.7370579216176,733.2484398513811,-0.1745,55.21710477860936,-6.582079095617455,0.165,-0.5127095793867995,3.1992506162264953
19.80000000000001,-1.8615361592292832,1240.2623755778352,732.5898098415774,-0.1745,55.28924834574402,-6.59052110045634,0.165,-0.5127095793867995,3.1992506162264953
19.900000000000013,-1.861046410564426,1245.794906300304,731.9304013342373,-0.1745,55.361366103634886,-6.5976490463461435,0.165,-0.5127095793867995,3.1992506162264953
20.000000000000014,-1.860327224548358,1251.33464483901,731.270326856353,-0.1745,55.433404670485025,-6.603840511340874,0.165,-0.5127095793867995,3.1992506162264953
20.100000000000016,-1.8594487256717072,1256.8815813724063,730.6096665881134,-0.1745,55.50532599744333,-6.609364853450543,0.165,-0.5127095793867995,3.1992506162264953
20.200000000000017,-1.8584607914332574,1262.4357028217592,729.9484776397592,-0.1745,55.577102989614566,-6.614414113635066,0.165,-0.5127095793867995,3.1992506162264953
20.30000000000002,-1.8573988701811999,1267.996993790014,729.2868006777968,-0.1745,55.648716375480994,-6.619125125613396,0.165,-0.5127095793867995,3.1992506162264953
20.40000000000002,-1.8562881328705714,1273.5654372322492,728.6246646552648,-0.1745,55.720152469224864,-6.623595325025482,0.165,-0.5127095793867995,3.1992506162264953
20.50000000000002,-1.8551464342069477,1279.141014934297,727.9620901866685,-0.1745,55.79140157172732,-6.627894046899295,0.165,-0.5127095793867995,3.1992506162264953
20.600000000000023,-1.8539864234564885,1284.723707854301,727.2990919546017,-0.1745,55.862456828354446,-6.632070594437492,0.165,-0.5127095793867995,3.1992506162264953
20.700000000000024,-1.8528170482957336,1290.313496366387,726.6356804249472,-0.1745,55.93331341336715,-6.636159998654273,0.165,-0.5127095793867995,3.1992506162264953
20.800000000000026,-1.7044867202177874,1295.9103604344457,725.9718630686414,-0.1745,56.003967947808086,-6.640187127461452,0.165,-0.5127095793867995,3.1992506162264953
20.900000000000027,-1.7464095908125645,1301.518652573501,725.3280589282934,-0.1495,56.16187483329679,-6.235895679497457,0.8300000000000001,-0.5127095793867995,3.1992506162264953
21.00000000000003,-1.7757012615610546,1307.1374758294799,724.69825945676,-0.1745,56.21459028628297,-6.3600937511728475,0.165,-0.5127095793867995,3.1992506162264953
21.10000000000003,-1.7974453822923475,1312.761817568629,724.0577993371522,-0.1745,56.27224449670422,-6.449108640980832,0.165,-0.5127095793867995,3.1992506162264953
21.20000000000003,-1.8106658947985528,1318.395369994816,723.4091072993673,-0.1745,56.3988040270332,-6.524732114718965,0.8300000000000001,-0.5127095793867995,3.1992506162264953
21.300000000000033,-1.8196615509505196,1324.0384273487805,722.7544264942161,-0.1745,56.462343052256664,-6.568883988304651,0.165,-0.5127095793867995,3.1992506162264953
21.400000000000034,-1.8256778280744945,1329.687913603088,722.0959229048165,-0.1745,56.52738203389087,-6.60118779968805,0.165,-0.5127095793867995,3.1992506162264953
21.500000000000036,-1.8295952827465845,1335.3439535998148,721.4346077240834,-0.1745,56.59341790064496,-6.625115814972917,0.165,-0.5127095793867995,3.1992506162264953
21.600000000000037,-1.8320360352359004,1341.0066292878896,720.7711956321467,-0.1745,56.6600958608519,-6.6431260237612,0.165,-0.5127095793867995,3.1992506162264953
21.70000000000004,-1.8334393331944687,1346.6759923601235,720.1061914697506,-0.1745,56.72716558382629,-6.656957224162697,0.165,-0.5127095793867995,3.1992506162264953
21.80000000000004,-1.834115116120734,1352.352073160477,719.4399516749692,-0.1745,56.794450423242246,-6.667838671466074,0.165,-0.5127095793867995,3.1992506162264953
21.90000000000004,-1.8342819511009831,1358.0348869689944,718.7727277976777,-0.1745,56.86182574710726,-6.676638874363126,0.165,-0.5127095793867995,3.1992506162264953
22.000000000000043,-1.8340938788173242,1363.7244384390997,718.1046972985306,-0.1745,56.92920365499703,-6.683971108578848,0.165,-0.5127095793867995,3.1992506162264953
22.100000000000044,-1.8336593983715086,1369.4207247313032,717.4359853340951,-0.1745,56.99652218907357,-6.690268180131202,0.165,-0.5127095793867995,3.1992506162264953
22.200000000000045,-1.8330548842733232,1375.1237377264185,716.7666801569393,-0.1745,57.06373771323511,-6.695835362985383,0.165,-0.5127095793867995,3.1992506162264953
22.300000000000047,-1.8323340628446831,1380.8334655885178,716.0968439958602,-0.1745,57.13081952875039,-6.700887858594908,0.165,-0.5127095793867995,3.1992506162264953
22.40000000000005,-1.8315347015909278,1386.549893868452,715.4265207385829,-0.1745,57.197746069935846,-6.705577286951441,0.165,-0.5127095793867995,3.1992506162264953
22.50000000000005,-1.8306833286318405,1392.2730062827768,714.75574135373,-0.1745,57.26450221656076,-6.710010410107079,0.165,-0.5127095793867995,3.1992506162264953
22.60000000000005,-1.8297985605486577,1398.0027852633864,714.0845277153034,-0.1745,57.33107739562952,-6.71426235842517,0.165,-0.5127095793867995,3.1992506162264953
22.700000000000053,-1.8288934477538252,1403.7392123452237,713.4128952989536,-0.1745,57.397464241116715,-6.718385968570049,0.165,-0.5127095793867995,3.1992506162264953
22.800000000000054,-1.8279771265939562,1409.4822684396797,712.7408550818824,-0.1745,57.463657648003306,-6.722418372852561,0.165,-0.5127095793867995,3.1992506162264953
22.900000000000055,-1.8270559825201926,1415.231934027324,712.0684148809099,-0.1745,57.52965410488336,-6.726385646596933,0.165,-0.5127095793867995,3.1992506162264953
23.000000000000057,-1.1452824408681983,1420.9881892937337,711.3955802943707,-0.1745,57.59545122330976,-6.730306084187226,0.165,-0.5127095793867995,3.1992506162264953
23.10000000000006,-1.3501824551100667,1426.7455799839238,710.8219225398125,-0.06225,57.55236258049237,-4.7428490069769955,0.165,-0.5127095793867995,3.1992506162264953
23.20000000000006,-1.4938585431499622,1432.4996213681172,710.3180775924956,-0.1745,57.52846510337809,-5.334049939361064,0.165,-0.5127095793867995,3.1992506162264953
23.30000000000006,-1.5943907338369154,1438.2526676792293,709.7638389627871,-0.1745,57.53246111886268,-5.750722654808589,0.165,-0.5127095793867995,3.1992506162264953
23.400000000000063,-1.6660973087033106,1444.0070622253904,709.1740800755819,-0.1745,57.555429804358944,-6.044455089295818,0.165,-0.5127095793867995,3.1992506162264953
23.500000000000064,-1.7141710926580014,1449.7676776011654,708.5586962878425,-0.1745,57.65687771114083,-6.263220665491071,0.8300000000000001,-0.5127095793867995,3.1992506162264953
23.600000000000065,-1.7475207486612532,1455.5356146050472,707.9251616120715,-0.1745,57.701862366496776,-6.407472849929254,0.165,-0.5127095793867995,3.1992506162264953
23.700000000000067,-1.7705586006452672,1461.30835237362,707.2793072213959,-0.1745,57.75289300496146,-6.5096149635822,0.165,-0.5127095793867995,3.1992506162264953
23.800000000000068,-1.7863816477019112,1467.0864004887535,706.6247151688295,-0.1745,57.808069297706886,-6.582226087745682,0.165,-0.5127095793867995,3.1992506162264953
23.90000000000007,-1.7971612857026003,1472.8701076375512,705.9638966876901,-0.1745,57.86607367824884,-6.634143535043714,0.165,-0.5127095793867995,3.1992506162264953
24.00000000000007,-1.8044185489728841,1478.659710815652,705.2986110222613,-0.1745,57.92598988376602,-6.671569773532601,0.165,-0.5127095793867995,3.1992506162264953
24.100000000000072,-1.8092180626608492,1484.455369283721,704.6300898196787,-0.1745,57.987179477613836,-6.698854278120361,0.165,-0.5127095793867995,3.1992506162264953
24.200000000000074,-1.8123044751512358,1490.257188111164,703.9591948651546,-0.1745,58.04919707124754,-6.719044812360941,0.165,-0.5127095793867995,3.1992506162264953
24.300000000000075,-1.8141982970246509,1496.0652345520318,703.2865288466184,-0.1745,58.11173174611127,-6.734275558363289,0.165,-0.5127095793867995,3.1992506162264953
24.400000000000077,-1.815263149766115,1501.8795494593217,702.6125130667045,-0.1745,58.174566399687464,-6.746040039912297,0.165,-0.5127095793867995,3.1992506162264953
24.500000000000078,-1.8157529096387262,1507.7001552516292,701.9374419229522,-0.1745,58.237549446465195,-6.75538283513565,0.165,-0.5127095793867995,3.1992506162264953
24.60000000000008,-1.8158447312685828,1513.527061477959,701.2615210749847,-0.1745,58.30057508013031,-6.763034124214807,0.165,-0.5127095793867995,3.1992506162264953
24.70000000000008,-1.6625974652231408,1519.3602687064542,700.5848941665273,-0.1745,58.363569489774015,-6.769504044931388,0.165,-0.5127095793867995,3.1992506162264953
24.800000000000082,-1.7088477691920134,1525.2043968512921,699.9297972303921,-0.1495,58.51899340698181,-6.332434677773412,0.8300000000000001,-0.5127095793867995,3.1992506162264953
24.900000000000084,-1.7407561302913588,1531.0584295807244,699.2895224271851,-0.1745,58.561661181660874,-6.473061386364412,0.165,-0.5127095793867995,3.1992506162264953
25.000000000000085,-1.7626832280740552,1536.9170296065533,698.637266995861,-0.1745,58.61033933491796,-6.572047240120487,0.165,-0.5127095793867995,3.1992506162264953
25.100000000000087,-1.7776702395875275,1542.780702251827,697.976563828172,-0.1745,58.663113570556746,-6.64201611365917,0.165,-0.5127095793867995,3.1992506162264953
25.200000000000088,-1.7878358888249686,1548.6497911510544,697.309874047943,-0.1745,58.7186644139888,-6.691779490919894,0.165,-0.5127095793867995,3.1992506162264953
25.30000000000009,-1.794654955641054,1554.5245283585573,696.6389109714382,-0.1745,58.776079736070834,-6.7274820391762455,0.165,-0.5127095793867995,3.1992506162264953
25.40000000000009,-1.7991532180790775,1560.405068736038,695.964866607742,-0.1745,58.834727813540354,-6.753405234748413,0.165,-0.5127095793867995,3.1992506162264953
25.500000000000092,-1.647671589420924,1566.2915136581678,695.2885698370592,-0.1745,58.89417062905696,-6.772530178908777,0.165,-0.5127095793867995,3.1992506162264953
25.600000000000094,-1.6968697602253573,1572.1886270918508,694.6331237653042,-0.1495,59.04809804460379,-6.33639125619265,0.8300000000000001,-0.5127095793867995,3.1992506162264953
25.700000000000095,-1.7307197837575592,1578.0954095669567,693.9919721778816,-0.1745,59.08755145751547,-6.486640492258254,0.165,-0.5127095793867995,3.1992506162264953
25.800000000000097,-1.7539279187254577,1584.006464519086,693.338044006503,-0.1745,59.13354758506735,-6.5919229353138515,0.165,-0.5127095793867995,3.1992506162264953
25.900000000000098,-1.7697640552197318,1589.9223413522589,692.6751483701789,-0.1745,59.1839890783926,-6.665989791167779,0.165,-0.5127095793867995,3.1992506162264953
26.0000000000001,-1.7804976810756845,1595.843412648028,692.0059287442133,-0.1745,59.23743683699092,-6.718402728144236,0.165,-0.5127095793867995,3.1992506162264953
26.1000000000001,-1.7877025583099249,1601.7699295054479,691.3322184054814,-0.1745,59.29290031140638,-6.755804046493833,0.165,-0.5127095793867995,3.1992506162264953
26.200000000000102,-1.7924691801330395,1607.7020593363236,690.6552879902337,-0.1745,59.349696306108605,-6.7828042584604695,0.165,-0.5127095793867995,3.1992506162264953
26.300000000000104,-1.795552671593873,1613.6399118028774,689.9760177125389,-0.1745,59.40735302496663,-6.802601295434096,0.165,-0.5127095793867995,3.1992506162264953
26.400000000000105,-1.7974756138290848,1619.583556676058,689.2950170537675,-0.1745,59.465544438645516,-6.817411879993905,0.165,-0.5127095793867995,3.1992506162264953
26.500000000000107,-1.7985994544577686,1625.5330361575568,688.6127078753074,-0.1745,59.524045191330714,-6.8287716892087005,0.165,-0.5127095793867995,3.1992506162264953
26.600000000000108,-1.7991740580996105,1631.4883733934182,687.9293820901631,-0.1745,59.58269952589752,-6.837744013675739,0.165,-0.5127095793867995,3.1992506162264953
26.70000000000011,-1.7993720631484114,1637.4495783610828,687.2452416551433,-0.1745,59.64139982739495,-6.845064686719128,0.165,-0.5127095793867995,3.1992506162264953
26.80000000000011,-1.8006432018868743,1643.4166519419286,686.5604262870062,-0.1745,59.70007178952017,-6.851242676023772,0.165,-0.5127095793867995,3.1992506162264953
26.900000000000112,-1.7996393688329375,1649.3928632438126,685.8744553879746,-0.1745,59.82415424815663,-6.868175304606659,0.8300000000000001,-0.5127095793867995,3.1992506162264953
27.000000000000114,-1.7987598334195725,1655.3782085238238,685.187511891486,-0.1745,59.882751352068034,-6.870694625166835,0.165,-0.5127095793867995,3.1992506162264953
27.100000000000115,-1.7979681541490118,1661.3694012866945,684.5002994405635,-0.1745,59.941103905344384,-6.873554393283966,0.165,-0.5127095793867995,3.1992506162264953
27.200000000000117,-1.7972392018515553,1667.3664178859206,683.8127893824056,-0.1745,59.99922807917903,-6.876646769872625,0.165,-0.5127095793867995,3.1992506162264953
27.300000000000118,-1.7965556499496247,1673.3692360472273,683.1249621761075,-0.1745,60.057135146958124,-6.8798973560901056,0.165,-0.5127095793867995,3.1992506162264953
27.40000000000012,-1.795905551398094,1679.3778344545274,682.4368045662313,-0.1745,60.11483299904481,-6.883254841432157,0.165,-0.5127095793867995,3.1992506162264953
27.50000000000012,-1.795280666558086,1685.3921924639988,681.7483076316801,-0.1745,60.17232719038302,-6.88668384959426,0.165,-0.5127095793867995,3.1992506162264953
27.600000000000122,-1.7946753097755852,1691.412289906749,681.0594654393794,-0.1745,60.22962166462051,-6.890159996419335,0.165,-0.5127095793867995,3.1992506162264953
27.700000000000124,-1.7940855541010048,1697.4381069526992,680.3702741156872,-0.1745,60.286719254382184,-6.893666477426579,0.165,-0.5127095793867995,3.1992506162264953
27.800000000000125,-1.7935086831817073,1703.4696240167546,679.680731206189,-0.1745,60.34362202672361,-6.8971917125360775,0.165,-0.5127095793867995,3.1992506162264953
27.900000000000126,-1.792942813668585,1709.5068216941688,678.9908352345035,-0.1745,60.40033152156209,-6.9007277211741,0.165,-0.5127095793867995,3.1992506162264953
28.000000000000128,-1.7923866352020408,1715.549680716055,678.3005853983572,-0.1745,60.456848916163054,-6.904269001753037,0.165,-0.5127095793867995,3.1992506162264953
28.10000000000013,-1.7918392314406768,1721.5981819187912,677.6099813603045,-0.1745,60.51317513856018,-6.907811759301739,0.165,-0.5127095793867995,3.1992506162264953
28.20000000000013,-1.7912999569252244,1727.6523062230056,676.9190231036741,-0.1745,60.56931094572567,-6.911353373305307,0.165,-0.5127095793867995,3.1992506162264953
28.300000000000132,-1.790768352394097,1733.7120346191628,676.2277108334486,-0.1745,60.62525697741955,-6.914892031206929,0.165,-0.5127095793867995,3.1992506162264953
28.400000000000134,-1.7902440865676972,1739.7773481576971,675.5360449080828,-0.1745,60.68101379326606,-6.918426476109641,0.165,-0.5127095793867995,3.1992506162264953
28.500000000000135,-1.789726916145028,1745.8482279422738,674.8440257926189,-0.1745,60.736581898267765,-6.921955833167972,0.165,-0.5127095793867995,3.1992506162264953
28.600000000000136,-1.7892166583262168,1751.9246551252047,674.1516540264516,-0.1745,60.79196176035302,-6.925479490177515,0.165,-0.5127095793867995,3.1992506162264953
28.700000000000138,-1.7887131719463254,1758.0066109043441,673.4589302011689,-0.1745,60.84715382243651,-6.928997015477284,0.165,-0.5127095793867995,3.1992506162264953
28.80000000000014,-1.788216344526696,1764.0940765210012,672.7658549453186,-0.1745,60.90215851070258,-6.932508101529062,0.165,-0.5127095793867995,3.1992506162264953
28.90000000000014,-1.7877260833910005,1770.1870332585509,672.0724289139341,-0.1745,60.95697624028933,-6.936012526158885,0.165,-0.5127095793867995,3.1992506162264953
29.000000000000142,-1.066974839055936,1776.2854624415245,671.378652781329,-0.1745,61.011607419185054,-6.939510125942323,0.165,-0.5127095793867995,3.1992506162264953
29.100000000000144,-1.2957574715820952,1782.3876027868837,670.795624664705,-0.06225,61.03119948799725,-4.7210522065390075,0.8300000000000001,-0.5127095793867995,3.1992506162264953
29.200000000000145,-1.4524209859723154,1788.4880080917044,670.288651482037,-0.1745,60.97690660841694,-5.4184114468206275,0.165,-0.5127095793867995,3.1992506162264953
29.300000000000146,-1.5595163996426429,1794.584779909703,669.7228572627829,-0.1745,60.958529751555304,-5.897472938262215,0.165,-0.5127095793867995,3.1992506162264953
29.400000000000148,-1.6326043961474541,1800.6809023195199,669.1166505378972,-0.1745,60.96391844478328,-6.2266615594517125,0.165,-0.5127095793867995,3.1992506162264953
29.50000000000015,-1.682394531041167,1806.7783564092904,668.4826657967657,-0.1745,60.9851633506291,-6.453033263177004,0.165,-0.5127095793867995,3.1992506162264953
29.60000000000015,-1.7162424588275813,1812.8784664083917,667.8295674352632,-0.1745,61.017036631396834,-6.608933966870645,0.165,-0.5127095793867995,3.1992506162264953
29.700000000000152,-1.7391921422470047,1818.9821205327557,667.1632919606382,-0.1745,61.05604585588651,-6.716575525630622,0.165,-0.5127095793867995,3.1992506162264953
29.800000000000153,-1.7546979862686085,1825.0899148647327,666.4879034768336,-0.1745,61.09984078365078,-6.791194150461592,0.165,-0.5127095793867995,3.1992506162264953
29.900000000000155,-1.7651233860422488,1831.2022485022133,665.8061822354339,-0.1745,61.14683196595901,-6.843230677532683,0.165,-0.5127095793867995,3.1992506162264953
30.000000000000156,-1.6119580147183799,1837.319387147679,665.1200290204877,-0.1745,61.19594094335495,-6.879833621391526,0.165,-0.5127095793867995,3.1992506162264953
30.100000000000158,-1.667574492921535,1843.4464833920101,664.4550267539095,-0.1495,61.345983943267164,-6.420211710173396,0.8300000000000001,-0.5127095793867995,3.1992506162264953
30.20000000000016,-1.7053174854349757,1849.5824711498763,663.804286595959,-0.1745,61.3737712140538,-6.594591448836881,0.165,-0.5127095793867995,3.1992506162264953
30.30000000000016,-1.7308720414478254,1855.721643358364,663.1388296134054,-0.1745,61.40967295569927,-6.714548202233404,0.165,-0.5127095793867995,3.1992506162264953
30.400000000000162,-1.748122141626029,1861.864677318331,662.4632342434309,-0.1745,61.451006243641345,-6.7973591972575225,0.165,-0.5127095793867995,3.1992506162264953
30.500000000000163,-1.7603885253335336,1868.012025822354,661.7806245837048,-0.1745,61.49596383682055,-6.854833997263341,0.165,-0.5127095793867995,3.1992506162264953
30.600000000000165,-1.7677665028655098,1874.1656151476777,661.0928445361762,-0.1745,61.57582266965683,-6.900766953307885,0.495,-0.5127095793867995,3.1992506162264953
30.700000000000166,-1.7726488569478516,1880.325646877867,660.4014031232292,-0.1745,61.624811934129234,-6.928061305633009,0.165,-0.5127095793867995,3.1992506162264953
30.800000000000168,-1.775836561020558,1886.4906254718983,659.7076150060426,-0.1745,61.67475994649758,-6.947701038099835,0.165,-0.5127095793867995,3.1992506162264953
30.90000000000017,-1.0496517026323118,1892.66062856346,659.0121234324567,-0.1745,61.72530188473842,-6.9621304336171885,0.165,-0.5127095793867995,3.1992506162264953
31.00000000000017,-1.2851942960841598,1898.8324347537161,658.4290862247839,-0.06225,61.710821920386124,-4.698613719839182,0.495,-0.5127095793867995,3.1992506162264953
31.100000000000172,-1.4457299904136516,1905.0004356371023,657.9229520636728,-0.1745,61.649195747337544,-5.4240695023826415,0.165,-0.5127095793867995,3.1992506162264953
31.200000000000173,-1.5549654614366928,1911.1641743334671,657.3557535404955,-0.1745,61.625578179956634,-5.919900961164656,0.165,-0.5127095793867995,3.1992506162264953
31.300000000000175,-1.6291774682560152,1917.326801620911,656.7468143701382,-0.1745,61.626967568923476,-6.258882445980728,0.165,-0.5127095793867995,3.1992506162264953
31.400000000000176,-1.679512825458925,1923.490397700318,656.109330291029,-0.1745,61.644954019217195,-6.4907991362026145,0.165,-0.5127095793867995,3.1992506162264953
31.500000000000178,-1.7135895847316671,1929.6563459392382,655.452305424492,-0.1745,61.67401075918574,-6.649698194535711,0.165,-0.5127095793867995,3.1992506162264953
31.60000000000018,-1.7366058155323436,1935.825569754152,654.781878433187,-0.1745,61.71046553908702,-6.7588416315652715,0.165,-0.5127095793867995,3.1992506162264953
31.70000000000018,-1.7521039124403006,1941.9986860254196,654.1022310542381,-0.1745,61.751859886267205,-6.834105947412434,0.165,-0.5127095793867995,3.1992506162264953
31.800000000000182,-1.7624955596979621,1948.1761059968217,653.4162099356241,-0.1745,61.79653954177372,-6.886316424868,0.165,-0.5127095793867995,3.1992506162264953
31.900000000000183,-1.7694213196341417,1954.358102356491,652.7257517167155,-0.1745,61.84338765161305,-6.922847953304672,0.165,-0.5127095793867995,3.1992506162264953
32.000000000000185,-1.773996436481609,1960.5448541674937,652.0321732628059,-0.1745,61.89164856844008,-6.9487211248883165,0.165,-0.5127095793867995,3.1992506162264953
32.100000000000186,-1.7769785992118856,1966.7364771144455,651.3363696248525,-0.1745,61.940810370595315,-6.967351634178946,0.165,-0.5127095793867995,3.1992506162264953
32.20000000000019,-1.7788823037602997,1972.9330439335627,650.6389489432133,-0.1745,61.99052601174847,-6.9810619986052345,0.165,-0.5127095793867995,3.1992506162264953
32.30000000000019,-1.7800567388626773,1979.1345982422217,649.9403243123122,-0.1745,62.04056016143453,-6.991430619417534,0.165,-0.5127095793867995,3.1992506162264953
32.40000000000019,-1.0484606950977635,1985.3411639132828,649.2407762971885,-0.1745,62.09075325978536,-6.9995296830571245,0.165,-0.5127095793867995,3.1992506162264953
32.50000000000019,-1.2857346549656263,1991.5478405204317,648.6556396144932,-0.06225,62.04277888319247,-4.703203970848934,0.165,-0.5127095793867995,3.1992506162264953
32.60000000000019,-1.4470705884872506,1997.7488960610594,648.148593184625,-0.1745,61.9783319293632,-5.4377246265147186,0.165,-0.5127095793867995,3.1992506162264953
32.700000000000195,-1.5565969461073756,2003.9454456008946,647.5797822275206,-0.1745,61.95265886733836,-5.9384945155748134,0.165,-0.5127095793867995,3.1992506162264953
32.800000000000196,-1.6308385681949744,2010.140700019015,646.9688576722367,-0.1745,61.95242949507148,-6.2799965901024795,0.165,-0.5127095793867995,3.1992506162264953
32.9000000000002,-1.681083994553809,2016.336773763911,646.3292051639017,-0.1745,61.96904540284912,-6.513053576597568,0.165,-0.5127095793867995,3.1992506162264953
33.0000000000002,-1.7150290325147832,2022.5350695640293,645.6699357779887,-0.1745,61.996870599515645,-6.672334141662986,0.165,-0.5127095793867995,3.1992506162264953
33.1000000000002,-1.737911869312949,2028.7365215737423,644.9972457970323,-0.1745,62.03216959474277,-6.781465477464548,0.165,-0.5127095793867995,3.1992506162264953
33.2000000000002,-1.7532934877276698,2034.9417524371418,644.3153458669126,-0.1745,62.07244767324733,-6.856533124930383,0.165,-0.5127095793867995,3.1992506162264953
33.3000000000002,-1.7635923125366242,2041.1511763326937,643.6270953247746,-0.1745,62.116030237793275,-6.9084777178288785,0.165,-0.5127095793867995,3.1992506162264953
33.400000000000205,-1.770449496684281,2047.3650673155264,642.9344347210737,-0.1745,62.16178941886219,-6.94473435618996,0.165,-0.5127095793867995,3.1992506162264953
33.500000000000206,-1.7749779890646642,2053.5836049838445,642.2386803929609,-0.1745,62.2089639474966,-6.970352206065438,0.165,-0.5127095793867995,3.1992506162264953
33.60000000000021,-1.7779320992191021,2059.806905147821,641.5407248819118,-0.1745,62.25703933203477,-6.988758014915957,0.165,-0.5127095793867995,3.1992506162264953
33.70000000000021,-1.7798228005021255,2066.035040495545,640.8411731735865,-0.1745,62.30566762245106,-7.002276151590085,0.165,-0.5127095793867995,3.1992506162264953
33.80000000000021,-1.7809960628092714,2072.2680545488524,640.1404352434364,-0.1745,62.35461344368992,-7.012482451411369,0.165,-0.5127095793867995,3.1992506162264953
33.90000000000021,-1.781686028695868,2078.5059711005783,639.4387888820359,-0.1745,62.40371759083245,-7.0204447765996205,0.165,-0.5127095793867995,3.1992506162264953
34.00000000000021,-1.7820510889426677,2084.748800601359,638.7364223209589,-0.1745,62.45287242478667,-7.02688644493841,0.165,-0.5127095793867995,3.1992506162264953
34.100000000000215,-1.7821983432235589,2090.996544483803,638.0334631392046,-0.1745,62.50200522408842,-7.032297190146645,0.165,-0.5127095793867995,3.1992506162264953
34.200000000000216,-1.7822001771249818,2097.2491980906384,637.3299978567907,-0.1745,62.55106691262242,-7.03700845813274,0.165,-0.5127095793867995,3.1992506162264953
34.30000000000022,-1.7821054912277534,2103.506752657511,636.6260852100346,-0.1745,62.60002442482218,-7.041244476989184,0.165,-0.5127095793867995,3.1992506162264953
34.40000000000022,-1.7819473042503216,2109.7691966554553,635.9217651422044,-0.1745,62.64885553406523,-7.045156879614375,0.165,-0.5127095793867995,3.1992506162264953
34.50000000000022,-1.6177845071218477,2116.0365166996476,635.2170648899354,-0.1745,62.69754534977738,-7.048848165766421,0.165,-0.5127095793867995,3.1992506162264953
34.60000000000022,-1.6710458573478915,2122.31380527224,634.5374901931948,-0.1495,62.84822610207738,-6.542645769044207,0.8300000000000001,-0.5127095793867995,3.1992506162264953
34.70000000000022,-1.7068308973767943,2128.599772428315,633.87470128294,-0.1745,62.87111701942335,-6.713132436050465,0.165,-0.5127095793867995,3.1992506162264953
34.800000000000225,-1.7308322398158582,2134.8884387558237,633.1975905165323,-0.1745,62.9022095307471,-6.829082892104437,0.165,-0.5127095793867995,3.1992506162264953
34.900000000000226,-1.7468945630211496,2141.180485960889,632.5107247196831,-0.1745,62.93873457056653,-6.908233044877722,0.165,-0.5127095793867995,3.1992506162264953
35.00000000000023,-1.0150753574210456,2147.476365033859,631.8171847612377,-0.1745,62.978846888829835,-6.962566124029773,0.165,-0.5127095793867995,3.1992506162264953
35.10000000000023,-1.2653844974836237,2153.7751551737183,631.2371241351468,-0.06225,62.99695590835563,-4.6386463977896994,0.8300000000000001,-0.5127095793867995,3.1992506162264953
35.20000000000023,-1.434461144957306,2160.071004294934,630.7339581180664,-0.1745,62.92002651596228,-5.424673943817199,0.165,-0.5127095793867995,3.1992506162264953
35.30000000000023,-1.5484957379614896,2166.3612873763145,630.1648887054084,-0.1745,62.8856351116463,-5.956714309342056,0.165,-0.5127095793867995,3.1992506162264953
35.40000000000023,-1.6267825861022835,2172.6495151834183,629.5512062279064,-0.1745,62.878921030425964,-6.316935240698098,0.165,-0.5127095793867995,3.1992506162264953
35.500000000000234,-1.6777061205599975,2178.941255282861,628.9067328183673,-0.1745,62.95588095843655,-6.572532950083787,0.8300000000000001,-0.5127095793867995,3.1992506162264953
35.600000000000236,-1.711890940134416,2185.2380219572615,628.2413091029408,-0.1745,62.979452529566124,-6.7359413584475405,0.165,-0.5127095793867995,3.1992506162264953
35.70000000000024,-1.7347994395765531,2191.537538737068,627.5621609170798,-0.1745,63.01088306657193,-6.8470223587716585,0.165,-0.5127095793867995,3.1992506162264953
35.80000000000024,-1.7501173881884906,2197.840458609952,626.8736685725942,-0.1745,63.047514391098076,-6.922824530941308,0.165,-0.5127095793867995,3.1992506162264953
35.90000000000024,-1.7603293979963566,2204.147213114035,626.1787845360154,-0.1745,63.08757569056149,-6.974856200634336,0.165,-0.5127095793867995,3.1992506162264953
36.00000000000024,-1.7671090817399802,2210.4580860586857,625.4794977441695,-0.1745,63.129883202455616,-7.010879636284765,0.165,-0.5127095793867995,3.1992506162264953
36.10000000000024,-1.7715830490493576,2216.773262411606,624.7771474203948,-0.1745,63.173643855949614,-7.036126839209052,0.165,-0.5127095793867995,3.1992506162264953
36.200000000000244,-1.7745092707851833,2223.0928608855866,624.0726349659337,-0.1745,63.21832562366258,-7.054122250014203,0.165,-0.5127095793867995,3.1992506162264953
36.300000000000246,-1.776397450943402,2229.416955734088,623.3665669131856,-0.1745,63.26357134635961,-7.067238804947907,0.165,-0.5127095793867995,3.1992506162264953
36.40000000000025,-1.7775901892716128,2235.7455913612393,622.659351302808,-0.1745,63.30914119667389,-7.077073402605158,0.165,-0.5127095793867995,3.1992506162264953
36.50000000000025,-1.778317667071324,2242.0787921286324,621.9512626212394,-0.1745,63.35487415119025,-7.08470022876737,0.165,-0.5127095793867995,3.1992506162264953
36.60000000000025,-1.7787344712269393,2248.4165689433244,621.2424855318502,-0.1745,63.40066214265433,-7.090841559017085,0.165,-0.5127095793867995,3.1992506162264953
36.70000000000025,-1.7789443775905625,2254.758923685414,620.5331443111306,-0.1745,63.44643269914182,-7.0959828553739825,0.165,-0.5127095793867995,3.1992506162264953
36.80000000000025,-1.7790170229153972,2261.1058521841655,619.8233226540716,-0.1745,63.49213727588948,-7.100450285806885,0.165,-0.5127095793867995,3.1992506162264953
36.900000000000254,-1.7789991153122209,2267.457346218491,619.1130769942346,-0.1745,63.53774341061401,-7.104462910932994,0.165,-0.5127095793867995,3.1992506162264953
37.000000000000256,-1.7789219692536662,2273.8133948614663,618.4024454586147,-0.1745,63.58322944889773,-7.1081678014646155,0.165,-0.5127095793867995,3.1992506162264953
37.10000000000026,-1.7788065681794727,2280.1739853838026,617.6914538855493,-0.1745,63.628580997823654,-7.111663659843318,0.165,-0.5127095793867995,3.1992506162264953
37.20000000000026,-1.778666964662789,2286.539103860792,616.9801198674044,-0.1745,63.67378854195718,-7.115016703055631,0.165,-0.5127095793867995,3.1992506162264953
37.30000000000026,-1.7785125631972656,2292.9087355799425,616.2684554653547,-0.1745,63.71884584106036,-7.1182713379368545,0.165,-0.5127095793867995,3.1992506162264953
37.40000000000026,-1.7783496522451494,2299.28286531467,615.5564690317735,-0.1745,63.76374885348984,-7.121457333685929,0.165,-0.5127095793867995,3.1992506162264953
37.50000000000026,-1.0261120768846101,2305.6614775079956,614.844166433131,-0.1745,63.808495013022956,-7.124594639163274,0.165,-0.5127095793867995,3.1992506162264953
37.600000000000264,-1.2754293067830806,2312.0414632192465,614.2528654696381,-0.06225,63.79121921198957,-4.7014246306957235,0.495,-0.5127095793867995,3.1992506162264953
37.700000000000266,-1.4428532269049992,2318.416524492094,613.7431005668723,-0.1745,63.710006244967765,-5.4938734246197924,0.165,-0.5127095793867995,3.1992506162264953
37.80000000000027,-1.5551251099208012,2324.785641099107,613.1670573801422,-0.1745,63.672325895292346,-6.026990309982845,0.165,-0.5127095793867995,3.1992506162264953
37.90000000000027,-1.6303186424068756,2331.152397775814,612.5464205051952,-0.1745,63.6628076388387,-6.385747188956077,0.165,-0.5127095793867995,3.1992506162264953
38.00000000000027,-1.6806191718872174,2337.519122565904,611.8957663784828,-0.1745,63.67168816296342,-6.6273353452922175,0.165,-0.5127095793867995,3.1992506162264953
38.10000000000027,-1.7142258675161572,2343.8873398704936,611.224887223623,-0.1745,63.692657928822356,-6.790247751904709,0.165,-0.5127095793867995,3.1992506162264953
38.20000000000027,-1.7366472688120427,2350.258052317655,610.5403562461292,-0.1745,63.72159101439956,-6.900371797969536,0.165,-0.5127095793867995,3.1992506162264953
38.300000000000274,-1.0004511074001674,2356.6319202598092,609.8465826154845,-0.1745,63.7557678286882,-6.975100814924884,0.165,-0.5127095793867995,3.1992506162264953
38.400000000000276,-1.259156795095985,2363.0050503073235,609.2676235871656,-0.06225,63.706833121594734,-4.6040797514532805,0.165,-0.5127095793867995,3.1992506162264953
38.50000000000028,-1.4330322140187766,2369.3714461987342,608.7661636435422,-0.1745,63.62108470662402,-5.425119121016305,0.165,-0.5127095793867995,3.1992506162264953
38.60000000000028,-1.5497257011620564,2375.7315280422154,608.1960145114153,-0.1745,63.58055216299653,-5.977863521521213,0.165,-0.5127095793867995,3.1992506162264953
38.70000000000028,-1.6279427088867418,2382.0890184958052,607.5796170366017,-0.1745,63.56925690880452,-6.350085974752231,0.165,-0.5127095793867995,3.1992506162264953
38.80000000000028,-1.680306498859951,2388.446334444604,606.9320676185229,-0.1745,63.57706206716568,-6.600902386825372,0.165,-0.5127095793867995,3.1992506162264953
38.90000000000028,-1.7153185220220686,2394.8050585992537,606.263515868164,-0.1745,63.59742102582477,-6.7701326203522525,0.165,-0.5127095793867995,3.1992506162264953
39.000000000000284,-1.738695278683916,2401.1662323437567,605.5807803125531,-0.1745,63.62605386423331,-6.884578491865752,0.165,-0.5127095793867995,3.1992506162264953
39.100000000000286,-1.7542759602261924,2407.5305420024183,604.8884382633004,-0.1745,63.6601393089949,-6.9622624931880495,0.165,-0.5127095793867995,3.1992506162264953
39.20000000000029,-1.764636516722359,2413.898439334508,604.1895605045606,-0.1745,63.69780733280015,-7.015292681607612,0.165,-0.5127095793867995,3.1992506162264953
39.30000000000029,-1.7715040012110304,2420.2702203986096,603.4862060081728,-0.1745,63.737813949226606,-7.051797246150208,0.165,-0.5127095793867995,3.1992506162264953
39.40000000000029,-1.7760355959043648,2426.6460775827163,602.7797546945656,-0.1745,63.77932973291179,-7.077229025993742,0.165,-0.5127095793867995,3.1992506162264953
39.50000000000029,-1.7790062349875848,2433.026134114486,602.0711310440762,-0.1745,63.82180090248553,-7.095243983792382,0.165,-0.5127095793867995,3.1992506162264953
39.60000000000029,-1.7809346243882818,2439.4104670316524,601.3609542402149,-0.1745,63.864857440843785,-7.108292093433626,0.165,-0.5127095793867995,3.1992506162264953
39.700000000000294,-1.6146761540211851,2445.7991225060437,600.6496389149331,-0.1745,63.90825204697936,-7.118014412201627,0.165,-0.5127095793867995,3.1992506162264953
39.800000000000296,-1.7278065890170242,2452.1957261913494,599.9641752135151,-0.1495,64.02382165913157,-6.591259616159637,0.495,-0.3347501750346581,2.6342677286064706
39.9000000000003,-1.8034539251197303,2458.5975591414413,599.2868619398034,-0.1745,64.01283734270207,-6.9550058580735765,0.165,-0.3347501750346581,2.6342677286064706
40.0000000000003,-1.8539728722880762,2464.9992305275523,598.5791308159888,-0.1745,64.02059037952262,-7.199616618217685,0.165,-0.3347501750346581,2.6342677286064706
40.1000000000003,-1.8876636352922334,2471.40229195785,597.850933206328,-0.1745,64.04063822643633,-7.364335574997394,0.165,-0.3347501750346581,2.6342677286064706
40.2000000000003,-1.9100944539748208,2477.807762602057,597.1089404261002,-0.1745,64.06877465770276,-7.475520029560864,0.165,-0.3347501750346581,2.6342677286064706
40.3000000000003,-1.9249966262858234,2484.21631289663,596.3576216370044,-0.1745,64.10223123375465,-7.550855752355327,0.165,-0.3347501750346581,2.6342677286064706
40.400000000000304,-1.9348683044239507,2490.628383259634,595.599968876145,-0.1745,64.13917602632615,-7.602199464832483,0.165,-0.3347501750346581,2.6342677286064706
40.500000000000306,-1.9413808448024357,2497.044261689278,594.8379842045682,-0.1745,64.1783925665443,-7.6374939667039214,0.165,-0.3347501750346581,2.6342677286064706
40.60000000000031,-1.94565178485661,2503.4641348818277,594.0730066729463,-0.1745,64.21907128445628,-7.662056665734286,0.165,-0.3347501750346581,2.6342677286064706
40.70000000000031,-1.9484279741556936,2509.8881220805624,593.3059315708718,-0.1745,64.26067269023457,-7.679445375756418,0.165,-0.3347501750346581,2.6342677286064706
40.80000000000031,-1.9502083038574922,2516.316297566091,592.537357331235,-0.1745,64.30283702034346,-7.692039416981653,0.165,-0.3347501750346581,2.6342677286064706
40.90000000000031,-1.9513258898911259,2522.7487056323116,591.7676838965582,-0.1745,64.34532430406294,-7.701429276553932,0.165,-0.3347501750346581,2.6342677286064706
41.00000000000031,-1.952003068989778,2529.1853705721905,590.9971785476567,-0.1745,64.38797449351125,-7.708677701474253,0.165,-0.3347501750346581,2.6342677286064706
41.100000000000314,-1.9523881810440522,2535.6263033414652,590.2260199358394,-0.1745,64.43068089198489,-7.7144945348723235,0.165,-0.3347501750346581,2.6342677286064706
41.200000000000315,-1.952580157954142,2542.071506007327,589.4543275226356,-0.1745,64.47337242525013,-7.719353729204755,0.165,-0.3347501750346581,2.6342677286064706
41.30000000000032,-1.952644954042683,2548.5209747188574,588.6821812550282,-0.1745,64.51600180535637,-7.723571622942747,0.165,-0.3347501750346581,2.6342677286064706
41.40000000000032,-1.9526265205441153,2554.974701690425,587.9096347097951,-0.1745,64.55853762599487,-7.727359281720587,0.165,-0.3347501750346581,2.6342677286064706
41.50000000000032,-1.9525541330976293,2561.432676525874,587.1367238715487,-0.1745,64.60095908298347,-7.730857483207234,0.165,-0.3347501750346581,2.6342677286064706
41.60000000000032,-1.952447282416661,2567.8948871024354,586.3634729927808,-0.1745,64.64325244824721,-7.73416009215248,0.165,-0.3347501750346581,2.6342677286064706
41.70000000000032,-1.9523189373678351,2574.36132016061,585.5898985045404,-0.1745,64.68540871524459,-7.737329672654258,0.165,-0.3347501750346581,2.6342677286064706
41.800000000000324,-1.1952966025939298,2580.831961697721,584.816011625311,-0.1745,64.72742202697928,-7.740407911934442,0.165,-0.3347501750346581,2.6342677286064706
41.900000000000325,-1.4494034881750881,2587.3021449535627,584.1659909646003,-0.06225,64.67624308985714,-5.2600053022800335,0.165,-0.3347501750346581,2.6342677286064706
42.00000000000033,-1.6198522543138494,2593.7653407593125,583.5990549564551,-0.1745,64.58767302513716,-6.078714860622062,0.165,-0.3347501750346581,2.6342677286064706
42.10000000000033,-0.9790417144278709,2600.2235893356237,582.9635072212536,-0.1745,64.57729850109044,-6.632239843406999,0.495,-0.3347501750346581,2.6342677286064706
42.20000000000033,-1.3052318596332801,2606.679146876586,582.4047246066851,-0.06225,64.53385231815601,-4.543412447962302,0.165,-0.3347501750346581,2.6342677286064706
42.30000000000033,-1.5252473350883575,2613.1261448190903,581.8980296284283,-0.1745,64.40610653193349,-5.590487117175715,0.165,-0.3347501750346581,2.6342677286064706
42.40000000000033,-1.6705867894978024,2619.5666474181935,581.3033176570324,-0.1745,64.4039454501279,-6.303752310741177,0.8300000000000001,-0.3347501750346581,2.6342677286064706
42.500000000000334,-1.7675982354672783,2626.0055794090517,580.6495154247519,-0.1745,64.37469436704028,-6.772292334867414,0.165,-0.3347501750346581,2.6342677286064706
42.600000000000335,-1.8322744807291866,2632.4428236749163,579.9565836844662,-0.1745,64.37019095024743,-7.086342470848433,0.165,-0.3347501750346581,2.6342677286064706
42.70000000000034,-1.875341689672525,2638.88042476951,579.2374150852933,-0.1745,64.38183094162396,-7.297029512610403,0.165,-0.3347501750346581,2.6342677286064706
42.80000000000034,-1.9039817738542322,2645.3197188468935,578.5006329564405,-0.1745,64.40405060605048,-7.438613064444356,0.165,-0.3347501750346581,2.6342677286064706
42.90000000000034,-1.922997299483942,2651.7615821128807,577.7520007802352,-0.1745,64.43321471369225,-7.534030459663005,0.165,-0.3347501750346581,2.6342677286064706
43.00000000000034,-1.935596528783864,2658.2065894237844,576.9953680283484,-0.1745,64.4669315043869,-7.598624578073447,0.165,-0.3347501750346581,2.6342677286064706
43.10000000000034,-1.943920976183685,2664.655117005067,576.2333043039882,-0.1745,64.50362012126607,-7.642649909130098,0.165,-0.3347501750346581,2.6342677286064706
43.200000000000344,-1.9493991776993456,2671.107409640886,575.4675240449264,-0.1745,64.54223259511572,-7.672955272106244,0.165,-0.3347501750346581,2.6342677286064706
43.300000000000345,-1.9529835451033088,2677.5636249176946,574.6991706738052,-0.1745,64.58207294105367,-7.694112150318479,0.165,-0.3347501750346581,2.6342677286064706
43.40000000000035,-1.7870581173106224,2684.0238624871176,573.9290065483499,-0.1745,64.62267844741015,-7.70917035878751,0.165,-0.3347501750346581,2.6342677286064706
43.50000000000035,-1.8450174342010894,2690.4918539185865,573.1846896004906,-0.1495,64.73715018196569,-7.177168598396841,0.495,-0.3347501750346581,2.6342677286064706
43.60000000000035,-1.8835045111752868,2696.9662395918385,572.4574689382973,-0.1745,64.7505632830796,-7.36724464546955,0.165,-0.3347501750346581,2.6342677286064706
43.70000000000035,-1.740543656844111,2703.442444835268,571.7143725155238,-0.1745,64.7735415855119,-7.494683810000096,0.165,-0.3347501750346581,2.6342677286064706
43.80000000000035,-1.8140594831606027,2709.9250907493933,570.9878425121573,-0.1495,64.87937669699265,-7.035916257330602,0.495,-0.3347501750346581,2.6342677286064706
43.900000000000354,-1.8628599903438248,2716.41328025087,570.2722233701759,-0.1745,64.88441333253594,-7.276466582298114,0.165,-0.3347501750346581,2.6342677286064706
44.000000000000355,-1.8952189145468756,2722.9025886239956,569.5365320873223,-0.1745,64.90175412997934,-7.437359074774081,0.165,-0.3347501750346581,2.6342677286064706
44.10000000000036,-1.9166491964255192,2729.394033351559,568.7874025368344,-0.1745,64.92714042128169,-7.545231934982657,0.165,-0.3347501750346581,2.6342677286064706
44.20000000000036,-1.9308202888989467,2735.888279694728,568.0292490587284,-0.1745,64.95778644210296,-7.617837627137056,0.165,-0.3347501750346581,2.6342677286064706
44.30000000000036,-1.9401725688593172,2742.385762030709,567.2650073249501,-0.1745,64.9918602775082,-7.666997048427459,0.165,-0.3347501750346581,2.6342677286064706
44.40000000000036,-1.946327927893519,2748.8867627017485,566.496628684236,-0.1745,65.0281531432845,-7.700575765855353,0.165,-0.3347501750346581,2.6342677286064706
44.50000000000036,-1.1892818314856182,2755.391463644651,565.7254096810186,-0.1745,65.06586571476511,-7.723804298493639,0.165,-0.3347501750346581,2.6342677286064706
44.600000000000364,-1.4486733458807515,2761.8988039653527,565.0774108636415,-0.06225,65.08094069926516,-5.236172049049385,0.8300000000000001,-0.3347501750346581,2.6342677286064706
44.700000000000365,-1.6214206841173269,2768.4021985310255,564.5117615705718,-0.1745,64.98695061418994,-6.076813812344532,0.165,-0.3347501750346581,2.6342677286064706
44.80000000000037,-1.5674874556980025,2774.898563395179,563.8760441221937,-0.1745,64.94034666887536,-6.637535155217838,0.165,-0.3347501750346581,2.6342677286064706
44.90000000000037,-1.700555406773846,2781.394550423152,563.2210044267524,-0.1495,64.97939389058772,-6.4632587536066755,0.165,-0.3347501750346581,2.6342677286064706
45.00000000000037,-1.7889799888125013,2787.891199867988,562.5530347422919,-0.1745,64.95359500612587,-6.896134935605132,0.165,-0.3347501750346581,2.6342677286064706
45.10000000000037,-1.8476765671108588,2794.386418937821,561.8489782947701,-0.1745,64.95078639053511,-7.184994014829972,0.165,-0.3347501750346581,2.6342677286064706
45.20000000000037,-1.8865992233137985,2800.882104757828,561.120831180344,-0.1745,64.96293000960972,-7.377948273691495,0.165,-0.3347501750346581,2.6342677286064706
45.300000000000374,-1.9123807398063626,2807.3794931383195,560.3765795733179,-0.1745,64.98483760021465,-7.507083866829776,0.165,-0.3347501750346581,2.6342677286064706
45.400000000000375,-1.9294355076775842,2813.8793914188086,559.621536346584,-0.1745,65.01312800956343,-7.593780667848984,0.165,-0.3347501750346581,2.6342677286064706
45.50000000000038,-1.7718475199350248,2820.382327002331,558.8592336997042,-0.1745,65.04558366087669,-7.652272269747281,0.165,-0.3347501750346581,2.6342677286064706
45.60000000000038,-1.83613588308116,2826.8940751246155,558.1192489285,-0.1495,65.18937878481468,-7.1474231543363365,0.8300000000000001,-0.3347501750346581,2.6342677286064706
45.70000000000038,-1.8787067241845206,2833.4134291567343,557.3939246586258,-0.1745,65.1977018575655,-7.3590622431490065,0.165,-0.3347501750346581,2.6342677286064706
45.80000000000038,-1.9068685660495954,2839.9341565111345,556.650953715499,-0.1745,65.21684523043538,-7.5003566193869196,0.165,-0.3347501750346581,2.6342677286064706
45.90000000000038,-1.9254776637007556,2846.4571512722887,555.896188257799,-0.1745,65.24304999264683,-7.5949525346127205,0.165,-0.3347501750346581,2.6342677286064706
46.000000000000384,-1.9377576958900198,2852.9829966858256,555.1335123410449,-0.1745,65.2738582780887,-7.65856580046899,0.165,-0.3347501750346581,2.6342677286064706
46.100000000000385,-1.9458469743987372,2859.5120723760188,554.3655023860001,-0.1745,65.30765552577716,-7.701633300426256,0.165,-0.3347501750346581,2.6342677286064706
46.20000000000039,-1.9511629983686172,2866.0446240524598,553.5938666437551,-0.1745,65.3433780030437,-7.7310815444743985,0.165,-0.3347501750346581,2.6342677286064706
46.30000000000039,-1.9546449515773945,2872.580809132788,552.8197373288473,-0.1745,65.38032360352166,-7.751504753680585,0.165,-0.3347501750346581,2.6342677286064706
46.40000000000039,-1.956914824347136,2879.120726734069,552.0438646562006,-0.1745,65.41802842210481,-7.7659486992527285,0.165,-0.3347501750346581,2.6342677286064706
46.50000000000039,-1.9583843738952946,2885.664437444537,551.2667456349056,-0.1745,65.45618578724722,-7.776431726646739,0.165,-0.3347501750346581,2.6342677286064706
46.60000000000039,-1.9593260808300719,2892.2119763814208,550.488709507902,-0.1745,65.49459295043438,-7.7842908134267015,0.165,-0.3347501750346581,2.6342677286064706
46.700000000000394,-1.9599201945679385,2898.7633618240916,549.7099744037524,-0.1745,65.53311590298429,-7.790411269563034,0.165,-0.3347501750346581,2.6342677286064706
46.800000000000395,-1.960285910397214,2905.3186009253554,548.9306848841655,-0.1745,65.57166612229454,-7.79537912217374,0.165,-0.3347501750346581,2.6342677286064706
46.9000000000004,-1.9605020218801759,2911.877693490936,548.1509368199677,-0.1745,65.61018518931674,-7.799582161782743,0.165,-0.3347501750346581,2.6342677286064706
47.0000000000004,-1.9606205962533294,2918.4406344808076,547.3707938659586,-0.1745,65.64863460811311,-7.80327691839988,0.165,-0.3347501750346581,2.6342677286064706
47.1000000000004,-1.960676026641519,2925.007415664556,546.5902983681281,-0.1745,65.68698906685351,-7.806633038211171,0.165,-0.3347501750346581,2.6342677286064706
47.2000000000004,-1.9606910219975764,2931.578026716736,545.8094785824154,-0.1745,65.72523197674931,-7.809762676040906,0.165,-0.3347501750346581,2.6342677286064706
47.3000000000004,-1.9606805694089728,2938.1524559415325,545.0283534507853,-0.1745,65.76335251917457,-7.812739956561784,0.165,-0.3347501750346581,2.6342677286064706
47.400000000000404,-1.7894119290761519,2944.730690752061,544.2469357601751,-0.1745,65.80134369140052,-7.815613855642433,0.165,-0.3347501750346581,2.6342677286064706
47.500000000000405,-1.8478572008627994,2951.3165148244907,543.4933681290894,-0.1495,65.91513775718943,-7.2557387660723105,0.495,-0.3347501750346581,2.6342677286064706
47.600000000000406,-1.8863600441319273,2957.9084358515006,542.7580718891505,-0.1745,65.92328278301031,-7.450186032705716,0.165,-0.3347501750346581,2.6342677286064706
47.70000000000041,-1.911707556175712,2964.5016739879457,542.0065973457101,-0.1745,65.94147994589018,-7.579304836103181,0.165,-0.3347501750346581,2.6342677286064706
47.80000000000041,-1.7568279905189252,2971.097058177801,541.2443668456168,-0.1745,65.96620385121902,-7.665305165763732,0.165,-0.3347501750346581,2.6342677286064706
47.90000000000041,-1.8264713121732234,2977.699046754025,540.5031943198838,-0.1495,66.07356767325639,-7.158145348895738,0.495,-0.3347501750346581,2.6342677286064706
48.00000000000041,-1.8723148960102034,2984.30649030691,539.7758005473532,-0.1745,66.07530338443884,-7.389730101715481,0.165,-0.3347501750346581,2.6342677286064706
48.10000000000041,-1.9024724100924995,2990.914713550642,539.0291552819351,-0.1745,66.0891614902033,-7.543175206647839,0.165,-0.3347501750346581,2.6342677286064706
48.200000000000415,-1.9222992293299588,2997.5247156216765,538.2697417041916,-0.1745,66.11087993049,-7.645096348223143,0.165,-0.3347501750346581,2.6342677286064706
48.300000000000416,-1.9353266555954673,3004.1371443154612,537.5018337386518,-0.1745,66.1376939452061,-7.713062962571889,0.165,-0.3347501750346581,2.6342677286064706
48.40000000000042,-1.9438814316715989,3010.7524190598633,536.7282473885423,-0.1745,66.16780094283872,-7.758664039619426,0.165,-0.3347501750346581,2.6342677286064706
48.50000000000042,-1.949495696030366,3017.370810198443,535.9508372462487,-0.1745,66.20002182875281,-7.789538806251123,0.165,-0.3347501750346581,2.6342677286064706
48.60000000000042,-1.9531778420296302,3023.992490479153,535.1708243002253,-0.1745,66.23358378544688,-7.810720114219072,0.165,-0.3347501750346581,2.6342677286064706
48.70000000000042,-1.955591269380879,3030.6175686526362,534.3890121877662,-0.1745,66.26797968422159,-7.8255221349616155,0.165,-0.3347501750346581,2.6342677286064706
48.80000000000042,-1.9577330947756855,3037.2461114640846,533.6059297619888,-0.1745,66.30287654474617,-7.836126380584969,0.165,-0.3347501750346581,2.6342677286064706
48.900000000000425,-1.9584203345619497,3043.8797830183466,532.8216385632035,-0.1745,66.37055454049641,-7.849697595122158,0.495,-0.3347501750346581,2.6342677286064706
49.000000000000426,-1.9588709465164669,3050.5186068909375,532.036425875629,-0.1745,66.40592291132363,-7.854556156367728,0.165,-0.3347501750346581,2.6342677286064706
49.10000000000043,-1.9591673750203547,3057.160966816905,531.2507673309085,-0.1745,66.44127560802052,-7.858614738042152,0.165,-0.3347501750346581,2.6342677286064706
49.20000000000043,-1.959363748431846,3063.8068591782676,530.4647293317877,-0.1745,66.47657161923229,-7.862145244373813,0.165,-0.3347501750346581,2.6342677286064706
49.30000000000043,-1.9594955920192378,3070.4562769665463,529.678355753806,-0.1745,66.5117841463407,-7.865326315258376,0.165,-0.3347501750346581,2.6342677286064706
49.40000000000043,-1.9595862127739876,3077.109210960467,528.8916756738524,-0.1745,66.54689573207243,-7.868275283813127,0.165,-0.3347501750346581,2.6342677286064706
49.50000000000043,-1.959650895203029,3083.7656504999472,528.104708449893,-0.1745,66.5818950575316,-7.871069195376725,0.165,-0.3347501750346581,2.6342677286064706
49.600000000000435,-1.959699657786596,3090.4255839946495,527.3174670587323,-0.1745,66.61677483650936,-7.8737586278366525,0.165,-0.3347501750346581,2.6342677286064706
49.700000000000436,-1.9597390633292129,3097.088999258046,526.5299602885395,-0.1745,66.65153043141842,-7.876376776017563,0.165,-0.3347501750346581,2.6342677286064706
49.80000000000044,-1.9603321700964627,3103.7558837268043,525.7421941786738,-0.1745,66.68615894374754,-7.878945421297728,0.165,-0.3347501750346581,2.6342677286064706
49.90000000000044,-1.7867723452088633,3110.4278495470417,524.9538864989527,-0.1745,66.75315746099787,-7.887208173124695,0.495,-0.3347501750346581,2.6342677286064706
50.00000000000044,-1.84643481175664,3117.1104531294754,524.1937873111955,-0.1495,66.898914187677,-7.314775582020202,0.8300000000000001,-0.3347501750346581,2.6342677286064706
50.10000000000044,-1.8854755670692835,3123.8005062725947,523.4522677880884,-0.1745,66.90214867470885,-7.515614880120488,0.165,-0.3347501750346581,2.6342677286064706
50.20000000000044,-1.911015523612079,3130.4914138986837,522.6940928758995,-0.1745,66.91600384706781,-7.647883363657461,0.165,-0.3347501750346581,2.6342677286064706
50.300000000000445,-1.9277225765919153,3137.1840494414623,521.9249367480827,-0.1745,66.9367070085009,-7.735239192678574,0.165,-0.3347501750346581,2.6342677286064706
50.400000000000446,-1.9386539848985573,3143.878975857974,521.1485151394485,-0.1745,66.9618213217336,-7.793192980005206,0.165,-0.3347501750346581,2.6342677286064706
50.50000000000045,-1.9458107774666433,3150.5765552197013,520.3672601559971,-0.1745,66.9897659128081,-7.831906689022846,0.165,-0.3347501750346581,2.6342677286064706
50.60000000000045,-1.9505019640113421,3157.277019133835,519.582763111966,-0.1745,67.01951236986804,-7.858034191598727,0.165,-0.3347501750346581,2.6342677286064706
50.70000000000045,-1.9535834782302788,3163.9805142798255,518.7960648921251,-0.1745,67.050390549945,-7.875930205218715,0.165,-0.3347501750346581,2.6342677286064706
50.80000000000045,-1.955614783028451,3170.687131975041,518.0078462043662,-0.1745,67.08196335436588,-7.888443549958639,0.165,-0.3347501750346581,2.6342677286064706
50.90000000000045,-1.956961433974784,3177.396927420963,517.2185521658569,-0.1745,67.11394556407419,-7.897437220226577,0.165,-0.3347501750346581,2.6342677286064706
51.000000000000455,-1.9578622106116832,3184.10993225209,516.4284738485811,-0.1745,67.14615105846529,-7.9041291252886845,0.165,-0.3347501750346581,2.6342677286064706
51.100000000000456,-1.959031445440962,3190.826162726023,515.6378016315559,-0.1745,67.1784584201984,-7.909315215216026,0.165,-0.3347501750346581,2.6342677286064706
51.20000000000046,-1.9591096982453866,3197.547250013889,514.8463736286039,-0.1745,67.24328733712208,-7.919244843823685,0.495,-0.3347501750346581,2.6342677286064706
51.30000000000046,-1.959187067989353,3204.273196288227,514.0543298891372,-0.1745,67.27563814964324,-7.921629945511506,0.165,-0.3347501750346581,2.6342677286064706
51.40000000000046,-1.959264829343696,3211.002371455794,513.2620486519719,-0.1745,67.30786520169784,-7.9239947977951655,0.165,-0.3347501750346581,2.6342677286064706
51.50000000000046,-1.9593438081077554,3217.7347631280386,512.4695317257476,-0.1745,67.33996824319092,-7.9263437266897085,0.165,-0.3347501750346581,2.6342677286064706
51.60000000000046,-1.959424537256265,3224.4703589028272,511.67678056144115,-0.1745,67.37194725258217,-7.928679559440186,0.165,-0.3347501750346581,2.6342677286064706
51.700000000000465,-1.959507358800948,3231.209146383322,510.8837963762205,-0.1745,67.4038023573165,-7.931004144971981,0.165,-0.3347501750346581,2.6342677286064706
51.800000000000466,-1.9595924902646749,3237.9511131902805,510.0905802342823,-0.1745,67.43553378184826,-7.933318693791851,0.165,-0.3347501750346581,2.6342677286064706
51.90000000000047,-1.9596800680507445,3244.696246970058,509.2971330995969,-0.1745,67.46714181369835,-7.93562399991598,0.165,-0.3347501750346581,2.6342677286064706
52.00000000000047,-1.9597701757306296,3251.4445353998076,508.50345587031444,-0.1745,67.4986267812925,-7.93792058573332,0.165,-0.3347501750346581,2.6342677286064706
52.10000000000047,-1.9598628624899224,3258.195966190847,507.7095494012008,-0.1745,67.52998903949513,-7.9402087965403885,0.165,-0.3347501750346581,2.6342677286064706
52.20000000000047,-1.9599581551534195,3264.95052709083,506.91541451826293,-0.1745,67.56122896016804,-7.9424888622166,0.165,-0.3347501750346581,2.6342677286064706
52.30000000000047,-1.9600560660222943,3271.708205885139,506.12105202827956,-0.1745,67.5923469260097,-7.944760937451265,0.165,-0.3347501750346581,2.6342677286064706
52.400000000000475,-1.960156597980436,3278.468990397766,505.3264627250083,-0.1745,67.62334332653568,-7.9470251279742525,0.165,-0.3347501750346581,2.6342677286064706
52.500000000000476,-1.9602597478205643,3285.2328684918657,504.5316473932268,-0.1745,67.65421855545608,-7.9492815076555745,0.165,-0.3347501750346581,2.6342677286064706
52.60000000000048,-1.9603655084100846,3291.9998280700866,503.7366068113616,-0.1745,67.68497300896439,-7.951530129649433,0.165,-0.3347501750346581,2.6342677286064706
52.70000000000048,-1.9604738701009603,3298.7698570747657,502.94134175319635,-0.1745,67.71560708462061,-7.953771033654924,0.165,-0.3347501750346581,2.6342677286064706
52.80000000000048,-1.9605848216471298,3305.542943488028,502.14585298898135,-0.1745,67.74612118062211,-7.956004250645231,0.165,-0.3347501750346581,2.6342677286064706
52.90000000000048,-1.9606983508012155,3312.3190753318254,501.3501412861517,-0.1745,67.77651569532698,-7.958229805946965,0.165,-0.3347501750346581,2.6342677286064706
53.00000000000048,-1.9608144447024254,3319.0982406679386,500.5542074097921,-0.1745,67.80679102694208,-7.960447721244536,0.165,-0.3347501750346581,2.6342677286064706
53.100000000000485,-1.9609330901285444,3325.8804275979514,499.7580521229357,-0.1745,67.83694757331848,-7.962658015884288,0.165,-0.3347501750346581,2.6342677286064706
53.200000000000486,-1.167999907841579,3332.665624263208,498.9616761867553,-0.1745,67.8669857318167,-7.964860707722629,0.165,-0.3347501750346581,2.6342677286064706
53.30000000000049,-1.4464707083673025,3339.451192492652,498.301173130855,-0.06225,67.84437885705948,-5.245200410284588,0.495,-0.3347501750346581,2.6342677286064706
53.40000000000049,-1.6281786115545693,3346.2294974156935,497.72970206518625,-0.1745,67.72171960377558,-6.184220903090608,0.165,-0.3347501750346581,2.6342677286064706
53.50000000000049,-0.9578443673388036,3352.998340412748,497.08063459892804,-0.1745,67.65514033731138,-6.797128422073317,0.165,-0.3347501750346581,2.6342677286064706
53.60000000000049,-1.309447027391546,3359.7614624400194,496.5153190128466,-0.06225,67.60730020812234,-4.5091832995554935,0.165,-0.3347501750346581,2.6342677286064706
53.70000000000049,-1.3663996842866635,3366.513968676498,496.00537580665167,-0.1745,67.44282452144206,-5.6896808243433235,0.165,-0.3347501750346581,2.6342677286064706
53.800000000000495,-1.5768559863586376,3373.2607552313666,495.42657398053353,-0.1495,67.49290657593274,-5.886355698019506,0.8300000000000001,-0.3347501750346581,2.6342677286064706
53.900000000000496,-1.7143668730838075,3380.005977166385,494.80258525451336,-0.1745,67.41153212443925,-6.593418822383752,0.165,-0.3347501750346581,2.6342677286064706
54.0000000000005,-1.8054304762276714,3386.745102964357,494.1201148766811,-0.1745,67.37098383500032,-7.05598873426176,0.165,-0.3347501750346581,2.6342677286064706
54.1000000000005,-1.8633165182751366,3393.4847402884016,493.39880168392244,-0.1745,67.42176264588998,-7.370275120911104,0.8300000000000001,-0.3347501750346581,2.6342677286064706
54.2000000000005,-1.9010592817438057,3400.227009391969,492.6519670668064,-0.1745,67.42361942546414,-7.566417221409861,0.165,-0.3347501750346581,2.6342677286064706
54.3000000000005,-1.750876906384301,3406.9699879576165,491.88889378212656,-0.1745,67.43595188748051,-7.695048472187085,0.165,-0.3347501750346581,2.6342677286064706
54.4000000000005,-1.8278565736178316,3413.7203451557757,491.14437600396315,-0.1495,67.57119207569987,-7.195307091081653,0.8300000000000001,-0.3347501750346581,2.6342677286064706
54.500000000000504,-1.8780051142387209,3420.4770210916727,490.41181568168116,-0.1745,67.56232664223565,-7.4558993545576975,0.165,-0.3347501750346581,2.6342677286064706
54.600000000000506,-1.9106704440942885,3427.2335179782976,489.65770125373035,-0.1745,67.56761109026333,-7.626389204458384,0.165,-0.3347501750346581,2.6342677286064706
54.70000000000051,-1.931952010951255,3433.9909969485702,488.88947416887083,-0.1745,67.58196831519109,-7.7381524927325165,0.165,-0.3347501750346581,2.6342677286064706
54.80000000000051,-1.7701178026268447,3440.750202766522,488.1119835490263,-0.1745,67.60214804384415,-7.811659904157392,0.165,-0.3347501750346581,2.6342677286064706
54.90000000000051,-1.8407086699313255,3447.5157182342973,487.35802066107675,-0.1495,67.70816131166734,-7.2675978548342375,0.495,-0.3347501750346581,2.6342677286064706
55.00000000000051,-1.886647293867121,3454.2862286910954,486.6192830677073,-0.1745,67.70204782429607,-7.507154012555751,0.165,-0.3347501750346581,2.6342677286064706
55.10000000000051,-1.9165426807049597,3461.0567773845887,485.86073795348756,-0.1745,67.7089260455661,-7.663748271838214,0.165,-0.3347501750346581,2.6342677286064706
55.200000000000514,-1.9360046565415652,3467.828430150988,485.08923372882805,-0.1745,67.72412928241958,-7.76633622135155,0.165,-0.3347501750346581,2.6342677286064706
55.300000000000516,-1.948685329076529,3474.601870074369,484.30922764609477,-0.1745,67.74466918519737,-7.833785433314349,0.165,-0.3347501750346581,2.6342677286064706
55.40000000000052,-1.956960618625652,3481.3775346360203,483.52361929606104,-0.1745,67.76862204783038,-7.878381567360063,0.165,-0.3347501750346581,2.6342677286064706
55.50000000000052,-1.9623753577446097,3488.1557030065,482.73429422999004,-0.1745,67.794745361762,-7.908119754059596,0.165,-0.3347501750346581,2.6342677286064706
55.60000000000052,-1.9659335556568167,3494.9365520214187,481.94247822042274,-0.1745,67.82223493661317,-7.928200437285832,0.165,-0.3347501750346581,2.6342677286064706
55.70000000000052,-1.968287487766947,3501.720192250444,481.14896795538294,-0.1745,67.85056964389643,-7.942004863510575,0.165,-0.3347501750346581,2.6342677286064706
55.80000000000052,-1.969860778600361,3508.5066913113183,480.3542811778717,-0.1745,67.87941157358983,-7.951730686713939,0.165,-0.3347501750346581,2.6342677286064706
55.900000000000524,-1.970928471142688,3515.2960889687897,479.55875435200335,-0.1745,67.9085415758415,-7.958805830652782,0.165,-0.3347501750346581,2.6342677286064706
56.000000000000526,-1.1776655409067054,3522.088406924792,478.7626061694345,-0.1745,67.93781754419621,-7.964157820724602,0.165,-0.3347501750346581,2.6342677286064706
56.10000000000053,-1.457121127268393,3528.8827272987573,478.1022401687276,-0.06225,67.94858993511467,-5.243162193413761,0.8300000000000001,-0.3347501750346581,2.6342677286064706
56.20000000000053,-1.6393322378744495,3535.671390003678,477.5307385663751,-0.1745,67.82466416329473,-6.186869853636596,0.165,-0.3347501750346581,2.6342677286064706
56.30000000000053,-1.7580266574674934,3542.4504843536547,476.88127866168134,-0.1745,67.75722283624219,-6.802328240238133,0.165,-0.3347501750346581,2.6342677286064706
56.40000000000053,-1.8352953941141497,3549.2246012947153,476.18097069265247,-0.1745,67.72511598497167,-7.203831140339587,0.165,-0.3347501750346581,2.6342677286064706
56.50000000000053,-1.8855783643784423,3555.9966264459968,475.4474845816822,-0.1745,67.7153870406547,-7.465891079065985,0.165,-0.3347501750346581,2.6342677286064706
56.600000000000534,-1.9182983870748975,3562.768392577329,474.69233399128734,-0.1745,67.71993558598889,-7.637120728831349,0.165,-0.3347501750346581,2.6342677286064706
56.700000000000536,-1.9395963505316507,3569.5410707712535,473.92301689990984,-0.1745,67.73362829250107,-7.749221098718694,0.165,-0.3347501750346581,2.6342677286064706
56.80000000000054,-1.9540394926488607,3576.3154113382793,473.14441336000027,-0.1745,67.75318304801262,-7.822849699472957,0.165,-0.3347501750346581,2.6342677286064706
56.90000000000054,-1.962748475309868,3583.09351989321,472.35941150259214,-0.1745,67.80898805060532,-7.877187448689959,0.495,-0.3347501750346581,2.6342677286064706
57.00000000000054,-1.9684453773513595,3589.8757058070873,471.57013349989296,-0.1745,67.83473022693661,-7.908372605293184,0.165,-0.3347501750346581,2.6342677286064706
57.10000000000054,-1.9721879333983892,3596.6605382831717,470.7782456924539,-0.1745,67.86191929475211,-7.929383543488516,0.165,-0.3347501750346581,2.6342677286064706
57.20000000000054,-1.9746631165160955,3603.448134528775,469.9845872855979,-0.1745,67.89000561731132,-7.943784593630401,0.165,-0.3347501750346581,2.6342677286064706
57.300000000000544,-1.9763169506427016,3610.238566456589,469.1897034709653,-0.1745,67.91863293897485,-7.953891699022048,0.165,-0.3347501750346581,2.6342677286064706
57.400000000000546,-1.9774389336752727,3617.0318766181176,468.3939484270701,-0.1745,67.94757029159219,-7.961209178881717,0.165,-0.3347501750346581,2.6342677286064706
57.50000000000055,-1.9782169148917434,3623.8280885302306,467.59755227411233,-0.1745,67.97666795066452,-7.966713880273803,0.165,-0.3347501750346581,2.6342677286064706
57.60000000000055,-1.9787727524943763,3630.6272133728103,466.80066458212667,-0.1745,68.00582890092986,-7.97103995943979,0.165,-0.3347501750346581,2.6342677286064706
57.70000000000055,-1.9791854747124522,3637.4292543344527,466.0033826342854,-0.1745,68.03499033192217,-7.974598997385439,0.165,-0.3347501750346581,2.6342677286064706
57.80000000000055,-1.9795063193059035,3644.234209432615,465.20576978171823,-0.1745,68.06411163132393,-7.9776580539578354,0.165,-0.3347501750346581,2.6342677286064706
57.90000000000055,-1.9797684966042737,3651.042073343796,464.4078673603187,-0.1745,68.09316659229704,-7.980390374032729,0.165,-0.3347501750346581,2.6342677286064706
58.000000000000554,-1.8024839506503927,3657.8528385911777,463.60970242569124,-0.1745,68.12213835533798,-7.982908318516129,0.165,-0.3347501750346581,2.6342677286064706
58.100000000000556,-1.865462315615256,3664.6689476181655,462.8416513986631,-0.1495,68.20004218441989,-7.3781122220472355,0.165,-0.3347501750346581,2.6342677286064706
58.20000000000056,-1.110071899721994,3671.4887363539947,462.0930796099005,-0.1745,68.19573253216487,-7.593323553204654,0.165,-0.3347501750346581,2.6342677286064706
58.30000000000056,-1.416729491407844,3678.3073021333553,461.4637857541608,-0.06225,68.17558305505072,-4.992553561589071,0.495,-0.3347501750346581,2.6342677286064706
58.40000000000056,-1.616436016841194,3685.1177823842204,460.9126044749102,-0.1745,68.03402196225112,-6.031072023423556,0.165,-0.3347501750346581,2.6342677286064706
58.50000000000056,-1.7463663732964216,3691.9172599801786,460.27568692636424,-0.1745,67.95552995691358,-6.7072789474957375,0.165,-0.3347501750346581,2.6342677286064706
58.60000000000056,-1.8308429603519287,3698.7108512509976,459.5829372831758,-0.1745,67.91629545947036,-7.14771391627331,0.165,-0.3347501750346581,2.6342677286064706
58.700000000000564,-1.8857467054656964,3705.5017577310864,458.85381631922974,-0.1745,67.90183414230115,-7.434705362647384,0.165,-0.3347501750346581,2.6342677286064706
58.800000000000566,-1.9214285959454953,3712.292006285184,458.1009869041348,-0.1745,67.90313693964818,-7.6218829392511,0.165,-0.3347501750346581,2.6342677286064706
58.90000000000057,-1.7677652137542157,3719.0828889682325,457.33268419456675,-0.1745,67.91451672132152,-7.744171252110167,0.165,-0.3347501750346581,2.6342677286064706
59.00000000000057,-1.8451557458765095,3725.8778045533395,456.58438823868704,-0.1495,67.98379498081705,-7.221747865483947,0.165,-0.3347501750346581,2.6342677286064706
59.10000000000057,-1.8954263507339297,3732.67563441448,455.8490478260585,-0.1745,67.97280224199197,-7.485060387086446,0.165,-0.3347501750346581,2.6342677286064706
59.20000000000057,-1.9280823966897453,3739.473086174544,455.09195788184945,-0.1745,67.97623295928314,-7.656738497093881,0.165,-0.3347501750346581,2.6342677286064706
59.30000000000057,-1.9493058813151054,3746.2713420135356,454.32067666246775,-0.1745,67.98888382055192,-7.76888589054067,0.165,-0.3347501750346581,2.6342677286064706
59.400000000000574,-1.963113478053471,3753.0711579441245,453.54011340845796,-0.1745,68.00743479122255,-7.842379189655636,0.165,-0.3347501750346581,2.6342677286064706
59.500000000000576,-1.9721130533210354,3759.8730174413677,452.75345521384514,-0.1745,68.02975515363961,-7.8907847026009765,0.165,-0.3347501750346581,2.6342677286064706
59.60000000000058,-1.9779968308386886,3766.677228818715,451.9627703298699,-0.1745,68.05447239330844,-7.922912976904315,0.165,-0.3347501750346581,2.6342677286064706
59.70000000000058,-1.9818623828999296,3773.4839874562476,451.16940052504594,-0.1745,68.08070035735138,-7.944483119574817,0.165,-0.3347501750346581,2.6342677286064706
59.80000000000058,-1.9844213231484098,3780.293415780307,450.3742160700965,-0.1745,68.10786612383211,-7.959205979413598,0.165,-0.3347501750346581,2.6342677286064706
59.90000000000058,-1.9861348764330735,3787.1055890370576,449.57778134662766,-0.1745,68.13559901118145,-7.969488489963842,0.165,-0.3347501750346581,2.6342677286064706
60.00000000000058,-1.9873018920369083,3793.9205519436578,448.7804623546329,-0.1745,68.16365912082439,-7.976891349930807,0.165,-0.3347501750346581,2.6342677286064706
60.100000000000584,-1.9881159547629037,3800.738329460049,447.9824964742761,-0.1745,68.19189120699757,-7.982426257204725,0.165,-0.3347501750346581,2.6342677286064706
60.200000000000585,-1.9887024290524378,3807.5589337627257,447.18403771861534,-0.1745,68.22019484653588,-7.986748856010466,0.165,-0.3347501750346581,2.6342677286064706
60.30000000000059,-1.9891424788188377,3814.3823687615254,446.3851860788348,-0.1745,68.24850512945825,-7.990283939599935,0.165,-0.3347501750346581,2.6342677286064706
60.40000000000059,-1.9894886374746457,3821.2086330256257,445.58600654850085,-0.1745,68.27678015254716,-7.993306667078834,0.165,-0.3347501750346581,2.6342677286064706
60.50000000000059,-1.989774897868115,3828.0377216790907,444.786541453558,-0.1745,68.30499291675093,-7.9959952317783385,0.165,-0.3347501750346581,2.6342677286064706
60.60000000000059,-1.9900232492226828,3834.8696276287856,443.9868184416256,-0.1745,68.3331260771455,-7.998465006870622,0.165,-0.3347501750346581,2.6342677286064706
60.70000000000059,-1.9902479111512479,3841.7043423597047,443.1868556574468,-0.1745,68.36116854123756,-8.000790676704327,0.165,-0.3347501750346581,2.6342677286064706
60.800000000000594,-1.9904580753898644,3848.54185645002,442.38666509473325,-0.1745,68.38911326507386,-8.00302057756701,0.165,-0.3347501750346581,2.6342677286064706
60.900000000000595,-1.990659680786294,3855.3821599045527,441.58625476645346,-0.1745,68.41695582558269,-8.00518598802807,0.165,-0.3347501750346581,2.6342677286064706
61.0000000000006,-1.9908565621537841,3862.2252423706273,440.7856301097495,-0.1745,68.44469349590875,-8.007307146051682,0.165,-0.3347501750346581,2.6342677286064706
61.1000000000006,-1.9910511936906605,3869.0710932777547,439.9847948951863,-0.1745,68.4723246466407,-8.009397145212054,0.165,-0.3347501750346581,2.6342677286064706
61.2000000000006,-1.9912451699349982,3875.919701927994,439.18375181507594,-0.1745,68.49984835815121,-8.011464456995732,0.165,-0.3347501750346581,2.6342677286064706
61.3000000000006,-1.9914395168473007,3882.771057554385,438.3825028640614,-0.1745,68.52726416966935,-8.013514563295477,0.165,-0.3347501750346581,2.6342677286064706
61.4000000000006,-1.9916348929741865,3889.6251493587133,437.5810495852587,-0.1745,68.55457191689311,-8.015551012757857,0.165,-0.3347501750346581,2.6342677286064706
61.500000000000604,-1.9918317195030035,3896.481966535904,436.77939322941256,-0.1745,68.58177162692331,-8.017576104165235,0.165,-0.3347501750346581,2.6342677286064706
61.600000000000605,-1.9920302643247996,3903.3414982897652,435.97753485778253,-0.1745,68.60886345029965,-8.019591328435508,0.165,-0.3347501750346581,2.6342677286064706
61.70000000000061,-1.9922306963576788,3910.2037338431323,435.175475408639,-0.1745,68.63584761704647,-8.021597654435606,0.165,-0.3347501750346581,2.6342677286064706
61.80000000000061,-1.9924331206439168,3917.0686624443974,434.37321574022934,-0.1745,68.66272440825219,-8.023595713757631,0.165,-0.3347501750346581,2.6342677286064706
61.90000000000061,-1.9926376010203504,3923.936273371695,433.57075665853404,-0.1745,68.68949413769663,-8.025585920148405,0.165,-0.3347501750346581,2.6342677286064706
62.00000000000061,-1.99284417475864,3930.8065559355787,432.76809893519237,-0.1745,68.71615713997609,-8.027568546685153,0.165,-0.3347501750346581,2.6342677286064706
62.10000000000061,-1.9930528620176222,3937.6794994807187,431.96524331907636,-0.1745,68.74271376282961,-8.029543775635455,0.165,-0.3347501750346581,2.6342677286064706
62.200000000000614,-1.9932636719447248,3944.5550933869695,431.1621905437615,-0.1745,68.76916436218089,-8.03151173066243,0.165,-0.3347501750346581,2.6342677286064706
62.300000000000615,-1.9934766066134442,3951.4333270700254,430.3589413323473,-0.1745,68.79550929893522,-8.03347249762177,0.165,-0.3347501750346581,2.6342677286064706
62.40000000000062,-1.993691663563717,3958.3141899818174,429.55549640056677,-0.1745,68.82174893691044,-8.035426137988695,0.165,-0.3347501750346581,2.6342677286064706
62.50000000000062,-1.9939088374404816,3965.197671610738,428.7518564587911,-0.1745,68.8478836415004,-8.037372697524631,0.165,-0.3347501750346581,2.6342677286064706
62.60000000000062,-1.9941281210502515,3972.0837614817533,427.9480222133214,-0.1745,68.87391377881148,-8.039312211869914,0.165,-0.3347501750346581,2.6342677286064706
62.70000000000062,-1.9943495060421899,3978.9724491564493,427.14399436722033,-0.1745,68.89983971510473,-8.04124471015192,0.165,-0.3347501750346581,2.6342677286064706
62.80000000000062,-1.9945729833469605,3985.8637242330265,426.3397736208471,-0.1745,68.92566181643512,-8.04317021731221,0.165,-0.3347501750346581,2.6342677286064706
62.900000000000624,-1.9947985434593687,3992.757576346269,425.53536067220114,-0.1745,68.9513804484182,-8.04508875560702,0.165,-0.3347501750346581,2.6342677286064706
63.000000000000625,-1.9950261766202675,3999.653995167494,424.7307562171421,-0.1745,68.97699597607887,-8.047000345574396,0.165,-0.3347501750346581,2.6342677286064706
63.10000000000063,-1.9952558729335432,4006.5529704044857,423.92596094953046,-0.1745,69.0025087637532,-8.048905006657312,0.165,-0.3347501750346581,2.6342677286064706
63.20000000000063,-1.9954876224412466,4013.4544918014244,423.1209755613174,-0.1745,69.0279191750245,-8.050802757604915,0.165,-0.3347501750346581,2.6342677286064706
63.30000000000063,-1.995721415171762,4020.35854913881,422.3158007426006,-0.1745,69.05322757268137,-8.052693616730707,0.165,-0.3347501750346581,2.6342677286064706
63.40000000000063,-1.9959572411706068,4027.2651322333786,421.5104371816601,-0.1745,69.07843431869013,-8.054577602078536,0.165,-0.3347501750346581,2.6342677286064706
63.50000000000063,-1.996195090520048,4034.174230938022,420.70488556497975,-0.1745,69.10353977417643,-8.056454731529143,0.165,-0.3347501750346581,2.6342677286064706
63.600000000000634,-1.996434953351513,4041.0858351417014,419.89914657725984,-0.1745,69.12854429941268,-8.05832502286843,0.165,-0.3347501750346581,2.6342677286064706
63.700000000000635,-1.9977923471527257,4047.9999347693624,419.09322090142484,-0.1745,69.15344825380953,-8.060188493831062,0.165,-0.3347501750346581,2.6342677286064706
63.80000000000064,-1.99735804484434,4054.919794286636,418.28653194624957,-0.1745,69.24374209165666,-8.07359060967483,0.8300000000000001,-0.3347501750346581,2.6342677286064706
63.90000000000064,-1.9971704895591469,4061.8454084580435,417.47919897521774,-0.1745,69.26854133649265,-8.073068810961566,0.165,-0.3347501750346581,2.6342677286064706
64.00000000000064,-1.9971419558188468,4068.7734911198218,416.6718763554381,-0.1745,69.29311189907283,-8.073383584631737,0.165,-0.3347501750346581,2.6342677286064706
64.10000000000063,-1.99721613067587,4075.704021750794,415.8644955280486,-0.1745,69.3175007203665,-8.074232963157247,0.165,-0.3347501750346581,2.6342677286064706
64.20000000000063,-1.9973568712114216,4082.636983690608,415.0570127271681,-0.1745,69.34173807591235,-8.075423054453207,0.165,-0.3347501750346581,2.6342677286064706
64.30000000000062,-1.9975409833269284,4089.572362771001,414.2494001050856,-0.1745,69.36584353194452,-8.07682938719695,0.165,-0.3347501750346581,2.6342677286064706
64.40000000000062,-1.9977535842937737,4096.510146436334,413.44164003206765,-0.1745,69.38982977471798,-8.078372073162807,0.165,-0.3347501750346581,2.6342677286064706
64.50000000000061,-1.9979851251392402,4103.45032317865,412.63372143587804,-0.1745,69.41370507160201,-8.079999850629175,0.165,-0.3347501750346581,2.6342677286064706
64.6000000000006,-1.99822947914038,4110.392882174848,411.8256374515853,-0.1745,69.4374748523475,-8.081679835226176,0.165,-0.3347501750346581,2.6342677286064706
64.7000000000006,-1.998482714949274,4117.337813053705,411.0173839129233,-0.1745,69.46114272479556,-8.083390938013467,0.165,-0.3347501750346581,2.6342677286064706
64.8000000000006,-1.9987423092906935,4124.285105746302,410.20895838405073,-0.1745,69.48471112715099,-8.085119639438377,0.165,-0.3347501750346581,2.6342677286064706
64.90000000000059,-1.9990066418364028,4131.234750389998,409.40035953825605,-0.1745,69.50818174676957,-8.086857276454909,0.165,-0.3347501750346581,2.6342677286064706
65.00000000000058,-1.999274671183501,4138.186737266786,408.59158675936607,-0.1745,69.53155578897994,-8.088598301344557,0.165,-0.3347501750346581,2.6342677286064706
65.10000000000058,-1.9995457270449175,4145.141056763715,407.7826398860783,-0.1745,69.5548341496063,-8.090339164410535,0.165,-0.3347501750346581,2.6342677286064706
65.20000000000057,-1.9998193769973758,4152.097699347479,406.9735190480004,-0.1745,69.57801752566625,-8.092077597147057,0.165,-0.3347501750346581,2.6342677286064706
65.30000000000057,-2.000095341053505,4159.056655548081,406.1642245605215,-0.1745,69.60110648638529,-8.093812152430376,0.165,-0.3347501750346581,2.6342677286064706
65.40000000000056,-2.0003734369043653,4166.017915948338,405.3547568574184,-0.1745,69.62410151874445,-8.095541909632363,0.165,-0.3347501750346581,2.6342677286064706
65.50000000000055,-2.0006535448276606,4172.98147117711,404.54511644765984,-0.1745,69.64700305668835,-8.097266285538993,0.165,-0.3347501750346581,2.6342677286064706
65.60000000000055,-2.000935585203058,4179.947311904936,403.73530388772616,-0.1745,69.66981149985138,-8.09898491313415,0.165,-0.3347501750346581,2.6342677286064706
65.70000000000054,-2.0012195041080307,4186.915428841206,402.9253197638742,-0.1745,69.69252722556142,-8.100697563905182,0.165,-0.3347501750346581,2.6342677286064706
65.80000000000054,-2.001505264091912,4193.885812732311,402.1151646807763,-0.1745,69.71515059653267,-8.102404098053398,0.165,-0.3347501750346581,2.6342677286064706
65.90000000000053,-2.001792838267685,4200.8584543604275,401.304839254244,-0.1745,69.73768196579485,-8.104104432593028,0.165,-0.3347501750346581,2.6342677286064706
66.00000000000053,-2.002082206529046,4207.83334454271,400.4943441065686,-0.1745,69.7601216798509,-8.105798520915418,0.165,-0.3347501750346581,2.6342677286064706
66.10000000000052,-2.0023733531286574,4214.810474130737,399.6836798635378,-0.1745,69.78247008069938,-8.107486339700205,0.165,-0.3347501750346581,2.6342677286064706
66.20000000000051,-2.0026662651280134,4221.789834010128,398.8728471525261,-0.1745,69.80472750712947,-8.109167880533615,0.165,-0.3347501750346581,2.6342677286064706
66.30000000000051,-2.002960931405359,4228.771415100262,398.06184660127235,-0.1745,69.82689429554996,-8.110843144541947,0.165,-0.3347501750346581,2.6342677286064706
66.4000000000005,-2.0032573420207993,4235.755208354066,397.25067883709744,-0.1745,69.84897078051979,-8.112512138956163,0.165,-0.3347501750346581,2.6342677286064706
66.5000000000005,-2.0035554878100372,4242.741204757846,396.43934448640397,-0.1745,69.8709572950875,-8.114174874912965,0.165,-0.3347501750346581,2.6342677286064706
66.60000000000049,-2.0038553601243807,4249.729395331151,395.62784417435597,-0.1745,69.89285417100828,-8.115831366047537,0.165,-0.3347501750346581,2.6342677286064706
66.70000000000049,-2.004156950664343,4256.719771126645,394.81617852467394,-0.1745,69.91466173888271,-8.117481627592966,0.165,-0.3347501750346581,2.6342677286064706
66.80000000000048,-1.1876799873860424,4263.712323230002,394.0043481595041,-0.1745,69.93638032824546,-8.119125675803968,0.165,-0.3347501750346581,2.6342677286064706
66.90000000000047,-1.4828276693847742,4270.704676256368,393.3366834494396,-0.06225,69.9106801990791,-5.234168525485847,0.495,-0.3347501750346581,2.6342677286064706
67.00000000000047,-1.6724424400443718,4277.688412133318,392.76205337763076,-0.1745,69.76403733992045,-6.258432910690335,0.165,-0.3347501750346581,2.6342677286064706
67.10000000000046,-1.794173667808063,4284.660672487771,392.1033309486944,-0.1745,69.68116974915415,-6.916015668036361,0.165,-0.3347501750346581,2.6342677286064706
67.20000000000046,-1.8722996197171784,4291.626607264415,391.39061464909713,-0.1745,69.63752578372743,-7.338310323908602,0.165,-0.3347501750346581,2.6342677286064706
67.30000000000045,-1.9224469142378129,4298.589400386259,390.6432186706233,-0.1745,69.61833665314357,-7.60960924556775,0.165,-0.3347501750346581,2.6342677286064706
67.40000000000045,-1.9546575242941984,4305.551043265507,389.8735357734844,-0.1745,69.61452093183766,-7.784048697210189,0.165,-0.3347501750346581,2.6342677286064706
67.50000000000044,-1.9753767257923034,4312.512789981925,389.0895139473216,-0.1745,69.6204133965295,-7.89638782604468,0.165,-0.3347501750346581,2.6342677286064706
67.60000000000043,-1.9887375695571585,4319.475432989859,388.29624803242433,-0.1745,69.63244676214613,-7.96893047190152,0.165,-0.3347501750346581,2.6342677286064706
67.70000000000043,-1.8168871822199326,4326.439473391534,387.49700253806594,-0.1745,69.64836127136542,-8.015979415266033,0.165,-0.3347501750346581,2.6342677286064706
67.80000000000042,-1.8880939327373083,4333.4112143986795,386.72505180193303,-0.1495,69.78645887154484,-7.423035307392166,0.8300000000000001,-0.3347501750346581,2.6342677286064706
67.90000000000042,-1.9330269338655923,4340.390697380952,385.97017739196036,-0.1745,69.80320077389874,-7.6744528920613595,0.495,-0.3347501750346581,2.6342677286064706
68.00000000000041,-1.9618591335099733,4347.3709267197055,385.194896985723,-0.1745,69.80138600117047,-7.831155232685729,0.165,-0.3347501750346581,2.6342677286064706
68.1000000000004,-1.9803928556388857,4354.351410532576,384.4067412475572,-0.1745,69.8082902562352,-7.931959530630063,0.165,-0.3347501750346581,2.6342677286064706
68.2000000000004,-1.9923425806247728,4361.332860179472,383.61029329874196,-0.1745,69.82070268169437,-7.996999445674631,0.165,-0.3347501750346581,2.6342677286064706
68.3000000000004,-2.0000847509181323,4368.315724818086,382.8084850910495,-0.1745,69.8365900905797,-8.039164708175566,0.165,-0.3347501750346581,2.6342677286064706
68.40000000000039,-2.005139055668053,4375.300287355393,382.0031916883255,-0.1745,69.85466065556783,-8.066703346303784,0.165,-0.3347501750346581,2.6342677286064706
68.50000000000038,-2.008476952744042,4382.286724981999,381.19561196674954,-0.1745,69.87409187654602,-8.084891085215052,0.165,-0.3347501750346581,2.6342677286064706
68.60000000000038,-2.010719258964298,4389.2751475473615,380.3865123448795,-0.1745,69.89435943069738,-8.097101352185105,0.165,-0.3347501750346581,2.6342677286064706
68.70000000000037,-1.8302216134765223,4396.265621961911,379.5763827472118,-0.1745,69.91512886029334,-8.105490601169329,0.165,-0.3347501750346581,2.6342677286064706
68.80000000000037,-1.8973009793433693,4403.260874255323,378.79746825697396,-0.1495,69.98991700794683,-7.472799203587552,0.165,-0.3347501750346581,2.6342677286064706
68.90000000000036,-1.9402531751494856,4410.259126941084,378.03848543097723,-0.1745,69.97513670727758,-7.70685731634738,0.165,-0.3347501750346581,2.6342677286064706
69.00000000000036,-1.9677860326337737,4417.256565365864,377.2602949703574,-0.1745,69.97363178832498,-7.856951896049963,0.165,-0.3347501750346581,2.6342677286064706
69.10000000000035,-1.9854703679051884,4424.25427172272,376.4697783963635,-0.1745,69.98049534878773,-7.953379583828203,0.165,-0.3347501750346581,2.6342677286064706
69.20000000000034,-1.9968672500971016,4431.252928449445,375.67133344491015,-0.1745,69.99263918571022,-8.015519445238908,0.165,-0.3347501750346581,2.6342677286064706
69.30000000000034,-2.0042517025790674,4438.252965891818,374.8677694702421,-0.1745,70.00810966175236,-8.055760048122618,0.165,-0.3347501750346581,2.6342677286064706
69.40000000000033,-2.0090764981022953,4445.254654718534,374.0608806015118,-0.1745,70.02566687255589,-8.082017326482465,0.165,-0.3347501750346581,2.6342677286064706
69.50000000000033,-1.8303150621401354,4452.258164178761,373.2518123662182,-0.1745,70.04452233198877,-8.099347379390741,0.165,-0.3347501750346581,2.6342677286064706
69.60000000000032,-1.89842647570287,4459.267944579926,372.47309374536366,-0.1495,70.15108569131273,-7.475025037699954,0.495,-0.3347501750346581,2.6342677286064706
69.70000000000032,-1.9419880979480246,4466.282247743937,371.713686174618,-0.1745,70.13497758889824,-7.713126377213706,0.165,-0.3347501750346581,2.6342677286064706
69.80000000000031,-1.9698800081160714,4473.295617938813,370.9347500623063,-0.1745,70.13242630862496,-7.86559586901931,0.165,-0.3347501750346581,2.6342677286064706
69.9000000000003,-1.9877760434210525,4480.3091597660905,370.143300167179,-0.1745,70.13841023693155,-7.963402033527145,0.165,-0.3347501750346581,2.6342677286064706
70.0000000000003,-1.9992985420598186,4487.3235689641615,369.34381365339965,-0.1745,70.14977372448672,-8.026328242060215,0.165,-0.3347501750346581,2.6342677286064706
70.10000000000029,-2.006758745455285,4494.339283814377,368.5391469748253,-0.1745,70.16452327982799,-8.06700532942667,0.165,-0.3347501750346581,2.6342677286064706
70.20000000000029,-2.0116306928261234,4501.356579749064,367.73112202210524,-0.1745,70.18139541389907,-8.093493724974284,0.165,-0.3347501750346581,2.6342677286064706
70.30000000000028,-2.0159692974835783,4508.375628904652,366.9209005725685,-0.1745,70.19958769786906,-8.110935265760299,0.165,-0.3347501750346581,2.6342677286064706
70.40000000000028,-2.0174728630749157,4515.399812290013,366.1086460887372,-0.1745,70.28408000935043,-8.13415441086569,0.8300000000000001,-0.3347501750346581,2.6342677286064706
70.50000000000027,-2.019104963406898,4522.42919927131,365.2949495092864,-0.1745,70.3036596165791,-8.139777178150199,0.165,-0.3347501750346581,2.6342677286064706
70.60000000000026,-2.019584427009733,4529.46217652127,364.4804787365567,-0.1745,70.35588538262276,-8.149638276445067,0.495,-0.3347501750346581,2.6342677286064706
70.70000000000026,-2.0200151813702583,4536.49875689381,363.66541489298896,-0.1745,70.37572206819496,-8.151638594909492,0.165,-0.3347501750346581,2.6342677286064706
70.80000000000025,-2.020415517621351,4543.537318203885,362.8501601082143,-0.1745,70.39550413329242,-8.153457100583795,0.165,-0.3347501750346581,2.6342677286064706
70.90000000000025,-2.020797070419291,4550.577854508414,362.0347293613851,-0.1745,70.41522195729195,-8.155157836001214,0.165,-0.3347501750346581,2.6342677286064706
71.00000000000024,-2.0211672383169113,4557.620359082706,361.21913239138865,-0.1745,70.43486952855034,-8.156781563926733,0.165,-0.3347501750346581,2.6342677286064706
71.10000000000024,-2.021530724508212,4564.664824715761,360.4033756018022,-0.1745,70.45444313253913,-8.15835422780188,0.165,-0.3347501750346581,2.6342677286064706
71.20000000000023,-2.0218905174615966,4571.711243898213,359.58746327346176,-0.1745,70.47394051651159,-8.159892339007097,0.165,-0.3347501750346581,2.6342677286064706
71.30000000000022,-2.0222485149578735,4578.759608941922,358.7713983361777,-0.1745,70.4933603576739,-8.161406406674079,0.165,-0.3347501750346581,2.6342677286064706
71.40000000000022,-2.022605921139725,4585.809912056037,357.9551828597979,-0.1745,70.51270192463637,-8.16290312092176,0.165,-0.3347501750346581,2.6342677286064706
71.50000000000021,-2.0229634990968615,4592.862145395366,357.1388183666338,-0.1745,70.53196486193455,-8.164386742360051,0.165,-0.3347501750346581,2.6342677286064706
71.60000000000021,-2.02332173152354,4599.916301091107,356.32230603020156,-0.1745,70.55114905290267,-8.165859986284584,0.165,-0.3347501750346581,2.6342677286064706
71.7000000000002,-2.0236809228888566,4606.9723712703735,355.5056468016257,-0.1745,70.570254532423,-8.167324585232665,0.165,-0.3347501750346581,2.6342677286064706
71.8000000000002,-2.0240412644016352,4614.030348068565,354.6888414900219,-0.1745,70.5892814314189,-8.168781646843517,0.165,-0.3347501750346581,2.6342677286064706
71.90000000000019,-2.024402875311732,4621.090223637214,353.8718908136063,-0.1745,70.60822994154823,-8.170231881468293,0.165,-0.3347501750346581,2.6342677286064706
72.00000000000018,-2.0247658291630435,4628.151990148929,353.0547954321872,-0.1745,70.62710029274936,-8.171675746913822,0.165,-0.3347501750346581,2.6342677286064706
72.10000000000018,-2.025130170478488,4635.2156398005145,352.23755596781774,-0.1745,70.6458927389634,-8.17311354047459,0.165,-0.3347501750346581,2.6342677286064706
72.20000000000017,-1.8419547051381908,4642.281164814915,351.420173017922,-0.1745,70.664607549057,-8.17454545743987,0.165,-0.3347501750346581,2.6342677286064706
72.30000000000017,-1.909430201800362,4649.35296425294,350.63500700925925,-0.1495,70.77138121143668,-7.52877471581608,0.495,-0.3347501750346581,2.6342677286064706
72.40000000000016,-1.9523921931788557,4656.429167677473,349.8702488502509,-0.1745,70.75268727921043,-7.766388464351149,0.165,-0.3347501750346581,2.6342677286064706
72.50000000000016,-1.979785476488952,4663.504186402168,349.0860427735375,-0.1745,70.74768721468044,-7.917733069917716,0.165,-0.3347501750346581,2.6342677286064706
72.60000000000015,-1.9972964432971878,4670.57913425757,348.2894419149232,-0.1745,70.75126989336697,-8.014284102367927,0.165,-0.3347501750346581,2.6342677286064706
72.70000000000014,-2.0085372716651926,4677.6547096991535,347.4849253706984,-0.1745,70.76023893830178,-8.076046782127987,0.165,-0.3347501750346581,2.6342677286064706
72.80000000000014,-2.0158012500616524,4684.73135089082,346.6753365740861,-0.1745,70.7725848950219,-8.115729150118135,0.165,-0.3347501750346581,2.6342677286064706
72.90000000000013,-2.020543728977771,4691.809332152152,345.86248010504846,-0.1745,70.78704033160633,-8.141400230634225,0.165,-0.3347501750346581,2.6342677286064706
73.00000000000013,-2.0236879963206484,4698.888824380002,345.0475010101445,-0.1745,70.80280422540429,-8.158181667444437,0.165,-0.3347501750346581,2.6342677286064706
73.10000000000012,-2.0258196428306405,4705.969933077684,344.23112575750685,-0.1745,70.8193697282357,-8.169323385309099,0.165,-0.3347501750346581,2.6342677286064706
73.20000000000012,-2.0273099950419535,4713.052722360623,343.4138152320467,-0.1745,70.83641593054737,-8.176887123893529,0.165,-0.3347501750346581,2.6342677286064706
73.30000000000011,-1.2011044754935414,4720.137230137267,342.59586184711895,-0.1745,70.8537396023144,-8.18218057466124,0.165,-0.3347501750346581,2.6342677286064706
73.4000000000001,-1.5042342014339636,4727.221250494931,341.9255053886259,-0.06225,70.82666755096727,-5.224948595200075,0.495,-0.3347501750346581,2.6342677286064706
73.5000000000001,-1.6976197916542801,4734.296018686559,341.3497507683157,-0.1745,70.66869628160063,-6.290143811004212,0.165,-0.3347501750346581,2.6342677286064706
73.6000000000001,-1.820921005760248,4741.358366387468,340.6867961146341,-0.1745,70.57825773656619,-6.968949262627322,0.165,-0.3347501750346581,2.6342677286064706
73.70000000000009,-1.8995251474281711,4748.41373022749,339.9682661743847,-0.1745,70.52901906387366,-7.4016495423596025,0.165,-0.3347501750346581,2.6342677286064706
73.80000000000008,-1.9496542178253407,4755.465445042676,339.2143057593252,-0.1745,70.50527723984887,-7.677558758830668,0.165,-0.3347501750346581,2.6342677286064706
73.90000000000008,-1.9816576932107333,4762.515581512073,338.4377470610599,-0.1745,70.49745214809928,-7.853615206476117,0.165,-0.3347501750346581,2.6342677286064706
74.00000000000007,-2.002130607901912,4769.565434708012,337.6467607686191,-0.1745,70.49961177067286,-7.9661106423394825,0.165,-0.3347501750346581,2.6342677286064706
74.10000000000007,-2.0152718892709953,4776.615817680751,336.84654704530624,-0.1745,70.5080476841117,-8.038163823918065,0.165,-0.3347501750346581,2.6342677286064706
74.20000000000006,-2.0237532200388313,4783.667241432863,336.0404141806711,-0.1745,70.5204273581266,-8.084493468784544,0.165,-0.3347501750346581,2.6342677286064706
74.30000000000005,-2.029273735222789,4790.720026701835,335.23046621867803,-0.1745,70.53527802130631,-8.114465771076757,0.165,-0.3347501750346581,2.6342677286064706
74.40000000000005,-2.0329136620946335,4797.774373980138,334.41804100394495,-0.1745,70.5516675447463,-8.134038523585199,0.165,-0.3347501750346581,2.6342677286064706
74.50000000000004,-2.0353595597579415,4804.830407614274,333.603989065341,-0.1745,70.56900513797834,-8.147000248494049,0.165,-0.3347501750346581,2.6342677286064706
74.60000000000004,-2.037047679257034,4811.888203674137,332.7888510823505,-0.1745,70.58691605928567,-8.155759411315982,0.165,-0.3347501750346581,2.6342677286064706
74.70000000000003,-2.038255163399931,4818.947807603403,331.972970772013,-0.1745,70.6051625260261,-8.161846795433528,0.165,-0.3347501750346581,2.6342677286064706
74.80000000000003,-2.0397086384117165,4826.00924541262,331.1565666747219,-0.1745,70.62359365830565,-8.166235150388744,0.165,-0.3347501750346581,2.6342677286064706
74.90000000000002,-2.040087508057919,4833.074155725103,330.33949132586184,-0.1745,70.67461259136176,-8.17527182681237,0.495,-0.3347501750346581,2.6342677286064706
75.00000000000001,-2.0404663458117693,4840.142546679472,329.52189227811414,-0.1745,70.6932064960195,-8.176709128141265,0.165,-0.3347501750346581,2.6342677286064706
75.10000000000001,-2.0408456945033464,4847.212793218471,328.7041500403031,-0.1745,70.71172428397308,-8.178135628080208,0.165,-0.3347501750346581,2.6342677286064706
75.2,-2.0412258964869685,4854.284887730119,327.8862655952421,-0.1745,70.73016594898645,-8.179553273139405,0.165,-0.3347501750346581,2.6342677286064706
75.3,-2.0416071668814095,4861.358822607233,327.068239766321,-0.1745,70.74853159329845,-8.180963305282368,0.165,-0.3347501750346581,2.6342677286064706
75.39999999999999,-2.0419896400705237,4868.434590256284,326.2500732750999,-0.1745,70.7668213876977,-8.182366519140102,0.165,-0.3347501750346581,2.6342677286064706
75.49999999999999,-2.0423733992222064,4875.512183102976,325.43176677787477,-0.1745,70.78503554616536,-8.183763425362512,0.165,-0.3347501750346581,2.6342677286064706
75.59999999999998,-2.04275849502438,4882.591593595774,324.61332088888946,-0.1745,70.80317430977283,-8.185154354343533,0.165,-0.3347501750346581,2.6342677286064706
75.69999999999997,-2.0431449575750764,4889.672814208086,323.79473619506854,-0.1745,70.82123793645819,-8.18653952207451,0.165,-0.3347501750346581,2.6342677286064706
75.79999999999997,-2.043532803926858,4896.755837439635,322.97601326536744,-0.1745,70.83922669453631,-8.187919071947032,0.165,-0.3347501750346581,2.6342677286064706
75.89999999999996,-2.0439220428730938,4903.840655817291,322.1571526567059,-0.1745,70.8571408585797,-8.18929310128472,0.165,-0.3347501750346581,2.6342677286064706
75.99999999999996,-2.044312677983948,4910.92726189556,321.33815491773265,-0.1745,70.87498070680469,-8.190661678180064,0.165,-0.3347501750346581,2.6342677286064706
76.09999999999995,-2.0447047095318185,4918.015648256871,320.51902059121477,-0.1745,70.89274651941324,-8.192024852177266,0.165,-0.3347501750346581,2.6342677286064706
76.19999999999995,-2.0450981357122395,4925.105807511719,319.6997502155534,-0.1745,70.9104385775411,-8.19338266104939,0.165,-0.3347501750346581,2.6342677286064706
76.29999999999994,-2.045492953417894,4932.197732298726,318.8803443257461,-0.1745,70.92805716259107,-8.19473513509703,0.165,-0.3347501750346581,2.6342677286064706
76.39999999999993,-2.045889158729208,4939.291415284646,318.0608034539975,-0.1745,70.94560255581042,-8.19608229987449,0.165,-0.3347501750346581,2.6342677286064706
76.49999999999993,-2.0462867472252215,4946.386849164338,317.2411281301078,-0.1745,70.96307503802323,-8.197424177918395,0.165,-0.3347501750346581,2.6342677286064706
76.59999999999992,-1.8627543872394865,4953.4840266607125,316.42131888171974,-0.1745,70.98047488946109,-8.19876078984355,0.165,-0.3347501750346581,2.6342677286064706
76.69999999999992,-1.9305951901036238,4960.589044772368,315.63377148242887,-0.1495,71.11988734364479,-7.552187195973884,0.8300000000000001,-0.3347501750346581,2.6342677286064706
76.79999999999991,-1.9736833102895788,4967.700005686869,314.86656060609346,-0.1745,71.09933094639308,-7.792030330734547,0.165,-0.3347501750346581,2.6342677286064706
76.8999999999999,-2.001094677590424,4974.809607028848,314.0797426130464,-0.1745,71.09269589319425,-7.9443295302073365,0.165,-0.3347501750346581,2.6342677286064706
76.9999999999999,-2.018582783834485,4981.918980002017,313.2804670208351,-0.1745,71.09476357017542,-8.041182314018991,0.165,-0.3347501750346581,2.6342677286064706
77.0999999999999,-2.029792174778697,4989.0288321689195,312.4732613490737,-0.1745,71.10227976788539,-8.102931121208501,0.165,-0.3347501750346581,2.6342677286064706
77.19999999999989,-2.0370302245845218,4996.139606379739,311.6609917120557,-0.1745,71.11320444850644,-8.142461619151225,0.165,-0.3347501750346581,2.6342677286064706
77.29999999999988,-2.0417571509272223,5003.251579326313,310.8454720026726,-0.1745,71.12625448296085,-8.167932568511386,0.165,-0.3347501750346581,2.6342677286064706
77.39999999999988,-2.0448967652444434,5010.364923109317,310.0278499715709,-0.1745,71.14062117711825,-8.184508053522144,0.165,-0.3347501750346581,2.6342677286064706
77.49999999999987,-2.047033375741986,5017.479743880196,309.2088517796064,-0.1745,71.1557942404722,-8.195455785767923,0.165,-0.3347501750346581,2.6342677286064706
77.59999999999987,-2.048536479220202,5024.5961061657545,308.38893683880036,-0.1745,71.17145147068685,-8.202843030352213,0.165,-0.3347501750346581,2.6342677286064706
77.69999999999986,-2.049639690394092,5031.714048208063,307.56839581943115,-0.1745,71.18738937549013,-8.207977357032306,0.165,-0.3347501750346581,2.6342677286064706
77.79999999999986,-2.050490687689142,5038.833591649024,306.74741266767614,-0.1745,71.20347944372857,-8.211685678067191,0.165,-0.3347501750346581,2.6342677286064706
77.89999999999985,-2.0511828104704746,5045.954747648494,305.92610384103,-0.1745,71.21964054566945,-8.21449085485572,0.165,-0.3347501750346581,2.6342677286064706
77.99999999999984,-2.051775044189003,5053.0775207507395,305.10454312587706,-0.1745,71.23582149923396,-8.216723448203552,0.165,-0.3347501750346581,2.6342677286064706
78.09999999999984,-2.0523046586026643,5060.201911328331,304.28277733268317,-0.1745,71.25199005260157,-8.218592415674681,0.165,-0.3347501750346581,2.6342677286064706
78.19999999999983,-2.05279519861927,5067.327917126961,303.4608362204281,-0.1745,71.26812591999976,-8.22022982942655,0.165,-0.3347501750346581,2.6342677286064706
78.29999999999983,-2.0532615359344013,5074.455534241916,302.6387387711185,-0.1745,71.28421637910094,-8.221719156766293,0.165,-0.3347501750346581,2.6342677286064706
78.39999999999982,-2.0542614083245367,5081.58475773526,301.8164971561462,-0.1745,71.3002534877627,-8.223113142678283,0.165,-0.3347501750346581,2.6342677286064706
78.49999999999982,-2.0543752443310233,5088.717206968101,300.9938327772327,-0.1745,71.34873116906994,-8.230174435592295,0.495,-0.3347501750346581,2.6342677286064706
78.59999999999981,-2.054606022869122,5095.852878204976,300.1708100273214,-0.1745,71.36469356843116,-8.230280562633151,0.165,-0.3347501750346581,2.6342677286064706
78.6999999999998,-2.02865933798196,5102.990139179945,299.3477563702873,-0.1745,71.38052593093732,-8.230792578048641,0.165,-0.7635079766283941,2.9216348573312216
78.7999999999998,-2.012527675226411,5110.129603183809,298.5293141243671,-0.1745,71.40875414634296,-8.138052340356014,0.165,-0.7635079766283941,2.9216348573312216
78.89999999999979,-2.0025617215282705,5117.27161807106,297.71840274436806,-0.1745,71.43154359868304,-8.080175259624028,0.165,-0.7635079766283941,2.9216348573312216
78.99999999999979,-1.9964693967676193,5124.415739291067,296.91218389709843,-0.1745,71.45088080145148,-8.044201685768726,0.165,-0.7635079766283941,2.9216348573312216
79.09999999999978,-1.9928108289925235,5131.5616844402275,296.10887434190477,-0.1745,71.46802218175668,-8.021989418104921,0.165,-0.7635079766283941,2.9216348573312216
79.19999999999978,-1.9906814392116712,5138.709273579137,295.3073537604222,-0.1745,71.48376059642658,-8.008422211546998,0.165,-0.7635079766283941,2.9216348573312216
79.29999999999977,-1.9895129386743875,5145.858391391759,294.5069183954266,-0.1745,71.49859565602351,-8.000285088364775,0.165,-0.7635079766283941,2.9216348573312216
79.39999999999976,-1.9889483225889195,5153.008963269997,293.7071262489467,-0.1745,71.51284190874182,-7.995557841233603,0.165,-0.7635079766283941,2.9216348573312216
79.49999999999976,-1.9887633314698276,5160.1609402300055,292.90769980209774,-0.1745,71.52669729141547,-7.992971095745458,0.165,-0.7635079766283941,2.9216348573312216
79.59999999999975,-1.9888171035539373,5167.314289411327,292.10846488146285,-0.1745,71.54028633502382,-7.991727316952237,0.165,-0.7635079766283941,2.9216348573312216
79.69999999999975,-1.9890211685278936,5174.468988097724,291.30931224221274,-0.1745,71.55368739290502,-7.9913254680500385,0.165,-0.7635079766283941,2.9216348573312216
79.79999999999974,-1.9893199663118835,5181.625019956496,290.5101734281066,-0.1745,71.56694978253593,-7.9914508140722775,0.165,-0.7635079766283941,2.9216348573312216
79.89999999999974,-1.9896786078316246,5188.78237267412,289.7110056038651,-0.1745,71.58010456995359,-7.99190567075794,0.165,-0.7635079766283941,2.9216348573312216
79.99999999999973,-1.990075186257139,5195.941036470187,288.91178202592636,-0.1745,71.59317135138872,-7.992565888016643,0.165,-0.7635079766283941,2.9216348573312216
80.09999999999972,-1.990495947318183,5203.101003163575,288.11248605617084,-0.1745,71.6061625163732,-7.993353507093643,0.165,-0.7635079766283941,2.9216348573312216
80.19999999999972,-1.9909322558423073,5210.262265585742,287.31310740172415,-0.1745,71.61908592696513,-7.994219581840152,0.165,-0.7635079766283941,2.9216348573312216
80.29999999999971,-1.9913786906708242,5217.4248172121515,286.51363975328746,-0.1745,71.6319466012211,-7.995133386893556,0.165,-0.7635079766283941,2.9216348573312216
80.39999999999971,-1.9918318483464215,5224.588651930753,285.7140793019992,-0.1745,71.64474777081998,-7.996075638871505,0.165,-0.7635079766283941,2.9216348573312216
80.4999999999997,-1.9922895919583792,5231.753763896565,284.91442380811753,-0.1745,71.65749154540823,-7.99703423876201,0.165,-0.7635079766283941,2.9216348573312216
80.5999999999997,-1.9927505795484282,5238.920147440328,284.1146720162743,-0.1745,71.67017932985374,-7.998001598102504,0.165,-0.7635079766283941,2.9216348573312216
80.69999999999969,-1.993213968063231,5246.087797011134,283.3148232883705,-0.1745,71.6828120862775,-7.998972959973307,0.165,-0.7635079766283941,2.9216348573312216
80.79999999999968,-1.9936792275274984,5253.256707140377,282.5148773731323,-0.1745,71.69539049858838,-7.999945344790271,0.165,-0.7635079766283941,2.9216348573312216
80.89999999999968,-1.9941460244141043,5260.426872419096,281.7148342614696,-0.1745,71.70791507578629,-8.000916888464284,0.165,-0.7635079766283941,2.9216348573312216
80.99999999999967,-1.994614148451764,5267.598287483726,280.9146940956996,-0.1745,71.720386216814,-8.001886426936327,0.165,-0.7635079766283941,2.9216348573312216
81.09999999999967,-1.9950834666972195,5274.77094700713,280.1144571125827,-0.1745,71.73280425126602,-8.00285323540046,0.165,-0.7635079766283941,2.9216348573312216
81.19999999999966,-1.9955538947187685,5281.94484569294,279.3141236075808,-0.1745,71.74516946493965,-8.003816864637884,0.165,-0.7635079766283941,2.9216348573312216
81.29999999999966,-1.996604489003889,5289.1199782719805,278.51369391243344,-0.1745,71.75748211587097,-8.004777038309596,0.165,-0.7635079766283941,2.9216348573312216
81.39999999999965,-1.9967490389207476,5296.297964442219,277.7128819151007,-0.1745,71.80224128890417,-8.011462908345102,0.495,-0.7635079766283941,2.9216348573312216
81.49999999999964,-1.1481134837021887,5303.4788011765495,276.9117474127637,-0.1745,71.81449339770364,-8.01122713839504,0.165,-0.7635079766283941,2.9216348573312216
81.59999999999964,-1.4642069665531317,5310.660454355117,276.2643157175636,-0.06225,71.81857017363014,-4.9374067656076495,0.8300000000000001,-0.7635079766283941,2.9216348573312216
81.69999999999963,-1.6636736968832184,5317.833553512431,275.714296775698,-0.1745,71.6434129726477,-6.062972071704284,0.165,-0.7635079766283941,2.9216348573312216
81.79999999999963,-1.7894867480157304,5324.99280198038,275.07255056079407,-0.1745,71.54155638633992,-6.771952226374204,0.165,-0.7635079766283941,2.9216348573312216
81.89999999999962,-1.8694889301763553,5332.144072938413,274.37302014603324,-0.1745,71.48386277431591,-7.218656068842224,0.165,-0.7635079766283941,2.9216348573312216
81.99999999999962,-1.9192542803820103,5339.292550353735,273.6367926602956,-0.1745,71.48568553213101,-7.505893645910697,0.495,-0.7635079766283941,2.9216348573312216
82.09999999999961,-1.9507112309100918,5346.440420925104,272.8773842108361,-0.1745,71.47172589524948,-7.682275343278732,0.165,-0.7635079766283941,2.9216348573312216
82.1999999999996,-1.1261445179651326,5353.587410443715,272.1035923080576,-0.1745,71.46806447697249,-7.793562712291237,0.165,-0.7635079766283941,2.9216348573312216
82.2999999999996,-1.4512116451796429,5360.731199967413,271.47301420280866,-0.06225,71.40772599698259,-4.817999392687911,0.165,-0.7635079766283941,2.9216348573312216
82.3999999999996,-1.6570458371967658,5367.86308066514,270.93366279116555,-0.1745,71.22988795755442,-5.9690288401742375,0.165,-0.7635079766283941,2.9216348573312216
82.49999999999959,-1.7873110867590103,5374.980912896391,270.3003822212166,-0.1745,71.12675666746296,-6.696582558804694,0.165,-0.7635079766283941,2.9216348573312216
82.59999999999958,-1.8697473024274096,5382.090687396517,269.6077227528956,-0.1745,71.06873333506005,-7.156606807614971,0.165,-0.7635079766283941,2.9216348573312216
82.69999999999958,-1.9219454166284489,5389.196042784579,268.8775154287298,-0.1745,71.03837442617365,-7.4475396757015275,0.165,-0.7635079766283941,2.9216348573312216
82.79999999999957,-1.9550425922078907,5396.299218739882,268.12355700391373,-0.1745,71.02514467990339,-7.631628820620247,0.165,-0.7635079766283941,2.9216348573312216
82.89999999999957,-1.9760813890242914,5403.401604950052,267.35456376683106,-0.1745,71.02257952349255,-7.74823592103316,0.165,-0.7635079766283941,2.9216348573312216
82.99999999999956,-1.802433543584142,5410.504067511782,266.5760400430173,-0.1745,71.02667171109854,-7.822238555241747,0.165,-0.7635079766283941,2.9216348573312216
83.09999999999955,-1.8802391522381192,5417.610112618854,265.82475169667583,-0.1495,71.09423043034904,-7.2035283715875496,0.165,-0.7635079766283941,2.9216348573312216
83.19999999999955,-1.9295005539505676,5424.718142315827,265.0906655538743,-0.1745,71.06636350910776,-7.478194484443184,0.165,-0.7635079766283941,2.9216348573312216
83.29999999999954,-1.9607370759679528,5431.824192556804,264.3341577465558,-0.1745,71.05464131041677,-7.651961661927557,0.165,-0.7635079766283941,2.9216348573312216
83.39999999999954,-1.980598073948466,5438.929573286137,263.5634586208642,-0.1745,71.05297327626215,-7.762020851904216,0.165,-0.7635079766283941,2.9216348573312216
83.49999999999953,-1.9932831291782245,5446.0351010103805,262.783764073121,-0.1745,71.05758120859832,-7.831870102959471,0.165,-0.7635079766283941,2.9216348573312216
83.59999999999953,-2.0014430138983843,5453.141285423035,261.99835315877857,-0.1745,71.06610704449724,-7.876348183888708,0.165,-0.7635079766283941,2.9216348573312216
83.69999999999952,-2.006750169987748,5460.248444447129,261.20929467451964,-0.1745,71.07707343739993,-7.904821501289468,0.165,-0.7635079766283941,2.9216348573312216
83.79999999999951,-2.0102594450732725,5467.356775750905,260.41789359012705,-0.1745,71.08955263812808,-7.923200186562024,0.165,-0.7635079766283941,2.9216348573312216
83.89999999999951,-2.012635989182688,5474.466401443564,259.62497295762194,-0.1745,71.10296121504392,-7.935212463539946,0.165,-0.7635079766283941,2.9216348573312216
83.9999999999995,-2.0142991368422343,5481.57739610319,258.8310518522375,-0.1745,71.11693197748238,-7.943209644148522,0.165,-0.7635079766283941,2.9216348573312216
84.0999999999995,-2.015513205211654,5488.689804389307,258.0364576513068,-0.1745,71.13123374486538,-7.948674374466053,0.165,-0.7635079766283941,2.9216348573312216
84.19999999999949,-2.016444773811717,5495.803652124603,257.2413968624929,-0.1745,71.1457209610496,-7.952541401812862,0.165,-0.7635079766283941,2.9216348573312216
84.29999999999949,-2.01719880991417,5502.918953272786,256.44599979440113,-0.1745,71.1603020026124,-7.95539996002199,0.165,-0.7635079766283941,2.9216348573312216
84.39999999999948,-2.0178414474704534,5510.035714334249,255.65034872474934,-0.1745,71.17491922665378,-7.957621433014035,0.165,-0.7635079766283941,2.9216348573312216
84.49999999999947,-2.0184143478562695,5517.153937115712,254.85449565966238,-0.1745,71.18953640261762,-7.95943986872512,0.165,-0.7635079766283941,2.9216348573312216
84.59999999999947,-2.018943752033486,5524.273620475496,254.05847352880133,-0.1745,71.20413079305516,-7.961002748495844,0.165,-0.7635079766283941,2.9216348573312216
84.69999999999946,-2.0194461856728205,5531.3947614232975,253.26230324159226,-0.1745,71.21868816298867,-7.962402995685671,0.165,-0.7635079766283941,2.9216348573312216
84.79999999999946,-2.0199320543170733,5538.517355813183,252.4659981341422,-0.1745,71.23319963471651,-7.963699153315649,0.165,-0.7635079766283941,2.9216348573312216
84.89999999999945,-2.020407908628068,5545.6413987802025,251.66956677137773,-0.1745,71.2476597056864,-7.96492810197375,0.165,-0.7635079766283941,2.9216348573312216
84.99999999999945,-2.0208778714964133,5552.766885015458,250.87301471253755,-0.1745,71.26206499941442,-7.966113074829627,0.165,-0.7635079766283941,2.9216348573312216
85.09999999999944,-1.833561148223903,5559.89380893935,250.07634562338725,-0.1745,71.27641347841274,-7.967268708176367,0.165,-0.7635079766283941,2.9216348573312216
85.19999999999943,-1.9037327782016398,5567.025076228154,249.31311085256422,-0.1495,71.34893229768224,-7.297426708284089,0.165,-0.7635079766283941,2.9216348573312216
85.29999999999943,-1.9480874472397938,5574.158729645427,248.5709463557409,-0.1745,71.32413604777794,-7.545863228182772,0.165,-0.7635079766283941,2.9216348573312216
85.39999999999942,-1.9761764874521943,5581.290634554336,247.80851795611383,-0.1745,71.31396213040303,-7.702704764358479,0.165,-0.7635079766283941,2.9216348573312216
85.49999999999942,-1.9940231020381063,5588.421976829022,247.03329059795394,-0.1745,71.31288336332194,-7.80184239883951,0.165,-0.7635079766283941,2.9216348573312216
85.59999999999941,-2.0054226958821997,5595.553494634528,246.24996646789165,-0.1745,71.31747274679121,-7.864640202406075,0.165,-0.7635079766283941,2.9216348573312216
85.6999999999994,-2.0127655698820144,5602.685647958117,245.46150651558955,-0.1745,71.32559372500698,-7.904558843635962,0.165,-0.7635079766283941,2.9216348573312216
85.7999999999994,-2.017556516655383,5609.818723128575,244.6697747772732,-0.1745,71.33590968413661,-7.9300759226911355,0.165,-0.7635079766283941,2.9216348573312216
85.8999999999994,-2.020742587771557,5616.952897747029,243.87594453221092,-0.1745,71.34758268495409,-7.946528978554644,0.165,-0.7635079766283941,2.9216348573312216
85.99999999999939,-2.02350163485885,5624.088281219088,243.08075419777794,-0.1745,71.36008675621196,-7.957277710105327,0.165,-0.7635079766283941,2.9216348573312216
86.09999999999938,-2.024715307059462,5631.226565075172,242.28438202422558,-0.1745,71.40559036547613,-7.970165760941792,0.495,-0.7635079766283941,2.9216348573312216
86.19999999999938,-2.0256535018212056,5638.3677912089515,241.48717975303188,-0.1745,71.41893231010967,-7.973879662932101,0.165,-0.7635079766283941,2.9216348573312216
86.29999999999937,-2.0264189485218607,5645.510356299577,240.68965543577391,-0.1745,71.43236950240139,-7.976606682227496,0.165,-0.7635079766283941,2.9216348573312216
86.39999999999937,-2.0270762267901006,5652.654267036544,239.89188951614125,-0.1745,71.44584523693514,-7.9787117104260865,0.165,-0.7635079766283941,2.9216348573312216
86.49999999999936,-2.0276659285438305,5659.79952549583,239.09393272129182,-0.1745,71.45932394877494,-7.980424186562446,0.165,-0.7635079766283941,2.9216348573312216
86.59999999999935,-2.028213564660276,5666.946130861501,238.29581709377442,-0.1745,71.47278336464613,-7.981888363785421,0.165,-0.7635079766283941,2.9216348573312216
86.69999999999935,-2.0287351657317565,5674.094080508129,237.49756292915384,-0.1745,71.48620956791997,-7.983194928625906,0.165,-0.7635079766283941,2.9216348573312216
86.79999999999934,-1.1840681146313872,5681.243370681302,236.6991831383293,-0.1745,71.49959389552798,-7.984400887865341,0.165,-0.7635079766283941,2.9216348573312216
86.89999999999934,-1.4975688889675596,5688.390241666559,236.0532805180553,-0.06225,71.43782580961584,-4.933651517614537,0.165,-0.7635079766283941,2.9216348573312216
86.99999999999933,-1.5094356213573445,5695.525487375588,235.5043884531009,-0.1745,71.26708837098137,-6.044189781473373,0.165,-0.7635079766283941,2.9216348573312216
87.09999999999933,-1.703669106616903,5702.651490545095,234.89797980522806,-0.1495,71.25297501914189,-6.083983175983216,0.165,-0.7635079766283941,2.9216348573312216
87.19999999999932,-0.9873409694075573,5709.771971727441,234.25524345061743,-0.1745,71.1566486277864,-6.770743916229652,0.165,-0.7635079766283941,2.9216348573312216
87.29999999999932,-1.3729320668541063,5716.886575308567,233.70650304593005,-0.06225,71.13542299474571,-4.204064177517841,0.495,-0.7635079766283941,2.9216348573312216
87.39999999999931,-1.6178844815407654,5723.989391117131,233.21810077258567,-0.1745,70.92089317653567,-5.563981289369488,0.165,-0.7635079766283941,2.9216348573312216
87.4999999999993,-1.7733840276858803,5731.075242774676,232.61860523874236,-0.1745,70.79613997434646,-6.425929387496909,0.165,-0.7635079766283941,2.9216348573312216
87.5999999999993,-1.8720698595319298,5738.151315637888,231.9486816077917,-0.1745,70.72531728989584,-6.972543231516226,0.165,-0.7635079766283941,2.9216348573312216
87.69999999999929,-1.934716981023434,5745.221956347938,231.2340914980393,-0.1745,70.68749691112053,-7.319258963531706,0.165,-0.7635079766283941,2.9216348573312216
87.79999999999929,-1.9745254905347165,5752.289836421854,230.4911650432316,-0.1745,70.67010456717514,-7.539270132622167,0.165,-0.7635079766283941,2.9216348573312216
87.89999999999928,-2.0010856677194755,5759.356613804343,229.7302513052221,-0.1745,70.66544308262044,-7.679004627567869,0.165,-0.7635079766283941,2.9216348573312216
87.99999999999928,-2.016607888143974,5766.426597649796,228.95732879461954,-0.1745,70.73423382643801,-7.779445584483534,0.8300000000000001,-0.7635079766283941,2.9216348573312216
88.09999999999927,-2.026580407992356,5773.500439496461,228.17666544983837,-0.1745,70.74260310685848,-7.833821311139861,0.165,-0.7635079766283941,2.9216348573312216
88.19999999999926,-2.033044842624102,5780.575267660883,227.39154135537183,-0.1745,70.75396018158473,-7.86866057819108,0.165,-0.7635079766283941,2.9216348573312216
88.29999999999926,-2.0372924195508197,5787.651324518301,226.60355109425308,-0.1745,70.76717696679728,-7.891144644184138,0.165,-0.7635079766283941,2.9216348573312216
88.39999999999925,-2.0401395434243246,5794.72876049555,225.81370306056291,-0.1745,70.78154257818021,-7.905816029619074,0.165,-0.7635079766283941,2.9216348573312216
88.49999999999925,-2.04210228167807,5801.807668053532,225.02263488999841,-0.1745,70.79660858146472,-7.915547381670989,0.165,-0.7635079766283941,2.9216348573312216
88.59999999999924,-2.043506787246949,5808.888103080204,224.23074977344808,-0.1745,70.81209195197494,-7.922154949335916,0.165,-0.7635079766283941,2.9216348573312216
88.69999999999924,-2.0445591514616606,5815.970098379457,223.4383026831421,-0.1745,70.82781403309738,-7.926786856783677,0.165,-0.7635079766283941,2.9216348573312216
88.79999999999923,-2.0453895793038464,5823.053672184366,222.64545490225663,-0.1745,70.84366206509142,-7.930168760925798,0.165,-0.7635079766283941,2.9216348573312216
88.89999999999922,-2.04608031928515,5830.138833533134,221.8523085024488,-0.1745,70.85956491026408,-7.932759235230736,0.165,-0.7635079766283941,2.9216348573312216
88.99999999999922,-2.0466833185975455,5837.225585664908,221.0589281391053,-0.1745,70.87547772522039,-7.934848031639768,0.165,-0.7635079766283941,2.9216348573312216
89.09999999999921,-1.8613043610098856,5844.3139281651065,220.26535482713285,-0.1745,70.89137227875058,-7.936618207808878,0.165,-0.7635079766283941,2.9216348573312216
89.1999999999992,-1.9303104249291159,5851.41000763117,219.5043174261984,-0.1495,71.03021704250737,-7.284129810880017,0.8300000000000001,-0.7635079766283941,2.9216348573312216
89.2999999999992,-1.9740393926889344,5858.511899984476,218.76373801841123,-0.1745,71.00763002361991,-7.5274583448633035,0.165,-0.7635079766283941,2.9216348573312216
89.3999999999992,-2.0018022822454387,5865.612244835466,218.00328961387933,-0.1745,70.99926699617701,-7.681509745774553,0.165,-0.7635079766283941,2.9216348573312216
89.49999999999919,-2.0194858273090857,5872.712196843015,217.2302555170449,-0.1745,70.99977315478404,-7.779172190913976,0.165,-0.7635079766283941,2.9216348573312216
89.59999999999918,-2.03080894650069,5879.812476450176,216.4492353318423,-0.1745,71.00581898845667,-7.84123151313818,0.165,-0.7635079766283941,2.9216348573312216
89.69999999999918,-2.0381197569648952,5886.913533554463,215.66313285703944,-0.1745,71.01532309727651,-7.880817982918745,0.165,-0.7635079766283941,2.9216348573312216
89.79999999999917,-2.042900260275363,5894.0156487062595,214.8737808355192,-0.1745,71.02697993864774,-7.906222447486129,0.165,-0.7635079766283941,2.9216348573312216
89.89999999999917,-2.0460855310091612,5901.118996149752,214.08233579932585,-0.1745,71.03996893121008,-7.922678276380693,0.165,-0.7635079766283941,2.9216348573312216
89.99999999999916,-1.8610545664787295,5908.223683280358,213.2895274841296,-0.1745,71.05377368091138,-7.933488027544467,0.165,-0.7635079766283941,2.9216348573312216
90.09999999999916,-1.9318832664658325,5915.332668973821,212.52915823976605,-0.1495,71.12594018833337,-7.273896859726515,0.165,-0.7635079766283941,2.9216348573312216
90.19999999999915,-1.9767335138328086,5922.444059285937,211.78926665852964,-0.1745,71.10186605400902,-7.523934765001678,0.165,-0.7635079766283941,2.9216348573312216
90.29999999999914,-2.0051865268267206,5929.553775032868,211.02896517033153,-0.1745,71.09244888459553,-7.682094998960266,0.165,-0.7635079766283941,2.9216348573312216
90.39999999999914,-2.0232955390468437,5936.663005626144,210.25574707870462,-0.1745,71.09216298091918,-7.782266833577807,0.165,-0.7635079766283941,2.9216348573312216
90.49999999999913,-2.0348818799296184,5943.7724926009405,209.47434109158448,-0.1745,71.09757651500905,-7.845852908824946,0.165,-0.7635079766283941,2.9216348573312216
90.59999999999913,-2.0423565624973183,5950.882698739737,208.68773029151703,-0.1745,71.10654626092638,-7.886363092523892,0.165,-0.7635079766283941,2.9216348573312216
90.69999999999912,-2.047240166217647,5957.993912508056,207.8977960579632,-0.1745,71.11772910546755,-7.912321578552409,0.165,-0.7635079766283941,2.9216348573312216
90.79999999999912,-2.0504914005524064,5965.106313041332,207.10572472769792,-0.1745,71.13028156005777,-7.9291050267533185,0.165,-0.7635079766283941,2.9216348573312216
90.89999999999911,-2.0527145780572527,5972.220010781239,206.31226428152502,-0.1745,71.1436732380712,-7.940103896704609,0.165,-0.7635079766283941,2.9216348573312216
90.9999999999991,-2.054290546202198,5979.335072963233,205.5178863007314,-0.1745,71.15757040181303,-7.947455719168171,0.165,-0.7635079766283941,2.9216348573312216
91.0999999999991,-2.0554592804358114,5986.451539632835,204.72288812134616,-0.1745,71.17176299023856,-7.95250786853663,0.165,-0.7635079766283941,2.9216348573312216
91.1999999999991,-2.0563719682403807,5993.5694337217665,203.9274572520462,-0.1745,71.18611878838603,-7.9561095174624565,0.165,-0.7635079766283941,2.9216348573312216
91.29999999999909,-2.0571238458357746,6000.688767391335,203.13171198742873,-0.1745,71.20055460298099,-7.958795774886945,0.165,-0.7635079766283941,2.9216348573312216
91.39999999999908,-2.0577748961370337,6007.8095460274135,202.33572700880504,-0.1745,71.21501811858029,-7.960903797587048,0.165,-0.7635079766283941,2.9216348573312216
91.49999999999908,-2.058362893064258,6014.931770756902,201.53954951928634,-0.1745,71.22947647117651,-7.962645992786629,0.165,-0.7635079766283941,2.9216348573312216
91.59999999999907,-2.0589116210991616,6022.055440032978,200.74320941158297,-0.1745,71.24390905036431,-7.96415616128085,0.165,-0.7635079766283941,2.9216348573312216
91.69999999999906,-2.0594360539099426,6029.1805506337305,199.94672567455083,-0.1745,71.25830296466917,-7.965518579361673,0.165,-0.7635079766283941,2.9216348573312216
91.79999999999906,-2.059945616641615,6036.307098291194,199.15011042931746,-0.1745,71.27265018459764,-7.966786325305658,0.165,-0.7635079766283941,2.9216348573312216
91.89999999999905,-2.0604462407418507,6043.435078087561,198.35337147172177,-0.1745,71.28694574273948,-7.967992826608367,0.165,-0.7635079766283941,2.9216348573312216
91.99999999999905,-1.217978616348778,6050.564484704692,197.55651387365202,-0.1745,71.30118659988969,-7.969159134786394,0.165,-0.7635079766283941,2.9216348573312216
92.09999999999904,-1.5298670659987565,6057.693177642558,196.9112097561536,-0.06225,71.27267215743345,-4.936923215182302,0.495,-0.7635079766283941,2.9216348573312216
92.19999999999904,-1.7275358865614119,6064.812018969755,196.36240250279153,-0.1745,71.10415438649243,-6.039221852059275,0.165,-0.7635079766283941,2.9216348573312216
92.29999999999903,-1.8527547543737324,6071.917561373247,195.7236079347743,-0.1745,71.00669368334313,-6.7366695082855195,0.165,-0.7635079766283941,2.9216348573312216
92.39999999999903,-1.932081214485248,6079.015508605118,195.02787020050073,-0.1745,70.95225095408605,-7.178085177185917,0.165,-0.7635079766283941,2.9216348573312216
92.49999999999902,-1.7967238920134498,6086.109333268409,194.29608962763788,-0.1745,70.92424231172116,-7.457526280071239,0.165,-0.7635079766283941,2.9216348573312216
92.59999999999901,-0.872492834296303,6093.20766262078,193.5741052535158,-0.1495,71.04234473570926,-6.982161202370563,0.8300000000000001,-0.7635079766283941,2.9216348573312216
92.69999999999901,-1.126537472367547,6100.306447266756,193.04134452520375,-0.037250000000000005,70.93334818380231,-3.673053363870067,0.8300000000000001,-0.7635079766283941,2.9216348573312216
92.799999999999,-1.4724847365159595,6107.393219870202,192.62931204757814,-0.1495,70.80210388512367,-4.567596188642202,0.165,-0.7635079766283941,2.9216348573312216
92.899999999999,-1.692688782876262,6114.464103168125,192.11182094436387,-0.1745,70.61556207333565,-5.782225875642906,0.165,-0.7635079766283941,2.9216348573312216
92.99999999999899,-1.8327649884271824,6121.520265171998,191.49501147915146,-0.1745,70.50767800413958,-6.553963428605396,0.165,-0.7635079766283941,2.9216348573312216
93.09999999999899,-1.9218548643802957,6128.56801883861,190.81508878111597,-0.1745,70.44739532810092,-7.044490532104202,0.165,-0.7635079766283941,2.9216348573312216
93.19999999999898,-1.9785403042827954,6135.611208465475,190.09504662404038,-0.1745,70.41639720919102,-7.356352609407767,0.165,-0.7635079766283941,2.9216348573312216
93.29999999999897,-2.014649717791086,6142.652208232413,189.34949246277844,-0.1745,70.40359812956697,-7.554730615830939,0.165,-0.7635079766283941,2.9216348573312216
93.39999999999897,-2.0377026377400913,6149.692496914011,188.5877029770718,-0.1745,70.40217550239417,-7.681059098301682,0.165,-0.7635079766283941,2.9216348573312216
93.49999999999896,-2.0524747755260386,6156.732999923144,187.81556681442797,-0.1745,70.40788468027752,-7.761664154575057,0.165,-0.7635079766283941,2.9216348573312216
93.59999999999896,-2.0619971238522523,6163.774297485352,187.03682046243773,-0.1745,70.41806656387195,-7.813262885229659,0.165,-0.7635079766283941,2.9216348573312216
93.69999999999895,-2.0681923893184195,6170.816753216336,186.25383404963398,-0.1745,70.43104805581174,-7.846465370845633,0.165,-0.7635079766283941,2.9216348573312216
93.79999999999895,-2.0722797785388307,6177.860594298759,185.4681106334374,-0.1745,70.44577359263603,-7.868002953086254,0.165,-0.7635079766283941,2.9216348573312216
93.89999999999894,-2.0750321745273466,6184.905961784583,184.68060324490483,-0.1745,70.46157612385427,-7.882144817564937,0.165,-0.7635079766283941,2.9216348573312216
93.99999999999893,-2.0769394075693826,6191.952942276829,183.89191611000857,-0.1745,70.47803372105722,-7.8915978803603615,0.165,-0.7635079766283941,2.9216348573312216
94.09999999999893,-2.0794892969843577,6199.001587931927,183.1024323105738,-0.1745,70.49487938091046,-7.898078108335319,0.165,-0.7635079766283941,2.9216348573312216
94.19999999999892,-2.079854009607445,6206.0552036118515,182.3118174789074,-0.1745,70.57743421758262,-7.91421852499279,0.8300000000000001,-0.7635079766283941,2.9216348573312216
94.29999999999892,-2.0802523019883146,6213.113810428716,181.5203448567409,-0.1745,70.59470211970172,-7.91523391833674,0.165,-0.7635079766283941,2.9216348573312216
94.39999999999891,-2.0806723308520154,6220.174139573015,180.72876529615908,-0.1745,70.61188076628936,-7.916357293299557,0.165,-0.7635079766283941,2.9216348573312216
94.4999999999989,-1.2459154554044658,6227.236182456014,179.93707007571155,-0.1745,70.62897689368194,-7.917547115651122,0.165,-0.7635079766283941,2.9216348573312216
94.5999999999989,-1.5521378491265023,6234.296060966568,179.29425317724122,-0.06225,70.56859331740323,-4.938790853755689,0.165,-0.7635079766283941,2.9216348573312216
94.6999999999989,-1.7472833714768843,6241.3449239829515,178.7467796360129,-0.1745,70.40866701026829,-6.010679970811009,0.165,-0.7635079766283941,2.9216348573312216
94.79999999999889,-1.8715760533594206,6248.381203180246,178.11160557118674,-0.1745,70.31691693562452,-6.692801325711765,0.165,-0.7635079766283941,2.9216348573312216
94.89999999999888,-1.9507372275729051,6255.4103839193085,177.4206149942751,-0.1745,70.26669784561548,-7.127010212520994,0.165,-0.7635079766283941,2.9216348573312216
94.99999999999888,-2.0011830804910575,6262.4358260793815,176.69408986059292,-0.1745,70.2421453558482,-7.4034924611226876,0.165,-0.7635079766283941,2.9216348573312216
95.09999999999887,-2.033373999455232,6269.459613086985,175.94493212121532,-0.1745,70.23359479622322,-7.579662326429247,0.165,-0.7635079766283941,2.9216348573312216
95.19999999999887,-2.053967180735877,6276.48304632554,175.18134576925607,-0.1745,70.23506997487564,-7.692064712755446,0.165,-0.7635079766283941,2.9216348573312216
95.29999999999886,-2.067195627320629,6283.506941816287,174.40854513777614,-0.1745,70.24283984004651,-7.763947916842974,0.165,-0.7635079766283941,2.9216348573312216
95.39999999999885,-2.075749179944128,6290.5318118446885,173.62984308783965,-0.1745,70.25456072798815,-7.8100930818870165,0.165,-0.7635079766283941,2.9216348573312216
95.49999999999885,-2.0813362770259216,6297.557977620252,172.84734376082548,-0.1745,70.26875478327831,-7.8398934583959985,0.165,-0.7635079766283941,2.9216348573312216
95.59999999999884,-2.085041635056411,6304.585639753746,172.0623832856614,-0.1745,70.28448788661308,-7.859316044885533,0.165,-0.7635079766283941,2.9216348573312216
95.69999999999884,-2.087553762997282,6311.614922586153,171.27580997544453,-0.1745,70.30116876150828,-7.872150159452167,0.165,-0.7635079766283941,2.9216348573312216
95.79999999999883,-2.089309579124505,6318.64590216663,170.4881623885898,-0.1745,70.31842284802278,-7.880801577642169,0.165,-0.7635079766283941,2.9216348573312216
95.89999999999883,-2.0905862885932542,6325.678623948442,169.69978244202008,-0.1745,70.33601278822533,-7.886797353752597,0.165,-0.7635079766283941,2.9216348573312216
95.99999999999882,-2.0915597327659747,6332.713113996187,168.91088724474616,-0.1745,70.3537881666685,-7.891106591725761,0.165,-0.7635079766283941,2.9216348573312216
96.09999999999881,-2.092341434564827,6339.749386089082,168.1216147051589,-0.1745,70.37165369123396,-7.894344200019791,0.165,-0.7635079766283941,2.9216348573312216
96.19999999999881,-2.0930021124481417,6346.787446225093,167.3320524810252,-0.1745,70.38954902898992,-7.896900282654433,0.165,-0.7635079766283941,2.9216348573312216
96.2999999999988,-2.0935866024323566,6353.827295477582,166.54225635248613,-0.1745,70.40743602078462,-7.899022288126385,0.165,-0.7635079766283941,2.9216348573312216
96.3999999999988,-2.0941233258689222,6360.868931807222,165.75226188035882,-0.1745,70.42529057200699,-7.90086715441985,0.165,-0.7635079766283941,2.9216348573312216
96.49999999999879,-2.0946302955536518,6367.912351211249,164.9620918025046,-0.1745,70.44309750854077,-7.902534402664519,0.165,-0.7635079766283941,2.9216348573312216
96.59999999999879,-2.095118925220949,6374.957548452355,164.17176072555412,-0.1745,70.46084731356824,-7.904087136345093,0.165,-0.7635079766283941,2.9216348573312216
96.69999999999878,-2.0955964454100737,6382.0045175209125,163.38127810053933,-0.1745,70.47853405758846,-7.9055653639507915,0.165,-0.7635079766283941,2.9216348573312216
96.79999999999878,-2.0960674352991298,6389.053251928064,162.59065010984122,-0.1745,70.4961540854422,-7.906994450011326,0.165,-0.7635079766283941,2.9216348573312216
96.89999999999877,-2.0965347938520154,6396.103744891516,161.79988086358722,-0.1745,70.51370518358637,-7.9083904750684955,0.165,-0.7635079766283941,2.9216348573312216
96.99999999999876,-2.0970003554111765,6403.155989453296,161.00897315810073,-0.1745,70.53118605201941,-7.909763634661235,0.165,-0.7635079766283941,2.9216348573312216
97.09999999999876,-2.097465279853303,6410.209978554369,160.2179289566455,-0.1745,70.54859596944507,-7.911120394443382,0.165,-0.7635079766283941,2.9216348573312216
97.19999999999875,-2.0979302998293625,6417.265705081891,159.42674969410194,-0.1745,70.5659345809919,-7.912464856427805,0.165,-0.7635079766283941,2.9216348573312216
97.29999999999875,-2.098395877416772,6424.323161899123,158.63543647003087,-0.1745,70.58320176364971,-7.913799624993826,0.165,-0.7635079766283941,2.9216348573312216
97.39999999999874,-2.0988623033603777,6431.382341864355,157.84399017099446,-0.1745,70.60039754098288,-7.915126355734201,0.165,-0.7635079766283941,2.9216348573312216
97.49999999999874,-2.0993297599337115,6438.443237842858,157.05241154804548,-0.1745,70.61752202908309,-7.916446103245574,0.165,-0.7635079766283941,2.9216348573312216
97.59999999999873,-2.09979836075084,6445.505842714429,156.26070126580908,-0.1745,70.63457540232406,-7.9177595414824875,0.165,-0.7635079766283941,2.9216348573312216
97.69999999999872,-2.100268175976749,6452.570149378128,155.46885993356747,-0.1745,70.65155787166645,-7.919067103349699,0.165,-0.7635079766283941,2.9216348573312216
97.79999999999872,-2.100739248289206,6459.636150755257,154.67688812494399,-0.1745,70.6684696709156,-7.920369069119928,0.165,-0.7635079766283941,2.9216348573312216
97.89999999999871,-2.101211602983507,6466.703839791204,153.88478639036651,-0.1745,70.68531104801825,-7.921665622429596,0.165,-0.7635079766283941,2.9216348573312216
97.9999999999987,-2.1016852543684066,6473.773209456583,153.0925552649582,-0.1745,70.70208225955153,-7.922956885736324,0.165,-0.7635079766283941,2.9216348573312216
98.0999999999987,-2.1021602098139023,6480.844252747922,152.30019527353298,-0.1745,70.71878356723398,-7.924242942768047,0.165,-0.7635079766283941,2.9216348573312216
98.1999999999987,-2.10263647231257,6487.916962688069,151.50770693375787,-0.1745,70.73541523571713,-7.925523852734096,0.165,-0.7635079766283941,2.9216348573312216
98.29999999999869,-2.1031140421000485,6494.9913323264145,150.71509075815516,-0.1745,70.75197753118806,-7.926799659320033,0.165,-0.7635079766283941,2.9216348573312216
98.39999999999868,-2.1035929176801025,6502.067354738998,149.92234725537014,-0.1745,70.76847072048544,-7.928070396380052,0.165,-0.7635079766283941,2.9216348573312216
98.49999999999868,-2.1040730964729293,6509.145023028549,149.1294769309742,-0.1745,70.7848950705405,-7.929336091538883,0.165,-0.7635079766283941,2.9216348573312216
98.59999999999867,-2.1045545752250887,6516.224330324478,148.33648028797373,-0.1745,70.80125084802391,-7.930596768470577,0.165,-0.7635079766283941,2.9216348573312216
98.69999999999867,-2.1050373502686432,6523.305269782835,147.5433578271332,-0.1745,70.81753831912273,-7.931852448339973,0.165,-0.7635079766283941,2.9216348573312216
98.79999999999866,-2.105521417684923,6530.387834586261,146.7501100471805,-0.1745,70.8337577493999,-7.933103150714348,0.165,-0.7635079766283941,2.9216348573312216
98.89999999999866,-2.1060067734079806,6537.472017943916,145.9567374449378,-0.1745,70.84990940370574,-7.9343488941398785,0.165,-0.7635079766283941,2.9216348573312216
98.99999999999865,-2.106493413289896,6544.557813091408,145.1632405154055,-0.1745,70.86599354612258,-7.935589696506082,0.165,-0.7635079766283941,2.9216348573312216
99.09999999999864,-2.106981333141975,6551.645213290711,144.3696197518164,-0.1745,70.88201043993017,-7.93682557527614,0.165,-0.7635079766283941,2.9216348573312216
99.19999999999864,-2.107470528760704,6558.734211830087,143.57587564567098,-0.1745,70.89796034758429,-7.938056547632416,0.165,-0.7635079766283941,2.9216348573312216
99.29999999999863,-2.107960995944069,6565.824802024001,142.78200868676095,-0.1745,70.91384353070382,-7.93928263056836,0.165,-0.7635079766283941,2.9216348573312216
99.39999999999863,-2.108452730501792,6572.916977213039,141.9880193631852,-0.1745,70.92966025006298,-7.940503840946501,0.165,-0.7635079766283941,2.9216348573312216
99.49999999999862,-2.108945728261715,6580.010730763822,141.19390816136112,-0.1745,70.94541076558697,-7.9417201955350265,0.165,-0.7635079766283941,2.9216348573312216
99.59999999999862,-2.109439985073756,6587.106056068918,140.39967556603284,-0.1745,70.96109533634974,-7.9429317110308,0.165,-0.7635079766283941,2.9216348573312216
99.69999999999861,-2.1099354968123376,6594.202946546765,139.60532206027762,-0.1745,70.97671422057309,-7.944138404073839,0.165,-0.7635079766283941,2.9216348573312216
99.7999999999986,-2.110432259377834,6601.301395641575,138.81084812551111,-0.1745,70.99226767562658,-7.945340291256374,0.165,-0.7635079766283941,2.9216348573312216
99.8999999999986,-2.11093026869742,6608.401396823258,138.01625424149188,-0.1745,71.00775595802813,-7.946537389128506,0.165,-0.7635079766283941,2.9216348573312216
99.9999999999986,-2.1126015791633175,6615.502943587332,137.22154088632536,-0.1745,71.02317932344478,-7.947729714201696,0.165,-0.7635079766283941,2.9216348573312216
100.09999999999859,-1.2717848160227447,6622.609303959626,136.4261312640904,-0.1745,71.10402812244075,-7.960462730497552,0.8300000000000001,-0.7635079766283941,2.9216348573312216
100.19999999999858,-1.5815859747916328,6629.716647504473,135.7811067912032,-0.06225,71.04284277450022,-4.940026727246222,0.165,-0.7635079766283941,2.9216348573312216
100.29999999999858,-1.7782937371203433,6636.812654920592,135.23253346842085,-0.1745,70.87730554787836,-6.031439728400766,0.165,-0.7635079766283941,2.9216348573312216
100.39999999999857,-1.9031345978493888,6643.895610770092,134.59479651423368,-0.1745,70.78181144213715,-6.7232993553427125,0.165,-0.7635079766283941,2.9216348573312216
100.49999999999856,-1.9823695982390033,6650.971141790884,133.90053141358072,-0.1745,70.72880897369483,-7.162002657716496,0.165,-0.7635079766283941,2.9216348573312216
100.59999999999856,-2.032695673790265,6658.042680562913,133.17041853320026,-0.1745,70.70196646689753,-7.440254949892895,0.165,-0.7635079766283941,2.9216348573312216
100.69999999999855,-2.0647119336341033,6665.112347613294,132.41756344531797,-0.1745,70.69137454072083,-7.616846807753043,0.165,-0.7635079766283941,2.9216348573312216
100.79999999999855,-2.0851385362216317,6672.1814627943595,131.65026828235847,-0.1745,70.69092908057695,-7.729056451436882,0.165,-0.7635079766283941,2.9216348573312216
100.89999999999854,-1.9128878115270753,6679.250850916103,130.8737900157742,-0.1745,70.6968333543002,-7.800508880248579,0.165,-0.7635079766283941,2.9216348573312216
100.99999999999854,-1.9894091062246186,6686.327235348127,130.12395362822352,-0.1495,70.83085528617741,-7.196218870764926,0.8300000000000001,-0.7635079766283941,2.9216348573312216
101.09999999999853,-2.0379783979735944,6693.409030021884,129.39087940320934,-0.1745,70.80503818895872,-7.465265629518633,0.165,-0.7635079766283941,2.9216348573312216
101.19999999999852,-2.0688598705526244,6700.4890291691045,128.63582254762298,-0.1745,70.79494475545087,-7.635871482208341,0.165,-0.7635079766283941,2.9216348573312216
101.29999999999852,-1.9025514776723396,6707.568509593791,127.86681950361836,-0.1745,70.79466373827587,-7.744189397884187,0.165,-0.7635079766283941,2.9216348573312216
101.39999999999851,-1.9836393543267077,6714.652876543697,127.12177491943288,-0.1495,70.89267525984208,-7.156702285825327,0.495,-0.7635079766283941,2.9216348573312216
101.49999999999851,-2.0350779653932713,6721.740709588817,126.39183836030628,-0.1745,70.8639856425547,-7.442028896706791,0.165,-0.7635079766283941,2.9216348573312216
101.5999999999985,-2.0677616980281135,6728.8265102378155,125.63859445771452,-0.1745,70.85202733742163,-7.622849155128551,0.165,-0.7635079766283941,2.9216348573312216
101.6999999999985,-2.088589160922323,6735.911636658589,124.8705734672125,-0.1745,70.85050107803974,-7.737570654911826,0.165,-0.7635079766283941,2.9216348573312216
101.79999999999849,-2.1019249065530086,6742.996936482701,124.09316981402394,-0.1745,70.85549540421803,-7.810502408859319,0.165,-0.7635079766283941,2.9216348573312216
101.89999999999849,-2.11052853436693,6750.082939559691,123.30979360379806,-0.1745,70.86456613558224,-7.857021795658227,0.165,-0.7635079766283941,2.9216348573312216
101.99999999999848,-2.1173254117403313,6757.16997686074,122.52259992522697,-0.1745,70.87617988538162,-7.886851775763415,0.165,-0.7635079766283941,2.9216348573312216
102.09999999999847,-2.1203878205986006,6764.261528974884,121.73237317205223,-0.1745,70.95486239750211,-7.917683287731335,0.8300000000000001,-0.7635079766283941,2.9216348573312216
102.19999999999847,-2.122506441436954,6771.357727846938,120.94009247412554,-0.1745,70.96911504358233,-7.927930670802715,0.165,-0.7635079766283941,2.9216348573312216
102.29999999999846,-2.1240301353883715,6778.455374706164,120.14695409336117,-0.1745,70.9838221409264,-7.934836944484409,0.165,-0.7635079766283941,2.9216348573312216
102.39999999999846,-2.125179034503736,6785.554505410048,119.35323058326107,-0.1745,70.99879193675565,-7.939633257517737,0.165,-0.7635079766283941,2.9216348573312216
102.49999999999845,-2.12609202062782,6792.655140185445,118.55909408825188,-0.1745,71.01390357119436,-7.9430966426658225,0.165,-0.7635079766283941,2.9216348573312216
102.59999999999845,-2.1268567015450364,6799.757289408786,117.76465338368598,-0.1745,71.02908089563384,-7.945717448652121,0.165,-0.7635079766283941,2.9216348573312216
102.69999999999844,-1.940769547751204,6806.86095725188,116.96997725775769,-0.1745,71.04427596623154,-7.947805069913603,0.165,-0.7635079766283941,2.9216348573312216
102.79999999999843,-2.0104078232275207,6813.970657475779,116.20820040095927,-0.1495,71.14972851174834,-7.287732066054853,0.495,-0.7635079766283941,2.9216348573312216
102.89999999999843,-2.0545157079874725,6821.084455659186,115.46714020504557,-0.1745,71.12623515638538,-7.533471852219262,0.165,-0.7635079766283941,2.9216348573312216
102.99999999999842,-2.0825128499895835,6828.196624656548,114.70602237787905,-0.1745,71.1171447908619,-7.688884691111047,0.165,-0.7635079766283941,2.9216348573312216
103.09999999999842,-2.1003489751600943,6835.308333238239,113.93221312153973,-0.1745,71.11702684296674,-7.787300435675473,0.165,-0.7635079766283941,2.9216348573312216
103.19999999999841,-1.9244455586652571,6842.420309998422,113.15035991807898,-0.1745,71.12250836069758,-7.8497636335396335,0.165,-0.7635079766283941,2.9216348573312216
103.2999999999984,-2.0012001950603597,6849.535973816406,112.39677717875435,-0.1495,71.19076799897648,-7.2218911529527885,0.165,-0.7635079766283941,2.9216348573312216
103.3999999999984,-2.051036303387769,6856.653665208883,111.66103684758279,-0.1745,71.16305985054417,-7.492915470478429,0.165,-0.7635079766283941,2.9216348573312216
103.4999999999984,-2.0811881646581005,6863.772657895256,110.90260195098753,-0.1745,71.21679387693264,-7.675782461426928,0.8300000000000001,-0.7635079766283941,2.9216348573312216
103.59999999999839,-2.1003709186866573,6870.89424968121,110.12971729812229,-0.1745,71.21504184214403,-7.781910595877902,0.165,-0.7635079766283941,2.9216348573312216
103.69999999999838,-2.1126434285410034,6878.015969629005,109.34816307914066,-0.1745,71.21935711376126,-7.849173783754484,0.165,-0.7635079766283941,2.9216348573312216
103.79999999999838,-2.1205641448435735,6885.138310270499,108.5611070142739,-0.1745,71.22745571610895,-7.8919475135806,0.165,-0.7635079766283941,2.9216348573312216
103.89999999999837,-2.1257450837144027,6892.261578469614,107.77054497110582,-0.1745,71.23790826619917,-7.9192933497810065,0.165,-0.7635079766283941,2.9216348573312216
103.99999999999837,-2.1292016228288393,6899.385964792061,106.97773423735416,-0.1745,71.24981818274094,-7.936921325252233,0.165,-0.7635079766283941,2.9216348573312216
104.09999999999836,-2.131573175496882,6906.511586817368,106.18346674110974,-0.1745,71.26262232340589,-7.94842859963618,0.165,-0.7635079766283941,2.9216348573312216
104.19999999999835,-2.133262320348597,6913.638516269139,105.38824127112929,-0.1745,71.2759667119977,-7.956080799972791,0.165,-0.7635079766283941,2.9216348573312216
104.29999999999835,-2.134522480853965,6920.76679604335,104.59237199866213,-0.1745,71.28962877223907,-7.961304649370371,0.165,-0.7635079766283941,2.9216348573312216
104.39999999999834,-2.135513163177127,6927.89645090927,103.79605684357057,-0.1745,71.30346854617174,-7.96499845246088,0.165,-0.7635079766283941,2.9216348573312216
104.49999999999834,-2.136334747266761,6935.027494239011,102.99942053453552,-0.1745,71.31739804862717,-7.967727728240202,0.165,-0.7635079766283941,2.9216348573312216
104.59999999999833,-2.137050395349545,6942.159932241336,102.20254172570351,-0.1745,71.33136199787225,-7.969848448399967,0.165,-0.7635079766283941,2.9216348573312216
104.69999999999833,-2.13769984571233,6949.293766625883,101.40547007045335,-0.1745,71.34532569307605,-7.971584656603221,0.165,-0.7635079766283941,2.9216348573312216
104.79999999999832,-2.1383080960853453,6956.428996279824,100.60823697024186,-0.1745,71.35926738574184,-7.973077347626419,0.165,-0.7635079766283941,2.9216348573312216
104.89999999999831,-2.139471497022632,6963.565618323036,99.81086234068417,-0.1745,71.37317347849057,-7.974415243527527,0.165,-0.7635079766283941,2.9216348573312216
104.99999999999831,-2.1397094599714634,6970.7052537143445,99.01307240407222,-0.1745,71.41953434768519,-7.981383488711522,0.495,-0.7635079766283941,2.9216348573312216
105.0999999999983,-2.1400610568002505,6977.847899999353,98.21493464829356,-0.1745,71.43339135249504,-7.981371626861426,0.165,-0.7635079766283941,2.9216348573312216
105.1999999999983,-2.1404844889721217,6984.991925977479,97.41677830685636,-0.1745,71.44712821002759,-7.981755201882636,0.165,-0.7635079766283941,2.9216348573312216
105.29999999999829,-2.1409534827121215,6992.13732080327,96.61857125931789,-0.1745,71.46076830579281,-7.982385748886741,0.165,-0.7635079766283941,2.9216348573312216
105.39999999999829,-2.1414515241728562,6999.284075539978,95.82029347501181,-0.1745,71.47432642836466,-7.983169937234926,0.165,-0.7635079766283941,2.9216348573312216
105.49999999999828,-2.141968234609818,7006.432182459366,95.02193252293445,-0.1745,71.48781195938895,-7.984049104312383,0.165,-0.7635079766283941,2.9216348573312216
105.59999999999827,-2.1424970913956125,7013.581634601352,94.22348074851247,-0.1745,71.50123088031195,-7.9849863841272555,0.165,-0.7635079766283941,2.9216348573312216
105.69999999999827,-2.143033995338913,7020.732425497094,93.42493349864438,-0.1745,71.51458703451878,-7.9859586132347475,0.165,-0.7635079766283941,2.9216348573312216
105.79999999999826,-2.1435763701298387,7027.884548994872,92.62628800591263,-0.1745,71.52788292103612,-7.98695124140015,0.165,-0.7635079766283941,2.9216348573312216
105.89999999999826,-2.144122596331476,7035.037999150602,91.82754268724689,-0.1745,71.54112019358693,-7.987955131914469,0.165,-0.7635079766283941,2.9216348573312216
105.99999999999825,-2.1446716556764973,7042.192770158998,91.02869670314293,-0.1745,71.55429997433977,-7.988964550164818,0.165,-0.7635079766283941,2.9216348573312216
106.09999999999825,-2.1452229075528786,7049.348856310272,90.22974968066856,-0.1745,71.5674230511348,-7.989975899322488,0.165,-0.7635079766283941,2.9216348573312216
106.19999999999824,-1.9572213356331367,7056.506251962901,89.4307015394159,-0.1745,71.58049000144779,-7.990986925730508,0.165,-0.7635079766283941,2.9216348573312216
106.29999999999824,-2.028048664769173,7063.667903045226,88.66537953075613,-0.1495,71.65253164505825,-7.315453247465125,0.165,-0.7635079766283941,2.9216348573312216
106.39999999999823,-2.0727440020036907,7070.831825917253,87.92126407445112,-0.1745,71.62592579547695,-7.566855878635073,0.165,-0.7635079766283941,2.9216348573312216
106.49999999999822,-2.101015495414405,7077.993832651986,87.15666407231043,-0.1745,71.61420889917945,-7.725144164178581,0.165,-0.7635079766283941,2.9216348573312216
106.59999999999822,-2.1189701392264118,7085.155129679433,86.37916104446118,-0.1745,71.61173164976638,-7.824916392806491,0.165,-0.7635079766283941,2.9216348573312216
106.69999999999821,-2.1304466811390284,7092.316466280368,85.59351882217338,-0.1745,71.61500036894421,-7.887928052949528,0.165,-0.7635079766283941,2.9216348573312216
106.7999999999982,-2.137856802036124,7099.478308418803,84.80272979789326,-0.1745,71.62184239974053,-7.927852432652754,0.165,-0.7635079766283941,2.9216348573312216
106.8999999999982,-2.1427150543513847,7106.640945633872,84.00867318697382,-0.1745,71.6309019016432,-7.953279785736127,0.165,-0.7635079766283941,2.9216348573312216
106.9999999999982,-2.1459723194938474,7113.804557276967,83.21252893311845,-0.1745,71.64133096023917,-7.9696052913714945,0.165,-0.7635079766283941,2.9216348573312216
107.09999999999819,-1.9594978958265088,7120.969253756683,82.41503783730492,-0.1745,71.6525986340889,-7.980216624899065,0.165,-0.7635079766283941,2.9216348573312216
107.19999999999818,-2.0315207620556297,7128.138074797042,81.65055433017537,-0.1495,71.72382217307607,-7.309453517692068,0.165,-0.7635079766283941,2.9216348573312216
107.29999999999818,-2.0769452001488236,7135.3090753546385,80.90681577884914,-0.1745,71.69618897886201,-7.5653175088325915,0.165,-0.7635079766283941,2.9216348573312216
107.39999999999817,-2.105661766501922,7142.478071720736,80.14223436329728,-0.1745,71.6837383430903,-7.726310802204635,0.165,-0.7635079766283941,2.9216348573312216
107.49999999999817,-2.123888829051666,7149.6462938136565,79.36453293967807,-0.1745,71.6807035153157,-7.827717670179574,0.165,-0.7635079766283941,2.9216348573312216
107.59999999999816,-2.1355329993807053,7156.814505045499,78.57856143067744,-0.1745,71.6835211215197,-7.891712509833077,0.165,-0.7635079766283941,2.9216348573312216
107.69999999999816,-2.143047238739157,7163.983179939731,77.78736460069527,-0.1745,71.68997676311398,-7.932224089810419,0.165,-0.7635079766283941,2.9216348573312216
107.79999999999815,-2.147971171178386,7171.152613250974,76.99285348277778,-0.1745,71.69868946176166,-7.957998268539513,0.165,-0.7635079766283941,2.9216348573312216
107.89999999999814,-2.151270883666201,7178.322987529902,76.1962273254356,-0.1745,71.70879611679246,-7.974524878303872,0.165,-0.7635079766283941,2.9216348573312216
107.99999999999814,-2.1535524474509185,7185.494415165619,75.398238626499,-0.1745,71.71975659754163,-7.985249100428119,0.165,-0.7635079766283941,2.9216348573312216
108.09999999999813,-2.155196012660912,7192.666964627707,74.59935954301329,-0.1745,71.73123264420987,-7.992332569285869,0.165,-0.7635079766283941,2.9216348573312216
108.19999999999813,-2.1564399879281444,7199.840676877387,73.7998863465696,-0.1745,71.74301234937843,-7.997131359588097,0.165,-0.7635079766283941,2.9216348573312216
108.29999999999812,-2.1574338698082443,7207.015575642651,73.00000497499387,-0.1745,71.75496295590966,-8.000496071926326,0.165,-0.7635079766283941,2.9216348573312216
108.39999999999812,-2.1582713900810626,7214.191673856056,72.19983216228026,-0.1745,71.7670013121757,-8.002960182346024,0.165,-0.7635079766283941,2.9216348573312216
108.49999999999811,-2.1590113099973425,7221.36897768985,71.39944124130984,-0.1745,71.77907536370336,-8.004858237062223,0.165,-0.7635079766283941,2.9216348573312216
108.5999999999981,-2.1596904631475073,7228.5474890856785,70.59887832891374,-0.1745,71.79115255286912,-8.006400010859728,0.165,-0.7635079766283941,2.9216348573312216
108.6999999999981,-2.160331935318732,7235.7272073406375,69.79817247690093,-0.1745,71.80321254631295,-8.007717029396535,0.165,-0.7635079766283941,2.9216348573312216
108.7999999999981,-2.1609501938870386,7242.9081301016995,68.99734203789845,-0.1745,71.81524267493033,-8.008891750652998,0.165,-0.7635079766283941,2.9216348573312216
108.89999999999809,-2.1615543039713097,7250.090253989174,68.19639865701343,-0.1745,71.82723507455978,-8.009975867047372,0.165,-0.7635079766283941,2.9216348573312216
108.99999999999808,-2.1621499447585495,7257.2735749875565,67.39534977451453,-0.1745,71.8391848930949,-8.011001782930713,0.165,-0.7635079766283941,2.9216348573312216
109.09999999999808,-2.1627406734789387,7264.458088690528,66.5942001947932,-0.1745,71.85108916633176,-8.011989811495708,0.165,-0.7635079766283941,2.9216348573312216
109.19999999999807,-2.1633287176727083,7271.643790454503,65.792953069864,-0.1745,71.86294611316417,-8.012952687088447,0.165,-0.7635079766283941,2.9216348573312216
109.29999999999806,-2.165081094658836,7278.830675494847,64.99161051580755,-0.1745,71.87475469373068,-8.013898394040588,0.165,-0.7635079766283941,2.9216348573312216
109.39999999999806,-2.1650075858151503,7286.022013450943,64.18959672673205,-0.1745,71.95200442818133,-8.026377387469436,0.8300000000000001,-0.7635079766283941,2.9216348573312216
109.49999999999805,-2.16518249861589,7293.2178038240145,63.38703260571823,-0.1745,71.96380303325626,-8.024905032806876,0.165,-0.7635079766283941,2.9216348573312216
109.59999999999805,-2.1655132368322745,7300.414764702272,62.58457161456177,-0.1745,71.97541453189905,-8.024314790322475,0.165,-0.7635079766283941,2.9216348573312216
109.69999999999804,-2.1659418514628666,7307.612879973921,61.782142113512045,-0.1745,71.98689090108367,-8.024275230672027,0.165,-0.7635079766283941,2.9216348573312216
109.79999999999804,-2.166432079413307,7314.812137756682,60.97969940641463,-0.1745,71.99826475414444,-8.024578911276286,0.165,-0.7635079766283941,2.9216348573312216
109.89999999999803,-2.1669612298014482,7322.0125288233185,60.177215660517746,-0.1745,72.00955657858911,-8.025096006661364,0.165,-0.7635079766283941,2.9216348573312216
109.99999999999802,-2.167515105232452,7329.214045615739,59.374673596367344,-0.1745,72.0207792698364,-8.025745276346653,0.165,-0.7635079766283941,2.9216348573312216
110.09999999999802,-2.1680848230622964,7336.416681627754,58.57206253808649,-0.1745,72.03194097044654,-8.026475889270351,0.165,-0.7635079766283941,2.9216348573312216
110.19999999999801,-2.1686648260233627,7343.620431018669,57.76937594132604,-0.1745,72.04304684784388,-8.027256045938648,0.165,-0.7635079766283941,2.9216348573312216
110.29999999999801,-2.169251637309412,7350.825288371422,56.966609846200946,-0.1745,72.05410020723042,-8.028065856563273,0.165,-0.7635079766283941,2.9216348573312216
110.399999999998,-2.1698430816005714,7358.031248541194,56.163761909192694,-0.1745,72.06510318821633,-8.02889288360178,0.165,-0.7635079766283941,2.9216348573312216
110.499999999998,-2.170437797683325,7365.238306560646,55.360830797404546,-0.1745,72.0760572008266,-8.02972935216122,0.165,-0.7635079766283941,2.9216348573312216
110.59999999999799,-2.172198908158512,7372.446457580606,54.55781580957868,-0.1745,72.0869631983595,-8.0305704043561,0.165,-0.7635079766283941,2.9216348573312216
110.69999999999798,-2.1721395275750406,7379.658971337718,53.75413936663148,-0.1745,72.16331194387458,-8.042958454587868,0.8300000000000001,-0.7635079766283941,2.9216348573312216
110.79999999999798,-2.172330140853825,7386.875847508106,52.949921343921254,-0.1745,72.1742114638865,-8.041401999616566,0.165,-0.7635079766283941,2.9216348573312216
110.89999999999797,-2.1726772783953736,7394.093804387953,52.14581442611609,-0.1745,72.18492613305496,-8.040736356486665,0.165,-0.7635079766283941,2.9216348573312216
110.99999999999797,-1.319900120497643,7401.31282612463,51.34174630989452,-0.1745,72.19550860047676,-8.040625967944743,0.165,-0.7635079766283941,2.9216348573312216
111.09999999999796,-1.639287339247172,7408.530878188437,50.693071097409685,-0.06225,72.1655326756514,-4.932878281751867,0.495,-0.7635079766283941,2.9216348573312216
111.19999999999796,-1.840327055631866,7415.738444525958,50.14266874440392,-0.1745,71.98579407475854,-6.075168778363474,0.165,-0.7635079766283941,2.9216348573312216
111.29999999999795,-1.9668340604690777,7422.931781106388,49.49927879784708,-0.1745,71.88093753386268,-6.792630152773268,0.165,-0.7635079766283941,2.9216348573312216
111.39999999999795,-2.0464638365830186,7430.116880765882,48.7974779448391,-0.1745,71.82105565601599,-7.243386907386377,0.165,-0.7635079766283941,2.9216348573312216
111.49999999999794,-2.0966415375485834,7437.297364007598,48.058977142592305,-0.1745,71.78860917830129,-7.526629137549591,0.165,-0.7635079766283941,2.9216348573312216
111.59999999999793,-1.9394652893572717,7444.475447402663,47.2974114730489,-0.1745,71.77305872300974,-7.704684253318457,0.165,-0.7635079766283941,2.9216348573312216
111.69999999999793,-2.0300274272007184,7451.655686350569,46.55527303541275,-0.1495,71.83172023511672,-7.1380844994045525,0.165,-0.7635079766283941,2.9216348573312216
111.79999999999792,-2.0870729911330583,7458.836919795519,45.8253505182582,-0.1745,71.79294866388443,-7.460365843686514,0.165,-0.7635079766283941,2.9216348573312216
111.89999999999792,-2.1230727168450363,7466.015242022056,45.06918544856396,-0.1745,71.77349586684625,-7.662935550198365,0.165,-0.7635079766283941,2.9216348573312216
111.99999999999791,-2.1458654685886662,7473.192216422975,44.29652092285539,-0.1745,71.76599215154812,-7.790354963972918,0.165,-0.7635079766283941,2.9216348573312216
112.0999999999979,-2.160374150686603,7480.36881126864,43.513472383169784,-0.1745,71.76590476172574,-7.870615829739251,0.165,-0.7635079766283941,2.9216348573312216
112.1999999999979,-2.1696884446625253,7487.545627797202,42.723876959222736,-0.1745,71.7704258095187,-7.9212926492017415,0.165,-0.7635079766283941,2.9216348573312216
112.2999999999979,-2.1757466081039527,7494.72303949232,41.930141592531044,-0.1745,71.77780809283873,-7.953414684632122,0.165,-0.7635079766283941,2.9216348573312216
112.39999999999789,-2.179764180154711,7501.901277966879,41.1337757978148,-0.1745,71.78696139835208,-7.973901209692733,0.165,-0.7635079766283941,2.9216348573312216
112.49999999999788,-2.182503277264838,7509.080486252404,40.3357261414245,-0.1745,71.79720431213444,-7.987091918113285,0.165,-0.7635079766283941,2.9216348573312216
112.59999999999788,-2.1844416390203,7516.2607519937055,39.53658614298438,-0.1745,71.80811051390491,-7.995708050689095,0.165,-0.7635079766283941,2.9216348573312216
112.69999999999787,-2.1858786937710604,7523.4421281765835,38.736727955717704,-0.1745,71.81941314364765,-8.00145569464448,0.165,-0.7635079766283941,2.9216348573312216
112.79999999999787,-2.187002085788629,7530.624646090127,37.936384954407906,-0.1745,71.83094512720821,-8.005404331551436,0.165,-0.7635079766283941,2.9216348573312216
112.89999999999786,-2.1879293924570637,7537.808323440146,37.13570352308413,-0.1745,71.84260187317264,-8.008224294924043,0.165,-0.7635079766283941,2.9216348573312216
112.99999999999785,-2.1887342788028623,7544.993169430246,36.334775523766886,-0.1745,71.8543179288329,-8.010335691420806,0.165,-0.7635079766283941,2.9216348573312216
113.09999999999785,-2.189462892432151,7552.1791879447965,35.53365865018712,-0.1745,71.86605236218631,-8.012001780174538,0.165,-0.7635079766283941,2.9216348573312216
113.19999999999784,-1.3405660311464354,7559.366379543145,34.73238918535024,-0.1745,71.87777960478688,-8.013387516563023,0.165,-0.7635079766283941,2.9216348573312216
113.29999999999784,-1.0020717175430987,7566.552685499968,34.08505696243292,-0.06225,71.84833953167836,-4.933256941783391,0.495,-0.7635079766283941,2.9216348573312216
113.39999999999783,-1.4434089246542787,7573.73729451887,33.652833044281635,-0.08725,71.8438408463542,-3.7112214212423833,0.165,-0.7635079766283941,2.9216348573312216
113.49999999999783,-1.7224996227173426,7580.90882529845,33.20314683120822,-0.1745,71.58677474525638,-5.282502840225897,0.165,-0.7635079766283941,2.9216348573312216
113.59999999999782,-1.898876245091754,7588.059994211786,32.625372553817584,-0.1745,71.43660352145164,-6.27298270758681,0.165,-0.7635079766283941,2.9216348573312216
113.69999999999781,-2.010317417021332,7595.199317438117,31.96683065588548,-0.1745,71.34986100516946,-6.897855251055255,0.165,-0.7635079766283941,2.9216348573312216
113.79999999999781,-2.080759557808255,7602.331889197279,31.25733000952483,-0.1745,71.30157417808,-7.292157676157817,0.165,-0.7635079766283941,2.9216348573312216
113.8999999999978,-2.125341697877448,7609.46081369533,30.515670464265654,-0.1745,71.27691578292732,-7.541033229025697,0.165,-0.7635079766283941,2.9216348573312216
113.9999999999978,-2.153624810751737,7616.588004141422,29.75370795479404,-0.1745,71.26689313890982,-7.698216960406554,0.165,-0.7635079766283941,2.9216348573312216
114.09999999999779,-2.1716405559819645,7623.7146476512735,28.97891644691359,-0.1745,71.26597705812735,-7.797613197202478,0.165,-0.7635079766283941,2.9216348573312216
114.19999999999779,-2.183191151692891,7630.841483408926,28.196005646502158,-0.1745,71.27073809493149,-7.860602811026178,0.165,-0.7635079766283941,2.9216348573312216
114.29999999999778,-2.190672117816065,7637.9689721836285,27.40794238862066,-0.1745,71.2790373991079,-7.900662346603753,0.165,-0.7635079766283941,2.9216348573312216
114.39999999999777,-1.3528231525840928,7645.097400875135,26.616595135590913,-0.1745,71.28953643102075,-7.926282713991198,0.165,-0.7635079766283941,2.9216348573312216
114.49999999999777,-1.6673313049509262,7652.224945562389,25.97472334922523,-0.06225,71.26135731405459,-4.911153013322511,0.495,-0.7635079766283941,2.9216348573312216
114.59999999999776,-1.8667197927602697,7659.342579460945,25.428052571048585,-0.1745,71.09132065706905,-6.022262550210335,0.165,-0.7635079766283941,2.9216348573312216
114.69999999999776,-1.9930764788064952,7666.446793530331,24.790671089611692,-0.1745,70.99296073065327,-6.725367078527519,0.165,-0.7635079766283941,2.9216348573312216
114.79999999999775,-2.073165486898084,7673.5433407953515,24.095881850160644,-0.1745,70.9379845697548,-7.170417710493424,0.165,-0.7635079766283941,2.9216348573312216
114.89999999999775,-2.1239749805299475,7680.635723264211,23.36475126313869,-0.1745,70.90966480744457,-7.452194029945645,0.165,-0.7635079766283941,2.9216348573312216
114.99999999999774,-2.1562708302479665,7687.726100229444,22.610606730623168,-0.1745,70.89787449720232,-7.630696620364819,0.165,-0.7635079766283941,2.9216348573312216
115.09999999999773,-2.1768674774113537,7694.815813349005,21.841876618506582,-0.1745,70.89638789402457,-7.743905621966863,0.165,-0.7635079766283941,2.9216348573312216
115.19999999999773,-2.1900745070064973,7701.905699732291,21.063888841544184,-0.1745,70.90133977170376,-7.815849917281131,0.165,-0.7635079766283941,2.9216348573312216
115.29999999999772,-2.198615700382582,7708.996282490571,20.280010161700996,-0.1745,70.91031539388234,-7.861723679582593,0.165,-0.7635079766283941,2.9216348573312216
115.39999999999772,-2.2042117954298126,7716.087888273835,19.492367463471414,-0.1745,70.92180027141859,-7.891130285009045,0.165,-0.7635079766283941,2.9216348573312216
115.49999999999771,-2.207949498351568,7723.180720399247,18.702304084175513,-0.1745,70.93484223680592,-7.910137300908956,0.165,-0.7635079766283941,2.9216348573312216
115.5999999999977,-2.210514923635856,7730.274904600491,17.9106683580453,-0.1745,70.94884178808168,-7.922577221695286,0.165,-0.7635079766283941,2.9216348573312216
115.6999999999977,-2.2123411717475023,7737.370517747903,17.117995985478156,-0.1745,70.96342116016177,-7.930870229647577,0.165,-0.7635079766283941,2.9216348573312216
115.7999999999977,-2.21370158154314,7744.467605916956,16.324625256537427,-0.1745,70.97834222088706,-7.936544349167017,0.165,-0.7635079766283941,2.9216348573312216
115.89999999999769,-2.214768634650704,7751.566195770528,15.530769830980315,-0.1745,70.99345485055088,-7.940564161975238,0.165,-0.7635079766283941,2.9216348573312216
115.99999999999768,-2.2156511533443535,7758.666301734804,14.73656469897991,-0.1745,71.00866443496275,-7.943538478032863,0.165,-0.7635079766283941,2.9216348573312216
116.09999999999768,-2.2164177857345524,7765.767930525304,13.942095199923495,-0.1745,71.02391137504937,-7.945851503095426,0.165,-0.7635079766283941,2.9216348573312216
116.19999999999767,-2.2171118305979762,7772.8710840022395,13.147415341314964,-0.1745,71.03915816365964,-7.947745669075171,0.165,-0.7635079766283941,2.9216348573312216
116.29999999999767,-2.217760593893852,7779.9757609720455,12.352559361310767,-0.1745,71.05438123245095,-7.949373931008755,0.165,-0.7635079766283941,2.9216348573312216
116.39999999999766,-2.2183812931306086,7787.081958324039,11.557549025720654,-0.1745,71.06956580741344,-7.950832780793513,0.165,-0.7635079766283941,2.9216348573312216
116.49999999999766,-2.218984782748789,7794.189671747542,10.762398232438816,-0.1745,71.08470266264587,-7.952183084843266,0.165,-0.7635079766283941,2.9216348573312216
116.59999999999765,-2.219577904346057,7801.298896184274,9.967115916467364,-0.1745,71.09978607198853,-7.953463234585768,0.165,-0.7635079766283941,2.9216348573312216
116.69999999999764,-2.2201649691629783,7808.409626113702,9.17170788251182,-0.1745,71.11481251658009,-7.954697444525127,0.165,-0.7635079766283941,2.9216348573312216
116.79999999999764,-2.220748693090981,7815.521855733003,8.376177960901106,-0.1745,71.12977986944288,-7.95590098768915,0.165,-0.7635079766283941,2.9216348573312216
116.89999999999763,-2.2213307863090894,7822.635579070529,7.580528736598166,-0.1745,71.1446868810816,-7.957083498369658,0.165,-0.7635079766283941,2.9216348573312216
116.99999999999763,-2.2219123250748547,7829.750790057334,6.784762008911565,-0.1745,71.15953285501078,-7.958251055362369,0.165,-0.7635079766283941,2.9216348573312216
117.09999999999762,-2.2224939861248285,7836.86748257224,5.9888790813521355,-0.1745,71.17431744310896,-7.959407495826204,0.165,-0.7635079766283941,2.9216348573312216
117.19999999999762,-2.2230761944369863,7843.985650470224,5.1928809443706045,-0.1745,71.1890405165634,-7.960555243804413,0.165,-0.7635079766283941,2.9216348573312216
117.29999999999761,-2.2236592163662756,7851.105287600277,4.396768390549119,-0.1745,71.20370208449428,-7.961695832625295,0.165,-0.7635079766283941,2.9216348573312216
117.3999999999976,-2.2242432183412792,7858.226387816634,3.6005420872055476,-0.1745,71.21830224264991,-7.962830234246139,0.165,-0.7635079766283941,2.9216348573312216
117.4999999999976,-2.2248283038519316,7865.34894498582,2.8042026221502367,-0.1745,71.2328411410646,-7.963959066860075,0.165,-0.7635079766283941,2.9216348573312216
117.59999999999759,-2.2254145367544718,7872.472952991056,2.0077505325198386,-0.1745,71.24731896367338,-7.965082725747887,0.165,-0.7635079766283941,2.9216348573312216
117.69999999999759,-2.2260019559534543,7879.598405735013,1.211186322945343,-0.1745,71.26173591546494,-7.966201465742021,0.165,-0.7635079766283941,2.9216348573312216
117.79999999999758,8477.34975840587,7886.7252971415055,0.41451047699875465,-0.1745,71.27609221438628,-7.967315453189745,0.165,-0.7635079766283941,2.9216348573312216
