t,reward,x,y,theta,vx,vy,throttle,wind_vx,wind_vy
0.0,0.0,275.1289426491606,893.0821711031786,0.0007987687040369729,43.67927875361593,0.7121894938398956,0.5,0.10973385522562598,-1.0939421735563586
0.1,-0.07313724377146315,275.1289426491606,893.0821711031786,0.0007987687040369729,43.67927875361593,0.7121894938398956,0.5,0.10973385522562598,-1.0939421735563586
0.2,-0.8682604322428172,279.488657739861,893.0601443659982,-0.11145123129596302,43.515023060392764,-1.1527242374456543,0.165,0.10973385522562598,-1.0939421735563586
0.30000000000000004,-1.60414770783537,283.8270538672096,892.8431559074227,-0.1745,43.25289948657918,-3.1870449340641565,0.165,0.10973385522562598,-1.0939421735563586
0.4,-2.1778445823205783,288.1443527225147,892.4450975146505,-0.1745,43.09307761952372,-4.774122921380345,0.165,0.10973385522562598,-1.0939421735563586
0.5,-2.6237856549184086,292.4491821358393,891.9055609426105,-0.1745,43.00351064696761,-6.0166085194198,0.165,0.10973385522562598,-1.0939421735563586
0.6,-2.9693311893310828,296.7475316571704,891.2552223794154,-0.1745,42.963479779654406,-6.9901627444813705,0.165,0.10973385522562598,-1.0939421735563586
0.7,-3.2361713410399187,301.04365967821843,890.5180830317544,-0.1745,42.95908064130668,-7.752624208738351,0.165,0.10973385522562598,-1.0939421735563586
0.7999999999999999,-3.4414509397991826,305.3406492454027,889.7129968497475,-0.1745,42.980710702378865,-8.349099431400166,0.165,0.10973385522562598,-1.0939421735563586
0.8999999999999999,-3.5986810499244797,309.6407640716224,888.8547867387176,-0.1745,43.021585822015766,-8.815102789197027,0.165,0.10973385522562598,-1.0939421735563586
0.9999999999999999,-3.7184787362401006,313.94568455018407,887.9550969717434,-0.1745,43.076823749217496,-9.17869255028663,0.165,0.10973385522562598,-1.0939421735563586
1.0999999999999999,-3.8091654178828307,318.25666860119355,887.0230603955711,-0.1745,43.14285727097255,-9.462038973159338,0.165,0.10973385522562598,-1.0939421735563586
1.2,-3.8772483735961782,322.5746638291636,886.0658267759359,-0.1745,43.21704728842944,-9.682633419545104,0.165,0.10973385522562598,-1.0939421735563586
1.3,-3.927806104254139,326.90038725852224,885.0889828286852,-0.1745,43.297421298743025,-9.854245525468757,0.165,0.10973385522562598,-1.0939421735563586
1.4000000000000001,-3.9647951615016472,331.23438296155024,884.0968860809924,-0.1745,43.38249276181645,-9.987689428387668,0.165,0.10973385522562598,-1.0939421735563586
1.5000000000000002,-3.9912933271975515,335.5770642952586,883.0929296744434,-0.1745,43.471133912350844,-10.091438702591496,0.165,0.10973385522562598,-1.0939421735563586
1.6000000000000003,-4.009691584737865,339.92874522402457,882.079751788842,-0.1745,43.5624846629682,-10.172119009437639,0.165,0.10973385522562598,-1.0939421735563586
1.7000000000000004,-4.021845156587508,344.2896637757825,881.0594007697431,-0.1745,43.6558863721907,-10.23490137254049,0.165,0.10973385522562598,-1.0939421735563586
1.8000000000000005,-4.029191999907686,348.6599997475405,880.033464958915,-0.1745,43.75083306296883,-10.283814844020435,0.165,0.10973385522562598,-1.0939421735563586
1.9000000000000006,-4.032845549986126,353.0398881555651,879.0031745117149,-0.1745,43.84693509752337,-10.321994099982302,0.165,0.10973385522562598,-1.0939421735563586
2.0000000000000004,-4.033667161745914,357.42942950444336,877.9694810664375,-0.1745,43.94389188004169,-10.351874805565219,0.165,0.10973385522562598,-1.0939421735563586
2.1000000000000005,-4.032322596261385,361.8286976579766,876.933119961852,-0.1745,44.04147119062253,-10.375347286146521,0.165,0.10973385522562598,-1.0939421735563586
2.2000000000000006,-4.029326001080021,366.2377458898289,875.8946587435869,-0.1745,44.13949344642336,-10.393877079155327,0.165,0.10973385522562598,-1.0939421735563586
2.3000000000000007,-4.025074108959178,370.6566115451178,874.8545349251901,-0.1745,44.237819659354955,-10.408599288780662,0.165,0.10973385522562598,-1.0939421735563586
2.400000000000001,-4.019872800060635,375.0853196375405,873.813085346104,-0.1745,44.336342189099085,-10.420392292942141,0.165,0.10973385522562598,-1.0939421735563586
2.500000000000001,-4.012340951266065,379.5238856281679,872.7705689702096,-0.1745,44.4349776234479,-10.429935224945421,0.165,0.10973385522562598,-1.0939421735563586
2.600000000000001,-4.00488774979442,383.97559207841465,871.7266072997418,-0.1745,44.5991513814878,-10.449298184411967,0.8300000000000001,0.10973385522562598,-1.0939421735563586
2.700000000000001,-3.9972876227961827,388.44045028104307,870.6814707342565,-0.1745,44.69801267108019,-10.45343312529177,0.165,0.10973385522562598,-1.0939421735563586
2.800000000000001,-3.989590432970746,392.9151891479429,869.6359433601901,-0.1745,44.79676466691638,-10.45711435603644,0.165,0.10973385522562598,-1.0939421735563586
2.9000000000000012,-3.9818343603502626,397.39979701291935,868.5900649138306,-0.1745,44.89539263261319,-10.460454571154587,0.165,0.10973385522562598,-1.0939421735563586
3.0000000000000013,-3.9740485901789553,401.8942608938556,867.5438651623791,-0.1745,44.9938849861117,-10.463540457875755,0.165,0.10973385522562598,-1.0939421735563586
3.1000000000000014,-3.9662553871327626,406.39856677248287,866.497366207853,-0.1745,45.09223258643373,-10.466438632646454,0.165,0.10973385522562598,-1.0939421735563586
3.2000000000000015,-3.958471694912808,410.912699810873,865.4505842645659,-0.1745,45.190428181368354,-10.469200233094858,0.165,0.10973385522562598,-1.0939421735563586
3.3000000000000016,-3.950710369001895,415.43664451893994,864.4035310295374,-0.1745,45.288465979970205,-10.471864467476026,0.165,0.10973385522562598,-1.0939421735563586
3.4000000000000017,-3.9429811260879384,419.97038488402984,863.3562147383442,-0.1745,45.386341321828255,-10.474461356386577,0.165,0.10973385522562598,-1.0939421735563586
3.5000000000000018,-3.9352912747976565,424.51390447118797,862.3086409780689,-0.1745,45.484050421334516,-10.477013849120528,0.165,0.10973385522562598,-1.0939421735563586
3.600000000000002,-3.927646277747898,429.0671865007574,861.2608133128024,-0.1745,45.581590170053516,-10.479539456208041,0.165,0.10973385522562598,-1.0939421735563586
3.700000000000002,-3.920050183572928,433.630213908464,860.2127337645967,-0.1745,45.6789579840783,-10.482051507904785,0.165,0.10973385522562598,-1.0939421735563586
3.800000000000002,-3.9125059587921767,438.2029693919779,859.1644031830167,-0.1745,45.77615168619975,-10.48456012369474,0.165,0.10973385522562598,-1.0939421735563586
3.900000000000002,-3.3898839266030167,442.7854354470379,858.1158215288981,-0.1745,45.87316941500117,-10.4870729586767,0.165,0.10973385522562598,-1.0939421735563586
4.000000000000002,-3.510969341064105,447.37429142121334,857.1295814345762,-0.06225,45.903950068507434,-9.237728927762742,0.8300000000000001,0.10973385522562598,-1.0939421735563586
4.100000000000001,-3.600383619344198,451.96756155984457,856.1908009878136,-0.1745,45.96145270411683,-9.537880007487828,0.165,0.10973385522562598,-1.0939421735563586
4.200000000000001,-3.6658550209962026,456.5703343519626,855.2249482260218,-0.1745,46.094003138243,-9.779175228349322,0.8300000000000001,0.10973385522562598,-1.0939421735563586
4.300000000000001,-3.713755750541838,461.18507536308925,854.2380596333029,-0.1745,46.200817084290506,-9.958596626028285,0.495,0.10973385522562598,-1.0939421735563586
4.4,-3.748373111804451,465.8091388801959,853.2356104617115,-0.1745,46.28045325784245,-10.09038680579789,0.165,0.10973385522562598,-1.0939421735563586
4.5,-3.7729050205126127,470.441360098908,852.2215290910384,-0.1745,46.36397111639886,-10.191240607665058,0.165,0.10973385522562598,-1.0939421735563586
4.6,-3.7897895794221643,475.0820774921223,851.1985416548197,-0.1745,46.45037674788799,-10.26850811670882,0.165,0.10973385522562598,-1.0939421735563586
4.699999999999999,-3.8008835451551186,479.7315424394048,850.1687255113442,-0.1745,46.538922197761764,-10.327814752802151,0.165,0.10973385522562598,-1.0939421735563586
4.799999999999999,-3.807599524741172,484.38994069570947,849.1336617961147,-0.1745,46.62904292833198,-10.373459551787187,0.165,0.10973385522562598,-1.0939421735563586
4.899999999999999,-3.8110112251312223,489.057408437532,848.0945526390202,-0.1745,46.720311908118234,-10.408723590102552,0.165,0.10973385522562598,-1.0939421735563586
4.999999999999998,-3.8119340519674125,493.7340443133487,847.0523110544949,-0.1745,46.81240560821624,-10.43610810040358,0.165,0.10973385522562598,-1.0939421735563586
5.099999999999998,-3.810986737938828,498.41991852577183,846.0076297584019,-0.1745,46.905078640246444,-10.45751782145717,0.165,0.10973385522562598,-1.0939421735563586
5.1999999999999975,-3.8086384042419965,503.11507969462,844.9610337743026,-0.1745,46.998144736716775,-10.474401860530039,0.165,0.10973385522562598,-1.0939421735563586
5.299999999999997,-3.8052444570878463,507.8195600528962,843.9129205959346,-0.1745,47.09146242880659,-10.487861706829142,0.165,0.10973385522562598,-1.0939421735563586
5.399999999999997,-3.801073940048748,512.5333793857537,842.8635908145362,-0.1745,47.18492422834461,-10.498733921136907,0.165,0.10973385522562598,-1.0939421735563586
5.4999999999999964,-3.796330356607893,517.2565480190951,841.8132714509873,-0.1745,47.278448438483466,-10.507653349843006,0.165,0.10973385522562598,-1.0939421735563586
5.599999999999996,-3.791167508209411,521.9890690882539,840.7621337139379,-0.1745,47.37197294469222,-10.51510139114221,0.165,0.10973385522562598,-1.0939421735563586
5.699999999999996,-3.785701531366708,526.7309402606048,839.7103065039807,-0.1745,47.46545050232603,-10.521442808000899,0.165,0.10973385522562598,-1.0939421735563586
5.799999999999995,-3.7800200390823138,531.4821550436103,838.6578866746697,-0.1745,47.55884515778466,-10.526953778218383,0.165,0.10973385522562598,-1.0939421735563586
5.899999999999995,-3.774189058142683,536.2427037779839,837.6049468233398,-0.1745,47.65212952968826,-10.531843248381424,0.165,0.10973385522562598,-1.0939421735563586
5.999999999999995,-3.7682582900452117,541.0125743916292,836.5515412020854,-0.1745,47.7452827432171,-10.536269176706101,0.165,0.10973385522562598,-1.0939421735563586
6.099999999999994,-3.7622650979234944,545.791752971832,835.497710199327,-0.1745,47.8382888608398,-10.540350878462766,0.165,0.10973385522562598,-1.0939421735563586
6.199999999999994,-3.7562375259686753,550.5802241993946,834.4434837352954,-0.1745,47.93113569041215,-10.544178402167338,0.165,0.10973385522562598,-1.0939421735563586
6.299999999999994,-3.7501965846272194,555.3779716779248,833.3888838329084,-0.1745,48.023813880193,-10.547819645573616,0.165,0.10973385522562598,-1.0939421735563586
6.399999999999993,-3.20418968274185,560.1849781835338,832.3339265630023,-0.1745,48.116316231985905,-10.55132575254811,0.165,0.10973385522562598,-1.0939421735563586
6.499999999999993,-3.3388110984162838,564.9964506765081,831.3473417465094,-0.06225,48.11313362749921,-9.1803705773096,0.495,0.10973385522562598,-1.0939421735563586
6.5999999999999925,-3.438327035032937,569.8100539484508,830.4121158333943,-0.1745,48.15893181135642,-9.52414768499187,0.165,0.10973385522562598,-1.0939421735563586
6.699999999999992,-3.511433308498921,574.6288317154708,829.4467241381885,-0.1745,48.21662352904428,-9.783686219124338,0.165,0.10973385522562598,-1.0939421735563586
6.799999999999992,-3.5646986141175057,579.4538145634835,828.4585601425886,-0.1745,48.28303343121032,-9.97959369287436,0.165,0.10973385522562598,-1.0939421735563586
6.8999999999999915,-3.6030768183719744,584.285758717716,827.4532049722137,-0.1745,48.35584965344004,-10.127509714622068,0.165,0.10973385522562598,-1.0939421735563586
6.999999999999991,-3.630298661140883,589.125219989437,826.4348654487206,-0.1745,48.433375780980285,-10.23928075524025,0.165,0.10973385522562598,-1.0939421735563586
7.099999999999991,-3.6491702639926316,593.9726067572061,825.4067082226823,-0.1745,48.5143595744014,-10.323863765526678,0.165,0.10973385522562598,-1.0939421735563586
7.19999999999999,-3.5381207382113105,598.8282183627555,824.371114042551,-0.1745,48.59787253658498,-10.388019837098772,0.165,0.10973385522562598,-1.0939421735563586
7.29999999999999,-3.5776338187330308,603.6943022324951,823.3451715163014,-0.1495,48.723804858207444,-10.130830687892301,0.495,0.10973385522562598,-1.0939421735563586
7.39999999999999,-3.6047733331885086,608.5704947121563,822.3263413968289,-0.1745,48.8000447350155,-10.2457717015596,0.165,0.10973385522562598,-1.0939421735563586
7.499999999999989,-3.6233295328239414,613.457766074792,821.2968480827851,-0.1745,48.94538251769557,-10.34409457931553,0.8300000000000001,0.10973385522562598,-1.0939421735563586
7.599999999999989,-3.6357282914216773,618.3564358273726,820.2592676865065,-0.1745,49.0280125339175,-10.407513346257572,0.165,0.10973385522562598,-1.0939421735563586
7.699999999999989,-3.6435435729912475,623.2634604186675,819.216108040413,-0.1745,49.11247929197931,-10.455679575612349,0.165,0.10973385522562598,-1.0939421735563586
7.799999999999988,-3.6479523079105465,628.17899755046,818.1687019252513,-0.1745,49.19826334387218,-10.492442727622608,0.165,0.10973385522562598,-1.0939421735563586
7.899999999999988,-3.6498338115914573,633.1031596065224,817.118045351225,-0.1745,49.28497777737442,-10.520688752903993,0.165,0.10973385522562598,-1.0939421735563586
7.999999999999988,-3.6498445242196977,638.036025199174,816.0648819590845,-0.1745,49.37233407565876,-10.54257908990535,0.165,0.10973385522562598,-1.0939421735563586
8.099999999999987,-3.648474127778435,642.977647749744,815.0097664507125,-0.1745,49.4601169357433,-10.559731077533494,0.165,0.10973385522562598,-1.0939421735563586
8.199999999999987,-3.6460876346621687,647.9280618773321,813.9531122017281,-0.1745,49.5481656160172,-10.573353902154304,0.165,0.10973385522562598,-1.0939421735563586
8.299999999999986,-3.642956924164615,652.8872881619953,812.8952269624413,-0.1745,49.636360077248,-10.584350883583797,0.165,0.10973385522562598,-1.0939421735563586
8.399999999999986,-3.639284351614735,657.8553366989881,811.8363396015236,-0.1745,49.72461066260741,-10.593396334769103,0.165,0.10973385522562598,-1.0939421735563586
8.499999999999986,-3.6352204085394453,662.8322097521916,810.776620122272,-0.1745,49.812850401462036,-10.60099325026244,0.165,0.10973385522562598,-1.0939421735563586
8.599999999999985,-3.6308769228353315,667.8179037354788,809.7161946316633,-0.1745,49.90102926428253,-10.607516561912313,0.165,0.10973385522562598,-1.0939421735563586
8.699999999999985,-3.6258933421369037,672.8124106922721,808.6551565264054,-0.1745,49.98910987158333,-10.61324554324279,0.165,0.10973385522562598,-1.0939421735563586
8.799999999999985,-3.6207768715272195,677.8173443424781,807.5932883800251,-0.1745,50.10956313253756,-10.624117384364204,0.495,0.10973385522562598,-1.0939421735563586
8.899999999999984,-3.615690293322091,682.8326948776983,806.5306987683481,-0.1745,50.19744757186515,-10.627674849176211,0.165,0.10973385522562598,-1.0939421735563586
8.999999999999984,-3.6106363642564294,687.8568237108202,805.4677542157026,-0.1745,50.28512909057346,-10.631216203732958,0.165,0.10973385522562598,-1.0939421735563586
9.099999999999984,-3.6056170402489602,692.8897104814134,804.404455956595,-0.1745,50.372606321290434,-10.634748978419502,0.165,0.10973385522562598,-1.0939421735563586
9.199999999999983,-3.6006336834215444,697.9313347060536,803.3408045728426,-0.1745,50.45987817151143,-10.638278696629307,0.165,0.10973385522562598,-1.0939421735563586
9.299999999999983,-3.595687216072894,702.9816758024103,802.2768001685351,-0.1745,50.54694375562432,-10.641809389519775,0.165,0.10973385522562598,-1.0939421735563586
9.399999999999983,-3.590778235127593,708.0407131074005,801.2124425000806,-0.1745,50.6338023441797,-10.645343979571958,0.165,0.10973385522562598,-1.0939421735563586
9.499999999999982,-3.5859070971530453,713.108425890912,800.1477310727911,-0.1745,50.72045332604968,-10.648884566216278,0.165,0.10973385522562598,-1.0939421735563586
9.599999999999982,-3.581073981473186,718.1847933662252,799.0826652125603,-0.1745,50.80689618021337,-10.65243263839876,0.165,0.10973385522562598,-1.0939421735563586
9.699999999999982,-3.5762789369918524,723.2697946979723,798.0172441190065,-0.1745,50.89313045472843,-10.655989232678083,0.165,0.10973385522562598,-1.0939421735563586
9.799999999999981,-3.5715219169077566,728.3634090082619,796.9514669048357,-0.1745,50.97915575106339,-10.659555050738454,0.165,0.10973385522562598,-1.0939421735563586
9.89999999999998,-3.566802804434892,733.4656153814364,795.8853326249647,-0.1745,51.06497171242677,-10.663130546682494,0.165,0.10973385522562598,-1.0939421735563586
9.99999999999998,-3.562121431845534,738.5763928678114,794.8188402980388,-0.1745,51.15057801507414,-10.66671599183533,0.165,0.10973385522562598,-1.0939421735563586
10.09999999999998,-3.557477594559053,743.6957204866567,793.7519889223058,-0.1745,51.23597436183271,-10.670311522823555,0.165,0.10973385522562598,-1.0939421735563586
10.19999999999998,-3.5528710615572896,748.8235772286122,792.6847774873034,-0.1745,51.321160477276216,-10.673917177223096,0.165,0.10973385522562598,-1.0939421735563586
10.29999999999998,-3.5483015830778024,753.9599420576824,791.6172049824436,-0.1745,51.40613610412716,-10.677532919973281,0.165,0.10973385522562598,-1.0939421735563586
10.399999999999979,-3.5437688962911738,759.1047939129173,790.5492704032981,-0.1745,51.49090100057139,-10.681158662936165,0.165,0.10973385522562598,-1.0939421735563586
10.499999999999979,-3.539272729486255,764.2581117098584,789.4809727561828,-0.1745,51.57545493825049,-10.684794279370376,0.165,0.10973385522562598,-1.0939421735563586
10.599999999999978,-3.534812805151777,769.4198743418088,788.4123110614826,-0.1745,51.65979770075727,-10.68843961463433,0.165,0.10973385522562598,-1.0939421735563586
10.699999999999978,-3.530388842242149,774.590060680972,787.3432843560461,-0.1745,51.743929082504785,-10.692094494095425,0.165,0.10973385522562598,-1.0939421735563586
10.799999999999978,-3.526000557840561,779.7686495794908,786.2738916948928,-0.1745,51.827848887872236,-10.69575872897014,0.165,0.10973385522562598,-1.0939421735563586
10.899999999999977,-2.9352895604984983,784.9556198704122,785.2041321524126,-0.1745,51.91155693055618,-10.699432120632782,0.165,0.10973385522562598,-1.0939421735563586
10.999999999999977,-3.0932623395769223,790.1481960030873,784.2134757082555,-0.06225,51.939965722944876,-9.113696762510184,0.8300000000000001,0.10973385522562598,-1.0939421735563586
11.099999999999977,-3.2077565981615535,795.3433293520347,783.2807963047069,-0.1745,51.96270125600567,-9.539891308460865,0.165,0.10973385522562598,-1.0939421735563586
11.199999999999976,-3.290349953986022,800.5415751731035,782.3111182534395,-0.1745,52.00221516536921,-9.85366971688678,0.165,0.10973385522562598,-1.0939421735563586
11.299999999999976,-3.3495669698984636,805.7443706178519,781.314200130404,-0.1745,52.05369372959934,-10.084692743823869,0.165,0.10973385522562598,-1.0939421735563586
11.399999999999975,-3.391674511506947,810.9527421301208,780.2972215421846,-0.1745,52.11373651577713,-10.254879020562178,0.165,0.10973385522562598,-1.0939421735563586
11.499999999999975,-3.421273422029036,816.1674248742022,779.2654576054846,-0.1745,52.17991836585069,-10.380399713437518,0.165,0.10973385522562598,-1.0939421735563586
11.599999999999975,-3.441737416969909,821.38894566039,778.2227793166787,-0.1745,52.250497357905935,-10.47316606267932,0.165,0.10973385522562598,-1.0939421735563586
11.699999999999974,-3.4555377985161666,826.6176813187312,777.172024098837,-0.1745,52.32421580891716,-10.541938294153772,0.165,0.10973385522562598,-1.0939421735563586
11.799999999999974,-3.4644831517026087,831.8539002226374,776.1152696576493,-0.1745,52.400162269207186,-10.593150529601914,0.165,0.10973385522562598,-1.0939421735563586
11.899999999999974,-3.3368468806518576,837.0977920597594,775.0540359885822,-0.1745,52.4776744732325,-10.631522851739863,0.165,0.10973385522562598,-1.0939421735563586
11.999999999999973,-3.376638004998527,842.3502074818014,774.0074681314804,-0.1495,52.570633967607435,-10.299834290294559,0.165,0.10973385522562598,-1.0939421735563586
12.099999999999973,-3.404496417697325,847.6105565878621,772.9714859586472,-0.1745,52.63634815360847,-10.419809166369177,0.165,0.10973385522562598,-1.0939421735563586
12.199999999999973,-3.423668274800354,852.8776889412779,771.9250824164754,-0.1745,52.706298914707546,-10.508261677065535,0.165,0.10973385522562598,-1.0939421735563586
12.299999999999972,-3.4365237241517437,858.1519670435298,770.8709844605274,-0.1745,52.77926313032916,-10.573697441894131,0.165,0.10973385522562598,-1.0939421735563586
12.399999999999972,-3.444791740552129,863.4336480336273,769.8111824573809,-0.1745,52.854356671619556,-10.622342621036028,0.165,0.10973385522562598,-1.0939421735563586
12.499999999999972,-3.44973253922573,868.722912810583,768.7471278464362,-0.1745,52.9309388674943,-10.6587495978574,0.165,0.10973385522562598,-1.0939421735563586
12.599999999999971,-3.4522639658757237,874.0198869884165,767.6798781871314,-0.1745,53.008544689174855,-10.686243588239043,0.165,0.10973385522562598,-1.0939421735563586
12.69999999999997,-3.4530540285733795,879.3246560345805,766.6102034448196,-0.1745,53.08683623410523,-10.707251257998163,0.165,0.10973385522562598,-1.0939421735563586
12.79999999999997,-3.4525885663732496,884.6372762371204,765.5386637776709,-0.1745,53.1655678166951,-10.723542084976328,0.165,0.10973385522562598,-1.0939421735563586
12.89999999999997,-3.451220687436127,889.9577826652101,764.4656664052319,-0.1745,53.24456074509721,-10.736405363804199,0.165,0.10973385522562598,-1.0939421735563586
12.99999999999997,-3.4492068569413408,895.286194954612,763.3915071447494,-0.1745,53.32368504294125,-10.746779845844543,0.165,0.10973385522562598,-1.0939421735563586
13.09999999999997,-3.4467332192236104,900.6225215156155,762.3164007232959,-0.1745,53.402846177128794,-10.755348583225839,0.165,0.10973385522562598,-1.0939421735563586
13.199999999999969,-3.443934782944478,905.9667625948657,761.2405028816855,-0.1745,53.48197540787589,-10.762608248983415,0.165,0.10973385522562598,-1.0939421735563586
13.299999999999969,-3.4409093948835885,911.3189125035958,760.1639264813195,-0.1745,53.561022766725756,-10.768919758335706,0.165,0.10973385522562598,-1.0939421735563586
13.399999999999968,-3.437727911339044,916.6789612391638,759.0867532331029,-0.1745,53.63995194463327,-10.774545205997555,0.165,0.10973385522562598,-1.0939421735563586
13.499999999999968,-3.4344415971682007,922.0468956648936,758.0090422328539,-0.1745,53.7187365699628,-10.779674798981311,0.165,0.10973385522562598,-1.0939421735563586
13.599999999999968,-2.8226238448732595,927.4227003683216,756.9308361688455,-0.1745,53.79735749859819,-10.78444648118418,0.165,0.10973385522562598,-1.0939421735563586
13.699999999999967,-2.9929461526341257,932.8037936929645,755.9373406286061,-0.06225,53.82450899426016,-9.085464323604182,0.8300000000000001,0.10973385522562598,-1.0939421735563586
13.799999999999967,-3.115082152140216,938.1867329998256,755.0051770075553,-0.1745,53.83427714296073,-9.557808097410684,0.165,0.10973385522562598,-1.0939421735563586
13.899999999999967,-3.2023088815429412,943.5716347238995,754.0322306967813,-0.1745,53.863757338516734,-9.901118118069625,0.165,0.10973385522562598,-1.0939421735563586
13.999999999999966,-3.2642762572617072,948.9601775410098,753.0296412260137,-0.1745,53.90709900368835,-10.150671297282065,0.165,0.10973385522562598,-1.0939421735563586
14.099999999999966,-3.307987424226938,954.353544105889,752.0054982824352,-0.1745,53.9602322938968,-10.332187574288886,0.165,0.10973385522562598,-1.0939421735563586
14.199999999999966,-3.338517983646239,959.7525705256588,750.9656692981104,-0.1745,54.02029610150068,-10.464392112207973,0.165,0.10973385522562598,-1.0939421735563586
14.299999999999965,-3.3595422856908197,965.1578485033125,749.9144048592008,-0.1745,54.085263451572146,-10.560896665983883,0.165,0.10973385522562598,-1.0939421735563586
14.399999999999965,-3.3732364360125495,970.5697961895307,748.8547809417179,-0.1745,54.15369027279176,-10.631581683674902,0.165,0.10973385522562598,-1.0939421735563586
14.499999999999964,-3.3816596027378325,975.991982392097,747.7884440886846,-0.1745,54.29003377853462,-10.695155376990435,0.8300000000000001,0.10973385522562598,-1.0939421735563586
14.599999999999964,-3.3867739127187964,981.4246194284736,746.7171142726903,-0.1745,54.362706948997165,-10.731440942895775,0.165,0.10973385522562598,-1.0939421735563586
14.699999999999964,-3.389514923716113,986.8645770585665,745.6426104922562,-0.1745,54.436445652860364,-10.758634665786232,0.165,0.10973385522562598,-1.0939421735563586
14.799999999999963,-3.39055676389438,992.3119439040003,744.5657149097353,-0.1745,54.510891255814784,-10.779276984629153,0.165,0.10973385522562598,-1.0939421735563586
14.899999999999963,-3.3903848623151065,997.7667777488003,743.486990978328,-0.1745,54.58578564018653,-10.795201643517855,0.165,0.10973385522562598,-1.0939421735563586
14.999999999999963,-3.3893485414430558,1003.2291141798714,742.406844329909,-0.1745,54.660942981234264,-10.807731324862194,0.165,0.10973385522562598,-1.0939421735563586
15.099999999999962,-3.387699016298735,1008.6989728037577,741.3255667919182,-0.1745,54.73622949649116,-10.817819434953666,0.165,0.10973385522562598,-1.0939421735563586
15.199999999999962,-3.385616829119291,1014.1763617229451,740.2433681823776,-0.1745,54.81154888725791,-10.826152755857864,0.165,0.10973385522562598,-1.0939421735563586
15.299999999999962,-3.383231642974003,1019.6612807602551,739.1603992597433,-0.1745,54.88683185894092,-10.833225696829572,0.165,0.10973385522562598,-1.0939421735563586
15.399999999999961,-3.380636513218578,1025.153723781786,738.0767682769538,-0.1745,54.9620285716807,-10.839393958959576,0.165,0.10973385522562598,-1.0939421735563586
15.499999999999961,-3.377898171016565,1030.6536803703573,736.9925529144007,-0.1745,55.03710319974195,-10.844913292102772,0.165,0.10973385522562598,-1.0939421735563586
15.59999999999996,-2.7512210085214135,1036.1611370308497,735.907808876491,-0.1745,55.11203001010778,-10.84996746609042,0.165,0.10973385522562598,-1.0939421735563586
15.69999999999996,-2.9302590322310156,1041.6736465306622,734.9118503483589,-0.06225,55.13815998614372,-9.069203096549748,0.8300000000000001,0.10973385522562598,-1.0939421735563586
15.79999999999996,-3.057653356294825,1047.1874718160243,733.9796210075091,-0.1745,55.138345721100976,-9.575383720447515,0.165,0.10973385522562598,-1.0939421735563586
15.89999999999996,-3.147968536361695,1052.7024135241384,733.0038548546396,-0.1745,55.160488441180235,-9.939939336942864,0.165,0.10973385522562598,-1.0939421735563586
15.99999999999996,-3.2116935405942852,1058.2203339100668,731.996731109987,-0.1745,55.19791927738884,-10.20253555611039,0.165,0.10973385522562598,-1.0939421735563586
16.09999999999996,-3.2563711993253444,1063.7425323341872,730.9670134477486,-0.1745,55.246049205019204,-10.39181768865563,0.165,0.10973385522562598,-1.0939421735563586
16.19999999999996,-3.2874187024369617,1069.2699190268581,729.9210002774025,-0.1745,55.301684648399345,-10.528445718265996,0.165,0.10973385522562598,-1.0939421735563586
16.29999999999996,-3.3087222419971187,1074.8031325029697,728.8632130603614,-0.1745,55.36258487383138,-10.62729862255501,0.165,0.10973385522562598,-1.0939421735563586
16.399999999999963,-3.3226708756273338,1080.34262016893,727.7968942725628,-0.1745,55.42716844537409,-10.699077133419047,0.165,0.10973385522562598,-1.0939421735563586
16.499999999999964,-3.331245762755222,1085.891968826879,726.7237897684821,-0.1745,55.55980471361115,-10.763012948194481,0.8300000000000001,0.10973385522562598,-1.0939421735563586
16.599999999999966,-3.3365167729852896,1091.451401395389,725.6456762595607,-0.1745,55.62884665658842,-10.799257230233163,0.165,0.10973385522562598,-1.0939421735563586
16.699999999999967,-3.3394382659706654,1097.0177935605411,724.5644023184296,-0.1745,55.698996646453665,-10.82622159238667,0.165,0.10973385522562598,-1.0939421735563586
16.79999999999997,-3.3406917928195923,1102.5912371969434,723.4807633381876,-0.1745,55.769876081594546,-10.846558012455397,0.165,0.10973385522562598,-1.0939421735563586
16.89999999999997,-3.340763769674213,1108.1717917481806,722.395327264795,-0.1745,55.84121494314851,-10.86216345539482,0.165,0.10973385522562598,-1.0939421735563586
16.99999999999997,-3.3400011305271358,1113.759493525602,721.3084993976248,-0.1745,55.91282060528247,-10.874393888009445,0.165,0.10973385522562598,-1.0939421735563586
17.099999999999973,-3.3386511708707767,1119.3543623386342,720.2205688062827,-0.1745,55.984555655363934,-10.884217938832949,0.165,0.10973385522562598,-1.0939421735563586
17.199999999999974,-3.3368900526893426,1124.956406225942,719.1317415536122,-0.1745,56.05632209079116,-10.892327114577887,0.165,0.10973385522562598,-1.0939421735563586
17.299999999999976,-3.3348431840625246,1130.5656248327434,718.0421644585234,-0.1745,56.12805004524033,-10.899214787198643,0.165,0.10973385522562598,-1.0939421735563586
17.399999999999977,-3.3325997804726026,1136.1820118220157,716.9519420813369,-0.1745,56.19968974020468,-10.905232756531795,0.165,0.10973385522562598,-1.0939421735563586
17.49999999999998,-3.3302232627374586,1141.8055565958737,715.8611488571969,-0.1745,56.27120573695355,-10.910631726269607,0.165,0.10973385522562598,-1.0939421735563586
17.59999999999998,-3.3277586777053356,1147.4362455242679,714.7698377584121,-0.1745,56.34257283093168,-10.915590249425938,0.165,0.10973385522562598,-1.0939421735563586
17.69999999999998,-3.325237991225503,1153.0740628217893,713.6780464751796,-0.1745,56.413773119497485,-10.920235415223917,0.165,0.10973385522562598,-1.0939421735563586
17.799999999999983,-3.322683861406337,1158.7189911731691,712.585801823171,-0.1745,56.48479390809708,-10.924657624949347,0.165,0.10973385522562598,-1.0939421735563586
17.899999999999984,-3.1761047079059552,1164.3710121793529,711.493122884937,-0.1745,56.555626215579636,-10.928921139731884,0.165,0.10973385522562598,-1.0939421735563586
17.999999999999986,-3.215884741183869,1170.032816184163,710.4206357144363,-0.1495,56.680453880625684,-10.52082227028114,0.495,0.10973385522562598,-1.0939421735563586
18.099999999999987,-3.243259314136198,1175.703509717251,709.3623170529422,-0.1745,56.73341678113764,-10.645550959601414,0.165,0.10973385522562598,-1.0939421735563586
18.19999999999999,-3.261855648925598,1181.3797469589317,708.2932892167206,-0.1745,56.79132805247682,-10.735005764831456,0.165,0.10973385522562598,-1.0939421735563586
18.29999999999999,-3.2742463491461953,1187.0619465520122,707.2165668999967,-0.1745,56.85266380913363,-10.799440569646192,0.165,0.10973385522562598,-1.0939421735563586
18.39999999999999,-3.137706277829598,1192.7503974316699,706.1342877491553,-0.1745,56.91635378402047,-10.846142447180465,0.165,0.10973385522562598,-1.0939421735563586
18.499999999999993,-3.1857788107473466,1198.4464692187394,705.0690624290618,-0.1495,57.005081957370244,-10.458363954689066,0.165,0.10973385522562598,-1.0939421735563586
18.599999999999994,-3.218967978076925,1204.149398499126,704.015785016263,-0.1745,57.05350365035983,-10.607184301287186,0.165,0.10973385522562598,-1.0939421735563586
18.699999999999996,-2.5953445458537083,1209.8574726603044,702.9497518181357,-0.1745,57.10797957321211,-10.713479661258077,0.165,0.10973385522562598,-1.0939421735563586
18.799999999999997,-2.300070683705294,1215.5679299538795,701.9702040539719,-0.06225,57.10116629829006,-8.877475622019547,0.495,0.10973385522562598,-1.0939421735563586
18.9,-2.5969607569976345,1221.2823492678083,701.1249984305553,-0.08725,57.187219980287146,-8.026636846313453,0.8300000000000001,0.10973385522562598,-1.0939421735563586
19.0,-2.806316548708642,1226.9978482419697,700.2795324253916,-0.1745,57.12275950293987,-8.88268325695863,0.165,0.10973385522562598,-1.0939421735563586
19.1,-2.953588243239194,1232.7089792689248,699.3608626881445,-0.1745,57.0998610361634,-9.490711487983571,0.165,0.10973385522562598,-1.0939421735563586
19.200000000000003,-3.0568804384032804,1238.4192278858527,698.3902005451494,-0.1745,57.10511130239533,-9.922531371918277,0.165,0.10973385522562598,-1.0939421735563586
19.300000000000004,-3.129054425314117,1244.1309649133548,697.382611872886,-0.1745,57.12962924764827,-10.229242073349521,0.165,0.10973385522562598,-1.0939421735563586
19.400000000000006,-3.1792338871179076,1249.8458176550043,696.3487888504862,-0.1745,57.167425585344986,-10.447218374645136,0.165,0.10973385522562598,-1.0939421735563586
19.500000000000007,-3.2138828152061336,1255.5649092710937,695.2963114418751,-0.1745,57.21440673644282,-10.602329797578134,0.165,0.10973385522562598,-1.0939421735563586
19.60000000000001,-3.2375757296389374,1261.2890169915095,694.2305474244262,-0.1745,57.267747671872016,-10.712950551401692,0.165,0.10973385522562598,-1.0939421735563586
19.70000000000001,-3.2535468429588477,1267.0186786446795,693.1552942008854,-0.1745,57.32548539153158,-10.79211391941446,0.165,0.10973385522562598,-1.0939421735563586
19.80000000000001,-3.264080819975491,1272.7542653810578,692.0732358259394,-0.1745,57.38624933603359,-10.84905357950422,0.165,0.10973385522562598,-1.0939421735563586
19.900000000000013,-3.2707903398408322,1278.4960318201456,690.9862679283499,-0.1745,57.44907944571969,-10.890304372286096,0.165,0.10973385522562598,-1.0939421735563586
20.000000000000014,-3.2746633234627627,1284.2441508797435,689.8957283674898,-0.1745,57.51330174623677,-10.92048684491422,0.165,0.10973385522562598,-1.0939421735563586
20.100000000000016,-3.2764147117254687,1290.000363031615,688.8022742913415,-0.1745,57.61094129119346,-10.948594678052562,0.495,0.10973385522562598,-1.0939421735563586
20.200000000000017,-3.276963174638344,1295.7647465851153,687.7066279270817,-0.1745,57.67672977880923,-10.964332607143907,0.165,0.10973385522562598,-1.0939421735563586
20.30000000000002,-3.27667189459775,1301.535724091996,686.6095846230688,-0.1745,57.74282035880409,-10.97653347311343,0.165,0.10973385522562598,-1.0939421735563586
20.40000000000002,-3.2757963727260266,1307.3133182209508,685.5114457209183,-0.1745,57.80906222029208,-10.986244569896968,0.165,0.10973385522562598,-1.0939421735563586
20.50000000000002,-3.274516250972045,1313.097538795075,684.412423308125,-0.1745,57.8753492621914,-10.994203685971197,0.165,0.10973385522562598,-1.0939421735563586
20.600000000000023,-3.272957759194519,1318.8883866019642,683.3126666097698,-0.1745,57.94160687559079,-11.000930281130808,0.165,0.10973385522562598,-1.0939421735563586
20.700000000000024,-3.2712095399322867,1324.68585607747,682.2122806010015,-0.1745,58.0077826345226,-11.006789894237308,0.165,0.10973385522562598,-1.0939421735563586
20.800000000000026,-3.269333798359808,1330.4899371960385,681.1113391257267,-0.1745,58.07383973684798,-11.012039611258311,0.165,0.10973385522562598,-1.0939421735563586
20.900000000000027,-3.2673741542017365,1336.3006168019917,680.0098941379936,-0.1745,58.13975238221772,-11.0168601434028,0.165,0.10973385522562598,-1.0939421735563586
21.00000000000003,-3.265361168241398,1342.1178795468638,678.9079822085482,-0.1745,58.20550251522203,-11.021378445504016,0.165,0.10973385522562598,-1.0939421735563586
21.10000000000003,-3.1152652911954544,1347.9417085491714,677.8056291034981,-0.1745,58.271077530928736,-11.02568365549933,0.165,0.10973385522562598,-1.0939421735563586
21.20000000000003,-3.15839574717047,1353.7733440147292,676.7249553710966,-0.1495,58.36163178022657,-10.587790992530744,0.165,0.10973385522562598,-1.0939421735563586
21.300000000000033,-3.1879033862677697,1359.611800069886,675.6593506378922,-0.1745,58.40748932290593,-10.724303671556767,0.165,0.10973385522562598,-1.0939421735563586
21.400000000000034,-3.207884457760989,1365.4551271677312,674.5820872389853,-0.1745,58.45905263399825,-10.82096430658206,0.165,0.10973385522562598,-1.0939421735563586
21.500000000000036,-3.221209385532389,1371.3038059980593,673.4965541992829,-0.1745,58.514523972560184,-10.889696487466193,0.165,0.10973385522562598,-1.0939421735563586
21.600000000000037,-3.229888042931442,1377.1581650402284,672.4051258288446,-0.1745,58.57265687082308,-10.93887092129983,0.165,0.10973385522562598,-1.0939421735563586
21.70000000000004,-3.2353267685358222,1383.018427116481,671.3094643598494,-0.1745,58.632584654230826,-10.974358458603913,0.165,0.10973385522562598,-1.0939421735563586
21.80000000000004,-3.2385089740393647,1388.8847415303292,670.2107327759787,-0.1745,58.6937036227311,-11.000273218808156,0.165,0.10973385522562598,-1.0939421735563586
21.90000000000004,-3.2401219224031816,1394.7572063510568,669.1097443086528,-0.1745,58.75559279182065,-11.019496127711163,0.165,0.10973385522562598,-1.0939421735563586
22.000000000000043,-3.2406456388557507,1400.6358839116597,668.0070673411434,-0.1745,58.81795842023761,-11.0340432224767,0.165,0.10973385522562598,-1.0939421735563586
22.100000000000044,-3.2404152160834574,1406.5208116081728,666.9030989580223,-0.1745,58.88059551002618,-11.045324439946391,0.165,0.10973385522562598,-1.0939421735563586
22.200000000000045,-3.2396644447410763,1412.412009434227,665.7981164725358,-0.1745,58.94336101105531,-11.054325269783845,0.165,0.10973385522562598,-1.0939421735563586
22.300000000000047,-3.2385563473552987,1418.3094852416489,664.6923135013593,-0.1745,59.00615513738292,-11.061734153745611,0.165,0.10973385522562598,-1.0939421735563586
22.40000000000005,-3.2372045343705564,1424.2132384147562,663.58582520528,-0.1745,59.068908324765985,-11.068031767841472,0.165,0.10973385522562598,-1.0939421735563586
22.50000000000005,-3.085109695698492,1430.1232624369973,662.478745939396,-0.1745,59.13157212005272,-11.073553549838481,0.165,0.10973385522562598,-1.0939421735563586
22.60000000000005,-3.1296779902790095,1436.0425304612668,661.3936358557413,-0.1495,59.253788365339545,-10.628648123257364,0.495,0.10973385522562598,-1.0939421735563586
22.700000000000053,-3.1600551543821345,1441.9700137800537,660.323671719294,-0.1745,59.29587801039788,-10.770634605687928,0.165,0.10973385522562598,-1.0939421735563586
22.800000000000054,-3.1805712215495547,1447.9020105928435,659.2416156774439,-0.1745,59.34405824539678,-10.870486231314956,0.165,0.10973385522562598,-1.0939421735563586
22.900000000000055,-3.1942408244035314,1453.8390328264911,658.1510413408735,-0.1745,59.396386427555264,-10.941000500092425,0.165,0.10973385522562598,-1.0939421735563586
23.000000000000057,-3.0517856128814627,1459.7814283860437,657.0544361781117,-0.1745,59.45152476349634,-10.991102755141943,0.165,0.10973385522562598,-1.0939421735563586
23.10000000000006,-3.1040615872753885,1465.7325089452502,655.9762433364268,-0.1495,59.57008642063592,-10.572754078556324,0.495,0.10973385522562598,-1.0939421735563586
23.20000000000006,-3.139733975674111,1471.6913939249037,654.9106960543336,-0.1745,59.60761317243469,-10.738191563307453,0.165,0.10973385522562598,-1.0939421735563586
23.30000000000006,-3.1638924413532483,1477.6543936616054,653.8310814742526,-0.1745,59.65238156159815,-10.854100038311953,0.165,0.10973385522562598,-1.0939421735563586
23.400000000000063,-3.1800730847646355,1483.622116580958,652.7415967059474,-0.1745,59.70207682545268,-10.935595327793807,0.165,0.10973385522562598,-1.0939421735563586
23.500000000000064,-3.19073070606401,1489.5949759910366,651.6451570348432,-0.1745,59.75511137612061,-10.993198094289236,0.165,0.10973385522562598,-1.0939421735563586
23.600000000000065,-3.197568264825132,1495.5732511864385,650.5437859511815,-0.1745,59.81039253191567,-11.034223578946387,0.165,0.10973385522562598,-1.0939421735563586
23.700000000000067,-3.2017664055288493,1501.5571291383674,649.4388870771733,-0.1745,59.86716650666062,-11.063753901217018,0.165,0.10973385522562598,-1.0939421735563586
23.800000000000068,-3.20414318168401,1507.5467330914257,648.3314335251174,-0.1745,59.924912554508246,-11.085317139899676,0.165,0.10973385522562598,-1.0939421735563586
23.90000000000007,-3.2052651015044824,1513.5421422506743,647.2220996221885,-0.1745,59.98327063046373,-11.10136091867959,0.165,0.10973385522562598,-1.0939421735563586
24.00000000000007,-3.2055242689070784,1519.5434053676663,646.1113524627063,-0.1745,60.0419917093756,-11.113582270961798,0.165,0.10973385522562598,-1.0939421735563586
24.100000000000072,-3.2051919343089974,1525.5505501307039,644.999515491063,-0.1745,60.100903551374195,-11.12315716190599,0.165,0.10973385522562598,-1.0939421735563586
24.200000000000074,-3.2044556460882534,1531.5635896612155,643.8868126303631,-0.1745,60.1598870588586,-11.13090005209096,0.165,0.10973385522562598,-1.0939421735563586
24.300000000000075,-3.20344501011939,1537.582527010416,642.7733988906143,-0.1745,60.21885992515053,-11.137374742884964,0.165,0.10973385522562598,-1.0939421735563586
24.400000000000077,-3.2022495410233462,1543.6073582724978,641.659381587105,-0.1745,60.277765316483425,-11.14297132729969,0.165,0.10973385522562598,-1.0939421735563586
24.500000000000078,-3.200931026742654,1549.6380747400447,640.5448350418064,-0.1745,60.33656403445492,-11.147959578671522,0.165,0.10973385522562598,-1.0939421735563586
24.60000000000008,-3.1995320886231915,1555.6746643961537,639.4298107643058,-0.1745,60.39522908772737,-11.152525971341484,0.165,0.10973385522562598,-1.0939421735563586
24.70000000000008,-3.198082104807755,1561.717112947163,638.3143444988352,-0.1745,60.45374193246092,-11.156799338070792,0.165,0.10973385522562598,-1.0939421735563586
24.800000000000082,-3.196601307193129,1567.7654045372306,637.1984610997719,-0.1745,60.512089868889916,-11.1608686431975,0.165,0.10973385522562598,-1.0939421735563586
24.900000000000084,-3.195103613822537,1573.8195222426225,636.0821779031951,-0.1745,60.57026423894692,-11.164795288337386,0.165,0.10973385522562598,-1.0939421735563586
25.000000000000085,-3.1935985861472065,1579.879448413512,634.9655070573516,-0.1745,60.62825917884323,-11.16862162853312,0.165,0.10973385522562598,-1.0939421735563586
25.100000000000087,-3.191932827944565,1585.9451649102557,633.8484571327691,-0.1745,60.68607075603476,-11.172376863116899,0.165,0.10973385522562598,-1.0939421735563586
25.200000000000088,-3.1896887037802846,1592.0199277714623,632.7304569617997,-0.1745,60.80918646809909,-11.18762655627119,0.8300000000000001,0.10973385522562598,-1.0939421735563586
25.30000000000009,-3.1876890972327,1598.1037242549983,631.6116270809982,-0.1745,60.866743202620796,-11.188971059759307,0.165,0.10973385522562598,-1.0939421735563586
25.40000000000009,-3.185861547789835,1604.1932616613328,630.4926278611629,-0.1745,60.92400492406975,-11.191013336947833,0.165,0.10973385522562598,-1.0939421735563586
25.500000000000092,-3.1841562289259877,1610.2885121268378,629.3734005411119,-0.1745,60.98100438602914,-11.193533064072025,0.165,0.10973385522562598,-1.0939421735563586
25.600000000000094,-3.18246683142191,1616.389450558648,628.253904954455,-0.1745,61.03776425017201,-11.196378669064039,0.165,0.10973385522562598,-1.0939421735563586
25.700000000000095,-3.1805474190169427,1622.4976787246285,627.1338272591416,-0.1745,61.12679906943846,-11.205175237204507,0.495,0.10973385522562598,-1.0939421735563586
25.800000000000097,-3.1787942399639806,1628.613177703453,626.0132065255707,-0.1745,61.183180507048675,-11.207239434214092,0.165,0.10973385522562598,-1.0939421735563586
25.900000000000098,-3.1771589682031998,1634.7343019003856,624.8923562374563,-0.1745,61.23930343160396,-11.209766328074732,0.165,0.10973385522562598,-1.0939421735563586
26.0000000000001,-3.1756084426656903,1640.8610265705668,623.7712375068602,-0.1745,61.29518997201872,-11.212608283847409,0.165,0.10973385522562598,-1.0939421735563586
26.1000000000001,-3.174119909616758,1646.9933288413206,622.6498238940403,-0.1745,61.350855443059935,-11.215663972549033,0.165,0.10973385522562598,-1.0939421735563586
26.200000000000102,-3.1726777547020637,1653.1311871373,621.5280975017916,-0.1745,61.406310476527715,-11.218863872423368,0.165,0.10973385522562598,-1.0939421735563586
26.300000000000104,-3.1712712591770886,1659.2745807855067,620.4060462931271,-0.1745,61.461562487608326,-11.222160300867136,0.165,0.10973385522562598,-1.0939421735563586
26.400000000000105,-3.169893059980802,1665.4234897440494,619.2836622498804,-0.1745,61.51661668324756,-11.225520564067399,0.165,0.10973385522562598,-1.0939421735563586
26.500000000000107,-3.16853809330704,1671.5778944159733,618.1609401091179,-0.1745,61.57147675523106,-11.228922251183638,0.165,0.10973385522562598,-1.0939421735563586
26.600000000000108,-3.1672028701700476,1677.7377755215512,617.0378764964054,-0.1745,61.626145356324976,-11.232350003065335,0.165,0.10973385522562598,-1.0939421735563586
26.70000000000011,-3.165884979838377,1683.9031140107288,615.9144693315321,-0.1745,61.680624427227144,-11.235793294400466,0.165,0.10973385522562598,-1.0939421735563586
26.80000000000011,-2.4652974267157726,1690.0738910031387,614.7907174212075,-0.1745,61.734915420970935,-11.239244912090554,0.165,0.10973385522562598,-1.0939421735563586
26.900000000000112,-2.6904048340858773,1696.2450376785876,613.7782813218396,-0.06225,61.68801808800798,-9.009477075268848,0.165,0.10973385522562598,-1.0939421735563586
27.000000000000114,-2.844013734460117,1702.4110970955564,612.8423390081641,-0.1745,61.63317025136776,-9.709369198240644,0.165,0.10973385522562598,-1.0939421735563586
27.100000000000115,-2.948736655838026,1708.5734759503343,611.8473681409691,-0.1745,61.61440684418901,-10.190048145658535,0.165,0.10973385522562598,-1.0939421735563586
27.200000000000117,-3.0190597262639267,1714.7384464238748,610.8112752835076,-0.1745,61.68500262662275,-10.531809003571235,0.8300000000000001,0.10973385522562598,-1.0939421735563586
27.300000000000118,-3.06664635303451,1720.908002133335,609.7468477357872,-0.1745,61.70611156258258,-10.756741950835863,0.165,0.10973385522562598,-1.0939421735563586
27.40000000000012,-3.0987006501784298,1727.0801977326425,608.6634335320736,-0.1745,61.73780042356797,-10.911542123438247,0.165,0.10973385522562598,-1.0939421735563586
27.50000000000012,-3.1201522152817285,1733.2559171463026,607.5669388742666,-0.1745,61.776587849631674,-11.018351032699735,0.165,0.10973385522562598,-1.0939421735563586
27.600000000000122,-3.1343715059865564,1739.435753162408,606.4614040766862,-0.1745,61.82013247247707,-11.092344918908648,0.165,0.10973385522562598,-1.0939421735563586
27.700000000000124,-3.1436613476542363,1745.6201023789567,605.3495910522332,-0.1745,61.86685185849703,-11.143915570151991,0.165,0.10973385522562598,-1.0939421735563586
27.800000000000125,-3.1495941463232247,1751.8092286231133,604.2333866474244,-0.1745,61.91567302463616,-11.180172526024759,0.165,0.10973385522562598,-1.0939421735563586
27.900000000000126,-3.1532429685972616,1758.0033056198738,603.114079213258,-0.1745,61.965866910574924,-11.205976157302064,0.165,0.10973385522562598,-1.0939421735563586
28.000000000000128,-3.1553397375670382,1764.2024458413634,601.9925480525826,-0.1745,62.01693751921684,-11.224647056206896,0.165,0.10973385522562598,-1.0939421735563586
28.10000000000013,-3.156383444690566,1770.4067200766792,600.8693930730726,-0.1745,62.06854718709809,-11.238452533993344,0.165,0.10973385522562598,-1.0939421735563586
28.20000000000013,-3.1252352484766464,1776.616170735412,599.745023451072,-0.1745,62.120465987555946,-11.248939906018157,0.165,0.20015300296922683,-0.7897913145215625
28.300000000000132,-3.1037102518430104,1782.8315531091569,598.6246380492078,-0.1745,62.187181487343935,-11.158768131268104,0.165,0.20015300296922683,-0.7897913145215625
28.400000000000134,-3.088732366392965,1789.053379043103,597.5117725141963,-0.1745,62.24933719157567,-11.098542568960397,0.165,0.20015300296922683,-0.7897913145215625
28.500000000000135,-3.0782087396950026,1795.2812617336242,596.403910930595,-0.1745,62.308316618851244,-11.058689103066234,0.165,0.20015300296922683,-0.7897913145215625
28.600000000000136,-3.070715705357363,1801.514931061506,595.2993419031193,-0.1745,62.36506993878663,-11.032691446447844,0.165,0.20015300296922683,-0.7897913145215625
28.700000000000138,-3.0652850395228453,1807.7541969550966,594.1969016038728,-0.1745,62.420247933022054,-11.016114538482165,0.165,0.20015300296922683,-0.7897913145215625
28.80000000000014,-3.0612584461265397,1813.9989241254927,593.095798864503,-0.1745,62.474295474900345,-11.00594024891482,0.165,0.20015300296922683,-0.7897913145215625
28.90000000000014,-3.058188487284432,1820.2490147126448,591.9954960942566,-0.1745,62.527516268138406,-11.00011515601256,0.165,0.20015300296922683,-0.7897913145215625
29.000000000000142,-3.0557711415833557,1826.5043963985463,590.8956282073405,-0.1745,62.580117449894004,-10.997242582310433,0.165,0.20015300296922683,-0.7897913145215625
29.100000000000144,-3.0537999023488904,1832.765014281579,589.7959474357457,-0.1745,62.632240210758404,-10.996372849585873,0.165,0.20015300296922683,-0.7897913145215625
29.200000000000145,-3.052144580806732,1839.0308253302112,588.696285771353,-0.1745,62.68398076188592,-10.99686043826795,0.165,0.20015300296922683,-0.7897913145215625
29.300000000000146,-3.0503538191622708,1845.3034195438197,587.5962429470553,-0.1745,62.76790351028382,-11.003996047685426,0.495,0.20015300296922683,-0.7897913145215625
29.400000000000148,-3.0480823296843806,1851.5860448123472,586.4952225452269,-0.1745,62.88460186026521,-11.016411988882805,0.8300000000000001,0.20015300296922683,-0.7897913145215625
29.50000000000015,-3.046231410987544,1857.8770562478983,585.393614905159,-0.1745,62.935626850757465,-11.015740812475457,0.165,0.20015300296922683,-0.7897913145215625
29.60000000000015,-3.0446683002646795,1864.173151717019,584.2920101529985,-0.1745,62.986282531654886,-11.01635423073382,0.165,0.20015300296922683,-0.7897913145215625
29.700000000000152,-3.043303079999637,1870.474297414848,583.1903006942194,-0.1745,63.036631424926576,-11.017834944846852,0.165,0.20015300296922683,-0.7897913145215625
29.800000000000153,-3.042074866976154,1876.780464789193,582.0884139388353,-0.1745,63.08671606197513,-11.019900162836999,0.165,0.20015300296922683,-0.7897913145215625
29.900000000000155,-3.040942446008203,1883.0916288625388,580.9863010150401,-0.1745,63.13656540493897,-11.022358313066437,0.165,0.20015300296922683,-0.7897913145215625
30.000000000000156,-3.039877920262896,1889.4077670933139,579.8839291161026,-0.1745,63.18619921056169,-11.025079665683643,0.165,0.20015300296922683,-0.7897913145215625
30.100000000000158,-3.038862408207345,1895.728858603534,578.7812763128011,-0.1745,63.23563099384001,-11.027976400347434,0.165,0.20015300296922683,-0.7897913145215625
30.20000000000016,-3.037883128599206,1902.054883655204,577.6783280383943,-0.1745,63.28487003956093,-11.03098908778917,0.165,0.20015300296922683,-0.7897913145215625
30.30000000000016,-3.0369314265177194,1908.385823295527,576.5750747077677,-0.1745,63.333922766895526,-11.03407752474173,0.165,0.20015300296922683,-0.7897913145215625
30.400000000000162,-3.0360014371460005,1914.7216591166055,575.4715101053988,-0.1745,63.38279365467456,-11.037214522636033,0.165,0.20015300296922683,-0.7897913145215625
30.500000000000163,-3.035089181600159,1921.0623730927641,574.3676302942822,-0.1745,63.43148586849826,-11.040381699695295,0.165,0.20015300296922683,-0.7897913145215625
30.600000000000165,-3.0341919553393835,1927.4079474704681,573.263432877731,-0.1745,63.48000168557993,-11.043566631328252,0.165,0.20015300296922683,-0.7897913145215625
30.700000000000166,-3.0333079146360156,1933.7583646938692,572.1589165001097,-0.1745,63.52834278244126,-11.046760921097755,0.165,0.20015300296922683,-0.7897913145215625
30.800000000000168,-3.0324357970696942,1940.113607354474,571.0540805092867,-0.1745,63.57651042965344,-11.049958895364318,0.165,0.20015300296922683,-0.7897913145215625
30.90000000000017,-3.031574732679139,1946.473658157137,569.9489247285036,-0.1745,63.624505623603625,-11.053156720298466,0.165,0.20015300296922683,-0.7897913145215625
31.00000000000017,-3.0307241164141114,1952.8384998970978,568.8434493022474,-0.1745,63.6723291756146,-11.056351804823118,0.165,0.20015300296922683,-0.7897913145215625
31.100000000000172,-3.029883522021229,1959.2081154444884,567.737654592154,-0.1745,63.71998177219536,-11.0595423970477,0.165,0.20015300296922683,-0.7897913145215625
31.200000000000173,-3.029052643925092,1965.582487733886,566.631541106722,-0.1745,63.7674640157569,-11.062727311590239,0.165,0.20015300296922683,-0.7897913145215625
31.300000000000175,-3.028231258017721,1971.9615997572796,565.5251094538722,-0.1745,63.81477645211459,-11.065905745405372,0.165,0.20015300296922683,-0.7897913145215625
31.400000000000176,-3.0274191952140543,1978.3454345593382,564.4183603089301,-0.1745,63.861919589056384,-11.069077153437073,0.165,0.20015300296922683,-0.7897913145215625
31.500000000000178,-3.0266163236233483,1984.7339752342345,563.3112943930236,-0.1745,63.90889390887257,-11.072241164693997,0.165,0.20015300296922683,-0.7897913145215625
31.60000000000018,-3.0258225365333113,1991.1272049235185,562.2039124585075,-0.1745,63.955699876805866,-11.075397525627542,0.165,0.20015300296922683,-0.7897913145215625
31.70000000000018,-3.0250377443143943,1997.525106814696,561.096215279129,-0.1745,64.00233794674618,-11.078546061944037,0.165,0.20015300296922683,-0.7897913145215625
31.800000000000182,-3.0242618689668808,2003.9276641402867,559.9882036433888,-0.1745,64.04880856506536,-11.081686652858608,0.165,0.20015300296922683,-0.7897913145215625
31.900000000000183,-3.0234948404489708,2010.3348601771997,558.8798783500588,-0.1745,64.09511217319657,-11.084819213743106,0.165,0.20015300296922683,-0.7897913145215625
32.000000000000185,-2.2946459945586826,2016.746678246328,557.7712402051499,-0.1745,64.14124920936703,-11.087943684435173,0.165,0.20015300296922683,-0.7897913145215625
32.100000000000186,-2.5368897981521976,2023.1616354349858,556.7820987138949,-0.06225,64.15789456378974,-8.694886140664288,0.8300000000000001,0.20015300296922683,-0.7897913145215625
32.20000000000019,-2.6995478264656754,2029.573544960864,555.8736402437494,-0.1745,64.08029595377525,-9.474283262247546,0.165,0.20015300296922683,-0.7897913145215625
32.30000000000019,-2.808603052939056,2035.9798184606407,554.8999255194944,-0.1745,64.04517404176032,-10.000011222851859,0.165,0.20015300296922683,-0.7897913145215625
32.40000000000019,-2.8815892357105053,2042.38395769551,553.8821882411487,-0.1745,64.0376106556249,-10.354734344062418,0.165,0.20015300296922683,-0.7897913145215625
32.50000000000019,-2.9303257009298997,2048.788243226808,552.8347393931224,-0.1745,64.04809997033303,-10.59424261646461,0.165,0.20015300296922683,-0.7897913145215625
32.60000000000019,-2.962771330659955,2055.1941722833863,551.767217960504,-0.1745,64.07048116123475,-10.756186035902704,0.165,0.20015300296922683,-0.7897913145215625
32.700000000000195,-2.9842805265593437,2061.6027320708013,550.6861110646084,-0.1745,64.10071458706116,-10.86595188200862,0.165,0.20015300296922683,-0.7897913145215625
32.800000000000196,-2.998452698947955,2068.0145743259554,549.5957813619888,-0.1745,64.13613051602404,-10.940642170385772,0.165,0.20015300296922683,-0.7897913145215625
32.9000000000002,-3.0077058982921363,2074.4301286157634,548.4991608922027,-0.1745,64.17495528013876,-10.991767225335364,0.165,0.20015300296922683,-0.7897913145215625
33.0000000000002,-3.013663625380665,2080.849676703499,547.3982191359529,-0.1745,64.21600647457583,-11.027067899660388,0.165,0.20015300296922683,-0.7897913145215625
33.1000000000002,-3.017415365096901,2087.2734017343614,546.2942784132874,-0.1745,64.25849414267294,-11.051746553650133,0.165,0.20015300296922683,-0.7897913145215625
33.2000000000002,-3.019691904861806,2093.7014209331405,545.188226210446,-0.1745,64.30188983290655,-11.069297503177376,0.165,0.20015300296922683,-0.7897913145215625
33.3000000000002,-3.020983220796485,2100.1338074141927,544.0806580044365,-0.1745,64.34583978813505,-11.082066617012728,0.165,0.20015300296922683,-0.7897913145215625
33.400000000000205,-3.021617695723276,2106.570604760577,542.9719732712722,-0.1745,64.39010713955466,-11.09162804627229,0.165,0.20015300296922683,-0.7897913145215625
33.500000000000206,-3.021815323759264,2113.0118367827395,541.8624399865395,-0.1745,64.4345333036889,-11.099037648381445,0.165,0.20015300296922683,-0.7897913145215625
33.60000000000021,-3.0217234265211337,2119.4575140557245,540.7522379364235,-0.1745,64.47901215600994,-11.105003353937805,0.165,0.20015300296922683,-0.7897913145215625
33.70000000000021,-3.0214406188654053,2125.9076383001816,539.6414877870234,-0.1745,64.52347273313208,-11.109999634065153,0.165,0.20015300296922683,-0.7897913145215625
33.80000000000021,-3.021032883423925,2132.362205318831,538.5302705867261,-0.1745,64.56786763985217,-11.114344371879321,0.165,0.20015300296922683,-0.7897913145215625
33.90000000000021,-3.0205862811355666,2138.8212069646816,537.4186408449759,-0.1745,64.61216527716104,-11.118250463124875,0.165,0.20015300296922683,-0.7897913145215625
34.00000000000021,-3.0196964162855675,2145.286257402334,536.3063488338692,-0.1745,64.68884347588612,-11.127589759010045,0.495,0.20015300296922683,-0.7897913145215625
34.100000000000215,-3.018893379233545,2151.75734678598,535.1934774094843,-0.1745,64.73294419703977,-11.129838728686874,0.165,0.20015300296922683,-0.7897913145215625
34.200000000000216,-3.0181509398907758,2158.232836299837,534.0803687504111,-0.1745,64.77684608009393,-11.132334452776334,0.165,0.20015300296922683,-0.7897913145215625
34.30000000000022,-3.0174515624297378,2164.7127067192937,532.9670024161396,-0.1745,64.82056230904092,-11.134992232654083,0.165,0.20015300296922683,-0.7897913145215625
34.40000000000022,-3.0167835222768953,2171.1969399268914,531.8533650317476,-0.1745,64.8641018429101,-11.13775545518672,0.165,0.20015300296922683,-0.7897913145215625
34.50000000000022,-3.016138977838919,2177.685518559733,530.7394479443784,-0.1745,64.90747081391727,-11.140586292195795,0.165,0.20015300296922683,-0.7897913145215625
34.60000000000022,-3.015512681229007,2184.178425773611,529.625245655989,-0.1745,64.95067346364603,-11.143459475592842,0.165,0.20015300296922683,-0.7897913145215625
34.70000000000022,-3.0149011165296447,2190.6756450852754,528.5107547755857,-0.1745,64.99371276964975,-11.14635813247433,0.165,0.20015300296922683,-0.7897913145215625
34.800000000000225,-3.014301924010607,2197.1771602669924,527.3959733189905,-0.1745,65.03659086468568,-11.14927099943059,0.165,0.20015300296922683,-0.7897913145215625
34.900000000000226,-3.0137135155415433,2203.682955276082,526.2809002410204,-0.1745,65.07930931710287,-11.152190559972734,0.165,0.20015300296922683,-0.7897913145215625
35.00000000000023,-3.0131348177971073,2210.1930142078522,525.1655351230418,-0.1745,65.12186931829966,-11.155111799598817,0.165,0.20015300296922683,-0.7897913145215625
35.10000000000023,-3.0125651008484096,2216.7073212641676,524.0498779643634,-0.1745,65.16427180800542,-11.158031373968619,0.165,0.20015300296922683,-0.7897913145215625
35.20000000000023,-3.0120038637871733,2223.225860732467,522.9339290430004,-0.1745,65.20651755797851,-11.160947053292292,0.165,0.20015300296922683,-0.7897913145215625
35.30000000000023,-3.0114507584313053,2229.748616971761,521.8176888227688,-0.1745,65.24860722790221,-11.163857351338908,0.165,0.20015300296922683,-0.7897913145215625
35.40000000000023,-3.010905538449306,2236.275574403291,520.7011578913117,-0.1745,65.29054140269955,-11.166761277802014,0.165,0.20015300296922683,-0.7897913145215625
35.500000000000234,-3.010368025445738,2242.806717504298,519.5843369187686,-0.1745,65.33232061743396,-11.169658173060322,0.165,0.20015300296922683,-0.7897913145215625
35.600000000000236,-3.009838086360391,2249.342030803866,518.4672266302179,-0.1745,65.37394537391877,-11.172547597954841,0.165,0.20015300296922683,-0.7897913145215625
35.70000000000024,-3.0093156184116143,2255.8814988801514,517.3498277873057,-0.1745,65.41541615179112,-11.175429260288839,0.165,0.20015300296922683,-0.7897913145215625
35.80000000000024,-3.008800539068563,2262.4251063585357,516.2321411759997,-0.1745,65.45673341589139,-11.178302965831685,0.165,0.20015300296922683,-0.7897913145215625
35.90000000000024,-3.0082927793745915,2268.972837910389,515.1141675984247,-0.1745,65.4978976211777,-11.181168585667745,0.165,0.20015300296922683,-0.7897913145215625
36.00000000000024,-3.00779227950303,2275.5246782522477,513.9959078674191,-0.1745,65.53890921599634,-11.184026034444468,0.165,0.20015300296922683,-0.7897913145215625
36.10000000000024,-3.007298985799588,2282.08061214526,512.8773628029026,-0.1745,65.5797686442562,-11.18687525588581,0.165,0.20015300296922683,-0.7897913145215625
36.200000000000244,-3.006812848814449,2288.6406243948168,511.7585332294509,-0.1745,65.62047634687255,-11.189716213147111,0.165,0.20015300296922683,-0.7897913145215625
36.300000000000246,-3.006333821992996,2295.2046998502965,510.6394199746738,-0.1745,65.66103276272416,-11.192548882395116,0.165,0.20015300296922683,-0.7897913145215625
36.40000000000025,-3.00586186080473,2301.772823404897,509.5200238681272,-0.1745,65.70143832928629,-11.195373248535743,0.165,0.20015300296922683,-0.7897913145215625
36.50000000000025,-3.005396922163628,2308.3449799955133,508.4003457405819,-0.1745,65.7416934830478,-11.198189302371645,0.165,0.20015300296922683,-0.7897913145215625
36.60000000000025,-3.0049389640422497,2314.921154602655,507.2803864235277,-0.1745,65.78179865978468,-11.200997038711304,0.165,0.20015300296922683,-0.7897913145215625
36.70000000000025,-2.25760546239686,2321.501332250381,506.1601467488366,-0.1745,65.82175429473816,-11.203796455111153,0.165,0.20015300296922683,-0.7897913145215625
36.80000000000025,-2.512670327404277,2328.082558055721,505.16579690225836,-0.06225,65.80276181206548,-8.683200476453667,0.495,0.20015300296922683,-0.7897913145215625
36.900000000000254,-2.6819608811727287,2334.6581045474904,504.2554936697324,-0.1745,65.7081680233221,-9.522864174066022,0.165,0.20015300296922683,-0.7897913145215625
37.000000000000256,-2.7941905138814533,2341.226565446189,503.27524482849503,-0.1745,65.66104995064552,-10.082112650681863,0.165,0.20015300296922683,-0.7897913145215625
37.10000000000026,-2.8684929672862083,2347.7918336666644,502.24840400295517,-0.1745,65.64431445886042,-10.4547038601154,0.165,0.20015300296922683,-0.7897913145215625
37.20000000000026,-2.917606269911209,2354.3564108980704,501.19051399060413,-0.1745,65.64723016926258,-10.703096386905143,0.165,0.20015300296922683,-0.7897913145215625
37.30000000000026,-2.950002277865904,2360.9219191979473,500.11191380891285,-0.1745,65.66293582827159,-10.868907246920065,0.165,0.20015300296922683,-0.7897913145215625
37.40000000000026,-2.971310619327185,2367.48941549414,499.01947607619275,-0.1745,65.68699009558041,-10.979847407481387,0.165,0.20015300296922683,-0.7897913145215625
37.50000000000026,-2.9852695197714034,2374.0595897086655,497.9177660978695,-0.1745,65.71649419492978,-11.054352158983885,0.165,0.20015300296922683,-0.7897913145215625
37.600000000000264,-2.9944948848292867,2380.632891708582,496.8098147009329,-0.1745,65.74954580339742,-11.104675779747405,0.165,0.20015300296922683,-0.7897913145215625
37.700000000000266,-2.9996663798579015,2387.212888108734,495.6970557359612,-0.1745,65.85038219964134,-11.150503519687138,0.8300000000000001,0.20015300296922683,-0.7897913145215625
37.80000000000027,-3.00294264126681,2393.7997721399834,494.5809393854882,-0.1745,65.8872984253419,-11.171823489772809,0.165,0.20015300296922683,-0.7897913145215625
37.90000000000027,-3.0049671146095873,2400.3903880088974,493.46300494153627,-0.1745,65.9250189529411,-11.18686538926542,0.165,0.20015300296922683,-0.7897913145215625
38.00000000000027,-2.838571026534111,2406.9848000496067,492.34377429009345,-0.1745,65.96322186124704,-11.197747639590627,0.165,0.20015300296922683,-0.7897913145215625
38.10000000000027,-2.896509677996519,2413.5851759819943,491.2516576761905,-0.1495,66.0442967865081,-10.644584638467459,0.165,0.20015300296922683,-0.7897913145215625
38.20000000000027,-2.9346670693350942,2420.190083681698,490.17741931751954,-0.1745,66.05385720756871,-10.840182534952119,0.165,0.20015300296922683,-0.7897913145215625
38.300000000000274,-2.791830398045753,2426.7964487451773,489.08688573093696,-0.1745,66.07344406201305,-10.970489196699127,0.165,0.20015300296922683,-0.7897913145215625
38.400000000000276,-2.8653761128985296,2433.4090232636872,488.0133411883143,-0.1495,66.17804630818274,-10.500401655753892,0.495,0.20015300296922683,-0.7897913145215625
38.50000000000028,-2.9138190074242534,2440.0268760454564,486.9509285684555,-0.1745,66.17900932720579,-10.747850741422951,0.165,0.20015300296922683,-0.7897913145215625
38.60000000000028,-2.9456701830681826,2446.6454692224615,485.86791948378857,-0.1745,66.19285421289214,-10.91233095191505,0.165,0.20015300296922683,-0.7897913145215625
38.70000000000028,-2.9665618339021487,2453.265865726212,484.77120731994876,-0.1745,66.21507586210994,-11.021912324881514,0.165,0.20015300296922683,-0.7897913145215625
38.80000000000028,-2.9802184274732237,2459.8887567896195,483.6653521886867,-0.1745,66.24274540604759,-11.095190300359011,0.165,0.20015300296922683,-0.7897913145215625
38.90000000000028,-2.989101442084036,2466.5145914772525,482.55336898189626,-0.1745,66.27394834661166,-11.144473835450599,0.165,0.20015300296922683,-0.7897913145215625
39.000000000000284,-2.9948368434809702,2473.143660337056,481.4372500393944,-0.1745,66.3074288494626,-11.177905014585916,0.165,0.20015300296922683,-0.7897913145215625
39.100000000000286,-2.998498219726895,2479.7761498458044,480.3183114642209,-0.1745,66.34236132550254,-11.200866488884289,0.165,0.20015300296922683,-0.7897913145215625
39.20000000000029,-3.000794158399212,2486.4121780281475,479.1974223945815,-0.1745,66.37820232136168,-11.216914903903811,0.165,0.20015300296922683,-0.7897913145215625
39.30000000000029,-3.00219216976049,2493.0518178371,478.07515668280047,-0.1745,66.41459385768076,-11.228399331716753,0.165,0.20015300296922683,-0.7897913145215625
39.40000000000029,-3.0030005994447655,2499.6951125336927,476.9518931827124,-0.1745,66.45130007417737,-11.236870670044516,0.165,0.20015300296922683,-0.7897913145215625
39.50000000000029,-3.003422747231952,2506.342085816925,475.8278820250954,-0.1745,66.4881655904692,-11.243352482296073,0.165,0.20015300296922683,-0.7897913145215625
39.60000000000029,-3.0035926080767488,2512.992748501043,474.703288397253,-0.1745,66.5250880918874,-11.248520074551834,0.165,0.20015300296922683,-0.7897913145215625
39.700000000000294,-3.0035984673754603,2519.6471029187264,473.57822145131894,-0.1745,66.56200026177778,-11.252818844128926,0.165,0.20015300296922683,-0.7897913145215625
39.800000000000296,-3.0034984725431912,2526.3051458251502,472.4527533860314,-0.1745,66.59885786670151,-11.256542461620956,0.165,0.20015300296922683,-0.7897913145215625
39.9000000000003,-3.0033309060241176,2532.966870313331,471.3269320379867,-0.1745,66.63563189691733,-11.2598844992734,0.165,0.20015300296922683,-0.7897913145215625
40.0000000000003,-3.0031209605425446,2539.6322670772493,470.2007891873988,-0.1745,66.67230338144219,-11.262972512484536,0.165,0.20015300296922683,-0.7897913145215625
40.1000000000003,-3.00288520613589,2546.3013252447054,469.0743460352429,-0.1745,66.70885996768145,-11.265890530633573,0.165,0.20015300296922683,-0.7897913145215625
40.2000000000003,-3.0026345344509178,2552.974032926359,467.9476168139939,-0.1745,66.7452936653906,-11.268693894347573,0.165,0.20015300296922683,-0.7897913145215625
40.3000000000003,-3.0023760987994654,2559.650377577573,466.82061116724367,-0.1745,66.78159935889268,-11.271419040656594,0.165,0.20015300296922683,-0.7897913145215625
40.400000000000304,-3.0021145921222807,2566.3303462368253,465.69333571749456,-0.1745,66.81777382615248,-11.27408995432586,0.165,0.20015300296922683,-0.7897913145215625
40.500000000000306,-3.001853088569364,2573.0139256827424,464.5657950987818,-0.1745,66.85381509219076,-11.276722419929467,0.165,0.20015300296922683,-0.7897913145215625
40.60000000000031,-3.001666645375174,2579.7011025375014,463.4379926366073,-0.1745,66.88972200299224,-11.279326823560536,0.165,0.20015300296922683,-0.7897913145215625
40.70000000000031,-3.001070003473024,2586.393488277116,462.3096443295202,-0.1745,66.95799278929783,-11.287639318181787,0.495,0.20015300296922683,-0.7897913145215625
40.80000000000031,-3.0005964920679826,2593.0910719256294,461.18081042680734,-0.1745,66.99368018097118,-11.289038736075575,0.165,0.20015300296922683,-0.7897913145215625
40.90000000000031,-3.0002057254864862,2599.792214531356,460.0518173274753,-0.1745,67.02917193356156,-11.290823250565554,0.165,0.20015300296922683,-0.7897913145215625
41.00000000000031,-2.9998711863847105,2606.496897580715,458.922633278133,-0.1745,67.06448905362201,-11.292857736280563,0.165,0.20015300296922683,-0.7897913145215625
41.100000000000314,-2.9995754645699693,2613.20510430761,457.7932377182201,-0.1745,67.09964548427479,-11.295053461977375,0.165,0.20015300296922683,-0.7897913145215625
41.200000000000315,-2.9993071287757274,2619.9168191081267,456.66361743617966,-0.1745,67.13465052606044,-11.297352178831664,0.165,0.20015300296922683,-0.7897913145215625
41.30000000000032,-2.9992127593684477,2626.632027155881,455.53376404421624,-0.1745,67.16951042902816,-11.299715660436666,0.165,0.20015300296922683,-0.7897913145215625
41.40000000000032,-2.9982955168039815,2633.3539886540902,454.4030950473912,-0.1745,67.26971953515478,-11.313664276064124,0.8300000000000001,0.20015300296922683,-0.7897913145215625
41.50000000000032,-2.9976299201442576,2640.0826947336122,453.27172501296917,-0.1745,67.3044020552894,-11.31373641237675,0.165,0.20015300296922683,-0.7897913145215625
41.60000000000032,-2.9971308900842186,2646.8148561442913,452.14030672769167,-0.1745,67.33882615829589,-11.314629293173812,0.165,0.20015300296922683,-0.7897913145215625
41.70000000000032,-2.9967427120727326,2653.5504492472905,451.0087724238331,-0.1745,67.37303590168796,-11.316056783997755,0.165,0.20015300296922683,-0.7897913145215625
41.800000000000324,-2.9965082195452393,2660.2894540573775,449.8770780120396,-0.1745,67.40706030004961,-11.317831451871784,0.165,0.20015300296922683,-0.7897913145215625
41.900000000000325,-2.9959064772171926,2667.0334779398054,448.74490844584574,-0.1745,67.47341734850578,-11.325559872005147,0.495,0.20015300296922683,-0.7897913145215625
42.00000000000033,-2.9954587028002266,2673.782507412213,447.61230374088603,-0.1745,67.50717209964594,-11.3265342271893,0.165,0.20015300296922683,-0.7897913145215625
42.10000000000033,-2.9951133610912057,2680.534902053123,446.47957690244033,-0.1745,67.54072071855765,-11.328002541724455,0.165,0.20015300296922683,-0.7897913145215625
42.20000000000033,-2.994836753850292,2687.290642597062,445.3466872247704,-0.1745,67.57409016021893,-11.32979101167437,0.165,0.20015300296922683,-0.7897913145215625
42.30000000000033,-2.9946068486276833,2694.0497120151545,444.21360837570415,-0.1745,67.6072982016355,-11.331785969650788,0.165,0.20015300296922683,-0.7897913145215625
42.40000000000033,-2.9944092407116796,2700.8120947558336,443.08032342230587,-0.1745,67.64035661194767,-11.333913098315195,0.165,0.20015300296922683,-0.7897913145215625
42.500000000000334,-2.9942345115500246,2707.5777762478697,441.9468215762818,-0.1745,67.67327322877442,-11.33612382216577,0.165,0.20015300296922683,-0.7897913145215625
42.600000000000335,-2.994076501154871,2714.346742575192,440.81309606512383,-0.1745,67.70605331767118,-11.338386400994573,0.165,0.20015300296922683,-0.7897913145215625
42.70000000000034,-2.9939311785493223,2721.1189802641716,439.6791427399694,-0.1745,67.73870046192002,-11.340680102094034,0.165,0.20015300296922683,-0.7897913145215625
42.80000000000034,-2.9937959034246258,2727.894476144504,438.5449591654661,-0.1745,67.77121714473341,-11.342991387972038,0.165,0.20015300296922683,-0.7897913145215625
42.90000000000034,-2.9936689436418207,2734.673217258245,437.4105440249085,-0.1745,67.80360513008668,-11.345311423178833,0.165,0.20015300296922683,-0.7897913145215625
43.00000000000034,-2.9935491600068698,2741.4551908003373,436.27589673153756,-0.1745,67.83586571175775,-11.347634444240514,0.165,0.20015300296922683,-0.7897913145215625
43.10000000000034,-2.9934358003820454,2748.240384079732,435.1410171746164,-0.1745,67.86799987613732,-11.3499566941818,0.165,0.20015300296922683,-0.7897913145215625
43.200000000000344,-2.99332836524485,2755.0287844939708,434.00590555359383,-0.1745,67.90000840863672,-11.3522757262696,0.165,0.20015300296922683,-0.7897913145215625
43.300000000000345,-2.993226519923306,2761.8203795125632,432.87056226982287,-0.1745,67.93189196321372,-11.354589949149783,0.165,0.20015300296922683,-0.7897913145215625
43.40000000000035,-2.993130037316722,2768.6151566661133,431.73498785587725,-0.1745,67.9636511077871,-11.356898329763096,0.165,0.20015300296922683,-0.7897913145215625
43.50000000000035,-2.993038760522116,2775.4131035391974,430.59918292942103,-0.1745,67.99528635389343,-11.359200199361332,0.165,0.20015300296922683,-0.7897913145215625
43.60000000000035,-2.9929525784547693,2782.2142077656945,429.46314816310917,-0.1745,68.02679817604783,-11.361495126876434,0.165,0.20015300296922683,-0.7897913145215625
43.70000000000035,-2.9928714099489846,2789.0184570257156,428.32688426495145,-0.1745,68.0581870243793,-11.363782836278105,0.165,0.20015300296922683,-0.7897913145215625
43.80000000000035,-2.992795193391731,2795.8258390435785,427.1903919655049,-0.1745,68.08945333287419,-11.36606315265306,0.165,0.20015300296922683,-0.7897913145215625
43.900000000000354,-2.9927238799653177,2802.63634158646,426.0536720095206,-0.1745,68.12059752475236,-11.368335967032797,0.165,0.20015300296922683,-0.7897913145215625
44.000000000000355,-2.9926574292435526,2809.449952463496,424.9167251504961,-0.1745,68.1516200159718,-11.370601213456558,0.165,0.20015300296922683,-0.7897913145215625
44.10000000000036,-2.992595806322271,2816.2666595251703,423.77955214712244,-0.1745,68.18252121751219,-11.372858854016915,0.165,0.20015300296922683,-0.7897913145215625
44.20000000000036,-2.9925389799499396,2823.086450662889,422.642153760966,-0.1745,68.21330153686174,-11.37510886911209,0.165,0.20015300296922683,-0.7897913145215625
44.30000000000036,-2.9924869213099345,2829.9093138086814,421.5045307549557,-0.1745,68.24396137898462,-11.377351251093582,0.165,0.20015300296922683,-0.7897913145215625
44.40000000000036,-2.9924396032273566,2836.7352369349783,420.36668389239463,-0.1745,68.27450114694965,-11.379586000127276,0.165,0.20015300296922683,-0.7897913145215625
44.50000000000036,-2.992396999652347,2843.5642080544426,419.2286139363134,-0.1745,68.30492124233811,-11.381813121497226,0.165,0.20015300296922683,-0.7897913145215625
44.600000000000364,-2.9923590853234576,2850.396215219835,418.0903216490461,-0.1745,68.3352220655079,-11.384032623849498,0.165,0.20015300296922683,-0.7897913145215625
44.700000000000365,-2.9923258355482134,2857.231246523899,416.9518077919512,-0.1745,68.36540401576381,-11.386244518048393,0.165,0.20015300296922683,-0.7897913145215625
44.80000000000037,-2.992297226059967,2864.0692900992603,415.81307312522716,-0.1745,68.39546749146693,-11.388448816431499,0.165,0.20015300296922683,-0.7897913145215625
44.90000000000037,-2.9922732329243793,2870.910334118339,414.67411840778936,-0.1745,68.42541289010424,-11.390645532324438,0.165,0.20015300296922683,-0.7897913145215625
45.00000000000037,-2.9922538324782084,2877.754366793261,413.5349443971869,-0.1745,68.45524060833249,-11.392834679724658,0.165,0.20015300296922683,-0.7897913145215625
45.10000000000037,-2.992239001289081,2884.601376375778,412.3955518495459,-0.1745,68.48495104200518,-11.39501627309524,0.165,0.20015300296922683,-0.7897913145215625
45.20000000000037,-2.2140638006090816,2891.4513511571877,411.2559415195296,-0.1745,68.51454458618876,-11.397190327230305,0.165,0.20015300296922683,-0.7897913145215625
45.300000000000374,-2.4903453071160095,2898.3016670708917,410.2526489771281,-0.06225,68.49177368788773,-8.668660520799317,0.495,0.20015300296922683,-0.7897913145215625
45.400000000000375,-2.670178769785352,2905.1446478979556,409.3386063206144,-0.1745,68.3678428533941,-9.612192609474821,0.165,0.20015300296922683,-0.7897913145215625
45.50000000000038,-2.7871591528148363,2911.9780596519136,408.3466219252417,-0.1745,68.30039222576971,-10.227495297979571,0.165,0.20015300296922683,-0.7897913145215625
45.60000000000038,-2.863208232154027,2918.806492840501,407.30380367329536,-0.1745,68.26827154598288,-10.62886974094799,0.165,0.20015300296922683,-0.7897913145215625
45.70000000000038,-2.9126204706283114,2925.632832651464,406.22781877133815,-0.1745,68.25852467327617,-10.89082829819609,0.165,0.20015300296922683,-0.7897913145215625
45.80000000000038,-2.944708937431415,2932.4589114784153,405.1301783439339,-0.1745,68.26305186575267,-11.061980249889553,0.165,0.20015300296922683,-0.7897913145215625
45.90000000000038,-2.7920499398690657,2939.28590009664,404.0183782188474,-0.1745,68.27672049873843,-11.17402225184087,0.165,0.20015300296922683,-0.7897913145215625
46.000000000000384,-2.86675946264648,2946.1170869045463,402.9272793609624,-0.1495,68.34701565938926,-10.64795490585779,0.165,0.20015300296922683,-0.7897913145215625
46.100000000000385,-2.9152747384976045,2952.951319131833,401.8496026634638,-0.1745,68.33762888634418,-10.905579044113896,0.165,0.20015300296922683,-0.7897913145215625
46.20000000000039,-2.9467650843397832,2959.7853151294844,400.7506337983094,-0.1745,68.34229106668236,-11.073798258974655,0.165,0.20015300296922683,-0.7897913145215625
46.30000000000039,-2.9671959878162433,2966.62022699032,399.6377509865037,-0.1745,68.35594615002896,-11.183857977139377,0.165,0.20015300296922683,-0.7897913145215625
46.40000000000039,-2.9804461294381683,2973.4567924320395,398.51575289432725,-0.1745,68.37536268435696,-11.256103866389733,0.165,0.20015300296922683,-0.7897913145215625
46.50000000000039,-2.9890360874519253,2980.295483746954,397.3877589598418,-0.1745,68.3984636139291,-11.303774823319245,0.165,0.20015300296922683,-0.7897913145215625
46.60000000000039,-2.994603175045691,2987.1366023799014,396.25579620883065,-0.1745,68.42390904502757,-11.335480196903664,0.165,0.20015300296922683,-0.7897913145215625
46.700000000000394,-2.998210568178842,2993.9803394658697,395.1211814034596,-0.1745,68.45083267433616,-11.356815910517197,0.165,0.20015300296922683,-0.7897913145215625
46.800000000000395,-3.000548408503831,3000.826814782023,393.9847697232891,-0.1745,68.47867364872813,-11.37141769289354,0.165,0.20015300296922683,-0.7897913145215625
46.9000000000004,-3.002064556400139,3007.6761018949173,392.84711649531835,-0.1745,68.50706860916061,-11.381646866521379,0.165,0.20015300296922683,-0.7897913145215625
47.0000000000004,-3.003049564867904,3014.5282444296686,391.7085823234942,-0.1745,68.53578208586342,-11.38903656996083,0.165,0.20015300296922683,-0.7897913145215625
47.1000000000004,-2.829365034467599,3021.383266609006,390.56940139804635,-0.1745,68.56466150088474,-11.394581938996856,0.165,0.20015300296922683,-0.7897913145215625
47.2000000000004,-2.8913189378017625,3028.2452551012766,389.45975735647886,-0.1495,68.67510834452044,-10.7982988923528,0.495,0.20015300296922683,-0.7897913145215625
47.3000000000004,-2.931455964028285,3035.1125655314445,388.3691844572701,-0.1745,68.67110025883572,-11.013159091822903,0.165,0.20015300296922683,-0.7897913145215625
47.400000000000404,-2.9574535710902197,3041.9800600282133,387.2608683344661,-0.1745,68.67878967653894,-11.15316336425579,0.165,0.20015300296922683,-0.7897913145215625
47.500000000000405,-2.974292013110143,3048.8486972182654,386.1409795098938,-0.1745,68.69395412450346,-11.244613127190696,0.165,0.20015300296922683,-0.7897913145215625
47.600000000000406,-2.985200102251884,3055.7190896503057,385.0135196798368,-0.1745,68.71389451630397,-11.304583473948389,0.165,0.20015300296922683,-0.7897913145215625
47.70000000000041,-2.992270192196057,3062.5916282468907,383.88108288004213,-0.1745,68.73687741539507,-11.344152521945256,0.165,0.20015300296922683,-0.7897913145215625
47.80000000000041,-2.996857661385187,3069.4665614301166,382.745350067392,-0.1745,68.7617862491275,-11.37050373105697,0.165,0.20015300296922683,-0.7897913145215625
47.90000000000041,-2.999840200445356,3076.3440457668585,381.60741022918955,-0.1745,68.78790048571176,-11.38829303299151,0.165,0.20015300296922683,-0.7897913145215625
48.00000000000041,-3.0017859980173176,3083.2241785250612,380.4679687269245,-0.1745,68.81475467834174,-11.400537012309693,0.165,0.20015300296922683,-0.7897913145215625
48.10000000000041,-3.0030627791304494,3090.1070186594025,379.3274824023552,-0.1745,68.84204800847814,-11.409189479075854,0.165,0.20015300296922683,-0.7897913145215625
48.200000000000415,-3.003908468048394,3096.992600361677,378.1862471520984,-0.1745,68.86958603701571,-11.415515526059863,0.165,0.20015300296922683,-0.7897913145215625
48.300000000000416,-3.0044769657329162,3103.880941819245,377.04445467169245,-0.1745,68.89724311434675,-11.420334082059123,0.165,0.20015300296922683,-0.7897913145215625
48.40000000000042,-3.0048677967449726,3110.7720508794687,375.90222921113804,-0.1745,68.9249380901308,-11.424175129029585,0.165,0.20015300296922683,-0.7897913145215625
48.50000000000042,-3.0051453041469207,3117.6659287142224,374.759651376131,-0.1745,68.9526186049465,-11.427381571111232,0.165,0.20015300296922683,-0.7897913145215625
48.60000000000042,-2.2217786246660727,3124.5625721908436,373.6167735365446,-0.1745,68.98025092747514,-11.430175220617011,0.165,0.20015300296922683,-0.7897913145215625
48.70000000000042,-2.5019035630003774,3131.4594251084904,372.6119985876629,-0.06225,68.95680742546,-8.665323757016989,0.495,0.20015300296922683,-0.7897913145215625
48.80000000000042,-2.683616822513874,3138.3486418026246,371.69733437613235,-0.1745,68.82752645722373,-9.6279604735943,0.165,0.20015300296922683,-0.7897913145215625
48.900000000000425,-2.8014284808972043,3145.227839258303,370.70326615733256,-0.1745,68.75642265634868,-10.25340390240108,0.165,0.20015300296922683,-0.7897913145215625
49.000000000000426,-2.877774803596072,3152.1017386201966,369.6576016298457,-0.1745,68.72156458152656,-10.659886647335874,0.165,0.20015300296922683,-0.7897913145215625
49.10000000000043,-2.9272327036427126,3158.973295622581,368.5783976925201,-0.1745,68.70957546616334,-10.924192099176276,0.165,0.20015300296922683,-0.7897913145215625
49.20000000000043,-2.9592650827400977,3165.844380667107,367.477376783993,-0.1745,68.71212542435727,-11.096226071365535,0.165,0.20015300296922683,-0.7897913145215625
49.30000000000043,-2.8052936468531007,3172.716184718197,366.3621448891207,-0.1745,68.72395559743592,-11.208411826080422,0.165,0.20015300296922683,-0.7897913145215625
49.40000000000043,-2.8802126975318783,3179.5953502876,365.2675089285695,-0.1495,68.85935579063019,-10.684307384943383,0.8300000000000001,0.20015300296922683,-0.7897913145215625
49.50000000000043,-2.928700241665995,3186.4806933160003,364.18608738551484,-0.1745,68.84750477737707,-10.944123476150054,0.165,0.20015300296922683,-0.7897913145215625
49.600000000000435,-2.960077436750255,3193.365567246855,363.08322871556163,-0.1745,68.84997383971162,-11.113049922913842,0.165,0.20015300296922683,-0.7897913145215625
49.700000000000436,-2.9803839780829877,3200.2511446905532,361.96642167630165,-0.1745,68.86157503425889,-11.22309086228604,0.165,0.20015300296922683,-0.7897913145215625
49.80000000000044,-2.993530955790633,3207.138173744369,360.84051710818636,-0.1745,68.87900604205419,-11.29500050001967,0.165,0.20015300296922683,-0.7897913145215625
49.90000000000044,-3.0020498053794666,3214.0271316836024,359.70865565899857,-0.1745,68.9001527426112,-11.342228483736067,0.165,0.20015300296922683,-0.7897913145215625
50.00000000000044,-3.0075783204116693,3220.918322158318,358.57286994825904,-0.1745,68.92365675169833,-11.3734857310541,0.165,0.20015300296922683,-0.7897913145215625
50.10000000000044,-3.011175756726059,3227.81193716047,357.43447509528056,-0.1745,68.94864329133446,-11.394411328515151,0.165,0.20015300296922683,-0.7897913145215625
50.20000000000044,-3.013526986740678,3234.7080967381435,356.2943218123475,-0.1745,68.97454826214017,-11.408654330145877,0.165,0.20015300296922683,-0.7897913145215625
50.300000000000445,-3.0150746977432075,3241.6068745335056,355.1529603340678,-0.1745,69.00100764509905,-11.418575235447847,0.165,0.20015300296922683,-0.7897913145215625
50.400000000000446,-3.0161049581552852,3248.508314239371,354.0107465449692,-0.1745,69.02778647220599,-11.425700546523904,0.165,0.20015300296922683,-0.7897913145215625
50.50000000000045,-3.016802580657039,3255.41244021742,352.8679106594852,-0.1745,69.05473308878241,-11.431017163156318,0.165,0.20015300296922683,-0.7897913145215625
50.60000000000045,-3.017286931939992,3262.3192643545303,351.72460165302954,-0.1745,69.08174965342296,-11.43516296595662,0.165,0.20015300296922683,-0.7897913145215625
50.70000000000045,-3.0176350884664878,3269.2287904918107,350.58091599723895,-0.1745,69.10877309218283,-11.438550149854699,0.165,0.20015300296922683,-0.7897913145215625
50.80000000000045,-3.0178968058274194,3276.141017286187,349.4369162391111,-0.1745,69.135762795345,-11.441445012702049,0.165,0.20015300296922683,-0.7897913145215625
50.90000000000045,-3.018104193498277,3283.05594005933,348.2926430105448,-0.1745,69.16269266751532,-11.444019558623706,0.165,0.20015300296922683,-0.7897913145215625
51.000000000000455,-3.0182779661889674,3289.9735519922133,347.14812278942327,-0.1745,69.18954599014535,-11.446384863806937,0.165,0.20015300296922683,-0.7897913145215625
51.100000000000456,-3.0184314822253495,3296.8938448967992,346.00337291398904,-0.1745,69.21631210157135,-11.448612644877523,0.165,0.20015300296922683,-0.7897913145215625
51.20000000000046,-3.018573351759659,3303.8168097144658,344.85840482185245,-0.1745,69.2429842517592,-11.450749197854147,0.165,0.20015300296922683,-0.7897913145215625
51.30000000000046,-3.018709120921474,3310.7424368378684,343.7132261417415,-0.1745,69.26955821629247,-11.452824404365666,0.165,0.20015300296922683,-0.7897913145215625
51.40000000000046,-3.0188423590530267,3317.6707163187352,342.56784204405244,-0.1745,69.2960314010407,-11.454857549414447,0.165,0.20015300296922683,-0.7897913145215625
51.50000000000046,-3.0189753604406926,3324.6016380019823,341.4222561126494,-0.1745,69.32240226390157,-11.45686107864683,0.165,0.20015300296922683,-0.7897913145215625
51.60000000000046,-3.019109597133194,3331.5351916122477,340.2764709074989,-0.1745,69.34866994140093,-11.458843024363459,0.165,0.20015300296922683,-0.7897913145215625
51.700000000000465,-3.0192460110760333,3338.471366809699,339.1304883277001,-0.1745,69.37483400762487,-11.460808571611706,0.165,0.20015300296922683,-0.7897913145215625
51.800000000000466,-3.0194870572567507,3345.410153226011,337.9843098456723,-0.1745,69.40089431861779,-11.462761068943891,0.165,0.20015300296922683,-0.7897913145215625
51.90000000000047,-3.0192984528339855,3352.353165429766,336.8376501922024,-0.1745,69.45934975647303,-11.470432000455531,0.495,0.20015300296922683,-0.7897913145215625
52.00000000000047,-3.019232915171139,3359.300395438764,335.6905691623015,-0.1745,69.48525042349364,-11.471188597562222,0.165,0.20015300296922683,-0.7897913145215625
52.10000000000047,-3.0193507786018907,3366.250207163975,334.5433920937063,-0.1745,69.51098408072751,-11.472352774341493,0.165,0.20015300296922683,-0.7897913145215625
52.20000000000047,-3.0190883338892958,3373.204210003341,333.39579914966436,-0.1745,69.56907270658752,-11.4795061064976,0.495,0.20015300296922683,-0.7897913145215625
52.30000000000047,-3.018981113970419,3380.162392696941,332.2478279059798,-0.1745,69.59458116541497,-11.479918767192752,0.165,0.20015300296922683,-0.7897913145215625
52.400000000000475,-3.0189749886143598,3387.123117092126,331.0997893684074,-0.1745,69.61990673828798,-11.480851984255855,0.165,0.20015300296922683,-0.7897913145215625
52.500000000000476,-3.0190351473521537,3394.086366369777,329.951640895626,-0.1745,69.64507881473395,-11.482117471372474,0.165,0.20015300296922683,-0.7897913145215625
52.60000000000048,-3.0191392062838456,3401.0521261320255,328.8033553156514,-0.1745,69.67011643023669,-11.483594128118677,0.165,0.20015300296922683,-0.7897913145215625
52.70000000000048,-2.2279803894338825,3408.0203835513307,327.6549154050512,-0.1745,69.6950319558721,-11.48520408388535,0.165,0.20015300296922683,-0.7897913145215625
52.80000000000048,-2.5137537877457117,3414.9870137595767,326.64762436772713,-0.06225,69.6375722090516,-8.660616662596706,0.165,0.20015300296922683,-0.7897913145215625
52.90000000000048,-2.521987320458829,3421.9439097501318,325.7320124246939,-0.1745,69.50034760204579,-9.651622198068093,0.165,0.20015300296922683,-0.7897913145215625
53.00000000000048,-2.7037259386926706,3428.8938879506954,324.7655177042027,-0.1495,69.49921640923108,-9.678272211755456,0.165,0.20015300296922683,-0.7897913145215625
53.100000000000485,-2.820975028201176,3435.8400629664866,323.7661387556735,-0.1745,69.42428390659575,-10.309306758827914,0.165,0.20015300296922683,-0.7897913145215625
53.200000000000486,-2.8965988541046386,3442.780595694423,322.71481374011887,-0.1745,69.38637065213443,-10.71719355226548,0.165,0.20015300296922683,-0.7897913145215625
53.30000000000049,-2.9453726271151286,3449.718498986807,321.62990597572775,-0.1745,69.37169519554276,-10.980961735556948,0.165,0.20015300296922683,-0.7897913145215625
53.40000000000049,-2.9768368279048314,3456.655669760754,320.523273029256,-0.1745,69.37172028340026,-11.151697193878025,0.165,0.20015300296922683,-0.7897913145215625
53.50000000000049,-2.9971474599448937,3463.593309953489,319.402567640221,-0.1745,69.38108357129987,-11.262410586822883,0.165,0.20015300296922683,-0.7897913145215625
53.60000000000049,-3.0102743646505496,3470.5321834499514,318.2727261901995,-0.1745,69.3963863579448,-11.334418413607514,0.165,0.20015300296922683,-0.7897913145215625
53.70000000000049,-3.0187763726626344,3477.472775865098,317.1369314350274,-0.1745,69.41546194498963,-11.381476689833594,0.165,0.20015300296922683,-0.7897913145215625
53.800000000000495,-2.2348372551805022,3484.4153951590747,315.9972347243319,-0.1745,69.43692393454376,-11.41245752407588,0.165,0.20015300296922683,-0.7897913145215625
53.900000000000496,-2.522011505794665,3491.3595734091964,314.9949892774281,-0.06225,69.44664106788765,-8.63245141400014,0.8300000000000001,0.20015300296922683,-0.7897913145215625
54.0000000000005,-2.7076351221449175,3498.2973985347294,314.0820825876056,-0.1745,69.30986144277254,-9.625682382449574,0.165,0.20015300296922683,-0.7897913145215625
54.1000000000005,-2.8275671847325397,3505.22458052486,313.0873734859311,-0.1745,69.23377835983928,-10.268499651040603,0.165,0.20015300296922683,-0.7897913145215625
54.2000000000005,-2.9050314798538706,3512.146036294191,312.03971583018256,-0.1745,69.1953370267852,-10.6846534639305,0.165,0.20015300296922683,-0.7897913145215625
54.3000000000005,-2.955059536390406,3519.064830533236,310.95777379559684,-0.1745,69.18054775411272,-10.9541872277842,0.165,0.20015300296922683,-0.7897913145215625
54.4000000000005,-2.9873727517218756,3525.9828948391582,309.8536182216483,-0.1745,69.18073836432936,-11.128924251187035,0.165,0.20015300296922683,-0.7897913145215625
54.500000000000504,-3.008253731183852,3532.901454590863,308.7350517457561,-0.1745,69.19045666977006,-11.242405266656776,0.165,0.20015300296922683,-0.7897913145215625
54.600000000000506,-3.021760271123581,3539.8212895824445,307.60711530345293,-0.1745,69.20624316186081,-11.316323579406712,0.165,0.20015300296922683,-0.7897913145215625
54.70000000000051,-3.0305119367622924,3546.742896221838,306.4730641002571,-0.1745,69.22588962600751,-11.364700484510259,0.165,0.20015300296922683,-0.7897913145215625
54.80000000000051,-3.0361991470228604,3553.6665897636526,305.3349994088585,-0.1745,69.24798121028553,-11.396593343461994,0.165,0.20015300296922683,-0.7897913145215625
54.90000000000051,-3.0399123684459397,3560.5925692868504,304.19427723200795,-0.1745,69.27160925367116,-11.4178501935492,0.165,0.20015300296922683,-0.7897913145215625
55.00000000000051,-3.042354837353263,3567.5209592179403,303.05177245028904,-0.1745,69.29618936812997,-11.432245440828812,0.165,0.20015300296922683,-0.7897913145215625
55.10000000000051,-3.0439799447934317,3574.4518359578733,301.90804946166406,-0.1745,69.32134543052737,-11.442214331670073,0.165,0.20015300296922683,-0.7897913145215625
55.200000000000514,-3.0450799272601827,3581.3852449937876,300.76347236356474,-0.1745,69.34683528775685,-11.44932763031578,0.165,0.20015300296922683,-0.7897913145215625
55.300000000000516,-3.0667588273828335,3588.321211910518,299.6182760703533,-0.1745,69.37250304684446,-11.454598233912208,0.165,0.2846549604171424,-1.0028460429965989
55.40000000000052,-3.0807738276378585,3595.2592091344018,298.4689741320696,-0.1745,69.38744143083733,-11.531440531761564,0.165,0.2846549604171424,-1.0028460429965989
55.50000000000052,-3.089851027401172,3602.198901837103,297.3133192069877,-0.1745,69.40641262319112,-11.581657969875883,0.165,0.2846549604171424,-1.0028460429965989
55.60000000000052,-3.0957482439088007,3609.1406193806743,296.15350104889376,-0.1745,69.42793824822964,-11.6147051920034,0.165,0.2846549604171424,-1.0028460429965989
55.70000000000052,-3.0995985569244437,3616.0845697806303,294.990931681952,-0.1745,69.45106975089142,-11.63668214683186,0.165,0.2846549604171424,-1.0028460429965989
55.80000000000052,-3.102132129457958,3623.03088314921,293.82652143211345,-0.1745,69.47519762069463,-11.651522849939882,0.165,0.2846549604171424,-1.0028460429965989
55.900000000000524,-3.103819357264517,3629.9796395246813,292.6608571093454,-0.1745,69.49992988873603,-11.66176360542173,0.165,0.2846549604171424,-1.0028460429965989
56.000000000000526,-3.104963209422183,3636.930886739042,291.4943169729525,-0.1745,69.52501439847867,-11.669039122436406,0.165,0.2846549604171424,-1.0028460429965989
56.10000000000053,-3.1057587729098035,3643.88465190592,290.32714488004603,-0.1745,69.5502889390795,-11.674402735693212,0.165,0.2846549604171424,-1.0028460429965989
56.20000000000053,-3.106331637486929,3650.8409488127404,289.1594980930296,-0.1745,69.57564919732972,-11.678533004635462,0.165,0.2846549604171424,-1.0028460429965989
56.30000000000053,-3.106762633475453,3657.7997826795677,287.99147809482736,-0.1745,69.60102813921584,-11.681866959409422,0.165,0.2846549604171424,-1.0028460429965989
56.40000000000053,-3.107181074188145,3664.7611532233636,286.82315044628,-0.1745,69.62638273670521,-11.684686011537607,0.165,0.2846549604171424,-1.0028460429965989
56.50000000000053,-3.107136053558635,3671.7266815734397,285.654271113212,-0.1745,69.6841842648203,-11.692900649822716,0.495,0.2846549604171424,-1.0028460429965989
56.600000000000534,-3.1071756346805053,3678.69636402995,284.48492643172546,-0.1745,69.70946486538404,-11.693992979908286,0.165,0.2846549604171424,-1.0028460429965989
56.700000000000536,-3.1072709386792408,3685.6685673173356,283.3154587702124,-0.1745,69.73460088232909,-11.695360250352714,0.165,0.2846549604171424,-1.0028460429965989
56.80000000000054,-3.107403395328932,3692.6432777712307,282.14584566617754,-0.1745,69.75960819556929,-11.696901830344654,0.165,0.2846549604171424,-1.0028460429965989
56.90000000000054,-3.1075610634296695,3699.6204830383076,280.9760729238927,-0.1745,69.7844971459692,-11.698553015352758,0.165,0.2846549604171424,-1.0028460429965989
57.00000000000054,-3.1077362637711086,3706.6001716211144,279.8061316625432,-0.1745,69.80927451016791,-11.700272211636593,0.165,0.2846549604171424,-1.0028460429965989
57.10000000000054,-3.10792405676393,3713.58233258521,278.6360164174974,-0.1745,69.83394477174993,-11.702032689279124,0.165,0.2846549604171424,-1.0028460429965989
57.20000000000054,-3.108121263518874,3720.566955370761,277.4657239192238,-0.1745,69.85851093927293,-11.703817276192662,0.165,0.2846549604171424,-1.0028460429965989
57.300000000000544,-3.1083258365022646,3727.554029671353,276.29525230816444,-0.1745,69.8829750725624,-11.705614944994936,0.165,0.2846549604171424,-1.0028460429965989
57.400000000000546,-3.1085364550138292,3734.543545356043,275.1246006300181,-0.1745,69.90733862123723,-11.707418617931083,0.165,0.2846549604171424,-1.0028460429965989
57.50000000000055,-3.1087522652248634,3741.5354924192256,273.95376851134955,-0.1745,69.93160264241057,-11.709223755440108,0.165,0.2846549604171424,-1.0028460429965989
57.60000000000055,-3.1089727131497464,3748.5298609483793,272.7827559511382,-0.1745,69.95576794066008,-11.711027448786552,0.165,0.2846549604171424,-1.0028460429965989
57.70000000000055,-2.3160413797977863,3755.5266411033126,271.611563186856,-0.1745,69.97983515800286,-11.712827836857537,0.165,0.2846549604171424,-1.0028460429965989
57.80000000000055,-2.6031508460743282,3762.525055254519,270.58209882694075,-0.06225,69.98844786612496,-8.876459361447266,0.8300000000000001,0.2846549604171424,-1.0028460429965989
57.90000000000055,-2.7885476922298364,3769.516895651982,269.64442100959485,-0.1745,69.84836008313056,-9.877096985470368,0.165,0.2846549604171424,-1.0028460429965989
58.000000000000554,-2.9069614528752825,3776.5010834016175,268.62387295283884,-0.1745,69.83539490957712,-10.533864149650123,0.8300000000000001,0.2846549604171424,-1.0028460429965989
58.100000000000556,-2.983162065632291,3783.4826064391514,267.5497769310593,-0.1745,69.79506584109787,-10.948056285940638,0.165,0.2846549604171424,-1.0028460429965989
58.20000000000056,-3.0322044658065246,3790.4612845040665,266.4416151609724,-0.1745,69.77849545720032,-11.215179115796818,0.165,0.2846549604171424,-1.0028460429965989
58.30000000000056,-3.063783789825209,3797.4390550811277,265.3114756867382,-0.1745,69.77691608401963,-11.387610368886516,0.165,0.2846549604171424,-1.0028460429965989
58.40000000000056,-3.0841393983705623,3804.4171426994967,264.16713983291885,-0.1745,69.7848362833568,-11.499106707501022,0.165,0.2846549604171424,-1.0028460429965989
58.50000000000056,-2.920429100507194,3811.3963237605944,263.0136140159487,-0.1745,69.79878493860052,-11.571409631901863,0.165,0.2846549604171424,-1.0028460429965989
58.60000000000056,-2.9926152179529413,3818.3797606868807,261.88537115627076,-0.1495,69.86995358712423,-10.993447561656826,0.165,0.2846549604171424,-1.0028460429965989
58.700000000000564,-3.0390518693046307,3825.366020974266,260.7733592865188,-0.1745,69.85525216058255,-11.246789833382271,0.165,0.2846549604171424,-1.0028460429965989
58.800000000000566,-3.068942513047739,3832.3515214322742,259.6405076130544,-0.1745,69.85475699958121,-11.410243635905701,0.165,0.2846549604171424,-1.0028460429965989
58.90000000000057,-3.0882059499311705,3839.337422375919,258.49420077268184,-0.1745,69.86326187331395,-11.515893171546052,0.165,0.2846549604171424,-1.0028460429965989
59.00000000000057,-3.1006465504976894,3846.3244592245605,257.33918671367184,-0.1745,69.87747509951942,-11.584388008653622,0.165,0.2846549604171424,-1.0028460429965989
59.10000000000057,-3.1087085458512362,3853.3130981708655,256.1785168145484,-0.1745,69.8953038265773,-11.629009973814966,0.165,0.2846549604171424,-1.0028460429965989
59.20000000000057,-3.1139617405601094,3860.303633997771,255.0141514445213,-0.1745,69.9154127115391,-11.658297426726909,0.165,0.2846549604171424,-1.0028460429965989
59.30000000000057,-3.1175815662587487,3867.296252027309,253.84734972510822,-0.1745,69.93694787921983,-11.677736961534798,0.165,0.2846549604171424,-1.0028460429965989
59.400000000000574,-3.1192176976625454,3874.294342057154,252.6783429594808,-0.1745,70.02485271768283,-11.702398351013384,0.8300000000000001,0.2846549604171424,-1.0028460429965989
59.500000000000576,-3.120355430308755,3881.2979792314195,251.50776864860308,-0.1745,70.04789076762518,-11.709087866541038,0.165,0.2846549604171424,-1.0028460429965989
59.60000000000058,-3.121175030940183,3888.303929003199,250.3366137291664,-0.1745,70.07110466796553,-11.714010522192549,0.165,0.2846549604171424,-1.0028460429965989
59.70000000000058,-3.1217920637889773,3895.3122040914027,249.16502329893675,-0.1745,70.09439709611198,-11.717798082400819,0.165,0.2846549604171424,-1.0028460429965989
59.80000000000058,-3.1222805972848198,3902.3228092350014,247.99309060858988,-0.1745,70.11770577585833,-11.720855724536618,0.165,0.2846549604171424,-1.0028460429965989
59.90000000000058,-3.122688092735956,3909.335744069011,246.82087565960077,-0.1745,70.14099090433766,-11.723443255245469,0.165,0.2846549604171424,-1.0028460429965989
60.00000000000058,-3.123044954373242,3916.3510049687006,245.64841713503202,-0.1745,70.1642270894498,-11.725727236129634,0.165,0.2846549604171424,-1.0028460429965989
60.100000000000584,-3.12337065376742,3923.3685862321263,244.47574005167527,-0.1745,70.1873981790601,-11.727814431005342,0.165,0.2846549604171424,-1.0028460429965989
60.200000000000585,-3.1236776566126756,3930.3884808383177,243.3028606669641,-0.1745,70.2104939447688,-11.729773263218258,0.165,0.2846549604171424,-1.0028460429965989
60.30000000000059,-2.945978859324188,3937.4106809333175,242.12978962489152,-0.1745,70.23350795522516,-11.7316475782335,0.165,0.2846549604171424,-1.0028460429965989
60.40000000000059,-3.01077242807998,3944.4378180705216,240.98820119517734,-0.1495,70.30923478885656,-11.100121016049943,0.165,0.2846549604171424,-1.0028460429965989
60.50000000000059,-3.0524546289269145,3951.4681093872027,239.86675891594052,-0.1745,70.29659154476794,-11.328724568686178,0.165,0.2846549604171424,-1.0028460429965989
60.60000000000059,-3.0788193784769784,3958.4994051640238,238.72625079517906,-0.1745,70.32932399165092,-11.481437846543052,0.495,0.2846549604171424,-1.0028460429965989
60.70000000000059,-3.0957816886907823,3965.5327580606872,237.57342922329528,-0.1745,70.33773394162056,-11.5749935911327,0.165,0.2846549604171424,-1.0028460429965989
60.800000000000594,-3.1067306861198913,3972.5672061210284,236.41290708252941,-0.1745,70.35122726520017,-11.635449224184418,0.165,0.2846549604171424,-1.0028460429965989
60.900000000000595,-3.1138353491540838,3979.603163876978,235.2473986402068,-0.1745,70.36792785379104,-11.674719622267952,0.165,0.2846549604171424,-1.0028460429965989
61.0000000000006,-3.1184833324394834,3986.640892384308,234.07864095186602,-0.1745,70.38664229280116,-11.70043414454743,0.165,0.2846549604171424,-1.0028460429965989
61.1000000000006,-3.121562174757176,3993.6805549983314,232.90774543822644,-0.1745,70.40660998767301,-11.717476128244392,0.165,0.2846549604171424,-1.0028460429965989
61.2000000000006,-3.1236394037539217,4000.7222527804506,231.73542311919454,-0.1745,70.42734565471265,-11.728970252393545,0.165,0.2846549604171424,-1.0028460429965989
61.3000000000006,-3.1250778378225736,4007.76604703785,230.5621288393375,-0.1745,70.44853949327977,-11.736915344747265,0.165,0.2846549604171424,-1.0028460429965989
61.4000000000006,-3.1261093761894934,4014.8119736973395,229.3881535855974,-0.1745,70.46999369651243,-11.742589730054995,0.165,0.2846549604171424,-1.0028460429965989
61.500000000000604,-3.1268822090023773,4021.8600524814296,228.2136835607222,-0.1745,70.49158198528765,-11.746810767448839,0.165,0.2846549604171424,-1.0028460429965989
61.600000000000605,-3.1274910142869357,4028.9102927698027,227.03883797382343,-0.1745,70.5132237821721,-11.75010097052653,0.165,0.2846549604171424,-1.0028460429965989
61.70000000000061,-3.127996268465463,4035.962697344705,225.86369321009803,-0.1745,70.53486771586778,-11.75279430398147,0.165,0.2846549604171424,-1.0028460429965989
61.80000000000061,-3.128436592581778,4043.0172647845275,224.6882982857236,-0.1745,70.5564810805885,-11.755104183507383,0.165,0.2846549604171424,-1.0028460429965989
61.90000000000061,-3.1288366443287825,4050.0739909935155,223.51268472820874,-0.1745,70.57804309917427,-11.757166966789402,0.165,0.2846549604171424,-1.0028460429965989
62.00000000000061,-3.1292121618764597,4057.132870179324,222.33687289169865,-0.1745,70.59954061699631,-11.759069763412406,0.165,0.2846549604171424,-1.0028460429965989
62.10000000000061,-3.1295731868050303,4064.1938954776556,221.1608759928219,-0.1745,70.6209653496305,-11.760868214122297,0.165,0.2846549604171424,-1.0028460429965989
62.200000000000614,-3.1299261231371482,4071.2570593513265,219.98470268935665,-0.1745,70.6423121237873,-11.762597855182898,0.165,0.2846549604171424,-1.0028460429965989
62.300000000000615,-3.1302750525530305,4078.322353845175,218.80835872754622,-0.1745,70.6635777531803,-11.764281381025674,0.165,0.2846549604171424,-1.0028460429965989
62.40000000000062,-2.9514706964553934,4085.3897707488463,217.63184799425687,-0.1745,70.6847603202494,-11.765933284761312,0.165,0.2846549604171424,-1.0028460429965989
62.50000000000062,-2.0385303540418525,4092.4619994547484,216.48724179342315,-0.1495,70.7598137977958,-11.12619073191301,0.165,0.2846549604171424,-1.0028460429965989
62.60000000000062,-2.259062354986605,4099.532483915123,215.53978034798922,-0.037250000000000005,70.64987540968643,-7.823038176765383,0.8300000000000001,0.2846549604171424,-1.0028460429965989
62.70000000000062,-2.5786141878868722,4106.592086223836,214.71875998237095,-0.1495,70.54217076457955,-8.597369135600157,0.165,0.2846549604171424,-1.0028460429965989
62.80000000000062,-2.7836669347134886,4113.638108363486,213.8029659286297,-0.1745,70.37827202841811,-9.718511939224646,0.165,0.2846549604171424,-1.0028460429965989
62.900000000000624,-2.9152212350855624,4120.671268137008,212.79512085342893,-0.1745,70.28492344202172,-10.438389564790889,0.165,0.2846549604171424,-1.0028460429965989
63.000000000000625,-2.9996187052375847,4127.697255104927,211.7281626159535,-0.1745,70.23481591635473,-10.900775184717928,0.165,0.2846549604171424,-1.0028460429965989
63.10000000000063,-3.0537778872152184,4134.719576517598,210.62323038135563,-0.1745,70.21161233708375,-11.197869507239307,0.165,0.2846549604171424,-1.0028460429965989
63.20000000000063,-3.0885578350480447,4141.740422266368,209.49389198567647,-0.1745,70.2053026383031,-11.388898406344056,0.165,0.2846549604171424,-1.0028460429965989
63.30000000000063,-3.1109237223463913,4148.761170215087,208.3488519729786,-0.1745,70.20965633608373,-11.51190184761371,0.165,0.2846549604171424,-1.0028460429965989
63.40000000000063,-3.125340611153204,4155.782690812489,207.19369198806885,-0.1745,70.22075561194468,-11.59129785058121,0.165,0.2846549604171424,-1.0028460429965989
63.50000000000063,-3.1346695490137506,4162.805534625037,206.03198957071595,-0.1745,70.23612063901551,-11.642750496477035,0.165,0.2846549604171424,-1.0028460429965989
63.600000000000634,-2.3455872490722256,4169.8300494180185,204.86603691012456,-0.1745,70.25417522061835,-11.676302715350426,0.165,0.2846549604171424,-1.0028460429965989
63.700000000000635,-2.0205022499655874,4176.852580316601,203.84046871078525,-0.06225,70.19644275104564,-8.835061271435727,0.165,0.2846549604171424,-1.0028460429965989
63.80000000000064,-2.4303408535331714,4183.872273792547,203.0149035637008,-0.08725,70.19742676788161,-7.676241670252827,0.165,0.2846549604171424,-1.0028460429965989
63.90000000000064,-2.6943402135162255,4190.881094276941,202.17585146001562,-0.1745,69.97898292000106,-9.104800403451268,0.165,0.2846549604171424,-1.0028460429965989
64.00000000000064,-2.8643529432395494,4197.872691760995,201.2193495619492,-0.1745,69.8529667610602,-10.025237557877208,0.165,0.2846549604171424,-1.0028460429965989
64.10000000000063,-2.1835173453677417,4204.854496778892,200.18715404257168,-0.1745,69.78313359689476,-10.61867282967338,0.165,0.2846549604171424,-1.0028460429965989
64.20000000000063,-2.5377247059410184,4211.831926708136,199.24646014311477,-0.06225,69.7654649879851,-8.195205159464845,0.495,0.2846549604171424,-1.0028460429965989
64.30000000000062,-2.7664792868516153,4218.79948080637,198.36550362001262,-0.1745,69.58561697669697,-9.423925302578493,0.165,0.2846549604171424,-1.0028460429965989
64.40000000000062,-2.914163720858205,4225.752916994945,197.38340376542166,-0.1745,69.48310679479243,-10.21807178924059,0.165,0.2846549604171424,-1.0028460429965989
64.50000000000061,-3.0096375440880374,4232.698476520616,196.33592189707045,-0.1745,69.42808371864331,-10.73156557778368,0.165,0.2846549604171424,-1.0028460429965989
64.6000000000006,-3.070823513250981,4239.6416408193045,195.2458724381757,-0.1745,69.43520225511614,-11.069423600111623,0.495,0.2846549604171424,-1.0028460429965989
64.7000000000006,-3.110311308718954,4246.584828398675,194.1282356055519,-0.1745,69.42854933229256,-11.283313052363983,0.165,0.2846549604171424,-1.0028460429965989
64.8000000000006,-3.135811769679467,4253.527940928149,192.99297519451613,-0.1745,69.43370125719025,-11.4218951683517,0.165,0.2846549604171424,-1.0028460429965989
64.90000000000059,-3.152299670455461,4260.4719440141125,191.8462857916141,-0.1745,69.44636046207212,-11.511892889689177,0.165,0.2846549604171424,-1.0028460429965989
65.00000000000058,-3.162982919483909,4267.417451738415,190.6921631221897,-0.1745,69.4637940239815,-11.570560498798546,0.165,0.2846549604171424,-1.0028460429965989
65.10000000000058,-3.1699292184484356,4274.364854232239,189.53318350790576,-0.1745,69.48425585249215,-11.609031786880188,0.165,0.2846549604171424,-1.0028460429965989
65.20000000000057,-2.3874097696666094,4281.314398378021,188.37100754509785,-0.1745,69.50662706315391,-11.634487469277726,0.165,0.2846549604171424,-1.0028460429965989
65.30000000000057,-2.673386726329663,4288.2638723807995,187.34679083595464,-0.06225,69.48285299242171,-8.849846713586759,0.495,0.2846549604171424,-1.0028460429965989
65.40000000000056,-2.8583037045268274,4295.205359261237,186.41231544031493,-0.1745,69.34688461634265,-9.83966119920769,0.165,0.2846549604171424,-1.0028460429965989
65.50000000000055,-2.977830965530432,4302.136270271227,185.39630674380825,-0.1745,69.27133558344427,-10.480512730925922,0.165,0.2846549604171424,-1.0028460429965989
65.60000000000055,-3.055073652323391,4309.061500746777,184.3275034696594,-0.1745,69.23327392755728,-10.895552752051048,0.165,0.2846549604171424,-1.0028460429965989
65.70000000000054,-3.1049899784242525,4315.984103298607,183.22450237466177,-0.1745,69.2187771090414,-11.164469147901677,0.165,0.2846549604171424,-1.0028460429965989
65.80000000000054,-3.137256641862685,4322.906002683848,182.09933517971174,-0.1745,69.21921059577943,-11.338874751098807,0.165,0.2846549604171424,-1.0028460429965989
65.90000000000053,-3.1581293080503725,4329.828420393014,180.95978211172869,-0.1745,69.22914358754909,-11.452186608562114,0.165,0.2846549604171424,-1.0028460429965989
66.00000000000053,-3.171649709294188,4336.752134011528,179.8108714775613,-0.1745,69.24512878272186,-11.526026074785436,0.165,0.2846549604171424,-1.0028460429965989
66.10000000000052,-3.1804279337926395,4343.677638696608,178.65585151806485,-0.1745,69.26496491886368,-11.574373115143576,0.165,0.2846549604171424,-1.0028460429965989
66.20000000000051,-3.186148873335375,4350.605248996158,177.49681977617828,-0.1745,69.28724107213162,-11.60626172258747,0.165,0.2846549604171424,-1.0028460429965989
66.30000000000051,-3.189899812975155,4357.535163588301,176.33513034068142,-0.1745,69.31105077072355,-11.627526987350077,0.165,0.2846549604171424,-1.0028460429965989
66.4000000000005,-3.192382186394948,4364.467506667935,175.17165717451547,-0.1745,69.33581082196339,-11.641936335968788,0.165,0.2846549604171424,-1.0028460429965989
66.5000000000005,-3.1940483833871043,4371.402354495841,174.00696428789158,-0.1745,69.36114573615374,-11.65192139650887,0.165,0.2846549604171424,-1.0028460429965989
66.60000000000049,-3.19519009878487,4378.3397524667,172.84141565966664,-0.1745,69.38681368102267,-11.659051167990015,0.165,0.2846549604171424,-1.0028460429965989
66.70000000000049,-3.195995367230235,4385.279726096476,171.67524621253764,-0.1745,69.41265891449856,-11.664337774589624,0.165,0.2846549604171424,-1.0028460429965989
66.80000000000048,-3.1965853714729873,4392.2222881009875,170.5086076260722,-0.1745,69.4385811757241,-11.668433954719248,0.165,0.2846549604171424,-1.0028460429965989
66.90000000000047,-3.19703819071532,4399.167442958198,169.34159789955962,-0.1745,69.46451596848975,-11.671760575532563,0.165,0.2846549604171424,-1.0028460429965989
67.00000000000047,-3.1974041189488753,4406.115189849301,168.17428042372816,-0.1745,69.49042185357001,-11.674588941096767,0.165,0.2846549604171424,-1.0028460429965989
67.10000000000046,-3.1977155433560798,4413.065524554778,167.00669628136527,-0.1745,69.51627225597183,-11.67709390616145,0.165,0.2846549604171424,-1.0028460429965989
67.20000000000046,-3.197993313182387,4420.018440676695,165.8388721789573,-0.1745,69.54205018237475,-11.679388141997828,0.165,0.2846549604171424,-1.0028460429965989
67.30000000000045,-3.198250845008665,4426.973930426565,164.6708255599876,-0.1745,69.56774481502077,-11.681544237396036,0.165,0.2846549604171424,-1.0028460429965989
67.40000000000045,-3.1984967683676486,4433.9319851331,163.502567900606,-0.1745,69.5933493156762,-11.683608950235692,0.165,0.2846549604171424,-1.0028460429965989
67.50000000000044,-3.1987366303286278,4440.892595569381,162.33410683332446,-0.1745,69.61885940994546,-11.685612395395681,0.165,0.2846549604171424,-1.0028460429965989
67.60000000000043,-3.1991298592245276,4447.855752163618,161.16544751521195,-0.1745,69.64427247478393,-11.687573966854636,0.165,0.2846549604171424,-1.0028460429965989
67.70000000000043,-3.198702800303014,4454.824719639667,159.9960162367929,-0.1745,69.73507704620003,-11.70105160152635,0.8300000000000001,0.2846549604171424,-1.0028460429965989
67.80000000000042,-3.1985178929651332,4461.7994928777,158.82593406956994,-0.1745,69.76038771446574,-11.700591742933334,0.165,0.2846549604171424,-1.0028460429965989
67.90000000000042,-3.198489891800117,4468.776785745718,157.6558566213461,-0.1745,69.78546964590078,-11.70095722154363,0.165,0.2846549604171424,-1.0028460429965989
68.00000000000041,-3.1985640160104936,4475.756577681066,156.4857162299621,-0.1745,69.8103690610496,-11.701850606136379,0.165,0.2846549604171424,-1.0028460429965989
68.1000000000004,-3.198705066789385,4482.738851924356,155.31546966362012,-0.1745,69.83511580474799,-11.703080720702948,0.165,0.2846549604171424,-1.0028460429965989
68.2000000000004,-3.1988904297811738,4489.723594173982,154.14508939200238,-0.1745,69.85972918777078,-11.70452471165172,0.165,0.2846549604171424,-1.0028460429965989
68.3000000000004,-3.1991055765156378,4496.710791720695,152.97455797399536,-0.1745,69.88422174648447,-11.706103648488613,0.165,0.2846549604171424,-1.0028460429965989
68.40000000000039,-3.1993411729396555,4503.700432891103,151.80386444994616,-0.1745,69.90860166168294,-11.707766832495514,0.165,0.2846549604171424,-1.0028460429965989
68.50000000000038,-3.1995912212804525,4510.692506689904,150.6330020229463,-0.1745,69.93287431432017,-11.709481707501606,0.165,0.2846549604171424,-1.0028460429965989
68.60000000000038,-3.1998518661909836,4517.687002569913,149.46196656887312,-0.1745,69.95704328585292,-11.711227373961984,0.165,0.2846549604171424,-1.0028460429965989
68.70000000000037,-3.2001206278482988,4524.6839102842705,148.2907556791618,-0.1745,69.98111100130966,-11.712990420264509,0.165,0.2846549604171424,-1.0028460429965989
68.80000000000037,-3.2003959094125127,4531.6832197914655,147.1193680459527,-0.1745,70.005079142593,-11.714762243917127,0.165,0.2846549604171424,-1.0028460429965989
68.90000000000036,-3.2006766807554463,4538.684921194298,145.94780306723302,-0.1745,70.02894891405276,-11.716537330476662,0.165,0.2846549604171424,-1.0028460429965989
69.00000000000036,-3.20096227541561,4545.6890047006555,144.7760605933081,-0.1745,70.05272121309748,-11.71831214802152,0.165,0.2846549604171424,-1.0028460429965989
69.10000000000035,-3.201252260269461,4552.695460598299,143.6041407640491,-0.1745,70.07639673977742,-11.720084437158155,0.165,0.2846549604171424,-1.0028460429965989
69.20000000000034,-3.2015463518933753,4559.7042792386455,142.43204390443432,-0.1745,70.09997606715486,-11.721852755137547,0.165,0.2846549604171424,-1.0028460429965989
69.30000000000034,-3.201844362899539,4566.715451026327,141.25977045751785,-0.1745,70.1234596864842,-11.72361618319192,0.165,0.2846549604171424,-1.0028460429965989
69.40000000000033,-3.2021461675103886,4573.728966412462,140.0873209414237,-0.1745,70.14684803621327,-11.725374138690528,0.165,0.2846549604171424,-1.0028460429965989
69.50000000000033,-3.2025347297710294,4580.744815890303,138.91469592175937,-0.1745,70.17014152059564,-11.727126254596355,0.165,0.2846549604171424,-1.0028460429965989
69.60000000000032,-3.202516068540921,4587.764614934639,137.7416095279315,-0.1745,70.225839366139,-11.734601621961241,0.495,0.2846549604171424,-1.0028460429965989
69.70000000000032,-3.2026206919319526,4594.788356457419,136.5681212769781,-0.1745,70.24899108945642,-11.735163397106765,0.165,0.2846549604171424,-1.0028460429965989
69.80000000000031,-3.202805452560412,4601.814405235229,135.39455611371835,-0.1745,70.2719844667521,-11.736139868088554,0.165,0.2846549604171424,-1.0028460429965989
69.9000000000003,-3.203212516824391,4608.842746621864,134.22088014727228,-0.1745,70.29484326593423,-11.737379460832647,0.165,0.2846549604171424,-1.0028460429965989
70.0000000000003,-3.2028250098995708,4615.876642431376,133.04649464504664,-0.1745,70.38307292431713,-11.750330583680542,0.8300000000000001,0.2846549604171424,-1.0028460429965989
70.10000000000029,-3.0241361810577665,4622.916085945342,131.87150489424596,-0.1745,70.40579735500538,-11.749464432332935,0.165,0.2846549604171424,-1.0028460429965989
70.20000000000029,-3.0885076174848787,4629.963736894664,130.72788204785277,-0.1495,70.54722163143755,-11.122992495530765,0.8300000000000001,0.2846549604171424,-1.0028460429965989
70.30000000000028,-3.1297525059080202,4637.017784816922,129.60420578786105,-0.1745,70.53373681372514,-11.35053270430399,0.165,0.2846549604171424,-1.0028460429965989
70.40000000000028,-3.1562190099219514,4644.07112803697,128.46185232709743,-0.1745,70.53312758722473,-11.496536510968363,0.165,0.2846549604171424,-1.0028460429965989
70.50000000000027,-3.1732457178465405,4651.124816390138,127.30750546339746,-0.1745,70.5406394761458,-11.59040076303096,0.165,0.2846549604171424,-1.0028460429965989
70.60000000000026,-3.184244970809778,4658.179512243161,126.14543854751562,-0.1745,70.5532775843119,-11.650937554605909,0.165,0.2846549604171424,-1.0028460429965989
70.70000000000026,-3.191397036621393,4665.235633418438,124.97838274374828,-0.1745,70.56914592121721,-11.690178520740957,0.165,0.2846549604171424,-1.0028460429965989
70.80000000000025,-3.196094523587236,4672.293442734891,123.80808306369451,-0.1745,70.58704040784362,-11.715815080334512,0.165,0.2846549604171424,-1.0028460429965989
70.90000000000025,-3.1992266960671873,4679.353104500483,122.63565419903439,-0.1745,70.60619490399691,-11.732762212867884,0.165,0.2846549604171424,-1.0028460429965989
71.00000000000024,-3.201361267938414,4686.414720314669,121.4618081031275,-0.1745,70.62612137972373,-11.744159705269931,0.165,0.2846549604171424,-1.0028460429965989
71.10000000000024,-3.202860593732217,4693.478351822813,120.28699947876419,-0.1745,70.64650878317377,-11.752012781996283,0.165,0.2846549604171424,-1.0028460429965989
71.20000000000023,-3.203955905807044,4700.544035203304,119.11151875060506,-0.1745,70.66715882662831,-11.757601781186295,0.165,0.2846549604171424,-1.0028460429965989
71.30000000000022,-3.204794732889742,4707.611790400895,117.93555146011414,-0.1745,70.68794512519104,-11.76174402863212,0.165,0.2846549604171424,-1.0028460429965989
71.40000000000022,-3.2054711810339693,4714.681627015199,116.7592161998246,-0.1745,70.70878716089605,-11.764961177158531,0.165,0.2846549604171424,-1.0028460429965989
71.50000000000021,-3.206045266494357,4721.7535480572515,115.58258883557681,-0.1745,70.72963368015209,-11.767586107797369,0.165,0.2846549604171424,-1.0028460429965989
71.60000000000021,-3.206555256308223,4728.827552346357,114.40571796994969,-0.1745,70.75045210196517,-11.769831204745076,0.165,0.2846549604171424,-1.0028460429965989
71.7000000000002,-3.2070255440444155,4735.903636039422,113.22863481214925,-0.1745,70.77122175932546,-11.771831951263671,0.165,0.2846549604171424,-1.0028460429965989
71.8000000000002,-3.207471675174676,4742.981793606698,112.05135947650946,-0.1745,70.7919295862066,-11.773674761532076,0.165,0.2846549604171424,-1.0028460429965989
71.90000000000019,-3.2079035530963957,4750.062018454272,110.87390500117075,-0.1745,70.81256736526815,-11.775414745242031,0.165,0.2846549604171424,-1.0028460429965989
72.00000000000018,-3.2083274841104013,4757.144303321117,109.69627991169146,-0.1745,70.83312997163034,-11.777087044343931,0.165,0.2846549604171424,-1.0028460429965989
72.10000000000018,-3.208929007994425,4764.228640532317,108.51848985615118,-0.1745,70.85361425235799,-11.778714066461657,0.165,0.2846549604171424,-1.0028460429965989
72.20000000000017,-3.208691853503452,4771.318296665304,107.33996137548273,-0.1745,70.9395084073833,-11.791855546907192,0.8300000000000001,0.2846549604171424,-1.0028460429965989
72.30000000000017,-3.208696646281351,4778.413268285189,106.16081610827771,-0.1745,70.9599239903105,-11.791049797193208,0.165,0.2846549604171424,-1.0028460429965989
72.40000000000016,-3.2088564677334563,4785.510270763459,104.98170927934343,-0.1745,70.9801255750929,-11.791086781492272,0.165,0.2846549604171424,-1.0028460429965989
72.50000000000016,-3.209115999847447,4792.60928510666,103.8025720422889,-0.1745,71.00016128892084,-11.791657959598528,0.165,0.2846549604171424,-1.0028460429965989
72.60000000000015,-3.20944004025998,4799.710296265449,102.6233607976215,-0.1745,71.02006188687021,-11.79256693374945,0.165,0.2846549604171424,-1.0028460429965989
72.70000000000014,-3.2098061894211307,4806.813291712709,101.44404801537708,-0.1745,71.03984705832269,-11.793688711139035,0.165,0.2846549604171424,-1.0028460429965989
72.80000000000014,-3.2102001949863275,4813.91826053791,100.2646163919229,-0.1745,71.05952944570349,-11.794943757944596,0.165,0.2846549604171424,-1.0028460429965989
72.90000000000013,-3.210612988357206,4821.025192870426,99.0850551301941,-0.1745,71.07911720460213,-11.796281476631197,0.165,0.2846549604171424,-1.0028460429965989
73.00000000000013,-3.2110387986339766,4828.134079512369,97.90535757207591,-0.1745,71.09861563426537,-11.797669685732652,0.165,0.2846549604171424,-1.0028460429965989
73.10000000000012,-3.2114739524608686,4835.244911704872,96.72551969166211,-0.1745,71.11802821579512,-11.799087922543396,0.165,0.2846549604171424,-1.0028460429965989
73.20000000000012,-3.2119161104499403,4842.357680979316,95.54553913652477,-0.1745,71.13735727307598,-11.800523180203653,0.165,0.2846549604171424,-1.0028460429965989
73.30000000000011,-3.2123637814473014,4849.472379062642,94.36541461777766,-0.1745,71.15660439344995,-11.801967194738438,0.165,0.2846549604171424,-1.0028460429965989
73.4000000000001,-3.212816013592458,4856.588997817086,93.18514552210178,-0.1745,71.17577069542486,-11.803414718779194,0.165,0.2846549604171424,-1.0028460429965989
73.5000000000001,-3.2132721978543293,4863.707529201808,92.00473166499805,-0.1745,71.19485699900898,-11.804862423295315,0.165,0.2846549604171424,-1.0028460429965989
73.6000000000001,-3.213731943114087,4870.827965248462,90.82417313388423,-0.1745,71.21386393407185,-11.806308198980998,0.165,0.2846549604171424,-1.0028460429965989
73.70000000000009,-3.2141949967518784,4877.950298045628,89.64347018833841,-0.1745,71.23279200926822,-11.807750711935412,0.165,0.2846549604171424,-1.0028460429965989
73.80000000000008,-3.214661194169533,4885.074519728885,88.4626231966857,-0.1745,71.2516416558708,-11.809189121118992,0.165,0.2846549604171424,-1.0028460429965989
73.90000000000008,-3.2151304267107355,4892.200622474461,87.28163259569415,-0.1745,71.27041325564163,-11.81062289871189,0.165,0.2846549604171424,-1.0028460429965989
74.00000000000007,-3.0347976622234585,4899.328598495171,86.10049886496277,-0.1745,71.2891071585516,-11.812051715915706,0.165,0.2846549604171424,-1.0028460429965989
74.10000000000007,-3.101207191421183,4906.464503824706,84.951337460852,-0.1495,71.42899943215393,-11.171176366299822,0.8300000000000001,0.2846549604171424,-1.0028460429965989
74.20000000000006,-3.1435087757141718,4913.606466695221,83.82237611683638,-0.1745,71.41025797813192,-11.408050514012688,0.165,0.2846549604171424,-1.0028460429965989
74.30000000000005,-3.1705123438137233,4920.747238415516,82.67402984402453,-0.1745,71.40517642778012,-11.558874942224222,0.165,0.2846549604171424,-1.0028460429965989
74.40000000000005,-3.18781205326234,4927.887929941253,81.51333297710266,-0.1745,71.40865408696092,-11.655062396213138,0.165,0.2846549604171424,-1.0028460429965989
74.50000000000004,-3.198958488460008,4935.029237741763,80.34475126799043,-0.1745,71.41750192323391,-11.716571786031578,0.165,0.2846549604171424,-1.0028460429965989
74.60000000000004,-3.206204377066481,4942.171598620335,79.1711187929574,-0.1745,71.4297156482236,-11.756077714629075,0.165,0.2846549604171424,-1.0028460429965989
74.70000000000003,-3.2109785859385624,4949.315285975171,77.99423363508004,-0.1745,71.44403144848351,-11.781625442918319,0.165,0.2846549604171424,-1.0028460429965989
74.80000000000003,-3.2141872027148506,4956.460470088673,76.81523636612309,-0.1745,71.45965082155394,-11.798319936220514,0.165,0.2846549604171424,-1.0028460429965989
74.90000000000002,-3.2164046850725865,4963.60725606294,75.6348503927856,-0.1745,71.47606866378905,-11.809399530529303,0.165,0.2846549604171424,-1.0028460429965989
75.00000000000001,-3.2179951694808313,4970.755707759424,74.45353451728174,-0.1745,71.49296526588975,-11.816917979547783,0.165,0.2846549604171424,-1.0028460429965989
75.10000000000001,-3.2191894336816733,4977.905862933658,73.27157974282815,-0.1745,71.5101382187918,-11.822177509524069,0.165,0.2846549604171424,-1.0028460429965989
75.2,-3.2201337121860982,4985.057742813964,72.0891706835902,-0.1745,71.52745938732507,-11.826003675234912,0.165,0.2846549604171424,-1.0028460429965989
75.3,-3.220920652219675,4992.21135816766,70.90642451203185,-0.1745,71.54484768659441,-11.828919755931988,0.165,0.2846549604171424,-1.0028460429965989
75.39999999999999,-2.410113972834323,4999.366713144149,69.723415655131,-0.1745,71.56225184318313,-11.831257382084953,0.165,0.2846549604171424,-1.0028460429965989
75.49999999999999,-2.079914167862192,5006.523247508259,68.6885109703977,-0.06225,71.56843543903064,-8.866836312581123,0.8300000000000001,0.2846549604171424,-1.0028460429965989
75.59999999999998,-2.501080897496149,5013.683332012396,67.86146707956544,-0.08725,71.6332546437038,-7.67404150406391,0.8300000000000001,0.2846549604171424,-1.0028460429965989
75.69999999999997,-2.7694306511489057,5020.834785986007,67.0192348806621,-0.1745,71.3958248285185,-9.170602474002983,0.165,0.2846549604171424,-1.0028460429965989
75.79999999999997,-2.9404163531628047,5027.967467808644,66.05451859868225,-0.1745,71.25781162422508,-10.123723165593962,0.165,0.2846549604171424,-1.0028460429965989
75.89999999999996,-3.049377151022026,5035.089332204885,65.01177328587062,-0.1745,71.17947630060017,-10.73118309063878,0.165,0.2846549604171424,-1.0028460429965989
75.99999999999996,-3.1188454181845984,5042.205191128506,63.91929229984677,-0.1745,71.13770217182076,-11.118436629838238,0.165,0.2846549604171424,-1.0028460429965989
76.09999999999995,-3.1631812936136545,5049.318006895568,62.79510024324638,-0.1745,71.11861316942029,-11.365404502169445,0.165,0.2846549604171424,-1.0028460429965989
76.19999999999995,-3.191530789901007,5056.429622919196,61.650678044580246,-0.1745,71.11370730313325,-11.523039471153215,0.165,0.2846549604171424,-1.0028460429965989
76.29999999999994,-3.2097156287069932,5063.541193555855,60.49333532747087,-0.1745,71.1177054300544,-11.623814871034371,0.165,0.2846549604171424,-1.0028460429965989
76.39999999999993,-3.221439751634509,5070.653443894712,59.32772386055705,-0.1745,71.12730134708018,-11.688414467241973,0.165,0.2846549604171424,-1.0028460429965989
76.49999999999993,-3.229058814867434,5077.766829618669,58.156802870667924,-0.1745,71.14041313207706,-11.730005330540557,0.165,0.2846549604171424,-1.0028460429965989
76.59999999999992,-3.234070524137176,5084.881636540256,56.98245432466331,-0.1745,71.15572529965819,-11.756965589551793,0.165,0.2846549604171424,-1.0028460429965989
76.69999999999992,-3.237426864297821,5091.998043050048,55.80587483468173,-0.1745,71.17240489618437,-11.774624210079766,0.165,0.2846549604171424,-1.0028460429965989
76.79999999999991,-3.2397328101680536,5099.116159487286,54.62782513948991,-0.1745,71.18992384855645,-11.786369693756651,0.165,0.2846549604171424,-1.0028460429965989
76.8999999999999,-3.24137273902041,5106.236053037159,53.44878884841921,-0.1745,71.20794714891136,-11.794356127657268,0.165,0.2846549604171424,-1.0028460429965989
76.9999999999999,-3.2425908234338885,5113.357763505367,52.26907341310292,-0.1745,71.2262622152601,-11.799952578668544,0.165,0.2846549604171424,-1.0028460429965989
77.0999999999999,-3.243542144088163,5120.481313324189,51.088874333537234,-0.1745,71.24473416118008,-11.804029012645303,0.165,0.2846549604171424,-1.0028460429965989
77.19999999999989,-3.2443251792990924,5127.606713903806,49.908315975561635,-0.1745,71.2632774311621,-11.807138146866706,0.165,0.2846549604171424,-1.0028460429965989
77.29999999999988,-3.2450024526468453,5134.733969665288,48.72747751408396,-0.1745,71.28183779848165,-11.809631082686879,0.165,0.2846549604171424,-1.0028460429965989
77.39999999999988,-3.245613652462924,5141.8630806019255,47.54640941919506,-0.1745,71.30038093427017,-11.811730815091051,0.165,0.2846549604171424,-1.0028460429965989
77.49999999999987,-3.2461839664976795,5148.994043906005,46.365143930713316,-0.1745,71.31888514731196,-11.813578954543752,0.165,0.2846549604171424,-1.0028460429965989
77.59999999999987,-3.2467293759643705,5156.126855001988,45.18370171211609,-0.1745,71.33733677234478,-11.815265417400752,0.165,0.2846549604171424,-1.0028460429965989
77.69999999999986,-3.2472600176865454,5163.261508202639,44.00209607674347,-0.1745,71.35572724067002,-11.816847290051678,0.165,0.2846549604171424,-1.0028460429965989
77.79999999999986,-3.2477823189967396,5170.397997125646,42.820335671617215,-0.1745,71.37405121947421,-11.818360812473403,0.165,0.2846549604171424,-1.0028460429965989
77.89999999999985,-3.248300353144726,5177.5363149581235,41.638426181512614,-0.1745,71.39230543007508,-11.819828989618696,0.165,0.2846549604171424,-1.0028460429965989
77.99999999999984,-3.248816699688814,5184.6764546244995,40.45637141077942,-0.1745,71.41048789745037,-11.821266425045279,0.165,0.2846549604171424,-1.0028460429965989
78.09999999999984,-3.2493329905748674,5191.8184088930575,39.27417397002502,-0.1745,71.42859747371273,-11.822682390042768,0.165,0.2846549604171424,-1.0028460429965989
78.19999999999983,-3.2498502566727803,5198.962170443522,38.091835711918755,-0.1745,71.44663353557299,-11.824082772082466,0.165,0.2846549604171424,-1.0028460429965989
78.29999999999983,-3.250369147651946,5206.107731909916,36.90935800773412,-0.1745,71.4645957922926,-11.825471311610219,0.165,0.2846549604171424,-1.0028460429965989
78.39999999999982,-3.250890071470019,5213.25508590772,35.7267419228041,-0.1745,71.48248416379155,-11.826850386990158,0.165,0.2846549604171424,-1.0028460429965989
78.49999999999982,-3.2514132828511553,5220.404225051075,34.543988327824486,-0.1745,71.5002987032951,-11.828221512602116,0.165,0.2846549604171424,-1.0028460429965989
78.59999999999981,-3.2519389393996825,5227.555141963652,33.36109796945094,-0.1745,71.51803954825257,-11.829585654868879,0.165,0.2846549604171424,-1.0028460429965989
78.6999999999998,-3.2524671371825504,5234.707829285525,32.17807151507072,-0.1745,71.5357068891997,-11.830943432735484,0.165,0.2846549604171424,-1.0028460429965989
78.7999999999998,-3.2529979332892807,5241.862279677485,30.9949095811925,-0.1745,71.55330095000761,-11.832295244828954,0.165,0.2846549604171424,-1.0028460429965989
78.89999999999979,-3.2535313601332234,5249.0184858237535,29.811612751446003,-0.1745,71.57082197535645,-11.833641350100937,0.165,0.2846549604171424,-1.0028460429965989
78.99999999999979,-3.2540674345160907,5256.176440433661,28.628181587992838,-0.1745,71.58827022279245,-11.834981918962383,0.165,0.2846549604171424,-1.0028460429965989
79.09999999999978,-3.2546061633724,5263.336136242685,27.444616638759587,-0.1745,71.60564595769196,-11.836317065702664,0.165,0.2846549604171424,-1.0028460429965989
79.19999999999978,-3.2551475474093032,5270.497566013073,26.26091844202245,-0.1745,71.6229494500695,-11.837646869040096,0.165,0.2846549604171424,-1.0028460429965989
79.29999999999977,-3.2556915834125055,5277.660722534204,25.077087529313097,-0.1745,71.64018097255472,-11.838971385146982,0.165,0.2846549604171424,-1.0028460429965989
79.39999999999976,-3.2562382657068416,5284.825598622788,23.893124427260563,-0.1745,71.65734079911077,-11.840290655903722,0.165,0.2846549604171424,-1.0028460429965989
79.49999999999976,-3.256787587081229,5291.992187122954,22.70902965875894,-0.1745,71.67442920422253,-11.841604714128746,0.165,0.2846549604171424,-1.0028460429965989
79.59999999999975,-3.2573395393742905,5299.160480906285,21.524803743707917,-0.1745,71.69144646238276,-11.842913586891738,0.165,0.2846549604171424,-1.0028460429965989
79.69999999999975,-3.257992587944791,5306.330472871792,20.340447199482714,-0.1745,71.70839284776685,-11.844217297612289,0.165,0.2846549604171424,-1.0028460429965989
79.79999999999974,-3.2582271500530906,5313.503780888107,19.155674075240892,-0.1745,71.75776747853344,-11.851245187224155,0.495,0.2846549604171424,-1.0028460429965989
79.89999999999974,-3.2585845284085133,5320.680400163324,17.97054408729552,-0.1745,71.77461802580662,-11.851354571683327,0.165,0.2846549604171424,-1.0028460429965989
79.99999999999973,-3.259020474417613,5327.858697657558,16.785381814981626,-0.1745,71.79133185887558,-11.851890874594496,0.165,0.2846549604171424,-1.0028460429965989
80.09999999999972,-3.2595070108259128,5335.038660948338,15.600152509869597,-0.1745,71.80793395672423,-11.852695227646088,0.165,0.2846549604171424,-1.0028460429965989
80.19999999999972,-2.44605315982772,5342.220279656938,14.414834389588789,-0.1745,71.8244402152851,-11.85366717797006,0.165,0.2846549604171424,-1.0028460429965989
80.29999999999971,-2.748437665222945,5349.401339545468,13.378916079483226,-0.06225,71.79675755531136,-8.864699024141188,0.495,0.2846549604171424,-1.0028460429965989
80.39999999999971,-2.9405977273783113,5356.572915937868,12.438499815724809,-0.1745,71.63477029269234,-9.943626251027146,0.165,0.2846549604171424,-1.0028460429965989
80.4999999999997,-3.0627318101737804,5363.731736406312,11.40985760154381,-0.1745,71.54163907618738,-10.629218032592854,0.165,0.2846549604171424,-1.0028460429965989
80.5999999999997,-3.1403975057999283,5370.883337738391,10.325146973705204,-0.1745,71.49038756539647,-11.064994524179259,0.165,0.2846549604171424,-1.0028460429965989
80.69999999999969,-3.189839260713061,5378.031106157125,9.204794089821506,-0.1745,71.46498080928093,-11.342063153494692,0.165,0.2846549604171424,-1.0028460429965989
80.79999999999968,-3.2213757775774936,5385.1771384480635,8.061773936812775,-0.1745,71.45566500948858,-11.518339906679925,0.165,0.2846549604171424,-1.0028460429965989
80.89999999999968,-3.2415577729602263,5392.322742576536,6.904325160650435,-0.1745,71.45641755997568,-11.630635616566886,0.165,0.2846549604171424,-1.0028460429965989
80.99999999999967,-3.2545418667575285,5399.468737640957,5.737676677129833,-0.1745,71.46348372844932,-11.702334053845163,0.165,0.2846549604171424,-1.0028460429965989
81.09999999999967,-3.2629645324148155,5406.61563724059,4.565145912907927,-0.1745,71.47450826420882,-11.74828123059294,0.165,0.2846549604171424,-1.0028460429965989
81.19999999999966,-3.2684975231621194,5413.763763057152,3.3888369412632624,-0.1745,71.4880080670257,-11.777898202300355,0.165,0.2846549604171424,-1.0028460429965989
81.29999999999966,-3.2722006068508676,5420.913315810563,2.2100839729702075,-0.1745,71.50304700121013,-11.797161163560736,0.165,0.2846549604171424,-1.0028460429965989
81.39999999999965,-10000.0,5428.064419827298,1.0297329182899202,-0.1745,71.51903333347256,-11.809859930045008,0.165,0.2846549604171424,-1.0028460429965989
