t,reward,x,y,theta,vx,vy,throttle,wind_vx,wind_vy
0.0,0.0,237.4446154398675,934.5804783028542,-0.0060312157079555895,44.444827454533865,-1.5151829025679513,0.5,-2.165749797011851,-2.1003017751685484
0.1,-0.8413354241851534,237.4446154398675,934.5804783028542,-0.0060312157079555895,44.444827454533865,-1.5151829025679513,0.5,-2.165749797011851,-2.1003017751685484
0.2,-1.7195991283957104,241.88124019471815,934.3415344734005,-0.11828121570795558,44.28766764247918,-3.2636936865061,0.165,-2.165749797011851,-2.1003017751685484
0.30000000000000004,-2.3897023114407014,246.29784753490097,933.9184720495557,-0.1745,44.0444791611772,-5.197554790389968,0.165,-2.165749797011851,-2.1003017751685484
0.4,-2.899811060017182,250.69504726844434,933.3247150756383,-0.1745,43.899515509690275,-6.6775846879577685,0.165,-2.165749797011851,-2.1003017751685484
0.5,-3.2871089878297086,255.08109979437353,932.6001817750025,-0.1745,43.82153500889327,-7.813081324759226,0.165,-2.165749797011851,-2.1003017751685484
0.6,-3.457985264405228,259.46169632868845,931.7752992129824,-0.1745,43.79039567740511,-8.684569915643632,0.165,-2.165749797011851,-2.1003017751685484
0.7,-3.7081134189278475,263.8438263615647,930.8867836083867,-0.1495,43.85220498011978,-9.085742176270394,0.495,-2.165749797011851,-2.1003017751685484
0.7999999999999999,-3.896302262000103,268.2298730507649,929.9494147815234,-0.1745,43.8687288038844,-9.661634360997157,0.165,-2.165749797011851,-2.1003017751685484
0.8999999999999999,-4.037227202643807,272.61858468862994,928.961208788115,-0.1745,43.905503953415725,-10.102485507172453,0.165,-2.165749797011851,-2.1003017751685484
0.9999999999999999,-4.020780530022863,277.01171700305616,927.9341024630987,-0.1745,43.957142335109125,-10.43964099315271,0.165,-2.165749797011851,-2.1003017751685484
1.0999999999999999,-4.128305499020871,281.4111473505579,926.8912389425227,-0.1495,44.031464614925014,-10.417629418368417,0.165,-2.165749797011851,-2.1003017751685484
1.2,-4.20776450593367,285.8173739239396,925.8362871580536,-0.1745,44.093066852710024,-10.681406271015522,0.165,-2.165749797011851,-2.1003017751685484
1.3,-4.265899286641295,290.23017992062285,924.7580764383446,-0.1745,44.163053080954654,-10.882808123164919,0.165,-2.165749797011851,-2.1003017751685484
1.4000000000000001,-4.3078515845439265,294.65029622664497,923.662107516163,-0.1745,44.239273039487756,-11.036570320465986,0.165,-2.165749797011851,-2.1003017751685484
1.5000000000000002,-4.337538104766809,299.0782664840785,922.5525789005246,-0.1745,44.320132109182694,-11.154001992301687,0.165,-2.165749797011851,-2.1003017751685484
1.6000000000000003,-4.3579391185823395,303.5144951139583,921.4326905199345,-0.1745,44.40444048841285,-11.243765619500635,0.165,-2.165749797011851,-2.1003017751685484
1.7000000000000004,-4.371320094595667,307.9592824521653,920.3048780093554,-0.1745,44.491306275727574,-11.312484592079139,0.165,-2.165749797011851,-2.1003017751685484
1.8000000000000005,-4.379401559670646,312.4128506926189,919.1709930205039,-0.1745,44.58005853334433,-11.365215184951074,0.165,-2.165749797011851,-2.1003017751685484
1.9000000000000006,-4.383489058792852,316.87536318091765,918.0324416635228,-0.1745,44.67019123262984,-11.405811954671181,0.165,-2.165749797011851,-2.1003017751685484
2.0000000000000004,-4.384572438966547,321.34693884253676,916.8902905797851,-0.1745,44.76132199975202,-11.437209720082869,0.165,-2.165749797011851,-2.1003017751685484
2.1000000000000005,-4.382328071851432,325.8276630179759,915.745348066011,-0.1745,44.85316150903043,-11.461640555397555,0.165,-2.165749797011851,-2.1003017751685484
2.2000000000000006,-4.378985993976108,330.31922056730724,914.5979395538611,-0.1745,44.97798947759644,-11.48652968760196,0.495,-2.165749797011851,-2.1003017751685484
2.3000000000000007,-4.3745113184586994,334.8216562531015,913.4485854945964,-0.1745,45.07072423828846,-11.500551497692868,0.165,-2.165749797011851,-2.1003017751685484
2.400000000000001,-4.243755098032498,339.33337346640855,912.2979654353287,-0.1745,45.16362002785336,-11.511849687660256,0.165,-2.165749797011851,-2.1003017751685484
2.500000000000001,-4.269185167058783,343.85623734159736,911.1609462476171,-0.1495,45.2936574759234,-11.228534066572232,0.495,-2.165749797011851,-2.1003017751685484
2.600000000000001,-4.286372506748641,348.38977653435364,910.0340755194414,-0.1745,45.37712637920201,-11.308880496940647,0.165,-2.165749797011851,-2.1003017751685484
2.700000000000001,-4.2973686176205215,352.9317787451109,908.9001243657709,-0.1745,45.462917835942655,-11.370142576469897,0.165,-2.165749797011851,-2.1003017751685484
2.800000000000001,-4.303721422704056,357.4824449268018,907.7607671929527,-0.1745,45.55040579787629,-11.417000879894308,0.165,-2.165749797011851,-2.1003017751685484
2.9000000000000012,-4.3065979177070375,362.0419212447386,906.6172671906163,-0.1745,45.63912056085936,-11.452999166834312,0.165,-2.165749797011851,-2.1003017751685484
3.0000000000000013,-4.178678010755316,366.61031273047456,905.4705763611631,-0.1745,45.72870915386003,-11.480817422230265,0.165,-2.165749797011851,-2.1003017751685484
3.1000000000000014,-4.208684269701789,371.19127559630994,904.3361208399508,-0.1495,45.890548162847146,-11.208293002016003,0.8300000000000001,-2.165749797011851,-2.1003017751685484
3.2000000000000015,-4.229299230397215,375.78436588570605,903.2107315142558,-0.1745,45.971257625074905,-11.29949351188473,0.165,-2.165749797011851,-2.1003017751685484
3.3000000000000016,-4.242884285567357,380.38566379994245,902.0773211699988,-0.1745,46.05470065965362,-11.368713373256353,0.165,-2.165749797011851,-2.1003017751685484
3.4000000000000017,-4.25121443860459,384.9954057422515,900.9378152644139,-0.1745,46.140138186526606,-11.42140473844119,0.165,-2.165749797011851,-2.1003017751685484
3.5000000000000018,-4.2834963270392965,389.6137635771156,899.7936610207732,-0.1745,46.227018510755414,-11.461680134370653,0.165,-1.8166528433235958,-2.379453735405969
3.600000000000002,-4.304820998338403,394.2404603960405,898.6426180707325,-0.1745,46.30691786774256,-11.55917886644438,0.165,-1.8166528433235958,-2.379453735405969
3.700000000000002,-4.319187331806182,398.8769194515496,897.4827159031028,-0.1745,46.42226324244035,-11.638864486151004,0.495,-1.8166528433235958,-2.379453735405969
3.800000000000002,-4.328088506083391,403.5233995779563,896.3160731466327,-0.1745,46.507339285693085,-11.693990643251363,0.165,-1.8166528433235958,-2.379453735405969
3.900000000000002,-4.332910771452317,408.1784635746679,895.144569235055,-0.1745,46.593940648538776,-11.736087588301777,0.165,-1.8166528433235958,-2.379453735405969
4.000000000000002,-4.334694357677188,412.8422422898976,893.9693444925866,-0.1745,46.68163365605625,-11.76840726106555,0.165,-1.8166528433235958,-2.379453735405969
4.100000000000001,-4.334219249958949,417.51482865731265,892.791254281271,-0.1745,46.770093692243734,-11.793396965247025,0.165,-1.8166528433235958,-2.379453735405969
4.200000000000001,-4.3320698620561435,422.1962872192532,891.6109395992604,-0.1745,46.859077546567406,-11.812896674964893,0.165,-1.8166528433235958,-2.379453735405969
4.300000000000001,-4.201883575286455,426.8866612409608,890.428880339474,-0.1745,46.94840288758428,-11.828288520764483,0.165,-1.8166528433235958,-2.379453735405969
4.4,-4.230851894322003,431.5863315921921,889.2611783051427,-0.1495,47.045004137041346,-11.525752165859892,0.165,-1.8166528433235958,-2.379453735405969
4.5,-4.2506600428363805,436.29478269909174,888.1041023274885,-0.1745,47.124018000952105,-11.61576738722419,0.165,-1.8166528433235958,-2.379453735405969
4.6,-4.263647172453139,441.01127318703305,886.9391243565046,-0.1745,47.205791757874515,-11.683792032453582,0.165,-1.8166528433235958,-2.379453735405969
4.699999999999999,-4.271562119382659,445.736041130252,885.7681662798177,-0.1745,47.289567106503604,-11.735369501285055,0.165,-1.8166528433235958,-2.379453735405969
4.799999999999999,-4.2757113215214755,450.46925853149185,884.5926649037309,-0.1745,47.3747809182941,-11.7746580204513,0.165,-1.8166528433235958,-2.379453735405969
4.899999999999999,-4.277069979722209,455.2110482898268,883.4136933430565,-0.1745,47.46101424840496,-11.804773193036278,0.165,-1.8166528433235958,-2.379453735405969
4.999999999999998,-4.276365499005235,459.9614967538779,882.2320523317649,-0.1745,47.54795503261663,-11.828047032795636,0.165,-1.8166528433235958,-2.379453735405969
5.099999999999998,-4.274140057144746,464.7206630369983,881.0483388090904,-0.1745,47.63537062979136,-11.84622342069435,0.165,-1.8166528433235958,-2.379453735405969
5.1999999999999975,-4.270797477963778,469.4885859444306,879.8629973721954,-0.1745,47.7230875188552,-11.860605317204758,0.165,-1.8166528433235958,-2.379453735405969
5.299999999999997,-4.266638316442392,474.2652891321639,878.6763588330746,-0.1745,47.810976235810855,-11.872165465211953,0.165,-1.8166528433235958,-2.379453735405969
5.399999999999997,-4.261886099397221,479.05078495253827,877.4886690834858,-0.1745,47.89894017167617,-11.88162952656314,0.165,-1.8166528433235958,-2.379453735405969
5.4999999999999964,-4.256706936612079,483.8450773225212,876.300110684959,-0.1745,47.986907227983025,-11.889538443973024,0.165,-1.8166528433235958,-2.379453735405969
5.599999999999996,-4.2512241669022774,488.64816386362844,875.1108190041853,-0.1745,48.0748235941611,-11.896295171502935,0.165,-1.8166528433235958,-2.379453735405969
5.699999999999996,-4.2455292886561145,493.46003749854685,873.9208942626407,-0.1745,48.16264910420677,-11.902199659388598,0.165,-1.8166528433235958,-2.379453735405969
5.799999999999995,-4.239690112013157,498.28068764229084,872.7304105285041,-0.1745,48.25035377067264,-11.907475023343789,0.165,-1.8166528433235958,-2.379453735405969
5.899999999999995,-4.100980996373835,503.11010109068644,871.5394224221212,-0.1745,48.337915197239546,-11.912287104313744,0.165,-1.8166528433235958,-2.379453735405969
5.999999999999995,-4.12932551381458,507.9520150667515,870.364091819137,-0.1495,48.50036432406208,-11.594324955370848,0.8300000000000001,-1.8166528433235958,-2.379453735405969
6.099999999999994,-3.566496386540031,512.8058323223678,869.2002045027268,-0.1745,48.575980788262264,-11.683421372833662,0.165,-1.8166528433235958,-2.379453735405969
6.199999999999994,-3.737771665036588,517.6633455458422,868.1037991114563,-0.06225,48.57428368122621,-10.244686452576314,0.495,-1.8166528433235958,-2.379453735405969
6.299999999999994,-3.862704713142471,522.5220258386693,867.0573694756785,-0.1745,48.59932217531659,-10.68390626297951,0.165,-1.8166528433235958,-2.379453735405969
6.399999999999993,-3.9533328436891573,527.3840458695615,865.9726532130819,-0.1745,48.641078442528496,-11.010418988950395,0.165,-1.8166528433235958,-2.379453735405969
6.499999999999993,-4.0185946987475045,532.2508427767219,864.859477120083,-0.1745,48.69485970067839,-11.253102871027698,0.165,-1.8166528433235958,-2.379453735405969
6.5999999999999925,-4.065119888254197,537.1234520600436,863.7251455972456,-0.1745,48.75732596575494,-11.433527585720023,0.165,-1.8166528433235958,-2.379453735405969
6.699999999999992,-4.09782000104571,542.0026221871098,862.5750803862098,-0.1745,48.82607657556772,-11.567776634996182,0.165,-1.8166528433235958,-2.379453735405969
6.799999999999992,-4.120330145384362,546.888894675272,861.413300463151,-0.1745,48.89937318767742,-11.667821826179926,0.165,-1.8166528433235958,-2.379453735405969
6.8999999999999915,-4.1353382185280845,551.7826608402357,860.2427813752614,-0.1745,48.97595011159636,-11.742559931612524,0.165,-1.8166528433235958,-2.379453735405969
6.999999999999991,-4.144830039489103,556.6842024502813,859.0657237324555,-0.1745,49.054882089315164,-11.798592924506616,0.165,-1.8166528433235958,-2.379453735405969
7.099999999999991,-4.150271571360699,561.5937210938787,857.883753405291,-0.1745,49.13549078263257,-11.840813618781477,0.165,-1.8166528433235958,-2.379453735405969
7.19999999999999,-4.1527442008801465,566.5113595269577,856.6980705215709,-0.1745,49.2172778789473,-11.872844055620423,0.165,-1.8166528433235958,-2.379453735405969
7.29999999999999,-4.153045052728221,571.4372172617277,855.5095601757216,-0.1745,49.29987681645323,-11.897362861364648,0.165,-1.8166528433235958,-2.379453735405969
7.39999999999999,-4.1517613001383165,576.3713619882541,854.3188745735628,-0.1745,49.38301771407312,-11.916349181811336,0.165,-1.8166528433235958,-2.379453735405969
7.499999999999989,-4.149325162221389,581.3138379623821,853.1264939080926,-0.1745,49.46650176848738,-11.931264127592385,0.165,-1.8166528433235958,-2.379453735405969
7.599999999999989,-4.146054573607467,586.2646721755941,851.9327714250106,-0.1745,49.55018249575367,-11.943185534046744,0.165,-1.8166528433235958,-2.379453735405969
7.699999999999989,-4.142183235804904,591.2238788980281,850.7379667523988,-0.1745,49.63395195292695,-11.952907918189169,0.165,-1.8166528433235958,-2.379453735405969
7.799999999999988,-4.137882806485814,596.1914630256767,849.5422705295954,-0.1745,49.71773060004433,-11.961016537880816,0.165,-1.8166528433235958,-2.379453735405969
7.899999999999988,-4.133279272299143,601.1674225472902,848.3458225922557,-0.1745,49.801459832225994,-11.967942208912335,0.165,-1.8166528433235958,-2.379453735405969
7.999999999999988,-4.12846502188202,606.151750362647,847.1487253896317,-0.1745,49.885096474909375,-11.974001843565903,0.165,-1.8166528433235958,-2.379453735405969
8.099999999999987,-4.123507742558128,611.1444356226306,845.9510538771731,-0.1745,49.968608724762134,-11.979428405606889,0.165,-1.8166528433235958,-2.379453735405969
8.199999999999987,-3.5210444342659493,616.1454647166848,844.7528628054852,-0.1745,50.05197315632271,-11.984393028151995,0.165,-1.8166528433235958,-2.379453735405969
8.299999999999986,-3.6836907582941345,621.1487636705631,843.634065890305,-0.06225,50.01400592124245,-10.391545275451652,0.165,-1.8166528433235958,-2.379453735405969
8.399999999999986,-3.801244921942387,626.1512855103016,842.573500007962,-0.1745,50.03643087352733,-10.819772371408806,0.165,-1.8166528433235958,-2.379453735405969
8.499999999999986,-3.885747650951516,631.1568932344621,841.4757590527196,-0.1745,50.07572360968342,-11.135046733439738,0.165,-1.8166528433235958,-2.379453735405969
8.599999999999985,-3.9460499186715623,636.1670316033346,840.3506482526003,-0.1745,50.127043767766565,-11.367169268946546,0.165,-1.8166528433235958,-2.379453735405969
8.699999999999985,-3.988650563658261,641.1827324264723,839.2053816593766,-0.1745,50.186972694986366,-11.538162595528338,0.165,-1.8166528433235958,-2.379453735405969
8.799999999999985,-3.881672287308475,646.2047346892546,838.0452597822438,-0.1745,50.25307256065946,-11.66427494712732,0.165,-1.8166528433235958,-2.379453735405969
8.899999999999984,-3.939088554996561,651.2360100047057,836.8917185639309,-0.1495,50.372433748364024,-11.406549419130528,0.495,-1.8166528433235958,-2.379453735405969
8.999999999999984,-3.9795377382575974,656.2762646398272,835.7428575437153,-0.1745,50.43265895406562,-11.57067098518005,0.165,-1.8166528433235958,-2.379453735405969
9.099999999999984,-4.007610460930115,661.3228388042613,834.5797461737577,-0.1745,50.49882433461685,-11.691556413973451,0.165,-1.8166528433235958,-2.379453735405969
9.199999999999983,-4.026664724915358,666.3762418451181,833.4061287306417,-0.1745,50.569236482517624,-11.780792448345492,0.165,-1.8166528433235958,-2.379453735405969
9.299999999999983,-4.039154782649002,671.4368373716071,832.2247448715726,-0.1745,50.64267404726191,-11.846884733036047,0.165,-1.8166528433235958,-2.379453735405969
9.399999999999983,-4.046872950272582,676.5048837234843,831.0375971883578,-0.1745,50.71825299028351,-11.896068931259084,0.165,-1.8166528433235958,-2.379453735405969
9.499999999999982,-4.051127169813995,681.5805629642753,829.8461481786162,-0.1745,50.795331825533985,-11.932911263573285,0.165,-1.8166528433235958,-2.379453735405969
9.599999999999982,-4.052871238985235,686.6640017696277,828.6514650126287,-0.1745,50.87344428151374,-11.960752056176508,0.165,-1.8166528433235958,-2.379453735405969
9.699999999999982,-4.051371576235815,691.7552865372858,827.4543257780339,-0.1745,50.95225107164694,-11.982032635719838,0.165,-1.8166528433235958,-2.379453735405969
9.799999999999981,-4.049130911965599,696.8577488531128,826.2547200833959,-0.1745,51.09699524489177,-12.010081257040023,0.8300000000000001,-1.8166528433235958,-2.379453735405969
9.89999999999998,-4.046194018632504,701.9714315918,825.0531758811583,-0.1745,51.17665952885284,-12.02080278771225,0.165,-1.8166528433235958,-2.379453735405969
9.99999999999998,-4.042762058041909,707.0930832180962,823.850654400967,-0.1745,51.256372997073676,-12.02962681611308,0.165,-1.8166528433235958,-2.379453735405969
10.09999999999998,-4.038981139605774,712.2227050601546,822.6473193999756,-0.1745,51.33606384409385,-12.037073203714264,0.165,-1.8166528433235958,-2.379453735405969
10.19999999999998,-3.89627368301472,717.3602922417965,821.4432897244798,-0.1745,51.41567978874498,-12.0435203062023,0.165,-1.8166528433235958,-2.379453735405969
10.29999999999998,-3.9313129422451194,722.5065933588199,820.2572791344803,-0.1495,51.51034255172253,-11.676691493787601,0.165,-1.8166528433235958,-2.379453735405969
10.399999999999979,-3.9553696381208225,727.6608783013095,819.0842166981805,-0.1745,51.57535629806853,-11.784557232208822,0.165,-1.8166528433235958,-2.379453735405969
10.499999999999979,-3.9714836738214467,732.821857413302,817.9018017585253,-0.1745,51.64422594178189,-11.863741560895315,0.165,-1.8166528433235958,-2.379453735405969
10.599999999999978,-3.981859951944102,737.9898595722975,816.7125090269574,-0.1745,51.715817238127265,-11.922113070462196,0.165,-1.8166528433235958,-2.379453735405969
10.699999999999978,-3.9880965394937467,743.1651161455135,815.5181336360152,-0.1745,51.7893142261911,-11.965394748380827,0.165,-1.8166528433235958,-2.379453735405969
10.799999999999978,-3.9913508674235887,748.3477882893803,814.3199766668805,-0.1745,51.864128651146785,-11.997744634314149,0.165,-1.8166528433235958,-2.379453735405969
10.899999999999977,-3.9924606631438624,753.5379865128555,813.1189803889981,-0.1745,51.93983581835559,-12.022180923333606,0.165,-1.8166528433235958,-2.379453735405969
10.999999999999977,-3.992031861511779,758.7357847461752,811.91582671343,-0.1745,52.016128848040395,-12.040892588030035,0.165,-1.8166528433235958,-2.379453735405969
11.099999999999977,-3.9905024566740153,763.941230482893,810.7110087850829,-0.1745,52.092785886315546,-12.055465978912714,0.165,-1.8166528433235958,-2.379453735405969
11.199999999999976,-3.988188843264407,769.1543521031075,809.504882991002,-0.1745,52.1696465179725,-12.067049902705463,0.165,-1.8166528433235958,-2.379453735405969
11.299999999999976,-3.98531942496519,774.3751641668129,808.2977067088298,-0.1745,52.24659475613359,-12.076475740738356,0.165,-1.8166528433235958,-2.379453735405969
11.399999999999975,-3.982058972435833,779.6036712423355,807.089665683599,-0.1745,52.32354675431911,-12.084344763876917,0.165,-1.8166528433235958,-2.379453735405969
11.499999999999975,-3.9785262655081155,784.8398706760714,805.8808938681206,-0.1745,52.400441920399516,-12.09109154569375,0.165,-1.8166528433235958,-2.379453735405969
11.599999999999975,-3.974806863369033,790.0837545964233,804.6714877918447,-0.1745,52.4772364866386,-12.097029979823157,0.165,-1.8166528433235958,-2.379453735405969
11.699999999999974,-3.9709623426371623,795.3353113635353,803.4615169604022,-0.1745,52.553898855600465,-12.102386649028523,0.165,-1.8166528433235958,-2.379453735405969
11.799999999999974,-3.967036976365341,800.5945266178784,802.2510313776577,-0.1745,52.630406231261915,-12.107325005860078,0.165,-1.8166528433235958,-2.379453735405969
11.899999999999974,-3.9630625600879372,805.8613840384769,801.0400669831849,-0.1745,52.706742180708765,-12.111962883594853,0.165,-1.8166528433235958,-2.379453735405969
11.999999999999973,-3.9578158458720427,811.1358658910016,799.8286495805431,-0.1745,52.78289486978417,-12.116385169241946,0.165,-1.8166528433235958,-2.379453735405969
12.099999999999973,-3.95297241435215,816.4212279286194,798.616220401219,-0.1745,52.92434588257298,-12.132198417240629,0.8300000000000001,-1.8166528433235958,-2.379453735405969
12.199999999999973,-3.94837528889083,821.7174575605337,797.402908385469,-0.1745,53.00024675571497,-12.134041897759783,0.165,-1.8166528433235958,-2.379453735405969
12.299999999999972,-3.9439633979209656,827.0212625643393,796.1893831616992,-0.1745,53.075853320396824,-12.136462577637204,0.165,-1.8166528433235958,-2.379453735405969
12.399999999999972,-3.939692859190991,832.3326146511629,794.9755951455678,-0.1745,53.15118841607569,-12.139297744990182,0.165,-1.8166528433235958,-2.379453735405969
12.499999999999972,-3.9355321401273957,837.6514874966233,793.7615087352967,-0.1745,53.226268493132025,-12.142430460430708,0.165,-1.8166528433235958,-2.379453735405969
12.599999999999971,-3.9314585762463494,842.9778561913703,792.5470983765858,-0.1745,53.3011054018067,-12.14577671378824,0.165,-1.8166528433235958,-2.379453735405969
12.69999999999997,-3.92745586786281,848.311696845598,791.3323457322854,-0.1745,53.37570768274891,-12.149276172220198,0.165,-1.8166528433235958,-2.379453735405969
12.79999999999997,-3.923512281162616,853.652986304603,790.11723764773,-0.1745,53.45008149735165,-12.152885518886226,0.165,-1.8166528433235958,-2.379453735405969
12.89999999999997,-3.9196193561372934,859.0017019443687,788.901764688819,-0.1745,53.524231297962736,-12.156573659333803,0.165,-1.8166528433235958,-2.379453735405969
12.99999999999997,-3.9157709790639665,864.3578215247865,787.6859200921647,-0.1745,53.598160310392196,-12.160318273751024,0.165,-1.8166528433235958,-2.379453735405969
13.09999999999997,-3.911962717031841,869.7213230843596,786.4696990115501,-0.1745,53.671870881069566,-12.164103338539396,0.165,-1.8166528433235958,-2.379453735405969
13.199999999999969,-3.908191340734665,875.0921848647464,785.2530979773412,-0.1745,53.74536472666706,-12.167917345639575,0.165,-1.8166528433235958,-2.379453735405969
13.299999999999969,-3.904454482448974,880.470385256754,784.0361145088664,-0.1745,53.818643113483084,-12.171752023856998,0.165,-1.8166528433235958,-2.379453735405969
13.399999999999968,-3.2570192835860903,885.8559027617417,782.8187468366157,-0.1745,53.89170698627324,-12.17560142115816,0.165,-1.8166528433235958,-2.379453735405969
13.499999999999968,-3.445312552381509,891.2430302143484,781.6927203977723,-0.06225,53.85084206586096,-10.34492735570836,0.165,-1.8166528433235958,-2.379453735405969
13.599999999999968,-3.5784906145091537,896.6278763035652,780.6320308571857,-0.1745,53.84607971847538,-10.868863456023417,0.165,-1.8166528433235958,-2.379453735405969
13.699999999999967,-3.672311321673058,902.0134036541991,779.5263619795575,-0.1745,53.86446729420305,-11.244514096541076,0.165,-1.8166528433235958,-2.379453735405969
13.799999999999967,-3.7380533335864268,907.40157176991,778.3884416345036,-0.1745,53.898895020013576,-11.51389280453612,0.165,-1.8166528433235958,-2.379453735405969
13.899999999999967,-3.783781328634197,912.7937413564746,777.2273870427761,-0.1745,53.94449671127918,-11.707199030014552,0.165,-1.8166528433235958,-2.379453735405969
13.999999999999966,-3.8152564048760333,918.1908613324252,776.0497214061843,-0.1745,53.99790280773388,-11.846113701820064,0.165,-1.8166528433235958,-2.379453735405969
14.099999999999966,-3.8365904865036926,923.5935944893573,774.8601067198055,-0.1745,54.05676033090676,-11.946180025756545,0.165,-1.8166528433235958,-2.379453735405969
14.199999999999966,-3.8507160847791337,929.0024033195177,773.6618714248967,-0.1745,54.11941627230175,-12.018525872416891,0.165,-1.8166528433235958,-2.379453735405969
14.299999999999965,-3.8597230604884594,934.417609355928,772.457389715432,-0.1745,54.18470445590398,-12.071108316877622,0.165,-1.8166528433235958,-2.379453735405969
14.399999999999965,-3.865099747334451,939.8394345675827,771.2483537471905,-0.1745,54.251799777189234,-12.109611047951013,0.165,-1.8166528433235958,-2.379453735405969
14.499999999999964,-3.867905410946355,945.2680304228553,770.0359686904218,-0.1745,54.32011732826353,-12.13809008742536,0.165,-1.8166528433235958,-2.379453735405969
14.599999999999964,-3.8683564969588047,950.703498387884,768.8210923103923,-0.1745,54.38924197231132,-12.15943751316577,0.165,-1.8166528433235958,-2.379453735405969
14.699999999999964,-3.867660045714973,956.1475293719142,767.6040482721347,-0.1745,54.49137770829175,-12.181443251984359,0.495,-1.8166528433235958,-2.379453735405969
14.799999999999963,-3.8661826695381296,961.6001673750648,766.385327463287,-0.1745,54.561382354719974,-12.192972924968903,0.165,-1.8166528433235958,-2.379453735405969
14.899999999999963,-3.864159509613737,967.0598111828344,765.1655651209226,-0.1745,54.63149380067316,-12.202273922320726,0.165,-1.8166528433235958,-2.379453735405969
14.999999999999963,-3.8617573659363957,972.526466872836,763.9449517792757,-0.1745,54.7016199993572,-12.209992910617085,0.165,-1.8166528433235958,-2.379453735405969
15.099999999999962,-3.8590944824626074,978.0001326534377,762.7236226660715,-0.1745,54.771695612677824,-12.216589353467043,0.165,-1.8166528433235958,-2.379453735405969
15.199999999999962,-3.856254622921857,983.4808011487278,761.5016737225848,-0.1745,54.84167429312208,-12.222389516266736,0.165,-1.8166528433235958,-2.379453735405969
15.299999999999962,-3.705403387145828,988.9684610230787,760.2791729994389,-0.1745,54.911523193895945,-12.227624946650746,0.165,-1.8166528433235958,-2.379453735405969
15.399999999999961,-3.746630648113966,994.4642066206861,759.0772286560943,-0.1495,55.003388758252505,-11.81126192023972,0.165,-1.8166528433235958,-2.379453735405969
15.499999999999961,-3.6264536921981962,999.9671321647168,757.8897122332365,-0.1745,55.055122122359236,-11.939066536917215,0.165,-1.8166528433235958,-2.379453735405969
15.59999999999996,-3.689765040694628,1005.4767736251594,756.7123353460108,-0.1495,55.13770708649193,-11.608471207595773,0.165,-1.8166528433235958,-2.379453735405969
15.69999999999996,-3.5834880462069743,1010.9926570958145,755.5420187586737,-0.1745,55.179962326611175,-11.79786053914501,0.165,-1.8166528433235958,-2.379453735405969
15.79999999999996,-3.657281247108113,1016.5178296874734,754.3761540164975,-0.1495,55.32348950656708,-11.51943430437926,0.8300000000000001,-1.8166528433235958,-2.379453735405969
15.89999999999996,-3.7083509638560503,1022.052041247983,753.2132605353098,-0.1745,55.360741703624385,-11.738435319373297,0.165,-1.8166528433235958,-2.379453735405969
15.99999999999996,-3.7433966172504074,1027.5904409715695,752.0316317927295,-0.1745,55.40725276810375,-11.89413953223337,0.165,-1.8166528433235958,-2.379453735405969
16.09999999999996,-3.767152051005745,1033.1338120908376,750.8366705110906,-0.1745,55.460169617257144,-12.005086100544995,0.165,-1.8166528433235958,-2.379453735405969
16.19999999999996,-3.7829596178333165,1038.6826961497954,749.632195518486,-0.1745,55.517511561898765,-12.084413751545124,0.165,-1.8166528433235958,-2.379453735405969
16.29999999999996,-3.7931775215611263,1044.2374665738544,748.4209036946736,-0.1745,55.57789691927757,-12.141422724704155,0.165,-1.8166528433235958,-2.379453735405969
16.399999999999963,-3.799468502860833,1049.7983793540095,747.2046980967222,-0.1745,55.640358683825426,-12.182689234325437,0.165,-1.8166528433235958,-2.379453735405969
16.499999999999964,-3.8030042157013844,1055.3656082178668,745.9849206826442,-0.1745,55.70421859331914,-12.21285904723424,0.165,-1.8166528433235958,-2.379453735405969
16.599999999999966,-3.8046097819852798,1060.939269160231,744.7625171550397,-0.1745,55.76900025396923,-12.23521150485578,0.165,-1.8166528433235958,-2.379453735405969
16.699999999999967,-3.8048659505596314,1066.5194376125228,743.5381535927219,-0.1745,55.83436879186613,-12.252059741501775,0.165,-1.8166528433235958,-2.379453735405969
16.79999999999997,-3.8041812416372958,1072.106160488386,742.312298891484,-0.1745,55.90008872539629,-12.265034283254355,0.165,-1.8166528433235958,-2.379453735405969
16.89999999999997,-3.8028428610175773,1077.6994646475446,741.085282988364,-0.1745,55.965994457775764,-12.275283779145758,0.165,-1.8166528433235958,-2.379453735405969
16.99999999999997,-3.8010526094047092,1083.299362848547,739.857337952368,-0.1745,56.03196956227078,-12.283616940776163,0.165,-1.8166528433235958,-2.379453735405969
17.099999999999973,-3.7989521941857394,1088.9058579375992,738.6286269640526,-0.1745,56.09793221877648,-12.29060282552989,0.165,-1.8166528433235958,-2.379453735405969
17.199999999999974,-3.7966410613048325,1094.5189457968374,737.3992647409651,-0.1745,56.16382496598731,-12.296641636220691,0.165,-1.8166528433235958,-2.379453735405969
17.299999999999976,-3.7941889508926137,1100.13861741948,736.1693319255565,-0.1745,56.22960748686103,-12.302014671951678,0.165,-1.8166528433235958,-2.379453735405969
17.399999999999977,-3.791644733214297,1105.7648603702519,734.9388852145661,-0.1745,56.295251528575676,-12.306919547858266,0.165,-1.8166528433235958,-2.379453735405969
17.49999999999998,-3.6373496769184444,1111.3976598129566,733.7079644864893,-0.1745,56.360737325518244,-12.311495013676096,0.165,-1.8166528433235958,-2.379453735405969
17.59999999999998,-3.6811544470813935,1117.03825945697,732.498711866117,-0.1495,56.45125555475029,-11.87355739377039,0.165,-1.8166528433235958,-2.379453735405969
17.69999999999998,-3.7109403785795774,1122.6856735240995,731.3045186824942,-0.1745,56.497025787838176,-12.010306278685519,0.165,-1.8166528433235958,-2.379453735405969
17.799999999999983,-3.730927341177226,1128.337950557331,730.0986473033802,-0.1745,56.548514876792964,-12.107121303595308,0.165,-1.8166528433235958,-2.379453735405969
17.899999999999984,-3.7440708450823204,1133.9955723312798,728.8844935511095,-0.1745,56.603920602183194,-12.175953741817828,0.165,-1.8166528433235958,-2.379453735405969
17.999999999999986,-3.7524395003753455,1139.6588680392374,727.6644362257015,-0.1745,56.661993556969485,-12.225192766342548,0.165,-1.8166528433235958,-2.379453735405969
18.099999999999987,-3.7574802724601586,1145.3280609737494,726.4401405124065,-0.1745,56.72186513326963,-12.26072149955779,0.165,-1.8166528433235958,-2.379453735405969
18.19999999999999,-3.7602047081674494,1151.003300748356,725.212771328182,-0.1745,56.78293035886096,-12.28666218493266,0.165,-1.8166528433235958,-2.379453735405969
18.29999999999999,-3.7604369024121014,1156.6846856369475,723.9831431637125,-0.1745,56.844767412971684,-12.305901104458519,0.165,-1.8166528433235958,-2.379453735405969
18.39999999999999,-3.7596557522984275,1162.3755526126738,722.7512479455564,-0.1745,56.97257210155623,-12.332003258662471,0.8300000000000001,-1.8166528433235958,-2.379453735405969
18.499999999999993,-3.7583460255115493,1168.0759453299263,721.5175987347645,-0.1745,57.03528224349259,-12.340980957176505,0.165,-1.8166528433235958,-2.379453735405969
18.599999999999994,-3.756674419002781,1173.7826104538708,720.2831310456734,-0.1745,57.09802023539598,-12.348372824647234,0.165,-1.8166528433235958,-2.379453735405969
18.699999999999996,-3.7547570781604804,1179.4955473033065,719.0479795131092,-0.1745,57.160716753318866,-12.354657826636164,0.165,-1.8166528433235958,-2.379453735405969
18.799999999999997,-3.7526748760916333,1185.2147493168998,717.8122381136792,-0.1745,57.22332351854906,-12.36017016196375,0.165,-1.8166528433235958,-2.379453735405969
18.9,-3.7504840866513725,1190.9402058402975,716.5759724606843,-0.1745,57.2858069494061,-12.365142897934849,0.165,-1.8166528433235958,-2.379453735405969
19.0,-3.748223836180482,1196.6719033740494,715.3392283913257,-0.1745,57.34814372563284,-12.369738489235631,0.165,-1.8166528433235958,-2.379453735405969
19.1,-3.590866023277104,1202.4098264448025,714.1020379612843,-0.1745,57.4103176894319,-12.374070111592424,0.165,-1.8166528433235958,-2.379453735405969
19.200000000000003,-3.6362951710151115,1208.1569626659762,712.8870720036396,-0.1495,57.532406734041736,-11.925249041302937,0.495,-1.8166528433235958,-2.379453735405969
19.300000000000004,-3.666305118704975,1213.9122672818107,711.687406947871,-0.1745,57.57368558264763,-12.068052074069739,0.165,-1.8166528433235958,-2.379453735405969
19.400000000000006,-3.6861307282028175,1219.6752822892158,710.47501095102,-0.1745,57.68661456545483,-12.179867862950362,0.8300000000000001,-1.8166528433235958,-2.379453735405969
19.500000000000007,-3.699144796501692,1225.4465307677299,709.2536013913432,-0.1745,57.738355004828335,-12.248323330586166,0.165,-1.8166528433235958,-2.379453735405969
19.60000000000001,-3.707444719185604,1231.2230901436399,708.0263402206347,-0.1745,57.79283251337332,-12.296900083583525,0.165,-1.8166528433235958,-2.379453735405969
19.70000000000001,-3.7124854378654577,1237.0051888786593,706.7949111120541,-0.1745,57.84914218701582,-12.331682088027462,0.165,-1.8166528433235958,-2.379453735405969
19.80000000000001,-3.7152756740852197,1242.79297893702,705.5604821853552,-0.1745,57.90665898019929,-12.356896445950348,0.165,-1.8166528433235958,-2.379453735405969
19.900000000000013,-3.7165144121292926,1248.5865594200175,704.3238634598998,-0.1745,57.96495067974813,-12.375478063157532,0.165,-1.8166528433235958,-2.379453735405969
20.000000000000014,-3.716685757011053,1254.3859928662075,703.0856163876686,-0.1745,58.02371824405326,-12.389463381468136,0.165,-1.8166528433235958,-2.379453735405969
20.100000000000016,-3.716124820502989,1260.19131651515,701.8461299881404,-0.1745,58.08275473479718,-12.400264609095203,0.165,-1.8166528433235958,-2.379453735405969
20.200000000000017,-3.7150634572879158,1266.0025501003613,700.6056737307998,-0.1745,58.14191696942769,-12.408860537717569,0.165,-1.8166528433235958,-2.379453735405969
20.30000000000002,-3.713661996399056,1271.8197012447965,699.3644342433728,-0.1745,58.20110591927822,-12.415929210824283,0.165,-1.8166528433235958,-2.379453735405969
20.40000000000002,-3.7120312449411257,1277.6427691977708,698.1225407779183,-0.1745,58.26025314020566,-12.421940098265825,0.165,-1.8166528433235958,-2.379453735405969
20.50000000000002,-3.710247738709679,1283.4717474234476,696.8800828681842,-0.1745,58.319311373329455,-12.427218096414718,0.165,-1.8166528433235958,-2.379453735405969
20.600000000000023,-3.7083643072070993,1289.306625393734,695.6371225663531,-0.1745,58.37824803240096,-12.43198794020677,0.165,-1.8166528433235958,-2.379453735405969
20.700000000000024,-3.7064173892220706,1295.1473898299034,694.3937029190585,-0.1745,58.4370406909883,-12.436405005686005,0.165,-1.8166528433235958,-2.379453735405969
20.800000000000026,-3.704432096046392,1300.9940255622375,693.1498538356449,-0.1745,58.49567395569351,-12.44057666258602,0.165,-1.8166528433235958,-2.379453735405969
20.900000000000027,-3.70242571419954,1306.8465161250297,691.9055961490739,-0.1745,58.554137300148824,-12.444577068833974,0.165,-1.8166528433235958,-2.379453735405969
21.00000000000003,-3.7004101275113532,1312.7048441682866,690.6609444248185,-0.1745,58.61242356498907,-12.448457416273357,0.165,-1.8166528433235958,-2.379453735405969
21.10000000000003,-3.698393491204511,1318.568991742505,689.4159089028614,-0.1745,58.670527919378,-12.452253022868087,0.165,-1.8166528433235958,-2.379453735405969
21.20000000000003,-3.6963813884613783,1324.4389404955905,688.170496839731,-0.1745,58.72844714233243,-12.455988239740085,0.165,-1.8166528433235958,-2.379453735405969
21.300000000000033,-3.694377629101544,1330.314671808985,686.924713435506,-0.1745,58.7861791255555,-12.459679844759322,0.165,-1.8166528433235958,-2.379453735405969
21.400000000000034,-3.692384800871298,1336.196166891745,685.6785624738476,-0.1745,58.84372252964411,-12.463339388408377,0.165,-1.8166528433235958,-2.379453735405969
21.500000000000036,-3.6904046498045338,1342.0834068455497,684.432046763694,-0.1745,58.90107654645239,-12.466974814664416,0.165,-1.8166528433235958,-2.379453735405969
21.600000000000037,-3.6880688861945843,1347.9763727096174,683.1851684439381,-0.1745,58.958240734899995,-12.470591580452002,0.165,-1.8166528433235958,-2.379453735405969
21.70000000000004,-3.685741957005721,1353.8766704339664,681.9376427275016,-0.1745,59.047713752078565,-12.479922748277996,0.495,-1.8166528433235958,-2.379453735405969
21.80000000000004,-3.683551154452842,1359.7842839477619,680.6895286074758,-0.1745,59.104556523830325,-12.48235965223658,0.165,-1.8166528433235958,-2.379453735405969
21.90000000000004,-3.681458739203722,1365.6975695944432,679.4411532828058,-0.1745,59.16115640979508,-12.48514684116402,0.165,-1.8166528433235958,-2.379453735405969
22.000000000000043,-3.679438773462078,1371.6165039282214,678.1924873242258,-0.1745,59.21753026576754,-12.488172330435376,0.165,-1.8166528433235958,-2.379453735405969
22.100000000000044,-3.677473427835115,1377.5410649313772,676.9435107493221,-0.1745,59.273689797349284,-12.491359167639395,0.165,-1.8166528433235958,-2.379453735405969
22.200000000000045,-3.675550441650852,1383.4712315795894,675.6942100663499,-0.1745,59.32964316689631,-12.494654491804413,0.165,-1.8166528433235958,-2.379453735405969
22.300000000000047,-3.673661377215444,1389.4069835429534,674.44457624163,-0.1745,59.38539610038271,-12.498022002593077,0.165,-1.8166528433235958,-2.379453735405969
22.40000000000005,-3.6718004203215857,1395.3483009804431,673.1946033025584,-0.1745,59.44095264940998,-12.501436778836668,0.165,-1.8166528433235958,-2.379453735405969
22.50000000000005,-3.669963556431832,1401.295164398691,671.9442873778664,-0.1745,59.49631571554516,-12.504881715004641,0.165,-1.8166528433235958,-2.379453735405969
22.60000000000005,-3.6681480051158215,1407.2475545550155,670.6936260385442,-0.1745,59.55148741094502,-12.508345071440107,0.165,-1.8166528433235958,-2.379453735405969
22.700000000000053,-3.666002827467217,1413.2054523908762,669.4426178454235,-0.1745,59.60646930626673,-12.51181879097276,0.165,-1.8166528433235958,-2.379453735405969
22.800000000000054,-3.663852849589508,1419.1704639284656,668.1909755727506,-0.1745,59.69376144552091,-12.52102666248346,0.495,-1.8166528433235958,-2.379453735405969
22.900000000000055,-3.6618410060257482,1425.1425732398666,666.9387566150866,-0.1745,59.74842478250184,-12.52335249079622,0.165,-1.8166528433235958,-2.379453735405969
23.000000000000057,-3.6599281572778763,1431.12013685274,665.6862869096097,-0.1745,59.802847474965674,-12.526041618741237,0.165,-1.8166528433235958,-2.379453735405969
23.10000000000006,-3.658087535883503,1437.1031315900643,664.4335359974406,-0.1745,59.857047271521985,-12.528976624642109,0.165,-1.8166528433235958,-2.379453735405969
23.20000000000006,-3.6563008335982317,1443.0915357755666,663.1804833055436,-0.1745,59.91103643852505,-12.532077213296777,0.165,-1.8166528433235958,-2.379453735405969
23.30000000000006,-3.492930384490789,1449.0853287719447,661.9271150200565,-0.1745,59.96482348903347,-12.535288496445222,0.165,-1.8166528433235958,-2.379453735405969
23.400000000000063,-3.543034748145545,1455.0877770779998,660.6980278660228,-0.1495,60.08414263206984,-12.046454584228796,0.495,-1.8166528433235958,-2.379453735405969
23.500000000000064,-3.5766109398221735,1461.097679512159,659.4853655066175,-0.1745,60.11390605111223,-12.20679260387741,0.165,-1.8166528433235958,-2.379453735405969
23.600000000000065,-3.5989329145304367,1467.1109295201338,658.2591692809336,-0.1745,60.15109410838344,-12.317131909801024,0.165,-1.8166528433235958,-2.379453735405969
23.700000000000067,-3.613597075608455,1473.1281466518906,657.0236446787803,-0.1745,60.19324852675073,-12.39336013326522,0.165,-1.8166528433235958,-2.379453735405969
23.800000000000068,-3.6230544497466304,1479.149744689513,655.7816600891985,-0.1745,60.23871222569696,-12.446331658372856,0.165,-1.8166528433235958,-2.379453735405969
23.90000000000007,-2.9088668353729306,1485.1759985213348,654.5351707173022,-0.1745,60.28636441074009,-12.483455779551655,0.165,-1.8166528433235958,-2.379453735405969
24.00000000000007,-3.148436558561283,1491.2022932483926,653.3988100508794,-0.06225,60.2395301304164,-10.243757548903048,0.165,-1.8166528433235958,-2.379453735405969
24.100000000000072,-3.3111800458789564,1497.223153538579,652.337899556579,-0.1745,60.17767567331008,-10.974452337104829,0.165,-1.8166528433235958,-2.379453735405969
24.200000000000074,-3.421504948448411,1503.2397381314258,651.2154517580888,-0.1745,60.15401618362535,-11.474503632701639,0.165,-1.8166528433235958,-2.379453735405969
24.300000000000075,-3.496088246343199,1509.2552144478077,650.0508864228511,-0.1745,60.155510144011025,-11.8168030720507,0.165,-1.8166528433235958,-2.379453735405969
24.400000000000077,-3.546317884925558,1515.271675730988,648.8574821960306,-0.1745,60.17371551959274,-12.051281464360114,0.165,-1.8166528433235958,-2.379453735405969
24.500000000000078,-3.5799646322273198,1521.2905154891653,647.6443115758101,-0.1745,60.20307964395522,-12.21213094004841,0.165,-1.8166528433235958,-2.379453735405969
24.60000000000008,-3.602327337658355,1527.3126649486044,646.4175678511724,-0.1745,60.23990954482707,-12.322743552706113,0.165,-1.8166528433235958,-2.379453735405969
24.70000000000008,-3.6170169610280456,1533.3387469423851,645.1814753941172,-0.1745,60.28173033078595,-12.39910558839788,0.165,-1.8166528433235958,-2.379453735405969
24.800000000000082,-3.6264928073414326,1539.369177202904,643.9389135437996,-0.1745,60.32687487958978,-12.452131417954229,0.165,-1.8166528433235958,-2.379453735405969
24.900000000000084,-3.632428939578624,1545.4042317655512,642.691843660561,-0.1745,60.374216373357235,-12.489266246819206,0.165,-1.8166528433235958,-2.379453735405969
25.000000000000085,-3.6359643390978964,1551.4440921607163,641.441601096003,-0.1745,60.422991529944525,-12.515585044340744,0.165,-1.8166528433235958,-2.379453735405969
25.100000000000087,-3.6378735707485657,1557.4888758690065,640.1890945986488,-0.1745,60.472682635860906,-12.534544902741922,0.165,-1.8166528433235958,-2.379453735405969
25.200000000000088,-3.6386831389985046,1563.5386569153386,638.9349423801374,-0.1745,60.522938290779464,-12.548499467485902,0.165,-1.8166528433235958,-2.379453735405969
25.30000000000009,-3.6387507715668654,1569.5934798257629,637.6795648911938,-0.1745,60.57351991770591,-12.559050311386283,0.165,-1.8166528433235958,-2.379453735405969
25.40000000000009,-3.638319414107184,1575.653369099326,636.4232480393176,-0.1745,60.624265553556164,-12.567286726136746,0.165,-1.8166528433235958,-2.379453735405969
25.500000000000092,-3.637553984539999,1581.7183356414969,635.1661862407366,-0.1745,60.675065289862,-12.573949245485007,0.165,-1.8166528433235958,-2.379453735405969
25.600000000000094,-3.6365663804342137,1587.7883811357506,633.9085117240819,-0.1745,60.725844595213694,-12.579541087609277,0.165,-1.8166528433235958,-2.379453735405969
25.700000000000095,-3.6354324864312564,1593.8635010146174,632.6503144666244,-0.1745,60.776552982125274,-12.584404061541495,0.165,-1.8166528433235958,-2.379453735405969
25.800000000000097,-3.6342037360474695,1599.9436864788745,631.3916557514063,-0.1745,60.82715630301581,-12.588770242819656,0.165,-1.8166528433235958,-2.379453735405969
25.900000000000098,-3.632914968253454,1606.0289258696566,630.1325773824319,-0.1745,60.877631512624745,-12.592797136669876,0.165,-1.8166528433235958,-2.379453735405969
26.0000000000001,-3.6315897640844765,1612.1192056006594,628.8731079458778,-0.1745,60.927963107428724,-12.596591594412802,0.165,-1.8166528433235958,-2.379453735405969
26.1000000000001,-3.630244070103108,1618.214510791306,627.613267062491,-0.1745,60.97814070550385,-12.600226073322442,0.165,-1.8166528433235958,-2.379453735405969
26.200000000000102,-3.6288886576909443,1624.3148256966783,626.3530682745015,-0.1745,61.02815740194212,-12.603749686466566,0.165,-1.8166528433235958,-2.379453735405969
26.300000000000104,-3.6269151023408437,1630.4201339993558,625.0925210047352,-0.1745,61.07800865160933,-12.607195708859294,0.165,-1.8166528433235958,-2.379453735405969
26.400000000000105,-3.6248254087163394,1636.5336935122432,623.8310546131983,-0.1745,61.19318160613978,-12.622132121878689,0.8300000000000001,-1.8166528433235958,-2.379453735405969
26.500000000000107,-3.622985768843867,1642.6554929109714,622.5687904281871,-0.1745,61.242806368422656,-12.623151578344196,0.165,-1.8166528433235958,-2.379453735405969
26.600000000000108,-3.6213189246950335,1648.782240613249,621.3063880533599,-0.1745,61.292147677133684,-12.6248959181999,0.165,-1.8166528433235958,-2.379453735405969
26.70000000000011,-3.619772665794211,1654.913910068871,620.0437868919687,-0.1745,61.34124143530501,-12.627127309624333,0.165,-1.8166528433235958,-2.379453735405969
26.80000000000011,-3.6183117137820364,1661.0504777437618,618.780946277828,-0.1745,61.39011206251203,-12.629684973189708,0.165,-1.8166528433235958,-2.379453735405969
26.900000000000112,-3.6169122322088754,1667.1919221571318,617.517839016325,-0.1745,61.43877620488678,-12.632460256871765,0.165,-1.8166528433235958,-2.379453735405969
27.000000000000114,-3.615558113708699,1673.33822322983,616.2544470154322,-0.1745,61.48724524907891,-12.63537976098397,0.165,-1.8166528433235958,-2.379453735405969
27.100000000000115,-3.614238470084017,1679.4893618435253,614.9907583315185,-0.1745,61.53552702482639,-12.638393917291118,0.165,-1.8166528433235958,-2.379453735405969
27.200000000000117,-3.6129459362050076,1685.645319542639,613.7267651725396,-0.1745,61.58362695744803,-12.641469262287506,0.165,-1.8166528433235958,-2.379453735405969
27.300000000000118,-3.6116755242786747,1691.8060783328926,612.4624625488418,-0.1745,61.63154884762471,-12.644583211668456,0.165,-1.8166528433235958,-2.379453735405969
27.40000000000012,-3.6104238501854318,1697.9716205452125,611.1978473618757,-0.1745,61.67929539877426,-12.647720527655178,0.165,-1.8166528433235958,-2.379453735405969
27.50000000000012,-3.6091886112507727,1704.1419287438298,609.9329177889105,-0.1745,61.72686857357218,-12.65087093164917,0.165,-1.8166528433235958,-2.379453735405969
27.600000000000122,-3.607968233867678,1710.316985664252,608.6676728677535,-0.1745,61.774269834871625,-12.654027491490293,0.165,-1.8166528433235958,-2.379453735405969
27.700000000000124,-3.60647619782285,1716.4967741714174,607.4021122165592,-0.1745,61.821500308440136,-12.657185532394761,0.165,-1.8166528433235958,-2.379453735405969
27.800000000000125,-3.6049217172511043,1722.6829021737067,606.1359493788577,-0.1745,61.90105973734703,-12.666071221635548,0.495,-1.8166528433235958,-2.379453735405969
27.900000000000126,-3.6035010601996698,1728.8753554510129,604.8692425544284,-0.1745,61.94800580877761,-12.668065266950995,0.165,-1.8166528433235958,-2.379453735405969
28.000000000000128,-3.435333067657671,1735.072492085137,603.6023176468134,-0.1745,61.99472687370523,-12.67043288535008,0.165,-1.8166528433235958,-2.379453735405969
28.10000000000013,-3.4892378708535365,1741.2778096696873,602.3613642952088,-0.1495,62.111624817302584,-12.148634146742115,0.495,-1.8166528433235958,-2.379453735405969
28.20000000000013,-3.3574101674960986,1747.4899734125884,601.1377321651165,-0.1745,62.13165004072048,-12.32400845510348,0.165,-1.8166528433235958,-2.379453735405969
28.300000000000132,-3.423018609131545,1753.7099787333573,599.9253998903781,-0.1495,62.26845637465561,-11.922637039665238,0.8300000000000001,-1.91418804975079,-2.2465826252418517
28.400000000000134,-3.466579381402119,1759.9374955962387,598.7225337790454,-0.1745,62.28188088297417,-12.134685186987797,0.165,-1.91418804975079,-2.2465826252418517
28.500000000000135,-3.4953758291889447,1766.166881467117,597.5019111996189,-0.1745,62.30583653459447,-12.27776640154289,0.165,-1.91418804975079,-2.2465826252418517
28.600000000000136,-3.514291135058303,1772.399009805846,596.2692935583925,-0.1745,62.33673023998539,-12.374586422985079,0.165,-1.91418804975079,-2.2465826252418517
28.700000000000138,-3.526597445150243,1778.6344557671534,595.0285444601616,-0.1745,62.37218898616356,-12.440395541633666,0.165,-1.91418804975079,-2.2465826252418517
28.80000000000014,-3.5344862733899376,1784.8735971315689,593.7822532872168,-0.1745,62.41063830214402,-12.485427917262697,0.165,-1.91418804975079,-2.2465826252418517
28.90000000000014,-3.5394247102611667,1791.116680567832,592.5321545670306,-0.1745,62.451030423116315,-12.516546486462072,0.165,-1.91418804975079,-2.2465826252418517
29.000000000000142,-3.542394469191505,1797.3638654287408,591.2794097121001,-0.1745,62.492666795062775,-12.53835061214647,0.165,-1.91418804975079,-2.2465826252418517
29.100000000000144,-3.544052205031095,1803.6152528276402,590.0247961311021,-0.1745,62.53508118292555,-12.553921007813559,0.165,-1.91418804975079,-2.2465826252418517
29.200000000000145,-3.544836973618837,1809.8709049990005,588.7688340712313,-0.1745,62.57796224427942,-12.5653201896029,0.165,-1.91418804975079,-2.2465826252418517
29.300000000000146,-3.5450422254168013,1816.1308582135957,587.5118716418706,-0.1745,62.6211020476238,-12.573928397610045,0.165,-1.91418804975079,-2.2465826252418517
29.400000000000148,-3.5448640169898815,1822.395131403815,586.2541417760913,-0.1745,62.66436175676244,-12.580668917975496,0.165,-1.91418804975079,-2.2465826252418517
29.50000000000015,-3.544433283176634,1828.6637319277445,584.9958003737332,-0.1745,62.707648721829,-12.586159129185585,0.165,-1.91418804975079,-2.2465826252418517
29.60000000000015,-3.543837431285347,1834.9366594223918,583.7369518320436,-0.1745,62.750901171115764,-12.590811704608308,0.165,-1.91418804975079,-2.2465826252418517
29.700000000000152,-3.543134784973432,1841.2139083797815,582.4776661274193,-0.1745,62.79407797668,-12.594902387877173,0.165,-1.91418804975079,-2.2465826252418517
29.800000000000153,-3.5421248373925995,1847.495469869141,581.2179902398816,-0.1745,62.83715181051226,-12.598615362877355,0.165,-1.91418804975079,-2.2465826252418517
29.900000000000155,-3.5409557144959143,1853.7829576302836,579.9576693250897,-0.1745,62.91260341233869,-12.607802932961421,0.495,-1.91418804975079,-2.2465826252418517
30.000000000000156,-3.5398836223558576,1860.0763616149916,578.6967828116688,-0.1745,62.95547628182325,-12.609927335456915,0.165,-1.91418804975079,-2.2465826252418517
30.100000000000158,-3.5384044738649267,1866.3740429498284,577.4356704561582,-0.1745,62.99815041491537,-12.612319774755841,0.165,-1.91418804975079,-2.2465826252418517
30.20000000000016,-3.5367315634161534,1872.6792569833162,576.1737327950153,-0.1745,63.10613025483997,-12.626433448101508,0.8300000000000001,-1.91418804975079,-2.2465826252418517
30.30000000000016,-3.535339509509077,1878.9919911004013,574.9110724331554,-0.1745,63.148552086858736,-12.626773789098113,0.165,-1.91418804975079,-2.2465826252418517
30.400000000000162,-3.5341373173993675,1885.3089531369035,573.648335332905,-0.1745,63.19068864318396,-12.627968215908128,0.165,-1.91418804975079,-2.2465826252418517
30.500000000000163,-3.533064438552202,1891.630116765542,572.3854505221166,-0.1745,63.23258392958352,-12.629727999861286,0.165,-1.91418804975079,-2.2465826252418517
30.600000000000165,-3.53208059042975,1897.9554593318287,571.1223710744625,-0.1745,63.27426739614939,-12.631860953220041,0.165,-1.91418804975079,-2.2465826252418517
30.700000000000166,-3.5311589759324646,1904.2849606412567,569.8590660673066,-0.1745,63.31575879241122,-12.634239189899109,0.165,-1.91418804975079,-2.2465826252418517
30.800000000000168,-3.530281768630692,1910.6186021511676,568.5955152258681,-0.1745,63.35707140580458,-12.63677763887118,0.165,-1.91418804975079,-2.2465826252418517
30.90000000000017,-3.529437107615801,1916.9563664324928,567.3317053575071,-0.1745,63.3982142207008,-12.63941972834881,0.165,-1.91418804975079,-2.2465826252418517
31.00000000000017,-3.5286170978379183,1923.2982368113853,566.0676279785586,-0.1745,63.43919335714732,-12.64212785062109,0.165,-1.91418804975079,-2.2465826252418517
31.100000000000172,-3.5278164799352125,1929.644197130704,564.8032777353721,-0.1745,63.480013029227,-12.644877013106923,0.165,-1.91418804975079,-2.2465826252418517
31.200000000000173,-3.527031745692156,1935.9942315913247,563.5386513541022,-0.1745,63.52067618318647,-12.647650612293742,0.165,-1.91418804975079,-2.2465826252418517
31.300000000000175,-3.526260550022627,1942.348324646593,562.2737469424053,-0.1745,63.56118492218164,-12.650437621642746,0.165,-1.91418804975079,-2.2465826252418517
31.400000000000176,-3.5255013201989973,1948.7064609321467,561.0085635252743,-0.1745,63.60154078889322,-12.6532307209756,0.165,-1.91418804975079,-2.2465826252418517
31.500000000000178,-3.5247529962452653,1955.0686252192668,559.7431007365986,-0.1745,63.64174495350673,-12.656025052538357,0.165,-1.91418804975079,-2.2465826252418517
31.60000000000018,-3.5240148585231617,1961.4348023838772,558.4773586142685,-0.1745,63.681798338703295,-12.65881739406463,0.165,-1.91418804975079,-2.2465826252418517
31.70000000000018,-3.5232864132621984,1967.8049773859493,557.211337464104,-0.1745,63.721701702739146,-12.66160560922558,0.165,-1.91418804975079,-2.2465826252418517
31.800000000000182,-3.5225673165839666,1974.1791352558187,555.9450377695158,-0.1745,63.76145569464804,-12.664388282537164,0.165,-1.91418804975079,-2.2465826252418517
31.900000000000183,-3.521857324091341,1980.5572610850963,554.6784601315445,-0.1745,63.80106089090758,-12.667164476888553,0.165,-1.91418804975079,-2.2465826252418517
32.000000000000185,-3.5211562574305164,1986.9393400206309,553.4116052290722,-0.1745,63.84051781978442,-12.669933572558762,0.165,-1.91418804975079,-2.2465826252418517
32.100000000000186,-3.520463982117921,1993.3253572604947,552.1444737924257,-0.1745,63.87982697749236,-12.672695160369136,0.165,-1.91418804975079,-2.2465826252418517
32.20000000000019,-3.5197803928412834,1999.715298051315,550.8770665858679,-0.1745,63.91898883891192,-12.675448970788882,0.165,-1.91418804975079,-2.2465826252418517
32.30000000000019,-3.519105403718142,2006.1091476864954,549.6093843959829,-0.1745,63.9580038646985,-12.678194826910342,0.165,-1.91418804975079,-2.2465826252418517
32.40000000000019,-3.5184389418415285,2012.50689150503,548.3414280239741,-0.1745,63.99687250599306,-12.680932613266682,0.165,-1.91418804975079,-2.2465826252418517
32.50000000000019,-3.5177809430045928,2018.9085148907066,547.0731982805528,-0.1745,64.03559520754197,-12.683662255160911,0.165,-1.91418804975079,-2.2465826252418517
32.60000000000019,-3.5171313488691225,2025.3140032715717,545.8046959825464,-0.1745,64.07417240976127,-12.686383704966882,0.165,-1.91418804975079,-2.2465826252418517
32.700000000000195,-3.5164901050906043,2031.7233421195647,544.5359219506454,-0.1745,64.11260455010112,-12.689096933053237,0.165,-1.91418804975079,-2.2465826252418517
32.800000000000196,-3.5158571600767248,2038.1365169502672,543.2668770079041,-0.1745,64.15089206394612,-12.691801921771745,0.165,-1.91418804975079,-2.2465826252418517
32.9000000000002,-3.5152324641652677,2044.553513322725,541.9975619787417,-0.1745,64.1890353852081,-12.694498661476285,0.165,-1.91418804975079,-2.2465826252418517
33.0000000000002,-3.514615969079582,2050.974316839321,540.7279776882735,-0.1745,64.22703494671535,-12.697187147887053,0.165,-1.91418804975079,-2.2465826252418517
33.1000000000002,-3.340374629651985,2057.39891314568,539.4581249618619,-0.1745,64.26489118046673,-12.699867380345628,0.165,-1.91418804975079,-2.2465826252418517
33.2000000000002,-3.398823551662804,2063.8327460595187,538.2159251550302,-0.1495,64.41176709630962,-12.14412875628982,0.8300000000000001,-1.91418804975079,-2.2465826252418517
33.3000000000002,-3.4371111076307597,2070.274319104798,536.9918162719903,-0.1745,64.41969380927199,-12.338048904507888,0.165,-1.91418804975079,-2.2465826252418517
33.400000000000205,-3.4621179002078435,2076.7171868173277,535.751576830385,-0.1745,64.43766044132083,-12.466739927597517,0.165,-1.91418804975079,-2.2465826252418517
33.500000000000206,-3.4783807716306114,2083.162176958572,534.5006196444958,-0.1745,64.46214238356906,-12.552403790187313,0.165,-1.91418804975079,-2.2465826252418517
33.60000000000021,-3.4888897552744007,2089.6098263886997,533.2425144163075,-0.1745,64.49084621898207,-12.609700773579524,0.165,-1.91418804975079,-2.2465826252418517
33.70000000000021,-3.495614620041227,2096.060482368324,531.9796141632602,-0.1745,64.5222733734981,-12.648304287367218,0.165,-1.91418804975079,-2.2465826252418517
33.80000000000021,-3.4998525103911735,2102.5143681386467,530.7134692829543,-0.1745,64.55544203296022,-12.674593318751505,0.165,-1.91418804975079,-2.2465826252418517
33.90000000000021,-3.502457326862676,2108.971625635461,529.4451010056841,-0.1745,64.58970790332535,-12.692772226650744,0.165,-1.91418804975079,-2.2465826252418517
34.00000000000021,-3.330173495027107,2115.432343420508,528.1751818517702,-0.1745,64.62464779761606,-12.705610851628869,0.165,-1.91418804975079,-2.2465826252418517
34.100000000000215,-3.391209231818833,2121.898801626796,526.9328684193446,-0.1495,64.70451632814002,-12.14065779688235,0.165,-1.91418804975079,-2.2465826252418517
34.200000000000216,-3.431131656689468,2128.3695218310872,525.7086576425152,-0.1745,64.70988775768704,-12.343557739705224,0.165,-1.91418804975079,-2.2465826252418517
34.30000000000022,-3.4571768140449355,2134.8413089670826,524.4675871072849,-0.1745,64.72585496221527,-12.477852964900952,0.165,-1.91418804975079,-2.2465826252418517
34.40000000000022,-3.474105283296856,2141.3150359094125,523.2153447062841,-0.1745,64.74868388438355,-12.56699505511588,0.165,-1.91418804975079,-2.2465826252418517
34.50000000000022,-3.4850475770313736,2147.791267685244,521.9556732102335,-0.1745,64.77595163224214,-12.626434865897103,0.165,-1.91418804975079,-2.2465826252418517
34.60000000000022,-3.4920614332365267,2154.270369223579,520.6910342312491,-0.1745,64.80607913446336,-12.666344713790476,0.165,-1.91418804975079,-2.2465826252418517
34.70000000000022,-3.4964989276633185,2160.7525748991984,519.4230461142924,-0.1745,64.83803437791933,-12.693417625342484,0.165,-1.91418804975079,-2.2465826252418517
34.800000000000225,-3.4992481579836094,2167.238033704466,518.152772477214,-0.1745,64.87114172743479,-12.712055116227893,0.165,-1.91418804975079,-2.2465826252418517
34.900000000000226,-3.5008922703470295,2173.726838712411,516.8809121979953,-0.1745,64.90495843146411,-12.725150468146547,0.165,-1.91418804975079,-2.2465826252418517
35.00000000000023,-3.501814050570494,2180.2190463450256,515.6079244342577,-0.1745,64.93919422083052,-12.734604806605482,0.165,-1.91418804975079,-2.2465826252418517
35.10000000000023,-3.502264686055245,2186.714688995325,514.3341108494226,-0.1745,64.97365878516241,-12.741666890097505,0.165,-1.91418804975079,-2.2465826252418517
35.20000000000023,-3.5024089560527623,2193.213783303925,513.0596696698387,-0.1745,65.00822738684127,-12.747156701580401,0.165,-1.91418804975079,-2.2465826252418517
35.30000000000023,-2.723300565928361,2199.71633558923,511.7847312093613,-0.1745,65.04281831925857,-12.751612507967396,0.165,-1.91418804975079,-2.2465826252418517
35.40000000000023,-2.9964581919311812,2206.217930701409,510.64073808935996,-0.06225,64.98908392432423,-10.12824989206046,0.165,-1.91418804975079,-2.2465826252418517
35.500000000000234,-3.175868020183108,2212.711400177254,509.5833916007901,-0.1745,64.88030559257548,-11.018679879336847,0.165,-1.91418804975079,-2.2465826252418517
35.600000000000236,-3.2935976216279728,2219.1965811674877,508.45216990672196,-0.1745,64.82331421210033,-11.605754002025487,0.165,-1.91418804975079,-2.2465826252418517
35.70000000000024,-3.370762468953478,2225.6777019402607,507.27223541260065,-0.1745,64.79910124335917,-11.992935880400351,0.165,-1.91418804975079,-2.2465826252418517
35.80000000000024,-3.4212629148074414,2232.157450710516,506.06016685374993,-0.1745,64.7958741617462,-12.248435296614495,0.165,-1.91418804975079,-2.2465826252418517
35.90000000000024,-2.6757735055086855,2238.6375531599006,504.8268830252967,-0.1745,64.80617482594486,-12.417241272449868,0.165,-1.91418804975079,-2.2465826252418517
36.00000000000024,-2.9684246988785263,2245.1189417524147,503.7095447948541,-0.06225,64.82159702433681,-9.929523336402692,0.8300000000000001,-1.91418804975079,-2.2465826252418517
36.10000000000024,-3.160933935923253,2251.595172623793,502.66904997060686,-0.1745,64.70302040322915,-10.880373148541237,0.165,-1.91418804975079,-2.2465826252418517
36.200000000000244,-3.287454589912521,2258.0623240315967,501.54962123293814,-0.1745,64.64000775284225,-11.508201604833578,0.165,-1.91418804975079,-2.2465826252418517
36.300000000000246,-2.5938496062659415,2264.52493088206,500.37806788584226,-0.1745,64.61212925641689,-11.922865337084419,0.165,-1.91418804975079,-2.2465826252418517
36.40000000000025,-2.9173865404201056,2270.987088085442,499.30091798371245,-0.06225,64.63101481122646,-9.62013270551192,0.8300000000000001,-1.91418804975079,-2.2465826252418517
36.50000000000025,-3.130612097357401,2277.443455876684,498.2865580942135,-0.1745,64.4963410136175,-10.66706508446781,0.165,-1.91418804975079,-2.2465826252418517
36.60000000000025,-3.2710140929116465,2283.8894422312037,497.18522849386915,-0.1745,64.42338607677975,-11.359526922419453,0.165,-1.91418804975079,-2.2465826252418517
36.70000000000025,-3.36335739155556,2290.3300801958944,496.0263683938108,-0.1745,64.38937321703878,-11.817675078747511,0.165,-1.91418804975079,-2.2465826252418517
36.80000000000025,-3.424001225107289,2296.7685623722887,494.829438437244,-0.1745,64.38027031085012,-12.120924052589034,0.165,-1.91418804975079,-2.2465826252418517
36.900000000000254,-3.4637471677704146,2303.206937713263,493.6073007089516,-0.1745,64.38723650863531,-12.321830513258712,0.165,-1.91418804975079,-2.2465826252418517
37.000000000000256,-3.489723255308732,2309.6465303667032,492.36845091106613,-0.1745,64.4046165601746,-12.455165444450719,0.165,-1.91418804975079,-2.2465826252418517
37.10000000000026,-3.5066308342693837,2316.0881989972663,491.118496895064,-0.1745,64.42875605108716,-12.543914875591263,0.165,-1.91418804975079,-2.2465826252418517
37.20000000000026,-3.517569231024919,2322.5325006806315,489.8611380703511,-0.1745,64.45727761621355,-12.603261618667265,0.165,-1.91418804975079,-2.2465826252418517
37.30000000000026,-3.524580781077175,2328.979795957037,488.5988136431299,-0.1745,64.48862791189373,-12.643226925756537,0.165,-1.91418804975079,-2.2465826252418517
37.40000000000026,-3.529010783961076,2335.4303168118176,487.3331312413086,-0.1745,64.52178918371915,-12.670421110670295,0.165,-1.91418804975079,-2.2465826252418517
37.50000000000026,-3.53174508007795,2341.88421094425,486.0651500735147,-0.1745,64.55609346492163,-12.689202245207758,0.165,-1.91418804975079,-2.2465826252418517
37.600000000000264,-3.5333667717609885,2348.3415707144536,484.7955678492917,-0.1745,64.5911019391523,-12.702442239252782,0.165,-1.91418804975079,-2.2465826252418517
37.700000000000266,-3.534259558855881,2354.802452121571,483.5248440928784,-0.1745,64.62652620320115,-12.71203288901249,0.165,-1.91418804975079,-2.2465826252418517
37.80000000000027,-3.534675846272659,2361.2668872668437,482.25328145260397,-0.1745,64.66217670224808,-12.719219916476495,0.165,-1.91418804975079,-2.2465826252418517
37.90000000000027,-3.5347816164913803,2367.7348925463248,480.98107928989555,-0.1745,64.69792888737535,-12.724823337691548,0.165,-1.91418804975079,-2.2465826252418517
38.00000000000027,-3.5346859835911015,2374.206474039435,479.70836898451415,-0.1745,64.73370097482942,-12.729382769936226,0.165,-1.91418804975079,-2.2465826252418517
38.10000000000027,-3.534460651886286,2380.681631054095,478.4352371858103,-0.1745,64.7694393183694,-12.733253204140361,0.165,-1.91418804975079,-2.2465826252418517
38.20000000000027,-3.5341527236799104,2387.1603584592494,477.16174112036214,-0.1745,64.80510878472337,-12.736668104822748,0.165,-1.91418804975079,-2.2465826252418517
38.300000000000274,-3.5337931268287326,2393.6426482194775,475.887918666663,-0.1745,64.84068641983245,-12.739780969160211,0.165,-1.91418804975079,-2.2465826252418517
38.400000000000276,-3.5334021584799737,2400.128490404501,474.6137949837169,-0.1745,64.876157280643,-12.74269268976175,0.165,-1.91418804975079,-2.2465826252418517
38.50000000000028,-3.532993130732021,2406.617873853147,473.3393868709865,-0.1745,64.91151169227517,-12.745469564846434,0.165,-1.91418804975079,-2.2465826252418517
38.60000000000028,-3.53257476739401,2413.110786609932,472.0647056352975,-0.1745,64.94674344342226,-12.748155148933279,0.165,-1.91418804975079,-2.2465826252418517
38.70000000000028,-3.5321527792315783,2419.607216212067,470.78975897543745,-0.1745,64.98184859928128,-12.750778048268513,0.165,-1.91418804975079,-2.2465826252418517
38.80000000000028,-3.531730898986511,2426.1071498780752,469.5145522206648,-0.1745,65.01682472087512,-12.753357047183625,0.165,-1.91418804975079,-2.2465826252418517
38.90000000000028,-3.531311561246868,2432.610574631707,468.23908914439227,-0.1745,65.05167035176554,-12.755904478268082,0.165,-1.91418804975079,-2.2465826252418517
39.000000000000284,-3.5308963489053253,2439.117477383328,466.9633724986112,-0.1745,65.08638468065949,-12.758428437353968,0.165,-1.91418804975079,-2.2465826252418517
39.100000000000286,-3.530486286257916,2445.6278449833458,465.6874043648005,-0.1745,65.12096731969224,-12.760934238859392,0.165,-1.91418804975079,-2.2465826252418517
39.20000000000029,-3.530082031368711,2452.1416642572685,464.41118638427037,-0.1745,65.15541815876577,-12.763425371742809,0.165,-1.91418804975079,-2.2465826252418517
39.30000000000029,-3.5296840022860665,2458.6589220287005,463.1347199093206,-0.1745,65.18973726987886,-12.765904127252387,0.165,-1.91418804975079,-2.2465826252418517
39.40000000000029,-3.529292459833745,2465.17960513441,461.8580061024062,-0.1745,65.22392484430803,-12.7683720110362,0.165,-1.91418804975079,-2.2465826252418517
39.50000000000029,-3.52890756190226,2471.7037004341937,460.5810460011738,-0.1745,65.25798115136969,-12.770830013612011,0.165,-1.91418804975079,-2.2465826252418517
39.60000000000029,-3.5285293990411235,2478.23119481733,459.30384056110177,-0.1745,65.29190651135612,-12.77327878782819,0.165,-1.91418804975079,-2.2465826252418517
39.700000000000294,-3.5281580177857275,2484.762075206787,458.026390683447,-0.1745,65.32570127777765,-12.775718765267067,0.165,-1.91418804975079,-2.2465826252418517
39.800000000000296,-3.5277934359412106,2491.2963285619617,456.7486972335548,-0.1745,65.35936582571361,-12.778150232576978,0.165,-1.91418804975079,-2.2465826252418517
39.9000000000003,-3.527435652593539,2497.8339418804558,455.4707610528503,-0.1745,65.39290054417174,-12.780573381513358,0.165,-1.91418804975079,-2.2465826252418517
40.0000000000003,-3.527084654664878,2504.374902199218,454.1925829666879,-0.1745,65.42630583107758,-12.782988341735,0.165,-1.91418804975079,-2.2465826252418517
40.1000000000003,-3.526740421204707,2510.9191965952714,452.9141637894865,-0.1745,65.45958208998857,-12.785395202292182,0.165,-1.91418804975079,-2.2465826252418517
40.2000000000003,-3.349651499642891,2517.4668121861678,451.6355043280868,-0.1745,65.4927297279391,-12.787794025701618,0.165,-1.91418804975079,-2.2465826252418517
40.3000000000003,-3.410528992311619,2524.023344352934,450.3855650767424,-0.1495,65.6379136073912,-12.210991001186986,0.8300000000000001,-1.91418804975079,-2.2465826252418517
40.400000000000304,-3.4501298250231596,2530.5872062254325,449.15425081910536,-0.1745,65.63932384257204,-12.41529415155381,0.165,-1.91418804975079,-2.2465826252418517
40.500000000000306,-3.475846646268331,2537.151753407757,447.90601219566827,-0.1745,65.65161980391983,-12.549478317188301,0.165,-1.91418804975079,-2.2465826252418517
40.60000000000031,-3.49250762264849,2543.7178803311012,446.64664578536986,-0.1745,65.67091866296298,-12.6378498887803,0.165,-1.91418804975079,-2.2465826252418517
40.70000000000031,-3.503264677203106,2550.286162219482,445.37993806481455,-0.1745,65.6947191046517,-12.696304522325441,0.165,-1.91418804975079,-2.2465826252418517
40.80000000000031,-3.510174654358678,2556.856968304691,444.1083613161289,-0.1745,65.72140259952425,-12.735230451388338,0.165,-1.91418804975079,-2.2465826252418517
40.90000000000031,-3.514579319822361,2563.43053437939,442.8335291539289,-0.1745,65.74991889445948,-12.761412792611276,0.165,-1.91418804975079,-2.2465826252418517
41.00000000000031,-3.5173536844750597,2570.0070095899955,441.55649445631457,-0.1745,65.77958531765097,-12.779281159675499,0.165,-1.91418804975079,-2.2465826252418517
41.100000000000314,-3.5190682011586647,2576.586486740728,440.27794408735673,-0.1745,65.80995769699697,-12.791726219481058,0.165,-1.91418804975079,-2.2465826252418517
41.200000000000315,-3.520094662056026,2583.16902197097,438.998326092063,-0.1745,65.84074690783893,-12.800633686393327,0.165,-1.91418804975079,-2.2465826252418517
41.30000000000032,-3.5206753133072977,2589.754647553374,437.71793274251513,-0.1745,65.871764740248,-12.807233304564138,0.165,-1.91418804975079,-2.2465826252418517
41.40000000000032,-3.5209679483228014,2596.343380225932,436.4369547373537,-0.1745,65.90288871090814,-12.812326798664369,0.165,-1.91418804975079,-2.2465826252418517
41.50000000000032,-3.5210753196664273,2602.9352266194805,435.1555165622685,-0.1745,65.93403916006133,-12.816436703039873,0.165,-1.91418804975079,-2.2465826252418517
41.60000000000032,-3.521064317324458,2609.530186794144,433.87369955233146,-0.1745,65.96516433321003,-12.81990349570047,0.165,-1.91418804975079,-2.2465826252418517
41.70000000000032,-3.5209784706306104,2616.128256543799,432.59155692894797,-0.1745,65.9962306598915,-12.822948971968815,0.165,-1.91418804975079,-2.2465826252418517
41.800000000000324,-3.520846095848383,2622.7294288976896,431.3091236014007,-0.1745,66.02721641791369,-12.825717578976658,0.165,-1.91418804975079,-2.2465826252418517
41.900000000000325,-3.5206856046170705,2629.3336950987823,430.026422554068,-0.1745,66.05810760394328,-12.828303367676655,0.165,-1.91418804975079,-2.2465826252418517
42.00000000000033,-3.5205089617092264,2635.941045241095,428.74346900758644,-0.1745,66.08889524230275,-12.83076756195465,0.165,-1.91418804975079,-2.2465826252418517
42.10000000000033,-3.5203239367350387,2642.551468684775,427.46027312907466,-0.1745,66.11957363130668,-12.833150008281052,0.165,-1.91418804975079,-2.2465826252418517
42.20000000000033,-3.5201355700913313,2649.1649543263766,426.1768417968903,-0.1745,66.15013920072496,-12.83547663540621,0.165,-1.91418804975079,-2.2465826252418517
42.30000000000033,-3.519947127113934,2655.7814907747907,424.89317974945686,-0.1745,66.18058976755339,-12.837764313262094,0.165,-1.91418804975079,-2.2465826252418517
42.40000000000033,-3.5197607189589677,2662.4010664657353,423.6092903329427,-0.1745,66.21092405134037,-12.840024017021719,0.165,-1.91418804975079,-2.2465826252418517
42.500000000000334,-3.519577706519575,2669.0236697362334,422.32517598774274,-0.1745,66.24114135861925,-12.842262886977778,0.165,-1.91418804975079,-2.2465826252418517
42.600000000000335,-3.519398963130686,2675.649288873039,421.04083856493196,-0.1745,66.27124137749193,-12.844485569237325,0.165,-1.91418804975079,-2.2465826252418517
42.70000000000034,-3.519225045388402,2682.277912144111,419.7562795320646,-0.1745,66.30122404394632,-12.846695088110394,0.165,-1.91418804975079,-2.2465826252418517
42.80000000000034,-3.5190563041951717,2688.909527819052,418.4715001069775,-0.1745,66.33108945487768,-12.84889341363172,0.165,-1.91418804975079,-2.2465826252418517
42.90000000000034,-3.5188929569295984,2695.5441241823714,417.1865013447627,-0.1745,66.36083781151055,-12.851081830663894,0.165,-1.91418804975079,-2.2465826252418517
43.00000000000034,-3.518735134339073,2702.181689542077,415.90128419428476,-0.1745,66.3904693826041,-12.853261178894572,0.165,-1.91418804975079,-2.2465826252418517
43.10000000000034,-2.721557972664417,2708.8222122352336,414.6158495348976,-0.1745,66.41998448052868,-12.855432008848476,0.165,-1.91418804975079,-2.2465826252418517
43.200000000000344,-3.0057569876401673,2715.464742452758,413.4667065063637,-0.06225,66.43061986996246,-10.127428561829603,0.8300000000000001,-1.91418804975079,-2.2465826252418517
43.300000000000345,-3.190485532195888,2722.101584531355,412.4067188756803,-0.1745,66.30622170197634,-11.072324051837745,0.165,-1.91418804975079,-2.2465826252418517
43.40000000000035,-3.31049248432575,2728.728817724155,411.2686899490157,-0.1745,66.23844215402025,-11.688254481454575,0.165,-1.91418804975079,-2.2465826252418517
43.50000000000035,-3.388401318243176,2735.3510430283154,410.0797838277094,-0.1745,66.2060639291927,-12.089867944671505,0.165,-1.91418804975079,-2.2465826252418517
43.60000000000035,-3.438939556582912,2741.9711510056204,408.85769689602915,-0.1745,66.1960956169075,-12.35187068893242,0.165,-1.91418804975079,-2.2465826252418517
43.70000000000035,-3.4716904816038134,2748.59097672762,407.613954473933,-0.1745,66.20041882307788,-12.522977752990577,0.165,-1.91418804975079,-2.2465826252418517
43.80000000000035,-3.492887010231835,2755.2116922282385,406.35605851823345,-0.1745,66.21389118929808,-12.634941361000578,0.165,-1.91418804975079,-2.2465826252418517
43.900000000000354,-2.7124964813067445,2761.8340481043224,405.0888893330278,-0.1745,66.23322633237838,-12.70844234311217,0.165,-1.91418804975079,-2.2465826252418517
44.000000000000355,-3.0039721749941113,2768.456296564904,403.9513858506113,-0.06225,66.21174287925109,-10.04162730521712,0.495,-1.91418804975079,-2.2465826252418517
44.10000000000036,-3.1937590653425847,2775.071115043985,402.8989310655119,-0.1745,66.08462670237846,-11.007468396771035,0.165,-1.91418804975079,-2.2465826252418517
44.20000000000036,-2.5239679979730645,2781.6761126419333,401.7666481014891,-0.1745,66.01532525658433,-11.638190883683903,0.165,-1.91418804975079,-2.2465826252418517
44.30000000000036,-2.8839891911460382,2788.278584885637,400.71616391055915,-0.06225,66.03411961748638,-9.37149293491544,0.8300000000000001,-1.91418804975079,-2.2465826252418517
44.40000000000036,-3.118935016190142,2794.873712520904,399.7196617315737,-0.1745,65.86843308785782,-10.558550644793643,0.165,-1.91418804975079,-2.2465826252418517
44.50000000000036,-3.272175964084931,2801.4559069020584,398.6249730443737,-0.1745,65.7754545352313,-11.335223099206996,0.165,-1.91418804975079,-2.2465826252418517
44.600000000000364,-3.3720531015693354,2808.0310632929027,397.46603241994654,-0.1745,65.72767328165779,-11.843589389335577,0.165,-1.91418804975079,-2.2465826252418517
44.700000000000365,-3.4370915724988076,2814.602868719041,396.2650303231078,-0.1745,65.70843524111034,-12.176452547439307,0.165,-1.91418804975079,-2.2465826252418517
44.80000000000037,-3.3024784609154407,2821.1736605256633,395.0364795492258,-0.1745,65.70740089133183,-12.394562930199683,0.165,-1.91418804975079,-2.2465826252418517
44.90000000000037,-3.3916703498053735,2827.749177482659,393.8191670105872,-0.1495,65.80293824857904,-11.951687842573271,0.495,-1.91418804975079,-2.2465826252418517
45.00000000000037,-3.4497036632536684,2834.328771210929,392.6090995670556,-0.1745,65.78893631682008,-12.249661028059142,0.165,-1.91418804975079,-2.2465826252418517
45.10000000000037,-3.4874202472383278,2840.907776042827,391.3743747014903,-0.1745,65.79116032114487,-12.4448362832469,0.165,-1.91418804975079,-2.2465826252418517
45.20000000000037,-3.511895502503362,2847.487523767949,390.12348820391026,-0.1745,65.8037941812901,-12.572893668354007,0.165,-1.91418804975079,-2.2465826252418517
45.300000000000374,-3.5277446565714166,2854.0688693739025,388.86198580549154,-0.1745,65.82311793778281,-12.657154300020247,0.165,-1.91418804975079,-2.2465826252418517
45.400000000000375,-3.537976910246311,2860.6523621001083,387.59348559887854,-0.1745,65.84673658633314,-12.712849832239165,0.165,-1.91418804975079,-2.2465826252418517
45.50000000000038,-3.544553572602724,2867.2383540100204,386.32034701177986,-0.1745,65.87310161190847,-12.749921909734596,0.165,-1.91418804975079,-2.2465826252418517
45.60000000000038,-3.5487525352843723,2873.827069547097,385.0441081251111,-0.1745,65.9012091296216,-12.77485582364009,0.165,-1.91418804975079,-2.2465826252418517
45.70000000000038,-3.5514061496997202,2880.4186503674946,383.7657713235266,-0.1745,65.93040727833431,-12.791880208049877,0.165,-1.91418804975079,-2.2465826252418517
45.80000000000038,-3.5530564063496084,2887.013184351249,382.4859897534891,-0.1745,65.96027239675803,-12.80375119270085,0.165,-1.91418804975079,-2.2465826252418517
45.90000000000038,-3.5540561252709453,2893.6107244223995,381.20518896679755,-0.1745,65.9905290262474,-12.812264541130427,0.165,-1.91418804975079,-2.2465826252418517
46.000000000000384,-3.554634917644301,2900.2113007769326,379.923646243594,-0.1745,66.02099806441687,-12.818589922940157,0.165,-1.91418804975079,-2.2465826252418517
46.100000000000385,-3.5549421695284074,2906.814928834975,378.64154229834645,-0.1745,66.05156309642788,-12.823488982010907,0.165,-1.91418804975079,-2.2465826252418517
46.20000000000039,-3.5550750438304886,2913.4216144150037,377.35899497241206,-0.1745,66.08214850414444,-12.827457536677121,0.165,-1.91418804975079,-2.2465826252418517
46.30000000000039,-3.5550967172310646,2920.031357101361,376.0760811819201,-0.1745,66.11270522300615,-12.83081827316251,0.165,-1.91418804975079,-2.2465826252418517
46.40000000000039,-3.5550482542094803,2926.6441524360803,374.79285121084996,-0.1745,66.14320147137661,-12.833781148239593,0.165,-1.91418804975079,-2.2465826252418517
46.50000000000039,-3.5549563361804366,2933.2599933454226,373.50933801653025,-0.1745,66.17361671546652,-12.836482738154404,0.165,-1.91418804975079,-2.2465826252418517
46.60000000000039,-3.5548382913191006,2939.878871068222,372.2255632863727,-0.1745,66.2039377405189,-12.839011864997088,0.165,-1.91418804975079,-2.2465826252418517
46.700000000000394,-3.5547053669530255,2946.500775759916,370.94154137904206,-0.1745,66.23415609336254,-12.841426281614723,0.165,-1.91418804975079,-2.2465826252418517
46.800000000000395,-3.5545648580415024,2953.125696885478,369.6572818883594,-0.1745,66.26426641788035,-12.843763532038349,0.165,-1.91418804975079,-2.2465826252418517
46.9000000000004,-3.554421491271411,2959.7536234749637,368.37279131081436,-0.1745,66.29426537182717,-12.846048018862476,0.165,-1.91418804975079,-2.2465826252418517
47.0000000000004,-3.5542783248783456,2966.38454428966,367.08807412981366,-0.1745,66.3241509220976,-12.848295601152085,0.165,-1.91418804975079,-2.2465826252418517
47.1000000000004,-3.554137333490646,2973.0184479300806,365.8031335205056,-0.1745,66.35392188631671,-12.850516585009114,0.165,-1.91418804975079,-2.2465826252418517
47.2000000000004,-3.5539997881597296,2979.655322906133,364.5179718078445,-0.1745,66.38357763472396,-12.852717668212312,0.165,-1.91418804975079,-2.2465826252418517
47.3000000000004,-3.553866503243057,2986.2951576826863,363.2325907642127,-0.1745,66.41311789634483,-12.854903204423925,0.165,-1.91418804975079,-2.2465826252418517
47.400000000000404,-3.5537379967504545,2992.9379407091533,361.94699180274915,-0.1745,66.44254263299706,-12.857076024847048,0.165,-1.91418804975079,-2.2465826252418517
47.500000000000405,-3.5536145944611914,2999.5836604386736,360.66117610290064,-0.1745,66.4718519574104,-12.859237972122877,0.165,-1.91418804975079,-2.2465826252418517
47.600000000000406,-3.553336146350898,3006.2323053405453,359.3751446919364,-0.1745,66.50104608002668,-12.861390247162802,0.165,-1.91418804975079,-2.2465826252418517
47.70000000000041,-3.552882130820476,3012.885488850494,358.08861203186626,-0.1745,66.56262411894839,-12.869262954239332,0.495,-1.91418804975079,-2.2465826252418517
47.80000000000041,-3.552556172011962,3019.543201919883,356.80163762259446,-0.1745,66.59163726883658,-12.870225231197105,0.165,-1.91418804975079,-2.2465826252418517
47.90000000000041,-3.5521568650714808,3026.203807458689,355.5145468534285,-0.1745,66.620473507281,-12.871590152122325,0.165,-1.91418804975079,-2.2465826252418517
48.00000000000041,-3.551631729937797,3032.8689138471073,354.2270202196959,-0.1745,66.6816542610859,-12.878942522530068,0.495,-1.91418804975079,-2.2465826252418517
48.10000000000041,-3.551267934675874,3039.5385088130215,352.9390952543463,-0.1745,66.71024505720091,-12.879556784461634,0.165,-1.91418804975079,-2.2465826252418517
48.200000000000415,-3.5510103959369497,3046.210953225149,351.6510830873175,-0.1745,66.73864318534851,-12.880686556114243,0.165,-1.91418804975079,-2.2465826252418517
48.300000000000416,-3.5508234692722973,3052.8862292540143,350.3629413971505,-0.1745,66.76687739195758,-12.882147247225387,0.165,-1.91418804975079,-2.2465826252418517
48.40000000000042,-3.5506840909889315,3059.564321444665,349.0746430649145,-0.1745,66.79496642105569,-12.8838193974951,0.165,-1.91418804975079,-2.2465826252418517
48.50000000000042,-3.371069972850906,3066.245215892628,347.7861708092562,-0.1745,66.82292253820728,-12.885625715670695,0.165,-1.91418804975079,-2.2465826252418517
48.60000000000042,-3.435092417096697,3072.931385406192,346.52811621323195,-0.1495,66.90046773307374,-12.275466204814178,0.165,-1.91418804975079,-2.2465826252418517
48.70000000000042,-3.476430417392138,3079.6211413922197,345.2896976808641,-0.1745,66.89465198747482,-12.492904442542907,0.165,-1.91418804975079,-2.2465826252418517
48.80000000000042,-3.5031100920599423,3086.3109121535713,344.0333435715273,-0.1745,66.90076323955618,-12.634177744192844,0.165,-1.91418804975079,-2.2465826252418517
48.900000000000425,-3.5203215954172933,3093.0016741856903,342.7653256759293,-0.1745,66.91447740282096,-12.726180167767048,0.165,-1.91418804975079,-2.2465826252418517
49.000000000000426,-3.531419854604225,3099.694049962024,341.48970045778475,-0.1745,66.93303812385398,-12.786324195124749,0.165,-1.91418804975079,-2.2465826252418517
49.10000000000043,-3.5385727475392876,3106.3884358682117,340.20909043064177,-0.1745,66.95467999989367,-12.825876347734496,0.165,-1.91418804975079,-2.2465826252418517
49.20000000000043,-3.543180675139676,3113.0850833141076,338.9251904819128,-0.1745,66.9782689180285,-12.852122626844281,0.165,-1.91418804975079,-2.2465826252418517
49.30000000000043,-3.5461480113203283,3119.7841505087313,337.6390957108065,-0.1745,67.00307497444823,-12.869772795282575,0.165,-1.91418804975079,-2.2465826252418517
49.40000000000043,-3.548058644575025,3126.485735653207,336.35151356161555,-0.1745,67.02862791506901,-12.881870188535641,0.165,-1.91418804975079,-2.2465826252418517
49.50000000000043,-3.54928945480608,3133.189898279663,335.0629010164008,-0.1745,67.0546246140448,-12.890380715758987,0.165,-1.91418804975079,-2.2465826252418517
49.600000000000435,-3.5500836453264117,3139.8966729930544,333.7735532835038,-0.1745,67.08086965378592,-12.896573942180547,0.165,-1.91418804975079,-2.2465826252418517
49.700000000000436,-3.5505981184420348,3146.6060783297967,332.48366110988604,-0.1745,67.10723708105691,-12.901269530174762,0.165,-1.91418804975079,-2.2465826252418517
49.80000000000044,-3.3700136143921937,3153.318122471836,331.1933478060353,-0.1745,67.1336457597261,-12.904996546839458,0.165,-1.91418804975079,-2.2465826252418517
49.90000000000044,-3.434389790079697,3160.0386221547797,329.9330708509401,-0.1495,67.27634789914815,-12.300542555064768,0.8300000000000001,-1.91418804975079,-2.2465826252418517
50.00000000000044,-3.47585964580487,3166.7658720346153,328.692042908673,-0.1745,67.2686496975618,-12.520016290277203,0.165,-1.91418804975079,-2.2465826252418517
50.10000000000044,-3.5025713892635926,3173.4929589030435,327.43293434819196,-0.1745,67.27308767099736,-12.662154919343566,0.165,-1.91418804975079,-2.2465826252418517
50.20000000000044,-3.5197784245954318,3180.2208753279465,326.16210584808005,-0.1745,67.28524082705967,-12.754415082894996,0.165,-1.91418804975079,-2.2465826252418517
50.300000000000445,-3.5308664897010944,3186.950252348777,324.8836590998101,-0.1745,67.30229958955829,-12.814519882504873,0.165,-1.91418804975079,-2.2465826252418517
50.400000000000446,-3.538016908794896,3193.681490820046,323.6002379849726,-0.1745,67.32246983581378,-12.853902414245395,0.165,-1.91418804975079,-2.2465826252418517
50.50000000000045,-3.5426346235186927,3200.4148444323196,322.31354614792775,-0.1745,67.34460240966531,-12.879934326651465,0.165,-1.91418804975079,-2.2465826252418517
50.60000000000045,-3.5456242820278545,3207.150472547775,321.02468110232485,-0.1745,67.36795989943994,-12.897366585406594,0.165,-1.91418804975079,-2.2465826252418517
50.70000000000045,-3.547568245758625,3213.8884739729788,319.73434976963426,-0.1745,67.39206860464145,-12.909260068404997,0.165,-1.91418804975079,-2.2465826252418517
50.80000000000045,-3.5488413167372244,3220.628908606622,318.4430074565679,-0.1745,67.4166240682292,-12.917586192922148,0.165,-1.91418804975079,-2.2465826252418517
50.90000000000045,-3.549684657584231,3227.371811339249,317.15094742955733,-0.1745,67.44143058430338,-12.923614347289421,0.165,-1.91418804975079,-2.2465826252418517
51.000000000000455,-3.550253405806904,3234.117200987372,315.85835862789594,-0.1745,67.46636237816784,-12.928161685939028,0.165,-1.91418804975079,-2.2465826252418517
51.100000000000456,-3.5506473359963033,3240.865086039344,314.56536283745487,-0.1745,67.49133866127251,-12.931754122882465,0.165,-1.91418804975079,-2.2465826252418517
51.20000000000046,-3.550930600720672,3247.6154683518776,313.2720386283501,-0.1745,67.5163075894001,-12.934730059212631,0.165,-1.91418804975079,-2.2465826252418517
51.30000000000046,-3.5511444372212218,3254.368345528446,311.9784367656092,-0.1745,67.54123594196888,-12.937307195605795,0.165,-1.91418804975079,-2.2465826252418517
51.40000000000046,-3.369295223799523,3261.123712449581,310.68459012801173,-0.1745,67.56610248073726,-12.939625556344373,0.165,-1.91418804975079,-2.2465826252418517
51.50000000000046,-3.4343826926886454,3267.8874307109318,309.421277947781,-0.1495,67.7082627462741,-12.326618048270914,0.8300000000000001,-1.91418804975079,-2.2465826252418517
51.60000000000046,-3.4761981570011318,3274.657754973758,308.17747307548336,-0.1745,67.69822251025525,-12.54947939768168,0.165,-1.91418804975079,-2.2465826252418517
51.700000000000465,-3.5030707248334907,3281.4276971977392,306.91533532400433,-0.1745,67.7006219693671,-12.693275631899423,0.165,-1.91418804975079,-2.2465826252418517
51.800000000000466,-3.5203520191884246,3288.198273526589,305.6413589027804,-0.1745,67.71090460763531,-12.786252792579274,0.165,-1.91418804975079,-2.2465826252418517
51.90000000000047,-3.5314793028268676,3294.970128008348,304.35971724800174,-0.1745,67.72618502754739,-12.846580302993802,0.165,-1.91418804975079,-2.2465826252418517
52.00000000000047,-3.538659566233613,3301.743668614501,303.0730912960757,-0.1745,67.744627095507,-12.885938735527066,0.165,-1.91418804975079,-2.2465826252418517
52.10000000000047,-3.543309468745663,3308.5191529083004,301.7832026874811,-0.1745,67.76505878048037,-12.91183343636436,0.165,-1.91418804975079,-2.2465826252418517
52.20000000000047,-3.5463381273560133,3315.296742374792,300.4911567656973,-0.1745,67.7867305493481,-12.92908499931124,0.165,-1.91418804975079,-2.2465826252418517
52.30000000000047,-3.609585416603532,3322.0765370293593,299.1976630863049,-0.1745,67.8091625420056,-12.940788588537753,0.165,-1.7687006950610513,-2.8489351079268666
52.400000000000475,-3.6498582137133653,3328.8570038039006,297.8927150091146,-0.1745,67.80017294882443,-13.158172955267702,0.165,-1.7687006950610513,-2.8489351079268666
52.500000000000476,-3.675303831997781,3335.640451658652,296.5693040750604,-0.1745,67.86878414620729,-13.310045725816344,0.8300000000000001,-1.7687006950610513,-2.8489351079268666
52.60000000000048,-3.6916660769668086,3342.427874185792,295.2338747275922,-0.1745,67.87966639658718,-13.39854122354775,0.165,-1.7687006950610513,-2.8489351079268666
52.70000000000048,-3.702201726302446,3349.2166223129275,293.8911487527249,-0.1745,67.89529614612536,-13.45597827379746,0.165,-1.7687006950610513,-2.8489351079268666
52.80000000000048,-3.7090013424225705,3356.007083496616,292.5436762211086,-0.1745,67.91392752764223,-13.493472358528397,0.165,-1.7687006950610513,-2.8489351079268666
52.90000000000048,-3.713406533190052,3362.799502174332,291.19309439792386,-0.1745,67.93444602667506,-13.51816410516708,0.165,-1.7687006950610513,-2.8489351079268666
53.00000000000048,-3.7162780626035947,3369.594031420852,289.8404542497697,-0.1745,67.95613890372633,-13.534638857915354,0.165,-1.7687006950610513,-2.8489351079268666
53.100000000000485,-3.718168064554444,3376.3907658607377,288.4864303010333,-0.1745,67.97854989398854,-13.545840116812771,0.165,-1.7687006950610513,-2.8489351079268666
53.200000000000486,-3.719430625956295,3383.1897626940495,287.1314554508226,-0.1745,68.00138677224535,-13.553656887400725,0.165,-1.7687006950610513,-2.8489351079268666
53.30000000000049,-3.720292776034034,3389.991055150454,285.77580754921905,-0.1745,68.02446235584154,-13.559301144670798,0.165,-1.7687006950610513,-2.8489351079268666
53.40000000000049,-3.7209000470675653,3396.794661106863,284.41966497661105,-0.1745,68.04765677233277,-13.563550307489146,0.165,-1.7687006950610513,-2.8489351079268666
53.50000000000049,-3.7213457085426507,3403.6005886103294,283.06314231404434,-0.1745,68.07089329700058,-13.566902943845436,0.165,-1.7687006950610513,-2.8489351079268666
53.60000000000049,-3.7216895212867236,3410.4088394186115,281.7063132304818,-0.1745,68.09412286863856,-13.569678727405648,0.165,-1.7687006950610513,-2.8489351079268666
53.70000000000049,-3.7219697660400253,3417.2194112701777,280.34922516466787,-0.1745,68.11731416268988,-13.57208258887296,0.165,-1.7687006950610513,-2.8489351079268666
53.800000000000495,-3.72221095681967,3424.0322993396107,278.99190874131966,-0.1745,68.1404472259716,-13.574245878091013,0.165,-1.7687006950610513,-2.8489351079268666
53.900000000000496,-3.722428786167738,3430.847497170656,277.63438380894144,-0.1745,68.16350939493587,-13.576252769473792,0.165,-1.7687006950610513,-2.8489351079268666
54.0000000000005,-3.722633295068914,3437.66499727432,276.27666331059345,-0.1745,68.18649267834371,-13.578157197485481,0.165,-1.7687006950610513,-2.8489351079268666
54.1000000000005,-3.7228309044858268,3444.4847915121927,274.91875576490764,-0.1745,68.20939207911482,-13.579993716230074,0.165,-1.7687006950610513,-2.8489351079268666
54.2000000000005,-3.7230257170801733,3451.3068713420726,273.5606668560163,-0.1745,68.23220451848535,-13.58178446159597,0.165,-1.7687006950610513,-2.8489351079268666
54.3000000000005,-3.723220351141979,3458.131227975317,272.2024004522438,-0.1745,68.25492814640118,-13.583543613854665,0.165,-1.7687006950610513,-2.8489351079268666
54.4000000000005,-3.723416474733907,3464.957852477615,270.8439592586737,-0.1745,68.27756189955781,-13.585280257547485,0.165,-1.7687006950610513,-2.8489351079268666
54.500000000000504,-3.723615147754547,3471.786735833503,269.4853452351007,-0.1745,68.30010521820235,-13.587000213913099,0.165,-1.7687006950610513,-2.8489351079268666
54.600000000000506,-3.723817040953045,3478.617868987648,268.12655986366684,-0.1745,68.32255786469916,-13.588707214763923,0.165,-1.7687006950610513,-2.8489351079268666
54.70000000000051,-3.7240225761325774,3485.4512428712483,266.76760432021143,-0.1745,68.34491980731255,-13.590403654344415,0.165,-1.7687006950610513,-2.8489351079268666
54.80000000000051,-3.7242320158857107,3492.286848418903,265.4084795839542,-0.1745,68.36719114577765,-13.592091070799816,0.165,-1.7687006950610513,-2.8489351079268666
54.90000000000051,-3.7244455210176355,3499.124676579374,264.04918650769235,-0.1745,68.38937206364248,-13.593770454437472,0.165,-1.7687006950610513,-2.8489351079268666
55.00000000000051,-3.7246631872854548,3505.964718322444,262.68972586271775,-0.1745,68.41146279775747,-13.595442445055012,0.165,-1.7687006950610513,-2.8489351079268666
55.10000000000051,-3.7248850688995203,3512.806964643269,261.3300983675533,-0.1745,68.43346361874629,-13.597107458233118,0.165,-1.7687006950610513,-2.8489351079268666
55.200000000000514,-3.725111193553889,3519.6514065651318,259.97030470633416,-0.1745,68.45537481850793,-13.598765766149683,0.165,-1.7687006950610513,-2.8489351079268666
55.300000000000516,-3.725341572037326,3526.498035141168,258.61034554056255,-0.1745,68.4771967022199,-13.600417549282835,0.165,-1.7687006950610513,-2.8489351079268666
55.40000000000052,-3.7255762043777048,3533.3468414554404,257.25022151662426,-0.1745,68.49892958322226,-13.602062929483221,0.165,-1.7687006950610513,-2.8489351079268666
55.50000000000052,-3.7254076839549413,3540.197816623589,255.88993327059384,-0.1745,68.52057377974549,-13.603701991125027,0.165,-1.7687006950610513,-2.8489351079268666
55.60000000000052,-3.7249804825836845,3547.0542262980043,254.52890415892875,-0.1745,68.60761970856468,-13.616880242176993,0.8300000000000001,-1.7687006950610513,-2.8489351079268666
55.70000000000052,-3.7248046483430497,3553.916066332873,253.16725369292183,-0.1745,68.62918098880863,-13.61612907796128,0.165,-1.7687006950610513,-2.8489351079268666
55.80000000000052,-3.7247905845548175,3560.7800515427452,251.8056359127368,-0.1745,68.65052320863376,-13.616226525739584,0.165,-1.7687006950610513,-2.8489351079268666
55.900000000000524,-3.7248811389911127,3567.6461624335825,250.44398143448737,-0.1745,68.67169460810707,-13.616863039249084,0.165,-1.7687006950610513,-2.8489351079268666
56.000000000000526,-3.725039858998969,3574.514383468379,249.08224622576458,-0.1745,68.69272608782013,-13.617841135206545,0.165,-1.7687006950610513,-2.8489351079268666
56.10000000000053,-3.7252434960545644,3581.38470164668,247.72040242664906,-0.1745,68.71363747819899,-13.619034847103554,0.165,-1.7687006950610513,-2.8489351079268666
56.20000000000053,-3.72547722305708,3588.2571055977805,246.3584324922018,-0.1745,68.73444154381475,-13.620363841841105,0.165,-1.7687006950610513,-2.8489351079268666
56.30000000000053,-3.725731583087129,3595.13158500198,244.99632545514743,-0.1745,68.75514654017267,-13.62177689924661,0.165,-1.7687006950610513,-2.8489351079268666
56.40000000000053,-3.7260005431240497,3602.008130221279,243.6340745417189,-0.1745,68.77575784580576,-13.62324136932417,0.165,-1.7687006950610513,-2.8489351079268666
56.50000000000053,-3.7262802527890053,3608.886732063762,242.27167565098333,-0.1745,68.79627900385698,-13.6247364453872,0.165,-1.7687006950610513,-2.8489351079268666
56.600000000000534,-3.726568252857727,3615.767381633288,240.90912638508098,-0.1745,68.81671238666395,-13.62624887265949,0.165,-1.7687006950610513,-2.8489351079268666
56.700000000000536,-3.7268629706539573,3622.650070233607,239.54642543089585,-0.1745,68.83705961971576,-13.627770211043249,0.165,-1.7687006950610513,-2.8489351079268666
56.80000000000054,-3.7271633983955765,3629.5347893071958,238.18357216586898,-0.1745,68.85732185205619,-13.629295089494398,0.165,-1.7687006950610513,-2.8489351079268666
56.90000000000054,-3.72746888819551,3636.4215303962346,236.8205664067459,-0.1745,68.87749992871804,-13.630820092967259,0.165,-1.7687006950610513,-2.8489351079268666
57.00000000000054,-3.727779021431798,3643.3102851177036,235.45740824945648,-0.1745,68.89759450066398,-13.632343052821506,0.165,-1.7687006950610513,-2.8489351079268666
57.10000000000054,-3.728093525521131,3650.2010451474803,234.09409796708943,-0.1745,68.91760609487072,-13.633862594519794,0.165,-1.7687006950610513,-2.8489351079268666
57.20000000000054,-3.7284122209026154,3657.0938022101736,232.73063594489474,-0.1745,68.93753515899792,-13.635377849373597,0.165,-1.7687006950610513,-2.8489351079268666
57.300000000000544,-3.7287349872713174,3663.988548072616,231.36702263888264,-0.1745,68.95738208985377,-13.636888270868315,0.165,-1.7687006950610513,-2.8489351079268666
57.400000000000546,-3.7290617420756087,3670.8852745396853,230.00325854945694,-0.1745,68.97714725153186,-13.63839351764551,0.165,-1.7687006950610513,-2.8489351079268666
57.50000000000055,-3.7293924268263123,3677.78397345161,228.63934420462647,-0.1745,68.99683098696515,-13.639893378964166,0.165,-1.7687006950610513,-2.8489351079268666
57.60000000000055,-3.72972699838101,3684.684636682223,227.27528014931684,-0.1745,69.01643362528527,-13.641387727228308,0.165,-1.7687006950610513,-2.8489351079268666
57.70000000000055,-3.7300654233963977,3691.587256137813,225.91106693856756,-0.1745,69.0359554865093,-13.642876487757626,0.165,-1.7687006950610513,-2.8489351079268666
57.80000000000055,-3.730407674797616,3698.4918237563643,224.5467051332026,-0.1745,69.05539688452399,-13.644359619541156,0.165,-1.7687006950610513,-2.8489351079268666
57.90000000000055,-3.730753729531532,3705.39833150704,223.18219529707628,-0.1745,69.07475812898595,-13.645837102985574,0.165,-1.7687006950610513,-2.8489351079268666
58.000000000000554,-3.7311035671371884,3712.306771389816,221.81753799532115,-0.1745,69.09403952653115,-13.647308932117268,0.165,-1.7687006950610513,-2.8489351079268666
58.100000000000556,-3.731457168836278,3719.2171354352195,220.4527337932343,-0.1745,69.11324138154492,-13.6487751096199,0.165,-1.7687006950610513,-2.8489351079268666
58.20000000000056,-3.7318145169544783,3726.1294157041293,219.08778325556946,-0.1745,69.13236399665217,-13.650235643676856,0.165,-1.7687006950610513,-2.8489351079268666
58.30000000000056,-3.7321755945532664,3733.0436042876136,217.7226869460875,-0.1745,69.15140767302935,-13.651690545962413,0.165,-1.7687006950610513,-2.8489351079268666
58.40000000000056,-3.7325403851956156,3739.959693306795,216.3574454272712,-0.1745,69.1703727106032,-13.653139830363845,0.165,-1.7687006950610513,-2.8489351079268666
58.50000000000056,-3.732908872796828,3746.877674912734,214.99205926014457,-0.1745,69.18925940817736,-13.65458351216859,0.165,-1.7687006950610513,-2.8489351079268666
58.60000000000056,-3.7332810415295086,3753.797541286319,213.62652900415878,-0.1745,69.20806806351314,-13.656021607547277,0.165,-1.7687006950610513,-2.8489351079268666
58.700000000000564,-3.73327603753097,3760.7192846381636,212.26085521712017,-0.1745,69.22679897338104,-13.657454133224885,0.165,-1.7687006950610513,-2.8489351079268666
58.800000000000566,-3.7329901332727,3767.6461717132997,210.894461182768,-0.1745,69.3109425293408,-13.67042655381823,0.8300000000000001,-1.7687006950610513,-2.8489351079268666
58.90000000000057,-3.732955473952942,3774.5781993748956,209.52746662069467,-0.1745,69.32961070257464,-13.669464687648645,0.165,-1.7687006950610513,-2.8489351079268666
59.00000000000057,-3.733081410572785,3781.512083347755,208.16052527117523,-0.1745,69.34806875461523,-13.669362302740039,0.165,-1.7687006950610513,-2.8489351079268666
59.10000000000057,-3.7333104475140977,3788.447805089996,206.79356700456552,-0.1745,69.36636609021151,-13.669803029454338,0.165,-1.7687006950610513,-2.8489351079268666
59.20000000000057,-3.733606120633064,3795.3853501026374,205.42654754409162,-0.1745,69.38453416261831,-13.670586180023554,0.165,-1.7687006950610513,-2.8489351079268666
59.30000000000057,-3.7339453055642,3802.324706462276,204.05943901161328,-0.1745,69.40259303015522,-13.671584469543463,0.165,-1.7687006950610513,-2.8489351079268666
59.400000000000574,-3.7343133378275346,3809.2658638897683,202.69222392901577,-0.1745,69.42055551968977,-13.67271718240694,0.165,-1.7687006950610513,-2.8489351079268666
59.500000000000576,-3.7347009172993477,3816.2088131592377,201.32489141269903,-0.1745,69.43842986969918,-13.673933143928048,0.165,-1.7687006950610513,-2.8489351079268666
59.60000000000058,-3.7351021448710826,3823.153545723109,199.9574347597134,-0.1745,69.45622140772716,-13.675199915784699,0.165,-1.7687006950610513,-2.8489351079268666
59.70000000000058,-3.7355132773822337,3830.1000534742343,198.58984991685023,-0.1745,69.47393361478245,-13.676496941478662,0.165,-1.7687006950610513,-2.8489351079268666
59.80000000000058,-3.7359319381678615,3837.0483285950036,197.222134509858,-0.1745,69.49156880060609,-13.677811198366152,0.165,-1.7687006950610513,-2.8489351079268666
59.90000000000058,-3.7363566165683544,3843.9983634616337,195.85428722793674,-0.1745,69.5091285319951,-13.679134440058872,0.165,-1.7687006950610513,-2.8489351079268666
60.00000000000058,-3.7367863506792887,3850.9501505834555,194.48630743354693,-0.1745,69.52661390444494,-13.68046144773718,0.165,-1.7687006950610513,-2.8489351079268666
60.100000000000584,-3.7372205262825355,3857.9036825643975,193.1181949150895,-0.1745,69.5440257143978,-13.681788921411162,0.165,-1.7687006950610513,-2.8489351079268666
60.200000000000585,-3.737658749429934,3864.85895207854,191.74994973016706,-0.1745,69.56136456844855,-13.683114777037735,0.165,-1.7687006950610513,-2.8489351079268666
60.30000000000059,-3.738100765711823,3871.815951854591,190.38157210626545,-0.1745,69.57863095257129,-13.684437700994458,0.165,-1.7687006950610513,-2.8489351079268666
60.40000000000059,-3.738546409112591,3878.774674666019,189.01306237782967,-0.1745,69.59582527599636,-13.685756867721379,0.165,-1.7687006950610513,-2.8489351079268666
60.50000000000059,-3.7389955696145645,3885.73511332477,187.64442094640367,-0.1745,69.6129478990163,-13.687071760798759,0.165,-1.7687006950610513,-2.8489351079268666
60.60000000000059,-3.7394481726804276,3892.697260677251,186.27564825538445,-0.1745,69.62999915060487,-13.688382059585477,0.165,-1.7687006950610513,-2.8489351079268666
60.70000000000059,-3.7399041662604873,3899.6611096017605,184.9067447740349,-0.1745,69.64697933957964,-13.689687567405727,0.165,-1.7687006950610513,-2.8489351079268666
60.800000000000594,-3.7403635125661556,3906.6266530068233,183.5377109873615,-0.1745,69.66388876167328,-13.690988166062546,0.165,-1.7687006950610513,-2.8489351079268666
60.900000000000595,-3.7408261828618965,3913.5938838301076,182.16854738970682,-0.1745,69.68072770401261,-13.692283787030844,0.165,-1.7687006950610513,-2.8489351079268666
61.0000000000006,-3.7412921541684874,3920.562795037706,180.79925448069446,-0.1745,69.6974964479554,-13.693574393216247,0.165,-1.7687006950610513,-2.8489351079268666
61.1000000000006,-3.7417614071764027,3927.533379623648,179.42983276266335,-0.1745,69.71419527088699,-13.694859967406035,0.165,-1.7687006950610513,-2.8489351079268666
61.2000000000006,-3.7422339249252334,3934.5056306095603,178.06028273904514,-0.1745,69.73082444735816,-13.696140504958061,0.165,-1.7687006950610513,-2.8489351079268666
61.3000000000006,-3.7427096919679776,3941.4795410444185,176.69060491333857,-0.1745,69.7473842498058,-13.697416009173114,0.165,-1.7687006950610513,-2.8489351079268666
61.4000000000006,-3.743188693842173,3948.4551040043593,175.3207997884616,-0.1745,69.76387494900952,-13.698686488366183,0.165,-1.7687006950610513,-2.8489351079268666
61.500000000000604,-2.9139869568491044,3955.432312592529,173.95086786634263,-0.1745,69.780296814381,-13.699951954013146,0.165,-1.7687006950610513,-2.8489351079268666
61.600000000000605,-3.2241295247369646,3962.4089576082674,172.73034929536024,-0.06225,69.75260350038664,-10.710419465634594,0.495,-1.7687006950610513,-2.8489351079268666
61.70000000000061,-3.420989267353038,3969.3761119103187,171.60533504382954,-0.1745,69.59048254063683,-11.789865564979294,0.165,-1.7687006950610513,-2.8489351079268666
61.80000000000061,-3.545986922897103,3976.3304992239064,170.3920549776961,-0.1745,69.49726373111541,-12.475735757689604,0.165,-1.7687006950610513,-2.8489351079268666
61.90000000000061,-3.6253955657946246,3983.2776598653136,169.12268535882154,-0.1745,69.44594909702992,-12.911656619801423,0.165,-1.7687006950610513,-2.8489351079268666
62.00000000000061,-3.675888424921496,3990.220981936459,167.81766272288303,-0.1745,69.42049232587202,-13.188796098968835,0.165,-1.7687006950610513,-2.8489351079268666
62.10000000000061,-3.708045652965996,3997.162563228648,166.48996770127994,-0.1745,69.41113351791246,-13.36510433309274,0.165,-1.7687006950610513,-2.8489351079268666
62.200000000000614,-3.728579326160867,4004.1037122427897,165.14784192688558,-0.1745,69.41184676491602,-13.477411154794463,0.165,-1.7687006950610513,-2.8489351079268666
62.300000000000615,-3.7417464669759513,4011.0452483587433,163.7965158342349,-0.1745,69.41887555415452,-13.549110698219245,0.165,-1.7687006950610513,-2.8489351079268666
62.40000000000062,-3.5645368342479067,4017.9876853208875,162.43930757540906,-0.1745,69.42986368873453,-13.595054478297449,0.165,-1.7687006950610513,-2.8489351079268666
62.50000000000062,-3.6379187787860867,4024.9374873897423,161.1105928737185,-0.1495,69.56617768835919,-12.979239555513624,0.8300000000000001,-1.7687006950610513,-2.8489351079268666
62.60000000000062,-3.6845519325823943,4031.8929710944735,159.79984573642048,-0.1745,69.5434964062629,-13.235703190446937,0.165,-1.7687006950610513,-2.8489351079268666
62.70000000000062,-3.528605854257167,4038.8469310537275,158.46812520912664,-0.1745,69.53570277881427,-13.398707355430131,0.165,-1.7687006950610513,-2.8489351079268666
62.80000000000062,-3.6157822898982275,4045.8052176604256,157.15563507534335,-0.1495,69.63002935514346,-12.851095320235771,0.495,-1.7687006950610513,-2.8489351079268666
62.900000000000624,-3.671136747230207,4052.766686475719,155.85528613081905,-0.1745,69.59934695072502,-13.155883570250097,0.165,-1.7687006950610513,-2.8489351079268666
63.000000000000625,-3.7063401103232474,4059.7259786579834,154.5300192479479,-0.1745,69.58649669456618,-13.349454087172715,0.165,-1.7687006950610513,-2.8489351079268666
63.10000000000063,-3.7287862606406117,4066.6845425029965,153.1889202977456,-0.1745,69.58478020569072,-13.472524916873168,0.165,-1.7687006950610513,-2.8489351079268666
63.20000000000063,-3.7431582383855293,4073.643283238481,151.83774776903093,-0.1745,69.59003450400218,-13.55092565742046,0.165,-1.7687006950610513,-2.8489351079268666
63.30000000000063,-3.752421401458972,4080.602767704036,150.4801498777452,-0.1745,69.59965480709604,-13.601032168294156,0.165,-1.7687006950610513,-2.8489351079268666
63.40000000000063,-3.758453041964229,4087.5633506618915,149.11843718703096,-0.1745,69.61200435001489,-13.63322164599016,0.165,-1.7687006950610513,-2.8489351079268666
63.50000000000063,-3.762441394795922,4094.5252534755195,147.75407273250158,-0.1745,69.62605192254566,-13.65406744459721,0.165,-1.7687006950610513,-2.8489351079268666
63.600000000000634,-3.7651384220366344,4101.48861341147,146.38798275452223,-0.1745,69.64114679647484,-13.667732114989981,0.165,-1.7687006950610513,-2.8489351079268666
63.700000000000635,-3.7670199163087927,4108.453514649712,145.02075360310596,-0.1745,69.65687796835334,-13.676850913335143,0.165,-1.7687006950610513,-2.8489351079268666
63.80000000000064,-3.768386880336727,4115.420007834743,143.65275646578527,-0.1745,69.67298573227755,-13.683091833078688,0.165,-1.7687006950610513,-2.8489351079268666
63.90000000000064,-3.7694297089709434,4122.388122419819,142.2842263520568,-0.1745,69.68930596924322,-13.687510441490803,0.165,-1.7687006950610513,-2.8489351079268666
64.00000000000064,-3.770268814678782,4129.357874467608,140.91531209849637,-0.1745,69.70573498653171,-13.690774629717957,0.165,-1.7687006950610513,-2.8489351079268666
64.10000000000063,-3.77098033814658,4136.329271582088,139.54610802052878,-0.1745,69.72220730307474,-13.69330692963415,0.165,-1.7687006950610513,-2.8489351079268666
64.20000000000063,-3.7716124171888863,4143.302316027509,138.1766739434331,-0.1745,69.73868160534323,-13.695374612279647,0.165,-1.7687006950610513,-2.8489351079268666
64.30000000000062,-3.7721954797001715,4150.277006701055,136.8070478769792,-0.1745,69.75513186557552,-13.697146716798187,0.165,-1.7687006950610513,-2.8489351079268666
64.40000000000062,-3.7727487548182386,4157.2533403805255,135.4372540340688,-0.1745,69.77154172382718,-13.698730141410179,0.165,-1.7687006950610513,-2.8489351079268666
64.50000000000061,-3.773284391202391,4164.231312513431,134.06730790299474,-0.1745,69.78790093427602,-13.700192480070942,0.165,-1.7687006950610513,-2.8489351079268666
64.6000000000006,-3.7738100614597148,4171.210917716011,132.69721945547946,-0.1745,69.8042031173296,-13.70157647023492,0.165,-1.7687006950610513,-2.8489351079268666
64.7000000000006,-3.7743306089737456,4178.192150088767,131.3269951753681,-0.1745,69.82044433780554,-13.702909131992346,0.165,-1.7687006950610513,-2.8489351079268666
64.8000000000006,-3.774849089083021,4185.175003415942,129.9566393413518,-0.1745,69.8366222056929,-13.70420754833327,0.165,-1.7687006950610513,-2.8489351079268666
64.90000000000059,-3.7753674272582884,4192.159471291601,128.58615483791016,-0.1745,69.85273530748397,-13.705482520499752,0.165,-1.7687006950610513,-2.8489351079268666
65.00000000000058,-3.7758868351104575,4199.145547199305,127.2155436679224,-0.1745,69.86878284659706,-13.706740879255294,0.165,-1.7687006950610513,-2.8489351079268666
65.10000000000058,-3.776408073297404,4206.133224562437,125.84480727665495,-0.1745,69.88476441603926,-13.707986946093737,0.165,-1.7687006950610513,-2.8489351079268666
65.20000000000057,-3.776931617652295,4213.122496775974,124.47394675650501,-0.1745,69.90067985469419,-13.70922345690499,0.165,-1.7687006950610513,-2.8489351079268666
65.30000000000057,-3.777457764144436,4220.113357226533,123.10296297637139,-0.1745,69.91652915648586,-13.710452145767594,0.165,-1.7687006950610513,-2.8489351079268666
65.40000000000056,-3.777986695185284,4227.105799305005,121.73185666338908,-0.1745,69.9323124129716,-13.711674113878516,0.165,-1.7687006950610513,-2.8489351079268666
65.50000000000055,-3.778518521509777,4234.099816414508,120.36062845456173,-0.1745,69.94802977706658,-13.712890062668396,0.165,-1.7687006950610513,-2.8489351079268666
65.60000000000055,-3.779053308626586,4241.095401975367,118.98927892937431,-0.1745,69.96368144012476,-13.714100441080147,0.165,-1.7687006950610513,-2.8489351079268666
65.70000000000054,-3.7795910935205863,4248.0925494282465,117.61780863039006,-0.1745,69.9792676174604,-13.715305538604888,0.165,-1.7687006950610513,-2.8489351079268666
65.80000000000054,-3.7801318951984797,4255.0912522360795,116.24621807625756,-0.1745,69.99478853920318,-13.716505544044992,0.165,-1.7687006950610513,-2.8489351079268666
65.90000000000053,-3.7806757213461943,4262.091503885265,114.87450776992407,-0.1745,70.01024444452321,-13.71770058262488,0.165,-1.7687006950610513,-2.8489351079268666
66.00000000000053,-3.781222572531046,4269.093297886391,113.50267820382159,-0.1745,70.02563557798447,-13.718890739424623,0.165,-1.7687006950610513,-2.8489351079268666
66.10000000000052,-3.7817724448537655,4276.096627774653,112.1307298631416,-0.1745,70.04096218724311,-13.720076074175104,0.165,-1.7687006950610513,-2.8489351079268666
66.20000000000051,-3.782325331621943,4283.101487110095,110.75866322790294,-0.1745,70.05622452159471,-13.721256630597958,0.165,-1.7687006950610513,-2.8489351079268666
66.30000000000051,-3.7828812244057914,4290.107869477728,109.386478774258,-0.1745,70.07142283105792,-13.722432442300905,0.165,-1.7687006950610513,-2.8489351079268666
66.4000000000005,-3.783440113704083,4297.115768487571,108.01417697531804,-0.1745,70.08655736579651,-13.723603536498379,0.165,-1.7687006950610513,-2.8489351079268666
66.5000000000005,-2.9497022887406423,4304.125177774648,106.64175830167515,-0.1745,70.10162837575533,-13.724769936359335,0.165,-1.7687006950610513,-2.8489351079268666
66.60000000000049,-3.2626771268762123,4311.135602153975,105.41998357903502,-0.06225,70.10685921077544,-10.71072451644322,0.8300000000000001,-1.7687006950610513,-2.8489351079268666
66.70000000000049,-3.4608105053425224,4318.137969830691,104.29419604265941,-0.1745,69.94049432354096,-11.805026211068961,0.165,-1.7687006950610513,-2.8489351079268666
66.80000000000048,-3.586299087109435,4325.127217022275,103.07902853364159,-0.1745,69.84444950812744,-12.498323969287421,0.165,-1.7687006950610513,-2.8489351079268666
66.90000000000047,-3.6658311070313387,4332.108991419687,101.80722783996717,-0.1745,69.79103844011871,-12.937689904200903,0.165,-1.7687006950610513,-2.8489351079268666
67.00000000000047,-3.7162952743997533,4339.086736347971,100.49953320149916,-0.1745,69.76386012556175,-13.216202865159117,0.165,-1.7687006950610513,-2.8489351079268666
67.10000000000046,-3.748378356460079,4346.06257780345,99.16908020985261,-0.1745,69.75296898402593,-13.39285696777205,0.165,-1.7687006950610513,-2.8489351079268666
67.20000000000046,-3.7688411187922495,4353.037838354135,97.82418543146379,-0.1745,69.75224202966254,-13.505038600004363,0.165,-1.7687006950610513,-2.8489351079268666
67.30000000000045,-3.781959539410268,4360.013344099065,96.47011209276192,-0.1745,69.75787286894813,-13.576428174032984,0.165,-1.7687006950610513,-2.8489351079268666
67.40000000000045,-3.7904374144242317,4366.989611772057,95.11018985235076,-0.1745,69.7674805909063,-13.622016634190413,0.165,-1.7687006950610513,-2.8489351079268666
67.50000000000044,-3.7959840617435203,4373.966964309053,93.74652453574231,-0.1745,69.77957014900173,-13.651289697978545,0.165,-1.7687006950610513,-2.8489351079268666
67.60000000000043,-3.7996798993323297,4380.945602842026,92.38044768112741,-0.1745,69.79320051046363,-13.670247394319505,0.165,-1.7687006950610513,-2.8489351079268666
67.70000000000043,-3.8022077180332485,4387.925651792991,91.0128011193355,-0.1745,69.80777850881529,-13.682683841518541,0.165,-1.7687006950610513,-2.8489351079268666
67.80000000000042,-3.80399895244276,4394.907187215963,89.64411704300373,-0.1745,69.822929950635,-13.690997685116935,0.165,-1.7687006950610513,-2.8489351079268666
67.90000000000042,-3.8053261713385647,4401.8902546481395,88.27473190624659,-0.1745,69.8384186928946,-13.696705050026111,0.165,-1.7687006950610513,-2.8489351079268666
68.00000000000041,-3.806361550435711,4408.8748803681,86.90485844999046,-0.1745,69.85409570632328,-13.700764075096629,0.165,-1.7687006950610513,-2.8489351079268666
68.1000000000004,-3.807213832782269,4415.861078501535,85.53463123741575,-0.1745,69.86986696238245,-13.703780176397407,0.165,-1.7687006950610513,-2.8489351079268666
68.2000000000004,-3.8079516876158124,4422.848855508062,84.16413543653972,-0.1745,69.88567316815794,-13.706135841123064,0.165,-1.7687006950610513,-2.8489351079268666
68.3000000000004,-3.8086184709025077,4429.83821301501,82.79342501032927,-0.1745,69.90147697080685,-13.708072683085977,0.165,-1.7687006950610513,-2.8489351079268666
68.40000000000039,-3.8090649120266686,4436.829149607345,81.42253421073917,-0.1745,69.91725487588712,-13.709743308716092,0.165,-1.7687006950610513,-2.8489351079268666
68.50000000000038,-2.9783130790724917,4443.823286900477,80.05119837454129,-0.1745,69.96549098675187,-13.716973415241775,0.495,-1.7687006950610513,-2.8489351079268666
68.60000000000038,-3.289851607396543,4450.816788785533,78.82989828957008,-0.06225,69.90454671437024,-10.709028284182267,0.165,-1.7687006950610513,-2.8489351079268666
68.70000000000037,-3.487383972264806,4457.799041766606,77.70467811020212,-0.1745,69.74051290707702,-11.795375303176876,0.165,-1.7687006950610513,-2.8489351079268666
68.80000000000037,-3.612683011385215,4464.768368693334,76.4906706064466,-0.1745,69.6460256274828,-12.484774771933637,0.165,-1.7687006950610513,-2.8489351079268666
68.90000000000036,-3.692212457241655,4471.730358840252,75.22031209519506,-0.1745,69.59377731087852,-12.922395453097227,0.165,-1.7687006950610513,-2.8489351079268666
69.00000000000036,-3.7427461539706153,4478.6884257637275,73.91417896482017,-0.1745,69.56756115863044,-13.20026715440063,0.165,-1.7687006950610513,-2.8489351079268666
69.10000000000035,-3.7749152916753728,4485.644680450768,72.58532482927755,-0.1745,69.55753258217597,-13.376815556451767,0.165,-1.7687006950610513,-2.8489351079268666
69.20000000000034,-3.7954562549548623,4492.600438125569,71.24202768236886,-0.1745,69.55762091384015,-13.489127381722101,0.165,-1.7687006950610513,-2.8489351079268666
69.30000000000034,-3.808636396280154,4499.556521485636,69.889534743902,-0.1745,69.56404628750234,-13.560731387614862,0.165,-1.7687006950610513,-2.8489351079268666
69.40000000000033,-3.817158340981006,4506.513445833338,68.53117084664949,-0.1745,69.57444066652828,-13.606546557435484,0.165,-1.7687006950610513,-2.8489351079268666
69.50000000000033,-3.822733366802527,4513.47153360464,67.1690421074063,-0.1745,69.5873147595142,-13.636028227428369,0.165,-1.7687006950610513,-2.8489351079268666
69.60000000000032,-3.8264448322255533,4520.430985827153,65.80448235811048,-0.1745,69.601729690733,-13.655166758488061,0.165,-1.7687006950610513,-2.8489351079268666
69.70000000000032,-3.8289784588555467,4527.391926948183,64.43833621153983,-0.1745,69.61709272986586,-13.667756172924797,0.165,-1.7687006950610513,-2.8489351079268666
69.80000000000031,-3.8307682089047033,4534.3544330535115,63.07113846050754,-0.1745,69.63302937671178,-13.676198847721135,0.165,-1.7687006950610513,-2.8489351079268666
69.9000000000003,-3.8320886737502438,4541.3185496687665,61.703227735319345,-0.1745,69.6493029283837,-13.682015656042797,0.165,-1.7687006950610513,-2.8489351079268666
70.0000000000003,-3.8331135748745764,4548.2843030037975,60.33481849034858,-0.1745,69.66576377223599,-13.686169243372436,0.165,-1.7687006950610513,-2.8489351079268666
70.10000000000029,-3.833952800434419,4555.251707060789,58.96604658706542,-0.1745,69.68231736759897,-13.689268822290733,0.165,-1.7687006950610513,-2.8489351079268666
70.20000000000029,-3.834675849040729,4562.2207681296095,57.596998152128364,-0.1745,69.69890400880823,-13.691699876450391,0.165,-1.7687006950610513,-2.8489351079268666
70.30000000000028,-3.8353266671422976,4569.191487631419,56.227727843844946,-0.1745,69.71548602737893,-13.693706289217989,0.165,-1.7687006950610513,-2.8489351079268666
70.40000000000028,-3.8359330380910523,4576.163863917599,54.8582704124922,-0.1745,69.7320396962306,-13.695442337836893,0.165,-1.7687006950610513,-2.8489351079268666
70.50000000000027,-3.8365125226619217,4583.137893407794,53.48864801538048,-0.1745,69.74855010766275,-13.697005604397637,0.165,-1.7687006950610513,-2.8489351079268666
70.60000000000026,-3.8370762171221133,4590.113571309809,52.11887484494406,-0.1745,69.76500793263742,-13.698457804330692,0.165,-1.7687006950610513,-2.8489351079268666
70.70000000000026,-3.837631130313185,4597.0908920749625,50.74896005641652,-0.1745,69.78140737042533,-13.699837966220128,0.165,-1.7687006950610513,-2.8489351079268666
70.80000000000025,-3.8381816870119465,4604.069849686057,49.37890961958154,-0.1745,69.79774485146609,-13.701170770479493,0.165,-1.7687006950610513,-2.8489351079268666
70.90000000000025,-3.838730678584451,4611.050437839471,48.008727489839806,-0.1745,69.81401821682009,-13.702471824355257,0.165,-1.7687006950610513,-2.8489351079268666
71.00000000000024,-3.8392798640520676,4618.03265006027,46.6384163487022,-0.1745,69.83022619916129,-13.703750998396849,0.165,-1.7687006950610513,-2.8489351079268666
71.10000000000024,-3.839830350073283,4625.016479774955,45.26797807195739,-0.1745,69.84636809453795,-13.705014536499407,0.165,-1.7687006950610513,-2.8489351079268666
71.20000000000023,-3.8403828311279082,4632.001920357422,43.89741402562501,-0.1745,69.86244355480822,-13.706266390148084,0.165,-1.7687006950610513,-2.8489351079268666
71.30000000000022,-3.84093774131556,4638.988965157982,42.52672525301831,-0.1745,69.8784524564026,-13.707509061985817,0.165,-1.7687006950610513,-2.8489351079268666
71.40000000000022,-3.84149535028067,4645.9776075216705,41.15591259296496,-0.1745,69.89439481735687,-13.708744139081222,0.165,-1.7687006950610513,-2.8489351079268666
71.50000000000021,-3.6554377066474646,4652.967840799782,39.78497675451128,-0.1745,69.91027074486836,-13.709972629992379,0.165,-1.7687006950610513,-2.8489351079268666
71.60000000000021,-3.7250138139515334,4659.964153871303,38.44689273007948,-0.1495,70.01599068556821,-13.051707858643534,0.495,-1.7687006950610513,-2.8489351079268666
71.7000000000002,-3.7691237608397548,4666.964619132019,37.12951513543578,-0.1745,69.99331452875037,-13.295844034230525,0.165,-1.7687006950610513,-2.8489351079268666
71.8000000000002,-3.7971618104960774,4673.963530294499,35.79220202383725,-0.1745,69.98490872084217,-13.450418197740147,0.165,-1.7687006950610513,-2.8489351079268666
71.90000000000019,-3.8150592528945158,4680.962045801628,34.44226016313888,-0.1745,69.9854014217452,-13.548419016227127,0.165,-1.7687006950610513,-2.8489351079268666
72.00000000000018,-3.8265600495281205,4687.960888495031,33.084304336700676,-0.1745,69.99145244631534,-13.610697512537053,0.165,-1.7687006950610513,-2.8489351079268666
72.10000000000018,-3.834026960998121,4694.960509798986,31.721248151872235,-0.1745,70.00097363278246,-13.650426184031776,0.165,-1.7687006950610513,-2.8489351079268666
72.20000000000017,-3.8389508075712486,4701.9611912369255,30.35493068302603,-0.1745,70.01265512601363,-13.675923192892345,0.165,-1.7687006950610513,-2.8489351079268666
72.30000000000017,-3.8422720849661633,4708.963107672379,28.986512545547274,-0.1745,70.02567358305534,-13.692439556682759,0.165,-1.7687006950610513,-2.8489351079268666
72.40000000000016,-3.844584019489243,4715.966366893399,27.61672610651369,-0.1745,70.0395108373494,-13.703289223988937,0.165,-1.7687006950610513,-2.8489351079268666
72.50000000000016,-3.846260738813169,4722.971034463621,26.24603348534055,-0.1745,70.05384056709663,-13.7105631994738,0.165,-1.7687006950610513,-2.8489351079268666
72.60000000000015,-3.8475381587723465,4729.9771493525295,24.87472629505982,-0.1745,70.06845721107024,-13.715580606140843,0.165,-1.7687006950610513,-2.8489351079268666
72.70000000000014,-3.8485650210074205,4736.984733777254,23.502988590362047,-0.1745,70.08323128343014,-13.71917348781456,0.165,-1.7687006950610513,-2.8489351079268666
72.80000000000014,-3.8494350914460225,4743.993799403682,22.130936586734936,-0.1745,70.09808124512033,-13.721866584727668,0.165,-1.7687006950610513,-2.8489351079268666
72.90000000000013,-3.850207470625579,4751.004351255081,20.758643718112765,-0.1745,70.11295578286608,-13.723990787715733,0.165,-1.7687006950610513,-2.8489351079268666
73.00000000000013,-3.8509194033714547,4758.016390176209,19.38615644251259,-0.1745,70.1278226396984,-13.725754724287759,0.165,-1.7687006950610513,-2.8489351079268666
73.10000000000012,-3.851594356757382,4765.02991438685,18.013504210311922,-0.1745,70.1426615731164,-13.727289919725562,0.165,-1.7687006950610513,-2.8489351079268666
73.20000000000012,-3.8522471135172767,4772.044920461258,16.64070575016022,-0.1745,70.15745991503991,-13.728679283308505,0.165,-1.7687006950610513,-2.8489351079268666
73.30000000000011,-3.8528869831940544,4779.0614039456195,15.267773032294748,-0.1745,70.17220977218618,-13.729975074000889,0.165,-1.7687006950610513,-2.8489351079268666
73.4000000000001,-3.8535198263579593,4786.079359747271,13.894713767118894,-0.1745,70.18690626085323,-13.7312102295162,0.165,-1.7687006950610513,-2.8489351079268666
73.5000000000001,-3.8541493304579273,4793.098782380013,12.52153298017177,-0.1745,70.20154639398984,-13.732405509426265,0.165,-1.7687006950610513,-2.8489351079268666
73.6000000000001,-3.85477781388263,4800.119666118691,11.14823400478055,-0.1745,70.21612837957906,-13.73357399839815,0.165,-1.7687006950610513,-2.8489351079268666
73.70000000000009,-3.85540673262967,4807.142005096589,9.774819107619887,-0.1745,70.230651178368,-13.734723944815096,0.165,-1.7687006950610513,-2.8489351079268666
73.80000000000008,-3.856036999537858,4814.165793366763,8.401289882885077,-0.1745,70.2451142251094,-13.735860549881087,0.165,-1.7687006950610513,-2.8489351079268666
73.90000000000008,-3.856669185398338,4821.191024940663,7.027647500635802,-0.1745,70.25951725288309,-13.73698709510442,0.165,-1.7687006950610513,-2.8489351079268666
74.00000000000007,-3.8573036456359344,4828.217693812427,5.65389286324338,-0.1745,70.27386018239356,-13.738105652744027,0.165,-1.7687006950610513,-2.8489351079268666
74.10000000000007,-3.8579406000969585,4835.245793974157,4.280026703935236,-0.1745,70.28814305222018,-13.739217533418856,0.165,-1.7687006950610513,-2.8489351079268666
74.20000000000006,-3.858580183295942,4842.275319425512,2.9060496488600327,-0.1745,70.30236597487561,-13.7403235680852,0.165,-1.7687006950610513,-2.8489351079268666
74.30000000000005,-3.859222476054919,4849.306264179712,1.5319622561732498,-0.1745,70.31652910912683,-13.741424285650456,0.165,-1.7687006950610513,-2.8489351079268666
74.40000000000005,-10000.0,4856.338622267297,0.15776504064891905,-0.1745,70.33063264256215,-13.742520024836157,0.165,-1.7687006950610513,-2.8489351079268666
