t,reward,x,y,theta,vx,vy,throttle,wind_vx,wind_vy
0.0,0.0,82.58888064079844,834.9154362773492,-0.009447978844627378,42.547394172598125,-0.9793747171394334,0.5,-0.8559804181272458,-0.5901506803829928
0.1,-0.5953737768669153,82.58888064079844,834.9154362773492,-0.009447978844627378,42.547394172598125,-0.9793747171394334,0.5,-0.8559804181272458,-0.5901506803829928
0.2,-1.3724605916773533,86.83815066542344,834.7437689401263,-0.12169797884462737,42.43800631990189,-2.4539720273171923,0.165,-0.8559804181272458,-0.5901506803829928
0.30000000000000004,-1.9785640562194462,91.07335263100593,834.4162712082634,-0.1745,42.26603299174782,-4.095982609940979,0.165,-0.8559804181272458,-0.5901506803829928
0.4,-2.4498154578832048,95.29505774915735,833.9424677292596,-0.1745,42.16806937128045,-5.380086970134629,0.165,-0.8559804181272458,-0.5901506803829928
0.5,-2.8150249643128946,99.50956597465579,833.3541917723644,-0.1745,42.122095138688174,-6.385432167770296,0.165,-0.8559804181272458,-0.5901506803829928
0.6,-3.097082075898632,103.72134106058519,832.6763073716011,-0.1745,42.113406579900015,-7.172255847495773,0.165,-0.8559804181272458,-0.5901506803829928
0.7,-3.3141025137488374,107.93360586715764,831.9283241076954,-0.1745,42.131889551548994,-7.787409430617684,0.165,-0.8559804181272458,-0.5901506803829928
0.7999999999999999,-3.480371682510616,112.14872143169337,831.1255676345957,-0.1745,42.170421739165654,-8.2677200313763,0.165,-0.8559804181272458,-0.5901506803829928
0.8999999999999999,-3.6071177101797463,116.36843709389379,830.2800690529477,-0.1745,42.223891504842555,-8.642251601582004,0.165,-0.8559804181272458,-0.5901506803829928
0.9999999999999999,-3.7031404925387457,120.59406030411061,829.4012589154489,-0.1745,42.28857269949402,-8.933951148395103,0.165,-0.8559804181272458,-0.5901506803829928
1.0999999999999999,-3.7753197779866188,124.82657464611415,828.496515789377,-0.1745,42.361714140576936,-9.160911373044073,0.165,-0.8559804181272458,-0.5901506803829928
1.2,-3.829022709035503,129.0667235088106,827.571601864913,-0.1745,42.4412631133522,-9.337367116236075,0.165,-0.8559804181272458,-0.5901506803829928
1.3,-3.868428721606988,133.3150704132149,826.6310089282147,-0.1745,42.52567497473372,-9.474491617730703,0.165,-0.8559804181272458,-0.5901506803829928
1.4000000000000001,-3.8967872112327644,137.5720431346511,825.6782326029265,-0.1745,42.61377945399021,-9.581034888031562,0.165,-0.8559804181272458,-0.5901506803829928
1.5000000000000002,-3.9166209856472625,141.8379663634609,824.7159891195023,-0.1745,42.70468512220573,-9.663834780453074,0.165,-0.8559804181272458,-0.5901506803829928
1.6000000000000003,-3.9298863257079475,146.11308612380233,823.7463861429737,-0.1745,42.79771008462258,-9.728224750117619,0.165,-0.8559804181272458,-0.5901506803829928
1.7000000000000004,-3.9380985282352254,150.39758817953444,822.7710570117956,-0.1745,42.89233103001966,-9.77835787344559,0.165,-0.8559804181272458,-0.5901506803829928
1.8000000000000005,-3.94243012672535,154.69161199870913,821.7912659528622,-0.1745,42.988145353474394,-9.817463305222173,0.165,-0.8559804181272458,-0.5901506803829928
1.9000000000000006,-3.9437875738121835,158.99526140311934,820.807990361117,-0.1745,43.08484273472953,-9.848048529681472,0.165,-0.8559804181272458,-0.5901506803829928
2.0000000000000004,-3.9428710014811728,163.30861272231837,819.8219850166229,-0.1745,43.182183649251286,-9.872058360202182,0.165,-0.8559804181272458,-0.5901506803829928
2.1000000000000005,-3.9402207221435788,167.6317210558833,818.8338321186699,-0.1745,43.2799830220472,-9.890999598857016,0.165,-0.8559804181272458,-0.5901506803829928
2.2000000000000006,-3.9362533643102204,171.96462509369206,817.8439802113621,-0.1745,43.37809773412772,-9.906038547298072,0.165,-0.8559804181272458,-0.5901506803829928
2.3000000000000007,-3.9312899204713947,176.30735083232506,816.852774427409,-0.1745,43.47641703853227,-9.918077131762681,0.165,-0.8559804181272458,-0.5901506803829928
2.400000000000001,-3.9255774945206676,180.65991444365238,815.8604799591931,-0.1745,43.57485518801422,-9.927812232556752,0.165,-0.8559804181272458,-0.5901506803829928
2.500000000000001,-3.919306147907194,185.0223244906789,814.8673002547475,-0.1745,43.67334575251635,-9.935781856354,0.165,-0.8559804181272458,-0.5901506803829928
2.600000000000001,-3.912621937625735,189.39458363994623,813.8733911107636,-0.1745,43.77183723283066,-9.94240102332484,0.165,-0.8559804181272458,-0.5901506803829928
2.700000000000001,-3.905636998576484,193.77668998516282,812.8788715781667,-0.1745,43.8702896715013,-9.947989628611978,0.165,-0.8559804181272458,-0.5901506803829928
2.800000000000001,-3.8984373342265117,198.16863807037143,811.8838323941908,-0.1745,43.96867203267103,-9.952794050905256,0.165,-0.8559804181272458,-0.5901506803829928
2.9000000000000012,-3.891088831970161,202.5704196807936,810.8883424968558,-0.1745,44.066960175772564,-9.957003895794104,0.165,-0.8559804181272458,-0.5901506803829928
3.0000000000000013,-3.8836419043833588,206.98202445399883,809.8924540541625,-0.1745,44.165135288331754,-9.960764958071135,0.165,-0.8559804181272458,-0.5901506803829928
3.1000000000000014,-3.876135067748777,211.40344035211342,808.8962063438258,-0.1745,44.263182673959996,-9.964189248662045,0.165,-0.8559804181272458,-0.5901506803829928
3.2000000000000015,-3.8685976992945297,215.83465402657336,807.8996287441477,-0.1745,44.361090815238555,-9.967362744901617,0.165,-0.8559804181272458,-0.5901506803829928
3.3000000000000016,-3.8610521602004373,220.27565109980418,806.9027430380714,-0.1745,44.45885064937806,-9.970351376622157,0.165,-0.8559804181272458,-0.5901506803829928
3.4000000000000017,-3.8535154291713267,224.72641638270125,805.9055651869252,-0.1745,44.55645500856348,-9.973205646304178,0.165,-0.8559804181272458,-0.5901506803829928
3.5000000000000018,-3.846000358580687,229.18693404251633,804.9081066949864,-0.1745,44.65389818773837,-9.975964192472526,0.165,-0.8559804181272458,-0.5901506803829928
3.600000000000002,-3.8385166397554737,233.657187732452,803.910375658555,-0.1745,44.751175610975125,-9.97865653615514,0.165,-0.8559804181272458,-0.5901506803829928
3.700000000000002,-3.8310715442670125,238.1371606917048,802.9123775719343,-0.1745,44.848283574080604,-9.981305196259953,0.165,-0.8559804181272458,-0.5901506803829928
3.800000000000002,-3.823670492836257,242.62683582271515,801.9141159462317,-0.1745,44.94521904612633,-9.98392731778976,0.165,-0.8559804181272458,-0.5901506803829928
3.900000000000002,-3.8163174916586633,247.12619575084648,800.9155927841294,-0.1745,45.04197951650006,-9.986535924255715,0.165,-0.8559804181272458,-0.5901506803829928
4.000000000000002,-3.8090154668293796,251.63522287052672,799.916808943897,-0.1745,45.138562877104896,-9.98914088039285,0.165,-0.8559804181272458,-0.5901506803829928
4.100000000000001,-3.80176652050059,256.153899380966,798.9177644182921,-0.1745,45.23496733168073,-9.991749631704199,0.165,-0.8559804181272458,-0.5901506803829928
4.200000000000001,-3.794572126961384,260.68220731385213,797.918458548097,-0.1745,45.33119132604238,-9.994367772198066,0.165,-0.8559804181272458,-0.5901506803829928
4.300000000000001,-3.787433282632633,265.2201285548762,796.9188901854897,-0.1745,45.42723349443897,-9.996999479948926,0.165,-0.8559804181272458,-0.5901506803829928
4.4,-3.780350620733275,269.76764486051474,795.9190578189404,-0.1745,45.523092618330686,-9.999647851038148,0.165,-0.8559804181272458,-0.5901506803829928
4.5,-3.773324498881193,274.3247378711675,794.9189596686175,-0.1745,45.61876759472377,-10.002315155418179,0.165,-0.8559804181272458,-0.5901506803829928
4.6,-3.7663550659725145,278.8913891214966,793.9185937592051,-0.1745,45.71425741185851,-10.005003032828414,0.165,-0.8559804181272458,-0.5901506803829928
4.699999999999999,-3.7594423132063994,283.46758004861704,792.9179579754281,-0.1745,45.809561130549824,-10.007712642711942,0.165,-0.8559804181272458,-0.5901506803829928
4.799999999999999,-3.752586112986976,288.0532919986381,791.9170501043495,-0.1745,45.90467786987065,-10.010444778859528,0.165,-0.8559804181272458,-0.5901506803829928
4.899999999999999,-3.745786248561713,292.6485062319401,790.9158678675553,-0.1745,45.999606796169594,-10.013199957023478,0.165,-0.8559804181272458,-0.5901506803829928
4.999999999999998,-3.739042436585629,297.2532039274809,789.9144089456126,-0.1745,46.09434711464683,-10.015978481831338,0.165,-0.8559804181272458,-0.5901506803829928
5.099999999999998,-3.732354344286758,301.86736618635786,788.9126709966282,-0.1745,46.188898062891674,-10.018780497857213,0.165,-0.8559804181272458,-0.5901506803829928
5.1999999999999975,-3.725721602514116,306.4909740347986,787.9106516703065,-0.1745,46.28325890592334,-10.02160602857636,0.165,-0.8559804181272458,-0.5901506803829928
5.299999999999997,-3.7191438156473247,311.12400842671394,786.9083486185748,-0.1745,46.37742893238276,-10.02445500605849,0.165,-0.8559804181272458,-0.5901506803829928
5.399999999999997,-3.7126205691157717,315.76645024591335,785.9057595035925,-0.1745,46.471407451605465,-10.027327293586866,0.165,-0.8559804181272458,-0.5901506803829928
5.4999999999999964,-3.7061514350980884,320.41828030806204,784.9028820037694,-0.1745,46.56519379136816,-10.030222702877232,0.165,-0.8559804181272458,-0.5901506803829928
5.599999999999996,-3.6997359768373372,325.07947936243795,783.8997138182666,-0.1745,46.658787296150436,-10.033141007177127,0.165,-0.8559804181272458,-0.5901506803829928
5.699999999999996,-3.6923594289919786,329.750028093535,782.8962526703465,-0.1745,46.75218732578984,-10.036081951224459,0.165,-0.8559804181272458,-0.5901506803829928
5.799999999999995,-3.6850958049337743,334.4331816273337,781.8919190374672,-0.1745,46.91088335018438,-10.050590706359806,0.8300000000000001,-0.8559804181272458,-0.5901506803829928
5.899999999999995,-3.6781325200316966,339.12892878399805,780.8868276683601,-0.1745,47.00405978310259,-10.051236675783347,0.165,-0.8559804181272458,-0.5901506803829928
5.999999999999995,-3.6714072758088383,343.8339800139142,779.8816413024083,-0.1745,47.0969648152197,-10.05249064325216,0.165,-0.8559804181272458,-0.5901506803829928
6.099999999999994,-3.6648730981333437,348.5483090805106,778.876306417594,-0.1745,47.18961651670837,-10.05420705303364,0.165,-0.8559804181272458,-0.5901506803829928
6.199999999999994,-3.6584945629649788,353.27189132642724,777.8707822590566,-0.1745,47.28202840162438,-10.056276117716138,0.165,-0.8559804181272458,-0.5901506803829928
6.299999999999994,-3.652244946697727,358.0047032734611,776.8650377002284,-0.1745,47.37421053905202,-10.058615058846875,0.165,-0.8559804181272458,-0.5901506803829928
6.399999999999993,-3.646104075871307,362.7467223202061,775.8590488732486,-0.1745,47.46617039584939,-10.061161480748256,0.165,-0.8559804181272458,-0.5901506803829928
6.499999999999993,-3.6400567055829,367.49792651376214,774.8527973811664,-0.1745,47.55791347527116,-10.063868360896308,0.165,-0.8559804181272458,-0.5901506803829928
6.5999999999999925,-3.6340912973430632,372.2582943775514,773.8462689498865,-0.1745,47.649443800514746,-10.066700264701744,0.165,-0.8559804181272458,-0.5901506803829928
6.699999999999992,-3.628199098539314,377.02780478160525,772.8394524122941,-0.1745,47.74076428056243,-10.069630487146355,0.165,-0.8559804181272458,-0.5901506803829928
6.799999999999992,-3.6223734494961217,381.80643684497153,771.8323389431554,-0.1745,47.83187698676309,-10.072638895628513,0.165,-0.8559804181272458,-0.5901506803829928
6.8999999999999915,-3.616609262176769,386.59416986239864,770.8249214832244,-0.1745,47.92278336177868,-10.07571030299097,0.165,-0.8559804181272458,-0.5901506803829928
6.999999999999991,-3.6109026282494874,391.3909832493536,769.8171943060161,-0.1745,48.01348437732106,-10.078833241176048,0.165,-0.8559804181272458,-0.5901506803829928
7.099999999999991,-3.605250524593707,396.1968565008769,768.809152692086,-0.1745,48.10398065314447,-10.081999037426366,0.165,-0.8559804181272458,-0.5901506803829928
7.19999999999999,-3.599229973355037,401.0117691608714,767.8007926842736,-0.1745,48.1942725467454,-10.085201118820967,0.165,-0.8559804181272458,-0.5901506803829928
7.29999999999999,-3.5932212238058856,405.8373257414805,766.7918244378891,-0.1745,48.31685906543782,-10.094163808867826,0.495,-0.8559804181272458,-0.5901506803829928
7.39999999999999,-3.587383554125404,410.67350976722355,765.7823028213113,-0.1745,48.40682144942234,-10.096268522687117,0.165,-0.8559804181272458,-0.5901506803829928
7.499999999999989,-3.5816844297171024,415.5186778502782,764.7725546394075,-0.1745,48.496540211670705,-10.098695115389098,0.165,-0.8559804181272458,-0.5901506803829928
7.599999999999989,-3.5760995050884987,420.3728061173222,763.7625516038762,-0.1745,48.586025129209325,-10.101365595238537,0.165,-0.8559804181272458,-0.5901506803829928
7.699999999999989,-3.57061054986765,425.23587154464434,762.7522722414193,-0.1745,48.67528341723256,-10.104221653900808,0.165,-0.8559804181272458,-0.5901506803829928
7.799999999999988,-3.565203897583337,430.10785173420385,761.7417001733812,-0.1745,48.76432037395814,-10.1072197068616,0.165,-0.8559804181272458,-0.5901506803829928
7.899999999999988,-3.559869286133326,434.9887247461375,760.730822829184,-0.1745,48.85313986471542,-10.110327177082276,0.165,-0.8559804181272458,-0.5901506803829928
7.999999999999988,-3.5545989915562344,439.878468973627,759.7196304847351,-0.1745,48.94174468507441,-10.113519711894437,0.165,-0.8559804181272458,-0.5901506803829928
8.099999999999987,-3.5493871813032207,444.7770630495328,758.708115544139,-0.1745,49.03013683304191,-10.116779100027834,0.165,-0.8559804181272458,-0.5901506803829928
8.199999999999987,-3.414027963347736,449.6844857768324,757.6962720034585,-0.1745,49.11831771295074,-10.120091713581127,0.165,-0.8559804181272458,-0.5901506803829928
8.299999999999986,-3.4431199420985963,454.60279354386233,756.7003529782967,-0.1495,49.24783762764777,-9.798288789655,0.495,-0.8559804181272458,-0.5901506803829928
8.399999999999986,-3.4633259142366946,459.531390115671,755.7161097600177,-0.1745,49.32409380852603,-9.88657557592379,0.165,-0.8559804181272458,-0.5901506803829928
8.499999999999986,-3.4769651805347235,464.46775239261797,754.7241389995561,-0.1745,49.40315173041339,-9.9528396333094,0.165,-0.8559804181272458,-0.5901506803829928
8.599999999999985,-3.485757993069278,469.41212112406566,753.7263585215277,-0.1745,49.484222898540786,-10.002769927258555,0.165,-0.8559804181272458,-0.5901506803829928
8.699999999999985,-3.4909791452519574,474.3646685926478,752.7241901626023,-0.1745,49.5667264731014,-10.04059725124853,0.165,-0.8559804181272458,-0.5901506803829928
8.799999999999985,-3.493572544268433,479.3255166085281,751.7186870728362,-0.1745,49.65023384450519,-10.06946454407372,0.165,-0.8559804181272458,-0.5901506803829928
8.899999999999984,-3.494236552793249,484.2947497192786,750.7106286292412,-0.1745,49.73442837050537,-10.091704327826763,0.165,-0.8559804181272458,-0.5901506803829928
8.999999999999984,-3.493487478225579,489.2724249355338,749.7005911057483,-0.1745,49.81907595459879,-10.109046142030808,0.165,-0.8559804181272458,-0.5901506803829928
9.099999999999984,-3.491706753769826,494.25857890590044,748.6890002300424,-0.1745,49.904003452733235,-10.12277137208686,0.165,-0.8559804181272458,-0.5901506803829928
9.199999999999983,-3.488848858631741,499.2532332173117,747.6761702291925,-0.1745,49.9890827754911,-10.13382864491147,0.165,-0.8559804181272458,-0.5901506803829928
9.299999999999983,-3.48533313276016,504.25802325619105,746.6620463445824,-0.1745,50.106718002096194,-10.14864904728979,0.495,-0.8559804181272458,-0.5901506803829928
9.399999999999983,-3.4815493971383042,509.27295497008805,745.6468567280222,-0.1745,50.191916275843624,-10.155143283916809,0.165,-0.8559804181272458,-0.5901506803829928
9.499999999999982,-3.477578386569691,514.2964012057386,744.6310556670769,-0.1745,50.27700843716642,-10.160877934987534,0.165,-0.8559804181272458,-0.5901506803829928
9.599999999999982,-3.4734794776279405,519.3283499730461,743.6147089789768,-0.1745,50.361966908985465,-10.166055827014615,0.165,-0.8559804181272458,-0.5901506803829928
9.699999999999982,-3.4692962920855615,524.3687868824325,742.5978648611296,-0.1745,50.44677127874154,-10.170826529930292,0.165,-0.8559804181272458,-0.5901506803829928
9.799999999999981,-3.4650608374782044,529.4176957680103,741.5805585217333,-0.1745,50.531406432815054,-10.175300257993186,0.165,-0.8559804181272458,-0.5901506803829928
9.89999999999998,-3.460796564799061,534.4750591484227,740.5628156008007,-0.1745,50.615861175433956,-10.179558160658695,0.165,-0.8559804181272458,-0.5901506803829928
9.99999999999998,-3.4565206251340297,539.5408585675251,739.5446546959713,-0.1745,50.700127206613956,-10.183659935929763,0.165,-0.8559804181272458,-0.5901506803829928
10.09999999999998,-3.451651027528687,544.6150748461615,738.5260892262135,-0.1745,50.78419836611397,-10.187649459227524,0.165,-0.8559804181272458,-0.5901506803829928
10.19999999999998,-3.446508238201176,549.700962772976,737.5065515337529,-0.1745,50.933560170177294,-10.203104389982753,0.8300000000000001,-0.8559804181272458,-0.5901506803829928
10.29999999999998,-3.441626235154987,554.7985096657419,736.4861644034282,-0.1745,51.017377685139174,-10.20463821651077,0.165,-0.8559804181272458,-0.5901506803829928
10.399999999999979,-3.4369440674885987,559.904423778253,735.4655945920904,-0.1745,51.100904565082566,-10.206758010247102,0.165,-0.8559804181272458,-0.5901506803829928
10.499999999999979,-3.4321380917010607,565.018677087016,734.444791238836,-0.1745,51.18416161017799,-10.209309054838725,0.165,-0.8559804181272458,-0.5901506803829928
10.599999999999978,-3.427301061800068,570.142868312761,733.4234304293238,-0.1745,51.29966290472184,-10.217907135405333,0.495,-0.8559804181272458,-0.5901506803829928
10.699999999999978,-3.4226833826548972,575.2769762070238,732.401542080094,-0.1745,51.38249498053475,-10.21985984918977,0.165,-0.8559804181272458,-0.5901506803829928
10.799999999999978,-3.4182345780868055,580.4193534072738,731.3794341807778,-0.1745,51.46504902446402,-10.222298137135304,0.165,-0.8559804181272458,-0.5901506803829928
10.899999999999977,-3.4139177049746703,585.5699729812368,730.3570646224465,-0.1745,51.54734245479662,-10.225093029491422,0.165,-0.8559804181272458,-0.5901506803829928
10.999999999999977,-3.409445222669372,590.7288095040997,729.3344024651673,-0.1745,51.62938800246178,-10.228150116092754,0.165,-0.8559804181272458,-0.5901506803829928
11.099999999999977,-3.40488964010008,595.8974635945011,728.3111384778753,-0.1745,51.7436938055664,-10.237129629748486,0.495,-0.8559804181272458,-0.5901506803829928
11.199999999999976,-3.400525561694996,601.0759153432335,727.2873133655218,-0.1745,51.825341169080765,-10.239372617321422,0.165,-0.8559804181272458,-0.5901506803829928
11.299999999999976,-3.396309309608385,606.2625183225808,726.2632429544003,-0.1745,51.906718417864525,-10.242035605106507,0.165,-0.8559804181272458,-0.5901506803829928
11.399999999999975,-3.3922090067829185,611.457246285772,725.2388908701645,-0.1745,51.98784084596005,-10.245006079609018,0.165,-0.8559804181272458,-0.5901506803829928
11.499999999999975,-3.388201383212692,616.6600743082041,724.2142304698942,-0.1745,52.06871960268202,-10.248201925795149,0.165,-0.8559804181272458,-0.5901506803829928
11.599999999999975,-3.3842694432195404,621.8709784287294,723.1892422119212,-0.1745,52.14936280782351,-10.251563233667152,0.165,-0.8559804181272458,-0.5901506803829928
11.699999999999974,-3.3804007625680317,627.0899353875559,722.1639117350211,-0.1745,52.22977636870641,-10.255046304334389,0.165,-0.8559804181272458,-0.5901506803829928
11.799999999999974,-3.376586246057913,632.3169224349091,721.1382284564265,-0.1745,52.30996457835798,-10.258619267556785,0.165,-0.8559804181272458,-0.5901506803829928
11.899999999999974,-3.3728192215850457,637.5519171914842,720.1121845490834,-0.1745,52.389930553144715,-10.26225887930612,0.165,-0.8559804181272458,-0.5901506803829928
11.999999999999973,-3.369094779919574,642.7948975467783,719.0857741959715,-0.1745,52.469676552738264,-10.265948182932023,0.165,-0.8559804181272458,-0.5901506803829928
12.099999999999973,-3.365184588005245,648.0458415851102,718.0589930467244,-0.1745,52.54920421389884,-10.269674802009998,0.165,-0.8559804181272458,-0.5901506803829928
12.199999999999973,-3.3611139296223094,653.3063524740894,717.0315513558836,-0.1745,52.66101356568561,-10.279159014806222,0.495,-0.8559804181272458,-0.5901506803829928
12.299999999999972,-3.3569800418985896,658.5764120669388,716.0035040614755,-0.1745,52.74017829130142,-10.28178687335608,0.165,-0.8559804181272458,-0.5901506803829928
12.399999999999972,-3.3527642005785325,663.8560000771498,714.9748907210377,-0.1745,52.85158191291886,-10.290479935400544,0.495,-0.8559804181272458,-0.5901506803829928
12.499999999999972,-3.348763474488564,669.145094653772,713.9457397795292,-0.1745,52.93030961952554,-10.292538894770313,0.165,-0.8559804181272458,-0.5901506803829928
12.599999999999971,-2.7242628538271223,674.4420478698113,712.916358049454,-0.1745,53.008754701259484,-10.295095706734168,0.165,-0.8559804181272458,-0.5901506803829928
12.69999999999997,-2.8988643871880475,679.7409528303654,711.9726349808705,-0.06225,52.96934450982299,-8.579365664936093,0.165,-0.8559804181272458,-0.5901506803829928
12.79999999999997,-3.0240067127127057,685.0383344481361,711.0909300831878,-0.1745,52.97828784559073,-9.054732288717958,0.165,-0.8559804181272458,-0.5901506803829928
12.89999999999997,-3.112531904659257,690.3408801621182,710.1676174158877,-0.1745,53.072626434051465,-9.411521057285064,0.8300000000000001,-0.8559804181272458,-0.5901506803829928
12.99999999999997,-3.175388159630359,695.6502894366739,709.2140276247554,-0.1745,53.11555905706366,-9.660274765359496,0.165,-0.8559804181272458,-0.5901506803829928
13.09999999999997,-3.2197136484318074,700.9644820676392,708.2389639913655,-0.1745,53.1682935622428,-9.840997902438179,0.165,-0.8559804181272458,-0.5901506803829928
13.199999999999969,-3.250675986355762,706.2842946346186,707.2482903204082,-0.1745,53.22795777734479,-9.972475516707597,0.165,-0.8559804181272458,-0.5901506803829928
13.299999999999969,-3.2720117623878493,711.6103184778234,706.2462492781111,-0.1745,53.29251908675047,-10.068345329233477,0.165,-0.8559804181272458,-0.5901506803829928
13.399999999999968,-3.2864200284978344,716.9429709819948,705.235907310905,-0.1745,53.360530996677376,-10.138494014889902,0.165,-0.8559804181272458,-0.5901506803829928
13.499999999999968,-3.295848617297077,722.28254553461,704.2194786205712,-0.1745,53.43096005562731,-10.190079791786589,0.165,-0.8559804181272458,-0.5901506803829928
13.599999999999968,-3.3017020779663153,727.6292468319953,703.1985606506538,-0.1745,53.503065892078446,-10.228279606560825,0.165,-0.8559804181272458,-0.5901506803829928
13.699999999999967,-3.304992448335307,732.9832159828835,702.1743049785135,-0.1745,53.576317125686224,-10.256833836243537,0.165,-0.8559804181272458,-0.5901506803829928
13.799999999999967,-3.3064484334246975,738.3445484354901,701.1475411584167,-0.1745,53.65033192644624,-10.27844256569209,0.165,-0.8559804181272458,-0.5901506803829928
13.899999999999967,-3.306594376390894,743.7133068186963,700.1188663611562,-0.1745,53.7248357376784,-10.295053379519912,0.165,-0.8559804181272458,-0.5901506803829928
13.999999999999966,-3.3058073245994346,749.0895301592691,699.0887101892299,-0.1745,53.799631073776105,-10.3080700590044,0.165,-0.8559804181272458,-0.5901506803829928
14.099999999999966,-3.304358231696034,754.4732405068212,698.0573814996262,-0.1745,53.87457587726488,-10.318503733070074,0.165,-0.8559804181272458,-0.5901506803829928
14.199999999999966,-3.3024416829716468,759.8644476995246,697.0251022012667,-0.1745,53.949567976804,-10.327082234119564,0.165,-0.8559804181272458,-0.5901506803829928
14.299999999999965,-3.3001973257156765,765.2631527939136,695.9920316324592,-0.1745,54.02453391097648,-10.334329142030866,0.165,-0.8559804181272458,-0.5901506803829928
14.399999999999965,-3.297725309137115,770.6693505336997,694.9582841318027,-0.1745,54.099420884744156,-10.340620871100509,0.165,-0.8559804181272458,-0.5901506803829928
14.499999999999964,-3.295097401394227,776.0830311268304,693.9239416948323,-0.1745,54.17419097787026,-10.346227868308358,0.165,-0.8559804181272458,-0.5901506803829928
14.599999999999964,-3.2923649892419005,781.5041815244294,692.8890630851923,-0.1745,54.24881697410946,-10.351344324488874,0.165,-0.8559804181272458,-0.5901506803829928
14.699999999999964,-3.2895648310922803,786.9327863410196,691.853690389602,-0.1745,54.32327935769202,-10.356109587317336,0.165,-0.8559804181272458,-0.5901506803829928
14.799999999999963,-3.2867231920451054,792.3688285164438,690.8178537310285,-0.1745,54.39756415079408,-10.36062358415137,0.165,-0.8559804181272458,-0.5901506803829928
14.899999999999963,-3.2838588142828757,797.8122897918314,689.7815746556328,-0.1745,54.47166135695702,-10.364957923764715,0.165,-0.8559804181272458,-0.5901506803829928
14.999999999999963,-3.280985049666926,803.2631510517325,688.7448685652957,-0.1745,54.54556384106608,-10.369163882975627,0.165,-0.8559804181272458,-0.5901506803829928
15.099999999999962,-3.2781113899935184,808.7213925699748,687.7077464636985,-0.1745,54.619266523779906,-10.373278148969183,0.165,-0.8559804181272458,-0.5901506803829928
15.199999999999962,-3.2752445644381027,814.1869941862831,686.6702162089673,-0.1745,54.69276580238523,-10.377326945655216,0.165,-0.8559804181272458,-0.5901506803829928
15.299999999999962,-2.63098941548905,819.6599354331338,685.6322834118263,-0.1745,54.76605913462966,-10.381328997164296,0.165,-0.8559804181272458,-0.5901506803829928
15.399999999999961,-2.8175846937062907,825.1345019917645,684.6854026807185,-0.06225,54.72527203798399,-8.556285624990348,0.165,-0.8559804181272458,-0.5901506803829928
15.499999999999961,-2.9499562620344744,830.6068233873391,683.8036893204741,-0.1745,54.72115587350759,-9.077981579899479,0.165,-0.8559804181272458,-0.5901506803829928
15.59999999999996,-3.0435377955471092,836.0798829185542,682.8771775495243,-0.1745,54.740034750793484,-9.452253839095293,0.165,-0.8559804181272458,-0.5901506803829928
15.69999999999996,-3.109404655654524,841.555627500704,681.9185245147795,-0.1745,54.77485689220212,-9.720806855800031,0.165,-0.8559804181272458,-0.5901506803829928
15.79999999999996,-3.15549223539729,847.0354099634235,680.93680232652,-0.1745,54.82079236218864,-9.913636909390316,0.165,-0.8559804181272458,-0.5901506803829928
15.89999999999996,-3.187478456862014,852.520174305153,679.9385058558767,-0.1745,54.874494472400585,-10.052292503476943,0.165,-0.8559804181272458,-0.5901506803829928
15.99999999999996,-3.0647568256929865,858.010580265171,678.928279657579,-0.1745,54.93362472796158,-10.152231462477049,0.165,-0.8559804181272458,-0.5901506803829928
16.09999999999996,-3.1219798045026743,863.5082272681175,677.9297868189749,-0.1495,55.01931533096726,-9.817625309604969,0.165,-0.8559804181272458,-0.5901506803829928
16.19999999999996,-3.16185607658627,869.0125875904916,676.9395423848295,-0.1745,55.06789111651538,-9.987263373304762,0.165,-0.8559804181272458,-0.5901506803829928
16.29999999999996,-3.189389813301621,874.5221454920359,675.9347217702295,-0.1745,55.12326691436876,-10.109148918692599,0.165,-0.8559804181272458,-0.5901506803829928
16.399999999999963,-3.2081501271014083,880.0374780782631,674.9194155170637,-0.1745,55.1833848101765,-10.196976144622955,0.165,-0.8559804181272458,-0.5901506803829928
16.499999999999964,-3.2206802014643996,885.55898721036,673.8965400098194,-0.1745,55.24679783176128,-10.26053400026314,0.165,-0.8559804181272458,-0.5901506803829928
16.599999999999966,-3.2287906818955543,891.0869513450607,672.8681727197571,-0.1745,55.31248486225315,-10.306811800982425,0.165,-0.8559804181272458,-0.5901506803829928
16.699999999999967,-3.23376971043374,896.6215617645579,671.8357923850707,-0.1745,55.37972352769016,-10.34079489274598,0.165,-0.8559804181272458,-0.5901506803829928
16.79999999999997,-3.2365330746434884,902.1629480396184,670.800450836459,-0.1745,55.44800197352041,-10.366036079487406,0.165,-0.8559804181272458,-0.5901506803829928
16.89999999999997,-3.237731419841338,907.711195996207,669.7628957691267,-0.1745,55.516957158252694,-10.385065267159344,0.165,-0.8559804181272458,-0.5901506803829928
16.99999999999997,-3.237826726670586,913.2663604268722,668.7236583718059,-0.1745,55.586331455050235,-10.3996826792556,0.165,-0.8559804181272458,-0.5901506803829928
17.099999999999973,-3.237146817773528,918.8284741001736,667.6831158145848,-0.1745,55.65594201097712,-10.411168465167242,0.165,-0.8559804181272458,-0.5901506803829928
17.199999999999974,-3.2359241758188113,924.3975541535322,666.6415357724188,-0.1745,55.72565905619419,-10.420432378152295,0.165,-0.8559804181272458,-0.5901506803829928
17.299999999999976,-3.234323569397714,929.9736066324384,665.5991081256029,-0.1745,55.795390521932106,-10.428120558166627,0.165,-0.8559804181272458,-0.5901506803829928
17.399999999999977,-3.232461701133473,935.5566297145489,664.5559675151854,-0.1745,55.86507112027612,-10.434691650182275,0.165,-0.8559804181272458,-0.5901506803829928
17.49999999999998,-3.2304211733830943,941.1466159998927,663.5122093814765,-0.1745,55.934654586599606,-10.44047102399557,0.165,-0.8559804181272458,-0.5901506803829928
17.59999999999998,-3.228260409204716,946.7435541375743,662.4679013617992,-0.1745,56.004108167032676,-10.445689369549344,0.165,-0.8559804181272458,-0.5901506803829928
17.69999999999998,-3.2260206960917506,952.3474299809761,661.4230913856704,-0.1745,56.07340870100516,-10.450510153026618,0.165,-0.8559804181272458,-0.5901506803829928
17.799999999999983,-3.223731184196548,957.9582274079072,660.3778134211665,-0.1745,56.14253983761735,-10.455049137052018,0.165,-0.8559804181272458,-0.5901506803829928
17.899999999999984,-3.2214124311707337,963.5759289026942,659.3320915517712,-0.1745,56.2114900581219,-10.459388250852506,0.165,-0.8559804181272458,-0.5901506803829928
17.999999999999986,-3.2189735261222263,969.2005159691757,658.285942867214,-0.1745,56.28025127151085,-10.463585440291439,0.165,-0.8559804181272458,-0.5901506803829928
18.099999999999987,-3.216240191856359,974.8335943658508,657.2390930462489,-0.1745,56.38131666199,-10.473410979011032,0.495,-0.8559804181272458,-0.5901506803829928
18.19999999999999,-3.2136294551725046,980.4751476373423,656.191608155014,-0.1745,56.44974876783964,-10.476286845685818,0.165,-0.8559804181272458,-0.5901506803829928
18.29999999999999,-3.2111107606381735,986.1235316233848,655.1438212889599,-0.1745,56.517930953010556,-10.479450475395915,0.165,-0.8559804181272458,-0.5901506803829928
18.39999999999999,-3.208662529186077,991.7787219571793,654.0957079616308,-0.1745,56.58587572288012,-10.482816071186303,0.165,-0.8559804181272458,-0.5901506803829928
18.499999999999993,-3.206269516339595,997.4406953422456,653.0472510051211,-0.1745,56.65359197844618,-10.486323059005763,0.165,-0.8559804181272458,-0.5901506803829928
18.599999999999994,-3.2039209458353284,1003.1094292448313,651.9984384178969,-0.1745,56.72108607326805,-10.489928685477977,0.165,-0.8559804181272458,-0.5901506803829928
18.699999999999996,-3.201609191701812,1008.7849016765821,650.949261844527,-0.1745,56.78836256174847,-10.493602781918751,0.165,-0.8559804181272458,-0.5901506803829928
18.799999999999997,-3.1993288480829007,1014.4670910410986,649.8997155023072,-0.1745,56.85542472858076,-10.497324062475325,0.165,-0.8559804181272458,-0.5901506803829928
18.9,-3.1970760730512215,1020.1559760256848,648.8497954237739,-0.1745,56.92227496314527,-10.501077508191482,0.165,-0.8559804181272458,-0.5901506803829928
19.0,-3.1948481259336665,1025.851535525048,647.7994989223961,-0.1745,56.98891502411483,-10.504852519364078,0.165,-0.8559804181272458,-0.5901506803829928
19.1,-3.1926430412415074,1031.5537485875718,646.7488242158681,-0.1745,57.05534622636212,-10.508641611194788,0.165,-0.8559804181272458,-0.5901506803829928
19.200000000000003,-3.190459398984855,1037.2625943775356,645.6977701606364,-0.1745,57.1215695729116,-10.512439493439766,0.165,-0.8559804181272458,-0.5901506803829928
19.300000000000004,-3.1882961629594364,1042.9780521485834,644.6463360648979,-0.1745,57.187585848042886,-10.516242421331034,0.165,-0.8559804181272458,-0.5901506803829928
19.400000000000006,-3.186152566945068,1048.7001012251328,643.5945215569294,-0.1745,57.253395682946056,-10.520047738039253,0.165,-0.8559804181272458,-0.5901506803829928
19.500000000000007,-3.1840280346590077,1054.4287209893798,642.5423264924118,-0.1745,57.31899960199432,-10.523853552313627,0.165,-0.8559804181272458,-0.5901506803829928
19.60000000000001,-3.18192212347858,1060.1638908722464,641.4897508892225,-0.1745,57.38439805533631,-10.527658511473103,0.165,-0.8559804181272458,-0.5901506803829928
19.70000000000001,-3.1798344848932607,1065.905590347105,640.4367948815677,-0.1745,57.44959144183779,-10.531461641622894,0.165,-0.8559804181272458,-0.5901506803829928
19.80000000000001,-3.177764836725594,1071.653798925458,639.3834586877244,-0.1745,57.51458012521899,-10.53526223524313,0.165,-0.8559804181272458,-0.5901506803829928
19.900000000000013,-3.1757129436272127,1077.4084961539888,638.3297425873551,-0.1745,57.579364445396884,-10.539059772142904,0.165,-0.8559804181272458,-0.5901506803829928
20.000000000000014,-3.1736786033905107,1083.1696616125812,637.2756469055528,-0.1745,57.643944726449895,-10.542853863902803,0.165,-0.8559804181272458,-0.5901506803829928
20.100000000000016,-3.0192952253533027,1088.9372749130139,636.2211720016154,-0.1745,57.70832128220498,-10.546644214844552,0.165,-0.8559804181272458,-0.5901506803829928
20.200000000000017,-3.0633065024773156,1094.715904202632,635.1882233370857,-0.1495,57.86426451015425,-10.112329075749656,0.8300000000000001,-0.8559804181272458,-0.5901506803829928
20.30000000000002,-3.093345966783543,1100.5045408868564,634.1701277598655,-0.1745,57.90846917433517,-10.249582468654024,0.165,-0.8559804181272458,-0.5901506803829928
20.40000000000002,-3.1133019999539826,1106.2995133864927,633.1400403560261,-0.1745,57.99098081838925,-10.352165608134435,0.495,-0.8559804181272458,-0.5901506803829928
20.50000000000002,-3.1266044211866,1112.1013132231103,632.1014475676894,-0.1745,58.04501591396442,-10.419690158598918,0.165,-0.8559804181272458,-0.5901506803829928
20.600000000000023,-3.1352787708110643,1117.9086488093283,631.0570705851068,-0.1745,58.10169581039541,-10.467849493054219,0.165,-0.8559804181272458,-0.5901506803829928
20.700000000000024,-3.1407372055111322,1123.7217412273199,630.0085528185845,-0.1745,58.16015254943477,-10.502505837391368,0.165,-0.8559804181272458,-0.5901506803829928
20.800000000000026,-3.143963626965016,1129.5407380383579,628.9570399223728,-0.1745,58.219783671327505,-10.5277520868413,0.165,-0.8559804181272458,-0.5901506803829928
20.900000000000027,-3.1456431541987184,1135.3657357495651,627.9033301294913,-0.1745,58.28017055281708,-10.546443770788331,0.165,-0.8559804181272458,-0.5901506803829928
21.00000000000003,-3.1462525890219983,1141.1967953846402,626.8479793486956,-0.1745,58.341022148680864,-10.560571845125816,0.165,-0.8559804181272458,-0.5901506803829928
21.10000000000003,-3.1461235767826317,1147.0339532959208,625.7913745746856,-0.1745,58.40213607693423,-10.571523635074643,0.165,-0.8559804181272458,-0.5901506803829928
21.20000000000003,-3.1454866732182407,1152.8772286811404,624.7337851275047,-0.1745,58.46337162745956,-10.580265308543803,0.165,-0.8559804181272458,-0.5901506803829928
21.300000000000033,-3.1445020704731395,1158.726628812887,623.6753983935428,-0.1745,58.52463100746991,-10.587469370695315,0.165,-0.8559804181272458,-0.5901506803829928
21.400000000000034,-3.1432810087894154,1164.5821526780521,622.6163447410112,-0.1745,58.58584629583337,-10.593603679935855,0.165,-0.8559804181272458,-0.5901506803829928
21.500000000000036,-3.141900689369179,1170.443793510983,621.5567148791152,-0.1745,58.64697036278397,-10.598993557981787,0.165,-0.8559804181272458,-0.5901506803829928
21.600000000000037,-3.140414655559561,1176.3115405565134,620.4965719461768,-0.1745,58.707970547823464,-10.603865100786956,0.165,-0.8559804181272458,-0.5901506803829928
21.70000000000004,-3.138860015830174,1182.1853802967903,619.4359599229588,-0.1745,58.768824257717355,-10.608375363573462,0.165,-0.8559804181272458,-0.5901506803829928
21.80000000000004,-3.1372624669026576,1188.0652973047627,618.3749094854388,-0.1745,58.829515901730026,-10.612633386825685,0.165,-0.8559804181272458,-0.5901506803829928
21.90000000000004,-3.1355986559028484,1193.9512748377651,617.3134420743507,-0.1745,58.89003475832027,-10.616714834935161,0.165,-0.8559804181272458,-0.5901506803829928
22.000000000000043,-3.1335835686378273,1199.844920192438,616.2512862574704,-0.1745,58.9828723351344,-10.626401502672564,0.495,-0.8559804181272458,-0.5901506803829928
22.100000000000044,-3.131684069852207,1205.746218113436,615.1885101715604,-0.1745,59.043086084829795,-10.62912021552726,0.165,-0.8559804181272458,-0.5901506803829928
22.200000000000045,-3.1298689029129223,1211.6535254007756,614.1254476101515,-0.1745,59.103059661960714,-10.632131012651163,0.165,-0.8559804181272458,-0.5901506803829928
22.300000000000047,-3.1281164187713473,1217.5668187257118,613.0620739604226,-0.1745,59.162806836760225,-10.635341981925604,0.165,-0.8559804181272458,-0.5901506803829928
22.40000000000005,-3.1264116200536867,1223.486075930308,611.9983723876802,-0.1745,59.22233725516669,-10.638689472921255,0.165,-0.8559804181272458,-0.5901506803829928
22.50000000000005,-3.1247441126243776,1229.4112756782586,610.9343314429681,-0.1745,59.28165770384378,-10.642129421320886,0.165,-0.8559804181272458,-0.5901506803829928
22.60000000000005,-3.123106686653872,1235.3423972128685,609.8699434053735,-0.1745,59.34077298835284,-10.645631330570058,0.165,-0.8559804181272458,-0.5901506803829928
22.700000000000053,-3.1214943341736827,1241.2794201894087,608.8052031339087,-0.1745,59.39968654245196,-10.649174098726794,0.165,-0.8559804181272458,-0.5901506803829928
22.800000000000054,-3.119903569149345,1247.2223245590626,607.7401072726689,-0.1745,59.45840085062718,-10.6527431260684,0.165,-0.8559804181272458,-0.5901506803829928
22.900000000000055,-3.1183319571270913,1253.171090488642,606.6746537008014,-0.1745,59.51691774095965,-10.656328311280223,0.165,-0.8559804181272458,-0.5901506803829928
23.000000000000057,-3.1167777900009375,1259.125698305091,605.6088411520443,-0.1745,59.575238588019744,-10.659922663861865,0.165,-0.8559804181272458,-0.5901506803829928
23.10000000000006,-3.1152398612242798,1265.08612845716,604.5426689516673,-0.1745,59.63336445336059,-10.663521343678628,0.165,-0.8559804181272458,-0.5901506803829928
23.20000000000006,-3.113717310512757,1271.0523614889657,603.4761368346601,-0.1745,59.69129618275474,-10.667120996465485,0.165,-0.8559804181272458,-0.5901506803829928
23.30000000000006,-3.112209516602328,1277.0243780217763,602.4092448201222,-0.1745,59.749034473458984,-10.670719294292958,0.165,-0.8559804181272458,-0.5901506803829928
23.400000000000063,-3.110716023224188,1283.0021587414853,601.3419931245118,-0.1745,59.80657992072194,-10.674314617915645,0.165,-0.8559804181272458,-0.5901506803829928
23.500000000000064,-3.109236488029701,1288.9856843900175,600.2743821017513,-0.1745,59.86393304992264,-10.677905837293398,0.165,-0.8559804181272458,-0.5901506803829928
23.600000000000065,-3.0788588337913856,1294.974935759452,599.2064122018861,-0.1745,59.92109433876707,-10.681492160010583,0.165,-1.0728173927444453,-0.29751921591762714
23.700000000000067,-3.057658517341947,1300.9704892296106,598.1424498868915,-0.1745,59.98997506440804,-10.597754139881054,0.165,-1.0728173927444453,-0.29751921591762714
23.800000000000068,-3.042745292641321,1306.972721291245,597.0854855118887,-0.1745,60.05466616828119,-10.541533360175844,0.165,-1.0728173927444453,-0.29751921591762714
23.90000000000007,-3.0321391356851257,1312.9812752767596,596.0332007068417,-0.1745,60.11641354200681,-10.50416274076422,0.165,-1.0728173927444453,-0.29751921591762714
24.00000000000007,-3.024483836132636,1318.9958998827292,594.9840074792944,-0.1745,60.176078577383684,-10.479701810182211,0.165,-1.0728173927444453,-0.29751921591762714
24.100000000000072,-3.0188506976437797,1325.016416575794,593.9368184341826,-0.1745,60.23425528391303,-10.46407909205376,0.165,-1.0728173927444453,-0.29751921591762714
24.200000000000074,-2.8546573687818815,1331.0426969664204,592.8908892522144,-0.1745,60.29135252861421,-10.454504547310746,0.165,-1.0728173927444453,-0.29751921591762714
24.300000000000075,-2.9022799370590615,1337.07786995751,591.8699971484459,-0.1495,60.412107293178266,-9.96333752805937,0.495,-1.0728173927444453,-0.29751921591762714
24.400000000000077,-2.9343981015373775,1343.120710849061,590.8660951153536,-0.1745,60.444710537838695,-10.114703133786396,0.165,-1.0728173927444453,-0.29751921591762714
24.500000000000078,-2.9559234262770913,1349.1671576229658,589.8493973375212,-0.1745,60.484224940256674,-10.219252422861143,0.165,-1.0728173927444453,-0.29751921591762714
24.60000000000008,-2.809840185138518,1355.2177875595467,588.8238465042173,-0.1745,60.528373791360664,-10.291764243215775,0.165,-1.0728173927444453,-0.29751921591762714
24.70000000000008,-2.870716419239625,1361.2747108318158,587.816818849426,-0.1495,60.61009165402426,-9.848788852609461,0.165,-1.0728173927444453,-0.29751921591762714
24.800000000000082,-2.9118434010522813,1367.3370085232343,586.8223488927343,-0.1745,60.63586217434475,-10.04061028122357,0.165,-1.0728173927444453,-0.29751921591762714
24.900000000000084,-2.9394919876700603,1373.4023306690258,585.81168600161,-0.1745,60.670580741485935,-10.172647541263181,0.165,-1.0728173927444453,-0.29751921591762714
25.000000000000085,-2.9579489806409653,1379.471424599409,584.7898626423666,-0.1745,60.71129786617669,-10.263819643604172,0.165,-1.0728173927444453,-0.29751921591762714
25.100000000000087,-2.970142486620013,1385.5447908276046,583.7603177373173,-0.1745,60.75602669773892,-10.327078457381784,0.165,-1.0728173927444453,-0.29751921591762714
25.200000000000088,-2.978071163626223,1391.6227633273675,582.7253996893246,-0.1745,60.8034232975187,-10.371282502473537,0.165,-1.0728173927444453,-0.29751921591762714
25.30000000000009,-2.983098418600883,1397.7055632995439,581.6867112770253,-0.1745,60.85257614601082,-10.4024857435111,0.165,-1.0728173927444453,-0.29751921591762714
25.40000000000009,-2.986153804696934,1403.793335405016,580.6453458591542,-0.1745,60.902865963433435,-10.424822613911317,0.165,-1.0728173927444453,-0.29751921591762714
25.500000000000092,-2.987870757575644,1409.8861722833778,579.6020489827275,-0.1745,60.95387160380109,-10.44111491462261,0.165,-1.0728173927444453,-0.29751921591762714
25.600000000000094,-2.988680718521441,1415.9841311901066,578.5573288619217,-0.1745,61.005306530776096,-10.453287501492918,0.165,-1.0728173927444453,-0.29751921591762714
25.700000000000095,-2.988877410579625,1422.087245305562,577.5115318504203,-0.1745,61.056975778329395,-10.462652728536229,0.165,-1.0728173927444453,-0.29751921591762714
25.800000000000097,-2.9886607063690245,1428.1955314304623,576.4648939676428,-0.1745,61.10874671967573,-10.47010492701483,0.165,-1.0728173927444453,-0.29751921591762714
25.900000000000098,-2.9881665514806,1434.3089952256391,575.4175760571544,-0.1745,61.16052918386279,-10.47625328275277,0.165,-1.0728173927444453,-0.29751921591762714
26.0000000000001,-2.9874873660057393,1440.4276347807465,574.3696877645394,-0.1745,61.212261918283936,-10.48151256954685,0.165,-1.0728173927444453,-0.29751921591762714
26.1000000000001,-2.9866859477095344,1446.551443045018,573.3213038824761,-0.1745,61.26390336714583,-10.486165071719972,0.165,-1.0728173927444453,-0.29751921591762714
26.200000000000102,-2.9858049425415345,1452.6804094828033,572.2724754877299,-0.1745,61.31542538856101,-10.490402823203485,0.165,-1.0728173927444453,-0.29751921591762714
26.300000000000104,-2.9848732929657813,1458.8145212009185,571.2232375262436,-0.1745,61.3668089737443,-10.49435640652439,0.165,-1.0728173927444453,-0.29751921591762714
26.400000000000105,-2.983910626700766,1464.953763716139,570.1736139769445,-0.1745,61.41804133066767,-10.49811457945833,0.165,-1.0728173927444453,-0.29751921591762714
26.500000000000107,-2.982930242475304,1471.0981214775566,569.1236213657253,-0.1745,61.469113897680934,-10.501737644924424,0.165,-1.0728173927444453,-0.29751921591762714
26.600000000000108,-2.9819411404811307,1477.2475782219863,568.0732711557353,-0.1745,61.520020990914055,-10.505266554875313,0.165,-1.0728173927444453,-0.29751921591762714
26.70000000000011,-2.980949402621174,1483.4021172157084,567.0225713726516,-0.1745,61.570758883529585,-10.508729106798317,0.165,-1.0728173927444453,-0.29751921591762714
26.80000000000011,-2.979959130392475,1489.5617214188426,565.9715277093316,-0.1745,61.621325179157104,-10.512144159602427,0.165,-1.0728173927444453,-0.29751921591762714
26.900000000000112,-2.9789730819281806,1495.726373597084,564.9201442763111,-0.1745,61.67171838566815,-10.51552450080544,0.165,-1.0728173927444453,-0.29751921591762714
27.000000000000114,-2.977993104527594,1501.8960563976343,563.8684241114858,-0.1745,61.72193762533918,-10.518878795701303,0.165,-1.0728173927444453,-0.29751921591762714
27.100000000000115,-2.977020428214076,1508.0707524007928,562.8163695261051,-0.1745,61.77198243783212,-10.522212911912852,0.165,-1.0728173927444453,-0.29751921591762714
27.200000000000117,-2.9760558648945135,1514.2504441550002,561.7639823395529,-0.1745,61.821852646317744,-10.525530819132369,0.165,-1.0728173927444453,-0.29751921591762714
27.300000000000118,-2.975099943422787,1520.435114200643,560.7112640385935,-0.1745,61.87154826653825,-10.52883520005497,0.165,-1.0728173927444453,-0.29751921591762714
27.40000000000012,-2.97428235324023,1526.624745086223,559.6582158853384,-0.1745,61.92106944505878,-10.532127865045686,0.165,-1.0728173927444453,-0.29751921591762714
27.50000000000012,-2.972610653377494,1532.8225938841308,558.6042617180348,-0.1745,62.03590651310003,-10.546955481028167,0.8300000000000001,-1.0728173927444453,-0.29751921591762714
27.600000000000122,-2.971191626617828,1539.0286487829421,557.549519156506,-0.1745,62.08519146312615,-10.54789574954743,0.165,-1.0728173927444453,-0.29751921591762714
27.700000000000124,-2.969946080377561,1545.239617881249,556.4946452405065,-0.1745,62.13419050300953,-10.549582570440478,0.165,-1.0728173927444453,-0.29751921591762714
27.800000000000125,-2.968820543364883,1551.455474439698,555.4395775775852,-0.1745,62.18294066597298,-10.551770687986894,0.165,-1.0728173927444453,-0.29751921591762714
27.900000000000126,-2.967778918402993,1557.676194828883,554.3842743217059,-0.1745,62.231467117724705,-10.554294429598688,0.165,-1.0728173927444453,-0.29751921591762714
28.000000000000128,-2.9667968398893514,1563.9017575345997,553.3287075041671,-0.1745,62.27978699661372,-10.557041921176511,0.165,-1.0728173927444453,-0.29751921591762714
28.10000000000013,-2.965999940924329,1570.1321424851205,552.2728585259357,-0.1745,62.327912013802205,-10.559937643452615,0.165,-1.0728173927444453,-0.29751921591762714
28.20000000000013,-2.9643630084976103,1576.370605101242,551.2161378396193,-0.1745,62.44134030862993,-10.574476082877146,0.8300000000000001,-1.0728173927444453,-0.29751921591762714
28.300000000000132,-2.962994054193084,1582.6171325191926,550.1586541514005,-0.1745,62.48920805038306,-10.575197681498114,0.165,-1.0728173927444453,-0.29751921591762714
28.400000000000134,-2.961808212623656,1588.8684321747464,549.1010582676998,-0.1745,62.5367850606945,-10.576719992514908,0.165,-1.0728173927444453,-0.29751921591762714
28.500000000000135,-2.9607483603482656,1595.124476995531,548.0432833458866,-0.1745,62.584111354997,-10.578778443748874,0.165,-1.0728173927444453,-0.29751921591762714
28.600000000000136,-2.9597760549576275,1601.3852432649287,546.9852846802607,-0.1745,62.631214032956144,-10.581194868767762,0.165,-1.0728173927444453,-0.29751921591762714
28.700000000000138,-2.958865429178648,1607.6507095408272,545.9270324703554,-0.1745,62.67811148501468,-10.583849329340485,0.165,-1.0728173927444453,-0.29751921591762714
28.80000000000014,-2.957999077724905,1613.9208559266635,544.8685069482374,-0.1745,62.72481623171143,-10.586661113019343,0.165,-1.0728173927444453,-0.29751921591762714
28.90000000000014,-2.9571652875144094,1620.1956635802046,543.8096950964521,-0.1745,62.771336839109885,-10.589575922686898,0.165,-1.0728173927444453,-0.29751921591762714
29.000000000000142,-2.9563561731722627,1626.4751143826768,542.7505884381452,-0.1745,62.81767921033218,-10.592557243450258,0.165,-1.0728173927444453,-0.29751921591762714
29.100000000000144,-2.78898538719261,1632.7591907159945,541.6911815496342,-0.1745,62.863847456022555,-10.595580526770346,0.165,-1.0728173927444453,-0.29751921591762714
29.200000000000145,-2.843039028413768,1639.0530662729145,540.6575433791234,-0.1495,63.01366368237867,-10.077182883445879,0.8300000000000001,-1.0728173927444453,-0.29751921591762714
29.300000000000146,-2.8789993526291404,1645.355400598026,539.6410332872948,-0.1745,63.033022819852654,-10.253018953124363,0.165,-1.0728173927444453,-0.29751921591762714
29.400000000000148,-2.735849762175559,1651.66010166341,538.6097872994487,-0.1745,63.06099848782307,-10.371900803797246,0.165,-1.0728173927444453,-0.29751921591762714
29.50000000000015,-2.8066249896234066,1657.9732450763888,537.5947445263552,-0.1495,63.20186977175558,-9.928954658073563,0.8300000000000001,-1.0728173927444453,-0.29751921591762714
29.60000000000015,-2.853740732187368,1664.293955043732,536.5904012443284,-0.1745,63.2123295751074,-10.157910982461548,0.165,-1.0728173927444453,-0.29751921591762714
29.700000000000152,-2.885015331972715,1670.6162832593395,535.5668944092606,-0.1745,63.23423473704394,-10.312225718893806,0.165,-1.0728173927444453,-0.29751921591762714
29.800000000000153,-2.905690868558155,1676.9411787314582,534.5304580309137,-0.1745,63.263674705329954,-10.416501848045378,0.165,-1.0728173927444453,-0.29751921591762714
29.900000000000155,-2.9192793458720723,1683.2692660430837,533.4852701945382,-0.1745,63.29807152717774,-10.4872548794652,0.165,-1.0728173927444453,-0.29751921591762714
30.000000000000156,-2.7604724660703726,1689.6009554800748,532.4341293625127,-0.1745,63.33571721264328,-10.535561761044933,0.165,-1.0728173927444453,-0.29751921591762714
30.100000000000158,-2.822022517822516,1695.940162537634,531.4055940670683,-0.1495,63.44842393854084,-10.035144147844832,0.495,-1.0728173927444453,-0.29751921591762714
30.20000000000016,-2.862898362537808,1702.285701316404,530.3920582265487,-0.1745,63.46235163685823,-10.23557266254749,0.165,-1.0728173927444453,-0.29751921591762714
30.30000000000016,-2.8899608277718603,1708.6331326250445,529.3617547012843,-0.1745,63.48627453595255,-10.370497842739619,0.165,-1.0728173927444453,-0.29751921591762714
30.400000000000162,-2.907800062530713,1714.9832846892232,528.320149639502,-0.1745,63.51676674762145,-10.461603392907259,0.165,-1.0728173927444453,-0.29751921591762714
30.500000000000163,-2.91948483312185,1721.3367015062424,527.2708988209088,-0.1745,63.551569592762156,-10.523412978957543,0.165,-1.0728173927444453,-0.29751921591762714
30.600000000000165,-2.9270655340791754,1727.6937393585404,526.2164458434955,-0.1745,63.58918745319823,-10.565646569306034,0.165,-1.0728173927444453,-0.29751921591762714
30.700000000000166,-2.9319114187863082,1734.0546300920837,525.1584232789157,-0.1745,63.628627217666875,-10.5948047222907,0.165,-1.0728173927444453,-0.29751921591762714
30.800000000000168,-2.9351255856156455,1740.4195228684641,524.0979214267958,-0.1745,63.66922830994327,-10.615232320109428,0.165,-1.0728173927444453,-0.29751921591762714
30.90000000000017,-2.9362221601460576,1746.7917863342736,523.0350909423353,-0.1745,63.77604100624584,-10.641377369101,0.8300000000000001,-1.0728173927444453,-0.29751921591762714
31.00000000000017,-2.9367574406977495,1753.1714832955595,521.9705343725255,-0.1745,63.817898219470585,-10.649754027093492,0.165,-1.0728173927444453,-0.29751921591762714
31.100000000000172,-2.9369215613781434,1759.5553718432138,520.9052313004357,-0.1745,63.85987273361418,-10.6563074147037,0.165,-1.0728173927444453,-0.29751921591762714
31.200000000000173,-2.9368411611519187,1765.9434591525137,519.8393337564405,-0.1745,63.901873452384834,-10.661643465199672,0.165,-1.0728173927444453,-0.29751921591762714
31.300000000000175,-2.936600554512396,1772.3357448156614,518.7729432788509,-0.1745,63.943839810568214,-10.66616608659182,0.165,-1.0728173927444453,-0.29751921591762714
31.400000000000176,-2.936255853294527,1778.732223386103,517.7061277532442,-0.1745,63.98573159826153,-10.670144425540878,0.165,-1.0728173927444453,-0.29751921591762714
31.500000000000178,-2.935844383126838,1785.1328860747699,516.6389326435421,-0.1745,64.02752217507701,-10.673757768500323,0.165,-1.0728173927444453,-0.29751921591762714
31.60000000000018,-2.9353909601177324,1791.5377218807648,515.57138847995,-0.1745,64.06919394482266,-10.677125503342195,0.165,-1.0728173927444453,-0.29751921591762714
31.70000000000018,-2.1772850379346007,1797.946718344902,514.5035158495431,-0.1745,64.11073533792047,-10.680327104794706,0.165,-1.0728173927444453,-0.29751921591762714
31.800000000000182,-2.4341686747507114,1804.3568718132894,513.559850985746,-0.06225,64.09233402983196,-8.192970171146026,0.495,-1.0728173927444453,-0.29751921591762714
31.900000000000183,-2.6052160405524023,1810.7616026716678,512.6993703749392,-0.1745,64.00228313773655,-9.01664204498948,0.165,-1.0728173927444453,-0.29751921591762714
32.000000000000185,-2.7189600622162597,1817.1596347730456,511.7701832075733,-0.1745,63.95835888981763,-9.567101302328451,0.165,-1.0728173927444453,-0.29751921591762714
32.100000000000186,-2.794485749703599,1823.5547558128396,510.79507408714846,-0.1745,63.94406190606556,-9.935081106168685,0.165,-1.0728173927444453,-0.29751921591762714
32.20000000000019,-2.8445439594286412,1829.9494085414444,509.78925824708597,-0.1745,63.9489926660316,-10.18123569508143,0.165,-1.0728173927444453,-0.29751921591762714
32.30000000000019,-2.8776443351521657,1836.3451820761247,508.7628905830117,-0.1745,63.96647802757245,-10.346117586403471,0.165,-1.0728173927444453,-0.29751921591762714
32.40000000000019,-2.8994607253038645,1842.7431151567314,507.7227437038103,-0.1745,63.992183584560955,-10.45681999762452,0.165,-1.0728173927444453,-0.29751921591762714
32.50000000000019,-2.9137732722064906,1849.1438878822512,506.6733313236095,-0.1745,64.02327092583307,-10.531427606391691,0.165,-1.0728173927444453,-0.29751921591762714
32.60000000000019,-2.753539032379924,1855.547944990128,505.6176598603001,-0.1745,64.05787123170123,-10.5820016597963,0.165,-1.0728173927444453,-0.29751921591762714
32.700000000000195,-2.816355386905915,1861.960968070808,504.58475804488063,-0.1495,64.20259038189718,-10.076034648592696,0.8300000000000001,-1.0728173927444453,-0.29751921591762714
32.800000000000196,-2.8578820546904726,1868.3817336222137,503.5668435296614,-0.1745,64.21272064621735,-10.282255655791156,0.165,-1.0728173927444453,-0.29751921591762714
32.9000000000002,-2.8852649710745073,1874.8040357912435,502.5317193972014,-0.1745,64.2333227343793,-10.420226993409054,0.165,-1.0728173927444453,-0.29751921591762714
33.0000000000002,-2.90337384522886,1881.228740474535,501.4850678015887,-0.1745,64.26077093145031,-10.512804918845758,0.165,-1.0728173927444453,-0.29751921591762714
33.1000000000002,-2.914781965028272,1887.658038422371,500.4303806323879,-0.1745,64.32518802526835,-10.580938465170656,0.495,-1.0728173927444453,-0.29751921591762714
33.2000000000002,-2.9221774250965353,1894.092300916468,499.37022608475417,-0.1745,64.36006185667516,-10.622152487503397,0.165,-1.0728173927444453,-0.29751921591762714
33.3000000000002,-2.9269145492324955,1900.530141617911,498.30659701035336,-0.1745,64.39675217218402,-10.65042900051328,0.165,-1.0728173927444453,-0.29751921591762714
33.400000000000205,-2.7594807676933124,1906.9717089838502,497.2405696452303,-0.1745,64.43459514659752,-10.670118301946879,0.165,-1.0728173927444453,-0.29751921591762714
33.500000000000206,-2.819305736670303,1913.4192067062065,496.20070625143103,-0.1495,64.51535930052623,-10.12714957403858,0.165,-1.0728173927444453,-0.29751921591762714
33.60000000000021,-2.858767710684655,1919.8712572149693,495.17812480408884,-0.1745,64.52565087472917,-10.324479372805587,0.165,-1.0728173927444453,-0.29751921591762714
33.70000000000021,-2.1213846051889593,1926.3248400817167,494.13909059843166,-0.1745,64.54600646022038,-10.456204740337675,0.165,-1.0728173927444453,-0.29751921591762714
33.80000000000021,-2.39874755471003,1932.7802646433975,493.2149027007965,-0.06225,64.56248477339443,-8.027553212366556,0.8300000000000001,-1.0728173927444453,-0.29751921591762714
33.90000000000021,-2.582874249273048,1939.2313024751975,492.3674132760643,-0.1745,64.45827186260375,-8.922235282275897,0.165,-1.0728173927444453,-0.29751921591762714
34.00000000000021,-2.704959473822054,1945.6744679767967,491.4453991737998,-0.1745,64.40503816938147,-9.518046763015182,0.165,-1.0728173927444453,-0.29751921591762714
34.100000000000215,-2.785799893738684,1952.1139376985152,490.4737500082059,-0.1745,64.3843562649886,-9.914936548862675,0.165,-1.0728173927444453,-0.29751921591762714
34.200000000000216,-2.8395518716255532,1958.5523904486213,489.4690298254014,-0.1745,64.38469873713501,-10.179467107227985,0.165,-1.0728173927444453,-0.29751921591762714
34.30000000000022,-2.874101681404464,1964.994835573341,488.44167979347594,-0.1745,64.46420375726179,-10.367533531280865,0.8300000000000001,-1.0728173927444453,-0.29751921591762714
34.40000000000022,-2.8968237018235055,1971.4424072279612,487.39913571787343,-0.1745,64.48722933514146,-10.483347980769434,0.165,-1.0728173927444453,-0.29751921591762714
34.50000000000022,-2.911709598490735,1977.892567246771,486.3469163517491,-0.1745,64.51597104105296,-10.561039341717933,0.165,-1.0728173927444453,-0.29751921591762714
34.60000000000022,-2.921406994834304,1984.345787468601,485.2881922271518,-0.1745,64.54843339554661,-10.613443150227607,0.165,-1.0728173927444453,-0.29751921591762714
34.70000000000022,-2.9276710835499324,1990.802374308497,484.2250660289557,-0.1745,64.58330340237298,-10.649080813694303,0.165,-1.0728173927444453,-0.29751921591762714
34.800000000000225,-2.9316648948330855,1997.2625252338557,483.15893168116213,-0.1745,64.61971510479893,-10.673606142177944,0.165,-1.0728173927444453,-0.29751921591762714
34.900000000000226,-2.93415875733352,2003.7263658179581,482.09071295537717,-0.1745,64.65709657724938,-10.690768373520683,0.165,-1.0728173927444453,-0.29751921591762714
35.00000000000023,-2.9356626989875045,2010.1939741369506,481.021021905699,-0.1745,64.6950698026009,-10.703052620042845,0.165,-1.0728173927444453,-0.29751921591762714
35.10000000000023,-2.9365142815933956,2016.665396869923,479.95026400379624,-0.1745,64.73338485684728,-10.712105418012559,0.165,-1.0728173927444453,-0.29751921591762714
35.20000000000023,-2.9369368409622765,2023.1406599386485,478.8787078685382,-0.1745,64.77187651766407,-10.719017287148773,0.165,-1.0728173927444453,-0.29751921591762714
35.30000000000023,-2.937078087091716,2029.619775544699,477.80653149233433,-0.1745,64.81043560334508,-10.724510236927808,0.165,-1.0728173927444453,-0.29751921591762714
35.40000000000023,-2.9370356773370716,2036.1027468258624,476.73385287379676,-0.1745,64.84899001992319,-10.729062133823671,0.165,-1.0728173927444453,-0.29751921591762714
35.500000000000234,-2.9368741528151343,2042.5895709378544,475.6607503093874,-0.1745,64.88749221991591,-10.732989154362624,0.165,-1.0728173927444453,-0.29751921591762714
35.600000000000236,-2.936636151039923,2049.080241093899,474.58727583025205,-0.1745,64.92591090097548,-10.736500428344337,0.165,-1.0728173927444453,-0.29751921591762714
35.70000000000024,-2.936349826710795,2055.574747914469,473.51346409689927,-0.1745,64.96422551041745,-10.739734238711044,0.165,-1.0728173927444453,-0.29751921591762714
35.80000000000024,-2.936033761381221,2062.073080320357,472.4393382852228,-0.1745,65.002422607345,-10.7427819948186,0.165,-1.0728173927444453,-0.29751921591762714
35.90000000000024,-2.935700210718558,2068.575226123462,471.3649139803125,-0.1745,65.0404934547589,-10.745704103386926,0.165,-1.0728173927444453,-0.29751921591762714
36.00000000000024,-2.9353572515758106,2075.081172417504,470.2902017515385,-0.1745,65.0784324260849,-10.74854047209317,0.165,-1.0728173927444453,-0.29751921591762714
36.10000000000024,-2.9350102011872012,2081.590905836353,469.2152088549952,-0.1745,65.11623595089786,-10.751317458773869,0.165,-1.0728173927444453,-0.29751921591762714
36.200000000000244,-2.9346625549573084,2088.1044127247765,468.13994035867677,-0.1745,65.15390181756608,-10.754052467594963,0.165,-1.0728173927444453,-0.29751921591762714
36.300000000000246,-2.9343166059538572,2094.62167925126,467.0643998858972,-0.1745,65.19142871210606,-10.756756987996326,0.165,-1.0728173927444453,-0.29751921591762714
36.40000000000025,-2.933973854013938,2101.1426914825315,465.9885901063276,-0.1745,65.22881591332253,-10.759438603396527,0.165,-1.0728173927444453,-0.29751921591762714
36.50000000000025,-2.933635275831967,2107.667435432764,464.9125130602319,-0.1745,65.2660630913249,-10.76210231851688,0.165,-1.0728173927444453,-0.29751921591762714
36.60000000000025,-2.9333015032156036,2114.1958970960504,463.83617037249644,-0.1745,65.30317017440346,-10.76475143619254,0.165,-1.0728173927444453,-0.29751921591762714
36.70000000000025,-2.932972940698046,2120.7280624678256,462.7595633938665,-0.1745,65.34013726109735,-10.767388136406266,0.165,-1.0728173927444453,-0.29751921591762714
36.80000000000025,-2.932649843114725,2127.263917558987,461.6826932941182,-0.1745,65.37696456212888,-10.770013858559091,0.165,-1.0728173927444453,-0.29751921591762714
36.900000000000254,-2.932332366757327,2133.803448405197,460.605561123502,-0.1745,65.4136523620705,-10.772629553764784,0.165,-1.0728173927444453,-0.29751921591762714
37.000000000000256,-2.932248832567451,2140.3466410730025,459.5281678532482,-0.1745,65.4502009940452,-10.775235851311521,0.165,-1.0728173927444453,-0.29751921591762714
37.10000000000026,-2.931241253636903,2146.8967561686436,458.44993712988236,-0.1745,65.5521009187798,-10.78937861600562,0.8300000000000001,-1.0728173927444453,-0.29751921591762714
37.20000000000026,-2.9304840174827964,2153.453784960316,457.37098740695535,-0.1745,65.58847491467434,-10.789615842534358,0.165,-1.0728173927444453,-0.29751921591762714
37.30000000000026,-2.9298931379431368,2160.0144381830833,456.2919742787371,-0.1745,65.62458954066517,-10.79064672183047,0.165,-1.0728173927444453,-0.29751921591762714
37.40000000000026,-2.9294134249978465,2166.5786920136907,455.21283213007627,-0.1745,65.66048707148497,-10.792196251386278,0.165,-1.0728173927444453,-0.29751921591762714
37.50000000000026,-2.9290086178094032,2173.146526139869,454.1335181345747,-0.1745,65.69619545207713,-10.794083658646052,0.165,-1.0728173927444453,-0.29751921591762714
37.600000000000264,-2.928654895273319,2179.717922572363,453.05400444429597,-0.1745,65.73173319780126,-10.796190146927659,0.165,-1.0728173927444453,-0.29751921591762714
37.700000000000266,-2.9283366090989498,2186.2928648633165,451.97427305342404,-0.1745,65.76711262126577,-10.798437670510364,0.165,-1.0728173927444453,-0.29751921591762714
37.80000000000027,-2.928043479012301,2192.871337592194,450.8943124213363,-0.1745,65.80234195628267,-10.800774971244964,0.165,-1.0728173927444453,-0.29751921591762714
37.90000000000027,-2.927768749574379,2199.4533260277753,449.81411525303065,-0.1745,65.83742675534388,-10.803168394868075,0.165,-1.0728173927444453,-0.29751921591762714
38.00000000000027,-2.9275079792651177,2206.038815905981,448.7336770406578,-0.1745,65.87237080877792,-10.80559585258846,0.165,-1.0728173927444453,-0.29751921591762714
38.10000000000027,-2.9272582451685625,2212.6277932838752,447.65299510543616,-0.1745,65.90717674910334,-10.80804285184487,0.165,-1.0728173927444453,-0.29751921591762714
38.20000000000027,-2.927017620765033,2219.220244443744,446.5720679684476,-0.1745,65.94184644827095,-10.810499887926168,0.165,-1.0728173927444453,-0.29751921591762714
38.300000000000274,-2.9267848331418556,2225.816155830092,445.4908949375333,-0.1745,65.9763812786917,-10.812960730359258,0.165,-1.0728173927444453,-0.29751921591762714
38.400000000000276,-2.9265590380407778,2232.415514008262,444.40947583614326,-0.1745,66.01078228470689,-10.815421297442184,0.165,-1.0728173927444453,-0.29751921591762714
38.50000000000028,-2.926339672275333,2239.018305637257,443.3278108254079,-0.1745,66.04505029519399,-10.81787891726574,0.165,-1.0728173927444453,-0.29751921591762714
38.60000000000028,-2.9261263569341134,2245.6245174518913,442.2459002874127,-0.1745,66.07918599749395,-10.820331842637334,0.165,-1.0728173927444453,-0.29751921591762714
38.70000000000028,-2.9259188339108384,2252.2341362510624,441.16374474864296,-0.1745,66.113189985931,-10.82277893275824,0.165,-1.0728173927444453,-0.29751921591762714
38.80000000000028,-2.9257169242981007,2258.8471488900414,440.0813448297857,-0.1745,66.1470627936472,-10.82521944438747,0.165,-1.0728173927444453,-0.29751921591762714
38.90000000000028,-2.9255205011206047,2265.4635422753977,438.9987012128227,-0.1745,66.18080491348304,-10.82765289487213,0.165,-1.0728173927444453,-0.29751921591762714
39.000000000000284,-2.9253294714704783,2272.0833033616555,437.91581461946225,-0.1745,66.21441681166874,-10.830078972337414,0.165,-1.0728173927444453,-0.29751921591762714
39.100000000000286,-2.925143764805636,2278.706419149079,436.8326857970047,-0.1745,66.24789893679811,-10.832497476814748,0.165,-1.0728173927444453,-0.29751921591762714
39.20000000000029,-2.924963325286911,2285.332876682204,435.7493155090809,-0.1745,66.28125172570824,-10.83490828166067,0.165,-1.0728173927444453,-0.29751921591762714
39.30000000000029,-2.9247881067611505,2291.962663048856,434.6657045295839,-0.1745,66.31447560733002,-10.837311308279718,0.165,-1.0728173927444453,-0.29751921591762714
39.40000000000029,-2.9246180694773143,2298.595765379483,433.5818536386915,-0.1745,66.34757100520828,-10.83970650956791,0.165,-1.0728173927444453,-0.29751921591762714
39.50000000000029,-2.924453177937343,2305.232170846701,432.49776362025955,-0.1745,66.38053833915016,-10.842093859070914,0.165,-1.0728173927444453,-0.29751921591762714
39.60000000000029,-2.7487724277518994,2311.871866664974,431.41343526011167,-0.1745,66.4133780263022,-10.844473343886108,0.165,-1.0728173927444453,-0.29751921591762714
39.700000000000294,-2.8098036346323276,2318.518801781548,430.3581462740185,-0.1495,66.52532430518349,-10.261306377977107,0.495,-1.0728173927444453,-0.29751921591762714
39.800000000000296,-2.8495556843928616,2325.171383832177,429.3217263613512,-0.1745,66.52631670740088,-10.467091875369434,0.165,-1.0728173927444453,-0.29751921591762714
39.9000000000003,-2.8754222225088104,2331.8246140787414,428.2682621013545,-0.1745,66.53828822388564,-10.602193324564794,0.165,-1.0728173927444453,-0.29751921591762714
40.0000000000003,-2.892232781753712,2338.479394506637,427.20359596958565,-0.1745,66.55732033402816,-10.691129310812059,0.165,-1.0728173927444453,-0.29751921591762714
40.1000000000003,-2.9031400967017214,2345.136305016232,426.1315430753443,-0.1745,66.58088985787383,-10.749928574014255,0.165,-1.0728173927444453,-0.29751921591762714
40.2000000000003,-2.910201256845282,2351.7957177486674,425.05459351608965,-0.1745,66.60736479083138,-10.78906261107898,0.165,-1.0728173927444453,-0.29751921591762714
40.3000000000003,-2.914757904470834,2358.4578703156394,423.97437196046513,-0.1745,66.6356865486092,-10.815368501411417,0.165,-1.0728173927444453,-0.29751921591762714
40.400000000000304,-2.9176847446390597,2365.1229130081724,422.8919381251793,-0.1745,66.66516730205251,-10.833308204305215,0.165,-1.0728173927444453,-0.29751921591762714
40.500000000000306,-2.9195518674693584,2371.79093935761,421.80798309159195,-0.1745,66.69535968670456,-10.845792467441596,0.165,-1.0728173927444453,-0.29751921591762714
40.60000000000031,-2.920730715999283,2378.4620059721406,420.72295749638704,-0.1745,66.7259726039079,-10.854719436657154,0.165,-1.0728173927444453,-0.29751921591762714
40.70000000000031,-2.9214632333887898,2385.136145433597,419.637155198111,-0.1745,66.75681662521751,-10.861326528864009,0.165,-1.0728173927444453,-0.29751921591762714
40.80000000000031,-2.9219069662474473,2391.8133746907,418.5507678622251,-0.1745,66.78776851684431,-10.866420188853457,0.165,-1.0728173927444453,-0.29751921591762714
40.90000000000031,-2.922164474668425,2398.493700524445,417.46392056057186,-0.1745,66.81874815805203,-10.87052584421134,0.165,-1.0728173927444453,-0.29751921591762714
41.00000000000031,-2.9223025033926593,2405.1771231079492,416.37669498139746,-0.1745,66.84970351202863,-10.87398573927708,0.165,-1.0728173927444453,-0.29751921591762714
41.100000000000314,-2.9223644750796653,2411.863638325349,415.28914455728983,-0.1745,66.88060083596173,-10.87702274287591,0.165,-1.0728173927444453,-0.29751921591762714
41.200000000000315,-2.9223786295569303,2418.5532392822856,414.20130432258344,-0.1745,66.91141830277586,-10.879781951251791,0.165,-1.0728173927444453,-0.29751921591762714
41.30000000000032,-2.9223633250546466,2425.2459172896993,413.11319733474227,-0.1745,66.94214184549429,-10.882357805571958,0.165,-1.0728173927444453,-0.29751921591762714
41.40000000000032,-2.922330490095244,2431.9416625044687,412.0248388563275,-0.1745,66.97276244989868,-10.884811762723526,0.165,-1.0728173927444453,-0.29751921591762714
41.50000000000032,-2.922287870611075,2438.640464346512,410.9362390778308,-0.1745,67.00327439096856,-10.887183807210587,0.165,-1.0728173927444453,-0.29751921591762714
41.60000000000032,-2.92224049240837,2445.3423117702755,409.84740489003053,-0.1745,67.03367408429796,-10.889499948794557,0.165,-1.0728173927444453,-0.29751921591762714
41.70000000000032,-2.9221916127267673,2452.0471934414,408.75834103736986,-0.1745,67.06395933818774,-10.891777104418608,0.165,-1.0728173927444453,-0.29751921591762714
41.800000000000324,-2.922143339222641,2458.7550978516465,407.6690508683409,-0.1745,67.09412886674569,-10.894026276161267,0.165,-1.0728173927444453,-0.29751921591762714
41.900000000000325,-2.92209703251441,2465.4660133936327,406.5795368235604,-0.1745,67.1241819729785,-10.896254619448571,0.165,-1.0728173927444453,-0.29751921591762714
42.00000000000033,-2.9220535679067208,2472.1799284094104,405.4898007531524,-0.1745,67.15411834257407,-10.898466788711216,0.165,-1.0728173927444453,-0.29751921591762714
42.10000000000033,-2.9220135055148377,2478.8968312220263,404.39984412308166,-0.1745,67.18393790974326,-10.900665812703163,0.165,-1.0728173927444453,-0.29751921591762714
42.20000000000033,-2.9219772008208866,2485.616710156012,403.3096681492597,-0.1745,67.21364076996184,-10.902853663735636,0.165,-1.0728173927444453,-0.29751921591762714
42.30000000000033,-2.9219448765018874,2492.3395535506716,402.2192738846845,-0.1745,67.24322712322977,-10.90503162776839,0.165,-1.0728173927444453,-0.29751921591762714
42.40000000000033,-2.921916669084797,2499.065349768692,401.1286622760477,-0.1745,67.27269723718345,-10.907200544968116,0.165,-1.0728173927444453,-0.29751921591762714
42.500000000000334,-2.9218926592433214,2505.7940872017075,400.0378342004976,-0.1745,67.30205142311988,-10.90936096603264,0.165,-1.0728173927444453,-0.29751921591762714
42.600000000000335,-2.9218728914671894,2512.525754273884,398.94679048950843,-0.1745,67.33129002041639,-10.911513253751666,0.165,-1.0728173927444453,-0.29751921591762714
42.70000000000034,-2.9221285744391237,2519.2603394442253,397.8555319443722,-0.1745,67.36041338640811,-10.913657648972732,0.165,-1.0728173927444453,-0.29751921591762714
42.80000000000034,-2.921431327959887,2526.0011057128236,396.7634820738744,-0.1745,67.45491198555943,-10.927339760983712,0.8300000000000001,-1.0728173927444453,-0.29751921591762714
42.90000000000034,-2.920983833601087,2532.748046505786,395.6707598484162,-0.1745,67.48390387369066,-10.927104748179868,0.165,-1.0728173927444453,-0.29751921591762714
43.00000000000034,-2.9206994080377076,2539.4978744637365,394.578020077763,-0.1745,67.51265528531397,-10.927690664884166,0.165,-1.0728173927444453,-0.29751921591762714
43.10000000000034,-2.920521936415242,2546.250567801583,393.4851952765927,-0.1745,67.54121147162111,-10.928805358521016,0.165,-1.0728173927444453,-0.29751921591762714
43.200000000000344,-2.920415097993727,2553.0061084691206,392.3922420259677,-0.1745,67.5696018791263,-10.930259653979485,0.165,-1.0728173927444453,-0.29751921591762714
43.300000000000345,-2.920492389709089,2559.764480848646,391.2991324889946,-0.1745,67.59784571138398,-10.931931085481857,0.165,-1.0728173927444453,-0.29751921591762714
43.40000000000035,-2.920125018524631,2566.5272958532187,390.20556244910705,-0.1745,67.65845438007098,-10.939469712269053,0.495,-1.0728173927444453,-0.29751921591762714
43.50000000000035,-2.919901576554454,2573.2945429092592,389.1115793687377,-0.1745,67.68648674073968,-10.940191895118542,0.165,-1.0728173927444453,-0.29751921591762714
43.60000000000035,-2.919772538850682,2580.064584039526,388.01750077356775,-0.1745,67.71433586459149,-10.941380008280575,0.165,-1.0728173927444453,-0.29751921591762714
43.70000000000035,-2.9197058936416935,2586.8374022261264,386.92328843982284,-0.1745,67.74202786741438,-10.942866666617558,0.165,-1.0728173927444453,-0.29751921591762714
43.80000000000035,-2.919680951293822,2593.612982608032,385.8289179233984,-0.1745,67.76957977069782,-10.944543661870984,0.165,-1.0728173927444453,-0.29751921591762714
43.900000000000354,-2.919684340272793,2600.3913117321736,384.73437368736387,-0.1745,67.79700271213319,-10.946341058819833,0.165,-1.0728173927444453,-0.29751921591762714
44.000000000000355,-2.9197074181033362,2607.1723770689646,383.63964595091306,-0.1745,67.8243040236835,-10.948213670196008,0.165,-1.0728173927444453,-0.29751921591762714
44.10000000000036,-2.919744597642635,2613.9561666989607,382.54472865202086,-0.1745,67.85148857623994,-10.950132307648461,0.165,-1.0728173927444453,-0.29751921591762714
44.20000000000036,-2.919792265310237,2620.742669110246,381.449618130466,-0.1745,67.87855964946345,-10.952078123448747,0.165,-1.0728173927444453,-0.29751921591762714
44.30000000000036,-2.919848082067154,2627.5318730674353,380.3543122766992,-0.1745,67.9055194943272,-10.95403895188708,0.165,-1.0728173927444453,-0.29751921591762714
44.40000000000036,-2.9199105318197587,2634.3237675269934,379.2588099818962,-0.1745,67.9323696968329,-10.956006944172476,0.165,-1.0728173927444453,-0.29751921591762714
44.50000000000036,-2.919978629733987,2641.1183415824908,378.1631107826949,-0.1745,67.95911141311822,-10.957977039854159,0.165,-1.0728173927444453,-0.29751921591762714
44.600000000000364,-2.920051733876596,2647.9155844292163,377.0672146317467,-0.1745,67.98574552139539,-10.959945979109477,0.165,-1.0728173927444453,-0.29751921591762714
44.700000000000365,-2.9201294236071726,2654.715485341292,375.9711217495582,-0.1745,68.01227272011907,-10.961911664660427,0.165,-1.0728173927444453,-0.29751921591762714
44.80000000000037,-2.9202114210826218,2661.518033656868,374.8748325288428,-0.1745,68.03869359139851,-10.963872749648157,0.165,-1.0728173927444453,-0.29751921591762714
44.90000000000037,-2.9202975406007337,2668.3232187685353,373.778347472785,-0.1745,68.06500864194943,-10.965828371507374,0.165,-1.0728173927444453,-0.29751921591762714
45.00000000000037,-2.920387655916403,2675.1310301171097,372.68166715520186,-0.1745,68.09121832953498,-10.96777798015592,0.165,-1.0728173927444453,-0.29751921591762714
45.10000000000037,-2.920481679158316,2681.941457187588,371.58479219483917,-0.1745,68.11732308003351,-10.969721227098129,0.165,-1.0728173927444453,-0.29751921591762714
45.20000000000037,-2.920579547231521,2688.7544895065125,370.4877232387912,-0.1745,68.14332329845327,-10.971657893860876,0.165,-1.0728173927444453,-0.29751921591762714
45.300000000000374,-2.920681213049704,2695.5701166402373,369.3904609518071,-0.1745,68.16921937603891,-10.973587845821704,0.165,-1.0728173927444453,-0.29751921591762714
45.400000000000375,-2.9209296252700474,2702.388328193782,368.29300600939473,-0.1745,68.19501169485534,-10.975511002425753,0.165,-1.0728173927444453,-0.29751921591762714
45.50000000000038,-2.9207014771062143,2709.2107387522874,367.1950726273828,-0.1745,68.25319947524939,-10.983156637813405,0.495,-1.0728173927444453,-0.29751921591762714
45.60000000000038,-2.920599049993711,2716.0373403739586,366.09672027983714,-0.1745,68.27883295817077,-10.983890313098875,0.165,-1.0728173927444453,-0.29751921591762714
45.70000000000038,-2.92057874815421,2722.866497023521,364.9982740769809,-0.1745,68.30430003307394,-10.98503374402511,0.165,-1.0728173927444453,-0.29751921591762714
45.80000000000038,-2.9206125250473547,2729.6981932240374,363.8997004755541,-0.1745,68.32962397725863,-10.986438284511996,0.165,-1.0728173927444453,-0.29751921591762714
45.90000000000038,-2.920682338888594,2736.532415417864,362.8009781464453,-0.1745,68.35481989926787,-10.988008297663868,0.165,-1.0728173927444453,-0.29751921591762714
46.000000000000384,-2.920776583918339,2743.369151295231,361.7020936182318,-0.1745,68.37989764807874,-10.989682266606254,0.165,-1.0728173927444453,-0.29751921591762714
46.100000000000385,-2.920887793831208,2750.2083893619833,360.60303847330965,-0.1745,68.40486368696651,-10.991420631836926,0.165,-1.0728173927444453,-0.29751921591762714
46.20000000000039,-2.92101116417047,2757.050118661339,359.50380754365244,-0.1745,68.4297223001534,-10.993197961307793,0.165,-1.0728173927444453,-0.29751921591762714
46.30000000000039,-2.9211436018335393,2763.8943285948276,358.40439775004745,-0.1745,68.45447636961462,-10.994997910792252,0.165,-1.0728173927444453,-0.29751921591762714
46.40000000000039,-2.9212831137738124,2770.7410088070606,357.3048073554657,-0.1745,68.479127875045,-10.996809980842619,0.165,-1.0728173927444453,-0.29751921591762714
46.50000000000039,-2.9214284139313946,2777.5901491115915,356.20503548490905,-0.1745,68.50367821557379,-10.998627430290421,0.165,-1.0728173927444453,-0.29751921591762714
46.60000000000039,-2.921578670537401,2784.441739443207,355.10508181668894,-0.1745,68.52812841673425,-11.000445934112275,0.165,-1.0728173927444453,-0.29751921591762714
46.700000000000394,-2.9217333436938873,2791.295769827223,354.00494638396924,-0.1745,68.55247926358527,-11.00226272028131,0.165,-1.0728173927444453,-0.29751921591762714
46.800000000000395,-2.9221874010637134,2798.152230359718,352.90462944721645,-0.1745,68.5767313863165,-11.00407601477422,0.165,-1.0728173927444453,-0.29751921591762714
46.9000000000004,-2.9216732417394025,2805.0143856995855,351.8035541398609,-0.1745,68.66637541103299,-11.017430132336722,0.8300000000000001,-1.0728173927444453,-0.29751921591762714
47.0000000000004,-2.921408929173728,2811.8822307996675,350.7018396048022,-0.1745,68.69052659060746,-11.016860568837407,0.165,-1.0728173927444453,-0.29751921591762714
47.1000000000004,-2.9213059317537575,2818.7524796716307,349.60014003436146,-0.1745,68.71445084865327,-11.017130839977968,0.165,-1.0728173927444453,-0.29751921591762714
47.2000000000004,-2.9213074891673423,2825.6251119857475,348.49838663456427,-0.1745,68.73819543368246,-11.01793715596627,0.165,-1.0728173927444453,-0.29751921591762714
47.3000000000004,-2.9213772154289557,2832.5001112963114,347.3965355414303,-0.1745,68.76179077759838,-11.019084706713373,0.165,-1.0728173927444453,-0.29751921591762714
47.400000000000404,-2.9214917878240243,2839.3774636611897,346.2945588764657,-0.1745,68.7852565199706,-11.020448592578589,0.165,-1.0728173927444453,-0.29751921591762714
47.500000000000405,-2.9216362577820054,2846.2571567559917,345.19243900917377,-0.1745,68.80860537607181,-11.021948753259792,0.165,-1.0728173927444453,-0.29751921591762714
47.600000000000406,-2.9218010439436015,2853.1391793057746,344.09016487739666,-0.1745,68.83184561958883,-11.023533882282832,0.165,-1.0728173927444453,-0.29751921591762714
47.70000000000041,-2.9219800043055284,2860.0235207205387,342.98772962785756,-0.1745,68.85498267569426,-11.025171108498851,0.165,-1.0728173927444453,-0.29751921591762714
47.80000000000041,-2.9221692004334394,2866.9101708614735,341.8851291035215,-0.1745,68.87802014300554,-11.026839378222743,0.165,-1.0728173927444453,-0.29751921591762714
47.90000000000041,-2.922366105450817,2873.799119891075,340.78236087402996,-0.1745,68.90096044902145,-11.028525211607352,0.165,-1.0728173927444453,-0.29751921591762714
48.00000000000041,-2.922569096537514,2880.6903581770457,339.6794236143505,-0.1745,68.92380527039681,-11.030219981981832,0.165,-1.0728173927444453,-0.29751921591762714
48.10000000000041,-2.923079332295063,2887.5838762306844,338.5763167066555,-0.1745,68.94655580237219,-11.03191817191817,0.165,-1.0728173927444453,-0.29751921591762714
48.200000000000415,-2.922617736904079,2894.4829391721637,337.4724627129029,-0.1745,69.0347030272122,-11.045161703134388,0.8300000000000001,-1.0728173927444453,-0.29751921591762714
48.300000000000416,-2.9224064650005603,2901.387542401374,336.3679805406788,-0.1745,69.0573615569934,-11.044481741347742,0.165,-1.0728173927444453,-0.29751921591762714
48.40000000000042,-2.922356265656064,2908.2944003452044,335.2635240080798,-0.1745,69.07979731961451,-11.044648910632189,0.165,-1.0728173927444453,-0.29751921591762714
48.50000000000042,-2.92271483520236,2915.2034931242047,334.1590237977754,-0.1745,69.1020582603907,-11.045355295456,0.165,-1.0728173927444453,-0.29751921591762714
48.60000000000042,-2.9221633522949886,2922.118079300121,333.05385855934577,-0.1745,69.18966525793492,-11.057949473136027,0.8300000000000001,-1.0728173927444453,-0.29751921591762714
48.70000000000042,-2.9219026413439746,2929.038150149379,331.94811921289016,-0.1745,69.21175172722846,-11.05683745597568,0.165,-1.0728173927444453,-0.29751921591762714
48.80000000000042,-2.9218285863303155,2935.960417519098,330.842441593792,-0.1745,69.23359566714971,-11.056714925987487,0.165,-1.0728173927444453,-0.29751921591762714
48.900000000000425,-2.9218747162264185,2942.8848599577386,329.7367447546195,-0.1745,69.25525310566172,-11.057221857462675,0.165,-1.0728173927444453,-0.29751921591762714
49.000000000000426,-2.9219985992100037,2949.811460610459,328.6309772442118,-0.1745,69.27675994875219,-11.058128350691367,0.165,-1.0728173927444453,-0.29751921591762714
49.10000000000043,-2.92217315177974,2956.7402055700645,327.52510644533425,-0.1745,69.29813924335433,-11.059287626859776,0.165,-1.0728173927444453,-0.29751921591762714
49.20000000000043,-2.922381088236228,2963.6710828232804,326.4191117643043,-0.1745,69.31940582096539,-11.060605993738292,0.165,-1.0728173927444453,-0.29751921591762714
49.30000000000043,-2.9226113763805412,2970.6040815776055,325.31298028171517,-0.1745,69.34056926554015,-11.062023658044904,0.165,-1.0728173927444453,-0.29751921591762714
49.40000000000043,-2.7398340734883013,2977.5391918313735,324.2067039753476,-0.1745,69.3616358098235,-11.06350246930687,0.165,-1.0728173927444453,-0.29751921591762714
49.50000000000043,-2.806323552555709,2984.482393993541,323.1318820374288,-0.1495,69.50240743352542,-10.432936289068518,0.8300000000000001,-1.0728173927444453,-0.29751921591762714
49.600000000000435,-2.848792073327005,2991.431862941159,322.0770160440377,-0.1745,69.48697151883802,-10.664383578753847,0.165,-1.0728173927444453,-0.29751921591762714
49.700000000000436,-2.692665572099312,2998.380447642348,321.00317244494926,-0.1745,69.48472250493909,-10.812488403014555,0.165,-1.0728173927444453,-0.29751921591762714
49.80000000000044,-2.776914846578325,3005.332117144236,319.9493244617545,-0.1495,69.54866753281408,-10.26447126088125,0.165,-1.0728173927444453,-0.29751921591762714
49.90000000000044,-2.830698123503104,3012.2857114954177,318.90822031433476,-0.1745,69.52321949082166,-10.557611687513916,0.165,-1.0728173927444453,-0.29751921591762714
50.00000000000044,-2.8650593322357047,3019.2376047563494,317.84308803852457,-0.1745,69.5146457278143,-10.745033828689284,0.165,-1.0728173927444453,-0.29751921591762714
50.10000000000044,-2.8870447341688337,3026.189170623399,316.7625852533403,-0.1745,69.516671613186,-10.865021874995579,0.165,-1.0728173927444453,-0.29751921591762714
50.20000000000044,-2.901147354539821,3033.141272760115,315.67223339297936,-0.1745,69.52537112113053,-10.942015332223011,0.165,-1.0728173927444453,-0.29751921591762714
50.300000000000445,-2.910230838624799,3040.094454903878,314.5755523100215,-0.1745,69.53827175412779,-10.991606326934326,0.165,-1.0728173927444453,-0.29751921591762714
50.400000000000446,-2.9161196775051645,3047.049058991898,313.4747851265111,-0.1745,69.55381000627027,-11.023737343274412,0.165,-1.0728173927444453,-0.29751921591762714
50.50000000000045,-2.9199759505903344,3054.0052992252417,312.37136097589746,-0.1745,69.5709946606001,-11.044745668998933,0.165,-1.0728173927444453,-0.29751921591762714
50.60000000000045,-2.9226972072675634,3060.9633087758875,311.266190227538,-0.1745,69.58919635231624,-11.058669298190146,0.165,-1.0728173927444453,-0.29751921591762714
50.70000000000045,-2.924423544415085,3067.9247942921756,310.1595662744001,-0.1745,69.64051397344971,-11.073809764568127,0.495,-1.0728173927444453,-0.29751921591762714
50.80000000000045,-2.102492664228965,3074.893081555247,309.05134012157737,-0.1745,69.72523128797624,-11.090713291886486,0.8300000000000001,-1.0728173927444453,-0.29751921591762714
50.90000000000045,-2.4045369244573456,3081.8626322518166,308.08875917252203,-0.06225,69.66578264341773,-8.160905689220023,0.165,-1.0728173927444453,-0.29751921591762714
51.000000000000455,-2.597596721234981,3088.821574815561,307.22035834500315,-0.1745,69.51306863146107,-9.207110861157611,0.165,-1.0728173927444453,-0.29751921591762714
51.100000000000456,-2.720964815098937,3095.7685350335014,306.26619746277566,-0.1745,69.42613572734999,-9.876106783391595,0.165,-1.0728173927444453,-0.29751921591762714
51.20000000000046,-2.800235202536008,3102.7088160462636,305.2571910922421,-0.1745,69.37948452789055,-10.304020627278677,0.165,-1.0728173927444453,-0.29751921591762714
51.30000000000046,-2.666928958948227,3109.6489571642205,304.2125215316059,-0.1745,69.42333783125308,-10.58937058544615,0.8300000000000001,-1.0728173927444453,-0.29751921591762714
51.40000000000046,-2.7651197933643914,3116.5956624678606,303.1767252664467,-0.1495,69.5107682415525,-10.126554717738351,0.495,-1.0728173927444453,-0.29751921591762714
51.50000000000046,-2.827819645229317,3123.545089342034,302.14700655703064,-0.1745,69.47776924190909,-10.467819470583095,0.165,-1.0728173927444453,-0.29751921591762714
51.60000000000046,-2.8678805220276944,3130.49220433571,301.08931338535535,-0.1745,69.46453063161155,-10.68604396292243,0.165,-1.0728173927444453,-0.29751921591762714
51.700000000000465,-2.7103290923203116,3137.4386154595586,300.013724234872,-0.1745,69.4636918453562,-10.825739046745442,0.165,-1.0728173927444453,-0.29751921591762714
51.800000000000466,-2.8017915241696527,3144.39150287006,298.9583079098555,-0.1495,69.5940563646722,-10.282587453584455,0.8300000000000001,-1.322769517199668,-0.35977767712511177
51.90000000000047,-2.8600543496799298,3151.349371853152,297.9141403599885,-0.1745,69.5633232971721,-10.600763543755772,0.165,-1.322769517199668,-0.35977767712511177
52.00000000000047,-2.8971997596430348,3158.305091592746,296.8439190590059,-0.1745,69.55107149470459,-10.803662475896097,0.165,-1.322769517199668,-0.35977767712511177
52.10000000000047,-2.9209191220407678,3165.260164954519,295.7570761666558,-0.1745,69.55039574075799,-10.933195371105914,0.165,-1.322769517199668,-0.35977767712511177
52.20000000000047,-2.936105783901864,3172.215534327744,294.659613558222,-0.1745,69.55699172374194,-11.016056797569162,0.165,-1.322769517199668,-0.35977767712511177
52.30000000000047,-2.945871520791747,3179.1717917844267,293.55534875081514,-0.1745,69.56815740990733,-11.069239350568036,0.165,-1.322769517199668,-0.35977767712511177
52.400000000000475,-2.767371242207479,3186.1293091057883,292.44670907474324,-0.1745,69.5821890173226,-11.103554170870385,0.165,-1.322769517199668,-0.35977767712511177
52.500000000000476,-2.839064300019526,3193.0927530730783,291.36749876910744,-0.1495,69.68669032847595,-10.480651941845466,0.495,-1.322769517199668,-0.35977767712511177
52.60000000000048,-2.8847164569849983,3200.060411088932,290.30694122346637,-0.1745,69.66646998859743,-10.730498970975793,0.165,-1.322769517199668,-0.35977767712511177
52.70000000000048,-2.0857873642625235,3207.0267669975233,289.2259286340373,-0.1745,69.6606481832224,-10.88975281760577,0.165,-1.322769517199668,-0.35977767712511177
52.80000000000048,-2.408350700500364,3213.9932650483433,288.27874385285367,-0.06225,69.66931283318077,-8.053942806066503,0.8300000000000001,-1.322769517199668,-0.35977767712511177
52.90000000000048,-2.6141689379088024,3220.9518762929365,287.4175077688571,-0.1745,69.50291205868295,-9.170778873864577,0.165,-1.322769517199668,-0.35977767712511177
53.00000000000048,-2.745466896384801,3227.8973980063524,286.4647899288163,-0.1745,69.40752220963552,-9.883577926951377,0.165,-1.322769517199668,-0.35977767712511177
53.100000000000485,-2.829225625566761,3234.8355456649515,285.45367825546367,-0.1745,69.35543096234879,-10.338655540100756,0.165,-1.322769517199668,-0.35977767712511177
53.200000000000486,-2.8826764015303485,3241.7698242245656,284.4052813776331,-0.1745,69.3301402299373,-10.629282016510295,0.165,-1.322769517199668,-0.35977767712511177
53.30000000000049,-2.9171577713237213,3248.7024107933184,283.3330668071855,-0.1745,69.32159114511984,-10.815009392441674,0.165,-1.322769517199668,-0.35977767712511177
53.40000000000049,-2.9386469840922484,3255.6379425896225,282.2450462162703,-0.1745,69.3890447809594,-10.945402425862554,0.8300000000000001,-1.322769517199668,-0.35977767712511177
53.50000000000049,-2.95155197386163,3262.5805547079144,281.1462328933244,-0.1745,69.46319758488063,-11.030864033054748,0.8300000000000001,-1.322769517199668,-0.35977767712511177
53.60000000000049,-2.9598722447407515,3269.5275138198103,280.0408847607474,-0.1745,69.47598465303531,-11.076098618485057,0.165,-1.322769517199668,-0.35977767712511177
53.70000000000049,-2.965278914487102,3276.475871842608,278.93181015301644,-0.1745,69.49117580291677,-11.105393536134358,0.165,-1.322769517199668,-0.35977767712511177
53.800000000000495,-2.9688347201013716,3283.425823824215,277.820312985443,-0.1745,69.50786382922787,-11.124549815333673,0.165,-1.322769517199668,-0.35977767712511177
53.900000000000496,-2.971215343763318,3290.377490687625,276.70722259667343,-0.1745,69.52547343897007,-11.137257960058312,0.165,-1.322769517199668,-0.35977767712511177
54.0000000000005,-2.972850290621337,3297.3309463366677,275.59306643947167,-0.1745,69.54363954188466,-11.145865183977,0.165,-1.322769517199668,-0.35977767712511177
54.1000000000005,-2.974012527869056,3304.286234832331,274.4781799795776,-0.1745,69.5621303713835,-11.151864013905087,0.165,-1.322769517199668,-0.35977767712511177
54.2000000000005,-2.9748755047674678,3311.2433812908675,273.3627766130452,-0.1745,69.58079879934714,-11.156203316742735,0.165,-1.322769517199668,-0.35977767712511177
54.3000000000005,-2.9755494147208763,3318.202398803674,272.2469921361651,-0.1745,69.5995514567832,-11.159486220858845,0.165,-1.322769517199668,-0.35977767712511177
54.4000000000005,-2.9761042514030955,3325.163292832994,271.13091302370725,-0.1745,69.61832912961611,-11.162096028298258,0.165,-1.322769517199668,-0.35977767712511177
54.500000000000504,-2.9765844654826927,3332.1260640047694,270.0145944073933,-0.1745,69.63709430588828,-11.164276297980502,0.165,-1.322769517199668,-0.35977767712511177
54.600000000000506,-2.9770182802059346,3339.0907098832304,268.898071503993,-0.1745,69.65582326332915,-11.166181770025839,0.165,-1.322769517199668,-0.35977767712511177
54.70000000000051,-2.977423611227057,3346.0572260984572,267.78136687838895,-0.1745,69.6745010412119,-11.167910742054556,0.165,-1.322769517199668,-0.35977767712511177
54.80000000000051,-2.978105905186741,3353.0256070627693,266.66449505881064,-0.1745,69.69311824502672,-11.169525649511318,0.165,-1.322769517199668,-0.35977767712511177
54.90000000000051,-2.9778152817878394,3359.9991209306068,265.54688819668064,-0.1745,69.77715911172136,-11.182611593088295,0.8300000000000001,-1.322769517199668,-0.35977767712511177
55.00000000000051,-2.977767163943659,3366.9777654685945,264.42867164381335,-0.1745,69.79573164803797,-11.181719464257096,0.165,-1.322769517199668,-0.35977767712511177
55.10000000000051,-2.977873715661562,3373.9582569830814,263.31050270351756,-0.1745,69.8140986417033,-11.181659341658374,0.165,-1.322769517199668,-0.35977767712511177
55.200000000000514,-2.978079236409508,3380.9405773128287,262.19231349512614,-0.1745,69.8323079532438,-11.182124826169744,0.165,-1.322769517199668,-0.35977767712511177
55.300000000000516,-2.978348407778972,3387.9247122130196,261.07406117447186,-0.1745,69.85039005057742,-11.182921586916281,0.165,-1.322769517199668,-0.35977767712511177
55.40000000000052,-2.978658837031171,3394.9106499337167,259.95571877556574,-0.1745,69.86836436336418,-11.183926391206532,0.165,-1.322769517199668,-0.35977767712511177
55.50000000000052,-2.978996327292041,3401.8983803177525,258.83726940070346,-0.1745,69.88624331735447,-11.1850611060386,0.165,-1.322769517199668,-0.35977767712511177
55.60000000000052,-2.979351877751077,3408.8878942283714,257.718702535282,-0.1745,69.90403489502378,-11.186276202390786,0.165,-1.322769517199668,-0.35977767712511177
55.70000000000052,-2.979719781360484,3415.8791831861445,256.6000117106437,-0.1745,69.9217442604369,-11.187540290374919,0.165,-1.322769517199668,-0.35977767712511177
55.80000000000052,-2.9800964186804886,3422.8722391386714,255.4811930220595,-0.1745,69.93937479010015,-11.188833481308546,0.165,-1.322769517199668,-0.35977767712511177
55.900000000000524,-2.980479493227499,3429.867054314518,254.36224418910209,-0.1745,69.9569287268373,-11.190143177839548,0.165,-1.322769517199668,-0.35977767712511177
56.000000000000526,-2.980867546787109,3436.863621130584,253.2431639599917,-0.1745,69.97440759447578,-11.191461404367836,0.165,-1.322769517199668,-0.35977767712511177
56.10000000000053,-2.9812596522319046,3443.8619321333476,252.1239517340507,-0.1745,69.99181246079691,-11.192783114451881,0.165,-1.322769517199668,-0.35977767712511177
56.20000000000053,-2.9816552188654266,3450.8619799616,251.0046073224376,-0.1745,70.0091441042453,-11.194105117809897,0.165,-1.322769517199668,-0.35977767712511177
56.30000000000053,-2.9820538690897513,3457.8637573227925,249.88513079653688,-0.1745,70.02640311960582,-11.195425400204561,0.165,-1.322769517199668,-0.35977767712511177
56.40000000000053,-2.9824553602743316,3464.867256978022,248.76552239190576,-0.1745,70.0435899849824,-11.196742692417793,0.165,-1.322769517199668,-0.35977767712511177
56.50000000000053,-2.982859535266884,3471.872471732483,247.64578244742853,-0.1745,70.06070510424338,-11.198056197126725,0.165,-1.322769517199668,-0.35977767712511177
56.600000000000534,-2.983266291050903,3478.879394429391,246.52591136677916,-0.1745,70.077748833916,-11.199365415860523,0.165,-1.322769517199668,-0.35977767712511177
56.700000000000536,-2.9836755588985726,3485.888017946098,245.40590959401706,-0.1745,70.09472150022513,-11.200670039381178,0.165,-1.322769517199668,-0.35977767712511177
56.80000000000054,-2.9840872918046744,3492.8983351916036,244.2857775981354,-0.1745,70.11162340988655,-11.201969878251978,0.165,-1.322769517199668,-0.35977767712511177
56.90000000000054,-2.7982638760440155,3499.9103391049453,243.1655158632795,-0.1745,70.12845485694318,-11.20326481886662,0.165,-1.322769517199668,-0.35977767712511177
57.00000000000054,-2.8675214757117136,3506.9268567505746,242.07813841833746,-0.1495,70.20189805564745,-10.544284079974236,0.165,-1.322769517199668,-0.35977767712511177
57.10000000000054,-2.911474860535221,3513.9459807342446,241.0115745175524,-0.1745,70.18058161774928,-10.786993935727278,0.165,-1.322769517199668,-0.35977767712511177
57.20000000000054,-2.939418711919738,3520.963678717199,239.92517401400167,-0.1745,70.17337804133577,-10.941016135287244,0.165,-1.322769517199668,-0.35977767712511177
57.300000000000544,-2.9572375248540665,3527.9810972105633,238.826178275096,-0.1745,70.17499182594915,-11.038898642826165,0.165,-1.322769517199668,-0.35977767712511177
57.400000000000546,-2.968655002428187,3534.998952961743,237.71917044749148,-0.1745,70.18212319763613,-11.101257909264392,0.165,-1.322769517199668,-0.35977767712511177
57.50000000000055,-2.9760266255990335,3542.017694367153,236.60705025554563,-0.1745,70.19270491056731,-11.141145929652534,0.165,-1.322769517199668,-0.35977767712511177
57.60000000000055,-2.9808419524679137,3549.037601488751,235.49165184900934,-0.1745,70.20543752139216,-11.166822201073442,0.165,-1.322769517199668,-0.35977767712511177
57.70000000000055,-2.9840427256790973,3556.0588484915897,234.37413515501083,-0.1745,70.21950253537713,-11.183511678896789,0.165,-1.322769517199668,-0.35977767712511177
57.80000000000055,-2.9862242228044793,3563.08154280697,233.25523363259887,-0.1745,70.2343837722308,-11.194518769342567,0.165,-1.322769517199668,-0.35977767712511177
57.90000000000055,-2.98776265285654,3570.105749770197,232.13541105400896,-0.1745,70.24975549230179,-11.201932802456005,0.165,-1.322769517199668,-0.35977767712511177
58.000000000000554,-2.9888957366620152,3577.1315081488915,231.01496068487563,-0.1745,70.26541208159627,-11.207074580210358,0.165,-1.322769517199668,-0.35977767712511177
58.100000000000556,-2.989773662751578,3584.158839940896,229.89406800951892,-0.1745,70.28122375849745,-11.21077892692412,0.165,-1.322769517199668,-0.35977767712511177
58.20000000000056,-2.9904913032630924,3591.18775656052,228.77285039218768,-0.1745,70.29710863398473,-11.213573419700458,0.165,-1.322769517199668,-0.35977767712511177
58.30000000000056,-2.991108578187738,3598.2182627458715,227.65138215020625,-0.1745,70.31301507304123,-11.21579141992793,0.165,-1.322769517199668,-0.35977767712511177
58.40000000000056,-2.1563500604929993,3605.2503590272263,226.5297104021235,-0.1745,70.32891055405437,-11.217643541726957,0.165,-1.322769517199668,-0.35977767712511177
58.50000000000056,-2.466754284090771,3612.281857683007,225.55782650846376,-0.06225,70.30106256155202,-8.22003433146772,0.495,-1.322769517199668,-0.35977767712511177
58.60000000000056,-2.663823632308096,3619.3037924730434,224.6816129114743,-0.1745,70.13763323918216,-9.304237608321435,0.165,-1.322769517199668,-0.35977767712511177
58.700000000000564,-2.7889313959887256,3626.312851523383,223.71677330517258,-0.1745,70.04354776760742,-9.992554517713199,0.165,-1.322769517199668,-0.35977767712511177
58.800000000000566,-2.8683733278240755,3633.314608738347,222.69566235099762,-0.1745,69.99159653167017,-10.429664565785899,0.165,-1.322769517199668,-0.35977767712511177
58.90000000000057,-2.91885348349415,3640.31246973173,221.63881285712418,-0.1745,69.96562333598689,-10.707325311683181,0.165,-1.322769517199668,-0.35977767712511177
59.00000000000057,-2.9509750740160676,3647.308541407327,220.55925593878368,-0.1745,69.95581017595943,-10.88381305512673,0.165,-1.322769517199668,-0.35977767712511177
59.10000000000057,-2.971464231571,3654.3041369335583,219.4652585650129,-0.1745,69.95610034866418,-10.996134420288717,0.165,-1.322769517199668,-0.35977767712511177
59.20000000000057,-2.9845854137774577,3661.3000780115863,218.36206301275084,-0.1745,69.9627212118911,-11.067776624952744,0.165,-1.322769517199668,-0.35977767712511177
59.30000000000057,-2.8072366468299066,3668.2968794894223,217.25299227338786,-0.1745,69.97330834483063,-11.113638162306536,0.165,-1.322769517199668,-0.35977767712511177
59.400000000000574,-2.8807621021042507,3675.3010187267723,216.1725115529768,-0.1495,70.1094764021697,-10.495976245914598,0.8300000000000001,-1.322769517199668,-0.35977767712511177
59.500000000000576,-2.927451656777051,3682.31080411116,215.1100465136762,-0.1745,70.08623128558145,-10.753324540097505,0.165,-1.322769517199668,-0.35977767712511177
59.60000000000058,-2.9571484473533607,3689.319013429837,214.02654268437698,-0.1745,70.07795508795846,-10.916752045886984,0.165,-1.322769517199668,-0.35977767712511177
59.70000000000058,-2.9760895521877133,3696.3268628929586,212.92967122426649,-0.1745,70.07903417446926,-11.020677156322941,0.165,-1.322769517199668,-0.35977767712511177
59.80000000000058,-2.9882250990786137,3703.3351131503355,211.82429136484322,-0.1745,70.08597097306713,-11.08692003214218,0.165,-1.322769517199668,-0.35977767712511177
59.90000000000058,-2.9960558516052815,3710.344240392972,210.71348003726126,-0.1745,70.09657387966973,-11.129306519496943,0.165,-1.322769517199668,-0.35977767712511177
60.00000000000058,-3.001164521991151,3717.3545423224446,209.59918505412801,-0.1745,70.1094647097787,-11.156593143168164,0.165,-1.322769517199668,-0.35977767712511177
60.100000000000584,-3.004552548254054,3724.3662043024956,208.48263920530422,-0.1745,70.12377489123988,-11.174323833307692,0.165,-1.322769517199668,-0.35977767712511177
60.200000000000585,-3.006853443344564,3731.3793408625907,207.36462263528153,-0.1745,70.13895631065712,-11.186007567145904,0.165,-1.322769517199668,-0.35977767712511177
60.30000000000059,-3.0084678956733257,3738.3940218198177,206.24562901688037,-0.1745,70.1546628338849,-11.193864800877586,0.165,-1.322769517199668,-0.35977767712511177
60.40000000000059,-3.0096492922528024,3745.4102887520603,205.12597075957487,-0.1745,70.17067581096381,-11.199300345232206,0.165,-1.322769517199668,-0.35977767712511177
60.50000000000059,-3.0105578438393454,3752.428165398853,204.00584560114717,-0.1745,70.18685712488593,-11.203202823321732,0.165,-1.322769517199668,-0.35977767712511177
60.60000000000059,-3.0112948318752295,3759.4476642329328,202.8853787474244,-0.1745,70.20311955671507,-11.206134251133735,0.165,-1.322769517199668,-0.35977767712511177
60.70000000000059,-3.0119242737494174,3766.4687906139716,201.7646495334821,-0.1745,70.21940806405662,-11.20845002771206,0.165,-1.322769517199668,-0.35977767712511177
60.800000000000594,-3.012486626350752,3773.4915454145707,200.64370828888278,-0.1745,70.2356879479296,-11.210374864274288,0.165,-1.322769517199668,-0.35977767712511177
60.900000000000595,-3.0130074523863644,3780.515926680542,199.5225870045175,-0.1745,70.25193737150077,-11.212050823030964,0.165,-1.322769517199668,-0.35977767712511177
61.0000000000006,-3.0136538885062976,3787.541930680599,198.401306078098,-0.1745,70.26814262963018,-11.213567705358845,0.165,-1.322769517199668,-0.35977767712511177
61.1000000000006,-3.0138041495028185,3794.5711775121904,197.27959211325643,-0.1745,70.31679400220226,-11.220711591472691,0.495,-1.322769517199668,-0.35977767712511177
61.2000000000006,-3.014068805886507,3801.603663881221,196.1575127825547,-0.1745,70.33293337841596,-11.22087502256188,0.165,-1.322769517199668,-0.35977767712511177
61.3000000000006,-3.01440650387812,3808.6377577783555,195.0353976372993,-0.1745,70.34894456427344,-11.221427882545978,0.165,-1.322769517199668,-0.35977767712511177
61.4000000000006,-3.014791131958918,3815.6734475287312,193.91321500224365,-0.1745,70.36485044323746,-11.22222481856687,0.165,-1.322769517199668,-0.35977767712511177
61.500000000000604,-3.015206203786298,3822.7107233290503,192.79094505887065,-0.1745,70.3806655631411,-11.223174048893078,0.165,-1.322769517199668,-0.35977767712511177
61.600000000000605,-3.015641310351185,3829.7495765674857,191.6685754750031,-0.1745,70.39639920556615,-11.224217628457591,0.165,-1.322769517199668,-0.35977767712511177
61.70000000000061,-3.0160898793862834,3836.7899993940373,190.546098644509,-0.1745,70.4120573254619,-11.22531898142491,0.165,-1.322769517199668,-0.35977767712511177
61.80000000000061,-3.0165477605318394,3843.8319844491402,189.42350994414963,-0.1745,70.42764377659542,-11.226455025762153,0.165,-1.322769517199668,-0.35977767712511177
61.90000000000061,-3.017012332045466,3850.875524692253,188.3008066329054,-0.1745,70.44316108565586,-11.227611199122775,0.165,-1.322769517199668,-0.35977767712511177
62.00000000000061,-3.0174819368741304,3857.920613293594,187.17798715706914,-0.1745,70.45861094117072,-11.228778317602213,0.165,-1.322769517199668,-0.35977767712511177
62.10000000000061,-3.017955526695994,3864.9672435657653,186.05505071157694,-0.1745,70.47399450225483,-11.229950592241675,0.165,-1.322769517199668,-0.35977767712511177
62.200000000000614,-3.018432437264175,3872.0154089205557,184.93199696312794,-0.1745,70.48931259355703,-11.231124376738329,0.165,-1.322769517199668,-0.35977767712511177
62.300000000000615,-3.018912246637313,3879.0651028416505,183.80882587544562,-0.1745,70.50456582833435,-11.23229737690833,0.165,-1.322769517199668,-0.35977767712511177
62.40000000000062,-3.0193946857273195,3886.1163188673745,182.68553759901488,-0.1745,70.5197546861414,-11.23346815170635,0.165,-1.322769517199668,-0.35977767712511177
62.50000000000062,-3.0198795818647928,3893.1690505797746,181.56213240151388,-0.1745,70.53487956186466,-11.234635798313713,0.165,-1.322769517199668,-0.35977767712511177
62.60000000000062,-3.0203668231994762,3900.223291597701,180.43861062392722,-0.1745,70.54994079666719,-11.235799753419567,0.165,-1.322769517199668,-0.35977767712511177
62.70000000000062,-3.020856336246455,3907.27903557241,179.31497265286427,-0.1745,70.56493869751488,-11.236959667839415,0.165,-1.322769517199668,-0.35977767712511177
62.80000000000062,-3.0213480717255567,3914.3362761847607,178.19121890310151,-0.1745,70.57987354949628,-11.238115327415771,0.165,-1.322769517199668,-0.35977767712511177
62.900000000000624,-3.0218419956319758,3921.395007143415,177.06734980657455,-0.1745,70.5947456235949,-11.239266603123143,0.165,-1.322769517199668,-0.35977767712511177
63.000000000000625,-3.022338083606249,3928.4552221836743,175.94336580543848,-0.1745,70.60955518159204,-11.24041341959872,0.165,-1.322769517199668,-0.35977767712511177
63.10000000000063,-3.022836317384909,3935.516915066712,174.8192673476937,-0.1745,70.62430247915952,-11.241555735296826,0.165,-1.322769517199668,-0.35977767712511177
63.20000000000063,-3.0233366825630856,3942.5800795790606,173.6950548844301,-0.1745,70.63898776781043,-11.242693529975238,0.165,-1.322769517199668,-0.35977767712511177
63.30000000000063,-3.0238391671842564,3949.6447095322574,172.57072886809107,-0.1745,70.65361129612971,-11.243826796805607,0.165,-1.322769517199668,-0.35977767712511177
63.40000000000063,-3.02434376085143,3956.7107987625914,171.4462897513808,-0.1745,70.66817331055053,-11.244955537399846,0.165,-1.322769517199668,-0.35977767712511177
63.50000000000063,-3.024850454166985,3963.778341130911,170.32173798657703,-0.1745,70.68267405584427,-11.24607975867515,0.165,-1.322769517199668,-0.35977767712511177
63.600000000000634,-3.02535923837965,3970.8473305224747,169.19707402509937,-0.1745,70.69711377542995,-11.247199470878133,0.165,-1.322769517199668,-0.35977767712511177
63.700000000000635,-3.0258701051620047,3977.917760846825,168.07229831723848,-0.1745,70.71149271156979,-11.248314686339691,0.165,-1.322769517199668,-0.35977767712511177
63.80000000000064,-3.0263830464702357,3984.989626037678,166.94741131198697,-0.1745,70.7258111054931,-11.249425418690388,0.165,-1.322769517199668,-0.35977767712511177
63.90000000000064,-3.027209992325886,3992.0629200528265,165.82241345693416,-0.1745,70.74006919747487,-11.2505316823661,0.165,-1.322769517199668,-0.35977767712511177
64.00000000000064,-3.027065407210454,3999.140911378832,164.6967279258237,-0.1745,70.81975732263294,-11.263178939843215,0.8300000000000001,-1.322769517199668,-0.35977767712511177
64.10000000000063,-3.0271714063488595,4006.223598494672,163.57047476454966,-0.1745,70.83398499416617,-11.261884285637686,0.165,-1.322769517199668,-0.35977767712511177
64.20000000000063,-3.027435673440019,4013.307698589035,162.44430725819066,-0.1745,70.84801689309909,-11.261465841542282,0.165,-1.322769517199668,-0.35977767712511177
64.30000000000062,-3.0278001613616397,4020.3931946442303,161.31815412987268,-0.1745,70.86190421080654,-11.261596724817586,0.165,-1.322769517199668,-0.35977767712511177
64.40000000000062,-2.840078101361608,4027.480073816419,160.19197072502968,-0.1745,70.87567923296331,-11.262071372042453,0.165,-1.322769517199668,-0.35977767712511177
64.50000000000061,-2.9107869199708203,4034.571257477655,159.09942318338858,-0.1495,70.94799399175547,-10.588879460779397,0.165,-1.322769517199668,-0.35977767712511177
64.6000000000006,-2.955437561564808,4041.664771843909,158.02804809101778,-0.1745,70.92229333332962,-10.838622386636507,0.165,-1.322769517199668,-0.35977767712511177
64.7000000000006,-2.983700164904314,4048.7564534668836,156.93631355887229,-0.1745,70.9113391261633,-10.996068256273505,0.165,-1.322769517199668,-0.35977767712511177
64.8000000000006,-3.0016599797196806,4055.8474977385345,155.8317379974511,-0.1745,70.90954630685331,-11.095442972149828,0.165,-1.322769517199668,-0.35977767712511177
64.90000000000059,-3.013144605310214,4062.938647883991,154.7190511701513,-0.1745,70.91345660227424,-11.158293573846688,0.165,-1.322769517199668,-0.35977767712511177
65.00000000000058,-3.0205607552216556,4070.0303665523456,153.60122756990094,-0.1745,70.92091676481839,-11.198178431160027,0.165,-1.322769517199668,-0.35977767712511177
65.10000000000058,-2.1836238458905455,4077.1229414639524,152.48013736462644,-0.1745,70.93058146731425,-11.223625674330007,0.165,-1.322769517199668,-0.35977767712511177
65.20000000000057,-1.8481936986328305,4084.2129275775696,151.50947306613983,-0.06225,70.86914080503459,-8.189660295402096,0.165,-1.322769517199668,-0.35977767712511177
65.30000000000057,-2.2903734321548805,4091.3012883563683,150.75057575025713,-0.08725,70.89807477093521,-6.9882860222518,0.495,-1.322769517199668,-0.35977767712511177
65.40000000000056,-2.5702736970374613,4098.378492557156,149.97405208653458,-0.1745,70.64600924482522,-8.542187252199279,0.165,-1.322769517199668,-0.35977767712511177
65.50000000000055,-2.7474457072646583,4105.43574064463,149.07070135446355,-0.1745,70.49895250464732,-9.524827389221478,0.165,-1.322769517199668,-0.35977767712511177
65.60000000000055,-2.859604213705964,4112.481409046796,148.08712423147279,-0.1745,70.41441553869032,-10.146715070593732,0.165,-1.322769517199668,-0.35977767712511177
65.70000000000054,-2.9306411704257824,4119.520524862106,147.05276944499013,-0.1745,70.36790076750503,-10.540380659059052,0.165,-1.322769517199668,-0.35977767712511177
65.80000000000054,-2.975682905563496,4126.556160750424,145.9862677670731,-0.1745,70.3448169988676,-10.789652899282059,0.165,-1.322769517199668,-0.35977767712511177
65.90000000000053,-3.0042992943474633,4133.590215999574,144.89940493439317,-0.1745,70.33628798413501,-10.947603754316294,0.165,-1.322769517199668,-0.35977767712511177
66.00000000000053,-2.187156334106227,4140.623872396695,143.79963355745298,-0.1745,70.3368399582931,-11.047823784487683,0.165,-1.322769517199668,-0.35977767712511177
66.10000000000052,-2.5085371261289664,4147.656226428638,142.8415070019725,-0.06225,70.31024068056031,-8.114707325121906,0.495,-1.322769517199668,-0.35977767712511177
66.20000000000051,-2.712601149176797,4154.678736960497,141.97391789440627,-0.1745,70.13996995662941,-9.2370748262025,0.165,-1.322769517199668,-0.35977767712511177
66.30000000000051,-2.8421683695973075,4161.687824139184,141.01458238608308,-0.1745,70.0417736171098,-9.949635340261082,0.165,-1.322769517199668,-0.35977767712511177
66.4000000000005,-2.9244559719020433,4168.689278356657,139.9969925507416,-0.1745,69.98731073234752,-10.402161366568757,0.165,-1.322769517199668,-0.35977767712511177
66.5000000000005,-2.9767553031670784,4175.686633371455,138.94240331419414,-0.1745,69.95978956360969,-10.689623364380468,0.165,-1.322769517199668,-0.35977767712511177
66.60000000000049,-3.0102178506628814,4182.6820738497,137.8643051453933,-0.1745,69.94902000128185,-10.872340011636235,0.165,-1.322769517199668,-0.35977767712511177
66.70000000000049,-3.0311277949605913,4189.678585856353,136.77097075688735,-0.1745,69.98122013176311,-10.994347758482538,0.495,-1.322769517199668,-0.35977767712511177
66.80000000000048,-3.044526225125333,4196.677022999977,135.66788570336257,-0.1745,69.98752274074073,-11.067353312013113,0.165,-1.322769517199668,-0.35977767712511177
66.90000000000047,-3.053169316203398,4203.676292796597,134.55881469913064,-0.1745,69.99787319165335,-11.114066772625526,0.165,-1.322769517199668,-0.35977767712511177
67.00000000000047,-3.058802905628913,4210.67672412325,133.44590511848915,-0.1745,70.01075334140437,-11.14412484020432,0.165,-1.322769517199668,-0.35977767712511177
67.10000000000046,-3.062532566560548,4217.678522091874,132.33051717784303,-0.1745,70.02520603107475,-11.16363397271784,0.165,-1.322769517199668,-0.35977767712511177
67.20000000000046,-3.0650582634425403,4224.681813738845,131.2135123558965,-0.1745,70.04062690835367,-11.176462466212621,0.165,-1.322769517199668,-0.35977767712511177
67.30000000000045,-3.0668230750717203,4231.686676787839,130.09543622300296,-0.1745,70.0566340715257,-11.185060191658499,0.165,-1.322769517199668,-0.35977767712511177
67.40000000000045,-3.0681074218827082,4238.693157796363,128.97663429443864,-0.1745,70.0729860989622,-11.190978379627884,0.165,-1.322769517199668,-0.35977767712511177
67.50000000000044,-3.069088749820958,4245.70128361971,127.85732542182308,-0.1745,70.08953036797398,-11.195199072683268,0.165,-1.322769517199668,-0.35977767712511177
67.60000000000043,-3.069879325809976,4252.7110686589795,126.73764827452152,-0.1745,70.10617041740704,-11.198343873347866,0.165,-1.322769517199668,-0.35977767712511177
67.70000000000043,-3.0705501674987907,4259.722519445666,125.61769077200148,-0.1745,70.12284531631971,-11.200806177052844,0.165,-1.322769517199668,-0.35977767712511177
67.80000000000042,-3.0711461914532596,4266.735637542216,124.49750871725175,-0.1745,70.139516614673,-11.202834917941953,0.165,-1.322769517199668,-0.35977767712511177
67.90000000000042,-3.0716958008305517,4273.750421377304,123.37713759151701,-0.1745,70.15616008707183,-11.204587596752635,0.165,-1.322769517199668,-0.35977767712511177
68.00000000000041,-3.072216952731816,4280.766867407072,122.25660001906247,-0.1745,70.1727605082945,-11.206163852338083,0.165,-1.322769517199668,-0.35977767712511177
68.1000000000004,-3.072720997228066,4287.784970849845,121.13591049083918,-0.1745,70.18930834717032,-11.207626712127757,0.165,-1.322769517199668,-0.35977767712511177
68.2000000000004,-3.0732151060960673,4294.804726150927,120.01507835316171,-0.1745,70.20579767447012,-11.209016041421577,0.165,-1.322769517199668,-0.35977767712511177
68.3000000000004,-3.073703809125576,4301.826127276607,118.8941096983848,-0.1745,70.22222483911146,-11.210357054116631,0.165,-1.322769517199668,-0.35977767712511177
68.40000000000039,-3.0741899657812626,4308.849167900093,117.77300856080257,-0.1745,70.23858763059833,-11.211665697528016,0.165,-1.322769517199668,-0.35977767712511177
68.50000000000038,-3.0746753796606807,4315.87384151908,116.65177767297939,-0.1745,70.2548847491578,-11.212952058935597,0.165,-1.322769517199668,-0.35977767712511177
68.60000000000038,-3.0751611870108073,4322.900141530066,115.53041894401596,-0.1745,70.27111547057461,-11.214222520332841,0.165,-1.322769517199668,-0.35977767712511177
68.70000000000037,-3.0756481023501827,4329.9280612753055,114.40893376194009,-0.1745,70.2872794342091,-11.215481121184709,0.165,-1.322769517199668,-0.35977767712511177
68.80000000000037,-3.0761365737313655,4336.957594072463,113.28732318487201,-0.1745,70.30337650894228,-11.216730420176981,0.165,-1.322769517199668,-0.35977767712511177
68.90000000000036,-3.0766268808720247,4343.98873323333,112.16558806185942,-0.1745,70.31940670841274,-11.217972040074747,0.165,-1.322769517199668,-0.35977767712511177
69.00000000000036,-3.0771191971686855,4351.021472075622,111.04372910924702,-0.1745,70.33537013742792,-11.219207012173328,0.165,-1.322769517199668,-0.35977767712511177
69.10000000000035,-3.077613628880923,4358.055803930398,109.9217469589371,-0.1745,70.35126695808924,-11.220435994025166,0.165,-1.322769517199668,-0.35977767712511177
69.20000000000034,-3.0781102398870486,4365.091722146722,108.79964218888354,-0.1745,70.36709736838192,-11.221659407046078,0.165,-1.322769517199668,-0.35977767712511177
69.30000000000034,-3.078609067322084,4372.129220094573,107.6774153423576,-0.1745,70.38286158864489,-11.222877523472496,0.165,-1.322769517199668,-0.35977767712511177
69.40000000000033,-3.079110131454783,4379.168291166656,106.55506694011873,-0.1745,70.39855985302187,-11.22409052130483,0.165,-1.322769517199668,-0.35977767712511177
69.50000000000033,-3.0796134419251553,4386.20892877951,105.43259748810257,-0.1745,70.4141924040607,-11.225298519018391,0.165,-1.322769517199668,-0.35977767712511177
69.60000000000032,-3.0801190016830082,4393.251126374178,104.31000748227719,-0.1745,70.42975948930217,-11.226501597489394,0.165,-1.322769517199668,-0.35977767712511177
69.70000000000032,-3.080626809474487,4400.2948774166,103.18729741171056,-0.1745,70.44526135912594,-11.22769981384319,0.165,-1.322769517199668,-0.35977767712511177
69.80000000000031,-3.081136861411661,4407.340175397826,102.06446776050842,-0.1745,70.46069826539062,-11.228893210199487,0.165,-1.322769517199668,-0.35977767712511177
69.9000000000003,-3.081649151963133,4414.387013834124,100.94151900903873,-0.1745,70.47607046057566,-11.230081819194252,0.165,-1.322769517199668,-0.35977767712511177
70.0000000000003,-3.0821636745791094,4421.435386267015,99.81845163470572,-0.1745,70.49137819723998,-11.231265667465857,0.165,-1.322769517199668,-0.35977767712511177
70.10000000000029,-3.0826804220857245,4428.4852862632615,98.69526611243964,-0.1745,70.50662172768085,-11.232444777855692,0.165,-1.322769517199668,-0.35977767712511177
70.20000000000029,-3.0831993869337326,4435.536707414832,97.571962915007,-0.1745,70.52180130371903,-11.233619170797075,0.165,-1.322769517199668,-0.35977767712511177
70.30000000000028,-3.0837205613552725,4442.589643338846,96.44854251320757,-0.1745,70.53691717656379,-11.234788865191739,0.165,-1.322769517199668,-0.35977767712511177
70.40000000000028,-3.084243937462652,4449.6440876775105,95.32500537599984,-0.1745,70.55196959672824,-11.235953878962828,0.165,-1.322769517199668,-0.35977767712511177
70.50000000000027,-3.084769507310525,4456.700034098046,94.20135197058151,-0.1745,70.56695881397646,-11.237114229403758,0.165,-1.322769517199668,-0.35977767712511177
70.60000000000026,-3.085297262935,4463.757476292609,93.07758276244141,-0.1745,70.58188507729076,-11.238269933398222,0.165,-1.322769517199668,-0.35977767712511177
70.70000000000026,-3.085827196378177,4470.8164079782155,91.95369821539356,-0.1745,70.59674863485156,-11.239421007558908,0.165,-1.322769517199668,-0.35977767712511177
70.80000000000025,-3.086359299703512,4477.876822896659,90.82969879159987,-0.1745,70.61154973402527,-11.240567468314934,0.165,-1.322769517199668,-0.35977767712511177
70.90000000000025,-3.086893565005386,4484.938714814429,89.70558495158578,-0.1745,70.62628862135725,-11.241709331966913,0.165,-1.322769517199668,-0.35977767712511177
71.00000000000024,-2.24899198065897,4492.002077522625,88.58135715425135,-0.1745,70.64096554256788,-11.242846614721628,0.165,-1.322769517199668,-0.35977767712511177
71.10000000000024,-2.5619754391630654,4499.063109595927,87.60836931061291,-0.06225,70.57967592348334,-8.216910258046939,0.165,-1.322769517199668,-0.35977767712511177
71.20000000000023,-1.9245502324539567,4506.112727767569,86.73182229250209,-0.1745,70.41268750935197,-9.314030104169658,0.165,-1.322769517199668,-0.35977767712511177
71.30000000000022,-2.3579413745614595,4513.153069569964,85.91435248280598,-0.06225,70.39414853855115,-7.035366089752333,0.495,-1.322769517199668,-0.35977767712511177
71.40000000000022,-2.6333476740005595,4520.180381026331,85.1351853430823,-0.1745,70.15208058878066,-8.547976704721368,0.165,-1.322769517199668,-0.35977767712511177
71.50000000000021,-2.808344005156403,4527.188542466604,84.23236505502955,-0.1745,70.01114821668891,-9.50842905633379,0.165,-1.322769517199668,-0.35977767712511177
71.60000000000021,-2.919543852234912,4534.1856365124395,83.25100682547321,-0.1745,69.93073270001601,-10.118735534792979,0.165,-1.322769517199668,-0.35977767712511177
71.7000000000002,-2.9902343410372456,4541.176537339351,82.21973810775762,-0.1745,69.88728383821162,-10.50663881951898,0.165,-1.322769517199668,-0.35977767712511177
71.8000000000002,-3.035217155605526,4548.164236918946,81.15674253310233,-0.1745,69.86670775368326,-10.753272673586862,0.165,-1.322769517199668,-0.35977767712511177
71.90000000000019,-3.063893551647914,4555.1505919893,80.07356842539599,-0.1745,69.86039365340204,-10.910209480540065,0.165,-1.322769517199668,-0.35977767712511177
72.00000000000018,-3.0822309386858016,4562.1367621617,78.97754692625902,-0.1745,69.86300979460461,-11.010220502199287,0.165,-1.322769517199668,-0.35977767712511177
72.10000000000018,-3.094015215110943,4569.123473967795,77.87332999679519,-0.1745,69.87122632728232,-11.074118087077446,0.165,-1.322769517199668,-0.35977767712511177
72.20000000000017,-3.10164733330817,4576.111182898299,76.7638684640131,-0.1745,69.88295228281864,-11.115112568564493,0.165,-1.322769517199668,-0.35977767712511177
72.30000000000017,-3.106649469553412,4583.100174020071,75.6510335724614,-0.1745,69.89687015261852,-11.14158526246954,0.165,-1.322769517199668,-0.35977767712511177
72.40000000000016,-3.1099864240452786,4590.090624929661,74.53601171885535,-0.1745,69.91214803919223,-11.158851809651496,0.165,-1.322769517199668,-0.35977767712511177
72.50000000000016,-3.112269584686849,4597.082645332515,73.41955500061208,-0.1745,69.92826001789338,-11.170282555213992,0.165,-1.322769517199668,-0.35977767712511177
72.60000000000015,-2.9281201326561277,4604.076302002336,72.30214017607771,-0.1745,69.94487337851444,-11.178013935473261,0.165,-1.322769517199668,-0.35977767712511177
72.70000000000014,-2.9978088971491195,4611.074452327671,71.21691431701265,-0.1495,70.01813312818179,-10.526503245827966,0.165,-1.322769517199668,-0.35977767712511177
72.80000000000014,-3.042300816786417,4618.075233569015,70.15208993978176,-0.1745,69.99749169869489,-10.769984298790002,0.165,-1.322769517199668,-0.35977767712511177
72.90000000000013,-3.0701965485842804,4625.076281054081,69.0670671296346,-0.1745,70.02345800262256,-10.930471904153388,0.495,-1.322769517199668,-0.35977767712511177
73.00000000000013,-3.0880252262955428,4632.078743503214,67.9691512820455,-0.1745,70.0257909800452,-11.027845047628581,0.165,-1.322769517199668,-0.35977767712511177
73.10000000000012,-3.0994816219266648,4639.081712664995,66.86326043346303,-0.1745,70.0335922555777,-11.089971924020965,0.165,-1.322769517199668,-0.35977767712511177
73.20000000000012,-3.10690575278075,4646.0856330890465,65.75227305640875,-0.1745,70.04481622544183,-11.129775617064581,0.165,-1.322769517199668,-0.35977767712511177
73.30000000000011,-3.1117791871541045,4653.090782673137,64.63801207237796,-0.1745,70.05817545637878,-11.155444063551213,0.165,-1.322769517199668,-0.35977767712511177
73.4000000000001,-3.115039744113654,4660.097334347319,63.52163170586066,-0.1745,70.07285802725863,-11.17216326679474,0.165,-1.322769517199668,-0.35977767712511177
73.5000000000001,-3.117280931887287,4667.105394812867,62.4038626934506,-0.1745,70.08835128370649,-11.183216981406575,0.165,-1.322769517199668,-0.35977767712511177
73.6000000000001,-3.118878289100562,4674.1150289432,61.28516764486689,-0.1745,70.10433132294798,-11.190683990267573,0.165,-1.322769517199668,-0.35977767712511177
73.70000000000009,-3.1200693950601015,4681.126275181713,60.16583944484807,-0.1745,70.12059344732012,-11.195880010108816,0.165,-1.322769517199668,-0.35977767712511177
73.80000000000008,-3.1210045265313346,4688.139155269157,59.046063561931554,-0.1745,70.13700830155784,-11.199637648221408,0.165,-1.322769517199668,-0.35977767712511177
73.90000000000008,-3.1217787232266807,4695.153680392782,57.92595749407311,-0.1745,70.15349417095052,-11.20248370894748,0.165,-1.322769517199668,-0.35977767712511177
74.00000000000007,-3.1224520813553855,4702.169855074917,56.80559573556258,-0.1745,70.1699994717544,-11.204751461263234,0.165,-1.322769517199668,-0.35977767712511177
74.10000000000007,-3.1230625948169237,4709.1876796324395,55.685025576984096,-0.1745,70.18649167870291,-11.206651710306431,0.165,-1.322769517199668,-0.35977767712511177
74.20000000000006,-3.1236342794775815,4716.207151732446,54.56427710239722,-0.1745,70.20295032142191,-11.208317781431065,0.165,-1.322769517199668,-0.35977767712511177
74.30000000000005,-3.124182312412422,4723.228267376219,53.44336951393876,-0.1745,70.21936255405735,-11.209833987738152,0.165,-1.322769517199668,-0.35977767712511177
74.40000000000005,-3.124716282408009,4730.251021521554,52.32231513242402,-0.1745,70.23572035264263,-11.211253642556624,0.165,-1.322769517199668,-0.35977767712511177
74.50000000000004,-3.125242245571343,4737.275408476298,51.20112192755005,-0.1745,70.25201874224055,-11.21261045492292,0.165,-1.322769517199668,-0.35977767712511177
74.60000000000004,-3.125764025110021,4744.301422147189,50.079795117913136,-0.1745,70.2682546755751,-11.213925737815254,0.165,-1.322769517199668,-0.35977767712511177
74.70000000000003,-3.126284033081752,4751.329056197159,48.95833818266781,-0.1745,70.28442632381407,-11.215212967091285,0.165,-1.322769517199668,-0.35977767712511177
74.80000000000003,-3.1268037898514294,4758.358304144753,47.83675350109111,-0.1745,70.30053262807023,-11.216480664442631,0.165,-1.322769517199668,-0.35977767712511177
74.90000000000002,-3.1273242524138305,4765.389159426947,46.715042756856526,-0.1745,70.31657301581157,-11.217734220249103,0.165,-1.322769517199668,-0.35977767712511177
75.00000000000001,-3.127846021881886,4772.421615438816,45.59320719354469,-0.1745,70.33254722156809,-11.218977045987613,0.165,-1.322769517199668,-0.35977767712511177
75.10000000000001,-3.128369474594257,4779.455665558574,44.471247776111,-0.1745,70.34845517359241,-11.220211302686279,0.165,-1.322769517199668,-0.35977767712511177
75.2,-3.1288948449484226,4786.491303163365,43.34916529291027,-0.1745,70.36429692222244,-11.221438361328339,0.165,-1.322769517199668,-0.35977767712511177
75.3,-3.129422277727201,4793.528521639207,42.22696042015378,-0.1745,70.38007259460844,-11.22265909380149,0.165,-1.322769517199668,-0.35977767712511177
75.39999999999999,-3.129951861149534,4800.567314387243,41.10463376262687,-0.1745,70.39578236610566,-11.223874056736813,0.165,-1.322769517199668,-0.35977767712511177
75.49999999999999,-3.1304836477434383,4807.607674827658,39.982185879407346,-0.1745,70.41142644220041,-11.22508360765356,0.165,-1.322769517199668,-0.35977767712511177
75.59999999999998,-3.131017667526354,4814.649596402123,38.85961730010833,-0.1745,70.42700504709256,-11.226287978326685,0.165,-1.322769517199668,-0.35977767712511177
75.69999999999997,-3.1315539363268363,4821.693072575302,37.73692853513568,-0.1745,70.44251841648443,-11.227487321126285,0.165,-1.322769517199668,-0.35977767712511177
75.79999999999997,-3.132092461037901,4828.7380968357775,36.614120082165265,-0.1745,70.45796679302691,-11.228681738282017,0.165,-1.322769517199668,-0.35977767712511177
75.89999999999996,-3.1326332429328927,4835.784662696601,35.49119243023307,-0.1745,70.47335042344436,-11.229871300361804,0.165,-1.322769517199668,-0.35977767712511177
75.99999999999996,-3.1331762797581355,4842.832763695609,34.368146062318054,-0.1745,70.48866955671983,-11.231056057938462,0.165,-1.322769517199668,-0.35977767712511177
76.09999999999995,-3.1337215670533745,4849.882393395593,33.244981456973406,-0.1745,70.50392444294987,-11.232236048954514,0.165,-1.322769517199668,-0.35977767712511177
76.19999999999995,-3.134269098984841,4856.933545384371,32.12169908935714,-0.1745,70.51911533262222,-11.233411303370762,0.165,-1.322769517199668,-0.35977767712511177
76.29999999999994,-3.1348188688706857,4863.98621327481,30.998299431883606,-0.1745,70.53424247616046,-11.234581846100001,0.165,-1.322769517199668,-0.35977767712511177
76.39999999999993,-3.1353708695123284,4871.0403907048,29.874782954635695,-0.1745,70.5493061236372,-11.235747698858212,0.165,-1.322769517199668,-0.35977767712511177
76.49999999999993,-3.135925093403335,4878.0960713372115,28.751150125626157,-0.1745,70.5643065245937,-11.236908881332528,0.165,-1.322769517199668,-0.35977767712511177
76.59999999999992,-3.1364815328610245,4885.153248859838,27.627401410963632,-0.1745,70.57924392792663,-11.238065411918003,0.165,-1.322769517199668,-0.35977767712511177
76.69999999999992,-3.137040180109346,4892.211916985325,26.503537274958617,-0.1745,70.59411858181711,-11.239217308182289,0.165,-1.322769517199668,-0.35977767712511177
76.79999999999991,-3.1376010273310255,4899.2720694511,25.37955818019157,-0.1745,70.60893073368668,-11.240364587158671,0.165,-1.322769517199668,-0.35977767712511177
76.8999999999999,-3.138164066700317,4906.333700019292,24.255464587557096,-0.1745,70.62368063016997,-11.241507265530794,0.165,-1.322769517199668,-0.35977767712511177
76.9999999999999,-3.1387292904035458,4913.3968024766555,23.131256956293104,-0.1745,70.63836851709814,-11.24264535974908,0.165,-1.322769517199668,-0.35977767712511177
77.0999999999999,-3.1392966906519377,4920.461370634484,22.006935744000447,-0.1745,70.65299463948897,-11.243778886104081,0.165,-1.322769517199668,-0.35977767712511177
77.19999999999989,-3.139866259689601,4927.527398328536,20.882501406656612,-0.1745,70.6675592415412,-11.244907860772656,0.165,-1.322769517199668,-0.35977767712511177
77.29999999999988,-3.1404379897984436,4934.594879418944,19.75795439862563,-0.1745,70.68206256663159,-11.246032299847027,0.165,-1.322769517199668,-0.35977767712511177
77.39999999999988,-3.1410118733011605,4941.663807790142,18.633295172665626,-0.1745,70.69650485731361,-11.247152219353035,0.165,-1.322769517199668,-0.35977767712511177
77.49999999999987,-2.301839232370068,4948.734177350773,17.508524179934895,-0.1745,70.71088635531729,-11.248267635261596,0.165,-1.322769517199668,-0.35977767712511177
77.59999999999987,-0.9522296061351319,4955.803842712249,16.53518214098886,-0.06225,70.68242087419786,-8.218573143659146,0.495,-1.322769517199668,-0.35977767712511177
77.69999999999986,-0.9330918832971584,4962.835799725368,15.955347241007313,0.04999999999999999,69.95671938817233,-3.3781248559717643,0.8300000000000001,-1.322769517199668,-0.35977767712511177
77.79999999999986,-1.745307563933186,4969.827166861854,15.621139491895432,-0.06225,69.87062334154865,-3.3060301262658713,0.165,-1.322769517199668,-0.35977767712511177
77.89999999999985,-2.2659346294256744,4976.789138404187,15.150267923764382,-0.1745,69.3688075051115,-6.111401236355144,0.165,-1.322769517199668,-0.35977767712511177
77.99999999999984,-2.5998262928395537,4983.711499597123,14.449667848228682,-0.1745,69.07841635361827,-7.9006002743588475,0.165,-1.322769517199668,-0.35977767712511177
78.09999999999984,-2.813919563581671,4990.610891116144,13.602302908764653,-0.1745,68.90941402679255,-9.046698514921726,0.165,-1.322769517199668,-0.35977767712511177
78.19999999999983,-2.9511661414075654,4997.497005683168,12.660879018470007,-0.1745,68.81287731370185,-9.781779290971192,0.165,-1.322769517199668,-0.35977767712511177
78.29999999999983,-3.0391486489846957,5004.375683107741,11.659119535689713,-0.1745,68.76067117774551,-10.253410364634696,0.165,-1.322769517199668,-0.35977767712511177
78.39999999999982,-3.095570440992697,5011.250516889343,10.618643677254974,-0.1745,68.73600445429292,-10.556106804060102,0.165,-1.322769517199668,-0.35977767712511177
78.49999999999982,-3.1317848432838975,5018.123747522938,9.553312657809483,-0.1745,68.7286082176125,-10.750513584849719,0.165,-1.322769517199668,-0.35977767712511177
78.59999999999981,-3.1550673999162053,5024.996782976842,8.472009942867523,-0.1745,68.73210086046214,-10.875540713989508,0.165,-1.322769517199668,-0.35977767712511177
78.6999999999998,-2.3531649827600223,5031.870511770374,7.380425981543169,-0.1745,68.7424750101698,-10.956138512497565,0.165,-1.322769517199668,-0.35977767712511177
78.7999999999998,-2.659451868331524,5038.743543874415,6.425579768435364,-0.06225,68.71816707065236,-8.140785749658537,0.495,-1.322769517199668,-0.35977767712511177
78.89999999999979,-2.856317682856266,5045.607875719061,5.559167449603543,-0.1745,68.56846982225711,-9.187460626977884,0.165,-1.322769517199668,-0.35977767712511177
78.99999999999979,-2.9828207445084938,5052.46049418916,4.606764829830789,-0.1745,68.48389957974099,-9.860591768477203,0.165,-1.322769517199668,-0.35977767712511177
79.09999999999978,-3.0641075668420448,5059.30665980011,3.599054061496827,-0.1745,68.43941263924714,-10.293623598202041,0.165,-1.322769517199668,-0.35977767712511177
79.19999999999978,-3.1163571362005174,5066.149627520754,2.5557577316194493,-0.1745,68.41994177362666,-10.572302999345517,0.165,-1.322769517199668,-0.35977767712511177
79.29999999999977,-3.1499701710392842,5072.991435426059,1.4895527607383123,-0.1745,68.41621633248806,-10.751796418277221,0.165,-1.322769517199668,-0.35977767712511177
79.39999999999976,-10000.0,5079.833368621204,0.40858357682327306,-0.1745,68.42244757040139,-10.867587260023566,0.165,-1.322769517199668,-0.35977767712511177
