t,reward,x,y,theta,vx,vy,throttle,wind_vx,wind_vy
0.0,0.0,55.40650221141699,557.4396851382455,0.019905222884943785,37.643212578854175,5.679169487558163,0.5,-3.4107362332621296,3.366504883955716
0.1,-2.4695350997211465,55.40650221141699,557.4396851382455,0.019905222884943785,37.643212578854175,5.679169487558163,0.5,-3.4107362332621296,3.366504883955716
0.2,-1.392640580507944,59.16462536081249,557.9209339883093,-0.0923447771150562,37.519250409055765,3.945807513717543,0.165,-3.4107362332621296,3.366504883955716
0.30000000000000004,-0.5238039368145517,62.903398944735635,558.2131710700268,-0.1745,37.256221269407185,1.8989341206298822,0.165,-3.4107362332621296,3.366504883955716
0.4,-0.17283213900416844,66.62090583470108,558.3219869055732,-0.1745,37.09391652990175,0.2773825903003513,0.165,-3.4107362332621296,3.366504883955716
0.5,-0.7283813427401659,70.32566957149864,558.285234450001,-0.1745,37.001358206049524,-1.012431701744833,0.165,-3.4107362332621296,3.366504883955716
0.6,-1.1693086308187326,74.02365681848438,558.1326340051052,-0.1745,36.958386733665385,-2.039577196171721,0.165,-3.4107362332621296,3.366504883955716
0.7,-1.5177561451286639,77.71914545924079,557.8877939082017,-0.1745,36.9513860814627,-2.857224741896016,0.165,-3.4107362332621296,3.366504883955716
0.7999999999999999,-1.7920068894978045,81.41525945736923,557.5695659960483,-0.1745,36.97089388110614,-3.5073335011735307,0.165,-3.4107362332621296,3.366504883955716
0.8999999999999999,-2.007001336086027,85.11431334217036,557.1930270676168,-0.1745,37.010183814916395,-4.023445067456406,0.165,-3.4107362332621296,3.366504883955716
0.9999999999999999,-2.174848970166686,88.81804179501825,556.7702288382163,-0.1745,37.06438524204115,-4.432519520552824,0.165,-3.4107362332621296,3.366504883955716
1.0999999999999999,-2.3053013164824785,92.52775688176168,556.3107902363926,-0.1745,37.129916492827526,-4.7562525159234585,0.165,-3.4107362332621296,3.366504883955716
1.2,-2.4061706209893425,96.24445817784893,555.822373415167,-0.1745,37.204109428917505,-5.012083908587524,0.165,-3.4107362332621296,3.366504883955716
1.3,-2.4836895784664774,99.96891138383532,555.311069127265,-0.1745,37.284954690810444,-5.214001849452333,0.165,-3.4107362332621296,3.366504883955716
1.4000000000000001,-2.5428139690960205,103.70170537945124,554.7817091883144,-0.1745,37.37092522150801,-5.373196929559227,0.165,-3.4107362332621296,3.366504883955716
1.5000000000000002,-2.5874733819285995,107.44329422752024,554.2381194275981,-0.1745,37.46085173987202,-5.498598284765886,0.165,-3.4107362332621296,3.366504883955716
1.6000000000000003,-2.6207765588264555,111.19402848421852,553.6833238591638,-0.1745,37.5538333940935,-5.597313083919485,0.165,-3.4107362332621296,3.366504883955716
1.7000000000000004,-2.6451781089668787,114.95417878802547,553.1197089210905,-0.1745,37.64917268204543,-5.674985677546678,0.165,-3.4107362332621296,3.366504883955716
1.8000000000000005,-2.6626129496097017,118.72395379222323,552.5491551484266,-0.1745,37.74632740190959,-5.736089775729397,0.165,-3.4107362332621296,3.366504883955716
1.9000000000000006,-2.6746041484583043,122.50351389983456,551.9731424088178,-0.1745,37.8448747503171,-5.784165016447626,0.165,-3.4107362332621296,3.366504883955716
2.0000000000000004,-2.6823490672064505,126.29298184824546,551.3928337754442,-0.1745,37.94448421790085,-5.822007651025537,0.165,-3.4107362332621296,3.366504883955716
2.1000000000000005,-2.6867879402080685,130.09245090643134,550.8091422113735,-0.1745,38.044896945816525,-5.851823630388005,0.165,-3.4107362332621296,3.366504883955716
2.2000000000000006,-2.688658319822102,133.90199124809712,550.2227834759472,-0.1745,38.145909887499,-5.875351078138049,0.165,-3.4107362332621296,3.366504883955716
2.3000000000000007,-2.688538203131017,137.72165492167846,549.6343180230378,-0.1745,38.24736358412793,-5.893957980048576,0.165,-3.4107362332621296,3.366504883955716
2.400000000000001,-2.686880128175835,141.55147973507638,549.0441841286779,-0.1745,38.34913268383033,-5.9087199071499095,0.165,-3.4107362332621296,3.366504883955716
2.500000000000001,-2.6840380871050584,145.39149229731402,548.4527240473535,-0.1745,38.45111856092235,-5.92048171933872,0.165,-3.4107362332621296,3.366504883955716
2.600000000000001,-2.680288739870792,149.2417104030209,547.8602046383661,-0.1745,38.55324355321542,-5.929906460409804,0.165,-3.4107362332621296,3.366504883955716
2.700000000000001,-2.6758481149795066,153.1021449033187,547.2668336132814,-0.1745,38.655446452740655,-5.9375140412854694,0.165,-3.4107362332621296,3.366504883955716
2.800000000000001,-2.6708847430046587,156.97280117453403,546.6727723211466,-0.1745,38.7576789715661,-5.943711801409957,0.165,-3.4107362332621296,3.366504883955716
2.9000000000000012,-2.6655299745881953,160.85368027154732,546.0781457998901,-0.1745,38.85990296869984,-5.948818623719684,0.165,-3.4107362332621296,3.366504883955716
3.0000000000000013,-2.6598860791276255,164.74477983360927,545.4830506716092,-0.1745,38.96208827253896,-5.953083941897921,0.165,-3.4107362332621296,3.366504883955716
3.1000000000000014,-2.654032596107622,168.6460947957462,544.8875613391792,-0.1745,39.06421097019974,-5.956702706703275,0.165,-3.4107362332621296,3.366504883955716
3.2000000000000015,-2.6480313120910948,172.5576179474237,544.2917348458659,-0.1745,39.1662520633502,-5.959827159562151,0.165,-3.4107362332621296,3.366504883955716
3.3000000000000016,-2.6419301577777183,176.47934037119163,543.6956146835613,-0.1745,39.26819641200823,-5.962576086529864,0.165,-3.4107362332621296,3.366504883955716
3.4000000000000017,-2.635766257214478,180.4112517870283,543.0992337749391,-0.1745,39.37003190472533,-5.965042085914473,0.165,-3.4107362332621296,3.366504883955716
3.5000000000000018,-2.629568311914573,184.35334082260442,542.5026168070688,-0.1745,39.47174880679677,-5.96729727149231,0.165,-3.4107362332621296,3.366504883955716
3.600000000000002,-2.6233584636554994,188.30559522536828,541.9057820562581,-0.1745,39.573339248480075,-5.969397744721363,0.165,-3.4107362332621296,3.366504883955716
3.700000000000002,-2.6171537489553565,192.2680020289579,541.3087428140662,-0.1745,39.67479682331272,-5.971387099116416,0.165,-3.4107362332621296,3.366504883955716
3.800000000000002,-2.610967233965425,196.24054768377303,540.7115085008955,-0.1745,39.77611627298988,-5.973299164297223,0.165,-3.4107362332621296,3.366504883955716
3.900000000000002,-2.6048088994090266,200.22321815943621,540.1140855350214,-0.1745,39.87729324027387,-5.975160153185709,0.165,-3.4107362332621296,3.366504883955716
4.000000000000002,-2.5986863301611542,204.21599902521746,539.5164780103108,-0.1745,39.9783240753509,-5.976990341025919,0.165,-3.4107362332621296,3.366504883955716
4.100000000000001,-2.5926052522428855,208.2188755131929,538.9186882243883,-0.1745,40.07920568415798,-5.9788053774241305,0.165,-3.4107362332621296,3.366504883955716
4.200000000000001,-2.586569950719315,212.23183256788332,538.3207170899703,-0.1745,40.17993540965028,-5.9806173109351395,0.165,-3.4107362332621296,3.366504883955716
4.300000000000001,-2.580583594701552,216.2548548853112,537.7225644549915,-0.1745,40.28051093890751,-5.982435388643049,0.165,-3.4107362332621296,3.366504883955716
4.4,-2.574648489937264,220.28792694378143,537.1242293515724,-0.1745,40.38093023049728,-5.984266679738568,0.165,-3.4107362332621296,3.366504883955716
4.5,-2.5687662749941795,224.33103302819177,536.5257101895096,-0.1745,40.481191457709386,-5.986116561516258,0.165,-3.4107362332621296,3.366504883955716
4.6,-2.562938073532382,228.3841572492881,535.9270049065389,-0.1745,40.58129296421727,-5.987989097899059,0.165,-3.4107362332621296,3.366504883955716
4.699999999999999,-2.55716461241526,232.44728355897215,535.3281110849407,-0.1745,40.6812332294636,-5.9898873340648775,0.165,-3.4107362332621296,3.366504883955716
4.799999999999999,-2.55144631326139,236.52039576252784,534.7290260419563,-0.1745,40.78101084165026,-5.991813525622197,0.165,-3.4107362332621296,3.366504883955716
4.899999999999999,-2.5457833633611973,240.6034775284439,534.1297468998373,-0.1745,40.88062447667101,-5.9937693167593995,0.165,-3.4107362332621296,3.366504883955716
4.999999999999998,-2.540175770571311,244.69651239636173,533.5302706400673,-0.1745,40.980072881685395,-5.995755878639651,0.165,-3.4107362332621296,3.366504883955716
5.099999999999998,-2.535575016408231,248.79948378356173,532.9305941452932,-0.1745,41.07935486231478,-5.9977740168435485,0.165,-3.4107362332621296,3.366504883955716
5.1999999999999975,-2.4027525841750568,252.915649495098,532.3301369593372,-0.1745,41.2439593684106,-6.011369702275245,0.8300000000000001,-3.4107362332621296,3.366504883955716
5.299999999999997,-2.426412916032075,257.0466128164799,531.7420967491186,-0.1495,41.375307059227424,-5.749434502097842,0.495,-3.4107362332621296,3.366504883955716
5.399999999999997,-2.443273745754162,261.1887028384259,531.1640551124818,-0.1745,41.466493379692366,-5.811398230637109,0.165,-3.4107362332621296,3.366504883955716
5.4999999999999964,-2.4549380346283183,265.3399906912684,530.5805151869018,-0.1745,41.559263677157396,-5.859400280961978,0.165,-3.4107362332621296,3.366504883955716
5.599999999999996,-2.462637012185695,269.50061412894104,529.9927108303968,-0.1745,41.6532050762955,-5.896686849137552,0.165,-3.4107362332621296,3.366504883955716
5.699999999999996,-2.4673153713233913,273.6706744682585,529.4015885697789,-0.1745,41.74800171005344,-5.925758363219728,0.165,-3.4107362332621296,3.366504883955716
5.799999999999995,-2.469697242663429,277.8502451347582,528.8078737184031,-0.1745,41.84341161994092,-5.94853866429627,0.165,-3.4107362332621296,3.366504883955716
5.899999999999995,-2.4703371824382194,282.03937818026907,528.2121214619679,-0.1745,41.93924929027576,-5.966506464408586,0.165,-3.4107362332621296,3.366504883955716
5.999999999999995,-2.469659512319943,286.2381092639457,527.6147562749231,-0.1745,42.03537238325751,-5.980797276484868,0.165,-3.4107362332621296,3.366504883955716
6.099999999999994,-2.4679886289864985,290.4464614646292,527.0161022957863,-0.1745,42.13167163041194,-5.992282306253929,0.165,-3.4107362332621296,3.366504883955716
6.199999999999994,-2.465572327474457,294.66444820165356,526.4164067095454,-0.1745,42.22806311007517,-6.001629418562801,0.165,-3.4107362332621296,3.366504883955716
6.299999999999994,-2.4625997290564032,298.8920754740125,525.8158577292305,-0.1745,42.324482337103355,-6.009350187735121,0.165,-3.4107362332621296,3.366504883955716
6.399999999999993,-2.459215048295577,303.1293435775637,525.2145984115741,-0.1745,42.42087973392077,-6.015836165393,0.165,-3.4107362332621296,3.366504883955716
6.499999999999993,-1.8767177120181118,307.3762484221232,524.6127372629443,-0.1745,42.51721715726897,-6.0213868072034185,0.165,-3.4107362332621296,3.366504883955716
6.5999999999999925,-2.0153013583053028,311.6295135060271,524.0733749754617,-0.06225,42.54808452080861,-4.765858942448601,0.8300000000000001,-3.4107362332621296,3.366504883955716
6.699999999999992,-2.1196348216886407,315.8871446262364,523.5815455359937,-0.1745,42.60453788337815,-5.070729846912158,0.165,-3.4107362332621296,3.366504883955716
6.799999999999992,-2.197815945036406,320.1509098997658,523.0628161309724,-0.1745,42.67076758720895,-5.303858253514531,0.165,-3.4107362332621296,3.366504883955716
6.8999999999999915,-2.2560652283978486,324.4216616267203,522.5235198422164,-0.1745,42.74426695188155,-5.48206752160554,0.165,-3.4107362332621296,3.366504883955716
6.999999999999991,-2.16934879464561,328.70003408529965,521.9685013249102,-0.1745,42.823182219704734,-5.6183028245178415,0.165,-3.4107362332621296,3.366504883955716
7.099999999999991,-2.2325348286321356,332.9884376496715,521.415372875423,-0.1495,42.944889067732234,-5.444266165225258,0.495,-3.4107362332621296,3.366504883955716
7.19999999999999,-2.2793252983931964,337.2867780997931,520.8635852226275,-0.1745,43.02191993469991,-5.591486890683795,0.165,-3.4107362332621296,3.366504883955716
7.29999999999999,-2.3136715445732845,341.5930429051736,520.2988146504458,-0.1745,43.10337617291019,-5.703924552950115,0.165,-3.4107362332621296,3.366504883955716
7.39999999999999,-2.338585939967613,345.9076177845996,519.7241243822388,-0.1745,43.188121415609935,-5.7898808111917734,0.165,-3.4107362332621296,3.366504883955716
7.499999999999989,-2.356361396223297,350.23078902307,519.1418453008006,-0.1745,43.2753033537975,-5.855700817570858,0.165,-3.4107362332621296,3.366504883955716
7.599999999999989,-2.2371177553643347,354.5627682202055,518.5537489197441,-0.1745,43.3642805889134,-5.906226803559829,0.165,-3.4107362332621296,3.366504883955716
7.699999999999989,-2.278289318574869,358.90394047764437,517.975702960797,-0.1495,43.45916455986353,-5.654692375381293,0.165,-3.4107362332621296,3.366504883955716
7.799999999999988,-2.308331309418343,363.25395757772077,517.405178475289,-0.1745,43.54117744166429,-5.755797334779429,0.165,-3.4107362332621296,3.366504883955716
7.899999999999988,-2.3299641799692488,367.61232399375865,516.8257404506592,-0.1745,43.626150879093174,-5.832963157817044,0.165,-3.4107362332621296,3.366504883955716
7.999999999999988,-2.345251960153037,371.979296901264,516.2394931688228,-0.1745,43.71330727101343,-5.891982478909194,0.165,-3.4107362332621296,3.366504883955716
8.099999999999987,-2.355758666662952,376.35506538128317,515.6480309795822,-0.1745,43.802062329370735,-5.937261305903677,0.165,-3.4107362332621296,3.366504883955716
8.199999999999987,-2.3626681123572704,380.7397673013093,515.052560582262,-0.1745,43.89197607115244,-5.972146640500448,0.165,-3.4107362332621296,3.366504883955716
8.299999999999986,-2.3668754346162983,385.13350193814745,514.4539943447243,-0.1745,43.98271666560998,-5.999178110253745,0.165,-3.4107362332621296,3.366504883955716
8.399999999999986,-1.7726261286632647,389.5363394503236,513.8530214019762,-0.1745,44.074033577913625,-6.020280744707197,0.165,-3.4107362332621296,3.366504883955716
8.499999999999986,-1.9241729211614709,393.94529421313774,513.3173118355279,-0.06225,44.10506167836853,-4.693910584258251,0.8300000000000001,-3.4107362332621296,3.366504883955716
8.599999999999985,-2.0374046816371463,398.3581591209151,512.83076953085,-0.1745,44.15223647717839,-5.036935509299421,0.165,-3.4107362332621296,3.366504883955716
8.699999999999985,-2.1216583674389398,402.7763262991477,512.3140871440977,-0.1745,44.211107087472925,-5.296712225747396,0.165,-3.4107362332621296,3.366504883955716
8.799999999999985,-2.1840373487121587,407.2008105305139,511.7745817277807,-0.1745,44.278577539850474,-5.493396100592783,0.165,-3.4107362332621296,3.366504883955716
8.899999999999984,-2.229930975111634,411.6323587669934,511.2177950782942,-0.1745,44.35238718973934,-5.642336889136597,0.165,-3.4107362332621296,3.366504883955716
8.999999999999984,-2.2634190918668717,416.0715217456871,510.64791815478145,-0.1745,44.43087238413525,-5.755201581118962,0.165,-3.4107362332621296,3.366504883955716
9.099999999999984,-2.287584576900867,420.5187054385379,510.06811600007876,-0.1745,44.512801472880554,-5.840841512934597,0.165,-3.4107362332621296,3.366504883955716
9.199999999999983,-2.304753395233063,424.9742084381595,509.48077589333695,-0.1745,44.59725851955143,-5.905960621901439,0.165,-3.4107362332621296,3.366504883955716
9.299999999999983,-2.3166781413679076,429.438249369111,508.8876964182137,-0.1745,44.683560099479294,-5.955628880563783,0.165,-3.4107362332621296,3.366504883955716
9.399999999999983,-2.324677873330541,433.9109871259915,508.2902311978851,-0.1745,44.7711950381303,-5.993675526008854,0.165,-3.4107362332621296,3.366504883955716
9.499999999999982,-2.329744346278912,438.3925358946948,507.68939795456185,-0.1745,44.859780335935646,-6.022989340456051,0.165,-3.4107362332621296,3.366504883955716
9.599999999999982,-2.332622536480459,442.88297634569415,507.0859611194563,-0.1745,44.94902868405175,-6.04574736165595,0.165,-3.4107362332621296,3.366504883955716
9.699999999999982,-2.333871564650086,447.3823639989796,506.48049431655966,-0.1745,45.03872438165783,-6.063588696276018,0.165,-3.4107362332621296,3.366504883955716
9.799999999999981,-2.333910718740646,451.890735488195,505.8734275634946,-0.1745,45.12870540264961,-6.07774636502511,0.165,-3.4107362332621296,3.366504883955716
9.89999999999998,-2.333054175126963,456.40811325822125,505.2650828875864,-0.1745,45.218849997875715,-6.089147153138681,0.165,-3.4107362332621296,3.366504883955716
9.99999999999998,-2.3315371638306184,460.9345090912319,504.6557011736024,-0.1745,45.309066662337194,-6.098487126541911,0.165,-3.4107362332621296,3.366504883955716
10.09999999999998,-2.32953566641047,465.46992675484694,504.04546238347655,-0.1745,45.39928660996324,-6.1062886759751756,0.165,-3.4107362332621296,3.366504883955716
10.19999999999998,-2.3271812316876814,470.014363991502,503.43450077157405,-0.1745,45.48945812313816,-6.1129435620743395,0.165,-3.4107362332621296,3.366504883955716
10.29999999999998,-2.18768300692564,474.56781401301583,502.8229163251669,-0.1745,45.57954230713837,-6.118745366069052,0.165,-3.4107362332621296,3.366504883955716
10.399999999999979,-2.2201862679726867,479.1322584760796,502.2264247246931,-0.1495,45.70934695413717,-5.811086643406688,0.495,-3.4107362332621296,3.366504883955716
10.499999999999979,-2.2435133218736385,483.70714791967936,501.6410718064153,-0.1745,45.78844191785823,-5.895971722149683,0.165,-3.4107362332621296,3.366504883955716
10.599999999999978,-2.2600105769151595,488.2900769228208,501.0482696478935,-0.1745,45.87013814497041,-5.9600714482861115,0.165,-3.4107362332621296,3.366504883955716
10.699999999999978,-2.271430927607353,492.88126956377954,500.44983338324016,-0.1745,45.95371467420486,-6.0086538447811195,0.165,-3.4107362332621296,3.366504883955716
10.799999999999978,-2.2790824394003244,497.48088713420026,499.8471175402628,-0.1745,46.038636734209895,-6.045663014766903,0.165,-3.4107362332621296,3.366504883955716
10.899999999999977,-2.28394027465934,502.0890443208499,499.24113196040463,-0.1745,46.1245069987829,-6.074048582396125,0.165,-3.4107362332621296,3.366504883955716
10.999999999999977,-2.2867307667099195,506.7058211671669,498.6326288187454,-0.1745,46.21102992755693,-6.096014250788563,0.165,-3.4107362332621296,3.366504883955716
11.099999999999977,-2.287994462110998,511.33127194001344,498.0221678588527,-0.1745,46.29798552937393,-6.113204947065757,0.165,-3.4107362332621296,3.366504883955716
11.199999999999976,-2.2881333235921364,515.9654317152837,497.41016523745657,-0.1745,46.3852099760314,-6.12684748085634,0.165,-3.4107362332621296,3.366504883955716
11.299999999999976,-2.2874460295871506,520.6083212757513,496.7969300581359,-0.1745,46.47258123332098,-6.137856105556849,0.165,-3.4107362332621296,3.366504883955716
11.399999999999975,-2.286154343787536,525.259950756791,496.18269167095036,-0.1745,46.560008387471356,-6.146911638153924,0.165,-3.4107362332621296,3.366504883955716
11.499999999999975,-2.284422795061338,529.9203223614016,495.56762005432296,-0.1745,46.64742370474092,-6.154520694394066,0.165,-3.4107362332621296,3.366504883955716
11.599999999999975,-2.28237335217416,534.5894323825679,494.9518410199658,-0.1745,46.734776718583646,-6.161059992749101,0.165,-3.4107362332621296,3.366504883955716
11.699999999999974,-2.280096357602233,539.2672727097054,494.33544754727166,-0.1745,46.82202982416536,-6.166809461133865,0.165,-3.4107362332621296,3.366504883955716
11.799999999999974,-2.2776586680197766,543.9538319506688,493.7185082264167,-0.1745,46.90915499510268,-6.171976955965581,0.165,-3.4107362332621296,3.366504883955716
11.899999999999974,-2.2751097108071314,548.6490962672474,493.10107354339766,-0.1745,46.9961313364679,-6.176716704415101,0.165,-3.4107362332621296,3.366504883955716
11.999999999999973,-2.272485987024085,553.3530499971357,492.4831805554924,-0.1745,47.082943261298084,-6.181143053689463,0.165,-3.4107362332621296,3.366504883955716
12.099999999999973,-2.26981441713744,558.0656761168049,491.8648563670869,-0.1745,47.16957913208524,-6.185340714421507,0.165,-3.4107362332621296,3.366504883955716
12.199999999999973,-2.267114825312693,562.7869565858607,491.24612071201636,-0.1745,47.2560302490321,-6.189372386988943,0.165,-3.4107362332621296,3.366504883955716
12.299999999999972,-2.2644017829022847,567.516872603156,490.6269878708833,-0.1745,47.342290096873185,-6.193284435672468,0.165,-3.4107362332621296,3.366504883955716
12.399999999999972,-2.261685975568689,572.2554047972218,490.00746809371725,-0.1745,47.428353784441356,-6.1971111076483645,0.165,-3.4107362332621296,3.366504883955716
12.499999999999972,-2.2589752165120784,577.002533367837,489.38756865493406,-0.1745,47.51421762786252,-6.20087766801523,0.165,-3.4107362332621296,3.366504883955716
12.599999999999971,-2.256275196952814,581.7582381912667,488.76729463513846,-0.1745,47.59987884073119,-6.204602727896727,0.165,-3.4107362332621296,3.366504883955716
12.69999999999997,-2.2535900416640278,586.5224988984999,488.14664950013145,-0.1745,47.685335303932,-6.208299972243385,0.165,-3.4107362332621296,3.366504883955716
12.79999999999997,-2.2509227199460016,591.2952949334327,487.52563552945264,-0.1745,47.7705853947258,-6.211979441332234,0.165,-3.4107362332621296,3.366504883955716
12.89999999999997,-2.248275349474282,596.0766055961645,486.90425413335277,-0.1745,47.855627859910726,-6.215648480665498,0.165,-3.4107362332621296,3.366504883955716
12.99999999999997,-2.2462709864488057,600.8664100752472,486.28250608708726,-0.1745,47.94046172174303,-6.2193124446444985,0.165,-3.4107362332621296,3.366504883955716
13.09999999999997,-2.2431945219743716,605.6663124139694,485.66010523798695,-0.1745,48.05758505269959,-6.2287045373617245,0.495,-3.4107362332621296,3.366504883955716
13.199999999999969,-2.24027081408041,610.4762953599541,485.03710912068027,-0.1745,48.142073866992234,-6.231217808772399,0.165,-3.4107362332621296,3.366504883955716
13.299999999999969,-2.237465630186027,615.2947145662157,484.41384607017596,-0.1745,48.22631025824136,-6.2340432013134315,0.165,-3.4107362332621296,3.366504883955716
13.399999999999968,-2.2347537869033745,620.1215453249679,483.79028890908864,-0.1745,48.31030491680255,-6.237100020433419,0.165,-3.4107362332621296,3.366504883955716
13.499999999999968,-2.2321167519764904,624.9567638542045,483.16641746366986,-0.1745,48.39406566793074,-6.24032888794244,0.165,-3.4107362332621296,3.366504883955716
13.599999999999968,-2.2308037683909694,629.8003470489323,482.5422167132317,-0.1745,48.4775982266252,-6.2436861208202465,0.165,-3.4107362332621296,3.366504883955716
13.699999999999967,-2.2273370715801537,634.6555468028066,481.91709815552093,-0.1745,48.62639685086191,-6.258685033395732,0.8300000000000001,-3.4107362332621296,3.366504883955716
13.799999999999967,-2.2241746407339162,639.5223482531251,481.2911692968471,-0.1745,48.70963215550784,-6.259892140081224,0.165,-3.4107362332621296,3.366504883955716
13.899999999999967,-2.221240517093357,644.3974580016444,480.66508557398805,-0.1745,48.792562814877904,-6.261782317099767,0.165,-3.4107362332621296,3.366504883955716
13.999999999999966,-2.218479121524326,649.2808468115602,480.0387877659511,-0.1745,48.87521338343842,-6.26417384363893,0.165,-3.4107362332621296,3.366504883955716
14.099999999999966,-2.2158497935311083,654.1724875723683,479.4122323933015,-0.1745,48.957601832722304,-6.266933609353192,0.165,-3.4107362332621296,3.366504883955716
14.199999999999966,-2.213322787788324,659.0723547290773,478.78538750528736,-0.1745,49.03974130145988,-6.269964150930276,0.165,-3.4107362332621296,3.366504883955716
14.299999999999965,-2.210876340759092,663.9804238633212,478.15822959117133,-0.1745,49.1216413834176,-6.273194131390162,0.165,-3.4107362332621296,3.366504883955716
14.399999999999965,-1.5547054757633525,668.8966713862065,477.5307413170216,-0.1745,49.20330907428934,-6.276571351604395,0.165,-3.4107362332621296,3.366504883955716
14.499999999999964,-1.7335433358641286,673.8150774594599,476.985020472705,-0.06225,49.16481239077801,-4.637845534727669,0.165,-3.4107362332621296,3.366504883955716
14.599999999999964,-1.8633595868507005,678.7324373512697,476.4989833613902,-0.1745,49.1823854454189,-5.082896691569216,0.165,-3.4107362332621296,3.366504883955716
14.699999999999964,-1.3041757605320656,683.6524516207637,475.97439316704816,-0.1745,49.21789994446055,-5.4089071952711745,0.165,-3.4107362332621296,3.366504883955716
14.799999999999963,-1.5514036952270334,688.5727113901601,475.5031009213271,-0.06225,49.18729544346675,-4.016937719151076,0.165,-3.4107362332621296,3.366504883955716
14.899999999999963,-1.7313656571483333,693.4910120393258,475.0708409969771,-0.1745,49.17871753984927,-4.628260767848029,0.165,-3.4107362332621296,3.366504883955716
14.999999999999963,-1.20913447210485,698.4097384249482,474.5856199788626,-0.1745,49.1958101725979,-5.076159594441699,0.165,-3.4107362332621296,3.366504883955716
15.099999999999962,-1.4821837151350086,703.3312315633542,474.1426408821602,-0.06225,49.23405259552278,-3.7834223396068767,0.8300000000000001,-3.4107362332621296,3.366504883955716
15.199999999999962,-1.6810680161035831,708.2536893787592,473.7305683234156,-0.1745,49.215103712577225,-4.458028835285864,0.165,-3.4107362332621296,3.366504883955716
15.299999999999962,-1.8255272198633454,713.1756908075189,473.26005517699815,-0.1745,49.22492486261662,-4.952234093062292,0.165,-3.4107362332621296,3.366504883955716
15.399999999999961,-1.9301462578848638,718.0996841394614,472.7467360321551,-0.1745,49.25494177623202,-5.314148803797837,0.165,-3.4107362332621296,3.366504883955716
15.499999999999961,-2.0056607123552994,723.0273936225273,472.20207022727016,-0.1745,49.29924788508572,-5.5791672939012855,0.165,-3.4107362332621296,3.366504883955716
15.59999999999996,-2.0599491173785047,727.9600417341626,471.6344464121312,-0.1745,49.35371434762101,-5.773309008877837,0.165,-3.4107362332621296,3.366504883955716
15.69999999999996,-2.0987795414707384,732.8984986059587,471.0499972681325,-0.1745,49.41542308830111,-5.915673871096522,0.165,-3.4107362332621296,3.366504883955716
15.79999999999996,-2.1263668632296904,737.8433845027531,470.4532005784483,-0.1745,49.48229484758676,-6.0202599225877504,0.165,-3.4107362332621296,3.366504883955716
15.89999999999996,-2.1457862130344187,742.7951412047131,469.84732206140086,-0.1745,49.55283919161341,-6.097310418360253,0.165,-3.4107362332621296,3.366504883955716
15.99999999999996,-2.1592782744531944,747.7540823226622,469.234741006229,-0.1745,49.625983167367345,-6.154310685076681,0.165,-3.4107362332621296,3.366504883955716
16.09999999999996,-2.1684739221419496,752.7204290822102,468.6171892695479,-0.1745,49.700952023594596,-6.196724048544678,0.165,-3.4107362332621296,3.366504883955716
16.19999999999996,-2.1745590486541344,757.6943359419136,467.9959263776795,-0.1745,49.777185170471256,-6.228533788823281,0.165,-3.4107362332621296,3.366504883955716
16.29999999999996,-2.1783952410731997,762.675909021624,467.3718676206501,-0.1745,49.85427642373794,-6.252641351763979,0.165,-3.4107362332621296,3.366504883955716
16.399999999999963,-2.1806079793316133,767.6652194041227,466.7456776343755,-0.1745,49.93193122623589,-6.27115837372773,0.165,-3.4107362332621296,3.366504883955716
16.499999999999964,-2.1816510056054703,772.6623127589977,466.1178386915518,-0.1745,50.00993587126453,-6.285620482746186,0.165,-3.4107362332621296,3.366504883955716
16.599999999999966,-1.5179774666809727,777.6672163166701,465.4887004868199,-0.1745,50.08813528218263,-6.2971436118924675,0.165,-3.4107362332621296,3.366504883955716
16.699999999999967,-1.7041884842450323,782.6740847628382,464.9433046664809,-0.06225,50.04923364118021,-4.610772794886765,0.165,-3.4107362332621296,3.366504883955716
16.79999999999997,-1.8386434503561566,787.6795495506201,464.45868967507823,-0.1745,50.06006211445646,-5.081527033166734,0.165,-3.4107362332621296,3.366504883955716
16.89999999999997,-1.9354479223545484,792.6870730964558,463.93339908849276,-0.1745,50.09040880225731,-5.424284698542438,0.165,-3.4107362332621296,3.366504883955716
16.99999999999997,-2.004915618527116,797.6983187480336,463.3784913696146,-0.1745,50.134504229296404,-5.673869679020126,0.165,-3.4107362332621296,3.366504883955716
17.099999999999973,-2.054566625236424,802.7144603665594,462.8020119185405,-0.1745,50.18832814121903,-5.855719342462785,0.165,-3.4107362332621296,3.366504883955716
17.199999999999974,-2.089871898414457,807.7363292526437,462.2098065706987,-0.1745,50.24904958046771,-5.9883876143732655,0.165,-3.4107362332621296,3.366504883955716
17.299999999999976,-2.114804520054195,812.764514711963,461.6061178561528,-0.1745,50.31465960591756,-6.085386676544275,0.165,-3.4107362332621296,3.366504883955716
17.399999999999977,-2.1322455948921086,817.7994339228767,460.9940213890609,-0.1745,50.38372461235583,-6.156542665294272,0.165,-3.4107362332621296,3.366504883955716
17.49999999999998,-2.1442818412192115,822.8413810276862,460.3757446596459,-0.1745,50.45521748383582,-6.208991923005513,0.165,-3.4107362332621296,3.366504883955716
17.59999999999998,-2.1524230593651215,827.8905619167143,459.75289949410285,-0.1745,50.52840029672579,-6.247911387855262,0.165,-3.4107362332621296,3.366504883955716
17.69999999999998,-2.1577606453814218,832.9471190267491,459.1266512839176,-0.1745,50.602741903968884,-6.277052815849326,0.165,-3.4107362332621296,3.366504883955716
17.799999999999983,-2.1610829011680557,838.0111490985911,458.4978420080187,-0.1745,50.677859532871615,-6.299132702128257,0.165,-3.4107362332621296,3.366504883955716
17.899999999999984,-2.162958781958196,843.082715932235,457.86707955452937,-0.1745,50.753477140007426,-6.316116367658663,0.165,-3.4107362332621296,3.366504883955716
17.999999999999986,-2.1637986407084546,848.1618595682957,457.2348025049707,-0.1745,50.82939558120544,-6.329424623515091,0.165,-3.4107362332621296,3.366504883955716
18.099999999999987,-2.163898239235902,853.2486029061944,456.60132707779826,-0.1745,50.90547117677002,-6.34008391993331,0.165,-3.4107362332621296,3.366504883955716
18.19999999999999,-2.163470605425659,858.3429564788216,455.9668811160325,-0.1745,50.981600275774596,-6.348835315382709,0.165,-3.4107362332621296,3.366504883955716
18.29999999999999,-2.1626690736224514,863.4449218988384,455.33162867605,-0.1745,51.05770812456118,-6.3562134842674585,0.165,-3.4107362332621296,3.366504883955716
18.39999999999999,-2.161603935773102,868.5544943466739,454.69568780420013,-0.1745,51.133740832149755,-6.362603952729966,0.165,-3.4107362332621296,3.366504883955716
18.499999999999993,-2.009909298557858,873.6716643666894,454.05914338004493,-0.1745,51.209659568160355,-6.368284530374389,0.165,-3.4107362332621296,3.366504883955716
18.599999999999994,-2.051167884524769,878.8006011303305,453.4411359696549,-0.1495,51.369075704662855,-5.991863677425711,0.8300000000000001,-3.4107362332621296,3.366504883955716
18.699999999999996,-2.0802347471822626,883.9405090412207,452.83626855885365,-0.1745,51.42908251314082,-6.105484538599634,0.165,-3.4107362332621296,3.366504883955716
18.799999999999997,-2.1005612049596185,889.0866303249782,452.22159149306185,-0.1745,51.4933431620091,-6.18805677723652,0.165,-3.4107362332621296,3.366504883955716
18.9,-2.11462812997501,894.2393264574947,451.5997723694224,-0.1745,51.56057948832255,-6.248325695553059,0.165,-3.4107362332621296,3.366504883955716
19.0,-2.1242168962918573,899.3988495137363,450.97272675481656,-0.1745,51.62988163650863,-6.29258659656399,0.165,-3.4107362332621296,3.366504883955716
19.1,-2.1306054202509026,904.5653736183299,450.3418290994555,-0.1745,51.70060045536241,-6.325366510658051,0.165,-3.4107362332621296,3.366504883955716
19.200000000000003,-2.134709696403315,909.7390172465907,449.7080648769099,-0.1745,51.77227210985465,-6.349917940254592,0.165,-3.4107362332621296,3.366504883955716
19.300000000000004,-2.137185808493662,914.9198590959985,449.07214019003646,-0.1745,51.84456487830019,-6.36857579721372,0.165,-3.4107362332621296,3.366504883955716
19.400000000000006,-2.1385033519439873,920.1079494103813,448.43456064834874,-0.1745,51.917241409354915,-6.383015036540573,0.165,-3.4107362332621296,3.366504883955716
19.500000000000007,-2.138998219591363,925.3033180732303,447.79568807806595,-0.1745,51.990131847626756,-6.39443636911468,0.165,-3.4107362332621296,3.366504883955716
19.60000000000001,-2.1395650972811495,930.505980398092,447.15578126053776,-0.1745,52.06311464960591,-6.403699981448466,0.165,-3.4107362332621296,3.366504883955716
19.70000000000001,-2.1386309049470733,935.717566216108,446.5147387091748,-0.1745,52.16860171071483,-6.417151045810439,0.495,-3.4107362332621296,3.366504883955716
19.80000000000001,-2.1375355715938555,940.9380762944892,445.87274989278677,-0.1745,52.24159985690928,-6.422625281950337,0.165,-3.4107362332621296,3.366504883955716
19.900000000000013,-2.1363298117742113,946.1658788006351,445.23023649694284,-0.1745,52.31445026600886,-6.4276426349288345,0.165,-3.4107362332621296,3.366504883955716
20.000000000000014,-2.135049754513569,951.400958041099,444.5872376640316,-0.1745,52.38713454326805,-6.432334023295917,0.165,-3.4107362332621296,3.366504883955716
20.100000000000016,-2.133721113621384,956.6432967475725,443.9437813172264,-0.1745,52.45963958620287,-6.436792912807388,0.165,-3.4107362332621296,3.366504883955716
20.200000000000017,-2.1323621697286517,961.8928765308765,443.2998873723333,-0.1745,52.53195607987637,-6.441085985055231,0.165,-3.4107362332621296,3.366504883955716
20.30000000000002,-2.130985901456241,967.1496782058257,442.6555700342001,-0.1745,52.60407741910875,-6.445260777608114,0.165,-3.4107362332621296,3.366504883955716
20.40000000000002,-2.129601507664153,972.4136820236212,442.0108394377048,-0.1745,52.675998936799836,-6.449351152296667,0.165,-3.4107362332621296,3.366504883955716
20.50000000000002,-2.1282154941764015,977.6848678380445,441.3657028197461,-0.1745,52.74771735166731,-6.4533812068781415,0.165,-3.4107362332621296,3.366504883955716
20.600000000000023,-2.126832449172576,982.9632152242878,440.7201653558188,-0.1745,52.819230373196554,-6.457368071668422,0.165,-3.4107362332621296,3.366504883955716
20.700000000000024,-2.1254555961449406,988.2487035639068,440.0742307568401,-0.1745,52.89053641918416,-6.46132390790455,0.165,-3.4107362332621296,3.366504883955716
20.800000000000026,-2.1240871880212686,993.5413121055601,439.42790169469845,-0.1745,52.961634413882614,-6.46525733492882,0.165,-3.4107362332621296,3.366504883955716
20.900000000000027,-2.122728787929245,998.8410200084451,438.7811801055067,-0.1745,53.032523643816056,-6.469174448906068,0.165,-3.4107362332621296,3.366504883955716
21.00000000000003,-2.122037516895898,1004.1478063733779,438.13406740558173,-0.1745,53.10320365483971,-6.4730795495923745,0.165,-3.4107362332621296,3.366504883955716
21.10000000000003,-2.120274896380547,1009.4632752072791,437.48627817918293,-0.1745,53.20617302318595,-6.482704978383272,0.495,-3.4107362332621296,3.366504883955716
21.20000000000003,-2.118651860285997,1014.7874088139176,436.8378706243748,-0.1745,53.27649910958513,-6.485446117780009,0.165,-3.4107362332621296,3.366504883955716
21.300000000000033,-2.1171314056952677,1020.1185621524312,436.18917242900113,-0.1745,53.34656766068655,-6.488517789692687,0.165,-3.4107362332621296,3.366504883955716
21.400000000000034,-2.115687304007609,1025.4567101700698,435.5401553948947,-0.1745,53.41639269208357,-6.491822892434898,0.165,-3.4107362332621296,3.366504883955716
21.500000000000036,-2.1143009632447867,1030.8018290149753,434.89079962212406,-0.1745,53.485984206026224,-6.495292562978369,0.165,-3.4107362332621296,3.366504883955716
21.600000000000037,-2.1129592015283216,1036.1538956930353,434.2410910949598,-0.1745,53.55534935517484,-6.498877980306442,0.165,-3.4107362332621296,3.366504883955716
21.70000000000004,-2.111652667909084,1041.512887824312,433.5910199688988,-0.1745,53.62449327035947,-6.5025445409131475,0.165,-3.4107362332621296,3.366504883955716
21.80000000000004,-2.1103747228914327,1046.8787834702794,432.94057935575256,-0.1745,53.693419648989405,-6.506267722011465,0.165,-3.4107362332621296,3.366504883955716
21.90000000000004,-2.1091206452315383,1052.2515610113826,432.28976446240694,-0.1745,53.762131173074344,-6.5100301449013225,0.165,-3.4107362332621296,3.366504883955716
22.000000000000043,-2.107887070197311,1057.6311990603376,431.63857198059367,-0.1745,53.8306298060267,-6.513819491364219,0.165,-3.4107362332621296,3.366504883955716
22.100000000000044,-2.1066715919465295,1063.0176764008029,430.98699965472304,-0.1745,53.898917003277056,-6.517627026048979,0.165,-3.4107362332621296,3.366504883955716
22.200000000000045,-2.1054724822145485,1068.4109719440492,430.33504597596385,-0.1745,53.966993861646266,-6.521446549135192,0.165,-3.4107362332621296,3.366504883955716
22.300000000000047,-2.1042884913882776,1073.8110646983926,429.68270996578934,-0.1745,54.03486122522294,-6.52527365435485,0.165,-3.4107362332621296,3.366504883955716
22.40000000000005,-2.1031187079078526,1079.217933747672,429.0299910228912,-0.1745,54.102519760368416,-6.529105203608895,0.165,-3.4107362332621296,3.366504883955716
22.50000000000005,-2.1026210336444286,1084.6315582361315,428.37688881495376,-0.1745,54.169970008820094,-6.532938955139001,0.165,-3.4107362332621296,3.366504883955716
22.60000000000005,-2.1010587300152967,1090.053542300061,427.7231167361797,-0.1745,54.269711269771705,-6.542502620342101,0.495,-3.4107362332621296,3.366504883955716
22.700000000000053,-2.099636092183962,1095.4838683494302,427.06873221991435,-0.1745,54.33680971761094,-6.545187704964622,0.165,-3.4107362332621296,3.366504883955716
22.800000000000054,-2.0983149180708938,1100.9208914326825,426.41406216559596,-0.1745,54.40365194743498,-6.548213381403409,0.165,-3.4107362332621296,3.366504883955716
22.900000000000055,-2.0970683403165125,1106.3645866756594,425.7590776312487,-0.1745,54.470252912104215,-6.551477305541456,0.165,-3.4107362332621296,3.366504883955716
23.000000000000057,-2.095877463664609,1111.8149304819553,425.103758392914,-0.1745,54.536623213814764,-6.55490746115201,0.165,-3.4107362332621296,3.366504883955716
23.10000000000006,-2.0960565344524538,1117.2719001621267,424.4480903603741,-0.1745,54.60277038961187,-6.5584531896455935,0.165,-3.4107362332621296,3.366504883955716
23.20000000000006,-2.0941031859234793,1122.7387481773205,423.79148648522334,-0.1745,54.73418991426639,-6.573624313369786,0.8300000000000001,-3.4107362332621296,3.366504883955716
23.30000000000006,-2.0924321569612916,1128.215459275247,423.13405584135165,-0.1745,54.800032044261144,-6.57498856406358,0.165,-3.4107362332621296,3.366504883955716
23.400000000000063,-2.090961859270056,1133.69873902433,422.47645216283433,-0.1745,54.86556293739864,-6.577085006283014,0.165,-3.4107362332621296,3.366504883955716
23.500000000000064,-2.089635141136728,1139.1885579060631,421.8186132667501,-0.1745,54.93081469726199,-6.579692915401339,0.165,-3.4107362332621296,3.366504883955716
23.600000000000065,-2.0884119788198605,1144.6848891374375,421.1604957441245,-0.1745,54.995809930227274,-6.5826575371113805,0.165,-3.4107362332621296,3.366504883955716
23.700000000000067,-2.0872643483984685,1150.1877078625644,420.5020693465692,-0.1745,55.06056457231153,-6.585870413993737,0.165,-3.4107362332621296,3.366504883955716
23.800000000000068,-2.086172629180368,1155.6969905850626,419.8433130476694,-0.1745,55.125089877651654,-6.589255564001645,0.165,-3.4107362332621296,3.366504883955716
23.90000000000007,-2.085123082416163,1161.2127147697602,419.184212280738,-0.1745,55.189393816300466,-6.592759774627222,0.165,-3.4107362332621296,3.366504883955716
24.00000000000007,-2.0841060846457453,1166.7348585633847,418.5247570024878,-0.1745,55.25348205619007,-6.59634579037775,0.165,-3.4107362332621296,3.366504883955716
24.100000000000072,-2.08311489039129,1172.2634005988225,417.8649403363031,-0.1745,55.317358652565744,-6.599987533315944,0.165,-3.4107362332621296,3.366504883955716
24.200000000000074,-2.08214476599429,1177.7983198580391,417.20475762206104,-0.1745,55.38102653176519,-6.603666751525291,0.165,-3.4107362332621296,3.366504883955716
24.300000000000075,-2.081192383552918,1183.3395955761528,416.54420575098436,-0.1745,55.44448783050535,-6.607370670007834,0.165,-3.4107362332621296,3.366504883955716
24.400000000000077,-2.080255397053403,1188.8872071743633,415.8832827002352,-0.1745,55.50774413370691,-6.61109034497523,0.165,-3.4107362332621296,3.366504883955716
24.500000000000078,-2.0793321460634417,1194.4411342131043,415.2219872074132,-0.1745,55.570796641110704,-6.614819511465323,0.165,-3.4107362332621296,3.366504883955716
24.60000000000008,-2.078421448695015,1200.001356359357,414.56031854300056,-0.1745,55.63364628394569,-6.618553776787037,0.165,-3.4107362332621296,3.366504883955716
24.70000000000008,-2.077522457009317,1205.5678533638832,413.89827635134725,-0.1745,55.69629380657857,-6.622290056279479,0.165,-3.4107362332621296,3.366504883955716
24.800000000000082,-2.0766345560779658,1211.1406050453934,413.23586053959457,-0.1745,55.75873982362516,-6.626026178773689,0.165,-3.4107362332621296,3.366504883955716
24.900000000000084,-2.0757572935519484,1216.7195912795685,412.57307120011353,-0.1745,55.82098485987545,-6.6297606108470815,0.165,-3.4107362332621296,3.366504883955716
25.000000000000085,-2.0748903305398105,1222.3047919914716,411.9099085563615,-0.1745,55.883029378187814,-6.63349226419355,0.165,-3.4107362332621296,3.366504883955716
25.100000000000087,-2.074033407363052,1227.8961871503293,411.24637292509584,-0.1745,55.94487379896528,-6.63722036111922,0.165,-3.4107362332621296,3.366504883955716
25.200000000000088,-2.073186319693275,1233.4937567659647,410.5824646900065,-0.1745,56.00651851374471,-6.64094434066812,0.165,-3.4107362332621296,3.366504883955716
25.30000000000009,-2.072348901930609,1239.0974808863855,409.91818428331635,-0.1745,56.06796389467092,-6.644663793134658,0.165,-3.4107362332621296,3.366504883955716
25.40000000000009,-2.0721814030512102,1244.7073395961738,409.25353217293963,-0.1745,56.12921030109573,-6.648378414399648,0.165,-3.4107362332621296,3.366504883955716
25.500000000000092,-1.9070859056974265,1250.3249379576623,408.5882223875227,-0.1745,56.22275692867533,-6.657817293938448,0.495,-3.4107362332621296,3.366504883955716
25.600000000000094,-1.9568824616755633,1255.9516733200724,407.94551406196507,-0.1495,56.31195031952623,-6.196349217214577,0.165,-3.4107362332621296,3.366504883955716
25.700000000000095,-1.9910824925914636,1261.584850285913,407.3186133215612,-0.1745,56.351588997287735,-6.341665590862941,0.165,-3.4107362332621296,3.366504883955716
25.800000000000097,-2.014482686410792,1267.2223079210946,406.6793598262979,-0.1745,56.39756370634531,-6.443404314402592,0.165,-3.4107362332621296,3.366504883955716
25.900000000000098,-2.030411261162923,1272.8645779764795,406.0314431410524,-0.1745,56.447837401350135,-6.514929390507272,0.165,-3.4107362332621296,3.366504883955716
26.0000000000001,-2.041175127847121,1278.5120205197888,405.37742060559395,-0.1745,56.50101346483861,-6.565521318662583,0.165,-3.4107362332621296,3.366504883955716
26.1000000000001,-2.0483719150274937,1284.164877766285,404.719063593639,-0.1745,56.55613146508124,-6.601618920435713,0.165,-3.4107362332621296,3.366504883955716
26.200000000000102,-2.053107230153576,1289.8233108216093,404.05759835310016,-0.1745,56.61252964140676,-6.627685890341292,0.165,-3.4107362332621296,3.366504883955716
26.300000000000104,-2.0561456901206574,1295.4874248780097,403.3938733335346,-0.1745,56.669751486599836,-6.64681450097046,0.165,-3.4107362332621296,3.366504883955716
26.400000000000105,-2.058015776928456,1301.1572865467322,402.72847532789604,-0.1745,56.727481887848384,-6.661145611801313,0.165,-3.4107362332621296,3.366504883955716
26.500000000000107,-2.0590825609788954,1306.8329358054193,402.0618100201693,-0.1745,56.78550328589354,-6.672160542734438,0.165,-3.4107362332621296,3.366504883955716
26.600000000000108,-2.0595980960376354,1312.5143942442369,401.3941578075456,-0.1745,56.84366549045721,-6.680883709738975,0.165,-3.4107362332621296,3.366504883955716
26.70000000000011,-2.059736316105514,1318.2016707617147,400.72571246244615,-0.1745,56.90186485909726,-6.688023192249652,0.165,-3.4107362332621296,3.366504883955716
26.80000000000011,-2.059617184984175,1323.894765500577,400.0566078940622,-0.1745,56.96002991814874,-6.69406817542906,0.165,-3.4107362332621296,3.366504883955716
26.900000000000112,-2.05932339878982,1329.5936725677795,399.3869366625195,-0.1745,57.018111425900344,-6.69935645542623,0.165,-3.4107362332621296,3.366504883955716
27.000000000000114,-2.058911931708119,1335.2983819142441,398.7167627808303,-0.1745,57.07607550339225,-6.704121178357306,0.165,-3.4107362332621296,3.366504883955716
27.100000000000115,-2.0584220130679554,1341.0088806336842,398.0461305627141,-0.1745,57.1338988854091,-6.708523183967028,0.165,-3.4107362332621296,3.366504883955716
27.200000000000117,-2.0578806361114106,1346.7251538598307,397.3750707346997,-0.1745,57.19156563752096,-6.712673376320429,0.165,-3.4107362332621296,3.366504883955716
27.300000000000118,-2.0573063604285813,1352.4471853860582,396.70360465642847,-0.1745,57.24906488702907,-6.716648189104561,0.165,-3.4107362332621296,3.366504883955716
27.40000000000012,-2.0567119353879586,1358.174958093165,396.0317472333709,-0.1745,57.306389255105756,-6.720500272046649,0.165,-3.4107362332621296,3.366504883955716
27.50000000000012,-2.056106109313977,1363.9084542446099,395.3595089261815,-0.1745,57.36353377379115,-6.724265871741237,0.165,-3.4107362332621296,3.366504883955716
27.600000000000122,-2.0554948765807324,1369.647655690208,394.6868971362408,-0.1745,57.42049513817361,-6.727969927072086,0.165,-3.4107362332621296,3.366504883955716
27.700000000000124,-2.0548823368727653,1375.3925440066273,394.01391716062216,-0.1745,57.47727119021302,-6.731629585300904,0.165,-3.4107362332621296,3.366504883955716
27.800000000000125,-2.054271286964944,1381.1431005942677,393.34057284999426,-0.1745,57.5338605625946,-6.735256627257587,0.165,-3.4107362332621296,3.366504883955716
27.900000000000126,-2.0536636281080325,1386.8993067440524,392.66686706166377,-0.1745,57.59026243309803,-6.738859139352421,0.165,-3.4107362332621296,3.366504883955716
28.000000000000128,-2.0530606463538246,1392.66114368347,391.99280197140547,-0.1745,57.64647635525675,-6.7424426658129635,0.165,-3.4107362332621296,3.366504883955716
28.10000000000013,-2.052463205365222,1398.428592608316,391.31837928799587,-0.1745,57.70250214165959,-6.746011002379039,0.165,-3.4107362332621296,3.366504883955716
28.20000000000013,-2.051871878975157,1404.2016347045771,390.6436004007377,-0.1745,57.758339783562036,-6.749566742784509,0.165,-3.4107362332621296,3.366504883955716
28.300000000000132,-2.0512870422826075,1409.9802511635319,389.9684664808554,-0.1745,57.81398939553083,-6.753111654861675,0.165,-3.4107362332621296,3.366504883955716
28.400000000000134,-2.050708934227567,1415.7644231921754,389.29297855114856,-0.1745,57.86945117734049,-6.756646939274466,0.165,-3.4107362332621296,3.366504883955716
28.500000000000135,-2.0501377005556787,1421.5541320204302,388.61713753381326,-0.1745,57.92472538775365,-6.760173407431173,0.165,-3.4107362332621296,3.366504883955716
28.600000000000136,-2.050232751285571,1427.349358906142,387.94094428325326,-0.1745,57.97981232648432,-6.763691603769366,0.165,-3.4107362332621296,3.366504883955716
28.700000000000138,-2.0492817832023094,1433.1517100807812,387.26411314258456,-0.1745,58.06721116629901,-6.772931209604622,0.495,-3.4107362332621296,3.366504883955716
28.80000000000014,-2.0484642905234884,1438.961169754544,386.58670257534106,-0.1745,58.1219823089558,-6.775280135264952,0.165,-3.4107362332621296,3.366504883955716
28.90000000000014,-2.0477401159029602,1444.7760945449334,385.9090392582161,-0.1745,58.17651349882885,-6.777986207233553,0.165,-3.4107362332621296,3.366504883955716
29.000000000000142,-2.047081805312952,1450.5964613289761,385.23109324683975,-0.1745,58.23082218202478,-6.780934020293938,0.165,-3.4107362332621296,3.366504883955716
29.100000000000144,-2.046470591793182,1456.4222484591066,384.55284431389833,-0.1745,58.284920420586545,-6.7840446385341275,0.165,-3.4107362332621296,3.366504883955716
29.200000000000145,-2.045893646627284,1462.2534353096155,383.8742788775001,-0.1745,58.33881658959151,-6.7872640894303204,0.165,-3.4107362332621296,3.366504883955716
29.300000000000146,-2.0453421987317864,1468.0900019661253,383.19538789897337,-0.1745,58.3925165406052,-6.790555481104042,0.165,-3.4107362332621296,3.366504883955716
29.400000000000148,-2.044810248552717,1473.9319290131,382.51616544471716,-0.1745,58.44602439888852,-6.793893604019633,0.165,-3.4107362332621296,3.366504883955716
29.50000000000015,-2.044293688887384,1479.7791973885137,381.83660770273616,-0.1745,58.49934310938769,-6.797261235600012,0.165,-3.4107362332621296,3.366504883955716
29.60000000000015,-2.04378970412317,1485.631788284508,381.1567123103759,-0.1745,58.55247481049781,-6.80064661160478,0.165,-3.4107362332621296,3.366504883955716
29.700000000000152,-2.043296359890925,1491.4896830795235,380.476477894966,-0.1745,58.60542108981113,-6.804041696593146,0.165,-3.4107362332621296,3.366504883955716
29.800000000000153,-1.2811033079026324,1497.3528632919658,379.7959037600647,-0.1745,58.65818315903497,-6.8074410014335776,0.165,-3.4107362332621296,3.366504883955716
29.900000000000155,-1.5253085316220452,1503.2163106017342,379.2282275145698,-0.06225,58.610763036331974,-4.546083908463711,0.165,-3.4107362332621296,3.366504883955716
30.000000000000156,-1.5245741036909435,1509.0744365845285,378.73789324125477,-0.1745,58.551756619554965,-5.260601557837651,0.165,-3.4107362332621296,3.366504883955716
30.100000000000158,-1.6912910173671956,1514.9344063819385,378.2115575683796,-0.1495,58.64763932864583,-5.266111899665362,0.8300000000000001,-3.4107362332621296,3.366504883955716
30.20000000000016,-1.8047940484186604,1520.798055899845,377.6604451368393,-0.1745,58.62535102948178,-5.756136731140258,0.165,-3.4107362332621296,3.366504883955716
30.30000000000016,-1.8819414883687358,1526.660708498657,377.0680676563635,-0.1745,58.627700946759816,-6.091412878376203,0.165,-3.4107362332621296,3.366504883955716
30.400000000000162,-1.9342871166679052,1532.5244144580479,376.44744807349707,-0.1745,58.646418241060694,-6.320978778952179,0.165,-3.4107362332621296,3.366504883955716
30.500000000000163,-1.9697327036862822,1538.3905384450366,375.80747929421887,-0.1745,58.6760614987124,-6.4783968066115545,0.165,-3.4107362332621296,3.366504883955716
30.600000000000165,-1.9936736430641306,1544.2599921015133,375.15422869678906,-0.1745,58.71301163082082,-6.586615141984513,0.165,-3.4107362332621296,3.366504883955716
30.700000000000166,-2.009789335883631,1550.1333848617176,374.49183254468187,-0.1745,58.754843573263365,-6.6613079001590405,0.165,-3.4107362332621296,3.366504883955716
30.800000000000168,-2.0205864683846952,1556.0111232487352,373.8231086293754,-0.1745,58.79992416709165,-6.71317040597029,0.165,-3.4107362332621296,3.366504883955716
30.90000000000017,-2.0277714059478895,1561.8934769526275,373.1499753849032,-0.1745,58.84714991075108,-6.749494483472832,0.165,-3.4107362332621296,3.366504883955716
31.00000000000017,-2.032504926771082,1567.7806231283585,372.4737382658886,-0.1745,58.895773603866914,-6.775247896819675,0.165,-3.4107362332621296,3.366504883955716
31.100000000000172,-2.0355761998631565,1573.6726762414096,371.79528522469474,-0.1745,58.94528865715578,-6.79381292705781,0.165,-3.4107362332621296,3.366504883955716
31.200000000000173,-2.0375214665589088,1579.5697082431798,371.1152200239772,-0.1745,58.99535137824791,-6.807491087293375,0.165,-3.4107362332621296,3.366504883955716
31.300000000000175,-2.0387049243876003,1585.471762238873,370.4339530862429,-0.1745,59.045728535614806,-6.817847667392387,0.165,-3.4107362332621296,3.366504883955716
31.400000000000176,-2.0393738086584228,1591.3788617593739,369.7517633660825,-0.1745,59.09626187440371,-6.825946735815419,0.165,-3.4107362332621296,3.366504883955716
31.500000000000178,-2.039695878425763,1597.2910170560172,369.0688404637839,-0.1745,59.146844058462406,-6.832511310157037,0.165,-3.4107362332621296,3.366504883955716
31.60000000000018,-2.0397849132180967,1603.2082293759515,368.3853132754416,-0.1745,59.19740234022485,-6.838032456688408,0.165,-3.4107362332621296,3.366504883955716
31.70000000000018,-2.0397180462189417,1609.1304938663993,367.70126947450836,-0.1745,59.247887468732166,-6.842843561976023,0.165,-3.4107362332621296,3.366504883955716
31.800000000000182,-2.0395475421424987,1615.0578015474916,367.01676875294646,-0.1745,59.298266153113836,-6.847170869261902,0.165,-3.4107362332621296,3.366504883955716
31.900000000000183,-2.039308796721035,1620.9901406522154,366.3318518170515,-0.1745,59.34851594136273,-6.851167848638419,0.165,-3.4107362332621296,3.366504883955716
32.000000000000185,-2.0390257676059056,1626.927497536312,365.64654649651595,-0.1745,59.398621740570185,-6.8549385620721806,0.165,-3.4107362332621296,3.366504883955716
32.100000000000186,-2.0387146599129125,1632.8698572959854,364.96087189139854,-0.1745,59.44857345289732,-6.8585535402756586,0.165,-3.4107362332621296,3.366504883955716
32.20000000000019,-2.038386426312821,1638.8172041871264,364.2748411860455,-0.1745,59.49836436992364,-6.862060566785048,0.165,-3.4107362332621296,3.366504883955716
32.30000000000019,-2.0380484622925668,1644.7695219097427,363.58846355771294,-0.1745,59.547990082400695,-6.865491999866055,0.165,-3.4107362332621296,3.366504883955716
32.40000000000019,-2.0377057552252626,1650.726793800873,362.9017454706314,-0.1745,59.59744774020532,-6.8688697417650655,0.165,-3.4107362332621296,3.366504883955716
32.50000000000019,-2.0373616629208104,1656.689002965392,362.2146915530474,-0.1745,59.64673555017513,-6.872208609915964,0.165,-3.4107362332621296,3.366504883955716
32.60000000000019,-2.037018440927176,1662.656132364675,361.52730519139595,-0.1745,59.69585243548093,-6.875518623112425,0.165,-3.4107362332621296,3.366504883955716
32.700000000000195,-2.0366775995263393,1668.6281648766817,360.83958893267726,-0.1745,59.74479780465556,-6.878806551261904,0.165,-3.4107362332621296,3.366504883955716
32.800000000000196,-2.0363401453364536,1674.6050833366662,360.15154475683784,-0.1745,59.79357139503455,-6.88207696552688,0.165,-3.4107362332621296,3.366504883955716
32.9000000000002,-2.0360067447569365,1680.5868705647515,359.4631742610793,-0.1745,59.842173166673405,-6.885332949644083,0.165,-3.4107362332621296,3.366504883955716
33.0000000000002,-2.0356778344975495,1686.57350938461,358.7744787845194,-0.1745,59.89060323049259,-6.888576581554811,0.165,-3.4107362332621296,3.366504883955716
33.1000000000002,-2.035353696294608,1692.5649826361157,358.0854594924722,-0.1745,59.93886179962305,-6.891809259388696,0.165,-3.4107362332621296,3.366504883955716
33.2000000000002,-2.0350345073987497,1698.5612731839205,357.39611743340197,-0.1745,59.986949156472015,-6.8950319220158605,0.165,-3.4107362332621296,3.366504883955716
33.3000000000002,-2.034720374677698,1704.562363923266,356.7064535773907,-0.1745,60.03486563043636,-6.89824519820951,0.165,-3.4107362332621296,3.366504883955716
33.400000000000205,-2.0344113576425196,1710.5682377839291,356.0164688421058,-0.1745,60.08261158282498,-6.901449507487973,0.165,-3.4107362332621296,3.366504883955716
33.500000000000206,-2.0354276425975124,1716.5788777329035,355.32616411031825,-0.1745,60.1301873966604,-6.9046451282631605,0.165,-3.4107362332621296,3.366504883955716
33.60000000000021,-2.0343607772812633,1722.597541281013,354.6349629693339,-0.1745,60.243083565528266,-6.919377691423684,0.8300000000000001,-3.4107362332621296,3.366504883955716
33.70000000000021,-2.0335538974331575,1728.6242169941693,353.94298300413146,-0.1745,60.290430697596506,-6.920221612625261,0.165,-3.4107362332621296,3.366504883955716
33.80000000000021,-2.0329232940684023,1734.6556132889623,353.25088092683507,-0.1745,60.33749519826481,-6.921819933302156,0.165,-3.4107362332621296,3.366504883955716
33.90000000000021,-2.0324126910852307,1740.6917037955034,352.5585937963832,-0.1745,60.38431493255592,-6.923922675735241,0.165,-3.4107362332621296,3.366504883955716
34.00000000000021,-2.0319842644023773,1746.7324653183505,351.86607957853045,-0.1745,60.43091552438488,-6.92636168131968,0.165,-3.4107362332621296,3.366504883955716
34.100000000000215,-2.0316125969698655,1752.777876812193,351.1733103009896,-0.1745,60.47731435246339,-6.929023869497081,0.165,-3.4107362332621296,3.366504883955716
34.200000000000216,-2.031280611279915,1758.8279186920365,350.4802674463353,-0.1745,60.523523244405496,-6.931833223589292,0.165,-3.4107362332621296,3.366504883955716
34.30000000000022,-2.0309768334207448,1764.8825723688656,349.7869388521711,-0.1745,60.56955029217388,-6.934738659694592,0.165,-3.4107362332621296,3.366504883955716
34.40000000000022,-2.0306935534185184,1770.9418199372167,349.0933166261755,-0.1745,60.615401074850084,-6.937705860216255,0.165,-3.4107362332621296,3.366504883955716
34.50000000000022,-2.030425588680817,1777.0056439650518,348.3993957442514,-0.1745,60.661079481852454,-6.940711778265531,0.165,-3.4107362332621296,3.366504883955716
34.60000000000022,-2.0301694531179466,1783.074027352491,347.7051731083013,-0.1745,60.706588266928534,-6.9437409407363235,0.165,-3.4107362332621296,3.366504883955716
34.70000000000022,-2.029922799048234,1789.1469532368783,347.0106469131522,-0.1745,60.75192942082017,-6.946782962246402,0.165,-3.4107362332621296,3.366504883955716
34.800000000000225,-2.0296840424624185,1795.224404929012,346.3158162213427,-0.1745,60.79710442185348,-6.94983087394321,0.165,-3.4107362332621296,3.366504883955716
34.900000000000226,-2.029452111494042,1801.3063658703236,345.6206806776213,-0.1745,60.84211440437738,-6.952880000484151,0.165,-3.4107362332621296,3.366504883955716
35.00000000000023,-2.029226277647218,1807.3928196041395,344.9252403173145,-0.1745,60.88696027193887,-6.955927205651548,0.165,-3.4107362332621296,3.366504883955716
35.10000000000023,-2.0290060425927843,1813.4837497564013,344.2294954377431,-0.1745,60.931642773297256,-6.958970385776859,0.165,-3.4107362332621296,3.366504883955716
35.20000000000023,-2.0287910622632137,1819.579140022739,343.53344651196966,-0.1745,60.97616255345884,-6.962008129691282,0.165,-3.4107362332621296,3.366504883955716
35.30000000000023,-2.028581095974484,1825.6789741598084,342.83709413095806,-0.1745,61.02052018792694,-6.965039490541056,0.165,-3.4107362332621296,3.366504883955716
35.40000000000023,-2.028375972334749,1831.7832359794886,342.14043896479495,-0.1745,61.06471620567768,-6.9680638327214535,0.165,-3.4107362332621296,3.366504883955716
35.500000000000234,-2.028175566408798,1837.8919093450008,341.4434817366971,-0.1745,61.1087511045657,-6.97108072923601,0.165,-3.4107362332621296,3.366504883955716
35.600000000000236,-2.02797978442702,1844.0049781683115,340.74622320559064,-0.1745,61.15262536164866,-6.974089892892921,0.165,-3.4107362332621296,3.366504883955716
35.70000000000024,-2.0277885535495352,1850.122426408399,340.04866415443604,-0.1745,61.196339440102605,-6.977091130199348,0.165,-3.4107362332621296,3.366504883955716
35.80000000000024,-2.0276018150163297,1856.2442380700966,339.35080538240226,-0.1745,61.239893793850555,-6.980084310476088,0.165,-3.4107362332621296,3.366504883955716
35.90000000000024,-2.02741951956459,1862.370397203322,338.6526476996197,-0.1745,61.28328887065801,-6.983069345174832,0.165,-3.4107362332621296,3.366504883955716
36.00000000000024,-2.027241624363598,1868.500887902565,337.9541919236594,-0.1745,61.32652511420086,-6.9860461740320945,0.165,-3.4107362332621296,3.366504883955716
36.10000000000024,-2.0270680909650407,1874.6356943065473,337.25543887716765,-0.1745,61.36960296544481,-6.9890147558027405,0.165,-3.4107362332621296,3.366504883955716
36.200000000000244,-1.8499960116359122,1880.7748005979977,336.55638938627453,-0.1745,61.41252286356379,-6.991975062060123,0.165,-3.4107362332621296,3.366504883955716
36.300000000000246,-1.9092201753233367,1886.9201986685464,335.8843348852942,-0.1495,61.495438547410714,-6.449114957546903,0.165,-3.4107362332621296,3.366504883955716
36.40000000000025,-1.9486001555721855,1893.0704881810916,335.23019936125445,-0.1745,61.51035170349465,-6.633595523248214,0.165,-3.4107362332621296,3.366504883955716
36.50000000000025,-1.9747544085755004,1899.2227307021503,334.5606460244744,-0.1745,61.5344987176779,-6.757471212352141,0.165,-3.4107362332621296,3.366504883955716
36.60000000000025,-1.9921007194275013,1905.3776905270342,333.8807259970898,-0.1745,61.56469778000176,-6.840929335339421,0.165,-3.4107362332621296,3.366504883955716
36.70000000000025,-2.003585089624447,1911.5358681616283,333.1938071096072,-0.1745,61.598854911877574,-6.897448414314092,0.165,-3.4107362332621296,3.366504883955716
36.80000000000025,-2.0111705672965403,1917.6975902356212,332.5021336518783,-0.1745,61.63558656798238,-6.9360207402641025,0.165,-3.4107362332621296,3.366504883955716
36.900000000000254,-2.0161644063621793,1923.8630683786064,331.80720053297233,-0.1745,61.67397629172201,-6.962641637855751,0.165,-3.4107362332621296,3.366504883955716
37.000000000000256,-2.0194366917701405,1930.0324379977003,331.1100031483537,-0.1745,61.71341609015491,-6.981306054516079,0.165,-3.4107362332621296,3.366504883955716
37.10000000000026,-2.0215662707206676,1936.2057839155445,330.41120411077515,-0.1745,61.7535022667322,-6.994674697054989,0.165,-3.4107362332621296,3.366504883955716
37.20000000000026,-2.0229380761294706,1942.3831573627897,329.71124443239887,-0.1745,61.79396667816914,-7.004518870470433,0.165,-3.4107362332621296,3.366504883955716
37.30000000000026,-2.023807988050668,1948.5645872578236,329.01041762340105,-0.1745,61.83463122250944,-7.012017309485392,0.165,-3.4107362332621296,3.366504883955716
37.40000000000026,-2.0243460360694714,1954.7500877012305,328.3089190517795,-0.1745,61.87537764563051,-7.01795412294565,0.165,-3.4107362332621296,3.366504883955716
37.50000000000026,-2.0246651611734605,1960.9396629577586,327.60687880943607,-0.1745,61.91612748492911,-7.022850723923701,0.165,-3.4107362332621296,3.366504883955716
37.600000000000264,-2.024840355598279,1967.1333107688513,326.90438358723463,-0.1745,61.956828736922226,-7.027053720104474,0.165,-3.4107362332621296,3.366504883955716
37.700000000000266,-2.024921394568854,1973.3310245552566,326.2014912291932,-0.1745,61.99744699118409,-7.030793440724534,0.165,-3.4107362332621296,3.366504883955716
37.80000000000027,-2.0249413022578526,1979.5327948814934,325.49824041240856,-0.1745,62.03795953355342,-7.034222894967882,0.165,-3.4107362332621296,3.366504883955716
37.90000000000027,-2.0249219792249264,1985.7386104293832,324.7946570829079,-0.1745,62.078351424245696,-7.037443695045167,0.165,-3.4107362332621296,3.366504883955716
38.00000000000027,-2.0248779417735134,1991.9484586450835,324.090758733184,-0.1745,62.11861288975836,-7.04052329943315,0.165,-3.4107362332621296,3.366504883955716
38.10000000000027,-2.0261277557686235,1998.1623261690106,323.3865572442812,-0.1745,62.15873758878472,-7.0435064786218735,0.165,-3.4107362332621296,3.366504883955716
38.20000000000027,-2.0253131268252087,2004.3834736262127,322.6814835011423,-0.1745,62.26421155525808,-7.057968384157334,0.8300000000000001,-3.4107362332621296,3.366504883955716
38.300000000000274,-2.0247490457264448,2010.6118920568329,321.9756604692397,-0.1745,62.304157057146995,-7.05849225389426,0.165,-3.4107362332621296,3.366504883955716
38.400000000000276,-2.0243519250377426,2016.844291847733,321.26974728377485,-0.1745,62.343838760858,-7.059771455402642,0.165,-3.4107362332621296,3.366504883955716
38.50000000000028,-2.0240664360739884,2023.0806485959833,320.563681322033,-0.1745,62.3832962041482,-7.061547779434686,0.165,-3.4107362332621296,3.366504883955716
38.60000000000028,-2.0238559635634807,2029.3209411925743,319.85742142179043,-0.1745,62.422555727668815,-7.063650225416564,0.165,-3.4107362332621296,3.366504883955716
38.70000000000028,-2.0236962809406327,2035.5651507250775,319.1509406314234,-0.1745,62.46163492239472,-7.065965581924239,0.165,-3.4107362332621296,3.366504883955716
38.80000000000028,-2.023571360823094,2041.8132597502263,318.4442214063123,-0.1745,62.500545580579214,-7.068418920298122,0.165,-3.4107362332621296,3.366504883955716
38.90000000000028,-2.0234706006650276,2048.0652518118977,317.7372524270531,-0.1745,62.539295652851784,-7.070960664886194,0.165,-3.4107362332621296,3.366504883955716
39.000000000000284,-2.0233869861037377,2054.3211111218225,317.03002649255103,-0.1745,62.577890545642035,-7.073558025154838,0.165,-3.4107362332621296,3.366504883955716
39.100000000000286,-2.0233158754372536,2060.580822348152,316.32253912529796,-0.1745,62.61633398095663,-7.076189319905969,0.165,-3.4107362332621296,3.366504883955716
39.20000000000029,-2.0232541954178145,2066.844370475497,315.61478764837716,-0.1745,62.65462856593255,-7.078840218510511,0.165,-3.4107362332621296,3.366504883955716
39.30000000000029,-2.0231999093384987,2073.111740712294,314.90677057482964,-0.1745,62.69277617000428,-7.08150125243952,0.165,-3.4107362332621296,3.366504883955716
39.40000000000029,-2.023151665324556,2079.382918429523,314.1984872037931,-0.1745,62.73077817458678,-7.084166168291904,0.165,-3.4107362332621296,3.366504883955716
39.50000000000029,-2.023108563848715,2085.657889120168,313.48993735347386,-0.1745,62.76863563831024,-7.0868308380924665,0.165,-3.4107362332621296,3.366504883955716
39.60000000000029,-2.0230700041014558,2091.9366383724,312.78112118464315,-0.1745,62.80634940633322,-7.08949253852175,0.165,-3.4107362332621296,3.366504883955716
39.700000000000294,-2.023035582500286,2098.2191518518484,312.07203908400123,-0.1745,62.84392018263656,-7.092149474316174,0.165,-3.4107362332621296,3.366504883955716
39.800000000000296,-2.0230050256629326,2104.505415289871,311.3626915871245,-0.1745,62.88134857781889,-7.094800463217987,0.165,-3.4107362332621296,3.366504883955716
39.9000000000003,-1.2124177327204368,2110.7954144757964,310.6530793275747,-0.1745,62.91863514068481,-7.097444727778322,0.165,-3.4107362332621296,3.366504883955716
40.0000000000003,-1.4892241774381985,2117.087951920704,310.0719520163433,-0.06225,62.932113757470326,-4.5251014968500805,0.8300000000000001,-3.4107362332621296,3.366504883955716
40.1000000000003,-1.6723678753531581,2123.3760472879517,309.5761078599852,-0.1745,62.8297935874824,-5.391781630312187,0.165,-3.4107362332621296,3.366504883955716
40.2000000000003,-1.6149743950329363,2129.6564002079267,309.0082334554871,-0.1745,62.77726481201586,-5.9657064596502,0.165,-3.4107362332621296,3.366504883955716
40.3000000000003,-0.768328433670056,2135.939257736387,308.42033561309825,-0.1495,62.87988575719276,-5.792250388126851,0.8300000000000001,-3.4107362332621296,3.366504883955716
40.400000000000304,-0.39388489207298416,2142.2231999340793,307.97513378881825,-0.037250000000000005,62.79895819665016,-3.111786097472561,0.8300000000000001,-3.4107362332621296,3.366504883955716
40.500000000000306,-0.9449778251862799,2148.500986837079,307.7229240457268,-0.06225000000000001,62.75677986334257,-1.9324087643558647,0.165,-3.4107362332621296,3.366504883955716
40.60000000000031,-1.3121418592121026,2154.7637738998724,307.4438202698126,-0.1745,62.49896139252461,-3.6496667539286647,0.165,-3.4107362332621296,3.366504883955716
40.70000000000031,-1.5563266506754856,2161.006235200974,307.02183244089923,-0.1745,62.350264629508764,-4.790089824338745,0.165,-3.4107362332621296,3.366504883955716
40.80000000000031,-1.718478276853201,2167.2371937235544,306.5049117032606,-0.1745,62.26890582210113,-5.5483249284349085,0.165,-3.4107362332621296,3.366504883955716
40.90000000000031,-1.826022791670374,2173.462142810853,305.92486411908396,-0.1745,62.230075923872576,-6.052626755097853,0.165,-3.4107362332621296,3.366504883955716
41.00000000000031,-1.8972769304926287,2179.6845722373596,305.3028250326999,-0.1745,62.218512606258145,-6.388154972582873,0.165,-3.4107362332621296,3.366504883955716
41.100000000000314,-1.9444444075361593,2185.9067276607952,304.65283891568043,-0.1745,62.22459586245797,-6.611567367806107,0.165,-3.4107362332621296,3.366504883955716
41.200000000000315,-1.97564106284012,2192.1300655015607,303.98423281197745,-0.1745,62.24216095285349,-6.760554706253221,0.165,-3.4107362332621296,3.366504883955716
41.30000000000032,-1.9962566473048862,2198.355534200221,303.3031965281726,-0.1745,62.267213020349246,-6.860170969844033,0.165,-3.4107362332621296,3.366504883955716
41.40000000000032,-2.0098667239939334,2204.583752051683,302.61383519653884,-0.1745,62.2971440088915,-6.927055662831111,0.165,-3.4107362332621296,3.366504883955716
41.50000000000032,-2.0188413851846922,2210.815121397784,301.91886985949293,-0.1745,62.33024291312543,-6.972251078087405,0.165,-3.4107362332621296,3.366504883955716
41.60000000000032,-2.026070498031148,2217.049902728901,301.22010329968265,-0.1745,62.36538370921589,-7.003080118118507,0.165,-3.4107362332621296,3.366504883955716
41.70000000000032,-2.0292088204413146,2223.2915376145334,300.5181522058269,-0.1745,62.46731400342698,-7.035941758996682,0.8300000000000001,-3.4107362332621296,3.366504883955716
41.800000000000324,-2.0928910903642013,2229.540136625912,299.81392382526013,-0.1745,62.504666224148,-7.048625852338217,0.165,-3.343339043424331,2.7898823328866067
41.900000000000325,-2.134948230961242,2235.791037464678,299.0990036719298,-0.1745,62.51335055117177,-7.249777214268544,0.165,-3.343339043424331,2.7898823328866067
42.00000000000033,-2.162695478779476,2242.0433231136362,298.3673269241194,-0.1745,62.53236242799346,-7.383757741938832,0.165,-3.343339043424331,2.7898823328866067
42.10000000000033,-2.1809804050771864,2248.2978461802645,297.6244759159851,-0.1745,62.558098904576504,-7.473262420747806,0.165,-3.343339043424331,2.7898823328866067
42.20000000000033,-2.1930123720070314,2254.5551615357344,296.8741460528935,-0.1745,62.58820820482231,-7.533334841084916,0.165,-3.343339043424331,2.7898823328866067
42.30000000000033,-2.200914618945953,2260.815629372329,296.11878234730324,-0.1745,62.62114852707208,-7.573939270719852,0.165,-3.343339043424331,2.7898823328866067
42.40000000000033,-2.2060910097433704,2267.0794821119866,295.3600018131823,-0.1745,62.65590626607598,-7.601671411699602,0.165,-3.343339043424331,2.7898823328866067
42.500000000000334,-2.209469308470498,2273.346868121493,294.59887350139223,-0.1745,62.69181392405188,-7.620894824101239,0.165,-3.343339043424331,2.7898823328866067
42.600000000000335,-2.2116623786875946,2279.6178803928697,293.8361040109179,-0.1745,62.72843150347893,-7.634494985385705,0.165,-3.343339043424331,2.7898823328866067
42.70000000000034,-2.2130749094529287,2285.8925754101037,293.07216030281745,-0.1745,62.76546884119994,-7.644379176622559,0.165,-3.343339043424331,2.7898823328866067
42.80000000000034,-1.4078575822840413,2292.1709855809772,292.3073509627853,-0.1745,62.80273457626685,-7.651807624021328,0.165,-3.343339043424331,2.7898823328866067
42.90000000000034,-1.6834863058636254,2298.4519493729204,291.66992332349776,-0.06225,62.81654126259847,-5.09674516172881,0.8300000000000001,-3.343339043424331,2.7898823328866067
43.00000000000034,-1.8660329693614859,2304.7285682218303,291.11716145499685,-0.1745,62.71583571560388,-5.958492208289018,0.165,-3.343339043424331,2.7898823328866067
43.10000000000034,-1.9867819093200114,2310.9975828024676,290.4927384384948,-0.1745,62.66445589714552,-6.529968121751804,0.165,-3.343339043424331,2.7898823328866067
43.200000000000344,-2.066569235697514,2317.2630302856824,289.82078702442885,-0.1745,62.644493767147104,-6.909060159567151,0.165,-3.343339043424331,2.7898823328866067
43.300000000000345,-2.119240455906657,2323.527493165368,289.11729961052043,-0.1745,62.644763826563434,-7.160688118601383,0.165,-3.343339043424331,2.7898823328866067
43.40000000000035,-2.153979093332164,2329.7926387476905,288.3928691343865,-0.1745,62.65814781988278,-7.327921404077643,0.165,-3.343339043424331,2.7898823328866067
43.50000000000035,-2.1768679581747925,2336.0595490562005,287.65450730812285,-0.1745,62.68005835031319,-7.439315121195484,0.165,-3.343339043424331,2.7898823328866067
43.60000000000035,-2.191931797113262,2342.3289276779074,286.9068522886723,-0.1745,62.70751408382237,-7.5137852678150665,0.165,-3.343339043424331,2.7898823328866067
43.70000000000035,-2.2018314418338862,2348.6012317179766,286.1529704039003,-0.1745,62.73856671756166,-7.563852427624996,0.165,-3.343339043424331,2.7898823328866067
43.80000000000035,-2.2083248743506716,2354.8767569779034,285.3948878693024,-0.1745,62.77193848097736,-7.597798264333739,0.165,-3.343339043424331,2.7898823328866067
43.900000000000354,-2.2125729549312165,2361.1556933761417,284.6339430853409,-0.1745,62.806789483793125,-7.621097414896665,0.165,-3.343339043424331,2.7898823328866067
44.000000000000355,-2.0354585320953316,2367.438161196376,283.8710198593416,-0.1745,62.8425669208909,-7.637367105089565,0.165,-3.343339043424331,2.7898823328866067
44.10000000000036,-2.098878107120846,2373.726422856119,283.1351172125885,-0.1495,62.92266627396947,-7.080685829972064,0.165,-3.343339043424331,2.7898823328866067
44.20000000000036,-2.140643548444157,2380.019039407789,282.4169775368186,-0.1745,62.92966475943296,-7.282107685425861,0.165,-3.343339043424331,2.7898823328866067
44.30000000000036,-2.1681259743664123,2386.312877587953,281.6820814666669,-0.1745,62.947098843846746,-7.415813717608653,0.165,-3.343339043424331,2.7898823328866067
44.40000000000036,-2.186194056469325,2392.608797922025,280.93604933387894,-0.1745,62.97130783759146,-7.504828938150445,0.165,-3.343339043424331,2.7898823328866067
44.50000000000036,-2.1980606720679616,2398.9073588068873,280.18258961657205,-0.1745,62.9999098596473,-7.564365407987838,0.165,-3.343339043424331,2.7898823328866067
44.600000000000364,-2.2058445281542762,2405.208921715574,279.4241480474181,-0.1745,63.03134831408316,-7.6044659750910775,0.165,-3.343339043424331,2.7898823328866067
44.700000000000365,-2.210941994287075,2411.5137192867433,278.6623369138079,-0.1745,63.064603109306816,-7.631756697112844,0.165,-3.343339043424331,2.7898823328866067
44.80000000000037,-2.214272932869327,2417.82189967247,277.8982187286337,-0.1745,63.0990046052257,-7.6506070063706995,0.165,-3.343339043424331,2.7898823328866067
44.90000000000037,-2.2164430545398326,2424.1335555423702,277.1324935312401,-0.1745,63.13411279277847,-7.66389694150196,0.165,-3.343339043424331,2.7898823328866067
45.00000000000037,-2.217851058009104,2430.448743103138,276.3656224804592,-0.1745,63.16963842257906,-7.6735240741151935,0.165,-3.343339043424331,2.7898823328866067
45.10000000000037,-2.2187592881934295,2436.76749459138,275.5979093665057,-0.1745,63.20539134225679,-7.680738204954847,0.165,-3.343339043424331,2.7898823328866067
45.20000000000037,-2.219340310907664,2443.0898264876323,274.8295543454748,-0.1745,63.241246582789934,-7.686362215663379,0.165,-3.343339043424331,2.7898823328866067
45.300000000000374,-2.2197075993902353,2449.4157449200875,274.0606893483092,-0.1745,63.27712206631432,-7.690937727648371,0.165,-3.343339043424331,2.7898823328866067
45.400000000000375,-2.2210509564332996,2455.7452492204784,273.29140140553454,-0.1745,63.312963941500335,-7.694821127844437,0.165,-3.343339043424331,2.7898823328866067
45.50000000000038,-2.220455118700557,2462.081608768971,272.5211707342809,-0.1745,63.41422702834664,-7.709792297228696,0.8300000000000001,-3.343339043424331,2.7898823328866067
45.60000000000038,-2.2200561462488806,2468.4248206330362,271.75015297715566,-0.1745,63.45001025296047,-7.710562845274902,0.165,-3.343339043424331,2.7898823328866067
45.70000000000038,-2.219787529111397,2474.771599389745,270.97902809368014,-0.1745,63.48556488121461,-7.711934824235916,0.165,-3.343339043424331,2.7898823328866067
45.80000000000038,-2.219605609141713,2481.121923795768,270.20774641436986,-0.1745,63.52092323924708,-7.713698761969278,0.165,-3.343339043424331,2.7898823328866067
45.90000000000038,-2.219481733773814,2487.4757752930536,269.43627562099005,-0.1745,63.55610670646839,-7.715717105626547,0.165,-3.343339043424331,2.7898823328866067
46.000000000000384,-2.2193971011783176,2493.833137101722,268.6645947879507,-0.1745,63.59112946690217,-7.717899555160019,0.165,-3.343339043424331,2.7898823328866067
46.100000000000385,-2.219339374517425,2500.1939936238964,267.89269046777423,-0.1745,63.626000976585615,-7.720186848369954,0.165,-3.343339043424331,2.7898823328866067
46.20000000000039,-2.219300458758455,2506.5583300520166,267.1205541201264,-0.1745,63.66072758581846,-7.7225401045865905,0.165,-3.343339043424331,2.7898823328866067
46.30000000000039,-2.2192750412571987,2512.9261321115755,266.34818042372973,-0.1745,63.695313605361584,-7.724933823347701,0.165,-3.343339043424331,2.7898823328866067
46.40000000000039,-2.2192596339820163,2519.297385892191,265.5755661682765,-0.1745,63.72976200694549,-7.727351285716372,0.165,-3.343339043424331,2.7898823328866067
46.50000000000039,-2.2192519451234896,2525.672077736707,264.8027095272626,-0.1745,63.764074883369,-7.729781534561314,0.165,-3.343339043424331,2.7898823328866067
46.60000000000039,-2.2192504669246262,2532.0501941684056,264.02960958092405,-0.1745,63.798253750602996,-7.732217392210242,0.165,-3.343339043424331,2.7898823328866067
46.700000000000394,-2.2192542054069806,2538.4317218432407,263.25626600334033,-0.1745,63.83229974609461,-7.7346541594646565,0.165,-3.343339043424331,2.7898823328866067
46.800000000000395,-2.2192625031910755,2544.8166475184903,262.4826788572662,-0.1745,63.86621375889786,-7.737088762018099,0.165,-3.343339043424331,2.7898823328866067
46.9000000000004,-2.2192749233768425,2551.2049580321873,261.70884845963667,-0.1745,63.89999651504266,-7.739519190571957,0.165,-3.343339043424331,2.7898823328866067
47.0000000000004,-2.2192911734619676,2557.5966402896156,260.9347752934233,-0.1745,63.93364863352262,-7.741944133695178,0.165,-3.343339043424331,2.7898823328866067
47.1000000000004,-2.2193110555064695,2563.991681254442,260.1604599498815,-0.1745,63.9671706630026,-7.744362737140335,0.165,-3.343339043424331,2.7898823328866067
47.2000000000004,-2.219334433497883,2570.390067942886,259.38590309071935,-0.1745,64.0005631058781,-7.7467744461028225,0.165,-3.343339043424331,2.7898823328866067
47.3000000000004,-2.219361211985891,2576.791787419882,258.61110542332085,-0.1745,64.03382643403958,-7.7491789018677455,0.165,-3.343339043424331,2.7898823328866067
47.400000000000404,-2.219391322098436,2583.196826796544,257.83606768452194,-0.1745,64.06696109919801,-7.751575874110236,0.165,-3.343339043424331,2.7898823328866067
47.500000000000405,-2.219424712391382,2589.6051732284864,257.06079062998833,-0.1745,64.09996753964548,-7.753965216561709,0.165,-3.343339043424331,2.7898823328866067
47.600000000000406,-2.0367003314401186,2596.0168139147027,256.285275027261,-0.1745,64.13284618467983,-7.756346837985108,0.165,-3.343339043424331,2.7898823328866067
47.70000000000041,-1.7340389534242036,2602.4356965514357,255.53879002069772,-0.1495,64.24480654997822,-7.173353293280387,0.495,-3.343339043424331,2.7898823328866067
47.80000000000041,-1.9031949402582338,2608.8637994391715,254.870315812916,-0.1245,64.31725120474017,-6.196130862353768,0.165,-3.343339043424331,2.7898823328866067
47.90000000000041,-2.013739200393351,2615.292861486307,254.22357728592635,-0.1745,64.26398973797238,-6.738639677439069,0.165,-3.343339043424331,2.7898823328866067
48.00000000000041,-2.0859284044759003,2621.7181265489303,253.53194793917606,-0.1745,64.24131151449286,-7.0939472575666525,0.165,-3.343339043424331,2.7898823328866067
48.10000000000041,-2.1330471454064455,2628.1420981394012,252.81091038190579,-0.1745,64.23812029492454,-7.326803887838685,0.165,-3.343339043424331,2.7898823328866067
48.200000000000415,-1.9813528244213288,2634.566375290827,252.0705895571567,-0.1745,64.24742273359315,-7.479612607143336,0.165,-3.343339043424331,2.7898823328866067
48.300000000000416,-2.0648297229075974,2640.9978009896495,251.3466547792958,-0.1495,64.38109124285727,-6.999082950074647,0.8300000000000001,-3.343339043424331,2.7898823328866067
48.40000000000042,-2.119271679576398,2647.4354346866903,250.6332775198524,-0.1745,64.3715826979569,-7.26846223879278,0.165,-3.343339043424331,2.7898823328866067
48.50000000000042,-2.1547666781924715,2653.8728473937626,249.89760710403056,-0.1745,64.37667144348983,-7.444946077644657,0.165,-3.343339043424331,2.7898823328866067
48.60000000000042,-1.354097432318452,2660.3112374915263,249.14732018727207,-0.1745,64.39113051178744,-7.56079225752503,0.165,-3.343339043424331,2.7898823328866067
48.70000000000042,-1.656319613314177,2666.749337199789,248.5215112807003,-0.06225,64.37086365346775,-4.955385873910343,0.495,-3.343339043424331,2.7898823328866067
48.80000000000042,-1.8542579703029665,2673.180146214305,247.9776245063699,-0.1745,64.24531663684657,-5.9223496126977295,0.165,-3.343339043424331,2.7898823328866067
48.900000000000425,-1.9837548859423302,2679.6012761569395,247.35371244286156,-0.1745,64.17728221584805,-6.555891657468755,0.165,-3.343339043424331,2.7898823328866067
49.000000000000426,-2.0684055775784294,2686.017407371398,246.67736266449862,-0.1745,64.14534207331724,-6.97110390978991,0.165,-3.343339043424331,2.7898823328866067
49.10000000000043,-2.1237079951219244,2692.431491573994,245.96663939869137,-0.1745,64.13634197861026,-7.243361406354937,0.165,-3.343339043424331,2.7898823328866067
49.20000000000043,-1.9768283299748806,2698.845410332152,245.233367837276,-0.1745,64.14203318454831,-7.42206982195211,0.165,-3.343339043424331,2.7898823328866067
49.30000000000043,-2.06416278360597,2705.262918390035,244.5147303679083,-0.1495,64.20812797310991,-6.950679565401816,0.165,-3.343339043424331,2.7898823328866067
49.40000000000043,-2.1211957189859483,2711.6831989956504,243.80561021409918,-0.1745,64.19748413920446,-7.231723510780605,0.165,-3.343339043424331,2.7898823328866067
49.50000000000043,-2.1584263614931363,2718.1031756548914,243.07321965929606,-0.1745,64.20204904561709,-7.416087585281858,0.165,-3.343339043424331,2.7898823328866067
49.600000000000435,-2.1827261193158805,2724.5240974388566,242.32555265933004,-0.1745,64.21638663368424,-7.537252414038164,0.165,-3.343339043424331,2.7898823328866067
49.700000000000436,-2.1985873506283253,2730.9467673675963,241.56783365231593,-0.1745,64.2370119411055,-7.617127726244047,0.165,-3.343339043424331,2.7898823328866067
49.80000000000044,-2.208944698243602,2737.3717018105353,240.80347524087603,-0.1745,64.2616769176709,-7.670040502553943,0.165,-3.343339043424331,2.7898823328866067
49.90000000000044,-1.39269713695349,2743.7992319372656,240.03470555670003,-0.1745,64.2889256169319,-7.705353180965818,0.165,-3.343339043424331,2.7898823328866067
50.00000000000044,-1.683779989198315,2750.2287318904932,239.39669092511483,-0.06225,64.30107344761711,-5.054939450738566,0.8300000000000001,-3.343339043424331,2.7898823328866067
50.10000000000044,-1.8744834703740167,2756.652895085747,238.8446717021169,-0.1745,64.18219045745637,-5.985445009219737,0.165,-3.343339043424331,2.7898823328866067
50.20000000000044,-1.9992894312456497,2763.0679220896354,238.21563002191436,-0.1745,64.11834962031087,-6.595388594831199,0.165,-3.343339043424331,2.7898823328866067
50.300000000000445,-2.0809027641460767,2769.4782953108547,237.5360944258128,-0.1745,64.08911480407275,-6.995323327200417,0.165,-3.343339043424331,2.7898823328866067
50.400000000000446,-2.134240544676558,2775.886846148552,236.82344341871885,-0.1745,64.08190194987296,-7.257696814678473,0.165,-3.343339043424331,2.7898823328866067
50.50000000000045,-2.1690858439988165,2782.295381492875,236.0890577465172,-0.1745,64.08880493658731,-7.430016629354716,0.165,-3.343339043424331,2.7898823328866067
50.60000000000045,-2.191846020753249,2788.7050612170356,235.3403858867727,-0.1745,64.10478954661808,-7.543420565535208,0.165,-3.343339043424331,2.7898823328866067
50.70000000000045,-2.2067132684395334,2795.1166317798434,234.58229978115253,-0.1745,64.12662170953367,-7.6183015468682695,0.165,-3.343339043424331,2.7898823328866067
50.80000000000045,-1.3953455006587263,2801.530573453332,233.81798442942107,-0.1745,64.15221176024107,-7.668005487760669,0.165,-3.343339043424331,2.7898823328866067
50.90000000000045,-0.06314434384818032,2807.9431040839263,233.1828858039375,-0.06225,64.09840085163702,-5.033967021910867,0.165,-3.343339043424331,2.7898823328866067
51.000000000000455,-0.005389250908384956,2814.316866761844,232.89393466090428,0.04999999999999999,63.376852706708995,-0.7450558387532036,0.165,-3.343339043424331,2.7898823328866067
51.100000000000456,-0.7640465983188961,2820.651322828738,232.82861080201621,-0.06225,63.31226863117543,-0.5614213390079965,0.165,-3.343339043424331,2.7898823328866067
51.20000000000046,-1.2692601716916645,2826.9627615062204,232.65322122231305,-0.1745,62.91650491846807,-2.946370255055423,0.165,-3.343339043424331,2.7898823328866067
51.30000000000046,-1.6051467276210296,2833.242851416431,232.27970459004507,-0.1745,62.685293285744606,-4.523962390304343,0.165,-3.343339043424331,2.7898823328866067
51.40000000000046,-1.828103219660243,2839.504756530652,231.77496970228034,-0.1745,62.55280899867099,-5.570735364990036,0.165,-3.343339043424331,2.7898823328866067
51.50000000000046,-1.9758969115141467,2845.756473434192,231.18313713174967,-0.1745,62.48152907212659,-6.265916045623138,0.165,-3.343339043424331,2.7898823328866067
51.60000000000046,-2.0737544197595215,2852.003000190808,230.53345455171865,-0.1745,62.449006060201604,-6.727735554997386,0.165,-3.343339043424331,2.7898823328866067
51.700000000000465,-2.1384835747358073,2858.2475186610627,229.8453349329954,-0.1745,62.44136334488765,-7.034656819467792,0.165,-3.343339043424331,2.7898823328866067
51.800000000000466,-2.1812598438847592,2864.4920782369963,229.13166103826902,-0.1745,62.44982817378303,-7.238821075060026,0.165,-3.343339043424331,2.7898823328866067
51.90000000000047,-2.2095018481667075,2870.73800811271,228.4009766577999,-0.1745,62.468769340483355,-7.374866534322358,0.165,-3.343339043424331,2.7898823328866067
52.00000000000047,-2.2281282866020193,2876.9861733299667,227.65894406911323,-0.1745,62.494535004656655,-7.465785239411036,0.165,-3.343339043424331,2.7898823328866067
52.10000000000047,-2.240397308394733,2883.237137120807,226.90931351984423,-0.1745,62.52474081214471,-7.526825745968781,0.165,-3.343339043424331,2.7898823328866067
52.20000000000047,-2.2484655333434747,2889.491265314308,226.15456756500228,-0.1745,62.55782305787427,-7.568093350870184,0.165,-3.343339043424331,2.7898823328866067
52.30000000000047,-2.253759616964361,2895.7487941336185,225.39634886983794,-0.1745,62.592753328335796,-7.596280552416867,0.165,-3.343339043424331,2.7898823328866067
52.400000000000475,-2.257222857363796,2902.009874504136,224.6357439820604,-0.1745,62.62885408200882,-7.615817203133611,0.165,-3.343339043424331,2.7898823328866067
52.500000000000476,-2.2594786889266363,2908.2746011331246,223.87347141714574,-0.1745,62.66567849776832,-7.629634095159532,0.165,-3.343339043424331,2.7898823328866067
52.60000000000048,-2.2609389839126535,2914.5430316466895,223.11000624078838,-0.1745,62.702931773530736,-7.639669431987429,0.165,-3.343339043424331,2.7898823328866067
52.70000000000048,-2.2618757465428767,2920.815199205099,222.34566254376068,-0.1745,62.740419394652946,-7.647204508566568,0.165,-3.343339043424331,2.7898823328866067
52.80000000000048,-2.262468547905281,2927.091120827523,221.58064801549287,-0.1745,62.77801305382243,-7.653086056789542,0.165,-3.343339043424331,2.7898823328866067
52.90000000000048,-2.2628358958890247,2933.3708028886344,220.8151000404011,-0.1745,62.81562816840677,-7.657873445045915,0.165,-3.343339043424331,2.7898823328866067
53.00000000000048,-2.263055972532344,2939.654244748882,220.04910956388605,-0.1745,62.85320903654556,-7.661936085255157,0.165,-3.343339043424331,2.7898823328866067
53.100000000000485,-2.26318033755008,2945.9414411523267,219.2827368663879,-0.1745,62.890719032349686,-7.665517864707945,0.165,-3.343339043424331,2.7898823328866067
53.200000000000486,-2.263242980687399,2952.232383810362,218.51602198564456,-0.1745,62.92813412836218,-7.668779750158715,0.165,-3.343339043424331,2.7898823328866067
53.30000000000049,-2.263266299606302,2958.5270624475847,217.7489916006818,-0.1745,62.96543861608743,-7.671827949096639,0.165,-3.343339043424331,2.7898823328866067
53.40000000000049,-2.263265046235789,2964.8254654923367,216.98166357731787,-0.1745,63.00262227895503,-7.674732518181926,0.165,-3.343339043424331,2.7898823328866067
53.50000000000049,-2.2632489311777944,2971.1275805325376,216.2140499686378,-0.1745,63.03967852506834,-7.677539655419622,0.165,-3.343339043424331,2.7898823328866067
53.60000000000049,-2.2632243419683276,2977.4333946164984,215.44615899499365,-0.1745,63.076603154145005,-7.680279817463449,0.165,-3.343339043424331,2.7898823328866067
53.70000000000049,-2.2631954763614575,2983.742894451378,214.67799635020347,-0.1745,63.113393543446705,-7.6829730783401855,0.165,-3.343339043424331,2.7898823328866067
53.800000000000495,-2.263165089566825,2990.0560665340736,213.90956606298676,-0.1745,63.15004811046533,-7.685632665994311,0.165,-3.343339043424331,2.7898823328866067
53.900000000000496,-2.2631349867990753,2996.3728972375156,213.14087106490882,-0.1745,63.186565958373166,-7.688267295564325,0.165,-3.343339043424331,2.7898823328866067
54.0000000000005,-1.4523680106913996,3002.6933728675413,212.37191356471416,-0.1745,63.222946642135604,-7.690882708328944,0.165,-3.343339043424331,2.7898823328866067
54.1000000000005,-1.7306795490008133,3009.0146533572874,211.73245331348514,-0.06225,63.20266315279081,-5.0983223162514655,0.495,-3.343339043424331,2.7898823328866067
54.2000000000005,-1.9152276892899711,3015.329687806266,211.1788623099373,-0.1745,63.09802582677746,-5.973497754705119,0.165,-3.343339043424331,2.7898823328866067
54.3000000000005,-2.036112492420781,3021.63840866216,210.55229446951458,-0.1745,63.0763912911033,-6.557859053749089,0.495,-3.343339043424331,2.7898823328866067
54.4000000000005,-2.1157612299271404,3027.944945604676,209.87742331777727,-0.1745,63.05434755921247,-6.93956398099722,0.165,-3.343339043424331,2.7898823328866067
54.500000000000504,-2.168198783660387,3034.2503053990918,209.17084039226367,-0.1745,63.05284832910087,-7.192094529275048,0.165,-3.343339043424331,2.7898823328866067
54.600000000000506,-2.2026976874391333,3040.556179061491,208.44326703043944,-0.1745,63.06462491888352,-7.359372707209609,0.165,-3.343339043424331,2.7898823328866067
54.70000000000051,-2.2253800407756823,3046.863660702753,207.70177719466471,-0.1745,63.08500790635353,-7.47042400828495,0.165,-3.343339043424331,2.7898823328866067
54.80000000000051,-2.2402836874675085,3053.173459705296,206.9510353038847,-0.1745,63.11097214450613,-7.544413807315432,0.165,-3.343339043424331,2.7898823328866067
54.90000000000051,-2.2500696626384937,3059.4860356546164,206.194115266307,-0.1745,63.14054684190422,-7.5939869442389165,0.165,-3.343339043424331,2.7898823328866067
55.00000000000051,-2.2564905421586974,3065.8016851711564,205.43304189326435,-0.1745,63.17244348889319,-7.6274805166143285,0.165,-3.343339043424331,2.7898823328866067
55.10000000000051,-2.260699986685795,3072.1205982338447,204.66914845400325,-0.1745,63.20581776487534,-7.650388268607551,0.165,-3.343339043424331,2.7898823328866067
55.200000000000514,-2.2634570767290194,3078.44289490584,203.90331261275247,-0.1745,63.24011567503472,-7.66632855640771,0.165,-3.343339043424331,2.7898823328866067
55.300000000000516,-2.2652610738875643,3084.7686493627793,203.13611200787605,-0.1745,63.274973463746534,-7.677683541120718,0.165,-3.343339043424331,2.7898823328866067
55.40000000000052,-2.2664402345567263,3091.097905647371,202.36792678387218,-0.1745,63.31015222809137,-7.686020938956862,0.165,-3.343339043424331,2.7898823328866067
55.50000000000052,-2.267210309060327,3097.4306880128906,201.59900713099728,-0.1745,63.34549508229929,-7.692372118541271,0.165,-3.343339043424331,2.7898823328866067
55.60000000000052,-2.267713055282175,3103.7670077193416,200.82951775621711,-0.1745,63.38089904671471,-7.69741537706185,0.165,-3.343339043424331,2.7898823328866067
55.70000000000052,-2.268041584266886,3110.106867500696,200.05956715381518,-0.1745,63.416296580373995,-7.701596670976916,0.165,-3.343339043424331,2.7898823328866067
55.80000000000052,-2.2682570339237063,3116.4502645017988,199.28922686456465,-0.1745,63.45164344168415,-7.705209114033749,0.165,-3.343339043424331,2.7898823328866067
55.900000000000524,-2.268399534191153,3122.7971922092056,198.51854414357604,-0.1745,63.486910706451454,-7.708445305738822,0.165,-3.343339043424331,2.7898823328866067
56.000000000000526,-2.268495415787511,3129.147641720478,197.7475502900744,-0.1745,63.52207951899394,-7.711431764294163,0.165,-3.343339043424331,2.7898823328866067
56.10000000000053,-2.2685619479606025,3135.5016025784594,196.97626612302022,-0.1745,63.55713764063232,-7.714251576789219,0.165,-3.343339043424331,2.7898823328866067
56.20000000000053,-2.268610451317083,3141.859063319509,196.20470557947738,-0.1745,63.59207718035649,-7.716959294067879,0.165,-3.343339043424331,2.7898823328866067
56.30000000000053,-2.2686483424403687,3148.220011833678,195.4328780786371,-0.1745,63.62689310302421,-7.719590722737635,0.165,-3.343339043424331,2.7898823328866067
56.40000000000053,-2.0867167318230733,3154.5844356012744,194.6607900744685,-0.1745,63.66158224889783,-7.722169360633915,0.165,-3.343339043424331,2.7898823328866067
56.50000000000053,-2.1498210616935416,3160.9545928210696,193.91755863074388,-0.1495,63.74156214700386,-7.142459513858832,0.165,-3.343339043424331,2.7898823328866067
56.600000000000534,-2.1911548539846373,3167.328927750152,193.1931881866626,-0.1745,63.745136434648835,-7.344949367766755,0.165,-3.343339043424331,2.7898823328866067
56.700000000000536,-2.2182195654274857,3173.704154037017,192.45201756995678,-0.1745,63.75938930264413,-7.4784629663499285,0.165,-3.343339043424331,2.7898823328866067
56.80000000000054,-2.2359382282011993,3180.0811502375454,191.69975717656283,-0.1745,63.78053470792702,-7.566744901529081,0.165,-3.343339043424331,2.7898823328866067
56.90000000000054,-2.247538899070547,3186.460483206444,190.94015087400646,-0.1745,63.80612467005279,-7.6253811495983355,0.165,-3.343339043424331,2.7898823328866067
57.00000000000054,-2.255136804523124,3192.842517909413,190.17565205550363,-0.1745,63.83456938931607,-7.664595220458258,0.165,-3.343339043424331,2.7898823328866067
57.10000000000054,-2.2601172280768935,3199.2274880545974,189.40786783412003,-0.1745,63.86483351437461,-7.69108920721409,0.165,-3.343339043424331,2.7898823328866067
57.20000000000054,-2.2633870002508445,3205.615541811728,188.63785064659209,-0.1745,63.8962416282337,-7.709254543344782,0.165,-3.343339043424331,2.7898823328866067
57.300000000000544,-2.2655395182129108,3212.0067715279056,187.86628954811255,-0.1745,63.928352695322786,-7.7219674262460885,0.165,-3.343339043424331,2.7898823328866067
57.400000000000546,-2.2669629445674517,3218.4012330926907,187.09363562975688,-0.1745,63.96087860038005,-7.731110940867393,0.165,-3.343339043424331,2.7898823328866067
57.50000000000055,-2.267911108406534,3224.7989585786,186.320184204965,-0.1745,63.99363111780219,-7.737917554970451,0.165,-3.343339043424331,2.7898823328866067
57.60000000000055,-2.2685499434099445,3231.199964500282,185.5461286441644,-0.1745,64.02648731584262,-7.743193661041001,0.165,-3.343339043424331,2.7898823328866067
57.70000000000055,-2.2689878910627006,3237.6042572139654,184.77159562511625,-0.1745,64.0593669578296,-7.747466719922517,0.165,-3.343339043424331,2.7898823328866067
57.80000000000055,-1.4487907374604783,3244.0118364483005,183.9966682067774,-0.1745,64.09221772887,-7.751081646854575,0.165,-3.343339043424331,2.7898823328866067
57.90000000000055,-1.7341677210014306,3250.418337110334,183.35460742299776,-0.06225,64.0377955118043,-5.090134028738181,0.165,-3.343339043424331,2.7898823328866067
58.000000000000554,-1.9214919509695416,3256.816418234612,182.8001593882602,-0.1745,63.923826973753286,-5.9988266660127785,0.165,-3.343339043424331,2.7898823328866067
58.100000000000556,-2.044321541330682,3263.205771648871,182.1704333375802,-0.1745,63.8632413114393,-6.595694347587499,0.165,-3.343339043424331,2.7898823328866067
58.20000000000056,-2.1247962361943094,3269.590749096278,181.49125568460195,-0.1745,63.83630763669822,-6.987858711977417,0.165,-3.343339043424331,2.7898823328866067
58.30000000000056,-2.177490111895091,3275.974106402691,180.779579277773,-0.1745,63.83083849156359,-7.245669424601686,0.165,-3.343339043424331,2.7898823328866067
58.40000000000056,-2.2119799177963544,3282.357606157162,180.0465281825166,-0.1745,63.83915659785619,-7.415352480526255,0.165,-3.343339043424331,2.7898823328866067
58.50000000000056,-2.2345501196636595,3288.7423820785607,179.29939724193585,-0.1745,63.856361830117365,-7.527266331088676,0.165,-3.343339043424331,2.7898823328866067
58.60000000000056,-2.2493205229279543,3295.1291651357924,178.5429672774809,-0.1745,63.87929931451438,-7.601332958010226,0.165,-3.343339043424331,2.7898823328866067
58.700000000000564,-2.25898978859551,3301.51842641521,177.78036983774578,-0.1745,63.905926273839476,-7.650615836692108,0.165,-3.343339043424331,2.7898823328866067
58.800000000000566,-2.2653245909680315,3307.910468488301,177.01365526790812,-0.1745,63.934915187983385,-7.683675560061251,0.165,-3.343339043424331,2.7898823328866067
58.90000000000057,-2.2694809116895387,3314.305484317169,176.24416554448365,-0.1745,63.96540138937623,-7.706118908428374,0.165,-3.343339043424331,2.7898823328866067
59.00000000000057,-1.4524785413320498,3320.7035954327566,175.47277878026685,-0.1745,63.99682092237554,-7.7216163759078436,0.165,-3.343339043424331,2.7898823328866067
59.10000000000057,-1.7386885271392227,3327.1038908662813,174.83268036861898,-0.06225,64.00908774812171,-5.080351857049495,0.8300000000000001,-3.343339043424331,2.7898823328866067
59.20000000000057,-1.7456359620897142,3333.4990879053994,174.27909874195322,-0.1745,63.894853034242466,-5.991280676265772,0.165,-3.343339043424331,2.7898823328866067
59.30000000000057,-1.9311965757718164,3339.89059797328,173.6787283559068,-0.1495,63.9353483233691,-6.01612704466261,0.495,-3.343339043424331,2.7898823328866067
59.400000000000574,-2.052856192183504,3346.281146609816,173.0475469389307,-0.1745,63.87562440735043,-6.607501294859282,0.165,-3.343339043424331,2.7898823328866067
59.500000000000576,-2.132556475262314,3352.6673891053756,172.36737097601358,-0.1745,63.84922550384583,-6.996017963483656,0.165,-3.343339043424331,2.7898823328866067
59.60000000000058,-2.1847389224749554,3359.052054618463,171.65499967930134,-0.1745,63.84408475790579,-7.25140797076093,0.165,-3.343339043424331,2.7898823328866067
59.70000000000058,-2.2188918329938954,3365.436888802773,170.92145500058916,-0.1745,63.85259892829066,-7.419485603482458,0.165,-3.343339043424331,2.7898823328866067
59.80000000000058,-2.241240814062036,3371.823014473132,170.17396395913744,-0.1745,63.86991447888846,-7.530335225552271,0.165,-3.343339043424331,2.7898823328866067
59.90000000000058,-2.2558665804305695,3378.211155514865,169.41726237203557,-0.1745,63.89290635576887,-7.6036965164852806,0.165,-3.343339043424331,2.7898823328866067
60.00000000000058,-2.2654418694199943,3384.6017783870425,168.65445195393605,-0.1745,63.91955108778588,-7.652511845505265,0.165,-3.343339043424331,2.7898823328866067
60.100000000000584,-2.271716183024377,3390.9951826288684,167.88756328941497,-0.1745,63.94853374873131,-7.685261444916401,0.165,-3.343339043424331,2.7898823328866067
60.200000000000585,-2.275834137810466,3397.3915592126364,167.11792527598425,-0.1745,63.9789979266274,-7.707498823698284,0.165,-3.343339043424331,2.7898823328866067
60.30000000000059,-2.278544292612804,3403.791028363682,166.34640737523046,-0.1745,64.01038509428201,-7.722859191377718,0.165,-3.343339043424331,2.7898823328866067
60.40000000000059,-2.2803360134167594,3410.193664155331,165.5735783585153,-0.1745,64.04233073869678,-7.733721142925037,0.165,-3.343339043424331,2.7898823328866067
60.50000000000059,-2.2815291141368084,3416.5995105376,164.7998102764102,-0.1745,64.07459690668354,-7.741640499177273,0.165,-3.343339043424331,2.7898823328866067
60.60000000000059,-2.282332536412332,3423.0085917969227,164.02534652217548,-0.1745,64.10702827976982,-7.74763458551725,0.165,-3.343339043424331,2.7898823328866067
60.70000000000059,-2.2828827451411478,3429.420919387017,163.25034637212042,-0.1745,64.13952352211916,-7.752368415584311,0.165,-3.343339043424331,2.7898823328866067
60.800000000000594,-2.2832688420411453,3435.836496391709,162.4749141224519,-0.1745,64.17201657171381,-7.756276577786046,0.165,-3.343339043424331,2.7898823328866067
60.900000000000595,-2.283548986243947,3442.255320441146,161.69911814357764,-0.1745,64.20446441702906,-7.759642999699477,0.165,-3.343339043424331,2.7898823328866067
61.0000000000006,-2.2837611276110654,3448.677385617431,160.92300333710807,-0.1745,64.23683910866585,-7.762653129692069,0.165,-3.343339043424331,2.7898823328866067
61.1000000000006,-2.2839300204991737,3455.1026836997726,160.14659927745356,-0.1745,64.26912253816727,-7.765428063398011,0.165,-3.343339043424331,2.7898823328866067
61.2000000000006,-2.284071805663757,3461.5312049779586,159.36992553149963,-0.1745,64.30130302555666,-7.768046855680623,0.165,-3.343339043424331,2.7898823328866067
61.3000000000006,-2.284197002672702,3467.9629387837,158.5929951335098,-0.1745,64.33337308926417,-7.77056110411609,0.165,-3.343339043424331,2.7898823328866067
61.4000000000006,-2.1005729045557753,3474.3978738376127,157.81581685438468,-0.1745,64.36532798899066,-7.7730044783863645,0.165,-3.343339043424331,2.7898823328866067
61.500000000000604,-2.165007165932342,3480.8383562378835,157.06810988359086,-0.1495,64.44432001642402,-7.181134937489827,0.165,-3.343339043424331,2.7898823328866067
61.600000000000605,-2.2070113684822754,3487.282777855905,156.33956912126746,-0.1745,64.44411234400033,-7.389680308978393,0.165,-3.343339043424331,2.7898823328866067
61.70000000000061,-2.2343937897631343,3493.727737589741,155.59376661584872,-0.1745,64.45508233272369,-7.526369799396105,0.165,-3.343339043424331,2.7898823328866067
61.80000000000061,-2.2528199620872824,3500.174153244193,154.83663823329945,-0.1745,64.4732307563143,-7.616197851589357,0.165,-3.343339043424331,2.7898823328866067
61.90000000000061,-2.264115697523228,3506.624239057097,154.07176787777357,-0.1745,64.52848550176628,-7.681209258928289,0.495,-3.343339043424331,2.7898823328866067
62.00000000000061,-2.2715001386283546,3513.0783750999544,153.3017356316888,-0.1745,64.5542353553826,-7.719435662766655,0.165,-3.343339043424331,2.7898823328866067
62.10000000000061,-2.2763411763606607,3519.5351767116954,152.5285092681341,-0.1745,64.58179687943445,-7.745091608327704,0.165,-3.343339043424331,2.7898823328866067
62.200000000000614,-2.2795291837816696,3525.9947912242833,151.75312651243453,-0.1745,64.61049337232346,-7.762563505663465,0.165,-3.343339043424331,2.7898823328866067
62.300000000000615,-2.281643503720489,3532.457310164961,150.9762629451519,-0.1745,64.63988544123929,-7.774707839989423,0.165,-3.343339043424331,2.7898823328866067
62.40000000000062,-1.4559510345847706,3538.922788819857,150.198358345714,-0.1745,64.66968765667852,-7.783384148768059,0.165,-3.343339043424331,2.7898823328866067
62.50000000000062,-1.7466437920437508,3545.386998948817,149.5551452625469,-0.06225,64.61451492252715,-5.08087751457421,0.165,-3.343339043424331,2.7898823328866067
62.60000000000062,-1.9366479615888956,3551.8424126060713,149.00037948308267,-0.1745,64.4937582225548,-6.014438074710057,0.165,-3.343339043424331,2.7898823328866067
62.70000000000062,-2.0607154820926614,3558.288526668506,148.36841476959736,-0.1745,64.42852302614216,-6.6248561949958304,0.165,-3.343339043424331,2.7898823328866067
62.80000000000062,-2.1416710024458894,3564.729858492025,147.68596681907835,-0.1745,64.39811344423809,-7.024102815384813,0.165,-3.343339043424331,2.7898823328866067
62.900000000000624,-2.194472658774588,3571.169254919597,146.9704932148363,-0.1745,64.38981510720274,-7.285369269456387,0.165,-3.343339043424331,2.7898823328866067
63.000000000000625,-2.230084380658077,3577.608528580433,146.23339823852896,-0.1745,64.39565810951636,-7.456530256690092,0.165,-3.343339043424331,2.7898823328866067
63.10000000000063,-2.2518173933468337,3584.0521149442748,145.4815501620949,-0.1745,64.47606916732283,-7.580431271991254,0.8300000000000001,-3.343339043424331,2.7898823328866067
63.20000000000063,-2.2659960209884233,3590.5007640258996,144.71992156947945,-0.1745,64.49691246517528,-7.65214058031746,0.165,-3.343339043424331,2.7898823328866067
63.30000000000063,-2.27525783616544,3596.951678553675,143.95233399548817,-0.1745,64.52137809032996,-7.699610899507934,0.165,-3.343339043424331,2.7898823328866067
63.40000000000063,-2.2813210807953728,3603.405155106201,143.1807888488463,-0.1745,64.54815296019336,-7.731292033329531,0.165,-3.343339043424331,2.7898823328866067
63.50000000000063,-2.2853045815854527,3609.861382045622,142.40658970174954,-0.1745,64.57638582822166,-7.7526909086059534,0.165,-3.343339043424331,2.7898823328866067
63.600000000000634,-2.287936574160834,3616.3204775431955,141.63058540771624,-0.1745,64.60552412324337,-7.767394972060273,0.165,-3.343339043424331,2.7898823328866067
63.700000000000635,-2.28969089936063,3622.782514194644,140.8533286403507,-0.1745,64.63520890573281,-7.777740375250849,0.165,-3.343339043424331,2.7898823328866067
63.80000000000064,-2.290875775074196,3629.247534987865,140.07517922531198,-0.1745,64.66520695868454,-7.785247925523218,0.165,-3.343339043424331,2.7898823328866067
63.90000000000064,-2.107122391157168,3635.7155636742505,139.2963714612873,-0.1745,64.6953667690241,-7.790907354970394,0.165,-3.343339043424331,2.7898823328866067
64.00000000000064,-2.172610785585381,3642.1890143176556,138.54705361034712,-0.1495,64.77364609908089,-7.195449663833349,0.165,-3.343339043424331,2.7898823328866067
64.10000000000063,-2.2152062329200977,3648.666268122896,137.8168686918748,-0.1745,64.77143000572767,-7.408248705613535,0.165,-3.343339043424331,2.7898823328866067
64.20000000000063,-2.242916047476835,3655.1438750627563,137.06908967816244,-0.1745,64.78070879148414,-7.547331568633629,0.165,-3.343339043424331,2.7898823328866067
64.30000000000062,-2.260953103027624,3661.6227781082894,136.30979991593446,-0.1745,64.79735211917962,-7.638463675925987,0.165,-3.343339043424331,2.7898823328866067
64.40000000000062,-2.2727081631678407,3668.1035813224807,135.54295572954413,-0.1745,64.81871216465062,-7.6984200518807455,0.165,-3.343339043424331,2.7898823328866067
64.50000000000061,-2.28038535119679,3674.5866711099047,134.77112897001302,-0.1745,64.84308358382731,-7.7381151387411915,0.165,-3.343339043424331,2.7898823328866067
64.6000000000006,-2.2854166986054585,3681.072293529631,133.99599089662553,-0.1745,64.86936481070234,-7.76464632900867,0.165,-3.343339043424331,2.7898823328866067
64.7000000000006,-2.288732215988583,3687.560603920696,133.2186272425539,-0.1745,64.89684301059633,-7.782626752423979,0.165,-3.343339043424331,2.7898823328866067
64.8000000000006,-2.290935669063963,3694.0516988925947,132.43974322195308,-0.1745,64.925056427378,-7.7950536595925435,0.165,-3.343339043424331,2.7898823328866067
64.90000000000059,-2.2924189002328927,3700.545637003984,131.6597968505245,-0.1745,64.95370580040895,-7.8038737689794955,0.165,-3.343339043424331,2.7898823328866067
65.00000000000058,-2.108142837353952,3707.042452152175,130.87908560742173,-0.1745,64.98259716340316,-7.8103510930755045,0.165,-3.343339043424331,2.7898823328866067
65.10000000000058,-2.174285676778994,3713.5446019797964,130.12804619091858,-0.1495,65.06039938902957,-7.210437236987502,0.165,-3.343339043424331,2.7898823328866067
65.20000000000057,-2.2172210023360455,3720.0504496727935,129.3962180894168,-0.1745,65.05655447091733,-7.426124793048271,0.165,-3.343339043424331,2.7898823328866067
65.30000000000057,-2.245099730723072,3726.5564992416535,128.64657435388625,-0.1745,65.06443690627812,-7.566749917563049,0.165,-3.343339043424331,2.7898823328866067
65.40000000000056,-2.2632162973121788,3733.0637119468174,127.88530392178613,-0.1745,65.07981719699957,-7.658658724439404,0.165,-3.343339043424331,2.7898823328866067
65.50000000000055,-2.275006798663956,3739.5727023276672,127.11642272299599,-0.1745,65.09999041999946,-7.71896525136348,0.165,-3.343339043424331,2.7898823328866067
65.60000000000055,-2.2826998356290877,3746.0838627733424,126.34253549650393,-0.1745,65.12321849350242,-7.75877927847784,0.165,-3.343339043424331,2.7898823328866067
65.70000000000054,-2.2877401194505516,3752.5974427610136,125.56533108672573,-0.1745,65.1483812599251,-7.7853089170861205,0.165,-3.343339043424331,2.7898823328866067
65.80000000000054,-2.2910638146283087,3759.113599598246,124.78590420430868,-0.1745,65.17475548471675,-7.803228731255051,0.165,-3.343339043424331,2.7898823328866067
65.90000000000053,-2.2932773394796517,3765.632431058512,124.00496431332786,-0.1745,65.20187372060516,-7.815569088361282,0.165,-3.343339043424331,2.7898823328866067
66.00000000000053,-2.294773392036151,3772.153996429059,123.22297116749208,-0.1745,65.22943369034378,-7.824293828354315,0.165,-3.343339043424331,2.7898823328866067
66.10000000000052,-2.295806199610581,3778.678330108788,122.44022271360338,-0.1745,65.25723990423806,-7.83067524941981,0.165,-3.343339043424331,2.7898823328866067
66.20000000000051,-2.296540301263002,3785.2054504021944,121.65691208097927,-0.1745,65.28516596388563,-7.835537403062464,0.165,-3.343339043424331,2.7898823328866067
66.30000000000051,-2.2970821607881815,3791.73536520989,120.87316451672456,-0.1745,65.31313019002617,-7.839413882031725,0.165,-3.343339043424331,2.7898823328866067
66.4000000000005,-2.297500646715613,3798.2680757120197,120.08906131676268,-0.1745,65.34107985257023,-7.842650117205711,0.165,-3.343339043424331,2.7898823328866067
66.5000000000005,-2.2978402961871667,3804.8035787527624,119.3046553269959,-0.1745,65.36898096228161,-7.8454696781299935,0.165,-3.343339043424331,2.7898823328866067
66.60000000000049,-2.298129903037463,3811.3418683839445,118.519980981511,-0.1745,65.39681166136458,-7.848017231568051,0.165,-3.343339043424331,2.7898823328866067
66.70000000000049,-2.2983880769980374,3817.8829368642114,117.73506080150234,-0.1745,65.42455794397685,-7.850386368605143,0.165,-3.343339043424331,2.7898823328866067
66.80000000000048,-2.2986268413896793,3824.426775305684,116.9499096017925,-0.1745,65.45221088547206,-7.852637625591693,0.165,-3.343339043424331,2.7898823328866067
66.90000000000047,-2.298853960854368,3830.973374092391,116.16453721292548,-0.1745,65.47976484867361,-7.8548101517485165,0.165,-3.343339043424331,2.7898823328866067
67.00000000000047,-2.2990744470651943,3837.5227231509666,115.37895024226138,-0.1745,65.50721632283482,-7.856929261533417,0.165,-3.343339043424331,2.7898823328866067
67.10000000000046,-2.2992915324828727,3844.074812125721,114.59315321307965,-0.1745,65.53456317225752,-7.859011322101439,0.165,-3.343339043424331,2.7898823328866067
67.20000000000046,-2.299507299950524,3850.62963049184,113.80714930120146,-0.1745,65.56180415012109,-7.861066915462275,0.165,-3.343339043424331,2.7898823328866067
67.30000000000045,-2.2997230896748118,3857.187167628545,113.0209408112328,-0.1745,65.5889385839767,-7.863102883910744,0.165,-3.343339043424331,2.7898823328866067
67.40000000000045,-2.2999397622469404,3863.7474128663607,112.23452948439693,-0.1745,65.61596617233529,-7.865123652806891,0.165,-3.343339043424331,2.7898823328866067
67.50000000000044,-2.300157868588277,3870.3103555176344,111.4479166974653,-0.1745,65.64288685313537,-7.867132085825568,0.165,-3.343339043424331,2.7898823328866067
67.60000000000043,-2.300377759732902,3876.875984896227,110.66110359128412,-0.1745,65.66970071870875,-7.869130037798182,0.165,-3.343339043424331,2.7898823328866067
67.70000000000043,-2.300599657729954,3883.4442903302033,109.87409115379444,-0.1745,65.69640796081848,-7.871118711995353,0.165,-3.343339043424331,2.7898823328866067
67.80000000000042,-2.300823701425336,3890.0152611700014,109.08688027364592,-0.1745,65.72300883514139,-7.8730988909751485,0.165,-3.343339043424331,2.7898823328866067
67.90000000000042,-2.114211748106417,3896.5888867936746,108.29947177481185,-0.1745,65.74950363832106,-7.8750710857061526,0.165,-3.343339043424331,2.7898823328866067
68.00000000000041,-2.1809935726552916,3903.169319078493,107.54253375312835,-0.1495,65.8591420580491,-7.263689347963841,0.495,-3.343339043424331,2.7898823328866067
68.1000000000004,-2.2241011633300776,3909.7548420893295,106.80516703219853,-0.1745,65.85131815868057,-7.483645070632652,0.165,-3.343339043424331,2.7898823328866067
68.2000000000004,-2.2519453233779427,3916.3401910558146,106.0496807627729,-0.1745,65.85566117101702,-7.6260803178798575,0.165,-3.343339043424331,2.7898823328866067
68.3000000000004,-2.2699547706334964,3922.9263610237663,105.28245063857702,-0.1745,65.86773818802011,-7.718522166037695,0.165,-3.343339043424331,2.7898823328866067
68.40000000000039,-2.281630579121413,3929.5139845534704,104.50758765349872,-0.1745,65.88473240606314,-7.778737535528218,0.165,-3.343339043424331,2.7898823328866067
68.50000000000038,-1.4478987213171344,3936.103463438129,103.72774144030564,-0.1745,65.90484528710502,-7.818186728333431,0.165,-3.343339043424331,2.7898823328866067
68.60000000000038,-0.08758349352459996,3942.6927671817807,103.08478687864591,-0.06225,65.88122958592591,-5.0409045048611265,0.495,-3.343339043424331,2.7898823328866067
68.70000000000037,-0.04397923226754702,3949.2434756745824,102.80557824986658,0.04999999999999999,65.13294027011158,-0.5432680707254347,0.165,-3.343339043424331,2.7898823328866067
68.80000000000037,-0.831476644195096,3955.753145581922,102.7583770148371,-0.06225,65.06045787668214,-0.40075662986437727,0.165,-3.343339043424331,2.7898823328866067
68.90000000000036,-1.3490872237494147,3962.237408815,102.5911220088306,-0.1745,64.62480678487401,-2.944343490265747,0.165,-3.343339043424331,2.7898823328866067
69.00000000000036,-1.6888370158332635,3968.6871961309503,102.21372204615248,-0.1745,64.37093953413192,-4.603655763296505,0.165,-3.343339043424331,2.7898823328866067
69.10000000000035,-1.91153340145053,3975.1169589927836,101.699040368364,-0.1745,64.22431770253128,-5.6899777924732,0.165,-3.343339043424331,2.7898823328866067
69.20000000000034,-2.0573395378245634,3981.5353361513257,101.09444572544511,-0.1745,64.14322546830937,-6.401915065904602,0.165,-3.343339043424331,2.7898823328866067
69.30000000000034,-2.1527233469032607,3987.947651593392,100.43091750501596,-0.1745,64.10308337301997,-6.868649342678581,0.165,-3.343339043424331,2.7898823328866067
69.40000000000033,-2.2150866407510534,3994.3572508171465,99.72874729339169,-0.1745,64.08890110207027,-7.174754889806631,0.165,-3.343339043424331,2.7898823328866067
69.50000000000033,-2.255848301441169,4000.766261955617,99.0012252078974,-0.1745,64.09132166734689,-7.375686820079194,0.165,-3.343339043424331,2.7898823328866067
69.60000000000032,-2.2824900464792592,4007.176048677858,98.2570509250585,-0.1745,64.1044127774656,-7.5077988366990525,0.165,-3.343339043424331,2.7898823328866067
69.70000000000032,-2.2999084129081018,4013.587488033468,97.50191570779,-0.1745,64.12437433473269,-7.594905508670692,0.165,-3.343339043424331,2.7898823328866067
69.80000000000031,-2.31130529484255,4020.001144527445,96.73954066763447,-0.1745,64.14875554479993,-7.652595294439861,0.165,-3.343339043424331,2.7898823328866067
69.9000000000003,-2.3187730687422374,4026.417380749526,95.9723576480601,-0.1745,64.17596889681411,-7.69106509704765,0.165,-3.343339043424331,2.7898823328866067
70.0000000000003,-2.3236783478154703,4032.836428355971,95.2019553320634,-0.1745,64.20498323209075,-7.7169812228861625,0.165,-3.343339043424331,2.7898823328866067
70.10000000000029,-2.326913334170453,4039.2584338996066,94.4293712840171,-0.1745,64.23512764062266,-7.734699738039948,0.165,-3.343339043424331,2.7898823328866067
70.20000000000029,-2.329060289767143,4045.6834885411376,93.65528300054584,-0.1745,64.26596518999443,-7.747065931385237,0.165,-3.343339043424331,2.7898823328866067
70.30000000000028,-2.330499078279502,4052.111647360833,92.88013282300766,-0.1745,64.29721120391424,-7.755937619378372,0.165,-3.343339043424331,2.7898823328866067
70.40000000000028,-2.331477442844492,4058.5429419309658,92.10420956894704,-0.1745,64.32868019874314,-7.762527461833796,0.165,-3.343339043424331,2.7898823328866067
70.50000000000027,-2.332156910727472,4064.9773885087375,91.32770185752715,-0.1745,64.36025135669051,-7.767626766564036,0.165,-3.343339043424331,2.7898823328866067
70.60000000000026,-2.333195639163938,4071.414993378155,90.55073293182885,-0.1745,64.39184603166271,-7.771751747402001,0.165,-3.343339043424331,2.7898823328866067
70.70000000000026,-2.3331972352570642,4077.857381276137,89.7730969250364,-0.1745,64.45591192797752,-7.780968388447093,0.495,-3.343339043424331,2.7898823328866067
70.80000000000025,-2.333245066990868,4084.3045502473005,88.9949051299227,-0.1745,64.48746749529496,-7.782867513826844,0.165,-3.343339043424331,2.7898823328866067
70.90000000000025,-2.3333240382334393,4090.7548675734474,88.2165168892027,-0.1745,64.51887902763922,-7.784897300573129,0.165,-3.343339043424331,2.7898823328866067
71.00000000000024,-2.333424315713721,4097.208319241124,87.43792155133863,-0.1745,64.55015432588347,-7.7870094567082155,0.165,-3.343339043424331,2.7898823328866067
71.10000000000024,-2.3335394938560885,4103.66489188803,86.65911245181003,-0.1745,64.58129861223722,-7.7891725338636855,0.165,-3.343339043424331,2.7898823328866067
71.20000000000023,-2.3336653990021854,4110.1245725900435,85.88008552215143,-0.1745,64.61231542802588,-7.791366059308249,0.165,-3.343339043424331,2.7898823328866067
71.30000000000022,-2.3349115787215875,4116.5873487224,85.10083838366184,-0.1745,64.64320721910883,-7.793576710483727,0.165,-3.343339043424331,2.7898823328866067
71.40000000000022,-2.334330222503351,4123.056482374018,84.32079248467417,-0.1745,64.73946581325418,-7.807341269269677,0.8300000000000001,-3.343339043424331,2.7898823328866067
71.50000000000021,-2.334009194198084,4129.5319662268375,83.54006530983692,-0.1745,64.77021124314732,-7.807202227475305,0.165,-3.343339043424331,2.7898823328866067
71.60000000000021,-2.333858189095874,4136.010512310078,82.75931096758944,-0.1745,64.80071042167755,-7.807884617474184,0.165,-3.343339043424331,2.7898823328866067
71.7000000000002,-2.3338185465299164,4142.492098244679,81.97846184099744,-0.1745,64.83100827034555,-7.809097914365975,0.165,-3.343339043424331,2.7898823328866067
71.8000000000002,-2.333852168321165,4148.976705364641,81.19747427880598,-0.1745,64.86113412889334,-7.810653329463131,0.165,-3.343339043424331,2.7898823328866067
71.90000000000019,-2.333934314873452,4155.464317431202,80.41632020158792,-0.1745,64.89110720232752,-7.812428214897992,0.165,-3.343339043424331,2.7898823328866067
72.00000000000018,-2.3340489230975328,4161.954919796614,79.6349816452256,-0.1745,64.92094010592157,-7.814342912348546,0.165,-3.343339043424331,2.7898823328866067
72.10000000000018,-2.3341855640590317,4168.448498860482,78.85344721466595,-0.1745,64.95064117142981,-7.816345698844279,0.165,-3.343339043424331,2.7898823328866067
72.20000000000017,-2.3343374665577397,4174.945041716397,78.0717097797237,-0.1745,64.98021594688402,-7.818403000000495,0.165,-3.343339043424331,2.7898823328866067
72.30000000000017,-2.3345002334755276,4181.444535922324,77.28976497826771,-0.1745,65.0096681716518,-7.820493029119339,0.165,-3.343339043424331,2.7898823328866067
72.40000000000016,-2.3346710082624673,4187.946969351415,76.50761024411617,-0.1745,65.03900041016686,-7.82260165391154,0.165,-3.343339043424331,2.7898823328866067
72.50000000000016,-2.334847933839022,4194.452330095109,75.72524417585286,-0.1745,65.06821446370459,-7.824719711354388,0.165,-3.343339043424331,2.7898823328866067
72.60000000000015,-2.3350298014108186,4200.960606400187,74.9426661270985,-0.1745,65.09731163786941,-7.826841263732798,0.165,-3.343339043424331,2.7898823328866067
72.70000000000014,-2.3352158225948223,4207.471786627896,74.15987594060014,-0.1745,65.12629291630908,-7.828962466234474,0.165,-3.343339043424331,2.7898823328866067
72.80000000000014,-2.3354054815933707,4213.985859227387,73.3768737756974,-0.1745,65.15515907350161,-7.831080831820399,0.165,-3.343339043424331,2.7898823328866067
72.90000000000013,-2.3355984393191314,4220.5028127184605,72.59365999640089,-0.1745,65.18391074796565,-7.833194754109948,0.165,-3.343339043424331,2.7898823328866067
73.00000000000013,-2.335794471228151,4227.022635680347,71.81023509880558,-0.1745,65.21254848976993,-7.835303197796198,0.165,-3.343339043424331,2.7898823328866067
73.10000000000012,-2.3359934270190834,4233.545316744403,71.02659966402508,-0.1745,65.24107279135622,-7.8374054978135375,0.165,-3.343339043424331,2.7898823328866067
73.20000000000012,-2.3361952045134844,4240.070844589347,70.24275432768016,-0.1745,65.26948410753155,-7.83950122908506,0.165,-3.343339043424331,2.7898823328866067
73.30000000000011,-2.336399732730959,4246.599207938145,69.45869976012266,-0.1745,65.29778286843187,-7.84159012206508,0.165,-3.343339043424331,2.7898823328866067
73.4000000000001,-2.3366069609247266,4253.130395555962,68.67443665361998,-0.1745,65.32596948792575,-7.84367200798845,0.165,-3.343339043424331,2.7898823328866067
73.5000000000001,-2.3368168514800653,4259.6643962488115,67.88996571405127,-0.1745,65.35404436906053,-7.845746783385779,0.165,-3.343339043424331,2.7898823328866067
73.6000000000001,-2.337029375315642,4266.201198862644,67.10528765552746,-0.1745,65.3820079075905,-7.847814387090376,0.165,-3.343339043424331,2.7898823328866067
73.70000000000009,-2.338354782146305,4272.740792282736,66.3204031969058,-0.1745,65.40986049426165,-7.849874785342724,0.165,-3.343339043424331,2.7898823328866067
73.80000000000008,-2.337857766431454,4279.286439938051,65.53473578715419,-0.1745,65.50309261203746,-7.863473409689455,0.8300000000000001,-3.343339043424331,2.7898823328866067
73.90000000000008,-2.3376188591752416,4285.838135646484,64.74840446485092,-0.1745,65.53082155661987,-7.863153036375997,0.165,-3.343339043424331,2.7898823328866067
74.00000000000007,-2.3380981657641913,4292.392592398496,63.962063893206484,-0.1745,65.55831348361316,-7.86365839651272,0.165,-3.343339043424331,2.7898823328866067
74.10000000000007,-2.337781536596836,4298.951413722843,63.17535978987162,-0.1745,65.618113003327,-7.870423670184541,0.495,-3.343339043424331,2.7898823328866067
74.20000000000006,-2.337662891628727,4305.514584381039,62.38830736440452,-0.1745,65.64530016057769,-7.870624839157522,0.165,-3.343339043424331,2.7898823328866067
74.30000000000005,-2.3376727726601603,4312.080463477904,61.601203264001654,-0.1745,65.67228177673454,-7.871457168899731,0.165,-3.343339043424331,2.7898823328866067
74.40000000000005,-2.338317050412337,4318.649032221095,60.81399569962184,-0.1745,65.69909308706909,-7.872694118696534,0.165,-3.343339043424331,2.7898823328866067
74.50000000000004,-2.338662263109455,4325.22189966601,60.02636505237322,-0.1745,65.75825581123956,-7.879918826275854,0.495,-3.343339043424331,2.7898823328866067
74.60000000000004,-2.3382669281448347,4331.80067914868,59.23806248312716,-0.1745,65.81733384214483,-7.886132558645443,0.495,-3.343339043424331,2.7898823328866067
74.70000000000003,-2.3381043327135274,4338.383734569158,58.44945786478481,-0.1745,65.84377456742946,-7.8859598082014735,0.165,-3.343339043424331,2.7898823328866067
74.80000000000003,-2.3380924075021965,4344.969423026312,57.66083315302396,-0.1745,65.86999457565713,-7.886534427015596,0.165,-3.343339043424331,2.7898823328866067
74.90000000000002,-2.338178294552765,4351.557724534482,56.872127036556435,-0.1745,65.89603558774651,-7.887587902334832,0.165,-3.343339043424331,2.7898823328866067
75.00000000000001,-2.338327955305246,4358.148622544905,56.0833002792336,-0.1745,65.92192462072452,-7.888947244121939,0.165,-3.343339043424331,2.7898823328866067
75.10000000000001,-2.3385194731893644,4364.742102736487,55.29432786562792,-0.1745,65.94767921091163,-7.890501027991631,0.165,-3.343339043424331,2.7898823328866067
75.2,-2.33873873811309,4371.338152236202,54.50519393915605,-0.1745,65.97331078339268,-7.892177501445792,0.165,-3.343339043424331,2.7898823328866067
75.3,-2.3389766662919165,4377.9367591166165,53.71588854054966,-0.1745,65.99882682489798,-7.893930470681962,0.165,-3.343339043424331,2.7898823328866067
75.39999999999999,-2.3392274095483385,4384.537912072092,52.92640550677747,-0.1745,66.02423228461487,-7.895730204761865,0.165,-3.343339043424331,2.7898823328866067
75.49999999999999,-2.339487202161342,4391.141600210173,52.13674111780815,-0.1745,66.04953047701959,-7.897557574624532,0.165,-3.343339043424331,2.7898823328866067
75.59999999999998,-2.3397536184283796,4397.747812917205,51.34689322521288,-0.1745,66.07472366361404,-7.899400277280812,0.165,-3.343339043424331,2.7898823328866067
75.69999999999997,-2.340025094756049,4404.356539771769,50.556860691156814,-0.1745,66.09981342767831,-7.901250403840572,0.165,-3.343339043424331,2.7898823328866067
75.79999999999997,-2.3403006220915086,4410.967770488935,49.76664302729388,-0.1745,66.12480091563047,-7.903102873418112,0.165,-3.343339043424331,2.7898823328866067
75.89999999999996,-2.340579548020654,4417.581494884338,48.97624016238111,-0.1745,66.14968699244042,-7.904954424837333,0.165,-3.343339043424331,2.7898823328866067
75.99999999999996,-2.340861449456111,4424.197702851045,48.185652292759364,-0.1745,66.17447234168084,-7.906802967597569,0.165,-3.343339043424331,2.7898823328866067
76.09999999999995,-2.3411460507528714,4430.816384344625,47.39487978617051,-0.1745,66.1991575299233,-7.908647164179472,0.165,-3.343339043424331,2.7898823328866067
76.19999999999995,-2.341433171052611,4437.437529373529,46.60392311989715,-0.1745,66.22374304817693,-7.9104861612877535,0.165,-3.343339043424331,2.7898823328866067
76.29999999999994,-2.3417226904302457,4444.061127992865,45.81278284098478,-0.1745,66.24822933854831,-7.912319416959704,0.165,-3.343339043424331,2.7898823328866067
76.39999999999993,-2.342014528133157,4450.687170300363,45.02145954066846,-0.1745,66.27261681138972,-7.9141465893667,0.165,-3.343339043424331,2.7898823328866067
76.49999999999993,-2.154490889734581,4457.315646433748,44.229953837934666,-0.1745,66.29690585632672,-7.91596746530915,0.165,-3.343339043424331,2.7898823328866067
76.59999999999992,-2.222074830460029,4463.952434830143,43.469165430358885,-0.1495,66.4388620715701,-7.299800686206448,0.8300000000000001,-3.343339043424331,2.7898823328866067
76.69999999999992,-2.2655279421058667,4470.595775335386,42.7279784576911,-0.1745,66.42794803328617,-7.523938767149183,0.165,-3.343339043424331,2.7898823328866067
76.79999999999991,-2.2934941466901937,4477.23865214632,41.96836356067181,-0.1745,66.42958818539827,-7.668359173236569,0.165,-3.343339043424331,2.7898823328866067
76.8999999999999,-2.3126652200106004,4483.882090292897,41.19686528168857,-0.1745,66.43917474613212,-7.761606406428293,0.165,-3.343339043424331,2.7898823328866067
76.9999999999999,-2.3236229100417924,4490.530013220516,40.41710677679672,-0.1745,66.51928380624018,-7.833563691408618,0.8300000000000001,-3.343339043424331,2.7898823328866067
77.0999999999999,-2.3307518277578394,4497.182836056837,39.63189980886122,-0.1745,66.53717292018634,-7.870575667301381,0.165,-3.343339043424331,2.7898823328866067
77.19999999999989,-2.335429470949383,4503.83754146916,38.84362588072063,-0.1745,66.55693532627073,-7.894902895510425,0.165,-3.343339043424331,2.7898823328866067
77.29999999999988,-2.338538400636102,4510.4942813509515,38.053325657070694,-0.1745,66.57786230955412,-7.911101577488365,0.165,-3.343339043424331,2.7898823328866067
77.39999999999988,-2.3406439070864256,4517.153149510975,37.261665987726474,-0.1745,66.59950089091434,-7.9220918093960595,0.165,-3.343339043424331,2.7898823328866067
77.49999999999987,-2.342107972402661,4523.814202625732,36.469074168094004,-0.1745,66.62156140423077,-7.929744583253338,0.165,-3.343339043424331,2.7898823328866067
77.59999999999987,-2.343162336799186,4530.4774736257905,35.67582401854283,-0.1745,66.64385859693374,-7.9352584077700845,0.165,-3.343339043424331,2.7898823328866067
77.69999999999986,-2.3439553272641263,4537.142980256554,34.88209105581402,-0.1745,66.66627401834388,-7.939400846806161,0.165,-3.343339043424331,2.7898823328866067
77.79999999999986,-2.3445818612536833,4543.810730556079,34.08798784485988,-0.1745,66.68873197214272,-7.942663372276691,0.165,-3.343339043424331,2.7898823328866067
77.89999999999985,-2.345102665401319,4550.48072636119,33.29358664557965,-0.1745,66.71118413008541,-7.945360613327855,0.165,-3.343339043424331,2.7898823328866067
77.99999999999984,-2.3455565830803775,4557.152965551869,32.49893391733529,-0.1745,66.73359968349834,-7.94769395155929,0.165,-3.343339043424331,2.7898823328866067
78.09999999999984,-2.3459684543995465,4563.827443487956,31.704059606699897,-0.1745,66.75595903823437,-7.949792261148644,0.165,-3.343339043424331,2.7898823328866067
78.19999999999983,-2.3463541603879685,4570.504153928765,30.90898309354019,-0.1745,66.77824977794727,-7.951738002045479,0.165,-3.343339043424331,2.7898823328866067
78.29999999999983,-2.3467238512704074,4577.183089621648,30.113716997002513,-0.1745,66.80046407971415,-7.953583928708087,0.165,-3.343339043424331,2.7898823328866067
78.39999999999982,-2.3470840121651353,4583.864242678615,29.318269611196587,-0.1745,66.82259705961992,-7.955363787410415,0.165,-3.343339043424331,2.7898823328866067
78.49999999999982,-2.3474387846270868,4590.547604817285,28.522646463647057,-0.1745,66.84464571379644,-7.95709916358023,0.165,-3.343339043424331,2.7898823328866067
78.59999999999981,-2.347790811956398,4597.23316751501,27.72685131227072,-0.1745,66.86660824069907,-7.95880386394651,0.165,-3.343339043424331,2.7898823328866067
78.6999999999998,-2.3481417797900637,4603.920922107417,26.930886783048663,-0.1745,66.88848360744,-7.960486720494678,0.165,-3.343339043424331,2.7898823328866067
78.7999999999998,-2.3484927617580125,4610.610859851406,26.134754777810436,-0.1745,66.9102712723366,-7.96215338426985,0.165,-3.343339043424331,2.7898823328866067
78.89999999999979,-2.3488444404566526,4617.302971965394,25.338456734960225,-0.1745,66.93197100743383,-7.96380747273438,0.165,-3.343339043424331,2.7898823328866067
78.99999999999979,-2.3491972486889687,4623.997249655015,24.54199379614801,-0.1745,66.95358278499687,-7.965451303509921,0.165,-3.343339043424331,2.7898823328866067
79.09999999999978,-2.3495514597249985,4630.693684129512,23.74536691279628,-0.1745,66.97510670492946,-7.967086363524696,0.165,-3.343339043424331,2.7898823328866067
79.19999999999978,-2.349907244973075,4637.392266612177,22.94857691417368,-0.1745,66.99654294837006,-7.968713608927238,0.165,-3.343339043424331,2.7898823328866067
79.29999999999977,-2.3502647108218286,4644.092988346997,22.15162455088837,-0.1745,67.01789174802974,-7.970333656778962,0.165,-3.343339043424331,2.7898823328866067
79.39999999999976,-2.350623922171668,4650.79584060286,21.354510522671713,-0.1745,67.03915336923494,-7.971946907554185,0.165,-3.343339043424331,2.7898823328866067
79.49999999999976,-2.3509849174619464,4657.500814676213,20.557235496123553,-0.1745,67.06032809781398,-7.973553623409012,0.165,-3.343339043424331,2.7898823328866067
79.59999999999975,-2.3513477182655436,4664.207901892722,19.75980011604407,-0.1745,67.08141623235804,-7.975153978180693,0.165,-3.343339043424331,2.7898823328866067
79.69999999999975,-2.352260681327094,4670.917093608304,18.96220501266892,-0.1745,67.10241807927768,-7.976748089322235,0.165,-3.343339043424331,2.7898823328866067
79.79999999999974,-2.3522793951769954,4677.630006151975,18.16416434029628,-0.1745,67.15583279415179,-7.984065358130573,0.495,-3.343339043424331,2.7898823328866067
79.89999999999974,-2.3524270683096087,4684.34663325144,17.36573772220988,-0.1745,67.17670919514426,-7.984467003597474,0.165,-3.343339043424331,2.7898823328866067
79.99999999999973,-2.352657539925914,4691.065340456678,16.56724999372835,-0.1745,67.19743490961642,-7.985287566033138,0.165,-3.343339043424331,2.7898823328866067
80.09999999999972,-2.3529413948921403,4697.7861139088955,15.768666970263741,-0.1745,67.21803413472836,-7.986372903259018,0.165,-3.343339043424331,2.7898823328866067
80.19999999999972,-2.353259890994478,4704.5089417361105,14.96996708630135,-0.1745,67.23852240957324,-7.987624775988781,0.165,-3.343339043424331,2.7898823328866067
80.29999999999971,-2.353601087354708,4711.2338133441735,14.171136818194485,-0.1745,67.25890975167862,-7.988980586148514,0.165,-3.343339043424331,2.7898823328866067
80.39999999999971,-2.353957376555746,4717.960718964653,13.372167766127237,-0.1745,67.27920265790404,-7.990400455196438,0.165,-3.343339043424331,2.7898823328866067
80.4999999999997,-2.3543239117930908,4724.689649366577,12.573054794127955,-0.1745,67.29940538057977,-7.991858984789215,0.165,-3.343339043424331,2.7898823328866067
80.5999999999997,-2.3546976046165864,4731.420595672667,11.77379484469115,-0.1745,67.31952074122997,-7.993340003946893,0.165,-3.343339043424331,2.7898823328866067
80.69999999999969,-2.355076486371554,4738.153549242195,10.974386183455824,-0.1745,67.33955064933545,-7.99483322075962,0.165,-3.343339043424331,2.7898823328866067
80.79999999999968,-2.355459301427047,4744.8885015963115,10.174827917995175,-0.1745,67.35949643299202,-7.9963320884533395,0.165,-3.343339043424331,2.7898823328866067
80.89999999999968,-2.3558452480986487,4751.625444370443,9.375119691291667,-0.1745,67.37935904963345,-7.99783244561683,0.165,-3.343339043424331,2.7898823328866067
80.99999999999967,-2.356233813666537,4758.36436928394,8.57526148651687,-0.1745,67.39913922029827,-7.999331649879108,0.165,-3.343339043424331,2.7898823328866067
81.09999999999967,-2.356624669331147,4765.105268120713,7.775253502719937,-0.1745,67.4188375151661,-8.000828026059558,0.165,-3.343339043424331,2.7898823328866067
81.19999999999966,-2.3570176033421135,4771.848132716873,6.975096075682154,-0.1745,67.4384544080406,-8.0023205146961,0.165,-3.343339043424331,2.7898823328866067
81.29999999999966,-2.357412478435129,4778.592954952827,6.1747896275358265,-0.1745,67.45799031104684,-8.003808448230448,0.165,-3.343339043424331,2.7898823328866067
81.39999999999965,-2.3578092047450436,4785.339726748216,5.374334634698912,-0.1745,67.47744559672483,-8.005291408507842,0.165,-3.343339043424331,2.7898823328866067
81.49999999999964,-2.3582077225706746,4792.088440058657,4.573731607470343,-0.1745,67.49682061209523,-8.00676913606354,0.165,-3.343339043424331,2.7898823328866067
81.59999999999964,-2.3586079914099005,4798.839086873642,3.7729810770478993,-0.1745,67.51611568761275,-8.008241472385327,0.165,-3.343339043424331,2.7898823328866067
81.69999999999963,-2.3590099829849427,4805.591659215166,2.9720835872701046,-0.1745,67.53533114286459,-8.009708323170567,0.165,-3.343339043424331,2.7898823328866067
81.79999999999963,-2.3594136768064375,4812.346149136819,2.171039689364202,-0.1745,67.55446729019673,-8.011169634947484,0.165,-3.343339043424331,2.7898823328866067
81.89999999999962,-2.3598190573525915,4819.10254872318,1.3698499386067224,-0.1745,67.57352443702119,-8.01262538020211,0.165,-3.343339043424331,2.7898823328866067
81.99999999999962,-10000.0,4825.860850089395,0.5685148922007235,-0.1745,67.592502887284,-8.01407554791787,0.165,-3.343339043424331,2.7898823328866067
