t,reward,x,y,theta,vx,vy,throttle,wind_vx,wind_vy
0.0,0.0,36.514441397110815,384.2617341194874,-0.09520279822328044,49.22660431331064,2.6663829309925995,0.5,0.41773789670916484,5.133010198434709
0.1,-2.3672382673260977,36.514441397110815,384.2617341194874,-0.09520279822328044,49.22660431331064,2.6663829309925995,0.5,0.41773789670916484,5.133010198434709
0.2,-1.83694204159955,41.42690071735881,384.44176885776176,-0.1745,49.02258209164928,0.9343118344946224,0.165,0.41773789670916484,5.133010198434709
0.30000000000000004,-1.9886620153524117,46.323292414639745,384.46992236701436,-0.1745,48.905251853969396,-0.37124164944242244,0.165,0.41773789670916484,5.133010198434709
0.4,-1.5509106556507595,51.21642816925908,384.4510527667608,-0.06225,48.95746323841732,-0.00615035562786953,0.8300000000000001,0.41773789670916484,5.133010198434709
0.5,-1.2167631073839271,56.10845283232404,384.3966594424632,-0.1745,48.88303002288179,-1.0817161303245264,0.165,0.41773789670916484,5.133010198434709
0.6,-0.9690879780563101,60.99860972522508,384.2473269161825,-0.1745,48.92010783513907,-1.9049343952903568,0.8300000000000001,0.41773789670916484,5.133010198434709
0.7,-0.7834202236887293,65.89082549551067,384.0262999568013,-0.1745,48.92420757057278,-2.515604792332506,0.165,0.41773789670916484,5.133010198434709
0.7999999999999999,-0.6417686278971524,70.78461069344817,383.75173898198307,-0.1745,48.95149638817731,-2.9756147040322003,0.165,0.41773789670916484,5.133010198434709
0.8999999999999999,-0.5393200218857694,75.68523646441264,383.43628662803803,-0.1745,49.06101903111212,-3.3334323748683676,0.8300000000000001,0.41773789670916484,5.133010198434709
0.9999999999999999,-0.46326876214849294,80.59415440518192,383.09001607971436,-0.1745,49.11733978427353,-3.5919785916045783,0.165,0.41773789670916484,5.133010198434709
1.0999999999999999,-0.4070236338364075,85.50914622934103,382.72109667477275,-0.1745,49.18249669890842,-3.786409507227283,0.165,0.41773789670916484,5.133010198434709
1.2,-0.3656134381440876,90.43097715502797,382.3351421996208,-0.1745,49.25412181483044,-3.93267999581114,0.165,0.41773789670916484,5.133010198434709
1.3,-0.33529809176017,95.36020742810483,381.93636698369886,-0.1745,49.33048364670659,-4.042824322628286,0.165,0.41773789670916484,5.133010198434709
1.4000000000000001,-0.31326942914548295,100.29724704035695,381.5279305965837,-0.1745,49.410308598335966,-4.125903419674461,0.165,0.41773789670916484,5.133010198434709
1.5000000000000002,-0.2974225258152083,105.24239525712892,381.1121989966497,-0.1745,49.49265573710338,-4.188728579005603,0.165,0.41773789670916484,5.133010198434709
1.6000000000000003,-0.2861818123460255,110.19586942670924,380.6909419310211,-0.1745,49.57682765450304,-4.236412733566746,0.165,0.41773789670916484,5.133010198434709
1.7000000000000004,-0.27836937835254455,115.15782612141345,380.2654818373676,-0.1745,49.6623062395813,-4.272789139503758,0.165,0.41773789670916484,5.133010198434709
1.8000000000000005,-0.27310554297835327,120.128376731251,379.8368059566882,-0.1745,49.748705957169584,-4.300728474084781,0.165,0.41773789670916484,5.133010198434709
1.9000000000000006,-0.3967084567741888,125.10759900946576,379.4056506121817,-0.1745,49.83573960712566,-4.32237841604421,0.165,0.41773789670916484,5.133010198434709
2.0000000000000004,-0.3620779278344516,130.09925442799425,378.98821379973225,-0.1495,49.99736876344442,-4.026357832945409,0.8300000000000001,0.41773789670916484,5.133010198434709
2.1000000000000005,-0.33692134307142796,135.1028245943108,378.5808419726138,-0.1745,50.07403456288643,-4.1210787094227035,0.165,0.41773789670916484,5.133010198434709
2.2000000000000006,-0.3188034518982169,140.1142107421089,378.165171715728,-0.1745,50.15368839307561,-4.192326428293861,0.165,0.41773789670916484,5.133010198434709
2.3000000000000007,-0.30590897556301344,145.13367020506064,377.7432503512269,-0.1745,50.23550086595919,-4.24610086172741,0.165,0.41773789670916484,5.133010198434709
2.400000000000001,-0.29688649487147306,150.16138821233253,377.3166012588914,-0.1745,50.31885927947829,-4.286880984981799,0.165,0.41773789670916484,5.133010198434709
2.500000000000001,-0.8740652297224851,155.19749668352856,376.886356880464,-0.1745,50.403310144442095,-4.318006583566773,0.165,0.41773789670916484,5.133010198434709
2.600000000000001,-0.7179848339837813,160.23934101233445,376.5274736352971,-0.06225,50.43357643167553,-2.859658319770908,0.8300000000000001,0.41773789670916484,5.133010198434709
2.700000000000001,-0.6026391460641125,165.28430098654334,376.2215170984966,-0.1745,50.46562305250253,-3.25947241623916,0.165,0.41773789670916484,5.133010198434709
2.800000000000001,-0.5176564036706066,170.33321047317185,375.8806728427677,-0.1745,50.51256668006773,-3.557412698338205,0.165,0.41773789670916484,5.133010198434709
2.9000000000000012,-0.4552567032896593,175.3873522244866,375.51383148653355,-0.1745,50.570268346227216,-3.779414426344379,0.165,0.41773789670916484,5.133010198434709
3.0000000000000013,-0.4096233049361975,180.44765391276977,375.12761611988685,-0.1745,50.635765419436105,-3.9448929065900207,0.165,0.41773789670916484,5.133010198434709
3.1000000000000014,-0.3764186401218039,185.51478808826215,374.7269536285936,-0.1745,50.70691809041178,-4.06835691927469,0.165,0.41773789670916484,5.133010198434709
3.2000000000000015,-0.35241502453521534,190.58924250969724,374.31550429454785,-0.1745,50.782170338290214,-4.1606297616399,0.165,0.41773789670916484,5.133010198434709
3.3000000000000016,-0.3352148393739651,195.67137027477966,373.8959841806569,-0.1745,50.86038496335828,-4.22977251617841,0.165,0.41773789670916484,5.133010198434709
3.4000000000000017,-0.32303964271166996,200.76142591343927,373.47040653158007,-0.1745,50.94072780983359,-4.2817804653589375,0.165,0.41773789670916484,5.133010198434709
3.5000000000000018,-0.3145718930271635,205.85959157438268,373.04026216264776,-0.1745,51.022585409034406,-4.321106913287145,0.165,0.41773789670916484,5.133010198434709
3.600000000000002,-0.3088365461267986,210.96599613344202,372.60665401066575,-0.1745,51.10550577215228,-4.3510561263534155,0.165,0.41773789670916484,5.133010198434709
3.700000000000002,-0.3051127081921834,216.08072919590717,372.17039733484785,-0.1745,51.18915547715098,-4.374077390004273,0.165,0.41773789670916484,5.133010198434709
3.800000000000002,-0.3028678510149094,221.203851388448,371.7320942346142,-0.1745,51.27328837366554,-4.391984614668805,0.165,0.41773789670916484,5.133010198434709
3.900000000000002,-0.30170890955893204,226.33540193995466,371.2921890011006,-0.1745,51.35772265646787,-4.406120055602376,0.165,0.41773789670916484,5.133010198434709
4.000000000000002,-0.30134597996081897,231.47540427349304,370.85100918888844,-0.1745,51.442324014299516,-4.417476188640737,0.165,0.41773789670916484,5.133010198434709
4.100000000000001,-0.3015654031328707,236.62387013497667,370.40879606336483,-0.1745,51.52699321537296,-4.4267863218309484,0.165,0.41773789670916484,5.133010198434709
4.200000000000001,-0.3022098278780952,241.7808026430944,369.9657271528273,-0.1745,51.61165694698151,-4.434591888919682,0.165,0.41773789670916484,5.133010198434709
4.300000000000001,-0.30316345716412785,246.9461985429115,369.5219329395392,-0.1745,51.69626104936029,-4.4412923768421715,0.165,0.41773789670916484,5.133010198434709
4.4,-0.304341139068762,252.12004987113082,369.0775092038824,-0.1745,51.780765515026054,-4.447182336294528,0.165,0.41773789670916484,5.133010198434709
4.5,-0.30568030667339513,257.30234518647626,368.6325261473116,-0.1745,51.86514079188321,-4.452478795122363,0.165,0.41773789670916484,5.133010198434709
4.6,-0.3071350271596737,262.49307047857246,368.18703513015816,-0.1745,51.9493650500406,-4.457341547946228,0.165,0.41773789670916484,5.133010198434709
4.699999999999999,-0.44117454575260423,267.6922098391426,367.74107364463146,-0.1745,52.033422161362786,-4.461888162588085,0.165,0.41773789670916484,5.133010198434709
4.799999999999999,-0.4072534611244552,272.9036340662263,367.31173062217357,-0.1495,52.19506238031045,-4.124972286569213,0.8300000000000001,0.41773789670916484,5.133010198434709
4.899999999999999,-0.9869127993332995,278.12668287811647,366.89441261283855,-0.1745,52.265913857493665,-4.221387900131292,0.165,0.41773789670916484,5.133010198434709
4.999999999999998,-0.8072893359911546,283.3531496093697,366.5482272134873,-0.06225,52.263420767571034,-2.702320086893889,0.495,0.41773789670916484,5.133010198434709
5.099999999999998,-0.6759518509839924,288.58025099746806,366.254235908665,-0.1745,52.27860699439512,-3.177506009551379,0.165,0.41773789670916484,5.133010198434709
5.1999999999999975,-0.5801955839458541,293.80981885191164,365.9189936804742,-0.1745,52.31275009447691,-3.527338554264933,0.165,0.41773789670916484,5.133010198434709
5.299999999999997,-0.5105985685463834,299.0434755263503,365.5533838145173,-0.1745,52.36038339429601,-3.7848587648729324,0.165,0.41773789670916484,5.133010198434709
5.399999999999997,-1.0650578395089165,304.28237777126196,365.1654162546308,-0.1745,52.41766150393808,-3.9744924328561435,0.165,0.41773789670916484,5.133010198434709
5.4999999999999964,-2.062738503498887,309.52580474720367,364.84067849089166,-0.06225,52.450878014895395,-2.520262841927109,0.8300000000000001,0.41773789670916484,5.133010198434709
5.599999999999996,-2.1922442819599657,314.7489429627172,364.7192372043572,0.04999999999999999,52.01188629537572,0.09143711123850906,0.8300000000000001,0.41773789670916484,5.133010198434709
5.699999999999996,-1.7019749121182923,319.9491736176104,364.74481450222413,-0.06225,51.99272680248861,0.42010884609945526,0.165,0.41773789670916484,5.133010198434709
5.799999999999995,-1.338713090825539,325.142366891176,364.72283067114137,-0.1745,51.87113866882257,-0.8597854677550809,0.165,0.41773789670916484,5.133010198434709
5.899999999999995,-1.0704639257226052,330.3264416425548,364.5895339327071,-0.1745,51.81035635875367,-1.806149300929416,0.165,0.41773789670916484,5.133010198434709
5.999999999999995,-1.466776699349122,335.50652638689405,364.37393322398145,-0.1745,51.79133852803114,-2.505864873584269,0.165,0.41773789670916484,5.133010198434709
6.099999999999994,-1.1661136906115992,340.68618329730475,364.1744854410078,-0.06225,51.801799680183194,-1.483090785888822,0.495,0.41773789670916484,5.133010198434709
6.199999999999994,-0.9444869172830783,345.8647241719136,363.9870118822743,-0.1745,51.769017811994495,-2.2663803887806195,0.165,0.41773789670916484,5.133010198434709
6.299999999999994,-0.7816013607314407,351.04165069314257,363.73142009200126,-0.1745,51.76951261258469,-2.845455416680003,0.165,0.41773789670916484,5.133010198434709
6.399999999999993,-0.6622319198214427,356.2197978903852,363.4254809612877,-0.1745,51.79343133226852,-3.273327197591808,0.165,0.41773789670916484,5.133010198434709
6.499999999999993,-0.5750142153533644,361.4011692840126,363.08234665891746,-0.1745,51.83399654027911,-3.589358849813196,0.165,0.41773789670916484,5.133010198434709
6.5999999999999925,-0.5115001793004212,366.58719251279064,362.7117398092126,-0.1745,51.886468035281936,-3.822778144283871,0.165,0.41773789670916484,5.133010198434709
6.699999999999992,-0.4654302041833916,371.7788903191105,362.32083789670946,-0.1745,51.94748809111497,-3.99526010577812,0.165,0.41773789670916484,5.133010198434709
6.799999999999992,-0.4321783614222602,376.9769974896303,361.9149322789111,-0.1745,52.01465531928171,-4.1228522501892355,0.165,0.41773789670916484,5.133010198434709
6.8999999999999915,-0.408333233742576,382.182042253133,361.4979188764822,-0.1745,52.08623995077174,-4.217415798390183,0.165,0.41773789670916484,5.133010198434709
6.999999999999991,-0.39138337016360797,387.39440372216484,361.07266287675293,-0.1745,52.160989429865644,-4.287704196194238,0.165,0.41773789670916484,5.133010198434709
7.099999999999991,-0.37948249479664936,392.61435285917673,360.6412692421524,-0.1745,52.23799331037226,-4.340168495816477,0.165,0.41773789670916484,5.133010198434709
7.19999999999999,-0.3712749624044079,397.8420819265749,360.20528295775745,-0.1745,52.3165880375917,-4.379557192083136,0.165,0.41773789670916484,5.133010198434709
7.29999999999999,-0.3657664130883212,403.0777257836507,359.7658370066806,-0.1745,52.396289103923635,-4.4093618294539345,0.165,0.41773789670916484,5.133010198434709
7.39999999999999,-0.36222816035548555,408.3213773540773,359.32376155114474,-0.1745,52.47674230460814,-4.432147281263294,0.165,0.41773789670916484,5.133010198434709
7.499999999999989,-0.3601266551582241,413.57309889420515,358.8796643835295,-0.1745,52.55768849794857,-4.449796071042256,0.165,0.41773789670916484,5.133010198434709
7.599999999999989,-0.3590715330648578,418.83293021972344,358.4339901395626,-0.1745,52.63893801241775,-4.463688808295271,0.165,0.41773789670916484,5.133010198434709
7.699999999999989,-0.35877739976006934,424.10089472030165,357.987063836305,-0.1745,52.720351999146835,-4.474837256855292,0.165,0.41773789670916484,5.133010198434709
7.799999999999988,-0.35903575370704655,429.3770037609624,357.5391228558219,-0.1745,52.80182881406757,-4.483982352806784,0.165,0.41773789670916484,5.133010198434709
7.899999999999988,-0.35745259321726425,434.6612599045613,357.09034042173175,-0.1745,52.88329405790985,-4.4916663289967556,0.165,0.41773789670916484,5.133010198434709
7.999999999999988,-0.49426881100500003,439.9569337764676,356.6402655460362,-0.1745,53.03018338021638,-4.50983118491465,0.8300000000000001,0.41773789670916484,5.133010198434709
8.099999999999987,-0.4592217444108207,445.26800575358544,356.20682493905025,-0.1495,53.19125616214047,-4.158980954804278,0.8300000000000001,0.41773789670916484,5.133010198434709
8.199999999999987,-1.0494339931557775,450.59050630648176,355.78586910448604,-0.1745,53.25875489578525,-4.260135736480173,0.165,0.41773789670916484,5.133010198434709
8.299999999999986,-0.863670585041973,455.916225247087,355.43863277199864,-0.06225,53.25562391631976,-2.6845909132674732,0.495,0.41773789670916484,5.133010198434709
8.399999999999986,-0.728716027054197,461.24219569507346,355.1451447670104,-0.1745,53.26378504340913,-3.185169186497683,0.165,0.41773789670916484,5.133010198434709
8.499999999999986,-0.6309544299400044,466.5700119537285,354.8083252256205,-0.1745,53.29254012969214,-3.5512216413001654,0.165,0.41773789670916484,5.133010198434709
8.599999999999985,-0.5603562176132173,471.90143108818165,354.4398198963449,-0.1745,53.335842559371066,-3.818884944211319,0.165,0.41773789670916484,5.133010198434709
8.699999999999985,-0.5095592354875755,477.23769687673956,354.0481414522955,-0.1745,53.38947321178727,-4.01468393677642,0.165,0.41773789670916484,5.133010198434709
8.799999999999985,-0.47317431692977585,482.5796932963894,353.6395042304888,-0.1745,53.45045518120964,-4.158060499357916,0.165,0.41773789670916484,5.133010198434709
8.899999999999984,-0.4472652714528544,487.9280495874534,353.2184390935848,-0.1745,53.51667064007028,-4.263242238722264,0.165,0.41773789670916484,5.133010198434709
8.999999999999984,-0.4289622754967662,493.28321331047385,352.78824572641105,-0.1745,53.58660382033813,-4.34062510475258,0.165,0.41773789670916484,5.133010198434709
9.099999999999984,-0.416176035204526,498.6455017591977,352.3513247262498,-0.1745,53.65916515413947,-4.397794898471984,0.165,0.41773789670916484,5.133010198434709
9.199999999999983,-0.40738735526479136,504.0151384692442,351.909420970561,-0.1745,53.73356904679111,-4.440280215304932,0.165,0.41773789670916484,5.133010198434709
9.299999999999983,-0.4014927307838387,509.3922793160631,351.4638016560827,-0.1745,53.80924788958659,-4.472106074260348,0.165,0.41773789670916484,5.133010198434709
9.399999999999983,-0.3976913373317856,514.7770312609944,351.0153863481097,-0.1745,53.88579100903797,-4.496200085199469,0.165,0.41773789670916484,5.133010198434709
9.499999999999982,-0.39540248705685704,520.1694658626564,350.5648418510339,-0.1745,53.96290102420212,-4.5146898563158615,0.165,0.41773789670916484,5.133010198434709
9.599999999999982,-0.3942054354284705,525.5696290385181,350.1126513377849,-0.1745,54.0403624930332,-4.529120408664511,0.165,0.41773789670916484,5.133010198434709
9.699999999999982,-0.4091534931168303,530.977548128549,349.65916467265953,-0.1745,54.118019307583296,-4.540612893842356,0.165,0.24452130163003472,5.301182397264484
9.799999999999981,-0.4215813471762925,536.3951438362312,349.20657005749,-0.1745,54.23389484606191,-4.511279409547824,0.495,0.24452130163003472,5.301182397264484
9.89999999999998,-0.4309679062759869,541.8226200567375,348.75670980836355,-0.1745,54.31562956406383,-4.485925572981735,0.165,0.24452130163003472,5.301182397264484
9.99999999999998,-0.438163763153262,547.2582024606982,348.30897607590117,-0.1745,54.39601851514857,-4.468749076265434,0.165,0.24452130163003472,5.301182397264484
10.09999999999998,-0.44378193999684457,552.7017721515509,347.862665169564,-0.1745,54.47537530190682,-4.457469050477384,0.165,0.24452130163003472,5.301182397264484
10.19999999999998,-0.44826409680090523,558.1532372786811,347.41726976305324,-0.1745,54.55392724069578,-4.450439079738716,0.165,0.24452130163003472,5.301182397264484
10.29999999999998,-0.451928314540985,563.6125255850334,346.9724242508162,-0.1745,54.63183888634957,-4.446471165002167,0.165,0.24452130163003472,5.301182397264484
10.399999999999979,-1.0914287150172972,569.0795789909678,346.5278652704136,-0.1745,54.709229232337336,-4.444708443049855,0.165,0.24452130163003472,5.301182397264484
10.499999999999979,-0.9150794653578651,574.5518213618146,346.171001712447,-0.06225,54.73561818460044,-2.692562716282916,0.8300000000000001,0.24452130163003472,5.301182397264484
10.599999999999978,-0.7884567660080399,580.0256174770583,345.87730491466505,-0.1745,54.74030412027247,-3.1813732393557244,0.165,0.24452130163003472,5.301182397264484
10.699999999999978,-0.6978020497488419,585.5009251127028,345.54149912610524,-0.1745,54.76584859261813,-3.5347425318403554,0.165,0.24452130163003472,5.301182397264484
10.799999999999978,-0.6331070229049796,590.9795164109423,345.1752501795383,-0.1745,54.80597737217248,-3.7902363994984425,0.165,0.24452130163003472,5.301182397264484
10.899999999999977,-0.5847101161313994,596.4626329086898,344.78698388981144,-0.1745,54.85635258277623,-3.9750893950384887,0.165,0.24452130163003472,5.301182397264484
10.999999999999977,-0.550656886449235,601.9544221560818,344.3822011862241,-0.1745,54.97943236506372,-4.120564676707661,0.8300000000000001,0.24452130163003472,5.301182397264484
11.099999999999977,-0.5292394702856009,607.4587794117786,343.9648145078727,-0.1745,55.107712748871236,-4.227168890321011,0.8300000000000001,0.24452130163003472,5.301182397264484
11.199999999999976,-0.5143636407608804,612.9728705508659,343.5387458501425,-0.1745,55.17411003287602,-4.294204264282475,0.165,0.24452130163003472,5.301182397264484
11.299999999999976,-0.5041745745827603,618.4937184133393,343.10686932632035,-0.1745,55.24284721659106,-4.343326212160121,0.165,0.24452130163003472,5.301182397264484
11.399999999999975,-0.49734058786866653,624.0215206227214,342.670723228992,-0.1745,55.313196971050566,-4.379595734406604,0.165,0.24452130163003472,5.301182397264484
11.499999999999975,-0.49290648206183535,629.5564124590766,342.2314109156541,-0.1745,55.38463975605308,-4.40665053235131,0.165,0.24452130163003472,5.301182397264484
11.599999999999975,-0.49018767208158814,635.0984846496768,341.78972323463574,-0.1745,55.45680405595227,-4.4271030880158095,0.165,0.24452130163003472,5.301182397264484
11.699999999999974,-0.4886938875145577,640.6477960546497,341.34622667132265,-0.1745,55.52942404350478,-4.442828178245901,0.165,0.24452130163003472,5.301182397264484
11.799999999999974,-0.4880742626233084,646.2043827300474,340.90132675027127,-0.1745,55.602309464450755,-4.45517024278133,0.165,0.24452130163003472,5.301182397264484
11.899999999999974,-0.4880778645842418,651.7682644109325,340.45531359958363,-0.1745,55.67532415325141,-4.465092770971059,0.165,0.24452130163003472,5.301182397264484
11.999999999999973,-1.1366318758980474,657.3394491524178,340.0083946705222,-0.1745,55.74837067645612,-4.473285810257477,0.165,0.24452130163003472,5.301182397264484
12.099999999999973,-0.9520336764399759,662.9155755785595,339.6515771989528,-0.06225,55.77415784637672,-2.6630636211309984,0.8300000000000001,0.24452130163003472,5.301182397264484
12.199999999999973,-0.8203925904851506,668.4927997387889,339.35922069773153,-0.1745,55.77032535821089,-3.18406640329387,0.165,0.24452130163003472,5.301182397264484
12.299999999999972,-0.7267874571271826,674.07078736421,339.02211849292104,-0.1745,55.78942715021141,-3.557977692915638,0.165,0.24452130163003472,5.301182397264484
12.399999999999972,-0.6604414093576614,679.6514805168018,338.652901172755,-0.1745,55.82443590162605,-3.826368710405249,0.165,0.24452130163003472,5.301182397264484
12.499999999999972,-0.6124182600474346,685.2362291425444,338.2606251691659,-0.1745,55.8705366132247,-4.019151361375883,0.165,0.24452130163003472,5.301182397264484
12.599999999999971,-0.57991407386181,690.8276005022974,337.85149005115835,-0.1745,55.95689058183456,-4.163550998774998,0.495,0.24452130163003472,5.301182397264484
12.69999999999997,-0.5572373927351983,696.4262563310358,337.43019033852136,-0.1745,56.0162259929325,-4.262443253964891,0.165,0.24452130163003472,5.301182397264484
12.79999999999997,-0.5415641586446684,702.031032606654,337.00036809058497,-0.1745,56.07929951943219,-4.334001704762766,0.165,0.24452130163003472,5.301182397264484
12.89999999999997,-0.5308774685337736,707.6422458146918,336.5643650797618,-0.1745,56.14496464132403,-4.386058511701122,0.165,0.24452130163003472,5.301182397264484
12.99999999999997,-0.5237384582975544,713.2601145215924,336.1238515454456,-0.1745,56.212409496687705,-4.4242121746228396,0.165,0.24452130163003472,5.301182397264484
13.09999999999997,-0.5191215982823738,718.8847879019384,335.6800178963446,-0.1745,56.281058110230084,-4.4524608073959175,0.165,0.24452130163003472,5.301182397264484
13.199999999999969,-0.5162965562112523,724.5163658759438,335.2337119931706,-0.1745,56.35050136988014,-4.473657256085428,0.165,0.24452130163003472,5.301182397264484
13.299999999999969,-0.5147436093480123,730.1549133688823,334.78553734829256,-0.1745,56.42044848888796,-4.489835641474242,0.165,0.24452130163003472,5.301182397264484
13.399999999999968,-0.5140931629858075,735.8004704294168,334.33592329996384,-0.1745,56.490692721802475,-4.502445325100411,0.165,0.24452130163003472,5.301182397264484
13.499999999999968,-0.5140825548177284,741.4530594192071,333.8851751162646,-0.1745,56.56108707400393,-4.51251834888528,0.165,0.24452130163003472,5.301182397264484
13.599999999999968,-0.5145252345630646,747.112690125716,333.4335097415643,-0.1745,56.63152705617344,-4.520789145120134,0.165,0.24452130163003472,5.301182397264484
13.699999999999967,-0.5152887917908372,752.7793633997322,332.9810812818998,-0.1745,56.70193842415283,-4.527780048169975,0.165,0.24452130163003472,5.301182397264484
13.799999999999967,-0.5162793033560054,758.4530737437408,332.52799916297073,-0.1745,56.77226845601774,-4.533862330410615,0.165,0.24452130163003472,5.301182397264484
13.899999999999967,-0.517430190356559,764.1338111537029,332.0743410595754,-0.1745,56.84247974322408,-4.539299737496755,0.165,0.24452130163003472,5.301182397264484
13.999999999999966,-0.5186942904089129,769.8215624293933,331.62016209666484,-0.1745,56.912545770584664,-4.544279520713814,0.165,0.24452130163003472,5.301182397264484
14.099999999999966,-0.5200382208244378,775.5163121064148,331.16550139344963,-0.1745,56.98244776984485,-4.548934543589901,0.165,0.24452130163003472,5.301182397264484
14.199999999999966,-0.5214383729687599,781.2180431189217,330.7103867152285,-0.1745,57.052172480292526,-4.553359020833631,0.165,0.24452130163003472,5.301182397264484
14.299999999999965,-0.5228780673498373,786.9267372707052,330.2548377783154,-0.1745,57.12171055537716,-4.557619717427593,0.165,0.24452130163003472,5.301182397264484
14.399999999999965,-0.5243455341803255,792.6423755699429,329.79886859679476,-0.1745,57.191055429377755,-4.561763912985245,0.165,0.24452130163003472,5.301182397264484
14.499999999999964,-0.5258324806591639,798.3649384669925,329.34248914801424,-0.1745,57.26020251161274,-4.565825062624794,0.165,0.24452130163003472,5.301182397264484
14.599999999999964,-0.5273330750435536,804.094406023262,328.8857065539612,-0.1745,57.32914861377636,-4.569826818436225,0.165,0.24452130163003472,5.301182397264484
14.699999999999964,-0.5288432266384115,809.8307580311077,328.4285259187988,-0.1745,57.39789154313855,-4.573785884811394,0.165,0.24452130163003472,5.301182397264484
14.799999999999963,-0.5303600757729443,815.5739740989497,327.9709509223217,-0.1745,57.4664298137027,-4.577714044730327,0.165,0.24452130163003472,5.301182397264484
14.899999999999963,-0.5318816327087219,821.3240337116956,327.5129842402368,-0.1745,57.53476244121435,-4.58161959696859,0.165,0.24452130163003472,5.301182397264484
14.999999999999963,-0.5334065221211051,827.0809162736437,327.05462784164064,-0.1745,57.60288879774735,-4.585508374954529,0.165,0.24452130163003472,5.301182397264484
15.099999999999962,-0.5349338023799866,832.844601138961,326.5958831994589,-0.1745,57.67080850860065,-4.58938446867983,0.165,0.24452130163003472,5.301182397264484
15.199999999999962,-0.5364628377990471,838.6150676333525,326.1367514392276,-0.1745,57.73852137922791,-4.59325073594596,0.165,0.24452130163003472,5.301182397264484
15.299999999999962,-0.5379932083750274,844.3922950694877,325.67723344421853,-0.1745,57.80602734347458,-4.597109164235742,0.165,0.24452130163003472,5.301182397264484
15.399999999999961,-0.5395246460481586,850.1762627580076,325.2173299296706,-0.1745,57.87332642692426,-4.600961126722974,0.165,0.24452130163003472,5.301182397264484
15.499999999999961,-0.5410569897146313,855.9669500154015,324.75704149516963,-0.1745,57.94041872095377,-4.604807563296227,0.165,0.24452130163003472,5.301182397264484
15.59999999999996,-0.5425901534911839,861.7643361696679,324.29636866158006,-0.1745,58.00730436437425,-4.6086491084947525,0.165,0.24452130163003472,5.301182397264484
15.69999999999996,-0.5441241043402617,867.5684005644088,323.8353118970614,-0.1745,58.07398353044333,-4.612486181878847,0.165,0.24452130163003472,5.301182397264484
15.79999999999996,-0.5456588463036499,873.3791225618148,323.37387163537585,-0.1745,58.140456417678394,-4.61631905183196,0.165,0.24452130163003472,5.301182397264484
15.89999999999996,-0.5471944093992748,879.1964815448666,322.91204828875516,-0.1745,58.206723243358354,-4.620147880581979,0.165,0.24452130163003472,5.301182397264484
15.99999999999996,-0.5487308418068648,885.0204569189808,322.4498422569284,-0.1745,58.27278423892617,-4.623972755953248,0.165,0.24452130163003472,5.301182397264484
16.09999999999996,-0.5502682043720155,890.8510281132639,321.9872539334433,-0.1745,58.33863964673448,-4.627793713748161,0.165,0.24452130163003472,5.301182397264484
16.19999999999996,-0.5518065667437511,896.6881745814876,321.52428371008017,-0.1745,58.40428971773981,-4.631610753514948,0.165,0.24452130163003472,5.301182397264484
16.29999999999996,-0.5533460046624389,902.531875802868,321.0609319799219,-0.1745,58.46973470986647,-4.635423849649667,0.165,0.24452130163003472,5.301182397264484
16.399999999999963,-0.5548865980573983,908.3821112827034,320.597199139479,-0.1745,58.53497488684303,-4.6392329592082895,0.165,0.24452130163003472,5.301182397264484
16.499999999999964,-0.5564284297141586,914.2388605529142,320.1330855901486,-0.1745,58.60001051737199,-4.643038027400236,0.165,0.24452130163003472,5.301182397264484
16.599999999999966,-0.55797158434226,920.1021031725095,319.66859173920614,-0.1745,58.66484187453453,-4.646838991448711,0.165,0.24452130163003472,5.301182397264484
16.699999999999967,-0.559516147924583,925.9718187280042,319.20371800046865,-0.1745,58.72946923536081,-4.650635783301199,0.165,0.24452130163003472,5.301182397264484
16.79999999999997,-0.5610622072644178,931.8479868337981,318.73846479472707,-0.1745,58.793892880516964,-4.654428331530811,0.165,0.24452130163003472,5.301182397264484
16.89999999999997,-0.5626098496713905,937.7305871325277,318.2728325500171,-0.1745,58.85811309407429,-4.658216562668552,0.165,0.24452130163003472,5.301182397264484
16.99999999999997,-0.5641591627448106,943.6195992953983,317.80682170177687,-0.1745,58.92213016333635,-4.6620004021355115,0.165,0.24452130163003472,5.301182397264484
17.099999999999973,-0.5657102342253542,949.5150030225004,317.3404326929254,-0.1745,58.98594437870678,-4.665779774893975,0.165,0.24452130163003472,5.301182397264484
17.199999999999974,-0.5672631518946569,955.4167780431151,316.87366597388564,-0.1745,59.04955603358593,-4.669554605901132,0.165,0.24452130163003472,5.301182397264484
17.299999999999976,-0.5688180035084609,961.3249041160087,316.4065220025694,-0.1745,59.112965424287644,-4.673324820424232,0.165,0.24452130163003472,5.301182397264484
17.399999999999977,-0.5703748767532644,967.2393610297216,315.93900124433526,-0.1745,59.17617284997042,-4.677090344258554,0.165,0.24452130163003472,5.301182397264484
17.49999999999998,-0.5719338592194156,973.1601286028491,315.47110417192846,-0.1745,59.239178612578655,-4.680851103877229,0.165,0.24452130163003472,5.301182397264484
17.59999999999998,-0.5734950383857049,979.0871866843175,315.0028312654079,-0.1745,59.301983016791006,-4.684607026533325,0.165,0.24452130163003472,5.301182397264484
17.69999999999998,-0.5750585016119989,985.0205151536558,314.53418301206483,-0.1745,59.36458636997391,-4.68835804032849,0.165,0.24452130163003472,5.301182397264484
17.799999999999983,-0.5766243361374801,990.9600939212614,314.0651599063355,-0.1745,59.4269889821387,-4.692104074258212,0.165,0.24452130163003472,5.301182397264484
17.899999999999984,-0.5771362080856521,996.9059029286634,313.59576244971055,-0.1745,59.489191165901396,-4.695845058240721,0.165,0.24452130163003472,5.301182397264484
17.999999999999986,-0.579091748467889,1002.859547091006,313.12570468465003,-0.1745,59.58369208095035,-4.705310242969647,0.495,0.24452130163003472,5.301182397264484
18.099999999999987,-0.5809313716044349,1008.8210094575159,312.65504464360697,-0.1745,59.645555249247245,-4.707890577891531,0.165,0.24452130163003472,5.301182397264484
18.19999999999999,-0.5826915142777591,1014.7886456112573,312.1841092467125,-0.1745,59.707167825581614,-4.710817359997944,0.165,0.24452130163003472,5.301182397264484
18.29999999999999,-0.5843974951122668,1020.7624312925658,311.71286923083443,-0.1745,59.76854580058895,-4.713982957563787,0.165,0.24452130163003472,5.301182397264484
18.39999999999999,-0.5860669073583133,1026.7423436022675,311.241304455016,-0.1745,59.82970039344518,-4.7173125588043225,0.165,0.24452130163003472,5.301182397264484
18.499999999999993,-0.740799276273413,1032.7283605970797,310.7694011179733,-0.1745,59.89063950280017,-4.720754182049456,0.165,0.24452130163003472,5.301182397264484
18.599999999999994,-0.6954151994717737,1038.7251662913357,310.3198645433288,-0.1495,60.0454743823189,-4.269977310840788,0.8300000000000001,0.24452130163003472,5.301182397264484
18.699999999999996,-0.6645306472091811,1044.7316890994055,309.8856463801442,-0.1745,60.084981779075015,-4.414385952851048,0.165,0.24452130163003472,5.301182397264484
18.799999999999997,-0.6436875465636906,1050.7424779182254,309.43915520847173,-0.1745,60.130794597324986,-4.515437480597949,0.165,0.24452130163003472,5.301182397264484
18.9,-0.6297927763106905,1056.7580618037184,308.98406103810646,-0.1745,60.18088311253665,-4.5864459267069915,0.165,0.24452130163003472,5.301182397264484
19.0,-0.620702796397038,1062.7787987801792,308.52290616514654,-0.1745,60.23385641667825,-4.636651532491699,0.165,0.24452130163003472,5.301182397264484
19.1,-0.6149335611027368,1068.8049295260143,308.0574505199782,-0.1745,60.288758500025146,-4.672461370874894,0.165,0.24452130163003472,5.301182397264484
19.200000000000003,-0.6114584460874126,1074.8366140010855,307.5889117262531,-0.1745,60.34493100139936,-4.6983145036263565,0.165,0.24452130163003472,5.301182397264484
19.300000000000004,-0.6095677572541789,1080.8739565515425,307.11813178429077,-0.1745,60.401920007738994,-4.717284335620875,0.165,0.24452130163003472,5.301182397264484
19.400000000000006,-0.608771199234527,1086.9170231705252,306.64569269631863,-0.1745,60.45941237191614,-4.731497423822216,0.165,0.24452130163003472,5.301182397264484
19.500000000000007,-0.6087302462516353,1092.9658533898414,306.17199660817744,-0.1745,60.51719201440825,-4.742424339001946,0.165,0.24452130163003472,5.301182397264484
19.60000000000001,-1.3124796984876352,1099.0204684831717,305.6973213173839,-0.1745,60.57510985219977,-4.751081476868788,0.165,0.24452130163003472,5.301182397264484
19.70000000000001,-1.0965092199601758,1105.0757132810352,305.3289760373321,-0.06225,60.52978610506909,-2.615824124167292,0.165,0.24452130163003472,5.301182397264484
19.80000000000001,-0.9475215087859812,1111.1265206945068,305.0343579550553,-0.1745,60.486362164361466,-3.2765375213685752,0.165,0.24452130163003472,5.301182397264484
19.900000000000013,-0.8450599604787259,1117.1746364365392,304.6837961733661,-0.1745,60.47595267628817,-3.734698112416486,0.165,0.24452130163003472,5.301182397264484
20.000000000000014,-0.7748446575847776,1123.2228144354,304.29443713162385,-0.1745,60.487607300930414,-4.0524827224279925,0.165,0.24452130163003472,5.301182397264484
20.100000000000016,-0.7269403445629017,1129.2729008572119,303.878159709129,-0.1745,60.51412113530739,-4.273065727468904,0.165,0.24452130163003472,5.301182397264484
20.200000000000017,-0.6944523422748652,1135.3261411307444,303.44318602572645,-0.1745,60.55068433534405,-4.42640794058259,0.165,0.24452130163003472,5.301182397264484
20.30000000000002,-0.6726054926399422,1141.383377998832,302.9952017427111,-0.1745,60.594053026405625,-4.533277719723879,0.165,0.24452130163003472,5.301182397264484
20.40000000000002,-0.6580976657407565,1147.4451818469433,302.538135117406,-0.1745,60.64202393582366,-4.608054786378059,0.165,0.24452130163003472,5.301182397264484
20.50000000000002,-0.6486481265192348,1153.5119377110664,302.074698127918,-0.1745,60.693093346637916,-4.660685003382031,0.165,0.24452130163003472,5.301182397264484
20.600000000000023,-0.6426831426863427,1159.5839039623045,301.60676181714905,-0.1745,60.74623167812459,-4.698041211996538,0.165,0.24452130163003472,5.301182397264484
20.700000000000024,-0.6391177057007822,1165.661252172277,301.13561630908373,-0.1745,60.80073252132487,-4.724868949309769,0.165,0.24452130163003472,5.301182397264484
20.800000000000026,-0.6372042819360326,1171.7440943276345,300.66215073049074,-0.1745,60.856110585823025,-4.744442622550434,0.165,0.24452130163003472,5.301182397264484
20.900000000000027,-0.6364281685006484,1177.8325014698087,300.1869775911718,-0.1745,60.91203225766088,-4.759020163828802,0.165,0.24452130163003472,5.301182397264484
21.00000000000003,-0.6423664810996563,1183.9265164894396,299.7105186982051,-0.1745,60.968268134956226,-4.770157695505307,0.165,0.5304458875477855,5.341129800410124
21.10000000000003,-0.8015391419279111,1190.026341067587,299.23395995379366,-0.1745,61.02822342799527,-4.761017192722842,0.165,0.5304458875477855,5.341129800410124
21.20000000000003,-1.0692655185611515,1196.1369050882552,298.78148480653823,-0.1495,61.18305698536535,-4.288485752385315,0.8300000000000001,0.5304458875477855,5.341129800410124
21.300000000000033,-0.9423411791725628,1202.2607402436906,298.3931142113487,-0.1245,61.29364612334271,-3.4789261514056244,0.495,0.5304458875477855,5.341129800410124
21.400000000000034,-0.8555553320451017,1208.3899711826407,298.0253606564921,-0.1745,61.29097265566042,-3.876144945725859,0.165,0.5304458875477855,5.341129800410124
21.500000000000036,-0.7964597032729446,1214.5198904252277,297.62402146821245,-0.1745,61.30741219608156,-4.150638819868085,0.165,0.5304458875477855,5.341129800410124
21.600000000000037,-0.7564376958185917,1220.6520961491544,297.19946338545344,-0.1745,61.3367022824511,-4.340522835312467,0.165,0.5304458875477855,5.341129800410124
21.70000000000004,-0.7295385985398356,1226.7876642095837,296.75883079216976,-0.1745,61.37465892613279,-4.472129030361065,0.165,0.5304458875477855,5.341129800410124
21.80000000000004,-0.7116600119352379,1232.9273202519535,296.3070429090873,-0.1745,61.4184619212634,-4.563628631288142,0.165,0.5304458875477855,5.341129800410124
21.90000000000004,-0.6999776190765075,1239.07155328474,295.8474840999839,-0.1745,61.466198734467376,-4.6275475507800845,0.165,0.5304458875477855,5.341129800410124
22.000000000000043,-0.6925491119658728,1245.2206915742968,295.38248112993807,-0.1745,61.51656705666554,-4.672511850136332,0.165,0.5304458875477855,5.341129800410124
22.100000000000044,-0.6880399288471575,1251.374953812914,294.91363269072974,-0.1745,61.56867771568297,-4.7044569340296984,0.165,0.5304458875477855,5.341129800410124
22.200000000000045,-0.8414995816017192,1257.5344838280068,294.442036651699,-0.1745,61.62192258617169,-4.727463846584317,0.165,0.5304458875477855,5.341129800410124
22.300000000000047,-0.7913994432872671,1263.704264807384,293.9922570495723,-0.1495,61.77369700137172,-4.2681281959504656,0.8300000000000001,0.5304458875477855,5.341129800410124
22.40000000000005,-0.7577023473077871,1269.88321449669,293.55725925711437,-0.1745,61.80529678474833,-4.43182765320824,0.165,0.5304458875477855,5.341129800410124
22.50000000000005,-0.7352484604994919,1276.0656978727156,293.1084167647072,-0.1745,61.84437073576261,-4.54502219493445,0.165,0.5304458875477855,5.341129800410124
22.60000000000005,-0.7204949212501202,1282.252339782492,292.6499862248283,-0.1745,61.88846745976432,-4.623588602643907,0.165,0.5304458875477855,5.341129800410124
22.700000000000053,-0.7110120852299356,1288.4435595033463,292.1848853514696,-0.1745,61.935926957321456,-4.678428864530346,0.165,0.5304458875477855,5.341129800410124
22.800000000000054,-0.7051353620976932,1294.639636912885,291.71511279586855,-0.1745,61.985621233453564,-4.717022247490124,0.165,0.5304458875477855,5.341129800410124
22.900000000000055,-0.7017252307483999,1300.8407570786933,291.24203688853635,-0.1745,62.036782082713586,-4.744495899153399,0.165,0.5304458875477855,5.341129800410124
23.000000000000057,-0.7000021508843315,1307.0470404634602,290.7665939843391,-0.1745,62.08888561262387,-4.764362184790673,0.165,0.5304458875477855,5.341129800410124
23.10000000000006,-0.6994331683184823,1313.2585634579048,290.2894245841025,-0.1745,62.14157427626479,-4.779025819942258,0.165,0.5304458875477855,5.341129800410124
23.20000000000006,-0.6996541184804855,1319.4753723708138,289.81096667897043,-0.1745,62.19460398191739,-4.7901322826988055,0.165,0.5304458875477855,5.341129800410124
23.30000000000006,-0.7004163025611074,1325.6974929749672,289.3315197168139,-0.1745,62.24780810115198,-4.798806960432525,0.165,0.5304458875477855,5.341129800410124
23.400000000000063,-0.7015499660092341,1331.924937026337,288.85128841027466,-0.1745,62.30107292624072,-4.8058191703520405,0.165,0.5304458875477855,5.341129800410124
23.500000000000064,-0.7029393013782534,1338.1577067183198,288.3704127228041,-0.1745,62.354320913415165,-4.8116945790599495,0.165,0.5304458875477855,5.341129800410124
23.600000000000065,-0.7045053489124244,1344.3957977256648,287.8889883833847,-0.1745,62.407499233485986,-4.816792209327449,0.165,0.5304458875477855,5.341129800410124
23.700000000000067,-0.7051697554371883,1350.6392012846322,287.4070809148656,-0.1745,62.46057194586439,-4.821357161054432,0.165,0.5304458875477855,5.341129800410124
23.800000000000068,-0.707312727920699,1356.889530556581,286.92444875644367,-0.1745,62.546013493106514,-4.831286007384739,0.495,0.5304458875477855,5.341129800410124
23.90000000000007,-0.7093991030702826,1363.1467745615394,286.4411804692675,-0.1745,62.59886660606252,-4.83407973613764,0.165,0.5304458875477855,5.341129800410124
24.00000000000007,-0.7114496865172665,1369.4092932763276,285.95762309581585,-0.1745,62.65150768970467,-4.837067732895843,0.165,0.5304458875477855,5.341129800410124
24.100000000000072,-0.7134786715221921,1375.6770659962456,285.47376043285226,-0.1745,62.70394670865444,-4.840185526375473,0.165,0.5304458875477855,5.341129800410124
24.200000000000074,-0.7154957478758748,1381.9500728608184,284.98958169682396,-0.1745,62.75619058280345,-4.843389194190652,0.165,0.5304458875477855,5.341129800410124
24.300000000000075,-0.717507539481955,1388.2282945977506,284.5050797959859,-0.1745,62.80824415584146,-4.8466488225699385,0.165,0.5304458875477855,5.341129800410124
24.400000000000077,-0.7195185839356905,1394.5117123483628,284.0202501526594,-0.1745,62.86011085640322,-4.849944043960753,0.165,0.5304458875477855,5.341129800410124
24.500000000000078,-0.7215319997539462,1400.800307548642,283.5350899007824,-0.1745,62.911793149180596,-4.853260993579658,0.165,0.5304458875477855,5.341129800410124
24.60000000000008,-0.7235499406739498,1407.0940618482305,283.0495973393762,-0.1745,62.963292842587485,-4.856590234544645,0.165,0.5304458875477855,5.341129800410124
24.70000000000008,-0.7255739048522847,1413.3929570552848,282.5637715604538,-0.1745,63.014611298499915,-4.85992534390297,0.165,0.5304458875477855,5.341129800410124
24.800000000000082,-0.727604945226503,1419.6969750989686,282.07761219578725,-0.1745,63.06574957517725,-4.863261949428518,0.165,0.5304458875477855,5.341129800410124
24.900000000000084,-0.7296438125786222,1426.006098003958,281.5911192446285,-0.1745,63.11670852460923,-4.866597073746648,0.165,0.5304458875477855,5.341129800410124
25.000000000000085,-0.7316910527937661,1432.320307873128,281.10429295654586,-0.1745,63.167488858792126,-4.869928687905685,0.165,0.5304458875477855,5.341129800410124
25.100000000000087,-0.7337470729552059,1438.6395868758093,280.617133751769,-0.1745,63.21809119483073,-4.873255407630923,0.165,0.5304458875477855,5.341129800410124
25.200000000000088,-0.7358121862455114,1444.9639172398317,280.12964216705046,-0.1745,63.26851608561648,-4.876576286740061,0.165,0.5304458875477855,5.341129800410124
25.30000000000009,-0.7378866424397865,1451.2932812461468,279.6418188188787,-0.1745,63.31876404068414,-4.879890676695406,0.165,0.5304458875477855,5.341129800410124
25.40000000000009,-0.7399706486080568,1457.6276612252002,279.15366437848604,-0.1745,63.368835540383515,-4.883198131156707,0.165,0.5304458875477855,5.341129800410124
25.500000000000092,-0.7420643831669946,1463.9670395544945,278.66517955487114,-0.1745,63.4187310455031,-4.886498341141042,0.165,0.5304458875477855,5.341129800410124
25.600000000000094,-0.7441680054158012,1470.3113986569597,278.1763650832645,-0.1745,63.46845100380047,-4.889791090991724,0.165,0.5304458875477855,5.341129800410124
25.700000000000095,-0.7462816620070436,1476.6607209998713,277.68722171729047,-0.1745,63.51799585442997,-4.893076228489168,0.165,0.5304458875477855,5.341129800410124
25.800000000000097,-0.7484054913379721,1483.0149890941398,277.19775022363757,-0.1745,63.56736603094151,-4.896353644568969,0.165,0.5304458875477855,5.341129800410124
25.900000000000098,-0.7505396265315506,1489.3741854938523,276.70795137843095,-0.1745,63.616561963308754,-4.899623259563966,0.165,0.5304458875477855,5.341129800410124
26.0000000000001,-0.7506555120656799,1495.7382927959827,276.217825964759,-0.1745,63.66558407929839,-4.902885013874828,0.165,0.5304458875477855,5.341129800410124
26.1000000000001,-0.7525341775088984,1502.1105681450047,275.72679749860566,-0.1745,63.77992290113905,-4.917684309192236,0.8300000000000001,0.5304458875477855,5.341129800410124
26.200000000000102,-0.7535300662877081,1508.4926247404471,275.2346969504053,-0.1745,63.86120900771168,-4.924326654815686,0.495,0.5304458875477855,5.341129800410124
26.300000000000104,-0.7570060497743438,1514.8844480110017,274.7416618055059,-0.1745,63.97525640337909,-4.936376243172039,0.8300000000000001,0.5304458875477855,5.341129800410124
26.400000000000105,-0.7600673019879811,1521.2843918766298,274.2480717794158,-0.1745,64.02362090918055,-4.935424278629503,0.165,0.5304458875477855,5.341129800410124
26.500000000000107,-0.7628532980909517,1527.6891535092848,273.7545093823896,-0.1745,64.07161174391796,-4.935823661895124,0.165,0.5304458875477855,5.341129800410124
26.600000000000108,-0.765457974833561,1534.0986988837908,273.26086169011506,-0.1745,64.1192957462043,-4.937130183595668,0.165,0.5304458875477855,5.341129800410124
26.70000000000011,-0.7679445913737176,1540.512999576916,272.7670529530283,-0.1745,64.16671811629968,-4.939044558138763,0.165,0.5304458875477855,5.341129800410124
26.80000000000011,-0.7703557474419026,1546.932030955358,272.27303246453897,-0.1745,64.21390945254109,-4.941365211648035,0.165,0.5304458875477855,5.341129800410124
26.900000000000112,-1.5116338379493692,1553.3557709532367,271.7787663825743,-0.1745,64.26089050503674,-4.9439564276447685,0.165,0.5304458875477855,5.341129800410124
27.000000000000114,-1.2746246400785495,1559.7793865775811,271.4034759918119,-0.06225,64.21142198185176,-2.561851387604081,0.165,0.5304458875477855,5.341129800410124
27.100000000000115,-1.1152883889647391,1566.1967765831344,271.10874689680855,-0.1745,64.13637812921425,-3.332730512462676,0.165,0.5304458875477855,5.341129800410124
27.200000000000117,-1.008582484417726,1572.6087499635364,270.7494196405283,-0.1745,64.10308947882851,-3.8538146131431823,0.165,0.5304458875477855,5.341129800410124
27.300000000000118,-0.9352877021194137,1579.0187520327906,270.34642148185657,-0.1745,64.09695190625511,-4.206148560290743,0.165,0.5304458875477855,5.341129800410124
27.40000000000012,-0.8889132864090865,1585.4323060037516,269.9133093595948,-0.1745,64.17412751296511,-4.456093884945044,0.8300000000000001,0.5304458875477855,5.341129800410124
27.50000000000012,-0.8585145014246023,1591.8508956031865,269.4597316017332,-0.1745,64.19766447573025,-4.615461272286999,0.165,0.5304458875477855,5.341129800410124
27.600000000000122,-0.8388718798352737,1598.2722230557893,268.99277507011936,-0.1745,64.22888457632624,-4.7236693599895645,0.165,0.5304458875477855,5.341129800410124
27.700000000000124,-0.8264668997270022,1604.6969264025793,268.51671993443665,-0.1745,64.26518235947576,-4.797433353664558,0.165,0.5304458875477855,5.341129800410124
27.800000000000125,-0.8189302669075044,1611.1254267161169,268.0344472297527,-0.1745,64.30482391127477,-4.848020740015104,0.165,0.5304458875477855,5.341129800410124
27.900000000000126,-0.8146679317991914,1617.558000483276,267.5478951518353,-0.1745,64.34665143190804,-4.8830208183325725,0.165,0.5304458875477855,5.341129800410124
28.000000000000128,-0.8126081863284068,1623.9948275631282,267.0583670114614,-0.1745,64.38989016513665,-4.907541989144875,0.165,0.5304458875477855,5.341129800410124
28.10000000000013,-0.8120309389364938,1630.436023121999,266.5667388743514,-0.1745,64.43402101227818,-4.925020753055472,0.165,0.5304458875477855,5.341129800410124
28.20000000000013,-0.8124526152786704,1636.8816589694459,266.07359945095294,-0.1745,64.47869593666084,-4.93776771491405,0.165,0.5304458875477855,5.341129800410124
28.300000000000132,-0.8135486382663126,1643.3317778432988,265.5793442781788,-0.1745,64.52368154039935,-4.947335740569059,0.165,0.5304458875477855,5.341129800410124
28.400000000000134,-0.8151012593286078,1649.78640298654,265.08423909102567,-0.1745,64.56882132442195,-4.954768002493527,0.165,0.5304458875477855,5.341129800410124
28.500000000000135,-0.8169644731417993,1656.2455445727387,264.58846244131655,-0.1745,64.61401039955192,-4.960764991689315,0.165,0.5304458875477855,5.341129800410124
28.600000000000136,-0.8190404346380518,1662.7092040188227,264.0921343464469,-0.1745,64.65917852212785,-4.965796905702947,0.165,0.5304458875477855,5.341129800410124
28.700000000000138,-0.8212636151506464,1669.1773768802689,263.59533553911854,-0.1745,64.70427870679512,-4.9701792408652015,0.165,0.5304458875477855,5.341129800410124
28.80000000000014,-0.8235901627004938,1675.6500547946393,263.0981203964386,-0.1745,64.74927958061657,-4.9741236127331785,0.165,0.5304458875477855,5.341129800410124
28.90000000000014,-0.8259907600077023,1682.127226786112,262.6005256203938,-0.1745,64.79416024883538,-4.977771908162699,0.165,0.5304458875477855,5.341129800410124
29.000000000000142,-0.8284458322653349,1688.608880140925,262.10257606364394,-0.1745,64.83890684742651,-4.981219226834786,0.165,0.5304458875477855,5.341129800410124
29.100000000000144,-0.830942332809582,1695.0950009947278,261.60428863799143,-0.1745,64.88351022862776,-4.984529286215515,0.165,0.5304458875477855,5.341129800410124
29.200000000000145,-0.8334715879447254,1701.5855747265316,261.1056749355841,-0.1745,64.92796440744941,-4.987744761931217,0.165,0.5304458875477855,5.341129800410124
29.300000000000146,-0.8360278524472884,1708.0805862228658,260.60674298618443,-0.1745,64.97226551923504,-4.9908942260615365,0.165,0.5304458875477855,5.341129800410124
29.400000000000148,-0.8386073417489176,1714.5800200548454,260.10749843483217,-0.1745,65.01641112035766,-4.993996800983927,0.165,0.5304458875477855,5.341129800410124
29.50000000000015,-0.8412075837285384,1721.0838605968256,259.60794533079235,-0.1745,65.06039971924832,-4.9970652798123485,0.165,0.5304458875477855,5.341129800410124
29.60000000000015,-0.8438269847228839,1727.5920921058876,259.1080866559051,-0.1745,65.10423046199259,-5.00010821793289,0.165,0.5304458875477855,5.341129800410124
29.700000000000152,-0.846464539066105,1734.104698775068,258.6079246782883,-0.1745,65.14790292161962,-5.00313133440243,0.165,0.5304458875477855,5.341129800410124
29.800000000000153,-1.5984794441635892,1740.6216647689957,258.1074611890381,-0.1745,65.19141695693162,-5.006138450603049,0.165,0.5304458875477855,5.341129800410124
29.900000000000155,-1.3551907672483678,1747.139920562677,257.72927060823974,-0.06225,65.173698916692,-2.557673165363508,0.495,0.5304458875477855,5.341129800410124
30.000000000000156,-1.1929264675316709,1753.6530575896904,257.4332739795112,-0.1745,65.0890416235776,-3.3622594092066254,0.165,0.5304458875477855,5.341129800410124
30.100000000000158,-1.0851722318796102,1760.1599557535528,257.0700543939706,-0.1745,65.04892165366925,-3.902132301605057,0.165,0.5304458875477855,5.341129800410124
30.20000000000016,-1.0140128324500624,1766.6642784770734,256.66172327452216,-0.1745,65.03753281674325,-4.2644900873647185,0.165,0.5304458875477855,5.341129800410124
30.30000000000016,-0.9673820541786909,1773.1683983952116,256.2231054959475,-0.1745,65.04486554601999,-4.507865484129121,0.165,0.5304458875477855,5.341129800410124
30.400000000000162,-0.9371732459321691,1779.6738651316898,255.76413466272066,-0.1745,65.06446918354419,-4.671551180407183,0.165,0.5304458875477855,5.341129800410124
30.500000000000163,-0.917950164869519,1786.1816954247781,255.29146190678037,-0.1745,65.09213667822058,-4.781903938398851,0.165,0.5304458875477855,5.341129800410124
30.600000000000165,-0.9060724518728127,1792.6925573625306,254.80953736514567,-0.1745,65.12510207682786,-4.856586894294868,0.165,0.5304458875477855,5.341129800410124
30.700000000000166,-0.8991049776476295,1799.2068893239323,254.32133668086806,-0.1745,65.16153715120426,-4.907426791257345,0.165,0.5304458875477855,5.341129800410124
30.800000000000168,-0.8954201994483063,1805.7249776455376,253.82884851570716,-0.1745,65.20022928090056,-4.942336511960458,0.165,0.5304458875477855,5.341129800410124
30.90000000000017,-0.8939310842877496,1812.2470077294215,253.33340134496598,-0.1745,65.24037239677673,-4.966606902863147,0.165,0.5304458875477855,5.341129800410124
31.00000000000017,-0.8939120337259782,1818.7730978479976,252.83588231653403,-0.1745,65.28142997474647,-4.983773665775944,0.165,0.5304458875477855,5.341129800410124
31.100000000000172,-0.8938928394145568,1825.3033215794453,252.33688371076468,-0.1745,65.32304465420665,-4.996198449611082,0.165,0.5304458875477855,5.341129800410124
31.200000000000173,-0.895876557827005,1831.8393476720041,251.83651442164913,-0.1745,65.39747719696862,-5.011187332700062,0.495,0.5304458875477855,5.341129800410124
31.300000000000175,-0.8981903994144796,1838.3812027378606,251.33509632459769,-0.1745,65.43962412015966,-5.017174608328627,0.165,0.5304458875477855,5.341129800410124
31.400000000000176,-0.900730439338483,1844.927272348267,250.8331308035877,-0.1745,65.4817680879702,-5.022135811871194,0.165,0.5304458875477855,5.341129800410124
31.500000000000178,-0.9034275346077849,1851.4775536635282,250.33070347133864,-0.1745,65.52385821725395,-5.026410833109866,0.165,0.5304458875477855,5.341129800410124
31.60000000000018,-0.852375568049166,1858.0320396114776,249.82787161970967,-0.1745,65.56586074173485,-5.030226199469253,0.165,0.5062891015651799,4.814143241954429
31.70000000000018,-0.8193008212236297,1864.5893851854478,249.31590601661927,-0.1745,65.58105073766865,-5.2090858623388465,0.165,0.5062891015651799,4.814143241954429
31.800000000000182,-0.7982025045792727,1871.1486981101502,248.78899846171967,-0.1745,65.60520775638022,-5.329065235652819,0.165,0.5062891015651799,4.814143241954429
31.900000000000183,-0.7850786380842167,1877.7107202627053,248.25205393095874,-0.1745,65.63523529472168,-5.409825379565801,0.165,0.5062891015651799,4.814143241954429
32.000000000000185,-0.7772631335585021,1884.275936882189,247.70833881562868,-0.1745,65.66909709495252,-5.464476927035251,0.165,0.5062891015651799,4.814143241954429
32.100000000000186,-0.7729813545053645,1890.844664185373,247.16002717635965,-0.1745,65.70544896872885,-5.50175585834537,0.165,0.5062891015651799,4.814143241954429
32.20000000000019,-0.7710528482256365,1897.4171067047228,246.60856541056592,-0.1745,65.74340141826671,-5.527479457529223,0.165,0.5062891015651799,4.814143241954429
32.30000000000019,-0.7697919128377231,1903.9933950237719,246.0549154715545,-0.1745,65.78236496271805,-5.545519322699484,0.165,0.5062891015651799,4.814143241954429
32.40000000000019,-0.7708300932166343,1910.5752356456928,245.49943049447938,-0.1745,65.85444747570043,-5.564180218802601,0.495,0.5062891015651799,4.814143241954429
32.50000000000019,-0.7724511633362605,1917.1626802133871,244.94259365716525,-0.1745,65.89444387818627,-5.572556527480204,0.165,0.5062891015651799,4.814143241954429
32.60000000000019,-0.7744648513416428,1923.7541309394514,244.38501270965656,-0.1745,65.93457064310061,-5.57906242269367,0.165,0.5062891015651799,4.814143241954429
32.700000000000195,-0.7767449683602321,1930.349596137876,243.82684337202497,-0.1745,65.97473332539056,-5.5843243299384655,0.165,0.5062891015651799,4.814143241954429
32.800000000000196,-1.5377167606226179,1936.949076272804,243.2681892452778,-0.1745,66.01486937316774,-5.588758205005233,0.165,0.5062891015651799,4.814143241954429
32.9000000000002,-1.2880903993050068,1943.549622513774,242.8348601206838,-0.06225,65.99605544623257,-3.0778242868744696,0.495,0.5062891015651799,4.814143241954429
33.0000000000002,-1.122715507738337,1950.144551686632,242.48526943395757,-0.1745,65.90252801092537,-3.9139894476501813,0.165,0.5062891015651799,4.814143241954429
33.1000000000002,-1.0136445509850347,1956.7324863888523,242.066000152345,-0.1745,65.85616603348032,-4.471396184601492,0.165,0.5062891015651799,4.814143241954429
33.2000000000002,-0.9421261322713423,1963.3172954841036,241.6002760511238,-0.1745,65.84001587154431,-4.843085839822333,0.165,0.5062891015651799,4.814143241954429
33.3000000000002,-0.8956165765912925,1969.9014674430434,241.10356699278475,-0.1745,65.84342330725376,-5.091095326958784,0.165,0.5062891015651799,4.814143241954429
33.400000000000205,-0.8657444180866436,1976.4866171206802,240.58617236883381,-0.1745,65.85957024548166,-5.256797152060069,0.165,0.5062891015651799,4.814143241954429
33.500000000000206,-0.8469325146480072,1983.0737976055716,240.05494433467257,-0.1745,65.8840394523463,-5.367763531165113,0.165,0.5062891015651799,4.814143241954429
33.60000000000021,-0.8354702561340654,1989.6636968501562,239.51443849031494,-0.1745,65.91394543934516,-5.4423533559873185,0.165,0.5062891015651799,4.814143241954429
33.70000000000021,-0.8288913824208066,1996.256763772822,238.9676817903719,-0.1745,65.94739301397153,-5.4927806428736945,0.165,0.5062891015651799,4.814143241954429
33.80000000000021,-0.8255579966738935,2002.8532900741013,238.41668448784662,-0.1745,65.98313301161392,-5.527165407632038,0.165,0.5062891015651799,4.814143241954429
33.90000000000021,-0.8243830457512358,2009.4534637371373,237.86278108626036,-0.1745,66.02034024910704,-5.550902624093589,0.165,0.5062891015651799,4.814143241954429
34.00000000000021,-0.8246454711068968,2016.0574041944878,237.30685721208815,-0.1745,66.05846889790247,-5.567574859350638,0.165,0.5062891015651799,4.814143241954429
34.100000000000215,-0.8258672300193746,2022.6651855223715,236.74950046658742,-0.1745,66.09715765977111,-5.579560050663663,0.165,0.5062891015651799,4.814143241954429
34.200000000000216,-0.8277315517222222,2029.2768517715442,236.1911006685231,-0.1745,66.13616732368392,-5.588435910623075,0.165,0.5062891015651799,4.814143241954429
34.30000000000022,-0.8282274821152047,2035.8924271142175,235.63191643183214,-0.1745,66.17533952978339,-5.59524882319583,0.165,0.5062891015651799,4.814143241954429
34.40000000000022,-0.8315223368171926,2042.5151970699649,235.0715420916276,-0.1745,66.2800595851613,-5.61223798089462,0.8300000000000001,0.5062891015651799,4.814143241954429
34.50000000000022,-0.8347810623969085,2049.1451691756465,234.5102088012381,-0.1745,66.31938252847229,-5.6144278268958585,0.165,0.5062891015651799,4.814143241954429
34.60000000000022,-0.8380236623020904,2055.7790647623083,233.94864729285254,-0.1745,66.35852920476131,-5.616802340814974,0.165,0.5062891015651799,4.814143241954429
34.70000000000022,-0.8412634624237392,2062.4168667201666,233.38684236682167,-0.1745,66.3975099524065,-5.619296179802534,0.165,0.5062891015651799,4.814143241954429
34.800000000000225,-0.844509371290395,2069.05855880583,232.82478425263932,-0.1745,66.43633176087054,-5.6218661038444875,0.165,0.5062891015651799,4.814143241954429
34.900000000000226,-0.8477673766225455,2075.7041253639427,232.26246677201647,-0.1745,66.4749994013793,-5.624483508612814,0.165,0.5062891015651799,4.814143241954429
35.00000000000023,-0.851041535965365,2082.353551142827,231.69988612268287,-0.1745,66.51351617630827,-5.627129478058982,0.165,0.5062891015651799,4.814143241954429
35.10000000000023,-0.8543346322421894,2089.006821172427,231.13704007340584,-0.1745,66.55188441568248,-5.629791507481748,0.165,0.5062891015651799,4.814143241954429
35.20000000000023,-0.8576486074475198,2095.663920683512,230.5739274313465,-0.1745,66.59010580601661,-5.632461333704912,0.165,0.5062891015651799,4.814143241954429
35.30000000000023,-0.8609848494881345,2102.324835054215,230.0105476897228,-0.1745,66.62818160803896,-5.635133498768857,0.165,0.5062891015651799,4.814143241954429
35.40000000000023,-0.8643443818511667,2108.9895497746566,229.44690079481134,-0.1745,66.66611280079847,-5.637804399460759,0.165,0.5062891015651799,4.814143241954429
35.500000000000234,-0.8677279889919143,2115.658050423547,228.8829869919114,-0.1745,66.70390017701516,-5.640471658538095,0.165,0.5062891015651799,4.814143241954429
35.600000000000236,-0.8711362992132297,2122.3303226527055,228.31880672353986,-0.1745,66.74154440614919,-5.643133708892655,0.165,0.5062891015651799,4.814143241954429
35.70000000000024,-0.8745698394430304,2129.006352176818,227.754360562164,-0.1745,66.77904607610374,-5.645789518624305,0.165,0.5062891015651799,4.814143241954429
35.80000000000024,-0.8780290714398142,2135.6861247666625,227.18964916576624,-0.1745,66.8164057207905,-5.6484384093307884,0.165,0.5062891015651799,4.814143241954429
35.90000000000024,-0.8815144157283478,2142.369626244619,226.62467324849752,-0.1745,66.85362383834365,-5.651079936043909,0.165,0.5062891015651799,4.814143241954429
36.00000000000024,-0.885026267431839,2149.056842481694,226.05943356129924,-0.1745,66.89070090315033,-5.6537138079217355,0.165,0.5062891015651799,4.814143241954429
36.10000000000024,-0.8885650067541575,2155.747759395541,225.49393087910929,-0.1745,66.92763737379325,-5.6563398358775165,0.165,0.5062891015651799,4.814143241954429
36.200000000000244,-0.8921310059313581,2162.4423629491453,224.9281659924151,-0.1745,66.96443369829193,-5.658957898006363,0.165,0.5062891015651799,4.814143241954429
36.300000000000246,-0.8957246338541641,2169.1406391499377,224.3621397016764,-0.1745,67.00109031755939,-5.661567916767806,0.165,0.5062891015651799,4.814143241954429
36.40000000000025,-0.8993462591548856,2175.8425740492,223.79585281364146,-0.1745,67.03760766768008,-5.664169843931113,0.165,0.5062891015651799,4.814143241954429
36.50000000000025,-0.9029962522825565,2182.5481537416545,223.22930613891265,-0.1745,67.0739861814097,-5.66676365064499,0.165,0.5062891015651799,4.814143241954429
36.60000000000025,-0.9066749869119848,2189.257364365183,222.66250049033593,-0.1745,67.11022628916139,-5.669349320889091,0.165,0.5062891015651799,4.814143241954429
36.70000000000025,-0.9103828409147913,2195.970192100624,222.09543668193365,-0.1745,67.14632841965307,-5.671926847156578,0.165,0.5062891015651799,4.814143241954429
36.80000000000025,-0.9141201970428814,2202.686623171623,221.5281155281954,-0.1745,67.18229300033121,-5.674496227608197,0.165,0.5062891015651799,4.814143241954429
36.900000000000254,-0.9178874434235773,2209.406643844522,220.96053784360515,-0.1745,67.21812045764732,-5.677057464196578,0.165,0.5062891015651799,4.814143241954429
37.000000000000256,-0.9199097666831235,2216.1302404282665,220.39270444232383,-0.1745,67.25381121723721,-5.679610561430066,0.165,0.5062891015651799,4.814143241954429
37.10000000000026,-0.9244325518072355,2222.8606737791174,219.8240388655971,-0.1745,67.3548557997834,-5.693700973104642,0.8300000000000001,0.5062891015651799,4.814143241954429
37.20000000000026,-0.9287478343182378,2229.5979353919715,219.25465956629682,-0.1745,67.39037645729694,-5.693885012900596,0.165,0.5062891015651799,4.814143241954429
37.30000000000026,-0.9329382463026579,2236.338736202499,218.68522200786285,-0.1745,67.4256397532578,-5.694866155778927,0.165,0.5062891015651799,4.814143241954429
37.40000000000026,-0.9361792582917803,2243.0830526063237,218.11566033426374,-0.1745,67.46068832323643,-5.696367316203375,0.165,0.5062891015651799,4.814143241954429
37.50000000000026,-0.9406082782285013,2249.8324894796838,217.5456451688414,-0.1745,67.52804914396536,-5.703935992243681,0.495,0.5062891015651799,4.814143241954429
37.600000000000264,-0.9449077415782805,2256.587031612403,216.97520705979457,-0.1745,67.5627935104183,-5.704826188692561,0.165,0.5062891015651799,4.814143241954429
37.700000000000266,-0.9491341927688726,2263.3450373623577,216.404652855528,-0.1745,67.59732148867711,-5.706257896638517,0.165,0.5062891015651799,4.814143241954429
37.80000000000027,-0.9533248252129362,2270.1064865574226,215.83393788462232,-0.1745,67.63166241261821,-5.708041521475655,0.165,0.5062891015651799,4.814143241954429
37.90000000000027,-0.9575041548120458,2276.8713614607977,215.2630331674411,-0.1745,67.66583565488052,-5.710052822148615,0.165,0.5062891015651799,4.814143241954429
38.00000000000027,-0.961688395162279,2283.639645946259,214.69192000599287,-0.1745,67.69985405434745,-5.712210406816079,0.165,0.5062891015651799,4.814143241954429
38.10000000000027,-0.9658883252651116,2290.41132495726,214.12058643713357,-0.1745,67.73372616567553,-5.714460970370201,0.165,0.5062891015651799,4.814143241954429
38.20000000000027,-0.9701111686893266,2297.186384152301,213.54902490796326,-0.1745,67.76745773514149,-5.716769613035756,0.165,0.5062891015651799,4.814143241954429
38.300000000000274,-0.9743618246518782,2303.9648096724864,212.9772307526669,-0.1745,67.80105266856512,-5.719113492891384,0.165,0.5062891015651799,4.814143241954429
38.400000000000276,-0.9786436743361854,2310.74658798921,212.40520119475488,-0.1745,67.83451366590994,-5.721477665349265,0.165,0.5062891015651799,4.814143241954429
38.50000000000028,-0.9829591088886782,2317.5317058043665,211.8329346936457,-0.1745,67.86784263722012,-5.723852356834219,0.165,0.5062891015651799,4.814143241954429
38.60000000000028,-0.9873098750969647,2324.3201499849856,211.2604305168664,-0.1745,67.90104097515798,-5.726231178752158,0.165,0.5062891015651799,4.814143241954429
38.70000000000028,-0.9916973016705993,2331.11190752042,210.6876884600406,-0.1745,67.93410973352914,-5.728609957763915,0.165,0.5062891015651799,4.814143241954429
38.80000000000028,-1.7774294212028923,2337.906965494306,210.1147086636573,-0.1745,67.96704974419168,-5.730985969902224,0.165,0.5062891015651799,4.814143241954429
38.90000000000028,-1.5155750944811714,2344.7009466164745,209.67479770168316,-0.06225,67.91257269918079,-3.067233269580595,0.165,0.5062891015651799,4.814143241954429
39.000000000000284,-1.3451647368278654,2351.4864959554425,209.3226158027571,-0.1745,67.79841408017643,-3.9764047089407977,0.165,0.5062891015651799,4.814143241954429
39.100000000000286,-1.2349878654461839,2358.263301228904,208.89512217416038,-0.1745,67.73769138904728,-4.573467862993579,0.165,0.5062891015651799,4.814143241954429
39.20000000000029,-1.1644122340994527,2365.0357181744857,208.41816465634184,-0.1745,67.71064752259177,-4.965682493377317,0.165,0.5062891015651799,4.814143241954429
39.30000000000029,-1.1198381597791243,2371.8065046144816,207.90870679686836,-0.1745,67.70508127732487,-5.223474696092515,0.165,0.5062891015651799,4.814143241954429
39.40000000000029,-1.0923218781299076,2378.5774240874753,207.37787749125883,-0.1745,67.71330818254994,-5.393111416098295,0.165,0.5062891015651799,4.814143241954429
39.50000000000029,-1.0759916206879394,2385.3496107185215,206.83297332264758,-0.1745,67.73042443837782,-5.504971956127042,0.165,0.5062891015651799,4.814143241954429
39.60000000000029,-1.0669973533631663,2392.123795610038,206.27877532267465,-0.1745,67.75327339195144,-5.578988043331495,0.165,0.5062891015651799,4.814143241954429
39.700000000000294,-1.0628170966168906,2398.9004498543686,205.71841457159678,-0.1745,67.77981149466073,-5.6282269782257,0.165,0.5062891015651799,4.814143241954429
39.800000000000296,-1.061800072140633,2405.6798759777703,205.15394071319992,-0.1745,67.80871097337328,-5.661250189711673,0.165,0.5062891015651799,4.814143241954429
39.9000000000003,-1.0628664390540496,2412.4622668843435,204.58669500782685,-0.1745,67.83910715809017,-5.683663917749976,0.165,0.5062891015651799,4.814143241954429
40.0000000000003,-1.0653102376845245,2419.2477440521393,204.01755493222143,-0.1745,67.87043619782136,-5.699137594358121,0.165,0.5062891015651799,4.814143241954429
40.1000000000003,-1.0686702043790253,2426.036382369088,203.44709445186226,-0.1745,67.90233014115522,-5.710072012825481,0.165,0.5062891015651799,4.814143241954429
40.2000000000003,-1.0726451484481503,2432.8282263167334,202.87568898191654,-0.1745,67.93454881174645,-5.718037386089058,0.165,0.5062891015651799,4.814143241954429
40.3000000000003,-1.077038553803253,2439.6233005299614,202.30358409428024,-0.1745,67.96693545281596,-5.724060366637042,0.165,0.5062891015651799,4.814143241954429
40.400000000000304,-1.0817223304902714,2446.421616692487,201.73094047542676,-0.1745,67.99938779770038,-5.728812010432716,0.165,0.5062891015651799,4.814143241954429
40.500000000000306,-1.0866131063468585,2453.2231780414672,201.15786333396258,-0.1745,68.03183918190712,-5.7327308188510635,0.165,0.5062891015651799,4.814143241954429
40.60000000000031,-1.0916567262036916,2460.0279823107603,200.5844216303891,-0.1745,68.06424620395806,-5.736103252618693,0.165,0.5062891015651799,4.814143241954429
40.70000000000031,-1.0968181206424172,2466.8360236540616,200.01066064778527,-0.1745,68.09658066206688,-5.739116399457642,0.165,0.5062891015651799,4.814143241954429
40.80000000000031,-1.0972305133495333,2473.6472939013865,199.43661020703297,-0.1745,68.12882428443284,-5.741892415588662,0.165,0.8116503307845374,4.74423425134617
40.90000000000031,-1.099386537149625,2480.461718399159,198.8614661629086,-0.1745,68.15966567101503,-5.760988466898364,0.165,0.8116503307845374,4.74423425134617
41.00000000000031,-1.1027002513438575,2487.2792648827226,198.28470214919176,-0.1745,68.19126400025203,-5.774291807438847,0.165,0.8116503307845374,4.74423425134617
41.100000000000314,-1.1067889660475583,2494.0999937032225,197.70679723789928,-0.1745,68.2233124097472,-5.783806418410827,0.165,0.8116503307845374,4.74423425134617
41.200000000000315,-1.111402927758935,2500.923939853798,197.1280647780116,-0.1745,68.2556106017581,-5.790842779342539,0.165,0.8116503307845374,4.74423425134617
41.30000000000032,-1.1163792993853072,2507.7511217772844,196.54870975918132,-0.1745,68.2880278679692,-5.796257597262884,0.165,0.8116503307845374,4.74423425134617
41.40000000000032,-1.121612054493705,2514.5815471187652,195.9688663408772,-0.1745,68.32047896164268,-5.800610768819471,0.165,0.8116503307845374,4.74423425134617
41.50000000000032,-1.1270322901940086,2521.415216483858,195.38862239693825,-0.1745,68.35290834020806,-5.804268109960127,0.165,0.8116503307845374,4.74423425134617
41.60000000000032,-1.1325953576070866,2528.252125894358,194.80803556306742,-0.1745,68.38527986979719,-5.807468567456171,0.165,0.8116503307845374,4.74423425134617
41.70000000000032,-1.1382724517329632,2535.0922683927033,194.2271437257811,-0.1745,68.41757009710827,-5.8103681782704175,0.165,0.8116503307845374,4.74423425134617
41.800000000000324,-1.1440451171955277,2541.9356350901767,193.64597187625353,-0.1745,68.44976385235898,-5.813068812280909,0.165,0.8116503307845374,4.74423425134617
41.900000000000325,-1.14990165998551,2548.782215851588,193.06453658762845,-0.1745,68.48185137586539,-5.815636960220763,0.165,0.8116503307845374,4.74423425134617
42.00000000000033,-1.1558348047095948,2555.6319997424084,192.48284893905952,-0.1745,68.51382644054343,-5.818116011157848,0.165,0.8116503307845374,4.74423425134617
42.10000000000033,-1.1618401655047612,2562.484975320704,191.90091642483392,-0.1745,68.54568512536571,-5.8205342733542516,0.165,0.8116503307845374,4.74423425134617
42.20000000000033,-1.167915248359188,2569.3411308276845,191.31874420052233,-0.1745,68.57742501424312,-5.822910212877633,0.165,0.8116503307845374,4.74423425134617
42.30000000000033,-1.1740588004042383,2576.200454312041,190.7363358961707,-0.1745,68.60904467289033,-5.8252558741552765,0.165,0.8116503307845374,4.74423425134617
42.40000000000033,-1.180270385696168,2583.0629337110504,190.15369414682087,-0.1745,68.64054330729647,-5.827579112840842,0.165,0.8116503307845374,4.74423425134617
42.500000000000334,-1.1865501088054908,2589.928556903456,189.57082093852864,-0.1745,68.67192054081079,-5.8298850530038875,0.165,0.8116503307845374,4.74423425134617
42.600000000000335,-1.1928984348433678,2596.7973117439305,188.9877178339855,-0.1745,68.70317626868336,-5.832177037859052,0.165,0.8116503307845374,4.74423425134617
42.70000000000034,-1.1993160723947613,2603.669186085523,188.40438611959755,-0.1745,68.73431056317091,-5.834457249900246,0.165,0.8116503307845374,4.74423425134617
42.80000000000034,-1.2058038974785221,2610.544167794264,187.82082690133788,-0.1745,68.76532361164521,-5.836727115293155,0.165,0.8116503307845374,4.74423425134617
42.90000000000034,-1.2123629042608255,2617.422244758658,187.23704116719753,-0.1745,68.79621567623605,-5.838987567514066,0.165,0.8116503307845374,4.74423425134617
43.00000000000034,-1.2189941732128804,2624.303404895846,186.65302982786272,-0.1745,68.82698706752191,-5.841239219182189,0.165,0.8116503307845374,4.74423425134617
43.10000000000034,-1.2256988506433373,2631.1876361555915,186.0687937432023,-0.1745,68.85763812738254,-5.8434824740265565,0.165,0.8116503307845374,4.74423425134617
43.200000000000344,-1.2324781356491643,2638.074926522852,185.48433373950968,-0.1745,68.88816921782498,-5.845717599825709,0.165,0.8116503307845374,4.74423425134617
43.300000000000345,-1.2393332719069798,2644.9652640194286,184.89965062072284,-0.1745,68.91858071370353,-5.847944775911352,0.165,0.8116503307845374,4.74423425134617
43.40000000000035,-1.2462655426255953,2651.8586367050125,184.31474517572235,-0.1745,68.94887299797735,-5.850164124098305,0.165,0.8116503307845374,4.74423425134617
43.50000000000035,-1.2532762675662719,2658.7550326778423,183.72961818307652,-0.1745,68.97904645862123,-5.852375728817955,0.165,0.8116503307845374,4.74423425134617
43.60000000000035,-1.2603668014190332,2665.654440075104,183.1442704141246,-0.1745,69.0091014866135,-5.854579650220448,0.165,0.8116503307845374,4.74423425134617
43.70000000000035,-1.2675385330721236,2672.556847073166,182.55870263497863,-0.1745,69.03903847462507,-5.856775932698851,0.165,0.8116503307845374,4.74423425134617
43.80000000000035,-1.2747928854737474,2679.4622418877057,181.97291560782202,-0.1745,69.06885781616506,-5.858964610433331,0.165,0.8116503307845374,4.74423425134617
43.900000000000354,-1.2821313158907817,2686.370612773765,181.38691009175054,-0.1745,69.09855990502375,-5.861145710996067,0.165,0.8116503307845374,4.74423425134617
44.000000000000355,-1.2895553164378848,2693.2819480257617,180.80068684331602,-0.1745,69.12814513490883,-5.863319257694455,0.165,0.8116503307845374,4.74423425134617
44.10000000000036,-1.2970664147951985,2700.1962359774675,180.2142466168766,-0.1745,69.1576138992076,-5.865485271093638,0.165,0.8116503307845374,4.74423425134617
44.20000000000036,-1.3046661750619584,2707.1134650019694,179.62759016482167,-0.1745,69.1869665908309,-5.867643770005374,0.165,0.8116503307845374,4.74423425134617
44.30000000000036,-1.3123561987123624,2714.0336235116165,179.0407182377149,-0.1745,69.21620360211048,-5.869794772129955,0.165,0.8116503307845374,4.74423425134617
44.40000000000036,-1.3201381256323867,2720.956699957959,178.4536315843848,-0.1745,69.24532532473086,-5.87193829447262,0.165,0.8116503307845374,4.74423425134617
44.50000000000036,-1.3280136352243264,2727.8826828316796,177.8663309519805,-0.1745,69.27433214968379,-5.874074353613451,0.165,0.8116503307845374,4.74423425134617
44.600000000000364,-1.335984447571141,2734.8115606625256,177.27881708600572,-0.1745,69.3032244672374,-5.876202965882068,0.165,0.8116503307845374,4.74423425134617
44.700000000000365,-1.3440523246560923,2741.7433220192333,176.6910907303381,-0.1745,69.3320026669149,-5.878324147470518,0.165,0.8116503307845374,4.74423425134617
44.80000000000037,-1.352219071635516,2748.677955509453,176.10315262723927,-0.1745,69.36066713747944,-5.880437914506017,0.165,0.8116503307845374,4.74423425134617
44.90000000000037,-1.3604865381640394,2755.6154497796733,175.51500351735908,-0.1745,69.38921826692305,-5.882544283097648,0.165,0.8116503307845374,4.74423425134617
45.00000000000037,-1.3688566197725858,2762.5557935151423,174.92664413973588,-0.1745,69.41765644245838,-5.884643269366148,0.165,0.8116503307845374,4.74423425134617
45.10000000000037,-1.3773312593002374,2769.4989754397907,174.33807523179445,-0.1745,69.44598205051194,-5.886734889462744,0.165,0.8116503307845374,4.74423425134617
45.20000000000037,-1.385912448381494,2776.4449843161524,173.74929752934227,-0.1745,69.47419547671872,-5.888819159580872,0.165,0.8116503307845374,4.74423425134617
45.300000000000374,-1.3946022289908635,2783.393808945284,173.16031176656506,-0.1745,69.50229710591746,-5.890896095963295,0.165,0.8116503307845374,4.74423425134617
45.400000000000375,-1.4034026950469738,2790.345438166687,172.57111867602157,-0.1745,69.53028732214649,-5.892965714906241,0.165,0.8116503307845374,4.74423425134617
45.50000000000038,-1.4123159940786654,2797.299860858226,171.98171898863816,-0.1745,69.5581665086399,-5.895028032761616,0.165,0.8116503307845374,4.74423425134617
45.60000000000038,-1.4213443289556926,2804.2570659360495,171.39211343370317,-0.1745,69.58593504782395,-5.897083065937967,0.165,0.8116503307845374,4.74423425134617
45.70000000000038,-1.43048995968689,2811.2170423545062,170.80230273886124,-0.1745,69.61359332131377,-5.899130830900653,0.165,0.8116503307845374,4.74423425134617
45.80000000000038,-1.4397552052887934,2818.1797791060676,170.21228763010762,-0.1745,69.64114170991006,-5.901171344171487,0.165,0.8116503307845374,4.74423425134617
45.90000000000038,-1.4491424457279325,2825.145265221243,169.62206883178266,-0.1745,69.66858059359596,-5.903204622328067,0.165,0.8116503307845374,4.74423425134617
46.000000000000384,-1.4586541239401618,2832.113489768499,169.0316470665661,-0.1745,69.69591035153408,-5.9052306820028875,0.165,0.8116503307845374,4.74423425134617
46.100000000000385,-1.468292747930586,2839.084441854179,168.44102305547185,-0.1745,69.72313136206348,-5.9072495398823195,0.165,0.8116503307845374,4.74423425134617
46.20000000000039,-2.2735247806023517,2846.058110622417,167.85019751784245,-0.1745,69.75024400269685,-5.909261212705527,0.165,0.8116503307845374,4.74423425134617
46.30000000000039,-2.008318260839592,2853.0303037727567,167.39827120821744,-0.06225,69.69361900409459,-3.1292649797946734,0.165,0.8116503307845374,4.74423425134617
46.40000000000039,-1.8397032150863435,2859.9931255282468,167.03693367932803,-0.1745,69.56281610570568,-4.097485597993597,0.165,0.8116503307845374,4.74423425134617
46.50000000000039,-1.7340217543743446,2866.945800352358,166.59576293666936,-0.1745,69.49068037652283,-4.725929255179782,0.165,0.8116503307845374,4.74423425134617
46.60000000000039,-1.6692833561254303,2873.8930871487028,166.1027687613834,-0.1745,69.45505555037252,-5.133954250539119,0.165,0.8116503307845374,4.74423425134617
46.700000000000394,-1.6311609097568913,2880.8379621159365,165.57612126965506,-0.1745,69.44244379430452,-5.39899558402753,0.165,0.8116503307845374,4.74423425134617
46.800000000000395,-1.610341076912893,2887.782306749292,165.0276048713047,-0.1745,69.44444887280189,-5.5713323829797785,0.165,0.8116503307845374,4.74423425134617
46.9000000000004,-1.6007800460237842,2894.727317963382,164.46485833936683,-0.1745,69.45577540900864,-5.6835982557777935,0.165,0.8116503307845374,4.74423425134617
47.0000000000004,-1.5985608491117844,2901.673759402719,163.8928304673741,-0.1745,69.47305337773184,-5.756959184076546,0.165,0.8116503307845374,4.74423425134617
47.1000000000004,-1.6011475825556953,2908.6221183462553,163.31472581227496,-0.1745,69.49412549298954,-5.805133917905953,0.165,0.8116503307845374,4.74423425134617
47.2000000000004,-1.606900000299626,2915.5727049029815,162.73261866273216,-0.1745,69.51760564153066,-5.8370090729496535,0.165,0.8116503307845374,4.74423425134617
47.3000000000004,-1.6147581895006509,2922.525715242328,162.1478512911428,-0.1745,69.54260114539622,-5.858338358837457,0.165,0.8116503307845374,4.74423425134617
47.400000000000404,-1.8005805317642354,2929.481272115321,161.56129209522575,-0.1745,69.56853631446715,-5.8728455595036495,0.165,0.8116503307845374,4.74423425134617
47.500000000000405,-1.7495282263955243,2936.4419546238496,161.0041171230993,-0.1495,69.6451138560979,-5.270653883025606,0.165,0.8116503307845374,4.74423425134617
47.600000000000406,-1.7208705607719308,2943.406128647082,160.46590840681387,-0.1745,69.63836660855294,-5.4935204426826125,0.165,0.8116503307845374,4.74423425134617
47.70000000000041,-1.7067635302182915,2950.3702400767625,159.90931817003843,-0.1745,69.6438619850578,-5.638284292826089,0.165,0.8116503307845374,4.74423425134617
47.80000000000041,-1.7021281386422273,2957.335291168074,159.3407774803731,-0.1745,69.65715984117008,-5.73252950048066,0.165,0.8116503307845374,4.74423425134617
47.90000000000041,-1.7036797285129013,2964.301920720313,158.76444533559783,-0.1745,69.67543120360546,-5.794113395024957,0.165,0.8116503307845374,4.74423425134617
48.00000000000041,-1.709296283025572,2971.270535520664,158.18301021343854,-0.1745,69.69686480341593,-5.834589048160957,0.165,0.8116503307845374,4.74423425134617
48.10000000000041,-1.717608299487895,2978.2413936299404,157.59820941579295,-0.1745,69.72029738211371,-5.861426904750636,0.165,0.8116503307845374,4.74423425134617
48.200000000000415,-1.727732962102059,2985.2146575211887,157.01116530180897,-0.1745,69.74498044285177,-5.879455374928749,0.165,0.8116503307845374,4.74423425134617
48.300000000000416,-1.7391020482729331,2992.190428135382,156.4226028291437,-0.1745,69.7704318410119,-5.891794078376533,0.165,0.8116503307845374,4.74423425134617
48.40000000000042,-1.751350612799463,2999.1687667691785,155.8329902276795,-0.1745,69.79634083491838,-5.900457950907635,0.165,0.8116503307845374,4.74423425134617
48.50000000000042,-1.7642450315881344,3006.149709167154,155.2426299273632,-0.1745,69.8225071245888,-5.906748055418397,0.165,0.8116503307845374,4.74423425134617
48.60000000000042,-1.7776365115598898,3013.1332746046387,154.65171731038797,-0.1745,69.84880162510659,-5.911504284086233,0.165,0.8116503307845374,4.74423425134617
48.70000000000042,-1.79143106669347,3020.119471745446,154.06037866151985,-0.1745,69.87514119104232,-5.915268693276292,0.165,0.8116503307845374,4.74423425134617
48.80000000000042,-2.60328612403318,3027.1083024208506,153.46869567484887,-0.1745,69.90147231704813,-5.9183910401434074,0.165,0.8116503307845374,4.74423425134617
48.900000000000425,-2.342333883472837,3034.0956079991042,153.01641948900902,-0.06225,69.84463924802313,-3.1271326766535514,0.165,0.8116503307845374,4.74423425134617
49.000000000000426,-2.1784431502803354,3041.073440687088,152.65496289736151,-0.1745,69.712014511649,-4.101999156296436,0.165,0.8116503307845374,4.74423425134617
49.10000000000043,-2.8695965613477115,3048.0409736098914,152.21316321284334,-0.1745,69.63864394441705,-4.733994534067044,0.165,0.8116503307845374,4.74423425134617
49.20000000000043,-2.539343084594749,3055.002382814946,151.85694874616735,-0.06225,69.58954015668098,-2.390294799452928,0.165,0.8116503307845374,4.74423425134617
49.30000000000043,-2.329965418517305,3061.9525883562005,151.55698644404748,-0.1745,69.4145706684091,-3.6089512429442516,0.165,0.8116503307845374,4.74423425134617
49.40000000000043,-2.1996044129349195,3068.8890888232645,151.15648580965387,-0.1745,69.31543867287402,-4.401061444928028,0.165,0.8116503307845374,4.74423425134617
49.50000000000043,-2.120819584869017,3075.8180168502568,150.69062568707378,-0.1745,69.26312186697152,-4.916141006674066,0.165,0.8116503307845374,4.74423425134617
49.600000000000435,-2.075678149952545,3082.7431819096314,150.18225923724887,-0.1745,69.24017932052057,-5.251187989824099,0.165,0.8116503307845374,4.74423425134617
49.700000000000436,-2.090873721926972,3089.6669836356455,149.64623588503446,-0.1745,69.23585519976349,-5.469279054464095,0.165,0.6245629488343148,5.135863103187577
49.80000000000044,-2.1072268572561415,3096.59192021969,149.09878162871814,-0.1745,69.2628764811255,-5.479806071861946,0.165,0.6245629488343148,5.135863103187577
49.90000000000044,-2.1244448571690335,3103.519576260697,148.55042408508154,-0.1745,69.29024433900743,-5.487344800870003,0.165,0.6245629488343148,5.135863103187577
50.00000000000044,-2.1423415209445382,3110.449978332869,148.0014094545904,-0.1745,69.31779710443404,-5.492947808952599,0.165,0.6245629488343148,5.135863103187577
50.10000000000044,-2.1607996806512055,3117.3831397048502,147.45189724857042,-0.1745,69.3454303351938,-5.497296311447262,0.165,0.6245629488343148,5.135863103187577
50.20000000000044,-2.179746947794027,3124.3190650520232,146.90199087904375,-0.1745,69.37307660826816,-5.500831079085973,0.165,0.6245629488343148,5.135863103187577
50.300000000000445,-2.1991400199553643,3131.2577535049463,146.351757463093,-0.1745,69.40069245019704,-5.503837239928602,0.165,0.6245629488343148,5.135863103187577
50.400000000000446,-2.2189545314072143,3138.199200621525,145.80124064119525,-0.1745,69.42824988137332,-5.506499198026391,0.165,0.6245629488343148,5.135863103187577
50.50000000000045,-2.2391784932610865,3145.143399662831,145.25046887180554,-0.1745,69.45573094474842,-5.5089361897677875,0.165,0.6245629488343148,5.135863103187577
50.60000000000045,-2.2598080571665844,3152.0903424183493,144.69946079739213,-0.1745,69.48312416561129,-5.511225298500061,0.165,0.6245629488343148,5.135863103187577
50.70000000000045,-2.280844782800096,3159.040019739683,144.14822871508665,-0.1745,69.5104222610582,-5.513416347609567,0.165,0.6245629488343148,5.135863103187577
50.80000000000045,-2.302293878499487,3165.9924218856463,143.59678082091847,-0.1745,69.53762065820956,-5.51554153575408,0.165,0.6245629488343148,5.135863103187577
50.90000000000045,-2.3241630716544517,3172.947538745346,143.04512266067943,-0.1745,69.56471653577609,-5.517621669026983,0.165,0.6245629488343148,5.135863103187577
51.000000000000455,-2.346461886706275,3179.905359982347,142.4932580676751,-0.1745,69.59170820424762,-5.519670191059646,0.165,0.6245629488343148,5.135863103187577
51.100000000000456,-2.3692011870933056,3186.8658751278167,141.94118976869493,-0.1745,69.61859470514587,-5.521695788543979,0.165,0.6245629488343148,5.135863103187577
51.20000000000046,-2.392392888268804,3193.8290736406725,141.38891977549955,-0.1745,69.64537555196893,-5.5237040753638125,0.165,0.6245629488343148,5.135863103187577
51.30000000000046,-2.4160497817797166,3200.794944946409,140.83644963768518,-0.1745,69.67205056276511,-5.525698680923687,0.165,0.6245629488343148,5.135863103187577
51.40000000000046,-2.4401854316529175,3207.7634784621446,140.28378060597407,-0.1745,69.6986197519492,-5.527681953298569,0.165,0.6245629488343148,5.135863103187577
51.50000000000046,-2.4648141180850165,3214.7346636127627,139.73091373763785,-0.1745,69.7250832604135,-5.529655413425833,0.165,0.6245629488343148,5.135863103187577
51.60000000000046,-2.489950812324115,3221.7084898413027,139.17784996454552,-0.1745,69.75144131038769,-5.531620048421072,0.165,0.6245629488343148,5.135863103187577
51.700000000000465,-2.5156111723830685,3228.6849466156364,138.62459013707652,-0.1745,69.77769417628947,-5.533576500958979,0.165,0.6245629488343148,5.135863103187577
51.800000000000466,-2.541811552944023,3235.664023432746,138.07113505245252,-0.1745,69.80384216590531,-5.535525191521309,0.165,0.6245629488343148,5.135863103187577
51.90000000000047,-2.5685690252217834,3242.6457098214532,137.51748547301185,-0.1745,69.8298856082426,-5.537466397292354,0.165,0.6245629488343148,5.135863103187577
52.00000000000047,-2.595901404113332,3249.62999534415,136.963642137994,-0.1745,69.8558248456899,-5.539400303064783,0.165,0.6245629488343148,5.135863103187577
52.10000000000047,-3.4273300510375284,3256.616869597882,136.40960577113682,-0.1745,69.881660228958,-5.541327034078465,0.165,0.6245629488343148,5.135863103187577
52.20000000000047,-3.1802948524609986,3263.602180651701,135.99574233903158,-0.06225,69.82456084741828,-2.735941608026416,0.165,0.6245629488343148,5.135863103187577
52.30000000000047,-3.0309464257506735,3270.5779128347017,135.67308422180164,-0.1745,69.69008281259903,-3.717220736572426,0.165,0.6245629488343148,5.135863103187577
52.400000000000475,-2.9452899591180315,3277.5431893401305,135.2695970003013,-0.1745,69.61544729597433,-4.35252369343438,0.165,0.6245629488343148,5.135863103187577
52.500000000000476,-2.901169346920392,3284.5028592992885,134.81377306618123,-0.1745,69.57795188718201,-4.763954988967113,0.165,0.6245629488343148,5.135863103187577
52.60000000000048,-2.884190480214869,3291.4599472352347,134.32404905905813,-0.1745,69.56380683174056,-5.030525153495056,0.165,0.6245629488343148,5.135863103187577
52.70000000000048,-2.8850270758520113,3298.4163604441433,133.81235249503115,-0.1745,69.56445734643103,-5.2034061270442695,0.165,0.6245629488343148,5.135863103187577
52.80000000000048,-2.897650364033738,3305.373309400764,133.2863958052486,-0.1745,69.57452178597816,-5.315727668606984,0.165,0.6245629488343148,5.135863103187577
52.90000000000048,-2.9181718257553957,3312.3315646742753,132.75116322002543,-0.1745,69.59058368424685,-5.38892403585616,0.165,0.6245629488343148,5.135863103187577
53.00000000000048,-2.9440896810355133,3319.2916169260016,132.2098743452813,-0.1745,69.61046135027645,-5.436853459026835,0.165,0.6245629488343148,5.135863103187577
53.100000000000485,-2.9737996746108286,3326.2537778124192,131.66460813264382,-0.1745,69.6327563780814,-5.468470793722849,0.165,0.6245629488343148,5.135863103187577
53.200000000000486,-3.0062781055438013,3333.2182441484224,131.11670660680588,-0.1745,69.65657034197932,-5.489559723035983,0.165,0.6245629488343148,5.135863103187577
53.30000000000049,-3.040876759609166,3340.1851389273897,130.5670359056545,-0.1745,69.68132523736419,-5.503854299991399,0.165,0.6245629488343148,5.135863103187577
53.40000000000049,-3.0771903858503946,3347.1545376355716,130.01615496578785,-0.1745,69.70664892627346,-5.513764497341848,0.165,0.6245629488343148,5.135863103187577
53.50000000000049,-3.1149711322566036,3354.1264851691017,129.46442447750388,-0.1745,69.73230174433148,-5.520845268337268,0.165,0.6245629488343148,5.135863103187577
53.60000000000049,-3.15407334780525,3361.1010067239467,128.9120772325727,-0.1745,69.75812935257251,-5.52609963028615,0.165,0.6245629488343148,5.135863103187577
53.70000000000049,-3.194418007268127,3368.0781148115025,128.3592635301138,-0.1745,69.78403239854418,-5.530174418892154,0.165,0.6245629488343148,5.135863103187577
53.800000000000495,-3.235969810350101,3375.0578137801403,127.80608047534123,-0.1745,69.80994697421407,-5.5334866765589785,0.165,0.6245629488343148,5.135863103187577
53.900000000000496,-3.278722465009134,3382.0401027299094,127.25259088002572,-0.1745,69.83583202116638,-5.5363052297511555,0.165,0.6245629488343148,5.135863103187577
54.0000000000005,-3.322689255255348,3389.0249773915134,126.69883545210267,-0.1745,69.86166121091384,-5.538803328709806,0.165,0.6245629488343148,5.135863103187577
54.1000000000005,-3.3678970218552595,3396.012431337542,126.14484065537253,-0.1745,69.88741770965748,-5.541092605893037,0.165,0.6245629488343148,5.135863103187577
54.2000000000005,-3.4143823485911673,3403.0024567631663,125.59062377619274,-0.1745,69.91309080282858,-5.543244977702743,0.165,0.6245629488343148,5.135863103187577
54.3000000000005,-3.462189175660514,3409.995044989253,125.0361961889618,-0.1745,69.93867371890641,-5.545306766916063,0.165,0.6245629488343148,5.135863103187577
54.4000000000005,-3.5113673387058233,3416.9901867865283,124.48156546026956,-0.1745,69.96416222659344,-5.547307806928551,0.165,0.6245629488343148,5.135863103187577
54.500000000000504,-3.5619717106920605,3423.987872584391,123.92673670443997,-0.1745,69.98955373065782,-5.549267309663295,0.165,0.6245629488343148,5.135863103187577
54.600000000000506,-3.6140617391984717,3430.988092605388,123.37171345661837,-0.1745,70.01484668928207,-5.551197646768828,0.165,0.6245629488343148,5.135863103187577
54.70000000000051,-3.667701246150009,3437.9908369517852,122.81649823499738,-0.1745,70.04004023866482,-5.553106785650776,0.165,0.6245629488343148,5.135863103187577
54.80000000000051,-3.722958405097881,3444.9960956612786,122.26109290278733,-0.1745,70.06513395120116,-5.5549998585503975,0.165,0.6245629488343148,5.135863103187577
54.90000000000051,-3.77990584224255,3452.0038587428257,121.70549890121002,-0.1745,70.0901276797411,-5.556880172995602,0.165,0.6245629488343148,5.135863103187577
55.00000000000051,-4.646174045723698,3459.014116199678,121.14971739944161,-0.1745,70.11502145730572,-5.558749862372653,0.165,0.6245629488343148,5.135863103187577
55.10000000000051,-4.432332256895531,3466.0260644351283,120.73483850488742,-0.06225,70.12394325169579,-2.738828028711156,0.8300000000000001,0.6245629488343148,5.135863103187577
55.200000000000514,-4.317541901467309,3473.0315741645186,120.41134977422178,-0.1745,69.98625133611066,-3.730946584601657,0.165,0.6245629488343148,5.135863103187577
55.300000000000516,-4.267696418780292,3480.026357622286,120.00621614752154,-0.1745,69.9094178192402,-4.371725949402888,0.165,0.6245629488343148,5.135863103187577
55.40000000000052,-4.260652693932808,3487.015341465282,119.54834446807148,-0.1745,69.87025904067298,-4.785707639598387,0.165,0.6245629488343148,5.135863103187577
55.50000000000052,0.0,3494.00159096098,119.0563950131849,-0.1745,69.85473087329578,-5.053281458133282,0.165,0.6245629488343148,5.135863103187577
55.60000000000052,0.0,3500.987034619714,118.54241155485214,-0.1745,69.85414230138011,-5.226387708521971,0.165,0.6245629488343148,5.135863103187577
55.70000000000052,0.0,3507.9728936797287,118.01416348179573,-0.1745,69.86303889891222,-5.338573752606011,0.165,0.6245629488343148,5.135863103187577
55.80000000000052,0.0,3514.959943924141,117.47666015160225,-0.1745,69.87796598933761,-5.411492851263692,0.165,0.6245629488343148,5.135863103187577
55.900000000000524,0.0,3521.954603926674,116.96365836903902,-0.1495,70.01523406131626,-4.848542800000841,0.8300000000000001,0.6245629488343148,5.135863103187577
56.000000000000526,0.0,3528.9554614842555,116.46631560480085,-0.1745,70.00191709031749,-5.098312484762552,0.165,0.6245629488343148,5.135863103187577
56.10000000000053,0.0,3535.955684525698,115.94841335868358,-0.1745,70.00254373853285,-5.259732437583037,0.165,0.6245629488343148,5.135863103187577
56.20000000000053,0.0,3542.9564125707884,115.41721423325059,-0.1745,70.01201716328032,-5.364250071076868,0.165,0.6245629488343148,5.135863103187577
56.30000000000053,0.0,3549.9583688930666,114.87739490143875,-0.1745,70.02710928228458,-5.432136565160015,0.165,0.6245629488343148,5.135863103187577
56.40000000000053,0.0,3556.962012572586,114.33196554631833,-0.1745,70.0457643081071,-5.476450537248427,0.165,0.6245629488343148,5.135863103187577
56.50000000000053,0.0,3563.967634210868,113.78286302978339,-0.1745,70.06666845753264,-5.50559979345048,0.165,0.6245629488343148,5.135863103187577
56.600000000000534,0.0,3570.975416650272,113.23133327345988,-0.1745,70.08898033055567,-5.5249953330195085,0.165,0.6245629488343148,5.135863103187577
56.700000000000536,0.0,3577.985473685694,112.67817759481063,-0.1745,70.1121603778819,-5.538118239965433,0.165,0.6245629488343148,5.135863103187577
56.80000000000054,0.0,3584.9978748236676,112.1239113165168,-0.1745,70.1358623815901,-5.547207325911304,0.165,0.6245629488343148,5.135863103187577
56.90000000000054,0.0,3592.0126611491296,111.56886584709144,-0.1745,70.1598641276467,-5.553702062595731,0.165,0.6245629488343148,5.135863103187577
57.00000000000054,0.0,3599.0298555058444,111.01325435645279,-0.1745,70.18402300664721,-5.558527750177257,0.165,0.6245629488343148,5.135863103187577
57.10000000000054,0.0,3606.0494690329715,110.45721401683694,-0.1745,70.2082475358994,-5.562279042139718,0.165,0.6245629488343148,5.135863103187577
57.20000000000054,0.0,3613.0715053636104,109.90083316386486,-0.1745,70.23247907687677,-5.565338017301826,0.165,0.6245629488343148,5.135863103187577
57.300000000000544,0.0,3620.095963322052,109.34416875696178,-0.1745,70.25668009195287,-5.567950120759738,0.165,0.6245629488343148,5.135863103187577
57.400000000000546,0.0,3627.1203955417836,108.92901619578122,-0.06225,70.23196430267885,-2.735101102851509,0.495,0.6245629488343148,5.135863103187577
57.50000000000055,0.0,3634.136634467194,108.60562027784141,-0.1745,70.09281420553623,-3.7328172559446084,0.165,0.6245629488343148,5.135863103187577
57.60000000000055,0.0,3641.142025472566,108.20014665269174,-0.1745,70.01500590189933,-4.37665524704877,0.165,0.6245629488343148,5.135863103187577
57.70000000000055,0.0,3648.1415324935933,107.74170120805296,-0.1745,69.9751345186479,-4.792253645726907,0.165,0.6245629488343148,5.135863103187577
57.80000000000055,0.0,3655.1382410737965,107.2490566159296,-0.1745,69.95903708541401,-5.060638196740319,0.165,0.6245629488343148,5.135863103187577
57.90000000000055,0.0,3662.134090799259,106.73431895897436,-0.1745,69.95795742383899,-5.234114942364583,0.165,0.6245629488343148,5.135863103187577
58.000000000000554,0.0,3669.1303089263392,106.20529127564932,-0.1745,69.96640511776747,-5.346438724136215,0.165,0.6245629488343148,5.135863103187577
58.100000000000556,0.0,3676.1276744661213,105.6670004233086,-0.1745,69.98090567787834,-5.41937832267835,0.165,0.6245629488343148,5.135863103187577
58.20000000000056,0.0,3683.1266821142735,105.12268333346947,-0.1745,69.99924728516923,-5.466963474104096,0.165,0.6245629488343148,5.135863103187577
58.30000000000056,0.0,3690.1276453094606,104.57442360126747,-0.1745,70.0200166185753,-5.498231169935915,0.165,0.6245629488343148,5.135863103187577
58.40000000000056,0.0,3697.13076156423,104.02356205442538,-0.1745,70.04230847681222,-5.518999766905713,0.165,0.6245629488343148,5.135863103187577
58.50000000000056,0.0,3704.136154102702,103.47096136934249,-0.1745,70.0655422926295,-5.533013934752248,0.165,0.6245629488343148,5.135863103187577
58.60000000000056,0.0,3711.1438984887704,102.91717652455617,-0.1745,70.08934542873051,-5.542682960974115,0.165,0.6245629488343148,5.135863103187577
58.700000000000564,0.0,3718.1540396919977,102.3625645500071,-0.1745,70.11347863581496,-5.549556530007305,0.165,0.6245629488343148,5.135863103187577
58.800000000000566,0.0,3725.166603039458,101.80735516500714,-0.1745,70.13778831339583,-5.554631169991747,0.165,0.6245629488343148,5.135863103187577
58.90000000000057,0.0,3732.1816012493946,101.25169622884727,-0.1745,70.1621758853346,-5.558547553205826,0.165,0.6245629488343148,5.135863103187577
59.00000000000057,0.0,3739.199038950401,100.69568297710316,-0.1745,70.18657813479354,-5.561717481676194,0.165,0.6245629488343148,5.135863103187577
59.10000000000057,0.0,3746.2205405278364,100.13909035736158,-0.1745,70.24345341392225,-5.570134913155395,0.495,0.6245629488343148,5.135863103187577
59.20000000000057,0.0,3753.2461044647157,99.5820168796041,-0.1745,70.26782532366427,-5.571334641994258,0.165,0.8631875641330986,5.0455626633575275
59.30000000000057,0.0,3760.2716955273872,99.16431759700039,-0.06225,70.24399592976812,-2.7826510100799524,0.495,0.8631875641330986,5.0455626633575275
59.400000000000574,0.0,3767.291036568012,99.00534174765397,-0.03725,70.1428248827277,-0.3968659768483218,0.495,0.8631875641330986,5.0455626633575275
59.500000000000576,0.0,3774.2967836943485,98.90442749898652,-0.1495,69.97211764400384,-1.6214189965007832,0.165,0.8631875641330986,5.0455626633575275
59.60000000000058,0.0,3781.2835667244626,98.67257816815678,-0.1745,69.76354295827765,-3.0155676200942274,0.165,0.8631875641330986,5.0455626633575275
59.70000000000058,0.0,3788.2609670146126,98.4624587506203,-0.06225,69.78446284471956,-1.1868207306353387,0.8300000000000001,0.8631875641330986,5.0455626633575275
59.80000000000058,0.0,3795.2382817070506,98.3721901563111,-0.08725,69.76183100403907,-0.6185511555485066,0.165,0.8631875641330986,5.0455626633575275
59.90000000000058,0.0,3802.2009071519765,98.22389164995688,-0.1745,69.49067789447497,-2.347418971536049,0.165,0.8631875641330986,5.0455626633575275
60.00000000000058,0.0,3809.142115283179,97.93297214138288,-0.1745,69.33348472957208,-3.4709711999440227,0.165,0.8631875641330986,5.0455626633575275
60.100000000000584,0.0,3816.0710551348084,97.54932365220353,-0.1745,69.24531230301385,-4.201998583642944,0.165,0.8631875641330986,5.0455626633575275
60.200000000000585,0.0,3822.9948574219256,97.24099820697195,-0.06225,69.23073343933426,-1.9645103209884662,0.495,0.8631875641330986,5.0455626633575275
60.30000000000059,0.0,3829.909041967876,96.98235480592643,-0.1745,69.05295747967281,-3.208357699922007,0.165,0.8631875641330986,5.0455626633575275
60.40000000000059,0.0,3836.8165479966797,96.65007769725592,-0.1495,69.09716309639713,-3.4371844734883306,0.8300000000000001,0.8631875641330986,5.0455626633575275
60.50000000000059,0.0,3843.719224452853,96.43429402396036,-0.037250000000000005,68.95636602706263,-0.8784889924229224,0.165,0.8631875641330986,5.0455626633575275
60.60000000000059,0.0,3850.6081524217134,96.29546672510571,-0.1495,68.82219335014703,-1.8980569846700452,0.165,0.8631875641330986,5.0455626633575275
60.70000000000059,0.0,3857.4815226276087,96.04320644259687,-0.1745,68.64521076776153,-3.147148665506947,0.165,0.8631875641330986,5.0455626633575275
60.800000000000594,0.0,3864.341047946108,95.68762685897369,-0.1745,68.54529560222295,-3.9644430069566603,0.165,0.8631875641330986,5.0455626633575275
60.900000000000595,0.0,3871.1929715918836,95.26443227120446,-0.1745,68.49317731328875,-4.499448748427989,0.165,0.8631875641330986,5.0455626633575275
61.0000000000006,0.0,3878.041190506954,94.79697083664482,-0.1745,68.47120098812121,-4.8497799427649175,0.165,0.8631875641330986,5.0455626633575275
61.1000000000006,0.0,3884.888172168704,94.30051493427315,-0.1745,68.46843224687157,-5.079338104668441,0.165,0.8631875641330986,5.0455626633575275
61.2000000000006,0.0,3891.7354926642993,93.78504993787163,-0.1745,68.47797766503807,-5.229961823362013,0.165,0.8631875641330986,5.0455626633575275
61.3000000000006,0.0,3898.5841635356046,93.25710048727639,-0.1745,68.49543976107047,-5.3290271885429386,0.165,0.8631875641330986,5.0455626633575275
61.4000000000006,0.0,3905.434835094685,92.72092746062958,-0.1745,68.51799142053103,-5.394433344393316,0.165,0.8631875641330986,5.0455626633575275
61.500000000000604,0.0,3912.291199467654,92.17873477431512,-0.1745,68.60929603885707,-5.44942038189603,0.8300000000000001,0.8631875641330986,5.0455626633575275
61.600000000000605,0.0,3919.153528542415,91.63245369507834,-0.1745,68.63728545636074,-5.476201202839465,0.165,0.8631875641330986,5.0455626633575275
61.70000000000061,0.0,3926.0187159509837,91.0839218062054,-0.1745,68.66646271501041,-5.4944365746194705,0.165,0.8631875641330986,5.0455626633575275
61.80000000000061,0.0,3932.886857597715,90.533844850369,-0.1745,68.69637021961536,-5.507102542108682,0.165,0.8631875641330986,5.0455626633575275
61.90000000000061,0.0,3939.758011627477,89.98268278181898,-0.1745,68.7267103756324,-5.516138828891452,0.165,0.8631875641330986,5.0455626633575275
62.00000000000061,0.0,3946.63221162769,89.43073537518488,-0.1745,68.75728962863008,-5.522809303790409,0.165,0.8631875641330986,5.0455626633575275
62.10000000000061,0.0,3953.509475215327,88.87819804867776,-0.1745,68.7879821241054,-5.52793722635206,0.165,0.8631875641330986,5.0455626633575275
62.200000000000614,0.0,3960.3898096253856,88.32519825216195,-0.1745,68.81870607706756,-5.532058703964044,0.165,0.8631875641330986,5.0455626633575275
62.300000000000615,0.0,3967.273215348948,87.77181917903825,-0.1745,68.84940839417781,-5.535522758510123,0.165,0.8631875641330986,5.0455626633575275
62.40000000000062,0.0,3974.1596885017634,87.21811521329867,-0.1745,68.88005466213035,-5.538556556281322,0.165,0.8631875641330986,5.0455626633575275
62.50000000000062,0.0,3981.0492223662923,86.66412198968109,-0.1745,68.91062262844987,-5.541307916070373,0.165,0.8631875641330986,5.0455626633575275
62.60000000000062,0.0,3987.9418083955284,86.1098629437619,-0.1745,68.9410979562753,-5.543873002313617,0.165,0.8631875641330986,5.0455626633575275
62.70000000000062,-1000.0,3994.8374368663476,85.55535357556276,-0.1745,68.97147146011051,-5.546314361669096,0.165,0.8631875641330986,5.0455626633575275
