t,reward,x,y,theta,vx,vy,throttle,wind_vx,wind_vy
0.0,0.0,44.037399452279445,373.5838517025353,0.025560395127251584,44.8711701753654,7.190780462939805,0.5,0.9905468885476433,5.060587029619498
0.1,-4.374760448012676,44.037399452279445,373.5838517025353,0.025560395127251584,44.8711701753654,7.190780462939805,0.5,0.9905468885476433,5.060587029619498
0.2,-3.4349345302729146,48.51843678530245,374.2174532683748,-0.0866896048727484,44.74957648509466,5.48125085385011,0.165,0.9905468885476433,5.060587029619498
0.30000000000000004,-2.6896534014645272,52.97878461318384,374.6577928033924,-0.1745,44.457380072533184,3.325539846502067,0.165,0.9905468885476433,5.060587029619498
0.4,-2.098862655228985,57.415529436836046,374.9065177636132,-0.1745,44.27751640051094,1.648959357913129,0.165,0.9905468885476433,5.060587029619498
0.5,-1.6374861389122004,61.83973819241303,375.0056490542331,-0.1745,44.20665871102869,0.3336664544851571,0.495,0.9905468885476433,5.060587029619498
0.6,-1.2767129087694906,66.25791546617569,374.98782533331206,-0.1745,44.156886764224474,-0.690140872905773,0.165,0.9905468885476433,5.060587029619498
0.7,-0.9956846772034291,70.67303387262793,374.8787940852334,-0.1745,44.145481364820256,-1.4904840886683401,0.165,0.9905468885476433,5.060587029619498
0.7999999999999999,-0.7775481303320935,75.08840693783362,374.6984943593348,-0.1745,44.16197993929364,-2.1155104293035705,0.165,0.9905468885476433,5.060587029619498
0.8999999999999999,-0.6087990649440117,79.50645755980605,374.46256891743155,-0.1745,44.19903250015478,-2.602998408761291,0.165,0.9905468885476433,5.060587029619498
0.9999999999999999,-0.4786932008877981,83.92897792817857,374.18328304799064,-0.1745,44.251374867295475,-2.982718980056474,0.165,0.9905468885476433,5.060587029619498
1.0999999999999999,-0.37873227087569405,88.35730550299141,373.8702397693727,-0.1745,44.315176628961375,-3.2781465923020456,0.165,0.9905468885476433,5.060587029619498
1.2,-0.803431035640215,92.7924450445717,373.530944083046,-0.1745,44.387614202644734,-3.5077671342318792,0.165,0.9905468885476433,5.060587029619498
1.3,-0.6301455005956547,97.2298714610211,373.2275183034769,-0.06225,44.36091412634308,-2.560748457149843,0.165,0.9905468885476433,5.060587029619498
1.4000000000000001,-0.4966242651199529,101.66848245011484,372.9518911106255,-0.1745,44.41130565553164,-2.951795399878413,0.165,0.9905468885476433,5.060587029619498
1.5000000000000002,-0.39409860015546666,106.11272839879501,372.64151312034477,-0.1745,44.473613318071976,-3.2557644057369357,0.165,0.9905468885476433,5.060587029619498
1.6000000000000003,-0.3156709349758688,110.56365342794606,372.30413425670923,-0.1745,44.54488726494891,-3.4918128669735915,0.165,0.9905468885476433,5.060587029619498
1.7000000000000004,-0.2559374112371088,115.02204450170677,371.945794535074,-0.1745,44.62293421026527,-3.6749815657311258,0.165,0.9905468885476433,5.060587029619498
1.8000000000000005,-0.21067838872513872,119.48849665932137,371.57119285516313,-0.1745,44.70610894202678,-3.817052032486692,0.165,0.9905468885476433,5.060587029619498
1.9000000000000006,-0.17660789680889188,123.96346053737868,371.18397866561133,-0.1745,44.79316861911941,-3.927231758549239,0.165,0.9905468885476433,5.060587029619498
2.0000000000000004,-0.15117282612233718,128.44727742368275,370.7869820097184,-0.1745,44.88316910696173,-4.01270135930973,0.165,0.9905468885476433,5.060587029619498
2.1000000000000005,-0.13239324436708777,132.94020538178614,370.3823944356545,-0.1745,44.9753900551062,-4.07905012196817,0.165,0.9905468885476433,5.060587029619498
2.2000000000000006,-0.11873619654108047,137.4424388849485,369.97191086211325,-0.1745,45.069280008140865,-4.130621348855985,0.165,0.9905468885476433,5.060587029619498
2.3000000000000007,-0.6203030752170722,141.95412367176343,369.5568405393955,-0.1745,45.16441572815755,-4.17078510549813,0.165,0.9905468885476433,5.060587029619498
2.400000000000001,-0.4934274294573593,146.46886739186553,369.19682110559336,-0.06225,45.13045867388472,-3.029603570545354,0.165,0.9905468885476433,5.060587029619498
2.500000000000001,-0.3964618720834001,150.9850202432552,368.87917069407615,-0.1745,45.192598353909034,-3.3234046597989026,0.165,0.9905468885476433,5.060587029619498
2.600000000000001,-0.3199380984920122,155.50782919567564,368.5354723278909,-0.1745,45.26358069449975,-3.5505626639066286,0.165,0.9905468885476433,5.060587029619498
2.700000000000001,-0.2650167985863125,160.0413435406381,368.1710623587818,-0.1745,45.406706204749554,-3.737636718274837,0.8300000000000001,0.9905468885476433,5.060587029619498
2.800000000000001,-0.22363436497096684,164.5861543817493,367.7906275935159,-0.1745,45.4895106174742,-3.871058587042579,0.165,0.9905468885476433,5.060587029619498
2.9000000000000012,-0.19266315289500235,169.13943181923628,367.3983692927806,-0.1745,45.57603813226491,-3.974107427663615,0.165,0.9905468885476433,5.060587029619498
3.0000000000000013,-0.16968639260491747,173.70150211791199,366.99697666443683,-0.1745,45.66536784124905,-4.053745139211928,0.165,0.9905468885476433,5.060587029619498
3.1000000000000014,-0.15283994401525364,178.27261049475442,366.5885213651313,-0.1745,45.75679969559965,-4.11536084689803,0.165,0.9905468885476433,5.060587029619498
3.2000000000000015,-0.14068811672433207,182.85294047392347,366.1745973433392,-0.1745,45.8497998877812,-4.163119588944555,0.165,0.9905468885476433,5.060587029619498
3.3000000000000016,-0.13212665557108733,187.44262848964584,365.75642957168424,-0.1745,45.943960426666216,-4.200235844154418,0.165,0.9905468885476433,5.060587029619498
3.4000000000000017,-0.12630721824327257,192.04177495822688,365.33495841028787,-0.1745,46.03896894495475,-4.229187383772609,0.165,0.9905468885476433,5.060587029619498
3.5000000000000018,-0.12257875214404829,196.65045270467442,364.9109049420762,-0.1745,46.13458598399605,-4.251881980461777,0.165,0.9905468885476433,5.060587029619498
3.600000000000002,-0.12044209546167112,201.26871339415976,364.48482149090086,-0.1745,46.23062780571059,-4.269787043044775,0.165,0.9905468885476433,5.060587029619498
3.700000000000002,-0.119514887356727,205.89659245088637,364.05713062834116,-0.1745,46.326953328821816,-4.2840302081487485,0.165,0.9905468885476433,5.060587029619498
3.800000000000002,-0.11950449039892647,210.53411282564062,363.62815525521427,-0.1745,46.42345416626324,-4.295477254389187,0.165,0.9905468885476433,5.060587029619498
3.900000000000002,-0.1201871248256417,215.18128788438412,363.1981417746036,-0.1745,46.52004700860658,-4.304792357824284,0.165,0.9905468885476433,5.060587029619498
4.000000000000002,-0.12139180903623148,219.83812362434466,362.7672779253077,-0.1745,46.61666779060436,-4.3124846280933005,0.165,0.9905468885476433,5.060587029619498
4.100000000000001,-0.12298801250581859,224.50462037476774,362.3357064935888,-0.1745,46.713267217857506,-4.3189440062849505,0.165,0.9905468885476433,5.060587029619498
4.200000000000001,-0.12487617211573376,229.1807741023465,361.9035358469193,-0.1745,46.80980733371808,-4.324468927105599,0.165,0.9905468885476433,5.060587029619498
4.300000000000001,-0.12698041430852736,233.86657741319738,361.47084801985045,-0.1745,46.906258883299635,-4.3292876142712124,0.165,0.9905468885476433,5.060587029619498
4.4,-0.12924297462546697,238.5620203218177,361.037704916138,-0.1745,47.00259928910672,-4.333574459977602,0.165,0.9905468885476433,5.060587029619498
4.5,-0.13161992208928358,243.26709084109146,360.6041530624978,-0.1745,47.09881109636828,-4.337462612827024,0.165,0.9905468885476433,5.060587029619498
4.6,-0.13407788576645707,247.9817754348736,360.1702272496413,-0.1745,47.19488077927465,-4.3410536443034236,0.165,0.9905468885476433,5.060587029619498
4.699999999999999,-0.13659155040184806,252.7060593650666,359.7359533191133,-0.1745,47.290797824585525,-4.344424966255772,0.165,0.9905468885476433,5.060587029619498
4.799999999999999,-0.13914174177245942,257.43992695771664,359.3013502948744,-0.1745,47.38655402841548,-4.347635518522575,0.165,0.9905468885476433,5.060587029619498
4.899999999999999,-0.14171396389273921,262.1833618069793,358.86643201259534,-0.1745,47.48214295683716,-4.3507301270588705,0.165,0.9905468885476433,5.060587029619498
4.999999999999998,-0.14429728218407128,266.93634693143804,358.43120836419024,-0.1745,47.57755953233778,-4.353742841043386,0.165,0.9905468885476433,5.060587029619498
5.099999999999998,-0.2666203902296277,271.6988648939013,357.9956862478159,-0.1745,47.672799716927706,-4.356699486443059,0.165,0.9905468885476433,5.060587029619498
5.1999999999999975,-0.4805730004086556,276.4726838737488,357.5741189200311,-0.1495,47.80357988002127,-4.074647069254063,0.495,0.9905468885476433,5.060587029619498
5.299999999999997,-0.4017317865994949,281.2586401996771,357.1919104509035,-0.1245,47.91554663854423,-3.569522313297373,0.495,0.9905468885476433,5.060587029619498
5.399999999999997,-0.34277937832739136,286.0536492483395,356.82511717845273,-0.1745,47.98463433470421,-3.7663431357175003,0.165,0.9905468885476433,5.060587029619498
5.4999999999999964,-0.2989008415286784,290.8558774492302,356.4409991774001,-0.1745,48.05992968310933,-3.916016885335335,0.165,0.9905468885476433,5.060587029619498
5.599999999999996,-0.2664288819474231,295.6658651666331,356.0437034320795,-0.1745,48.13982466494869,-4.029898021077105,0.165,0.9905468885476433,5.060587029619498
5.699999999999996,-0.24257628561523026,300.48401258680974,355.6363763979587,-0.1745,48.223123738583055,-4.116642661338215,0.165,0.9905468885476433,5.060587029619498
5.799999999999995,-0.22522848908329673,305.3106154737873,355.22140234147975,-0.1745,48.30893400096905,-4.182838468241645,0.165,0.9905468885476433,5.060587029619498
5.899999999999995,-0.212783658502525,310.14589148990524,354.80058585442106,-0.1745,48.39658632138885,-4.233491272932486,0.165,0.9905468885476433,5.060587029619498
5.999999999999995,-0.20402993417932724,314.98999970683656,354.3752913014831,-0.1745,48.48557801723693,-4.272399785826499,0.165,0.9905468885476433,5.060587029619498
6.099999999999994,-0.1980515287679513,319.8430551464731,353.94654914976167,-0.1745,48.57553077549414,-4.302443248602716,0.165,0.9905468885476433,5.060587029619498
6.199999999999994,-0.7450130275158572,324.70513966146547,353.51513690426174,-0.1745,48.666159524353134,-4.325801661395826,0.165,0.9905468885476433,5.060587029619498
6.299999999999994,-0.604689275758735,329.56998905753994,353.1495131165049,-0.06225,48.63082839713641,-2.9866740937408225,0.165,0.9905468885476433,5.060587029619498
6.399999999999993,-0.49952782731206125,334.43537837482745,352.83344346984694,-0.1745,48.676957948613534,-3.334718839418217,0.165,0.9905468885476433,5.060587029619498
6.499999999999993,-0.42097786172428014,339.3059772037755,352.4868029881674,-0.1745,48.73501863034728,-3.598090794172528,0.165,0.9905468885476433,5.060587029619498
6.5999999999999925,-0.36252538316076527,344.182820315268,352.1170314259988,-0.1745,48.80184359950237,-3.7973404492003047,0.165,0.9905468885476433,5.060587029619498
6.699999999999992,-0.3192237099048689,349.0666686570535,351.72975910812033,-0.1745,48.875123236209156,-3.948105908368654,0.165,0.9905468885476433,5.060587029619498
6.799999999999992,-0.28732601429966337,353.9580828041532,351.32924061853436,-0.1745,48.9531597057847,-4.06226388335055,0.165,0.9905468885476433,5.060587029619498
6.8999999999999915,-0.26400026479709154,358.8574756559281,350.9186865407371,-0.1745,49.034697329713765,-4.148817672594649,0.165,0.9905468885476433,5.060587029619498
6.999999999999991,-0.2471096167143791,363.7651506823296,350.5005166124518,-0.1745,49.118803198315504,-4.21458089311136,0.165,0.9905468885476433,5.060587029619498
7.099999999999991,-0.35842898042879046,368.6813299353392,350.0765524495504,-0.1745,49.20478186187621,-4.264702364916862,0.165,0.9905468885476433,5.060587029619498
7.19999999999999,-0.31204787976960274,373.6081599139819,349.6633048492306,-0.1495,49.33181771097806,-4.000249641478881,0.495,0.8627505019347942,4.99961359369765
7.29999999999999,-0.27795056029267323,378.5451187364226,349.2571476043254,-0.1745,49.40735873783464,-4.122895256625574,0.165,0.8627505019347942,4.99961359369765
7.39999999999999,-0.2530528900057599,383.489824730741,348.84022680561804,-0.1745,49.486761148533816,-4.215520717520728,0.165,0.8627505019347942,4.99961359369765
7.499999999999989,-0.23503639342040333,388.44261215575295,348.41516975332354,-0.1745,49.56898735170543,-4.285620328369118,0.165,0.8627505019347942,4.99961359369765
7.599999999999989,-0.7866371819196593,393.4037248961399,347.98394694411553,-0.1745,49.6532674560344,-4.338835855791035,0.165,0.8627505019347942,4.99961359369765
7.699999999999989,-0.6335778852094032,398.36895760076163,347.6188253809253,-0.06225,49.65138663639945,-2.963595408014488,0.495,0.8627505019347942,4.99961359369765
7.799999999999988,-0.5195988581025424,403.335968709778,347.30313851503155,-0.1745,49.688835543928015,-3.3501419098600524,0.165,0.8627505019347942,4.99961359369765
7.899999999999988,-0.43498785734720574,408.30741813339506,346.95360564919594,-0.1745,49.74015292841282,-3.640515406851728,0.165,0.8627505019347942,4.99961359369765
7.999999999999988,-0.372398327990712,413.2845042249827,346.57865009599374,-0.1745,49.80156890334011,-3.858595657192546,0.165,0.8627505019347942,4.99961359369765
8.099999999999987,-0.32629132932062405,418.2681007785127,346.1845995291286,-0.1745,49.87036216725939,-4.022415680110597,0.165,0.8627505019347942,4.99961359369765
8.199999999999987,-0.29250181755699767,423.2588464425347,345.776200348294,-0.1745,49.944551113181745,-4.145567936581531,0.165,0.8627505019347942,4.99961359369765
8.299999999999986,-0.8363386198068644,428.25720815641677,345.3570079936429,-0.1745,50.02268316445914,-4.238279156439948,0.165,0.8627505019347942,4.99961359369765
8.399999999999986,-0.6727388193799394,433.257786946294,345.0015333911755,-0.06225,49.98889263308508,-2.871212892909022,0.165,0.8627505019347942,4.99961359369765
8.499999999999986,-0.5510932873843116,438.2582887643411,344.6936469261828,-0.1745,50.02114372785711,-3.286516406945257,0.165,0.8627505019347942,4.99961359369765
8.599999999999985,-0.46092012062231846,443.26277435934327,344.34942984390534,-0.1745,50.06856817218668,-3.5978252386035314,0.165,0.8627505019347942,4.99961359369765
8.699999999999985,-0.39430301921080935,448.272553012589,343.9779826925811,-0.1745,50.127004892728074,-3.831117787881045,0.165,0.8627505019347942,4.99961359369765
8.799999999999985,-0.34528367390611214,453.2885764540557,343.5861282179795,-0.1745,50.193463936606065,-4.005971704151902,0.165,0.8627505019347942,4.99961359369765
8.899999999999984,-0.3093898235351522,458.3115384863795,343.1789739214465,-0.1745,50.26577670986957,-4.137114226506744,0.165,0.8627505019347942,4.99961359369765
8.999999999999984,-0.2832721271527594,463.34194527923256,342.7603380240796,-0.1745,50.34235914719145,-4.235603720831978,0.165,0.8627505019347942,4.99961359369765
9.099999999999984,-0.26442681847165556,468.38016563623665,342.33307135315994,-0.1745,50.422047992890505,-4.3097296975609,0.165,0.8627505019347942,4.99961359369765
9.199999999999983,-0.25098509435398764,473.42646731894496,341.899300030454,-0.1745,50.50398566127522,-4.365696756557036,0.165,0.8627505019347942,4.99961359369765
9.299999999999983,-0.24155389637749464,478.48104350812054,341.4606080518549,-0.1745,50.58753812223647,-4.408142815425449,0.165,0.8627505019347942,4.99961359369765
9.399999999999983,-0.23509596721524306,483.54403219846273,341.01817437856397,-0.1745,50.6722356846071,-4.4405306503927875,0.165,0.8627505019347942,4.99961359369765
9.499999999999982,-0.23083974466094975,488.6155304787121,340.57287569801434,-0.1745,50.75772992038044,-4.465442960599302,0.165,0.8627505019347942,4.99961359369765
9.599999999999982,-0.22821182121631867,493.69560508083055,340.1253633382308,-0.1745,50.84376212198827,-4.484804235072211,0.165,0.8627505019347942,4.99961359369765
9.699999999999982,-0.22678640956084156,498.78430019142564,339.6761207631582,-0.1745,50.93014008991369,-4.50004726637853,0.165,0.8627505019347942,4.99961359369765
9.799999999999981,-0.22624758861875455,503.8816432453387,339.2255065037757,-0.1745,51.016720988347764,-4.512237921272351,0.165,0.8627505019347942,4.99961359369765
9.89999999999998,-0.2263611335948329,508.98764922723535,338.7737861824542,-0.1745,51.10339864958535,-4.522168505157599,0.165,0.8627505019347942,4.99961359369765
9.99999999999998,-0.22695352002840785,514.1023238675025,338.3211563800409,-0.1745,51.19009415575694,-4.530427543108814,0.165,0.8627505019347942,4.99961359369765
10.09999999999998,-0.22789628996426475,519.2256660174642,337.8677624088693,-0.1745,51.27674884347663,-4.537451880323429,0.165,0.8627505019347942,4.99961359369765
10.19999999999998,-0.22909442094308452,524.3576694148508,337.41371153757404,-0.1745,51.36331910425535,-4.543565545581369,0.165,0.8627505019347942,4.99961359369765
10.29999999999998,-0.23047767986018403,529.4983239959723,336.95908282448426,-0.1745,51.449772518176204,-4.549008716214373,0.165,0.8627505019347942,4.99961359369765
10.399999999999979,-0.23199420048327063,534.6476168708101,336.50393442423547,-0.1745,51.53608497857928,-4.553959288761543,0.165,0.8627505019347942,4.99961359369765
10.499999999999979,-0.2336057161126348,539.8055330474326,336.04830901324266,-0.1745,51.62223855387127,-4.55854893109443,0.165,0.8627505019347942,4.99961359369765
10.599999999999978,-0.23307420029631987,544.9720559700168,335.5922378157162,-0.1745,51.70821989781164,-4.5628750194341965,0.165,0.8627505019347942,4.99961359369765
10.699999999999978,-0.2356902589956547,550.1504424230922,335.13516631690777,-0.1745,51.85950916369553,-4.578554956734168,0.8300000000000001,0.8627505019347942,4.99961359369765
10.799999999999978,-0.2380972027054548,555.3406814038854,334.67722710190924,-0.1745,51.94527045216918,-4.580229343236737,0.165,0.8627505019347942,4.99961359369765
10.899999999999977,-0.238146158912588,560.5394825874286,334.2190945668299,-0.1745,52.030753218694066,-4.582421358350532,0.165,0.8627505019347942,4.99961359369765
10.999999999999977,-0.37271727924896914,565.7500935123121,333.7601463683152,-0.1745,52.18146527897658,-4.5965426119430095,0.8300000000000001,0.8627505019347942,4.99961359369765
11.099999999999977,-0.3402303538280682,570.9746930077789,333.31758573892347,-0.1495,52.31052463035913,-4.25466997589087,0.495,0.8627505019347942,4.99961359369765
11.199999999999976,-0.31690965570845664,576.2093549997753,332.88746822107817,-0.1745,52.38271520956931,-4.347680381015587,0.165,0.8627505019347942,4.99961359369765
11.299999999999976,-0.3003143543857792,581.4513906780859,332.4492396170647,-0.1745,52.45799835664133,-4.416891699253647,0.165,0.8627505019347942,4.99961359369765
11.399999999999975,-0.2886483328252637,586.7010648876899,332.0049644803202,-0.1745,52.53548583543807,-4.468611035635511,0.165,0.8627505019347942,4.99961359369765
11.499999999999975,-0.280591468025079,591.958565655838,331.5561596471038,-0.1745,52.61452952752355,-4.507485628692385,0.165,0.8627505019347942,4.99961359369765
11.599999999999975,-0.27517448823216384,597.2240249154461,331.10393856392494,-0.1745,52.69465566463711,-4.536936034884774,0.165,0.8627505019347942,4.99961359369765
11.699999999999974,-0.27168637931940853,602.4975335742985,330.6491178856864,-0.1745,52.7755175124104,-4.559477529886335,0.165,0.8627505019347942,4.99961359369765
11.799999999999974,-0.26960600851655275,607.7791525059034,330.1922961038216,-0.1745,52.85686111968761,-4.576958107409812,0.165,0.8627505019347942,4.99961359369765
11.899999999999974,-0.26855171195867444,613.0689205825972,329.73391147708566,-0.1745,52.93850041418861,-4.590734427309535,0.165,0.8627505019347942,4.99961359369765
11.999999999999973,-0.26824417572718473,618.366860555099,329.2742846702861,-0.1745,53.02029903584683,-4.601801708681813,0.165,0.8627505019347942,4.99961359369765
12.099999999999973,-0.26847913564956805,623.672983359657,328.81365010945035,-0.1745,53.1021570553113,-4.610889508032207,0.165,0.8627505019347942,4.99961359369765
12.199999999999973,-0.2691073181937845,628.9872912748903,328.3521790206127,-0.1745,53.184001249353116,-4.618532268721012,0.165,0.8627505019347942,4.99961359369765
12.299999999999972,-0.27001971464112345,634.309780236049,327.88999634522276,-0.1745,53.265777973823475,-4.625121239078179,0.165,0.8627505019347942,4.99961359369765
12.399999999999972,-0.271136779077589,639.6404415316148,327.4271931508888,-0.1745,53.347447937490855,-4.630942647600832,0.165,0.8627505019347942,4.99961359369765
12.499999999999972,-0.2724005104724869,644.9792630469316,326.9638357309357,-0.1745,53.42898236884535,-4.636205751460123,0.165,0.8627505019347942,4.99961359369765
12.599999999999971,-0.27376865280957785,650.3262301756009,326.49997227187293,-0.1745,53.51036020454209,-4.641063429796203,0.165,0.8627505019347942,4.99961359369765
12.69999999999997,-0.2752104494873159,655.6813264872026,326.0356377357301,-0.1745,53.591566027491446,-4.645627293060396,0.165,0.8627505019347942,4.99961359369765
12.79999999999997,-0.8869856612518162,661.044534216333,325.5708574330016,-0.1745,53.67258855511631,-4.649978761509393,0.165,0.8627505019347942,4.99961359369765
12.89999999999997,-0.721405559862178,666.409862914161,325.18835040501796,-0.06225,53.63398540144284,-3.0001617981635604,0.165,0.8627505019347942,4.99961359369765
12.99999999999997,-0.6011654344732851,671.7740696568909,324.86582101399244,-0.1745,53.6501494531565,-3.450426022346376,0.165,0.8627505019347942,4.99961359369765
13.09999999999997,-0.514100771309165,677.140806013196,324.5043089353889,-0.1745,53.684577672945096,-3.779815549724632,0.165,0.8627505019347942,4.99961359369765
13.199999999999969,-0.45125921972560046,682.5116318541309,324.11427830311334,-0.1745,53.73193914575354,-4.020797095786884,0.165,0.8627505019347942,4.99961359369765
13.299999999999969,-0.4060733589403534,687.8876536711919,323.7033782990717,-0.1745,53.7884971954648,-4.197202985045919,0.165,0.8627505019347942,4.99961359369765
13.399999999999968,-0.37373759498485204,693.2696588362705,323.2771931140825,-0.1745,53.85160610610859,-4.3265007147382155,0.165,0.8627505019347942,4.99961359369765
13.499999999999968,-0.35074269054871127,698.6582080729596,322.8397944557826,-0.1745,53.91937862767358,-4.421472451258747,0.165,0.8627505019347942,4.99961359369765
13.599999999999968,-0.33453029996402706,704.0537000666902,322.3941479355922,-0.1745,53.99046124693802,-4.491457952550001,0.165,0.8627505019347942,4.99961359369765
13.699999999999967,-0.32323785462142873,709.4564171033862,321.9424114046578,-0.1745,54.06387948698183,-4.543272666138349,0.165,0.8627505019347942,4.99961359369765
13.799999999999967,-0.3155108977028562,714.8665575711502,321.4861535596217,-0.1745,54.1389298682991,-4.58188423458268,0.165,0.8627505019347942,4.99961359369765
13.899999999999967,-0.3103654492232122,720.2842592453943,321.0265138586722,-0.1745,54.21510361658288,-4.610909784407367,0.165,0.8627505019347942,4.99961359369765
13.999999999999966,-0.30708730051403565,725.7096160430825,320.5643193348195,-0.1745,54.292032337182334,-4.632980692646229,0.165,0.8627505019347942,4.99961359369765
14.099999999999966,-0.3051584668271823,731.1426901145638,320.1001698173822,-0.1745,54.36944909244293,-4.650009656100264,0.165,0.8627505019347942,4.99961359369765
14.199999999999966,-0.30420355517641023,736.5835205887001,319.6345000382236,-0.1745,54.44716039028368,-4.663385927071254,0.165,0.8627505019347942,4.99961359369765
14.299999999999965,-0.30395070361853377,742.0321299062979,319.16762484939903,-0.1745,54.52502596167096,-4.674117849420093,0.165,0.8627505019347942,4.99961359369765
14.399999999999965,-0.3042031631759537,747.4885284108592,318.6997721167646,-0.1745,54.602944129555134,-4.682936803267613,0.165,0.8627505019347942,4.99961359369765
14.499999999999964,-0.3048186417153062,752.9527176777414,318.2311066299614,-0.1745,54.68084120808721,-4.690372932796822,0.165,0.8627505019347942,4.99961359369765
14.599999999999964,-0.30569430204928555,758.4246929289009,317.76174746986766,-0.1745,54.758663815103084,-4.696810269078319,0.165,0.8627505019347942,4.99961359369765
14.699999999999964,-0.30675587467132837,763.9044447843823,317.2917806152706,-0.1745,54.83637329452734,-4.702526822861985,0.165,0.8627505019347942,4.99961359369765
14.799999999999963,-0.30794976207298846,769.3919605325488,316.82126808790997,-0.1745,54.913941668799914,-4.707723724350533,0.165,0.8627505019347942,4.99961359369765
14.899999999999963,-0.309237316377369,774.8872250510714,316.35025458230143,-0.1745,54.99134870165194,-4.712546387820338,0.165,0.8627505019347942,4.99961359369765
14.999999999999963,-0.3105906946777931,780.3902214745033,315.87877226921916,-0.1745,55.06857976698731,-4.717099873824909,0.165,0.8627505019347942,4.99961359369765
15.099999999999962,-0.3119898589168213,785.9009316780059,315.40684427388794,-0.1745,55.14562430306509,-4.721460032799902,0.165,0.8627505019347942,4.99961359369765
15.199999999999962,-0.31342040552817557,791.4193366277407,314.934487193066,-0.1745,55.22247469163093,-4.725681583638783,0.165,0.8627505019347942,4.99961359369765
15.299999999999962,-0.31487199626044265,796.9454166345978,314.46171291554407,-0.1745,55.29912544551244,-4.7298039667999605,0.165,0.8627505019347942,4.99961359369765
15.399999999999961,-0.316337224306851,802.4791515378761,313.988529938077,-0.1745,55.37557262005427,-4.733855582541239,0.165,0.8627505019347942,4.99961359369765
15.499999999999961,-0.31781079544684454,808.0205208382249,313.51494431604704,-0.1745,55.45181338692268,-4.737856858059018,0.165,0.8627505019347942,4.99961359369765
15.59999999999996,-0.3192889370153734,813.569503793853,313.04096034985105,-0.1745,55.52784572563879,-4.7418224658604124,0.165,0.8627505019347942,4.99961359369765
15.69999999999996,-0.9529470925280203,819.1260794901566,312.56658108019104,-0.1745,55.60366820043288,-4.745762927339252,0.165,0.8627505019347942,4.99961359369765
15.79999999999996,-0.7757518900973577,824.6844434829319,312.1804687307116,-0.06225,55.56361165507381,-2.976484062249594,0.165,0.8627505019347942,4.99961359369765
15.89999999999996,-0.6486825709807731,830.2409290050622,311.8578983778633,-0.1745,55.56609878753131,-3.474922994716163,0.165,0.8627505019347942,4.99961359369765
15.99999999999996,-0.5578142705043674,835.7987342817116,311.4924158741192,-0.1745,55.5900067454568,-3.83472708016546,0.165,0.8627505019347942,4.99961359369765
16.09999999999996,-0.49303466690764935,841.3596779203086,311.0959548927169,-0.1745,55.62886602648291,-4.094492547880348,0.165,0.8627505019347942,4.99961359369765
16.19999999999996,-1.0787686820022016,846.9250318707674,310.67712230366277,-0.1745,55.678212982692656,-4.282159233202319,0.165,0.8627505019347942,4.99961359369765
16.29999999999996,-0.8682135798991759,852.4927105710094,310.3305666561209,-0.06225,55.67536102214874,-2.648953717635216,0.495,0.8627505019347942,4.99961359369765
16.399999999999963,-1.3454725972397323,858.0596091968202,310.0360718793493,-0.1745,55.66261149406712,-3.2409418177962492,0.165,0.8627505019347942,4.99961359369765
16.499999999999964,-1.0617819081956485,863.6277712538314,309.7781900859159,-0.06225,55.700629646156685,-1.9166940508715258,0.8300000000000001,0.8627505019347942,4.99961359369765
16.599999999999966,-0.8576671749338682,869.1955199973311,309.5467534922984,-0.1745,55.65434522383658,-2.7120378214783276,0.165,0.8627505019347942,4.99961359369765
16.699999999999967,-0.7112152215776901,874.760464990556,309.2468511041491,-0.1745,55.64455464066214,-3.2860099415092017,0.165,0.8627505019347942,4.99961359369765
16.79999999999997,-0.6064271579007672,880.3256876719423,308.89754460843,-0.1745,55.6598989870638,-3.7001199728723724,0.165,0.8627505019347942,4.99961359369765
16.89999999999997,-0.5316729089027041,885.8933188010081,308.5125943195222,-0.1745,55.69272359425195,-3.9988858052841945,0.165,0.8627505019347942,4.99961359369765
16.99999999999997,-0.47852798002159636,891.4648440383627,308.1019236698264,-0.1745,55.73778115283832,-4.214527188631202,0.165,0.8627505019347942,4.99961359369765
17.099999999999973,-0.44090699764780833,897.0413045336084,307.6726804610092,-0.1745,55.791428752074204,-4.370336987714057,0.165,0.8627505019347942,4.99961359369765
17.199999999999974,-0.4144240001986463,902.6234316581182,307.23000710770526,-0.1745,55.85111373812193,-4.4831300783647645,0.165,0.8627505019347942,4.99961359369765
17.299999999999976,-0.3959234663537567,908.2117391141879,306.7775992328966,-0.1745,55.91503538327212,-4.5650274178085635,0.165,0.8627505019347942,4.99961359369765
17.399999999999977,-0.3831383913418948,913.8065867495841,306.31811011841376,-0.1745,55.9819173246508,-4.62475487184778,0.165,0.8627505019347942,4.99961359369765
17.49999999999998,-0.37444203977804874,919.4082252089648,305.85344302987966,-0.1745,56.05085186296411,-4.668586898833951,0.165,0.8627505019347942,4.99961359369765
17.59999999999998,-0.368668291105311,925.0168274033005,305.3849621521359,-0.1745,56.12119202374785,-4.701030656040657,0.165,0.8627505019347942,4.99961359369765
17.69999999999998,-0.3649819483744321,930.6325108040745,304.9136445749465,-0.1745,56.19247599173255,-4.725320887748037,0.165,0.8627505019347942,4.99961359369765
17.799999999999983,-0.3627852973387133,936.2553532950003,304.44018966669296,-0.1745,56.26437382678423,-4.743777277322292,0.165,0.8627505019347942,4.99961359369765
17.899999999999984,-0.3616508878021091,941.8854044711627,303.9650976984395,-0.1745,56.33664969646388,-4.758062087746888,0.165,0.8627505019347942,4.99961359369765
17.999999999999986,-0.3612732395510357,947.5226937064374,303.488726310479,-0.1745,56.40913500902984,-4.769365671461726,0.165,0.8627505019347942,4.99961359369765
18.099999999999987,-0.36143418150027556,953.167235919539,303.01133103209406,-0.1745,56.48170925300272,-4.778539896237542,0.165,0.8627505019347942,4.99961359369765
18.19999999999999,-0.36197799798403985,958.8190356976943,302.53309433633956,-0.1745,56.554286310102086,-4.786194018852091,0.165,0.8627505019347942,4.99961359369765
18.29999999999999,-0.36279362152572076,964.4780902465925,302.0541464595104,-0.1745,56.62680466786131,-4.7927635177318235,0.165,0.8627505019347942,4.99961359369765
18.39999999999999,-0.36380188347926695,970.1443915008196,301.5745803099148,-0.1745,56.69922041668029,-4.798559474179905,0.165,0.8627505019347942,4.99961359369765
18.499999999999993,-0.36494639200483125,975.8179276335436,301.09446213748373,-0.1745,56.771502237801556,-4.803803974441614,0.165,0.8627505019347942,4.99961359369765
18.599999999999994,-0.3661870094440428,981.4986841362361,300.61383916508686,-0.1745,56.84362781604712,-4.808655473495733,0.165,0.8627505019347942,4.99961359369765
18.699999999999996,-0.3674951911565186,987.1866445906694,300.1327450436238,-0.1745,56.91558127261981,-4.813226955765633,0.165,0.8627505019347942,4.99961359369765
18.799999999999997,-0.3329288460532709,992.8817912207179,299.65120374930154,-0.1745,56.98735132835008,-4.817598930678998,0.165,0.5700221360818388,4.664431790317519
18.9,-0.3088520149200022,998.5833340099538,299.1641424729541,-0.1745,57.04350445636792,-4.923626596270141,0.165,0.5700221360818388,4.664431790317519
19.0,-0.4373315814702461,1004.2906980306054,298.6679657888501,-0.1745,57.103775956664066,-4.999907085809523,0.165,0.5700221360818388,4.664431790317519
19.1,-0.3835995921024729,1010.0070462213737,298.18585709953214,-0.1495,57.223187858701976,-4.6422667005491975,0.495,0.5700221360818388,4.664431790317519
19.200000000000003,-0.34599442566307426,1015.7317344057733,297.7135756048305,-0.1745,57.27057582929107,-4.8033631934839125,0.165,0.5700221360818388,4.664431790317519
19.300000000000004,-0.31981488640967837,1021.4614893226412,297.22748050211163,-0.1745,57.32452250806752,-4.918538860893257,0.165,0.5700221360818388,4.664431790317519
19.400000000000006,-0.30172188608123957,1027.1968663131447,296.7314961247792,-0.1745,57.383017302001306,-5.001148685755438,0.165,0.5700221360818388,4.664431790317519
19.500000000000007,-0.2893470123735786,1032.9382498347452,296.22840451956336,-0.1745,57.44465313000815,-5.0606834185611325,0.165,0.5700221360818388,4.664431790317519
19.60000000000001,-0.28101222828719963,1038.685904585712,295.7201763334364,-0.1745,57.508441889328076,-5.1038803039778315,0.165,0.5700221360818388,4.664431790317519
19.70000000000001,-0.2755297526392003,1044.4400110854974,295.2082064495567,-0.1745,57.5736881063797,-5.135517373616674,0.165,0.5700221360818388,4.664431790317519
19.80000000000001,-0.27205951412462515,1050.2006905685555,294.69348156360377,-0.1745,57.63990155478297,-5.158980345442099,0.165,0.5700221360818388,4.664431790317519
19.900000000000013,-0.2700077968838435,1055.9680224654467,294.1766992191854,-0.1745,57.706736383041445,-5.17666654292444,0.165,0.5700221360818388,4.664431790317519
20.000000000000014,-0.26895527671609465,1061.7420567091474,293.65835227811573,-0.1745,57.77394849097199,-5.190272278469384,0.165,0.5700221360818388,4.664431790317519
20.100000000000016,-0.2686059841848576,1067.522822412572,293.138788810292,-0.1745,57.8413655775176,-5.20099707800503,0.165,0.5700221360818388,4.664431790317519
20.200000000000017,-0.2687511439793086,1073.3103339935535,292.61825452325724,-0.1745,57.90886604211381,-5.209688662690601,0.165,0.5700221360818388,4.664431790317519
20.30000000000002,-0.2692435755943548,1079.104595500619,292.09692280095953,-0.1745,57.97636409919941,-5.2169457832631405,0.165,0.5700221360818388,4.664431790317519
20.40000000000002,-0.2699795839697844,1084.9056036688808,291.57491595662776,-0.1745,58.043799266032806,-5.223191103372439,0.165,0.5700221360818388,4.664431790317519
20.50000000000002,-0.27088615713349057,1090.71335007893,291.0523202604892,-0.1745,58.11112893495418,-5.228722819398738,0.165,0.5700221360818388,4.664431790317519
20.600000000000023,-0.2719119211719459,1096.5278226818702,290.52919655967185,-0.1745,58.17832312385061,-5.233751196948414,0.165,0.5700221360818388,4.664431790317519
20.700000000000024,-0.27206530567350146,1102.349006876363,290.00558777903086,-0.1745,58.24536076600662,-5.23842441587077,0.165,0.5700221360818388,4.664431790317519
20.800000000000026,-0.2736233488971082,1108.1785112113032,289.4812377501482,-0.1745,58.34472593279679,-5.24857616178282,0.495,0.5700221360818388,4.664431790317519
20.900000000000027,-0.2751033825316346,1114.0163212024459,288.9562253056708,-0.1745,58.411473890057536,-5.2516727277651825,0.165,0.5700221360818388,4.664431790317519
21.00000000000003,-0.2755754565364063,1119.8607940854274,288.43089236716423,-0.1745,58.47798376957449,-5.254986042365395,0.165,0.5700221360818388,4.664431790317519
21.10000000000003,-0.2773509223015966,1125.7135314792379,287.9049340765904,-0.1745,58.57676410663631,-5.264179769111119,0.495,0.5700221360818388,4.664431790317519
21.20000000000003,-0.27898041998670686,1131.5745140385493,287.3783950880805,-0.1745,58.64288707959237,-5.2666000010868075,0.165,0.5700221360818388,4.664431790317519
21.300000000000033,-0.2805072298167999,1137.4420955903433,286.85159325550654,-0.1745,58.708743956287655,-5.269436650392045,0.165,0.5700221360818388,4.664431790317519
21.400000000000034,-0.28196171303934703,1143.3162504438244,286.32449322302745,-0.1745,58.77435311333247,-5.272563999190076,0.165,0.5700221360818388,4.664431790317519
21.500000000000036,-0.2833651658632183,1149.1969544763429,285.7970703329521,-0.1745,58.83972753703605,-5.275893802317042,0.165,0.5700221360818388,4.664431790317519
21.600000000000037,-0.2847325266548084,1155.0841846744397,285.269307435831,-0.1745,58.904876424900536,-5.279364140104005,0.165,0.5700221360818388,4.664431790317519
21.70000000000004,-0.28607427672429797,1160.9779188113362,284.7411926499009,-0.1745,58.96980631302882,-5.282931578499202,0.165,0.5700221360818388,4.664431790317519
21.80000000000004,-0.2873977742869896,1166.878135220453,284.2127177880838,-0.1745,59.03452186930786,-5.2865656578417966,0.165,0.5700221360818388,4.664431790317519
21.90000000000004,-0.2887081901882735,1172.784812636475,283.6838772541685,-0.1745,59.0990264511292,-5.290245020464403,0.165,0.5700221360818388,4.664431790317519
22.000000000000043,-0.29000916396962284,1178.6979300838977,283.15466726859006,-0.1745,59.16332249732881,-5.293954691104256,0.165,0.5700221360818388,4.664431790317519
22.100000000000044,-0.2913032636389648,1184.617466798938,282.62508532564226,-0.1745,59.2274118034755,-5.297684167851771,0.165,0.5700221360818388,4.664431790317519
22.200000000000045,-0.29259230772480105,1190.5434021748679,282.09512981311406,-0.1745,59.2912957151235,-5.301426082711757,0.165,0.5700221360818388,4.664431790317519
22.300000000000047,-0.29197656120836246,1196.4757157237943,281.5647997458649,-0.1745,59.35497526340399,-5.305175262271502,0.165,0.5700221360818388,4.664431790317519
22.40000000000005,-0.29403368115141854,1202.4176615547574,281.0335173069102,-0.1745,59.48394135585624,-5.320473516822062,0.8300000000000001,0.5700221360818388,4.664431790317519
22.50000000000005,-0.29585112862301643,1208.3692255535993,280.5013981478361,-0.1745,59.54733862098218,-5.321909664659665,0.165,0.5700221360818388,4.664431790317519
22.60000000000005,-0.2975017207488029,1214.3271140626014,279.9691002173059,-0.1745,59.610431559059144,-5.324048945944581,0.165,0.5700221360818388,4.664431790317519
22.700000000000053,-0.29903618411832866,1220.2912982244086,279.4365639544627,-0.1745,59.67325167708695,-5.326676310918379,0.165,0.5700221360818388,4.664431790317519
22.800000000000054,-0.3004898481038623,1226.261751860676,278.9037480471573,-0.1745,59.73582104826153,-5.329641835190207,0.165,0.5700221360818388,4.664431790317519
22.900000000000055,-0.3018873148771825,1232.238450670987,278.37062390346284,-0.1745,59.79815515795906,-5.332841038698715,0.165,0.5700221360818388,4.664431790317519
23.000000000000057,-0.30324571633237263,1238.2213716735853,277.83717179462366,-0.1745,59.86026489400764,-5.336201138085436,0.165,0.5700221360818388,4.664431790317519
23.10000000000006,-0.3045769844963944,1244.210492815167,277.30337816532193,-0.1745,59.92215793762694,-5.339671447949223,0.165,0.5700221360818388,4.664431790317519
23.20000000000006,-0.9937687182424826,1250.205792698795,276.76923375882825,-0.1745,59.98383973492993,-5.343216681924475,0.165,0.5700221360818388,4.664431790317519
23.30000000000006,-0.7855660864976997,1256.2019549061235,276.33870606876167,-0.06225,59.93940441164278,-3.2673371194077374,0.165,0.5700221360818388,4.664431790317519
23.400000000000063,-0.6409353389606784,1262.1941473904858,275.9804730465681,-0.1745,59.90444527560007,-3.8973233244638754,0.165,0.5700221360818388,4.664431790317519
23.500000000000064,-0.5407329714093567,1268.1843813428343,275.56875029132993,-0.1745,59.9002337713694,-4.337131780299346,0.165,0.5700221360818388,4.664431790317519
23.600000000000065,-0.4715157166449213,1274.1752291933585,275.11968130565896,-0.1745,59.91672323911524,-4.644247933120411,0.165,0.5700221360818388,4.664431790317519
23.700000000000067,-0.4238724316963055,1280.1684278430357,274.64452554642713,-0.1745,59.94724975442647,-4.85886725151624,0.165,0.5700221360818388,4.664431790317519
23.800000000000068,-0.39123074059740026,1286.1651569021192,274.1511284711739,-0.1745,59.98733142724187,-5.009074253548821,0.165,0.5700221360818388,4.664431790317519
23.90000000000007,-0.3690094529272478,1292.1662196839832,273.6449513289475,-0.1745,60.03392421003905,-5.114468590978451,0.165,0.5700221360818388,4.664431790317519
24.00000000000007,-0.35402005694272487,1298.1721632163203,273.12979229170776,-0.1745,60.08494643670263,-5.188712153816175,0.165,0.5700221360818388,4.664431790317519
24.100000000000072,-0.344045978467159,1304.1833589319936,272.60829080379926,-0.1745,60.13896787676306,-5.241317604353165,0.165,0.5700221360818388,4.664431790317519
24.200000000000074,-0.3375478041262456,1310.2000574650015,272.0822798105918,-0.1745,60.19500278339484,-5.2789022597966175,0.165,0.5700221360818388,4.664431790317519
24.300000000000075,-0.33345728209864034,1316.2224261227702,271.5530314197879,-0.1745,60.25237037198097,-5.306065556280839,0.165,0.5700221360818388,4.664431790317519
24.400000000000077,-0.33103364154503045,1322.2505746356696,271.02142803831316,-0.1745,60.31059988600804,-5.326002073213762,0.165,0.5700221360818388,4.664431790317519
24.500000000000078,-0.3297635276616623,1328.284572908989,270.488081474537,-0.1745,60.36936558038097,-5.340929202308739,0.165,0.5700221360818388,4.664431790317519
24.60000000000008,-0.3292913945805648,1334.324463287713,269.95341575683887,-0.1745,60.428441994095124,-5.35238515165366,0.165,0.5700221360818388,4.664431790317519
24.70000000000008,-1.0228934995182601,1340.3702690417977,269.41772467964785,-0.1745,60.487673087600264,-5.361436392167013,0.165,0.5700221360818388,4.664431790317519
24.800000000000082,-0.8105437975052101,1346.418440030733,268.98679969313633,-0.06225,60.475746691109855,-3.2570633380637823,0.495,0.5700221360818388,4.664431790317519
24.900000000000084,-0.6635980278452208,1352.4640165351852,268.6286761758161,-0.1745,60.43578339793165,-3.9054070083408647,0.165,0.5700221360818388,4.664431790317519
25.000000000000085,-0.5621869357187683,1358.5072010686065,268.215593259229,-0.1745,60.42790727049125,-4.356251323400333,0.165,0.5700221360818388,4.664431790317519
25.100000000000087,-0.4924116147436802,1364.550673473334,267.7642888314617,-0.1745,60.44154082405852,-4.6698372319455626,0.165,0.5700221360818388,4.664431790317519
25.200000000000088,-0.4445795904295821,1370.5962355810234,267.28639117019947,-0.1745,60.46970132972764,-4.8881159932994445,0.165,0.5700221360818388,4.664431790317519
25.30000000000009,-0.4119481810842371,1376.645106295871,266.7899712552376,-0.1745,60.507712967224705,-5.040282305936966,0.165,0.5700221360818388,4.664431790317519
25.40000000000009,-0.3898356199160896,1382.69811259805,266.2806256217351,-0.1745,60.55241307635652,-5.146630364113035,0.165,0.5700221360818388,4.664431790317519
25.500000000000092,-0.37499593110082496,1388.7558156266039,265.7622315618568,-0.1745,60.601647494719316,-5.2212508334531025,0.165,0.5700221360818388,4.664431790317519
25.600000000000094,-0.3651812462467943,1394.8185950992124,265.237473183723,-0.1745,60.6539419574528,-5.273916729223333,0.165,0.5700221360818388,4.664431790317519
25.700000000000095,-0.3588363837157141,1400.8867064114013,264.7082073408796,-0.1745,60.70828428632488,-5.311400127644635,0.165,0.5700221360818388,4.664431790317519
25.800000000000097,-0.3548862587631141,1406.9603195317698,264.17571784127847,-0.1745,60.76397812104269,-5.338389864378085,0.165,0.5700221360818388,4.664431790317519
25.900000000000098,-1.0498651206645366,1413.0395456265364,263.64089184339684,-0.1745,60.820543774289796,-5.3581300932542195,0.165,0.5700221360818388,4.664431790317519
26.0000000000001,-0.8337314586042879,1419.1209961519944,263.21106004762703,-0.06225,60.8084667348696,-3.2385058221421072,0.495,0.5700221360818388,4.664431790317519
26.1000000000001,-0.684524575029418,1425.1996563553964,262.85402834376106,-0.1745,60.76473733316907,-3.9021282551771757,0.165,0.5700221360818388,4.664431790317519
26.200000000000102,-0.5818040570193141,1431.27560090037,262.4407985001718,-0.1745,60.754153566302,-4.362468616607915,0.165,0.5700221360818388,4.664431790317519
26.300000000000104,-0.5113050930618146,1437.3515948859672,261.98858128572596,-0.1745,60.76572614564177,-4.68187567230882,0.165,0.5700221360818388,4.664431790317519
26.400000000000105,-0.46310353105652624,1443.42949238322,261.5093045453088,-0.1745,60.79222379941287,-4.903659136034754,0.165,0.5700221360818388,4.664431790317519
26.500000000000107,-0.43031186992329606,1449.5105444879102,261.0112273345998,-0.1745,60.828818294392,-5.057885078144182,0.165,0.5700221360818388,4.664431790317519
26.600000000000108,-0.4081591259004036,1455.5955980360052,260.5000629464381,-0.1745,60.87225266750763,-5.165402685090226,0.165,0.5700221360818388,4.664431790317519
26.70000000000011,-0.39334530514498506,1461.6852263797423,259.9797601600211,-0.1745,60.92031420723346,-5.240653043249741,0.165,0.5700221360818388,4.664431790317519
26.80000000000011,-0.38359053737793275,1467.7798167069373,259.4530461001926,-0.1745,60.9714923366646,-5.293628153320328,0.165,0.5700221360818388,4.664431790317519
26.900000000000112,-0.5324039978269213,1473.879628947252,258.921802929308,-0.1745,61.02475246963124,-5.331235264371457,0.165,0.5700221360818388,4.664431790317519
27.000000000000114,-0.48033731156847115,1479.9880181834985,258.41089192382833,-0.1495,61.14303225529932,-4.886984845222056,0.495,0.5700221360818388,4.664431790317519
27.100000000000115,-0.44497673941299665,1486.1039949060741,257.9138471672057,-0.1745,61.17650219621502,-5.053910287230421,0.165,0.5700221360818388,4.664431790317519
27.200000000000117,-0.421122123387693,1492.2236941847236,257.40265681290595,-0.1745,61.21748337677463,-5.169896798764514,0.165,0.5700221360818388,4.664431790317519
27.300000000000118,-0.4051852091295377,1498.347745160469,256.88162291617857,-0.1745,61.26353613813116,-5.250781135783339,0.165,0.5700221360818388,4.664431790317519
27.40000000000012,-0.39469300194742957,1504.4765720055582,256.3537091715163,-0.1745,61.31300076365089,-5.307493757461759,0.165,0.5700221360818388,4.664431790317519
27.50000000000012,-0.3879428006048932,1510.6104592502181,255.82095589496006,-0.1745,61.364744129546736,-5.347571773663138,0.165,0.5700221360818388,4.664431790317519
27.600000000000122,-0.3837632166908947,1516.7495959989408,255.284766895844,-0.1745,61.417990844908125,-5.3762082086583405,0.165,0.5700221360818388,4.664431790317519
27.700000000000124,-0.3813489452609087,1522.894106019071,254.74610756005765,-0.1745,61.4722095576952,-5.396978507068876,0.165,0.5700221360818388,4.664431790317519
27.800000000000125,-0.3801466993895966,1529.0440682898839,254.2056414918076,-0.1745,61.52703585856102,-5.412342857932401,0.165,0.5700221360818388,4.664431790317519
27.900000000000126,-0.3797765585351742,1535.1995310701186,253.66382469352314,-0.1745,61.58221974613501,-5.423993107756646,0.165,0.5700221360818388,4.664431790317519
28.000000000000128,-0.3799777872454557,1541.360521542993,253.12097043255565,-0.1745,61.637589711350756,-5.433092111593116,0.165,0.5700221360818388,4.664431790317519
28.10000000000013,-0.38057154025758044,1547.5270524350967,252.5772938901106,-0.1745,61.69302813072589,-5.440438737307496,0.165,0.5700221360818388,4.664431790317519
28.20000000000013,-0.38143520838964107,1553.6991265608772,252.03294287641552,-0.1745,61.748454384883644,-5.446581536594514,0.165,0.5700221360818388,4.664431790317519
28.300000000000132,-0.3824847823129013,1559.8767399435083,251.4880189493811,-0.1745,61.80381326773916,-5.451897004093941,0.165,0.5700221360818388,4.664431790317519
28.400000000000134,-0.38366273487805524,1566.0598839581428,250.94259192786498,-0.1745,61.85906702494959,-5.4566434262279735,0.165,0.5700221360818388,4.664431790317519
28.500000000000135,-0.3849296993803866,1572.2485468036116,250.3967098608305,-0.1745,61.91418988442463,-5.460997914461445,0.165,0.5700221360818388,4.664431790317519
28.600000000000136,-0.4169632772211529,1578.4427145127813,249.85040587202974,-0.1745,61.96916429896872,-5.465081861554002,0.165,1.067592261756653,4.93540653164276
28.700000000000138,-0.43846987809721155,1584.643139318993,249.30842735291262,-0.1745,62.039331825263176,-5.3744885207884145,0.165,1.067592261756653,4.93540653164276
28.80000000000014,-0.45472803283722246,1590.8519812630243,248.77373959377468,-0.1745,62.1375070553624,-5.319266661970575,0.495,1.067592261756653,4.93540653164276
28.90000000000014,-0.466376896942195,1597.0688611437047,248.2439034042816,-0.1745,62.200090558246856,-5.277457127890745,0.165,1.067592261756653,4.93540653164276
29.000000000000142,-0.4748733422127488,1603.2918851562133,247.7175331013622,-0.1745,62.260389691927315,-5.249948930497363,0.165,1.067592261756653,4.93540653164276
29.100000000000144,-0.4812149950084815,1609.52085767909,247.19342387248807,-0.1745,62.31906076560943,-5.232235646985096,0.165,1.067592261756653,4.93540653164276
29.200000000000145,-0.4860848900065881,1615.75563851075,246.67075068590214,-0.1745,62.376555867589396,-5.221228084733646,0.165,1.067592261756653,4.93540653164276
29.300000000000146,-0.48995056552534416,1621.996125602144,246.14894882847332,-0.1745,62.43318596029219,-5.214809063842357,0.165,1.067592261756653,4.93540653164276
29.400000000000148,-0.4931319660819411,1628.24224313593,245.6276319755046,-0.1745,62.489164715425694,-5.211527995531759,0.165,1.067592261756653,4.93540653164276
29.50000000000015,-0.4958479726029738,1634.4939333142972,245.10653600902637,-0.1745,62.54463885191796,-5.210391334033318,0.165,1.067592261756653,4.93540653164276
29.60000000000015,-0.49824828376794916,1640.7511507106592,244.58548050157987,-0.1745,62.59970907532288,-5.210718814896569,0.165,1.067592261756653,4.93540653164276
29.700000000000152,-0.5004352557871061,1647.0138583895055,244.0643423186357,-0.1745,62.654444501600274,-5.212044843986296,0.165,1.067592261756653,4.93540653164276
29.800000000000153,-0.502478859279824,1653.2820252434824,243.5430375327224,-0.1745,62.70889257793967,-5.214050874279834,0.165,1.067592261756653,4.93540653164276
29.900000000000155,-0.5044269191671678,1659.5556241673082,243.02150903665066,-0.1745,62.763085898577046,-5.216519047154828,0.165,1.067592261756653,4.93540653164276
30.000000000000156,-0.5063121227424103,1665.8346308063929,242.49971806317293,-0.1745,62.81704688311656,-5.219300422399841,0.165,1.067592261756653,4.93540653164276
30.100000000000158,-0.508156814150495,1672.1190226998115,241.97763838135242,-0.1745,62.8707909852579,-5.22229321401036,0.165,1.067592261756653,4.93540653164276
30.20000000000016,-0.5099762732164412,1678.4087786936814,241.45525232634083,-0.1745,62.9243288921389,-5.225427886221589,0.165,1.067592261756653,4.93540653164276
30.30000000000016,-0.5117809568821746,1684.7038785398358,240.93254808445988,-0.1745,62.97766803095053,-5.228656951397359,0.165,1.067592261756653,4.93540653164276
30.400000000000162,-0.513578030867689,1691.0043026214069,240.40951783742796,-0.1745,63.030813600469074,-5.231947989240955,0.165,1.067592261756653,4.93540653164276
30.500000000000163,-0.515372415898529,1697.3100317652786,239.8861564943598,-0.1745,63.08376927696597,-5.23527887212223,0.165,1.067592261756653,4.93540653164276
30.600000000000165,-0.5171675020645711,1703.6210471139798,239.36246082572094,-0.1745,63.136537697057044,-5.238634500654896,0.165,1.067592261756653,4.93540653164276
30.700000000000166,-0.5189656363864505,1709.937330038224,238.8384288720515,-0.1745,63.1891207878258,-5.2420045727335385,0.165,1.067592261756653,4.93540653164276
30.800000000000168,-0.5207684554592024,1716.2588620772367,238.31405954044104,-0.1745,63.241519992427456,-5.245382059475817,0.165,1.067592261756653,4.93540653164276
30.90000000000017,-0.5225771123103886,1722.5856248980679,237.7893523292421,-0.1745,63.2937364241971,-5.248762164502862,0.165,1.067592261756653,4.93540653164276
31.00000000000017,-0.5243924310542603,1728.9176002678714,237.2643071403389,-0.1745,63.345770971872966,-5.2521416135611005,0.165,1.067592261756653,4.93540653164276
31.100000000000172,-0.5262150122830489,1735.2547700350356,236.73892415116953,-0.1745,63.397624371409535,-5.255518169826164,0.165,1.067592261756653,4.93540653164276
31.200000000000173,-0.5280453048611405,1741.5971161163543,236.21320372751197,-0.1745,63.44929725496631,-5.2588903033247725,0.165,1.067592261756653,4.93540653164276
31.300000000000175,-0.5289340282140453,1747.9446204883182,235.6871463640677,-0.1745,63.500790184310574,-5.262256965560545,0.165,1.067592261756653,4.93540653164276
31.400000000000176,-0.5301938685953439,1754.298890123438,235.16046617800168,-0.1745,63.58460251808743,-5.271346755759982,0.495,1.067592261756653,4.93540653164276
31.500000000000178,-1.2520043533830538,1760.6615348578407,234.63293513585796,-0.1745,63.668292169967785,-5.2792740871142545,0.495,1.067592261756653,4.93540653164276
31.60000000000018,-1.0250334762846602,1767.0259585209508,234.2200846879546,-0.06225,63.62018109223531,-2.977734870953318,0.165,1.067592261756653,4.93540653164276
31.70000000000018,-1.5847765899419204,1773.384783932442,233.8857581213477,-0.1745,63.55632713758591,-3.7087964611849635,0.165,1.067592261756653,4.93540653164276
31.800000000000182,-1.2557423452248844,1779.7401759875181,233.60338695207562,-0.06225,63.55151396393919,-1.938626924256516,0.495,1.067592261756653,4.93540653164276
31.900000000000183,-1.0316141307988764,1786.0893492681073,233.35677605491844,-0.1745,63.43195164784487,-2.9935910188871078,0.165,1.067592261756653,4.93540653164276
32.000000000000185,-0.8794248882988662,1792.4294804244387,233.02141097920506,-0.1745,63.37067147878053,-3.713710495380604,0.165,1.067592261756653,4.93540653164276
32.100000000000186,-0.7764401690904432,1798.7653734095697,232.62545726484746,-0.1745,63.34718822384116,-4.205363791771337,0.165,1.067592261756653,4.93540653164276
32.20000000000019,-0.7070408182207886,1805.100160499783,232.18813256159333,-0.1745,63.34855358042527,-4.541130273311103,0.165,1.067592261756653,4.93540653164276
32.30000000000019,-0.6605292710155464,1811.4359080276793,231.7225457048712,-0.1745,63.3663969775015,-4.770606861131353,0.165,1.067592261756653,4.93540653164276
32.40000000000019,-0.6295964863896195,1817.773988939236,231.23763166738772,-0.1745,63.39522125363239,-4.927673888538524,0.165,1.067592261756653,4.93540653164276
32.50000000000019,-0.6092578825988221,1824.1153188354215,230.73947530220377,-0.1745,63.431376670079196,-5.035453415140583,0.165,1.067592261756653,4.93540653164276
32.60000000000019,-0.5961189539332248,1830.4605087640484,230.2322171889666,-0.1745,63.47242190246001,-5.109708849602865,0.165,1.067592261756653,4.93540653164276
32.700000000000195,-0.5878706165890188,1836.8099656452607,229.7186729212637,-0.1745,63.516715721785175,-5.161176504454718,0.165,1.067592261756653,4.93540653164276
32.800000000000196,-0.5829435412536512,1843.1639589876133,229.20075596310573,-0.1745,63.56315112526915,-5.197162658704658,0.165,1.067592261756653,4.93540653164276
32.9000000000002,-0.5802719523201244,1849.5226655372624,228.67976604006824,-0.1745,63.61097986770986,-5.222635802045044,0.165,1.067592261756653,4.93540653164276
33.0000000000002,-0.5791325157672935,1855.886199308306,228.15658562288846,-0.1745,63.659695553161654,-5.2409725415509865,0.165,1.067592261756653,4.93540653164276
33.1000000000002,-0.5790345934425243,1862.2546318476507,227.63181367782997,-0.1745,63.70895523373261,-5.2544663596190055,0.165,1.067592261756653,4.93540653164276
33.2000000000002,-0.5796455653294506,1868.628005939348,227.10585664655693,-0.1745,63.75852660021168,-5.264674265841564,0.165,1.067592261756653,4.93540653164276
33.3000000000002,-0.5807400568883234,1875.0063448847222,226.57899029350793,-0.1745,63.80825230727323,-5.272652795138643,0.165,1.067592261756653,4.93540653164276
33.400000000000205,-0.5821654432265083,1881.389658791523,226.05140172578314,-0.1745,63.85802582874536,-5.27911855935702,0.165,1.067592261756653,4.93540653164276
33.500000000000206,-0.58381842601433,1887.7779488378435,225.52321792756828,-0.1745,63.90777509766391,-5.284557404940354,0.165,1.067592261756653,4.93540653164276
33.60000000000021,-0.5856291373430091,1894.1712101634196,224.9945251279242,-0.1745,63.95745141385727,-5.289298587941185,0.165,1.067592261756653,4.93540653164276
33.70000000000021,-0.5875503569719562,1900.5694338301441,224.46538194089712,-0.1745,64.00702192063243,-5.293565152600443,0.165,1.067592261756653,4.93540653164276
33.80000000000021,-0.589550201416919,1906.9726081512608,223.93582827666907,-0.1745,64.0564645017009,-5.297508131960492,0.165,1.067592261756653,4.93540653164276
33.90000000000021,-0.5916071691417463,1913.3807195923448,223.40589138229356,-0.1745,64.10576431997704,-5.3012297555494605,0.165,1.067592261756653,4.93540653164276
34.00000000000021,-0.5937067839398574,1919.7937533818629,222.87558993497072,-0.1745,64.15491147038423,-5.304799190907155,0.165,1.067592261756653,4.93540653164276
34.100000000000215,-0.5958393219243757,1926.211693924807,222.3449368145992,-0.1745,64.20389938849864,-5.308263216522861,0.165,1.067592261756653,4.93540653164276
34.200000000000216,-1.3240847111836296,1932.6345250828292,221.81394098100768,-0.1745,64.25272377194509,-5.3116534553077335,0.165,1.067592261756653,4.93540653164276
34.30000000000022,-1.0930621821190476,1939.0573588087284,221.39986287301306,-0.06225,64.20395074604058,-2.9699087045844084,0.165,1.067592261756653,4.93540653164276
34.40000000000022,-0.9371502956488156,1945.4742673617227,221.06525766029824,-0.1745,64.13422031384475,-3.7221955497117243,0.165,1.067592261756653,4.93540653164276
34.50000000000022,-0.8323253587519188,1951.8862149630306,220.667506650995,-0.1745,64.10473171231442,-4.232824636353458,0.165,1.067592261756653,4.93540653164276
34.60000000000022,-0.7621762292632359,1958.2965279035018,220.22688929084254,-0.1745,64.10152709710665,-4.579522566695887,0.165,1.067592261756653,4.93540653164276
34.70000000000022,-0.7155267088826913,1964.7073866670864,219.75715887825842,-0.1745,64.11564817458722,-4.815085684986467,0.165,1.067592261756653,4.93540653164276
34.800000000000225,-0.6847840551831008,1971.120231587371,219.2676361318763,-0.1745,64.14125023110765,-4.97536924265631,0.165,1.067592261756653,4.93540653164276
34.900000000000226,-0.6647995429771856,1977.5360179266943,218.76463257966657,-0.1745,64.1744765553554,-5.084701801538335,0.165,1.067592261756653,4.93540653164276
35.00000000000023,-0.6520867004030778,1983.955379882889,218.25241878175413,-0.1745,64.21276256853814,-5.159574156710461,0.165,1.067592261756653,4.93540653164276
35.10000000000023,-0.643335826715693,1990.3787377160024,217.73388237733107,-0.1745,64.2543940937285,-5.211153931750746,0.165,1.067592261756653,4.93540653164276
35.20000000000023,-0.6392136114089897,1996.8079934369673,217.21068832772244,-0.1745,64.33072032556939,-5.25272706042205,0.495,1.067592261756653,4.93540653164276
35.30000000000023,-0.6372190865242608,2003.2433306796174,216.68421204983474,-0.1745,64.37602452743202,-5.276798497331604,0.165,1.067592261756653,4.93540653164276
35.40000000000023,-0.636663192141578,2009.683240750695,216.1556688791273,-0.1745,64.42217689411868,-5.294064916817496,0.165,1.067592261756653,4.93540653164276
35.500000000000234,-0.6370812737486087,2016.1277918506892,215.62562864313796,-0.1745,64.46884510576774,-5.3067398029689326,0.165,1.067592261756653,4.93540653164276
35.600000000000236,-0.6381601688505547,2022.5770243736388,215.09447580001293,-0.1745,64.51580535322378,-5.316317059531762,0.165,1.067592261756653,4.93540653164276
35.70000000000024,-0.6396889299672037,2029.0309599878303,214.5624697224412,-0.1745,64.56290693060589,-5.323804491902733,0.165,1.067592261756653,4.93540653164276
35.80000000000024,-0.6415255435004918,2035.4896077546355,214.02978541320266,-0.1745,64.61004840549617,-5.329881692867833,0.165,1.067592261756653,4.93540653164276
35.90000000000024,-0.6435744646245456,2041.9529682531104,213.49654099120352,-0.1745,64.65716156400428,-5.335006747114903,0.165,1.067592261756653,4.93540653164276
36.00000000000024,-0.6457714606528417,2048.4210363606885,212.96281623840144,-0.1745,64.7042005875542,-5.339488308926573,0.165,1.067592261756653,4.93540653164276
36.10000000000024,-0.6480733899051588,2054.893803127791,212.428665109597,-0.1745,64.75113475450287,-5.343534267162259,0.165,1.067592261756653,4.93540653164276
36.200000000000244,-0.6504513118542723,2061.371257041432,211.8941241668242,-0.1745,64.79794351830556,-5.347284588293683,0.165,1.067592261756653,4.93540653164276
36.300000000000246,-0.6528858447106572,2067.8533848767775,211.35921826379186,-0.1745,64.84461318860727,-5.35083347235327,0.165,1.067592261756653,4.93540653164276
36.40000000000025,-0.655364038574599,2074.340172270888,210.8239643755041,-0.1745,64.89113469360626,-5.354244293401852,0.165,1.067592261756653,4.93540653164276
36.50000000000025,-0.6578772701944704,2080.831604109157,210.2883741773113,-0.1745,64.93750207177438,-5.35755967045361,0.165,1.067592261756653,4.93540653164276
36.60000000000025,-0.66041982609068,2087.32766478552,209.75245578111858,-0.1745,64.98371145548259,-5.360808253401035,0.165,1.067592261756653,4.93540653164276
36.70000000000025,-0.662987949326276,2093.8283383776097,209.21621490376128,-0.1745,65.02976038631232,-5.364009293745196,0.165,1.067592261756653,4.93540653164276
36.80000000000025,-0.6655791984471721,2100.3336087646235,208.6796556529683,-0.1745,65.07564735395837,-5.367175722114413,0.165,1.067592261756653,4.93540653164276
36.900000000000254,-0.6681920165253902,2106.843459706612,208.14278105588136,-0.1745,65.121371485811,-5.370316219624605,0.165,1.067592261756653,4.93540653164276
37.000000000000256,-0.670825441558214,2113.3578748978052,207.60559341432403,-0.1745,65.16693233804831,-5.373436611522158,0.165,1.067592261756653,4.93540653164276
37.10000000000026,-0.6734789119360213,2119.876838002462,207.06809454352262,-0.1745,65.21232975509163,-5.376540804506391,0.165,1.067592261756653,4.93540653164276
37.20000000000026,-0.6761521358253006,2126.400332678971,206.5302859324515,-0.1745,65.25756377508455,-5.3796314169157435,0.165,1.067592261756653,4.93540653164276
37.30000000000026,-0.6769757895918957,2132.9283425960425,205.99216885149247,-0.1745,65.30263456634545,-5.38271020226503,0.165,1.067592261756653,4.93540653164276
37.40000000000026,-0.6803986663685818,2139.46412594838,205.45316715231215,-0.1745,65.41303248040428,-5.39732378134142,0.8300000000000001,1.067592261756653,4.93540653164276
37.50000000000026,-0.6836056085991407,2146.007671880509,204.9133987758302,-0.1745,65.45788616217509,-5.398043748297748,0.165,1.067592261756653,4.93540653164276
37.600000000000264,-0.6866749970023043,2152.5556892920577,204.37352028413352,-0.1745,65.50246206880216,-5.399526085635799,0.165,1.067592261756653,4.93540653164276
37.700000000000266,-0.6896593298446427,2159.1081523468424,203.83346820778553,-0.1745,65.54679902688918,-5.401515441324019,0.165,1.067592261756653,4.93540653164276
37.80000000000027,-0.6925937896956885,2165.665038456747,203.29320038803849,-0.1745,65.59092317120265,-5.403840953617016,0.165,1.067592261756653,4.93540653164276
37.90000000000027,-0.6955019789391154,2172.226327221986,202.75268892370866,-0.1745,65.63485213357902,-5.406388332979739,0.165,1.067592261756653,4.93540653164276
38.00000000000027,-0.6983997585408144,2178.7919997212566,202.21191544923983,-0.1745,65.67859785182897,-5.409081156396916,0.165,1.067592261756653,4.93540653164276
38.10000000000027,-0.7012978165060848,2185.362038036463,201.67086797450654,-0.1745,65.72216845230601,-5.41186833826874,0.165,1.067592261756653,4.93540653164276
38.20000000000027,-0.7042033858355834,2191.9364249346313,201.1295387705336,-0.1745,65.76556951105412,-5.414715741189924,0.165,1.067592261756653,4.93540653164276
38.300000000000274,-0.7071213932368065,2198.515143655099,200.58792295544418,-0.1745,65.80880489830449,-5.417600560598223,0.165,1.067592261756653,4.93540653164276
38.400000000000276,-1.4542261634044222,2205.098177767202,200.04601754904454,-0.1745,65.85187734374738,-5.420507567394923,0.165,1.067592261756653,4.93540653164276
38.50000000000028,-1.2166675973779975,2211.6841432236674,199.6267483898427,-0.06225,65.86743178556854,-2.964875616641576,0.8300000000000001,0.9028407031486194,4.99186468484444
38.60000000000028,-1.0587887379883922,2218.266655255541,199.29042588200568,-0.1745,65.78280885190523,-3.761574540098671,0.165,0.9028407031486194,4.99186468484444
38.70000000000028,-0.9543659712174866,2224.8429200143273,198.88760657716924,-0.1745,65.74248632382185,-4.294811556630364,0.165,0.9028407031486194,4.99186468484444
38.80000000000028,-0.8857354789267008,2231.416578639108,198.44027497255834,-0.1745,65.73068617179295,-4.651820535587721,0.165,0.9028407031486194,4.99186468484444
38.90000000000028,-0.8410350672338187,2237.989984612274,197.96313348372175,-0.1745,65.73743329152094,-4.89100924114432,0.165,0.9028407031486194,4.99186468484444
39.000000000000284,-0.8123173431075115,2244.5646718253793,197.46600873873976,-0.1745,65.75631097058476,-5.051485658495586,0.165,0.9028407031486194,4.99186468484444
39.100000000000286,-0.7942672016503888,2251.141644501163,196.95546369107197,-0.1745,65.7831425450852,-5.159415294860378,0.165,0.9028407031486194,4.99186468484444
39.20000000000029,-0.7833347506467209,2257.7215610177213,196.43587850715076,-0.1745,65.81518778608526,-5.232288383564045,0.165,0.9028407031486194,4.99186468484444
39.30000000000029,-0.7752627049931895,2264.304852378691,195.9101747749933,-0.1745,65.85063943330582,-5.281786259585125,0.165,0.9028407031486194,4.99186468484444
39.40000000000029,-0.7729553675883893,2270.8950739294437,195.37972294495486,-0.1745,65.95379158174758,-5.327250341183613,0.8300000000000001,0.9028407031486194,4.99186468484444
39.50000000000029,-0.7725322596773274,2277.4924122371076,194.84593701429782,-0.1745,65.9929745715287,-5.348468271957266,0.165,0.9028407031486194,4.99186468484444
39.60000000000029,-0.7733708185648078,2284.093707597296,194.3103366240319,-0.1745,66.03293263224508,-5.363539533361479,0.165,0.9028407031486194,4.99186468484444
39.700000000000294,-0.7750570146268237,2290.699021950743,193.7734336809588,-0.1745,66.07335443669146,-5.37451932810065,0.165,0.9028407031486194,4.99186468484444
39.800000000000296,-0.7773156579577561,2297.3083913305113,193.23556892871147,-0.1745,66.11403315867364,-5.382775716845574,0.165,0.9028407031486194,4.99186468484444
39.9000000000003,-0.7799639549710841,2303.92183455986,192.69696919234585,-0.1745,66.15483142830043,-5.389219010467,0.165,0.9028407031486194,4.99186468484444
40.0000000000003,-0.7828805760038404,2310.539359034213,192.1577855062019,-0.1745,66.195658058755,-5.3944547124119895,0.165,0.9028407031486194,4.99186468484444
40.1000000000003,-0.7859850635355736,2317.1609645659764,191.61811849859313,-0.1745,66.23645257651462,-5.398885439762878,0.165,0.9028407031486194,4.99186468484444
40.2000000000003,-0.7892241300696858,2323.786645941475,191.07803528590898,-0.1745,66.27717493345997,-5.4027788139201265,0.165,0.9028407031486194,4.99186468484444
40.3000000000003,-0.7925625441116735,2330.416394621328,190.53758071195355,-0.1745,66.31779866360112,-5.406312665188658,0.165,0.9028407031486194,4.99186468484444
40.400000000000304,-0.7959770701942879,2337.050199871054,189.99678482266057,-0.1745,66.35830633091747,-5.409605120670936,0.165,0.9028407031486194,4.99186468484444
40.500000000000306,-0.7994524409995427,2343.688049512675,189.45566783545658,-0.1745,66.39868650150756,-5.412734623408994,0.165,0.9028407031486194,4.99186468484444
40.60000000000031,-0.8029786810871037,2350.3299304242487,188.9142434419054,-0.1745,66.43893172995894,-5.415753247614571,0.165,0.9028407031486194,4.99186468484444
40.70000000000031,-0.8065493292944204,2356.9758288717717,188.3725210019264,-0.1745,66.47903722050253,-5.418695551965432,0.165,0.9028407031486194,4.99186468484444
40.80000000000031,-0.8101602584504852,2363.625730729649,187.83050700111787,-0.1745,66.51899993704971,-5.421584464205472,0.165,0.9028407031486194,4.99186468484444
40.90000000000031,-0.8138088919686657,2370.2796216270904,187.28820601834602,-0.1745,66.55881801177476,-5.42443519123129,0.165,0.9028407031486194,4.99186468484444
41.00000000000031,-0.8174936840552799,2376.9374870452893,186.7456213679671,-0.1745,66.59849035220618,-5.427257816347354,0.165,0.9028407031486194,4.99186468484444
41.100000000000314,-0.8212137749610077,2383.5993123819135,186.20275552595356,-0.1745,66.63801638027485,-5.43005902392297,0.165,0.9028407031486194,4.99186468484444
41.200000000000315,-0.8249687624251678,2390.26508299388,185.6596104125449,-0.1745,66.67739585905352,-5.432843244250076,0.165,0.9028407031486194,4.99186468484444
41.30000000000032,-0.8287585502243908,2396.9347842257203,185.11618757966852,-0.1745,66.7166287777541,-5.435613413277506,0.165,0.9028407031486194,4.99186468484444
41.40000000000032,-0.8325832478713937,2403.608401428379,184.57248833517392,-0.1745,66.7557152754163,-5.438371476614787,0.165,0.9028407031486194,4.99186468484444
41.50000000000032,-0.8364431042360785,2410.285919971664,184.0285138251542,-0.1745,66.79465559028526,-5.4411187237797005,0.165,0.9028407031486194,4.99186468484444
41.60000000000032,-0.8403384636572728,2416.9673252524904,183.4842650884754,-0.1745,66.83345002623949,-5.443856009796041,0.165,0.9028407031486194,4.99186468484444
41.70000000000032,-0.8442697369619961,2423.6526027003288,182.93974309288257,-0.1745,66.87209893053233,-5.44658390206099,0.165,0.9028407031486194,4.99186468484444
41.800000000000324,-0.8473218295958973,2430.3417377808073,182.39494875889687,-0.1745,66.91060267903775,-5.4493027776530285,0.165,0.9028407031486194,4.99186468484444
41.900000000000325,-0.8516719126167049,2437.036340940308,181.8495965096333,-0.1745,66.98146051097837,-5.457742207618708,0.495,0.9028407031486194,4.99186468484444
42.00000000000033,-0.8559420462201361,2443.736400299867,181.30374546066366,-0.1745,67.0197266801998,-5.459278771774297,0.165,0.9028407031486194,4.99186468484444
42.10000000000033,-0.860172748900333,2450.44027610393,180.75772146430378,-0.1745,67.05778940106123,-5.461201155423144,0.165,0.9028407031486194,4.99186468484444
42.20000000000033,-0.8643909555576085,2457.1479490467286,180.2114926415079,-0.1745,67.09566945490656,-5.46337530049464,0.165,0.9028407031486194,4.99186468484444
42.30000000000033,-0.8686146378872811,2463.8594015550384,179.66503824120034,-0.1745,67.13338071128467,-5.465712705656915,0.165,0.9028407031486194,4.99186468484444
42.40000000000033,-0.8728558562981934,2470.574617214219,179.11834485777402,-0.1745,67.17093247232606,-5.468154962869285,0.165,0.9028407031486194,4.99186468484444
42.500000000000334,-0.8771227752637281,2477.2935803889827,178.57140393278502,-0.1745,67.20833102294843,-5.470663536910527,0.165,0.9028407031486194,4.99186468484444
42.600000000000335,-0.8814209938206408,2484.0162759729064,178.02421010532964,-0.1745,67.24558065552907,-5.473213012197091,0.165,0.9028407031486194,4.99186468484444
42.70000000000034,-0.885754423722035,2490.742689223031,177.47676012312323,-0.1745,67.28268434696325,-5.475786631931233,0.165,0.9028407031486194,4.99186468484444
42.80000000000034,-0.8901258689032399,2497.4728056506733,176.92905212391,-0.1745,67.31964420588365,-5.47837335233315,0.165,0.9028407031486194,4.99186468484444
42.90000000000034,-0.8945374077815577,2504.2066109493658,176.3810851613958,-0.1745,67.35646176796702,-5.480965897950768,0.165,0.9028407031486194,4.99186468484444
43.00000000000034,-0.8989906454443761,2510.9440909473074,175.83285889258696,-0.1745,67.39313819086802,-5.483559478225607,0.165,0.9028407031486194,4.99186468484444
43.10000000000034,-0.9034868800020857,2517.6852315759934,175.28437337163982,-0.1745,67.42967438285562,-5.486150940717373,0.165,0.9028407031486194,4.99186468484444
43.200000000000344,-0.908027212333212,2524.43001884952,174.7356289139745,-0.1745,67.46607108767323,-5.488738212589152,0.165,0.9028407031486194,4.99186468484444
43.300000000000345,-0.9126126185094202,2531.1784388509286,174.18662600672846,-0.1745,67.5023289405022,-5.49131993233139,0.165,0.9028407031486194,4.99186468484444
43.40000000000035,-0.9172439976249497,2537.9304777231964,173.637365249762,-0.1745,67.53844850485672,-5.493895206997488,0.165,0.9028407031486194,4.99186468484444
43.50000000000035,-0.9219222034227592,2544.686121663284,173.08784731680103,-0.1745,67.57443029689924,-5.496463452222213,0.165,0.9028407031486194,4.99186468484444
43.60000000000035,-0.9266480652507838,2551.4453569182024,172.5380729298487,-0.1745,67.6102748014597,-5.499024286824417,0.165,0.9028407031486194,4.99186468484444
43.70000000000035,-0.9314224019957212,2558.2081697824046,171.98804284233796,-0.1745,67.64598248258524,-5.501577463390332,0.165,0.9028407031486194,4.99186468484444
43.80000000000035,-0.9362460313979362,2564.974546596058,171.43775782804008,-0.1745,67.6815537904849,-5.50412282256735,0.165,0.9028407031486194,4.99186468484444
43.900000000000354,-0.9411197763310053,2571.7444737438873,170.88721867376282,-0.1745,67.7169891660989,-5.506660262977979,0.165,0.9028407031486194,4.99186468484444
44.000000000000355,-0.9460444690889227,2578.5179376543974,170.33642617454285,-0.1745,67.75228904410334,-5.509189721421185,0.165,0.9028407031486194,4.99186468484444
44.10000000000036,-0.9510209543678374,2585.294924799347,169.78538113047944,-0.1745,67.78745385488453,-5.511711159846998,0.165,0.9028407031486194,4.99186468484444
44.20000000000036,-0.9560500913945863,2592.075421693383,169.2340843446476,-0.1745,67.82248402583508,-5.514224556789369,0.165,0.9028407031486194,4.99186468484444
44.30000000000036,-0.9611327554998197,2598.8594148937846,168.6825366217215,-0.1745,67.85737998220354,-5.516729901732681,0.165,0.9028407031486194,4.99186468484444
44.40000000000036,-0.9662698393318101,2605.6468910002773,168.13073876706446,-0.1745,67.89214214765052,-5.519227191408122,0.165,0.9028407031486194,4.99186468484444
44.50000000000036,-0.9714622538401099,2612.4378366548904,167.5786915861261,-0.1745,67.92677094461153,-5.521716427359217,0.165,0.9028407031486194,4.99186468484444
44.600000000000364,-0.9767109291142249,2619.2322385418474,167.02639588404105,-0.1745,67.96126679453302,-5.524197614341811,0.165,0.9028407031486194,4.99186468484444
44.700000000000365,-0.9820168151334868,2626.0300833874753,166.47385246536032,-0.1745,67.9956301180248,-5.526670759272492,0.165,0.9028407031486194,4.99186468484444
44.80000000000037,-0.9873808824653213,2632.8313579601245,165.92106213386984,-0.1745,68.02986133495789,-5.529135870537422,0.165,0.9028407031486194,4.99186468484444
44.90000000000037,-0.9928041229365816,2639.6360490700986,165.36802569246606,-0.1745,68.06396086452614,-5.531592957537897,0.165,0.9028407031486194,4.99186468484444
45.00000000000037,-0.998287550294449,2646.444143569589,164.8147439430696,-0.1745,68.09792912528448,-5.5340420303914035,0.165,0.9028407031486194,4.99186468484444
45.10000000000037,-1.0038322008679814,2653.255628352612,164.2612176865633,-0.1745,68.13176653517156,-5.536483099734752,0.165,0.9028407031486194,4.99186468484444
45.20000000000037,-1.0094391342379434,2660.0704903549467,163.70744772274685,-0.1745,68.16547351152235,-5.538916176594228,0.165,0.9028407031486194,4.99186468484444
45.300000000000374,-1.0142092746705653,2666.8887165540764,163.15343485030215,-0.1745,68.19905047107406,-5.541341272299714,0.165,0.9028407031486194,4.99186468484444
45.400000000000375,-1.0202843664787786,2673.7119189113537,162.59889340077402,-0.1745,68.26499667447384,-5.549487718262853,0.495,0.9028407031486194,4.99186468484444
45.50000000000038,-1.0263076989954252,2680.540086983851,162.04388261892046,-0.1745,68.29836477546861,-5.5507279188081675,0.165,0.9028407031486194,4.99186468484444
45.60000000000038,-1.0323211942977049,2687.371582369232,161.48872806481947,-0.1745,68.33154293214905,-5.552363163211878,0.165,0.9028407031486194,4.99186468484444
45.70000000000038,-1.0383526650755046,2694.2063871610558,160.93339722012672,-0.1745,68.3645529043266,-5.554253730643107,0.165,0.9028407031486194,4.99186468484444
45.80000000000038,-1.0444207135516879,2701.044485259255,160.37786911815792,-0.1745,68.39740905965942,-5.556308308732737,0.165,0.9028407031486194,4.99186468484444
45.90000000000038,-1.0505379348012456,2707.8858617587616,159.82213034078552,-0.1745,68.4301209304729,-5.558467238715022,0.165,0.9028407031486194,4.99186468484444
46.000000000000384,-1.0567130109356109,2714.7305025496416,159.26617240113345,-0.1745,68.46269488712659,-5.560691554326653,0.165,0.9028407031486194,4.99186468484444
46.100000000000385,-1.06295207995593,2721.5783940556385,158.7099900327746,-0.1745,68.49513523280827,-5.562955812849897,0.165,0.9028407031486194,4.99186468484444
46.20000000000039,-1.0692596303916693,2728.4295230632574,158.15358007175357,-0.1745,68.5274449195714,-5.565243407571038,0.165,0.9028407031486194,4.99186468484444
46.30000000000039,-1.0756390859859661,2735.2838766100617,157.59694072619743,-0.1745,68.55962601651095,-5.567543503551705,0.165,0.9028407031486194,4.99186468484444
46.40000000000039,-1.082093187848296,2742.141441911677,157.04007109926602,-0.1745,68.59168001578864,-5.569849035076354,0.165,0.9028407031486194,4.99186468484444
46.50000000000039,-1.0886242443055896,2749.002206314097,156.4829708776485,-0.1745,68.62360803261154,-5.572155397273727,0.165,0.9028407031486194,4.99186468484444
46.60000000000039,-1.0952342943569793,2755.866157262521,155.92564012820966,-0.1745,68.6554109358761,-5.574459591503165,0.165,0.9028407031486194,4.99186468484444
46.700000000000394,-1.1019252147295502,2762.7332822809894,155.3680791652706,-0.1745,68.68708943349328,-5.576759667278355,0.165,0.9028407031486194,4.99186468484444
46.800000000000395,-1.108698790132516,2769.603568959069,154.81028846401023,-0.1745,68.71864412809983,-5.579054357929,0.165,0.9028407031486194,4.99186468484444
46.9000000000004,-1.115556759509744,2776.477004943145,154.25226860397353,-0.1745,68.75007555342384,-5.581342842804953,0.165,0.9028407031486194,4.99186468484444
47.0000000000004,-1.1225008466489448,2783.3535779307167,153.6940202322277,-0.1745,68.78138419801547,-5.583624592111689,0.165,0.9028407031486194,4.99186468484444
47.1000000000004,-1.1295327806043443,2790.2332756666538,153.13554403933765,-0.1745,68.81257052072813,-5.585899265689477,0.165,0.9028407031486194,4.99186468484444
47.2000000000004,-1.136654309494752,2797.116085940731,152.5768407437032,-0.1745,68.84363496081468,-5.588166646999135,0.165,0.9028407031486194,4.99186468484444
47.3000000000004,-1.1438672100017508,2804.001996585997,152.01791108134927,-0.1745,68.8745779445096,-5.590426600079611,0.165,0.9028407031486194,4.99186468484444
47.400000000000404,-1.1511732940852384,2810.890995477688,151.45875579927076,-0.1745,68.90539988931835,-5.592679041490506,0.165,0.9028407031486194,4.99186468484444
47.500000000000405,-1.1585744139065943,2817.7830705324945,150.89937565109489,-0.1745,68.93610120681156,-5.594923922027066,0.165,0.9028407031486194,4.99186468484444
47.600000000000406,-1.166072465606061,2824.6782097080572,150.3397713942532,-0.1745,68.96668230444399,-5.597161214806665,0.165,0.9028407031486194,4.99186468484444
47.70000000000041,-1.1840723849854635,2831.5764010026164,149.77994378813744,-0.1745,68.99714358673793,-5.599390907508357,0.165,1.024718691922987,5.085570415808265
47.80000000000041,-1.197691394006509,2838.477925265907,149.22167112488924,-0.1745,69.03334167907069,-5.5660623574559045,0.165,1.024718691922987,5.085570415808265
47.90000000000041,-1.2103223169885258,2845.384593183854,148.6658220850755,-0.1745,69.10001667987073,-5.550918438818987,0.495,1.024718691922987,5.085570415808265
48.00000000000041,-1.2214304271083296,2852.2962382585574,148.11142820850054,-0.1745,69.1328848141918,-5.536959092680064,0.165,1.024718691922987,5.085570415808265
48.10000000000041,-1.2315900386819056,2859.211120752362,147.55814681423112,-0.1745,69.16476506190199,-5.528668792708362,0.165,1.024718691922987,5.085570415808265
48.200000000000415,-1.2411749339276568,2866.1291570950957,147.0055104756993,-0.1745,69.19596179277345,-5.524057977927702,0.165,1.024718691922987,5.085570415808265
48.300000000000416,-1.250428655850975,2873.050288844164,146.4532158821099,-0.1745,69.22667318859176,-5.521833893860384,0.165,1.024718691922987,5.085570415808265
48.40000000000042,-1.259510181076044,2879.974473916433,145.9010663517065,-0.1745,69.25702825679542,-5.521156714207453,0.165,1.024718691922987,5.085570415808265
48.50000000000042,-1.2685235944478415,2886.901680878385,145.3489344674975,-0.1745,69.28711098224656,-5.5214809699731395,0.165,1.024718691922987,5.085570415808265
48.60000000000042,-1.2775373672352344,2893.8318852307875,144.79673779611142,-0.1745,69.31697606580916,-5.522452457748345,0.165,1.024718691922987,5.085570415808265
48.70000000000042,-1.2865968795762397,2900.76506699262,144.24442311185135,-0.1745,69.34665917084548,-5.523841227453078,0.165,1.024718691922987,5.085570415808265
48.80000000000042,-1.29573255343186,2907.7012091306383,143.69195614893275,-0.1745,69.37618358951498,-5.525498030919106,0.165,1.024718691922987,5.085570415808265
48.900000000000425,-1.304965133978252,2914.6402965389893,143.13931494620618,-0.1745,69.4055645775087,-5.527326023612356,0.165,1.024718691922987,5.085570415808265
49.000000000000426,-1.31430911889352,2921.5823153764386,142.58648552595673,-0.1745,69.4348121714797,-5.5292623813767845,0.165,1.024718691922987,5.085570415808265
49.10000000000043,-1.3237749849577871,2928.527252635993,142.03345908884174,-0.1745,69.46393301961163,-5.5312663609229675,0.165,1.024718691922987,5.085570415808265
49.20000000000043,-1.333370633863318,2935.4750958655045,141.480230193437,-0.1745,69.49293157061297,-5.533311547171879,0.165,1.024718691922987,5.085570415808265
49.30000000000043,-1.343102331265963,2942.4258329863237,140.92679557505775,-0.1745,69.52181084576995,-5.535380820412726,0.165,1.024718691922987,5.085570415808265
49.40000000000043,-1.352975317029614,2949.3794521756186,140.37315337954385,-0.1745,69.55057294012875,-5.537463089865294,0.165,1.024718691922987,5.085570415808265
49.50000000000043,-1.3629942021978194,2956.335941790013,139.8193026663416,-0.1745,69.57921934775578,-5.5395511741795005,0.165,1.024718691922987,5.085570415808265
49.600000000000435,-1.3731632276863723,2963.2952903160394,139.26524308630897,-0.1745,69.60775117277379,-5.541640426473266,0.165,1.024718691922987,5.085570415808265
49.700000000000436,-1.3834864333656618,2970.257486337991,138.7109746728565,-0.1745,69.63616926625261,-5.543727842576149,0.165,1.024718691922987,5.085570415808265
49.80000000000044,-1.393967769111337,2977.222518517053,138.15649770658771,-0.1745,69.6644743149831,-5.545811482799916,0.165,1.024718691922987,5.085570415808265
49.90000000000044,-1.4046111683094675,2984.1903755777535,137.6018126275931,-0.1745,69.69266689903299,-5.547890097092402,0.165,1.024718691922987,5.085570415808265
50.00000000000044,-1.415420597104766,2991.161046299158,137.04691997863375,-0.1745,69.72074752905363,-5.549962882094099,0.165,1.024718691922987,5.085570415808265
50.10000000000044,-1.4264000880111884,2998.1345195091335,136.4918203683431,-0.1745,69.74871667045551,-5.552029323719214,0.165,1.024718691922987,5.085570415808265
50.20000000000044,-1.4357507571241115,3005.11078408061,135.93651444739828,-0.1745,69.77657475907046,-5.554089095177036,0.165,1.024718691922987,5.085570415808265
50.300000000000445,-1.4477578209077704,3012.0931034339155,135.38042562071593,-0.1745,69.86981230704272,-5.567687438470169,0.8300000000000001,1.024718691922987,5.085570415808265
50.400000000000446,-1.4597120335463354,3019.0814713808795,134.82367289796866,-0.1745,69.8975466322333,-5.5673670164750755,0.165,1.024718691922987,5.085570415808265
50.50000000000045,-1.4717015683726116,3026.0726009076284,134.26691092448223,-0.1745,69.92504390274105,-5.567872453253407,0.165,1.024718691922987,5.085570415808265
50.60000000000045,-1.4837850779647144,3033.066470597272,133.71007187331656,-0.1745,69.95234989013107,-5.568908570059837,0.165,1.024718691922987,5.085570415808265
50.70000000000045,-1.4960022082271758,3040.063062806783,133.15311220901222,-0.1745,69.97949430007958,-5.570284716026863,0.165,1.024718691922987,5.085570415808265
50.80000000000045,-1.5083803933398254,3047.06236234442,132.5960040841448,-0.1745,70.0064964526564,-5.57187778132179,0.165,1.024718691922987,5.085570415808265
50.90000000000045,-1.5209392472619552,3054.0643556148666,132.03872978063754,-0.1745,70.03336895627602,-5.573608288823533,0.165,1.024718691922987,5.085570415808265
51.000000000000455,-1.7091012646557733,3061.0690300668343,131.48127811905002,-0.1745,70.06012008308106,-5.575424942926629,0.165,1.024718691922987,5.085570415808265
51.100000000000456,-1.6611246092198453,3068.082185153421,130.9540097698346,-0.1495,70.20298164865102,-4.969942041381495,0.8300000000000001,1.024718691922987,5.085570415808265
51.20000000000046,-1.6350460291782314,3075.1021080501587,130.44608688022478,-0.1745,70.19547628609894,-5.188515750815165,0.165,1.024718691922987,5.085570415808265
51.30000000000046,-1.623178073163393,3082.1218844748946,129.92015667741026,-0.1745,70.2000522086228,-5.330088305475245,0.165,1.024718691922987,5.085570415808265
51.40000000000046,-1.6205577749400248,3089.1425025450726,129.38255260238782,-0.1745,70.21230919493676,-5.421993194973373,0.165,1.024718691922987,5.085570415808265
51.50000000000046,-1.62398530097615,3096.164590527235,128.83735916021755,-0.1745,70.22945044830938,-5.481875648431995,0.165,1.024718691922987,5.085570415808265
51.60000000000046,-1.6314000791678998,3103.188547538396,128.2872093989804,-0.1745,70.24968977491125,-5.521119576311081,0.165,1.024718691922987,5.085570415808265
51.700000000000465,-1.6414768999896499,3110.214626175343,127.73380014047481,-0.1745,70.27188296402299,-5.547065593800654,0.165,1.024718691922987,5.085570415808265
51.800000000000466,-1.6533648669173038,3117.2429851084717,127.17822460552492,-0.1745,70.29529569855505,-5.5644451051972705,0.165,1.024718691922987,5.085570415808265
51.90000000000047,-1.6665188735423266,3124.2737227043026,126.62118701681428,-0.1745,70.31945621806639,-5.576306669015452,0.165,1.024718691922987,5.085570415808265
52.00000000000047,-1.6805909054294355,3131.306898579355,126.06314098584453,-0.1745,70.34406128298903,-5.584613950379603,0.165,1.024718691922987,5.085570415808265
52.10000000000047,-1.6953599746602908,3138.3425474410933,125.50437871516121,-0.1745,70.36891595177596,-5.590631463286719,0.165,1.024718691922987,5.085570415808265
52.20000000000047,-1.7106869800218407,3145.3806879851645,124.94508847701319,-0.1745,70.39389492965017,-5.5951732996736245,0.165,1.024718691922987,5.085570415808265
52.30000000000047,-1.726485638807148,3152.4213286181152,124.38539163948523,-0.1745,70.41891772936154,-5.598763450885356,0.165,1.024718691922987,5.085570415808265
52.400000000000475,-1.742703776315263,3159.4644711393744,123.82536651134726,-0.1745,70.44393269582166,-5.601739111874319,0.165,1.024718691922987,5.085570415808265
52.500000000000476,-1.7593112881033968,3166.510113110523,123.26506369439026,-0.1745,70.4689067271531,-5.604317227265452,0.165,1.024718691922987,5.085570415808265
52.60000000000048,-1.776292399766533,3173.558249379862,122.70451596563689,-0.1745,70.49381865962295,-5.60663734780208,0.165,1.024718691922987,5.085570415808265
52.70000000000048,-1.7936406938636913,3180.6088730633555,122.14374463705467,-0.1745,70.51865501024855,-5.608789223842397,0.165,1.024718691922987,5.085570415808265
52.80000000000048,-1.8113559182931156,3187.661976175712,121.58276364747982,-0.1745,70.54340723688172,-5.610830567654434,0.165,1.024718691922987,5.085570415808265
52.90000000000048,-1.82944194143811,3194.717550036309,121.02158219486014,-0.1745,70.56806997506293,-5.61279848473903,0.165,1.024718691922987,5.085570415808265
53.00000000000048,-1.8479054455417923,3201.7755855302416,120.46020642916598,-0.1745,70.5926399035844,-5.614716829144241,0.165,1.024718691922987,5.085570415808265
53.100000000000485,-1.866755095410447,3208.8360732761553,119.89864054095176,-0.1745,70.61711501469149,-5.616600935140148,0.165,1.024718691922987,5.085570415808265
53.200000000000486,-1.8860010133205862,3215.8990037341237,119.33688746117099,-0.1745,70.64149414467558,-5.618460660475394,0.165,1.024718691922987,5.085570415808265
53.30000000000049,-1.9056544513713543,3222.9643672749576,118.77494931098235,-0.1745,70.66577667200664,-5.620302343297342,0.165,1.024718691922987,5.085570415808265
53.40000000000049,-1.9257275913762073,3230.03215422472,118.2128276908043,-0.1745,70.68996232324463,-5.6221300602636735,0.165,1.024718691922987,5.085570415808265
53.50000000000049,-1.9462334273895072,3237.1023548932963,117.65052386602994,-0.1745,70.71405104827227,-5.6239464352234325,0.165,1.024718691922987,5.085570415808265
53.60000000000049,-1.9671857020504175,3244.1749595927154,117.0880388863232,-0.1745,70.73804294010591,-5.625753158911219,0.165,1.024718691922987,5.085570415808265
53.70000000000049,-1.9885988782769615,3251.249958648889,116.52537366223471,-0.1745,70.76193818336709,-5.627551322858614,0.165,1.024718691922987,5.085570415808265
53.800000000000495,-2.010488134503187,3258.327342409116,115.96252901439706,-0.1745,70.78573702117751,-5.6293416338944775,0.165,1.024718691922987,5.085570415808265
53.900000000000496,-2.0328693759394367,3265.40710124687,115.39950570510686,-0.1745,70.80943973389437,-5.6311245519096325,0.165,1.024718691922987,5.085570415808265
54.0000000000005,-2.0557592570969274,3272.4892255648374,114.8363044585954,-0.1745,70.83304662545389,-5.632900378319832,0.165,1.024718691922987,5.085570415808265
54.1000000000005,-2.07917521259889,3279.5737057968404,114.27292597403644,-0.1745,70.85655801460244,-5.634669312859278,0.165,1.024718691922987,5.085570415808265
54.2000000000005,-2.1031354944518874,3286.6605324090337,113.70937093389173,-0.1745,70.87997422926705,-5.636431490034982,0.165,1.024718691922987,5.085570415808265
54.3000000000005,-2.12765921469859,3293.7496959006444,113.14564000926393,-0.1745,70.90329560294188,-5.638187002521259,0.165,1.024718691922987,5.085570415808265
54.4000000000005,-2.152766392862249,3300.84118680441,112.58173386332936,-0.1745,70.92652247236923,-5.639935916170047,0.165,1.024718691922987,5.085570415808265
54.500000000000504,-2.1784780079168353,3307.934995686831,112.01765315353887,-0.1745,70.94965517605128,-5.641678279639834,0.165,1.024718691922987,5.085570415808265
54.600000000000506,-2.204816054735527,3315.031113148298,111.45339853302832,-0.1745,70.97269405329526,-5.643414130571197,0.165,1.024718691922987,5.085570415808265
54.70000000000051,-2.2318036051226513,3322.129529823143,110.88897065152243,-0.1745,70.99563944360072,-5.645143499546639,0.165,1.024718691922987,5.085570415808265
54.80000000000051,-2.2594648736453795,3329.230236379636,110.32437015591364,-0.1745,71.0184916862665,-5.646866412629096,0.165,1.024718691922987,5.085570415808265
54.90000000000051,-2.2878252885676993,3336.3332235199564,109.75959769063275,-0.1745,71.04125112013833,-5.6485828929889,0.165,1.024718691922987,5.085570415808265
55.00000000000051,-2.3169115682611476,3343.4384819801357,109.19465389788598,-0.1745,71.06391808344694,-5.650292961946194,0.165,1.024718691922987,5.085570415808265
55.10000000000051,-2.3467518035313666,3350.546002529993,108.62953941780674,-0.1745,71.08649291370406,-5.6519966396386225,0.165,1.024718691922987,5.085570415808265
55.200000000000514,-2.3773755463616713,3357.65577597306,108.06425488855237,-0.1745,71.10897594763553,-5.653693945448825,0.165,1.024718691922987,5.085570415808265
55.300000000000516,-2.408813905637709,3364.7677931464987,107.49880094636603,-0.1745,71.13136752113823,-5.655384898277991,0.165,1.024718691922987,5.085570415808265
55.40000000000052,-2.4393346917606205,3371.8820449210184,106.93317822561609,-0.1745,71.15366796925237,-5.657069516720792,0.165,1.024718691922987,5.085570415808265
55.50000000000052,-2.4731797068227563,3379.0017967055755,106.36681008644386,-0.1745,71.24136772189046,-5.6702932667237755,0.8300000000000001,1.024718691922987,5.085570415808265
55.60000000000052,-2.5077107041676427,3386.1270441306897,105.79981598554988,-0.1745,71.2635807803931,-5.669588751155814,0.165,1.024718691922987,5.085570415808265
55.70000000000052,-2.5430509017867164,3393.2545018099177,105.232850025837,-0.1745,71.28557280416703,-5.669730443101818,0.165,1.024718691922987,5.085570415808265
55.80000000000052,-2.5792950748692265,3400.3841500387803,104.66584298788375,-0.1745,71.30739177308254,-5.6704103159630215,0.165,1.024718691922987,5.085570415808265
55.900000000000524,-2.616520774987172,3407.515973050611,104.09875089198319,-0.1745,71.3290684635368,-5.671431602048208,0.165,1.024718691922987,5.085570415808265
56.000000000000526,-2.6547955655811553,3414.6499576065,103.53154588039318,-0.1745,71.35062265423784,-5.6726686297518,0.165,1.024718691922987,5.085570415808265
56.10000000000053,-2.6941817181717367,3421.7860920939697,102.96421039134117,-0.1745,71.37206709516263,-5.674041151288377,0.165,1.024718691922987,5.085570415808265
56.20000000000053,-2.734739293092078,3428.924365950983,102.3967334370002,-0.1745,71.39341004509856,-5.675497935530993,0.165,1.024718691922987,5.085570415808265
56.30000000000053,-2.7765281958012906,3436.0647692979164,101.82910822602634,-0.1745,71.41465689356707,-5.677006283946277,0.165,1.024718691922987,5.085570415808265
56.40000000000053,-2.819609587238539,3443.207292702458,101.26133064520425,-0.1745,71.43581119726261,-5.678545332495361,0.165,1.024718691922987,5.085570415808265
56.50000000000053,-2.8640468908985235,3450.3519270294314,100.69339828992612,-0.1745,71.45687534221251,-5.680101773067184,0.165,1.024718691922987,5.085570415808265
56.600000000000534,-2.9099065526536636,3457.4986633448784,100.1253098452268,-0.1745,71.47785096673219,-5.681667120919502,0.165,1.024718691922987,5.085570415808265
56.700000000000536,-3.0966545654060917,3464.647492854792,99.5570646906908,-0.1745,71.4987392315362,-5.683235969800458,0.165,0.8040108644859885,4.69877361655112
56.80000000000054,-3.056067251929261,3471.8035359857786,99.01315381038211,-0.1495,71.6221233882008,-5.194981636373346,0.8300000000000001,0.8040108644859885,4.69877361655112
56.90000000000054,-3.0490218528310233,3478.964174342819,98.47738098293458,-0.1745,71.59064375261376,-5.520474912577132,0.165,0.8040108644859885,4.69877361655112
57.00000000000054,-3.8835099311307877,3486.1226092321995,97.91494674703767,-0.1745,71.5780540349876,-5.72820980536093,0.165,0.8040108644859885,4.69877361655112
57.10000000000054,0.0,3493.2792224514105,97.48153896687204,-0.06225,71.55421034922928,-2.9399457979519004,0.495,0.8040108644859885,4.69877361655112
57.20000000000054,0.0,3500.426293100896,97.13123020576953,-0.1745,71.38720264048578,-4.066229424098313,0.165,0.8040108644859885,4.69877361655112
57.300000000000544,0.0,3507.5602344088966,96.68859348862175,-0.1745,71.29162351952219,-4.786504918857296,0.165,0.8040108644859885,4.69877361655112
57.400000000000546,0.0,3514.6901494445283,96.33090897788055,-0.06225,71.30667719310901,-2.367185295966541,0.8300000000000001,0.8040108644859885,4.69877361655112
57.50000000000055,0.0,3521.8107886495345,96.028302110697,-0.1745,71.10610690701508,-3.6849520477045017,0.165,0.8040108644859885,4.69877361655112
57.60000000000055,0.0,3528.9156190031176,95.6175667333372,-0.1745,70.99050016464949,-4.529755499491462,0.165,0.8040108644859885,4.69877361655112
57.70000000000055,0.0,3536.011470157799,95.13749776280338,-0.1745,70.92652292898354,-5.0716239111849175,0.165,0.8040108644859885,4.69877361655112
57.80000000000055,0.0,3543.1025204586263,94.61295256450076,-0.1745,70.89448308756073,-5.41928005486741,0.165,0.8040108644859885,4.69877361655112
57.90000000000055,0.0,3550.1913655603344,94.05986596500323,-0.1745,70.88241894660462,-5.642451935083345,0.165,0.8040108644859885,4.69877361655112
58.000000000000554,0.0,3557.279633022661,93.48844973755584,-0.1745,70.88293029992566,-5.785872613864346,0.165,0.8040108644859885,4.69877361655112
58.100000000000556,0.0,3564.368348736636,92.90524481421537,-0.1745,70.89138397957613,-5.87822585294527,0.165,0.8040108644859885,4.69877361655112
58.20000000000056,0.0,3571.4581607757223,92.31443889339073,-0.1745,70.90485680214765,-5.937892563547531,0.165,0.8040108644859885,4.69877361655112
58.30000000000056,0.0,3578.549478385015,91.7187120320556,-0.1745,70.92149538370643,-5.9766446631549845,0.165,0.8040108644859885,4.69877361655112
58.40000000000056,0.0,3585.6425592042956,91.119778909302,-0.1745,70.94012100190577,-6.00201779191702,0.165,0.8040108644859885,4.69877361655112
58.50000000000056,0.0,3592.737564384268,90.51873632352417,-0.1745,70.95998259753846,-6.018833923639652,0.165,0.8040108644859885,4.69877361655112
58.60000000000056,0.0,3599.8345935685934,89.91628574725524,-0.1745,70.98060108897262,-6.030177601738736,0.165,0.8040108644859885,4.69877361655112
58.700000000000564,0.0,3606.9337071587493,89.31287579580987,-0.1745,71.00167071414133,-6.03802142716873,0.165,0.8040108644859885,4.69877361655112
58.800000000000566,0.0,3614.0349405093134,88.7087933944018,-0.1745,71.02299629714405,-6.043626600992909,0.165,0.8040108644859885,4.69877361655112
58.90000000000057,0.0,3621.1383129878113,88.10422209881689,-0.1745,71.04445327281096,-6.047799310705106,0.165,0.8040108644859885,4.69877361655112
59.00000000000057,0.0,3628.2438337604476,87.49927939395072,-0.1745,71.06596217991687,-6.051054786618279,0.165,0.8040108644859885,4.69877361655112
59.10000000000057,0.0,3635.3515054881277,86.89404054220407,-0.1745,71.08747237368475,-6.053722248314559,0.165,0.8040108644859885,4.69877361655112
59.20000000000057,0.0,3642.461326687854,86.28855382868903,-0.1745,71.10895162083898,-6.056012021986236,0.165,0.8040108644859885,4.69877361655112
59.30000000000057,0.0,3649.5732932414567,85.68285030483975,-0.1745,71.130379451211,-6.058058454999392,0.165,0.8040108644859885,4.69877361655112
59.400000000000574,0.0,3656.6906738642724,85.07637274223214,-0.1745,71.21723300510011,-6.071492797152804,0.8300000000000001,0.8040108644859885,4.69877361655112
59.500000000000576,0.0,3663.8134663803085,84.46925304921608,-0.1745,71.23861731562192,-6.070901063168502,0.165,0.8040108644859885,4.69877361655112
59.60000000000058,0.0,3670.938386875145,83.86215315750395,-0.1745,71.25979258111502,-6.071096771073963,0.165,0.8040108644859885,4.69877361655112
59.70000000000058,0.0,3678.065416686215,83.2550086993601,-0.1745,71.28080364027798,-6.07179239180294,0.165,0.8040108644859885,4.69877361655112
59.80000000000058,0.0,3685.196165771139,82.64749238660579,-0.1745,71.33417805820352,-6.078533863283332,0.495,0.8040108644859885,4.69877361655112
59.90000000000058,0.0,3692.329948719948,82.18491522718988,-0.06225,71.34148091797128,-3.1730093250350317,0.8300000000000001,0.8040108644859885,4.69877361655112
60.00000000000058,0.0,3699.4598796773244,81.81528795314684,-0.1745,71.25713822955781,-4.219536155825816,0.8300000000000001,0.8040108644859885,4.69877361655112
60.100000000000584,0.0,3706.5813422439146,81.36027734706329,-0.1745,71.17211310224538,-4.880675965845205,0.165,0.8040108644859885,4.69877361655112
60.200000000000585,0.0,3713.6962865933515,80.85104250570399,-0.1745,71.12677388649155,-5.304020861340839,0.165,0.8040108644859885,4.69877361655112
60.30000000000059,0.0,3720.807930782689,80.30708156321006,-0.1745,71.10610990025627,-5.575197988537688,0.165,0.8040108644859885,4.69877361655112
60.40000000000059,0.0,3727.918282121074,79.74086959840577,-0.1745,71.10091686744012,-5.749041307548232,0.165,0.8040108644859885,4.69877361655112
60.50000000000059,0.0,3735.028601395648,79.16038470324104,-0.1745,71.10546862403874,-5.860656595746443,0.165,0.8040108644859885,4.69877361655112
60.60000000000059,0.0,3742.1396832913624,78.57072658807535,-0.1745,71.11616929025323,-5.932505707567273,0.165,0.8040108644859885,4.69877361655112
60.70000000000059,0.0,3749.2520291145165,77.97515371133348,-0.1745,71.13074717283027,-5.978951827270075,0.165,0.8040108644859885,4.69877361655112
60.800000000000594,0.0,3756.365954557671,77.37574738145254,-0.1745,71.14776169026185,-6.009174770348623,0.165,0.8040108644859885,4.69877361655112
60.900000000000595,0.0,3763.481657500394,76.77383668692804,-0.1745,71.16629716419651,-6.029039120141603,0.165,0.8040108644859885,4.69877361655112
61.0000000000006,0.0,3770.599260896017,76.17027021895906,-0.1745,71.18577074826433,-6.042290239237861,0.165,0.8040108644859885,4.69877361655112
61.1000000000006,0.0,3777.7188399917572,75.5655897371922,-0.1745,71.2058111665452,-6.0513193960993386,0.165,0.8040108644859885,4.69877361655112
61.2000000000006,0.0,3784.840439642018,74.96014111977834,-0.1745,71.22618183866405,-6.057652952177861,0.165,0.8040108644859885,4.69877361655112
61.3000000000006,0.0,3791.9640853347887,74.35414522303034,-0.1745,71.24673201674928,-6.062264982782032,0.165,0.8040108644859885,4.69877361655112
61.4000000000006,0.0,3799.089790219477,73.74774312445147,-0.1745,71.2673656770178,-6.0657769887953465,0.165,0.8040108644859885,4.69877361655112
61.500000000000604,0.0,3806.2175595881026,73.14102500297675,-0.1745,71.28802169549557,-6.0685854406990964,0.165,0.8040108644859885,4.69877361655112
61.600000000000605,0.0,3813.34739373326,72.53404857030553,-0.1745,71.3086612076517,-6.070943212725245,0.165,0.8040108644859885,4.69877361655112
61.70000000000061,0.0,3820.4792897709563,71.92685083141174,-0.1745,71.32925954627048,-6.0730115651505825,0.165,0.8040108644859885,4.69877361655112
61.80000000000061,0.0,3827.6132428032056,71.31945558717432,-0.1745,71.34980109871633,-6.074893319597806,0.165,0.8040108644859885,4.69877361655112
61.90000000000061,0.0,3834.749246659461,70.71187821981727,-0.1745,71.37027602638675,-6.076654027543317,0.165,0.8040108644859885,4.69877361655112
62.00000000000061,0.0,3841.887294369388,70.10412874468898,-0.1745,71.39067817216045,-6.078335475022367,0.165,0.8040108644859885,4.69877361655112
62.10000000000061,0.0,3849.027378464284,69.49621375610941,-0.1745,71.41100372575384,-6.079964296568826,0.165,0.8040108644859885,4.69877361655112
62.200000000000614,0.0,3856.1694911692007,68.88813766784969,-0.1745,71.43125037258046,-6.081557468625472,0.165,0.8040108644859885,4.69877361655112
62.300000000000615,0.0,3863.3136245253813,68.27990350380463,-0.1745,71.45141675102954,-6.083125812275604,0.165,0.8040108644859885,4.69877361655112
62.40000000000062,0.0,3870.4597704682556,67.67151340187654,-0.1745,71.47150210645695,-6.084676226286261,0.165,0.8040108644859885,4.69877361655112
62.50000000000062,0.0,3877.60792087711,67.06296893503902,-0.1745,71.49150607062361,-6.086213110464005,0.165,0.8040108644859885,4.69877361655112
62.60000000000062,0.0,3884.7580676066973,66.45427131587795,-0.1745,71.51142852112226,-6.087739272757447,0.165,0.8040108644859885,4.69877361655112
62.70000000000062,0.0,3891.9102025073435,65.84542152687732,-0.1745,71.53126949179885,-6.089256507255146,0.165,0.8040108644859885,4.69877361655112
62.80000000000062,0.0,3899.0643174377174,65.2364204033936,-0.1745,71.55102911567909,-6.090765962419263,0.165,0.8040108644859885,4.69877361655112
62.900000000000624,0.0,3906.220404272932,64.62726868649051,-0.1745,71.57070758861101,-6.092268375642509,0.165,0.8040108644859885,4.69877361655112
63.000000000000625,0.0,3913.3784549096677,64.01796705657682,-0.1745,71.59030514610828,-6.093764222631104,0.165,0.8040108644859885,4.69877361655112
63.10000000000063,0.0,3920.5384612694033,63.40851615481892,-0.1745,71.6098220486036,-6.095253812526964,0.165,0.8040108644859885,4.69877361655112
63.20000000000063,0.0,3927.7004153004364,62.79891659676915,-0.1745,71.62925857205958,-6.096737348468405,0.165,0.8040108644859885,4.69877361655112
63.30000000000063,0.0,3934.864308979139,62.18916898103871,-0.1745,71.6486150019916,-6.098214966140489,0.165,0.8040108644859885,4.69877361655112
63.40000000000063,0.0,3942.0301343107217,61.57927389481617,-0.1745,71.66789162966354,-6.099686758310454,0.165,0.8040108644859885,4.69877361655112
63.50000000000063,0.0,3949.197883329688,60.96923191737861,-0.1745,71.68708874966694,-6.101152790440753,0.165,0.8040108644859885,4.69877361655112
63.600000000000634,0.0,3956.3675481000905,60.35904362232544,-0.1745,71.7062066583808,-6.102613110622677,0.165,0.8040108644859885,4.69877361655112
63.700000000000635,0.0,3963.539120715659,59.74870957899953,-0.1745,71.72524565299187,-6.1040677558954615,0.165,0.8040108644859885,4.69877361655112
63.80000000000064,0.0,3970.7125932998524,59.13823035339149,-0.1745,71.74420603087181,-6.105516756265348,0.165,0.8040108644859885,4.69877361655112
63.90000000000064,0.0,3977.887958005855,58.52760650871516,-0.1745,71.76308808918111,-6.106960137261352,0.165,0.8040108644859885,4.69877361655112
64.00000000000064,0.0,3985.065207016545,57.91683860577408,-0.1745,71.78189212461761,-6.108397921560153,0.165,0.8040108644859885,4.69877361655112
64.10000000000063,0.0,3992.2443325444387,57.305927203195125,-0.1745,71.80061843325682,-6.109830130018975,0.165,0.8040108644859885,4.69877361655112
64.20000000000063,-1000.0,3999.4253268316243,56.69487285757758,-0.1745,71.8192673104506,-6.1112567823319655,0.165,0.8040108644859885,4.69877361655112
