t,reward,x,y,theta,vx,vy,throttle,wind_vx,wind_vy
0.0,0.0,30.34444498559867,356.09689698488427,-0.09158456398083784,43.93912961276174,0.6496642295606461,0.5,-1.9885119973014256,4.504875009640851
0.1,-1.5421251190522711,30.34444498559867,356.09689698488427,-0.09158456398083784,43.93912961276174,0.6496642295606461,0.5,-1.9885119973014256,4.504875009640851
0.2,-1.0883146428135366,34.732960625087884,356.0970264290867,-0.1745,43.83118317702258,-0.6470753455119613,0.165,-1.9885119973014256,4.504875009640851
0.30000000000000004,-0.7399741729654118,39.11346566033214,355.98249042602265,-0.1745,43.778917527862504,-1.6436447157698066,0.165,-1.9885119973014256,4.504875009640851
0.4,-0.47354647117044263,43.490712624746784,355.7798405066488,-0.1745,43.76602176043044,-2.4093536717072443,0.165,-1.9885119973014256,4.504875009640851
0.5,-0.2704413064235092,47.86808486657768,355.5095141318084,-0.1745,43.78142307618757,-2.9971738251006883,0.165,-1.9885119973014256,4.504875009640851
0.6,-0.11610128913603274,52.248026914486005,355.1872575333515,-0.1745,43.817417881978834,-3.447958144036285,0.165,-1.9885119973014256,4.504875009640851
0.7,-0.0008017766237689017,56.63232484747153,354.82519408588905,-0.1745,43.86854077773165,-3.7933108052128484,0.165,-1.9885119973014256,4.504875009640851
0.7999999999999999,-0.08903894563674158,61.022294531050925,354.4326444944583,-0.1745,43.93085289385624,-4.0576810234019405,0.165,-1.9885119973014256,4.504875009640851
0.8999999999999999,-0.15648542825072026,65.41891115266672,354.016762664482,-0.1745,44.001479538459726,-4.259955576125389,0.165,-1.9885119973014256,4.504875009640851
0.9999999999999999,-0.20558945485036173,69.82452514924326,353.5827436619442,-0.1745,44.110800393070846,-4.420424474629894,0.495,-1.9885119973014256,4.504875009640851
1.0999999999999999,-0.2420970430963701,74.23968104533331,353.13483520930504,-0.1745,44.19231752873034,-4.537744578153365,0.165,-1.9885119973014256,4.504875009640851
1.2,-0.2690301525265068,78.66315925798983,352.6765692132742,-0.1745,44.277246724400165,-4.62757534246285,0.165,-1.9885119973014256,4.504875009640851
1.3,-0.1621645854934195,83.0952571484783,352.21036766881,-0.1745,44.36471108536901,-4.6964555468203955,0.165,-1.9885119973014256,4.504875009640851
1.4000000000000001,-0.20714987842095245,87.53804694175967,351.7520943844062,-0.1495,44.491084780258575,-4.469010141256643,0.495,-1.9885119973014256,4.504875009640851
1.5000000000000002,-0.24047258639613184,91.99124567121876,351.29974230106717,-0.1745,44.5728898089232,-4.578031525523173,0.165,-1.9885119973014256,4.504875009640851
1.6000000000000003,-0.26495426780792947,96.45278401712864,350.8377721507699,-0.1745,44.65787710927416,-4.661371480421984,0.165,-1.9885119973014256,4.504875009640851
1.7000000000000004,-0.28274280270994434,100.92293888329833,350.3684440295644,-0.1745,44.74522021411963,-4.7251909436889745,0.165,-1.9885119973014256,4.504875009640851
1.8000000000000005,-0.30772882244636424,105.40191474999432,349.89347500314216,-0.1745,44.83429711980014,-4.774189584756052,0.165,-2.324222049911785,4.404671208704075
1.9000000000000006,-0.3277953873866715,109.88964972468823,349.4127991955392,-0.1745,44.92040237407789,-4.8393265673034,0.165,-2.324222049911785,4.404671208704075
2.0000000000000004,-0.33971292817084886,114.38935990220897,348.9257956730885,-0.1745,45.073801176336836,-4.900743881710779,0.8300000000000001,-2.324222049911785,4.404671208704075
2.1000000000000005,-0.34799341145765245,118.90120902041681,348.43391935467514,-0.1745,45.163181187820214,-4.936782486556226,0.165,-2.324222049911785,4.404671208704075
2.2000000000000006,-0.3535422220477724,123.422039539315,347.93884699890657,-0.1745,45.25342919014353,-4.964664628814866,0.165,-2.324222049911785,4.404671208704075
2.3000000000000007,-0.35704265184559103,127.95192516075167,347.4412939419795,-0.1745,45.34428323859007,-4.986396509726339,0.165,-2.324222049911785,4.404671208704075
2.400000000000001,-0.35900992113136687,132.49091660736863,346.9417993375241,-0.1745,45.435545693749326,-5.003495579381253,0.165,-2.324222049911785,4.404671208704075
2.500000000000001,-0.35983219322698157,137.0390472599235,346.4407691283447,-0.1745,45.52706735734814,-5.017108604207518,0.165,-2.324222049911785,4.404671208704075
2.600000000000001,-0.35980167073935587,141.59633740575563,345.93850862280794,-0.1745,45.61873555929462,-5.028101506527382,0.165,-2.324222049911785,4.404671208704075
2.700000000000001,-0.35913814361881125,146.16279744331598,345.435247165919,-0.1745,45.71046519191225,-5.0371276312517494,0.165,-2.324222049911785,4.404671208704075
2.800000000000001,-0.3580068024383756,150.7384303005023,344.9311568064619,-0.1745,45.80219195181432,-5.044679557890968,0.165,-2.324222049911785,4.404671208704075
2.9000000000000012,-0.3565317007701435,155.32323326012465,344.42636640944824,-0.1745,45.89386724063295,-5.05112838238238,0.165,-2.324222049911785,4.404671208704075
3.0000000000000013,-0.3548059205820539,159.91719933790853,343.9209723167988,-0.1745,45.985454315044706,-5.056753470607151,0.165,-2.324222049911785,4.404671208704075
3.1000000000000014,-0.35289924194028766,164.5203183226169,343.4150463945125,-0.1745,46.076925379122535,-5.061764975118284,0.165,-2.324222049911785,4.404671208704075
3.2000000000000015,-0.3508639253597412,169.13257756098315,342.9086421026866,-0.1745,46.168259388202245,-5.066320861399513,0.165,-2.324222049911785,4.404671208704075
3.3000000000000016,-0.34873906809793853,173.75396254990926,342.40179907098735,-0.1745,46.25944039031985,-5.070539772585824,0.165,-2.324222049911785,4.404671208704075
3.4000000000000017,-0.3465538838101487,178.38445738312151,341.8945465452231,-0.1745,46.35045627392524,-5.074510742699574,0.165,-2.324222049911785,4.404671208704075
3.5000000000000018,-0.34433016998579064,183.0240450879511,341.3869059818251,-0.1745,46.44129782266637,-5.078300525259874,0.165,-2.324222049911785,4.404671208704075
3.600000000000002,-0.34208416308955325,187.6727078791963,340.87889299961637,-0.1745,46.53195800223782,-5.081959118915074,0.165,-2.324222049911785,4.404671208704075
3.700000000000002,-0.3398279324431097,192.3304273504365,340.3705188471267,-0.1745,46.622431422566216,-5.085523930878241,0.165,-2.324222049911785,4.404671208704075
3.800000000000002,-0.33757042686293204,196.99718461818614,339.8617915049869,-0.1745,46.71271393242647,-5.089022911917004,0.165,-2.324222049911785,4.404671208704075
3.900000000000002,-0.335318260060567,201.67296043050948,339.35271651362046,-0.1745,46.80280231404033,-5.0924769154120835,0.165,-2.324222049911785,4.404671208704075
4.000000000000002,-0.3330762996376588,206.35773524886767,338.84329759428016,-0.1745,46.892694053123385,-5.095901471393606,0.165,-2.324222049911785,4.404671208704075
4.100000000000001,-0.3308481085134171,211.0514893098157,338.3335371147212,-0.1745,46.98238716583737,-5.099308119785388,0.165,-2.324222049911785,4.404671208704075
4.200000000000001,-0.3286362755489941,215.7542026715395,337.8234364381446,-0.1745,47.07188006863849,-5.102705411746227,0.165,-2.324222049911785,4.404671208704075
4.300000000000001,-0.3273694864445825,220.46585524899356,337.3129961844943,-0.1745,47.16117148044291,-5.106099661259919,0.165,-2.324222049911785,4.404671208704075
4.4,-0.3247111515032061,225.18805178269727,336.8019299599939,-0.1745,47.28275919363112,-5.115224828747451,0.495,-2.324222049911785,4.404671208704075
4.5,-0.3222010125468272,229.92077587494524,336.2902951831055,-0.1745,47.37172265132793,-5.117470709020184,0.165,-2.324222049911785,4.404671208704075
4.6,-0.31980668292620196,234.66238411352353,335.7784204771758,-0.1745,47.46044212023789,-5.120023409573461,0.165,-2.324222049911785,4.404671208704075
4.699999999999999,-0.3175040344020952,239.41285257505817,335.2662789170247,-0.1745,47.54892711045459,-5.12280779344938,0.165,-2.324222049911785,4.404671208704075
4.799999999999999,-0.31527508625042333,244.17215816191617,334.75385013482776,-0.1745,47.63718462670559,-5.125767850489287,0.165,-2.324222049911785,4.404671208704075
4.899999999999999,-0.3131064314312265,248.94027838348447,334.2411186505163,-0.1745,47.72521980466027,-5.128861835739875,0.165,-2.324222049911785,4.404671208704075
4.999999999999998,-0.3109880638595028,253.71719119307406,333.7280726268593,-0.1745,47.81303638713128,-5.132058637400832,0.165,-2.324222049911785,4.404671208704075
5.099999999999998,-0.30891250506510454,258.5028748664402,333.21470294174156,-0.1745,47.900637080192,-5.135335064953533,0.165,-2.324222049911785,4.404671208704075
5.1999999999999975,-0.3068741541920078,263.29730791141486,332.70100249721645,-0.1745,47.988023819300864,-5.138673825548715,0.165,-2.324222049911785,4.404671208704075
5.299999999999997,-0.3048688045072731,268.10046900078163,332.18696570519495,-0.1745,48.07519796803473,-5.142062014881326,0.165,-2.324222049911785,4.404671208704075
5.399999999999997,-0.3028932839770393,272.9123369225031,331.67258810482963,-0.1745,48.16216046639368,-5.145489992425267,0.165,-2.324222049911785,4.404671208704075
5.4999999999999964,-0.300945188230268,277.7328905428926,331.15786607802636,-0.1745,48.248911941396706,-5.148950543640602,0.165,-2.324222049911785,4.404671208704075
5.599999999999996,-0.2990226822787784,282.5621087794374,330.64279663802876,-0.1745,48.33545278949881,-5.1524382563116635,0.165,-2.324222049911785,4.404671208704075
5.699999999999996,-0.2971243533760176,287.3999705808106,330.1273772723848,-0.1745,48.421783237965364,-5.155949056566641,0.165,-2.324222049911785,4.404671208704075
5.799999999999995,-0.2952491018883441,292.246454912236,329.61160582636137,-0.1745,48.507903390543,-5.159479863902121,0.165,-2.324222049911785,4.404671208704075
5.899999999999995,-0.2933960604048519,297.1015407448341,329.0954804164241,-0.1745,48.59381326141895,-5.163028334843687,0.165,-2.324222049911785,4.404671208704075
5.999999999999995,-0.29343000587520846,301.96520704792766,328.57899936605276,-0.1745,48.679512800451825,-5.166592672583239,0.165,-2.324222049911785,4.404671208704075
6.099999999999994,-0.29067645855871765,306.8407072883327,328.0615838857614,-0.1745,48.830492007648,-5.181716933243089,0.8300000000000001,-2.324222049911785,4.404671208704075
6.199999999999994,-0.2881988526055243,311.7280279751279,327.5433486618498,-0.1745,48.91592172825607,-5.182987544989635,0.165,-2.324222049911785,4.404671208704075
6.299999999999994,-0.28592883677860254,316.6238769096164,327.02495481070696,-0.1745,49.001056961514614,-5.18488947786706,0.165,-2.324222049911785,4.404671208704075
6.399999999999993,-0.283816098022259,321.52822573733636,326.50634742166335,-0.1745,49.085919592884196,-5.187258303005483,0.165,-2.324222049911785,4.404671208704075
6.499999999999993,-0.28182360853385213,326.4410480028238,325.9874858650016,-0.1745,49.17052571686425,-5.1899728302293395,0.165,-2.324222049911785,4.404671208704075
6.5999999999999925,-0.2799241199083219,331.3623186461848,325.46834003483457,-0.1745,49.254887150355955,-5.19294377311059,0.165,-2.324222049911785,4.404671208704075
6.699999999999992,-0.27809757855131845,336.2920136313677,324.94888757756456,-0.1745,49.33901255330149,-5.196105372289993,0.165,-2.324222049911785,4.404671208704075
6.799999999999992,-0.27632922132494103,341.2301096719247,324.4291118485291,-0.1745,49.422908257838266,-5.199409208419006,0.165,-2.324222049911785,4.404671208704075
6.8999999999999915,-0.27460817318480046,346.1765840288826,323.909000406361,-0.1745,49.506578881318845,-5.202819634942851,0.165,-2.324222049911785,4.404671208704075
6.999999999999991,-0.27292641506785065,351.1314143619089,323.3885439041859,-0.1745,49.59002777920842,-5.206310408559159,0.165,-2.324222049911785,4.404671208704075
7.099999999999991,-0.2712780247106866,356.0945786198419,322.8677352735221,-0.1745,49.67325737945142,-5.209862204716258,0.165,-2.324222049911785,4.404671208704075
7.19999999999999,-0.26965861854422957,361.06605496027254,322.3465691239487,-0.1745,49.756269429161286,-5.21346078675122,0.165,-2.324222049911785,4.404671208704075
7.29999999999999,-0.2699252687834333,366.0458216905557,321.82504130173663,-0.1745,49.839065176502125,-5.217095657489938,0.165,-2.324222049911785,4.404671208704075
7.39999999999999,-0.2674349362011083,371.03713172940314,321.3025712931472,-0.1745,49.98713560044602,-5.23230451429929,0.8300000000000001,-2.324222049911785,4.404671208704075
7.499999999999989,-0.2652202539493634,376.0399709018731,320.7792724330227,-0.1745,50.06964784895337,-5.233672688190962,0.165,-2.324222049911785,4.404671208704075
7.599999999999989,-0.26321079185158747,381.0510462583112,320.25580429798856,-0.1745,50.15185927980872,-5.235690012492095,0.165,-2.324222049911785,4.404671208704075
7.699999999999989,-0.2613551222147914,386.07032889492905,319.7321106563441,-0.1745,50.233793452547886,-5.238182820397128,0.165,-2.324222049911785,4.404671208704075
7.799999999999988,-0.2596157016166556,391.09779194664264,319.2081503082527,-0.1745,50.31546758172458,-5.241024141430556,0.165,-2.324222049911785,4.404671208704075
7.899999999999988,-0.25796512587692055,396.13341003737924,318.6838930420349,-0.1745,50.396894233006975,-5.244121182924955,0.165,-2.324222049911785,4.404671208704075
7.999999999999988,-0.25638339124944315,401.17715887746635,318.15931667519766,-0.1745,50.47808256873493,-5.247406153820663,0.165,-2.324222049911785,4.404671208704075
8.099999999999987,-0.2548558925660624,406.22901496899755,317.6344048904038,-0.1745,50.559039261889154,-5.250829542056933,0.165,-2.324222049911785,4.404671208704075
8.199999999999987,-0.25337196083826646,411.28895539040445,317.1091456536903,-0.1745,50.639769166249366,-5.254355192212932,0.165,-2.324222049911785,4.404671208704075
8.299999999999986,-0.2519237955360515,416.3569576390887,316.5835300589135,-0.1745,50.72027580743533,-5.2579567033228765,0.165,-2.324222049911785,4.404671208704075
8.399999999999986,-0.2505056854614113,421.43299951658355,316.05755148403324,-0.1745,50.80056174246103,-5.261614794281418,0.165,-2.324222049911785,4.404671208704075
8.499999999999986,-0.24911344052979068,426.51705904484845,315.5312049754179,-0.1745,50.88062882283711,-5.265315378025504,0.165,-2.324222049911785,4.404671208704075
8.599999999999985,-0.24774397759884964,431.6091144053388,315.00448679878593,-0.1745,50.96047838697025,-5.269048154613838,0.165,-2.324222049911785,4.404671208704075
8.699999999999985,-0.24639501875002995,436.70914389472574,314.4773941118564,-0.1745,51.04011140076885,-5.272805583976649,0.165,-2.324222049911785,4.404671208704075
8.799999999999985,-0.24506487161291446,441.8171258927808,313.9499247258423,-0.1745,51.11952856033137,-5.2765821363059775,0.165,-2.324222049911785,4.404671208704075
8.899999999999984,-0.24375226951206058,446.933038839142,313.4220769317591,-0.1745,51.19873036689355,-5.280373745358762,0.165,-2.324222049911785,4.404671208704075
8.999999999999984,-0.24245625520933206,452.0568612165613,312.8938493739925,-0.1745,51.27771718149217,-5.284177409972875,0.165,-2.324222049911785,4.404671208704075
9.099999999999984,-0.24117609639831755,457.18857153887626,312.36524095830487,-0.1745,51.35648926480703,-5.287990903779467,0.165,-2.324222049911785,4.404671208704075
9.199999999999983,-0.2399112243117818,462.32814834242555,311.8362507849232,-0.1745,51.43504680617896,-5.291812563853802,0.165,-2.324222049911785,4.404671208704075
9.299999999999983,-0.23866118914403905,467.4755701799709,311.3068780998843,-0.1745,51.51338994472787,-5.295641136925299,0.165,-2.324222049911785,4.404671208704075
9.399999999999983,-0.23742562769943215,472.6308156164427,310.7771222596613,-0.1745,51.59151878470855,-5.299475667533642,0.165,-2.324222049911785,4.404671208704075
9.499999999999982,-0.23620423992537248,477.7938632260114,310.24698270544786,-0.1745,51.66943340666585,-5.303315416735376,0.165,-2.324222049911785,4.404671208704075
9.599999999999982,-0.23499677189804474,482.96469159012116,309.7164589444587,-0.1745,51.74713387552958,-5.3071598030485125,0.165,-2.324222049911785,4.404671208704075
9.699999999999982,-0.23380300349193361,488.1432792962217,309.1855505363275,-0.1745,51.82462024648106,-5.311008359575128,0.165,-2.324222049911785,4.404671208704075
9.799999999999981,-0.232622739447301,493.3296049370057,308.6542570832044,-0.1745,51.901892569198345,-5.314860702886646,0.165,-2.324222049911785,4.404671208704075
9.89999999999998,-0.231455802901408,498.5236471100117,308.12257822253724,-0.1745,51.97895089092217,-5.318716510456614,0.165,-2.324222049911785,4.404671208704075
9.99999999999998,-0.23030203070512373,503.72538441749106,307.59051362179935,-0.1745,52.05579525866489,-5.322575504301097,0.165,-2.324222049911785,4.404671208704075
10.09999999999998,-0.22916127003263537,508.93479546646415,307.05806297462806,-0.1745,52.13242572079692,-5.326437439124803,0.165,-2.324222049911785,4.404671208704075
10.19999999999998,-0.22803337592720824,514.1518588689131,306.52522599798505,-0.1745,52.20884232818132,-5.330302093735774,0.165,-2.324222049911785,4.404671208704075
10.29999999999998,-0.22691820952417424,519.3765532420712,305.99200243005674,-0.1745,52.28504513498058,-5.334169264829863,0.165,-2.324222049911785,4.404671208704075
10.399999999999979,-0.22581563676363353,524.6088572087815,305.45839202869064,-0.1745,52.36103419922574,-5.338038762492357,0.165,-2.324222049911785,4.404671208704075
10.499999999999979,-0.22472552745709945,529.8487493979035,304.92439457021885,-0.1745,52.43680958321345,-5.341910406943181,0.165,-2.324222049911785,4.404671208704075
10.599999999999978,-0.2236477546098256,535.0962084447531,304.39000984856256,-0.1745,52.51237135377837,-5.345784026182199,0.165,-2.324222049911785,4.404671208704075
10.699999999999978,-0.2225821939277628,540.3512129915657,303.8552376745392,-0.1745,52.587719582475465,-5.349659454285636,0.165,-2.324222049911785,4.404671208704075
10.799999999999978,-0.22152872345776342,545.6137416879743,303.32007787531626,-0.1745,52.662854345697234,-5.353536530173275,0.165,-2.324222049911785,4.404671208704075
10.899999999999977,-0.220487223323928,550.8837731914964,302.7845302939718,-0.1745,52.737775724743884,-5.357415096715823,0.165,-2.324222049911785,4.404671208704075
10.999999999999977,-0.22129174292125214,556.1612861680265,302.2485947891316,-0.1745,52.812483805859685,-5.361295000087955,0.165,-2.324222049911785,4.404671208704075
11.099999999999977,-0.06892585407571067,561.4495337971191,301.7116939622849,-0.1745,52.952468775991896,-5.376721536845351,0.8300000000000001,-2.324222049911785,4.404671208704075
11.199999999999976,-0.11058188708692879,566.7494549124223,301.1939769732128,-0.1495,53.04595353007103,-4.977618244597766,0.165,-2.324222049911785,4.404671208704075
11.299999999999976,-0.14001476467853463,572.0569409417056,300.6903830490866,-0.1745,53.103767055595675,-5.094260237925569,0.165,-2.324222049911785,4.404671208704075
11.399999999999975,-0.16071750590623685,577.3704308440424,300.17673662225843,-0.1745,53.16603099113898,-5.178668298638184,0.165,-2.324222049911785,4.404671208704075
11.499999999999975,-0.17566272331326654,582.6903022418483,299.65580233030386,-0.1745,53.231396964979034,-5.240017540453251,0.165,-2.2780079550487127,4.397692146863725
11.599999999999975,-0.18603451620996025,588.0168154061619,299.1294940413445,-0.1745,53.29886632129302,-5.286148238734064,0.165,-2.2780079550487127,4.397692146863725
11.699999999999974,-0.1931483331770245,593.3501513833088,298.59917893557173,-0.1745,53.3678532216467,-5.320153876721673,0.165,-2.2780079550487127,4.397692146863725
11.799999999999974,-0.19794364437819456,598.6904370717239,298.06589614126796,-0.1745,53.437860546655266,-5.345502009353873,0.165,-2.2780079550487127,4.397692146863725
11.899999999999974,-0.20109088799680153,604.0377568087674,297.5303874195371,-0.1745,53.50853419421644,-5.364672425263912,0.165,-2.2780079550487127,4.397692146863725
11.999999999999973,-0.20306817526221987,609.3921646086344,296.9931819370304,-0.1745,53.57962180312406,-5.379437224870261,0.165,-2.2780079550487127,4.397692146863725
12.099999999999973,-0.20512406126877408,614.7536928731646,296.4546569795431,-0.1745,53.650943487479616,-5.391061924876522,0.165,-2.2780079550487127,4.397692146863725
12.199999999999973,-0.20526171417188266,620.1239835413538,295.91479493248113,-0.1745,53.7548698763053,-5.40617901636195,0.495,-2.2780079550487127,4.397692146863725
12.299999999999972,-0.20510978247356398,625.5030459227792,295.3738445630381,-0.1745,53.82637775220039,-5.412828372497961,0.165,-2.2780079550487127,4.397692146863725
12.399999999999972,-0.20475516451334275,630.8892542117607,294.83226936994345,-0.1745,53.897788027428874,-5.418675489395095,0.165,-2.2780079550487127,4.397692146863725
12.499999999999972,-0.20425961066767695,636.282597011373,294.2901379998519,-0.1745,53.96906796481896,-5.423951912436478,0.165,-2.2780079550487127,4.397692146863725
12.599999999999971,-0.20366697038237347,641.6830601246401,293.74749928199844,-0.1745,54.040194300522636,-5.4288224446320505,0.165,-2.2780079550487127,4.397692146863725
12.69999999999997,-0.20300835778852416,647.0906273659566,293.20438794411325,-0.1745,54.11115052580808,-5.433404313071659,0.165,-2.2780079550487127,4.397692146863725
12.79999999999997,-0.20230583161699928,652.5052811396067,292.66082868596243,-0.1745,54.181924947194766,-5.437780849945067,0.165,-2.2780079550487127,4.397692146863725
12.89999999999997,-0.20157501527084953,657.927002852091,292.1168390808395,-0.1745,54.25250930249166,-5.442011252513425,0.165,-2.2780079550487127,4.397692146863725
12.99999999999997,-0.200826961286521,663.3557732059058,291.57243164111577,-0.1745,54.322897773803945,-5.446137541960898,0.165,-2.2780079550487127,4.397692146863725
13.09999999999997,-0.2000694773879716,668.7915724087928,291.0276152879005,-0.1745,54.39308628393661,-5.450189522344337,0.165,-2.2780079550487127,4.397692146863725
13.199999999999969,-0.199308069112675,674.2343803227419,290.4823963961588,-0.1745,54.46307199504562,-5.454188312489965,0.165,-2.2780079550487127,4.397692146863725
13.299999999999969,-0.19854660952608044,679.6841765700725,289.9367795375261,-0.1745,54.532852951566156,-5.458148860164079,0.165,-2.2780079550487127,4.397692146863725
13.399999999999968,-0.19778781479036028,685.1409406089517,289.3907680079763,-0.1745,54.60242782601865,-5.462081730831822,0.165,-2.2780079550487127,4.397692146863725
13.499999999999968,-0.1970335816935212,690.6046517871596,288.8443642024528,-0.1745,54.67179573813823,-5.465994379637492,0.165,-2.2780079550487127,4.397692146863725
13.599999999999968,-0.19628522708239726,696.0752893803784,288.29756988069937,-0.1745,54.74095612623862,-5.469892055432101,0.165,-2.2780079550487127,4.397692146863725
13.699999999999967,-0.1955436576212538,701.5528326194787,287.7503863557801,-0.1745,54.80990865576828,-5.473778442952844,0.165,-2.2780079550487127,4.397692146863725
13.799999999999967,-0.1948094900886957,707.0372607099839,287.20281462769447,-0.1745,54.8786531543353,-5.477656118760544,0.165,-2.2780079550487127,4.397692146863725
13.899999999999967,-0.1940831365799714,712.5285528459787,286.65485547801745,-0.1745,54.947189565559654,-5.4815268747801085,0.165,-2.2780079550487127,4.397692146863725
13.999999999999966,-0.19336486482140453,718.0266882200722,286.1065095368899,-0.1745,55.01551791631076,-5.485391947770912,0.165,-2.2780079550487127,4.397692146863725
14.099999999999966,-0.19265484084426687,723.5316460305605,285.5577773304017,-0.1745,55.08363829345631,-5.489252181993754,0.165,-2.2780079550487127,4.397692146863725
14.199999999999966,-0.19195315916141736,729.0434054866016,285.0086593140789,-0.1745,55.151550827366144,-5.493108144462279,0.165,-2.2780079550487127,4.397692146863725
14.299999999999965,-0.1912598640949359,734.5619458119805,284.45915589652793,-0.1745,55.219255680211276,-5.496960206557384,0.165,-2.2780079550487127,4.397692146863725
14.399999999999965,-0.1905749648412039,740.0872462478743,283.9092674561105,-0.1745,55.28675303766497,-5.500808601791494,0.165,-2.2780079550487127,4.397692146863725
14.499999999999964,-0.18989844610612816,745.6192860549083,283.3589943526874,-0.1745,55.354043103016345,-5.50465346667077,0.165,-2.2780079550487127,4.397692146863725
14.599999999999964,-0.18923027560849293,751.1580445147089,282.8083369358746,-0.1745,55.421126092993866,-5.508494869585331,0.165,-2.2780079550487127,4.397692146863725
14.699999999999964,-0.18857040937022396,756.7035009310986,282.25729555083416,-0.1745,55.48800223480027,-5.512332831223879,0.165,-2.2780079550487127,4.397692146863725
14.799999999999963,-0.1879187954436104,762.2556346310389,281.7058705423234,-0.1745,55.55467176400515,-5.516167338991082,0.165,-2.2780079550487127,4.397692146863725
14.899999999999963,-0.1872753765351548,767.8144249653914,281.1540622575147,-0.1745,55.62113492304463,-5.519998357183521,0.165,-2.2780079550487127,4.397692146863725
14.999999999999963,-0.18664009185094976,773.3798513095511,280.60187104794716,-0.1745,55.68739196015048,-5.523825834167514,0.165,-2.2780079550487127,4.397692146863725
15.099999999999962,-0.18601287839308173,778.9518930639878,280.0492972708669,-0.1745,55.75344312858288,-5.527649707438724,0.165,-2.2780079550487127,4.397692146863725
15.199999999999962,-0.1853936718691182,784.5305296547208,279.49634129013566,-0.1745,55.81928868607786,-5.5314699071860005,0.165,-2.2780079550487127,4.397692146863725
15.299999999999962,-0.18478240732904133,790.115740533747,278.9430034768364,-0.1745,55.88492889444633,-5.535286358799519,0.165,-2.2780079550487127,4.397692146863725
15.399999999999961,-0.18417901961028715,795.7075051794334,278.3892842096647,-0.1745,55.9503640192803,-5.539098984634196,0.165,-2.2780079550487127,4.397692146863725
15.499999999999961,-0.1835834436477654,801.3058030968841,277.83518387517057,-0.1745,56.01559432973472,-5.542907705248021,0.165,-2.2780079550487127,4.397692146863725
15.59999999999996,-0.18299561468893055,806.910613818289,277.28070286789466,-0.1745,56.080620098362765,-5.546712440270371,0.165,-2.2780079550487127,4.397692146863725
15.69999999999996,-0.1824154684421314,812.5219169032566,276.72584159043066,-0.1745,56.145441600988846,-5.5505131090096835,0.165,-2.2780079550487127,4.397692146863725
15.79999999999996,-0.18184294117809752,818.1396919391365,276.1706004534363,-0.1745,56.210059116608264,-5.554309630877675,0.165,-2.2780079550487127,4.397692146863725
15.89999999999996,-0.18127796979855226,823.7639185413321,275.6149798756082,-0.1745,56.274472927305716,-5.558101925684462,0.165,-2.2780079550487127,4.397692146863725
15.99999999999996,-0.1807204918817737,829.3945763536068,275.0589802836318,-0.1745,56.33868331818715,-5.561889913842909,0.165,-2.2780079550487127,4.397692146863725
16.09999999999996,-0.1801704457120215,835.0316450483822,274.5026021121142,-0.1745,56.40269057732108,-5.565673516509183,0.165,-2.2780079550487127,4.397692146863725
16.19999999999996,-0.17962777029766952,840.6751043270326,273.94584580350477,-0.1745,56.46649499568662,-5.569452655678508,0.165,-2.2780079550487127,4.397692146863725
16.29999999999996,-0.5348399359219134,846.3249339201733,273.3887118080084,-0.1745,56.53009686712629,-5.573227254249458,0.165,-2.2780079550487127,4.397692146863725
16.399999999999963,-0.319276673077378,851.9790722338257,272.9329108499714,-0.06225,56.55266940592295,-3.5427919064910793,0.8300000000000001,-2.2780079550487127,4.397692146863725
16.499999999999964,-0.3250204022997,857.6328336899659,272.548011669415,-0.1745,56.52255971687976,-4.155191704635927,0.165,-2.2780079550487127,4.397692146863725
16.599999999999966,-0.17310859083381813,863.2904759322645,272.13282884977684,-0.1495,56.630285129093096,-4.14846468812767,0.8300000000000001,-2.2780079550487127,4.397692146863725
16.699999999999967,-0.06729601812698022,868.9534167053812,271.69628841722744,-0.1745,56.62853033324003,-4.582343962860115,0.165,-2.2780079550487127,4.397692146863725
16.79999999999997,-0.006274429755728783,874.6171925030364,271.2228576692843,-0.1745,56.646985619865106,-4.886270996003022,0.165,-2.2780079550487127,4.397692146863725
16.89999999999997,-0.057331942231297894,880.2835011753991,270.72357778997036,-0.1745,56.6791878273875,-5.0993265902748455,0.165,-2.2780079550487127,4.397692146863725
16.99999999999997,-0.09269094747992868,885.9534993556125,270.20616625414596,-0.1745,56.72077577688082,-5.248904126212795,0.165,-2.2780079550487127,4.397692146863725
17.099999999999973,-0.11711539269661841,891.6279770458574,269.67601195993416,-0.1745,56.76877802801695,-5.354181758022708,0.165,-2.2780079550487127,4.397692146863725
17.199999999999974,-0.133930843509526,897.3074737608841,269.1368743805813,-0.1745,56.82115627251846,-5.428569829034497,0.165,-2.2780079550487127,4.397692146863725
17.299999999999976,-0.1454560485254769,902.9923568634325,268.5913741291497,-0.1745,56.87650577844926,-5.481435199596999,0.165,-2.2780079550487127,4.397692146863725
17.399999999999977,-0.1533061973104713,908.6828749233522,268.0413366624168,-0.1745,56.93385541994405,-5.519314135060126,0.165,-2.2780079550487127,4.397692146863725
17.49999999999998,-0.15860548138950104,914.3791943176561,267.48803276209986,-0.1745,56.99253246613566,-5.546763871279246,0.165,-2.2780079550487127,4.397692146863725
17.59999999999998,-0.1621357983274846,920.0814244564933,266.932346594477,-0.1745,57.05207031060835,-5.566959481177584,0.165,-2.2780079550487127,4.397692146863725
17.69999999999998,-0.5560658259723851,925.7896352266799,266.37489303970864,-0.1745,57.112145093123175,-5.58211161418918,0.165,-2.2780079550487127,4.397692146863725
17.799999999999983,-0.3346132309675104,931.5002880957456,265.9198692576137,-0.06225,57.10091228819133,-3.5183640277099704,0.495,-2.2780079550487127,4.397692146863725
17.899999999999984,-0.18053202537906848,937.208588743642,265.53628454180443,-0.1745,57.06510066973576,-4.153330288474904,0.165,-2.2780079550487127,4.397692146863725
17.999999999999986,-0.07352324916319264,942.9148594250237,265.09878865408183,-0.1745,57.06031295789634,-4.59658746597684,0.165,-2.2780079550487127,4.397692146863725
18.099999999999987,-0.0006647604196263757,948.6216954172806,264.6236547836875,-0.1745,57.07640688724237,-4.906089941908791,0.165,-2.2780079550487127,4.397692146863725
18.19999999999999,-0.05391571276953694,954.3308486565015,264.12223234920543,-0.1745,57.10665789717478,-5.122358747732909,0.165,-2.2780079550487127,4.397692146863725
18.29999999999999,-0.08856962169362076,960.0467832919077,263.60185190303554,-0.1745,57.21203481094727,-5.285250175665358,0.8300000000000001,-2.2780079550487127,4.397692146863725
18.39999999999999,-0.11334359729809368,965.7703147239941,263.06812816219724,-0.1745,57.2585938307821,-5.389224641100275,0.165,-2.2780079550487127,4.397692146863725
18.499999999999993,-0.12932642081856544,971.5003456027616,262.5252582810053,-0.1745,57.34202374456724,-5.468172982739403,0.495,-2.2780079550487127,4.397692146863725
18.599999999999994,-0.14024682008785594,977.2372452795377,261.9759038361887,-0.1745,57.39596979095272,-5.518915913591801,0.165,-2.2780079550487127,4.397692146863725
18.699999999999996,-0.147663788954229,982.9796362987885,261.42219895904236,-0.1745,57.45185059406433,-5.555181629334749,0.165,-2.2780079550487127,4.397692146863725
18.799999999999997,-0.15265821540760838,988.7276792670542,260.86536932807365,-0.1745,57.50900877124945,-5.581410990038842,0.165,-2.2780079550487127,4.397692146863725
18.9,-0.15597899350007355,994.4814792075663,260.3062644820382,-0.1745,57.56699003899137,-5.600685930669739,0.165,-2.2780079550487127,4.397692146863725
19.0,-0.15814467681743244,1000.241102722901,259.74547298854003,-0.1745,57.62548026770334,-5.615143939294193,0.165,-2.2780079550487127,4.397692146863725
19.1,-0.1595141218880014,1006.006589846005,259.18340246074155,-0.1745,57.68426219437626,-5.626266616675773,0.165,-2.2780079550487127,4.397692146863725
19.200000000000003,-0.0005009536452010854,1011.7779622341096,258.62033511106415,-0.1745,57.74318556771617,-5.635080376871728,0.165,-2.2780079550487127,4.397692146863725
19.300000000000004,-0.04960460343383044,1017.5599822699425,258.0794626284819,-0.1495,57.89721514893961,-5.1823692747730234,0.8300000000000001,-2.2780079550487127,4.397692146863725
19.400000000000006,-0.08403098510261275,1023.3515766375087,257.5537483562527,-0.1745,57.93467220238687,-5.3319161698110795,0.165,-2.2780079550487127,4.397692146863725
19.500000000000007,-0.10763297135537447,1029.14724714776,257.01534061218695,-0.1745,57.97873800264043,-5.4362387115034725,0.165,-2.2780079550487127,4.397692146863725
19.60000000000001,-0.12376898026701888,1034.947547799005,256.46806319497006,-0.1745,58.02727502225631,-5.509309632834608,0.165,-2.2780079550487127,4.397692146863725
19.70000000000001,-0.13475967266392108,1040.7528527002619,255.91455772848207,-0.1745,58.078823002881165,-5.560799696925217,0.165,-2.2780079550487127,4.397692146863725
19.80000000000001,-0.1422071527826435,1046.5634129125908,255.35664793856193,-0.1745,58.132381243698774,-5.5973961014772895,0.165,-2.2780079550487127,4.397692146863725
19.900000000000013,-0.01608684793468179,1052.3793951044245,254.79559216855372,-0.1745,58.18726259297493,-5.623719298686971,0.165,-2.2780079550487127,4.397692146863725
20.000000000000014,-0.03819730606174687,1058.2024452613439,254.25608035353918,-0.1495,58.27374054541252,-5.166517001603986,0.165,-2.2780079550487127,4.397692146863725
20.100000000000016,-0.07541686954135318,1064.0315297352158,253.73130321524707,-0.1745,58.30794893202825,-5.329025764238065,0.165,-2.2780079550487127,4.397692146863725
20.200000000000017,-0.10088612864550345,1069.8643997533447,253.19275255868848,-0.1745,58.349451430549735,-5.441987366933373,0.165,-2.2780079550487127,4.397692146863725
20.30000000000002,-0.11827190637775653,1075.7016662695062,252.64461309883853,-0.1745,58.39587889268031,-5.5208018300653805,0.165,-2.2780079550487127,4.397692146863725
20.40000000000002,-0.13010133751201192,1081.5437411538398,252.08976804304004,-0.1745,58.445618793991464,-5.576099285904671,0.165,-2.2780079550487127,4.397692146863725
20.50000000000002,-0.1381144558074962,1087.3909005843595,251.53020254971688,-0.1745,58.497569816401715,-5.61521058055879,0.165,-2.2780079550487127,4.397692146863725
20.600000000000023,-0.143508404996609,1093.243327980524,250.96728265910622,-0.1745,58.55097810689089,-5.643187231654108,0.165,-2.2780079550487127,4.397692146863725
20.700000000000024,-0.14710626499860158,1099.101143233104,250.40194791283014,-0.1745,58.605326944706015,-5.6635076938676425,0.165,-2.2780079550487127,4.397692146863725
20.800000000000026,-0.1147721544850655,1104.9644226743667,249.83484424157183,-0.1745,58.660261880545384,-5.678565731298773,0.165,-1.8579712462325666,4.697072790435662
20.900000000000027,-0.06887574425452792,1110.8340137496086,249.27147470236125,-0.1745,58.73155962429248,-5.588825052912947,0.165,-1.8579712462325666,4.697072790435662
21.00000000000003,-0.03402492900782955,1116.7152021574311,248.73909535893122,-0.1495,58.89220853215744,-5.058761815687246,0.8300000000000001,-1.8579712462325666,4.697072790435662
21.10000000000003,-0.01024670106448411,1122.6065113499424,248.22785020271047,-0.1745,58.93397531806657,-5.1661413087277674,0.165,-1.8579712462325666,4.697072790435662
21.20000000000003,-0.005923291474300985,1128.5022311820858,247.70749207451615,-0.1745,58.980421324799906,-5.2410212551584605,0.165,-1.8579712462325666,4.697072790435662
21.300000000000033,-0.01686961168637313,1134.4027526787104,247.18076364478642,-0.1745,59.03000860769351,-5.293547339435969,0.165,-1.8579712462325666,4.697072790435662
21.400000000000034,-0.024232066074175995,1140.3083374898722,246.6495509225262,-0.1745,59.08168761554479,-5.330707105768258,0.165,-1.8579712462325666,4.697072790435662
21.500000000000036,-0.030068668033930157,1146.2191589004908,246.1151501034882,-0.1745,59.13474059682556,-5.357309274991961,0.165,-1.8579712462325666,4.697072790435662
21.600000000000037,-0.03290409094110602,1152.136954676657,245.57816512955893,-0.1745,59.22117492649862,-5.382390203593587,0.495,-1.8579712462325666,4.697072790435662
21.70000000000004,-0.034709312613580845,1158.061799106126,245.03926476908603,-0.1745,59.27571366288,-5.395617005864547,0.165,-1.8579712462325666,4.697072790435662
21.80000000000004,-0.03581025138170324,1163.9921105179674,244.499194620078,-0.1745,59.33051457394782,-5.405785974296599,0.165,-1.8579712462325666,4.697072790435662
21.90000000000004,-0.03643028352275146,1169.9279080515037,243.95821247781416,-0.1745,59.38543609677754,-5.413856870979951,0.165,-1.8579712462325666,4.697072790435662
22.000000000000043,-0.036722430994794164,1175.8691989204258,243.41649522711148,-0.1745,59.44038128166686,-5.420488143073819,0.165,-1.8579712462325666,4.697072790435662
22.100000000000044,-0.03679146967002722,1181.8159821736626,242.87416425446258,-0.1745,59.49528378306913,-5.426131309904152,0.165,-1.8579712462325666,4.697072790435662
22.200000000000045,-0.03670910594055554,1187.7682512752842,242.33130289634656,-0.1745,59.550098249363316,-5.43109585241635,0.165,-1.8579712462325666,4.697072790435662
22.300000000000047,-0.036524389612452024,1193.725995874176,241.78796841373975,-0.1745,59.604793728474604,-5.435593799719923,0.165,-1.8579712462325666,4.697072790435662
22.40000000000005,-0.038122801715598786,1199.6892030177348,241.24420020625888,-0.1745,59.659349142700215,-5.439770349897685,0.165,-1.8579712462325666,4.697072790435662
22.50000000000005,-0.7047526304699707,1205.6611324888456,240.69944817190958,-0.1745,59.779240279516145,-5.455270337088584,0.8300000000000001,-1.8579712462325666,4.697072790435662
22.60000000000005,-0.4716557704888327,1211.6367081719893,240.26555615869572,-0.06225,59.732273383355995,-3.222569927188601,0.165,-1.8579712462325666,4.697072790435662
22.700000000000053,-1.0483769445881883,1217.6071983970646,239.90834997370166,-0.1745,59.67753111815188,-3.9215537726927625,0.165,-1.8579712462325666,4.697072790435662
22.800000000000054,-0.7094437209778068,1223.576441172896,239.6021626979054,-0.06225,59.7073243984754,-2.2021917432324445,0.8300000000000001,-1.8579712462325666,4.697072790435662
22.900000000000055,-0.47655650997397714,1229.5417384392224,239.33124681606384,-0.1745,59.59862092805311,-3.2161258935991057,0.165,-1.8579712462325666,4.697072790435662
23.000000000000057,-0.3168713268135284,1235.498906569011,238.97478966226598,-0.1745,59.544741667719094,-3.913017182358239,0.165,-1.8579712462325666,4.697072790435662
23.10000000000006,-0.20758095537297516,1241.4524782656788,238.55953520364721,-0.1745,59.52669226563546,-4.392071990016899,0.165,-1.8579712462325666,4.697072790435662
23.20000000000006,-0.1329105775391176,1247.4054311771083,238.10385804369392,-0.1745,59.532365962952674,-4.721471209049058,0.165,-1.8579712462325666,4.697072790435662
23.30000000000006,-0.08198389486765656,1253.3597433310797,237.62037774477105,-0.1745,59.55387711647606,-4.94813476940842,0.165,-1.8579712462325666,4.697072790435662
23.400000000000063,-0.04732029596777182,1259.3167377095756,237.11775416598508,-0.1745,59.586010453440686,-5.104336806310973,0.165,-1.8579712462325666,4.697072790435662
23.500000000000064,-0.023784288365279738,1265.277302225499,236.6019245902611,-0.1745,59.625279865024716,-5.212254708168958,0.165,-1.8579712462325666,4.697072790435662
23.600000000000065,-0.007855383304116725,1271.2420331166281,236.07695629742489,-0.1745,59.669337957558085,-5.2871111485553905,0.165,-1.8579712462325666,4.697072790435662
23.700000000000067,-0.0028770730223770524,1277.2113298266738,235.5456335116209,-0.1745,59.71659624335494,-5.339344567524082,0.165,-1.8579712462325666,4.697072790435662
23.800000000000068,-0.011929817338920401,1283.1854584514745,235.00986095714828,-0.1745,59.76597625265664,-5.376106521928307,0.165,-1.8579712462325666,4.697072790435662
23.90000000000007,-0.015923843234215973,1289.167868980779,234.4703637099994,-0.1745,59.88223433343421,-5.413838421049354,0.8300000000000001,-1.8579712462325666,4.697072790435662
24.00000000000007,-0.018513824167303294,1295.1586808907075,233.92814733506052,-0.1745,59.93400386513261,-5.430489077728404,0.165,-1.8579712462325666,4.697072790435662
24.100000000000072,-0.7239852345366199,1301.1546917442101,233.38447629784153,-0.1745,59.986213204921036,-5.442931666651365,0.165,-1.8579712462325666,4.697072790435662
24.200000000000074,-0.4876889402659132,1307.1509638805903,232.95212693679412,-0.06225,59.93922952268071,-3.2040555542971623,0.165,-1.8579712462325666,4.697072790435662
24.300000000000075,-1.0650330343201782,1313.1420083910261,232.5961653607962,-0.1745,59.881660686035104,-3.915175965661382,0.165,-1.8579712462325666,4.697072790435662
24.400000000000077,-0.723565370830062,1319.129982678104,232.29104673860505,-0.06225,59.877825055519,-2.1871964781617974,0.495,-1.8579712462325666,4.697072790435662
24.500000000000078,-0.4892208462394565,1325.1122022164268,232.02109452133854,-0.1745,59.76656571093772,-3.211847867168231,0.165,-1.8579712462325666,4.697072790435662
24.60000000000008,-0.32873248886102463,1331.0860784817942,231.66474141233337,-0.1745,59.710959596409914,-3.915214312935378,0.165,-1.8579712462325666,4.697072790435662
24.70000000000008,-0.21902778788775196,1337.0562098967982,231.2490750096105,-0.1745,59.691668703671304,-4.398113741522186,0.165,-1.8579712462325666,4.697072790435662
24.800000000000082,-0.14416800914748507,1343.0256127733335,230.79268231372797,-0.1745,59.696388827035044,-4.729740176128449,0.165,-1.8579712462325666,4.697072790435662
24.900000000000084,-0.09317732144786817,1348.996288115883,230.308312844881,-0.1745,59.71711802395603,-4.957649200810962,0.165,-1.8579712462325666,4.697072790435662
25.000000000000085,-0.058515913867714375,1354.9695725930437,229.80470484196167,-0.1745,59.748571519258086,-5.1145108575754215,0.165,-1.8579712462325666,4.697072790435662
25.100000000000087,-0.03501399060888338,1360.9463622392072,229.28784197275792,-0.1745,59.787221404013536,-5.2227465264992725,0.165,-1.8579712462325666,4.697072790435662
25.200000000000088,-0.019131875014491984,1366.9272580671263,228.76181828400138,-0.1745,59.83069515436676,-5.297727248631556,0.165,-1.8579712462325666,4.697072790435662
25.30000000000009,-0.00844872450573353,1372.9126622883375,228.22943291254154,-0.1745,59.87738926985824,-5.349980180565219,0.165,-1.8579712462325666,4.697072790435662
25.40000000000009,-0.0013103764148730823,1378.9028425729339,227.69259846399436,-0.1745,59.926216422067164,-5.386708790378612,0.165,-1.8579712462325666,4.697072790435662
25.500000000000092,-0.003412615590636936,1384.897975280843,227.1526210975155,-0.1745,59.976437736116,-5.41283853919856,0.165,-1.8579712462325666,4.697072790435662
25.600000000000094,-0.006490933090411155,1390.89817469162,226.61039241677648,-0.1745,60.02755047942179,-5.431735075581892,0.165,-1.8579712462325666,4.697072790435662
25.700000000000095,-0.00845015498626589,1396.9035128334474,226.0665208195216,-0.1745,60.079212357126195,-5.445696869515496,0.165,-1.8579712462325666,4.697072790435662
25.800000000000097,-0.00964852250184417,1402.9140329640177,225.5214213377441,-0.1745,60.13119025427891,-5.456292766034418,0.165,-1.8579712462325666,4.697072790435662
25.900000000000098,-0.010330098376827024,1408.9297587480953,224.97537704580284,-0.1745,60.183325427274404,-5.46459307279095,0.165,-1.8579712462325666,4.697072790435662
26.0000000000001,-0.010661079784231031,1414.9507005104826,224.42858100998774,-0.1745,60.23550982047151,-5.471327643511033,0.165,-1.8579712462325666,4.697072790435662
26.1000000000001,-0.010754588284112021,1420.9768594981645,223.8811649302698,-0.1745,60.28766993316426,-5.476993950848194,0.165,-1.8579712462325666,4.697072790435662
26.200000000000102,-0.010687584039614506,1427.0082307859393,223.3332186863472,-0.1745,60.33975582233146,-5.48193092760319,0.165,-1.8579712462325666,4.697072790435662
26.300000000000104,-0.010512400617384565,1433.0448052572422,222.78480367032523,-0.1745,60.39173360372629,-5.48636939283648,0.165,-1.8579712462325666,4.697072790435662
26.400000000000105,-0.010264607556397798,1439.0865709543255,222.23596187712457,-0.1745,60.443580337938556,-5.490466471177083,0.165,-1.8579712462325666,4.697072790435662
26.500000000000107,-0.010879212098926505,1445.1335139983785,221.6867220997849,-0.1745,60.49528054312157,-5.494329075616458,0.165,-1.8579712462325666,4.697072790435662
26.600000000000108,-0.010172440045881914,1451.1872441586286,221.1368176839255,-0.1745,60.57932266187895,-5.503759241571595,0.495,-1.8579712462325666,4.697072790435662
26.70000000000011,-0.009567392385864126,1457.2477482133959,220.5863201078063,-0.1745,60.63075843346637,-5.506192280812644,0.165,-1.8579712462325666,4.697072790435662
26.80000000000011,-0.009032098733674776,1463.3133846774656,220.0355646354345,-0.1745,60.681970847928234,-5.50891716662356,0.165,-1.8579712462325666,4.697072790435662
26.900000000000112,-0.008544861562963246,1469.3841319521046,219.48452689974133,-0.1745,60.73297464485288,-5.511837547239583,0.165,-1.8579712462325666,4.697072790435662
27.000000000000114,-0.008090957695641443,1475.459969682805,218.93319062256361,-0.1745,60.78377996915637,-5.514887996314492,0.165,-1.8579712462325666,4.697072790435662
27.100000000000115,-0.00766039712963601,1481.540878373385,218.381545017651,-0.1745,60.83439384244586,-5.518024101937591,0.165,-1.8579712462325666,4.697072790435662
27.200000000000117,-0.007246400852954082,1487.6268391237177,217.82958302623143,-0.1745,60.884821164206116,-5.521215726453755,0.165,-1.8579712462325666,4.697072790435662
27.300000000000118,-0.006844367382643768,1493.7178334515647,217.27730011868732,-0.1745,60.935065392736554,-5.524442424428283,0.165,-1.8579712462325666,4.697072790435662
27.40000000000012,-0.006451171384020404,1499.8138431716052,216.72469348101853,-0.1745,60.98512900807047,-5.5276903289474415,0.165,-1.8579712462325666,4.697072790435662
27.50000000000012,-0.006064687846175643,1505.9148503133358,216.17176146274403,-0.1745,61.03501382654365,-5.530950036542539,0.165,-1.8579712462325666,4.697072790435662
27.600000000000122,-0.0056834694012464215,1512.020837065386,215.61850320236596,-0.1745,61.084721214463194,-5.5342151710188165,0.165,-1.8579712462325666,4.697072790435662
27.700000000000124,-0.005306527581993015,1518.1317857377683,215.06491837338248,-0.1745,61.13425223317973,-5.537481408650901,0.165,-1.8579712462325666,4.697072790435662
27.800000000000125,-0.004933184594800022,1524.2476787363044,214.5110070121105,-0.1745,61.183607737543674,-5.540745816788568,0.165,-1.8579712462325666,4.697072790435662
27.900000000000126,-0.004562972914319563,1530.3684985453162,213.956769401007,-0.1745,61.23278844269619,-5.544006405281547,0.165,-1.8579712462325666,4.697072790435662
28.000000000000128,-0.004195567296947922,1536.494227715919,213.40220598962486,-0.1745,61.281794969359076,-5.547261822361084,0.165,-1.8579712462325666,4.697072790435662
28.10000000000013,-0.003830738762924113,1542.6248488581134,212.84731734107996,-0.1745,61.33062787453112,-5.550511148537243,0.165,-1.8579712462325666,4.697072790435662
28.20000000000013,-0.0034683234597565615,1548.7603446354542,212.29210409580432,-0.1745,61.379287672283276,-5.55375375697524,0.165,-1.8579712462325666,4.697072790435662
28.300000000000132,-0.0031082016022301873,1554.9006977614604,211.73656694700838,-0.1745,61.42777484783892,-5.556989218943587,0.165,-1.8579712462325666,4.697072790435662
28.400000000000134,-0.0027502832329864835,1561.0458909972074,211.18070662407078,-0.1745,61.47608986710183,-5.560217239808421,0.165,-1.8579712462325666,4.697072790435662
28.500000000000135,-0.0023944985979745814,1567.1959071497174,210.62452388129427,-0.1745,61.5242331830993,-5.563437615721698,0.165,-1.8579712462325666,4.697072790435662
28.600000000000136,-0.0020407916432269024,1573.3507290708892,210.06801949029202,-0.1745,61.57220524033561,-5.566650204323284,0.165,-1.8579712462325666,4.697072790435662
28.700000000000138,-0.0016891156219484005,1579.5103396567924,209.51119423482936,-0.1745,61.620006477730534,-5.569854904929635,0.165,-1.8579712462325666,4.697072790435662
28.80000000000014,-0.001339430127871577,1585.674721847209,208.95404890732578,-0.1745,61.66763733060011,-5.573051645141874,0.165,-1.8579712462325666,4.697072790435662
28.90000000000014,-0.0009916990921743363,1591.8438586253385,208.39658430647887,-0.1745,61.71509823198949,-5.576240371796126,0.165,-1.8579712462325666,4.697072790435662
29.000000000000142,-0.0006458894311461849,1598.0177330176164,207.83880123564657,-0.1745,61.76238961356758,-5.579421044849936,0.165,-1.8579712462325666,4.697072790435662
29.100000000000144,-0.0003019701331630209,1604.196328093606,207.28070050174142,-0.1745,61.809511906225424,-5.582593633253237,0.165,-1.8579712462325666,4.697072790435662
29.200000000000145,-0.765637473957355,1610.379626965941,206.72228291447075,-0.1745,61.85646554047448,-5.585758112160205,0.165,-1.8579712462325666,4.697072790435662
29.300000000000146,-0.517311111888191,1616.562801609302,206.28273347883803,-0.06225,61.80702732674178,-3.2052306004943505,0.165,-1.8579712462325666,4.697072790435662
29.400000000000148,-0.3497240221078557,1622.7397579823385,205.92368202472275,-0.1745,61.73210013398861,-3.975798481811328,0.165,-1.8579712462325666,4.697072790435662
29.50000000000015,-0.23682612863931335,1628.9113078641792,205.50005530346834,-0.1745,61.69889750282633,-4.496735943276892,0.165,-1.8579712462325666,4.697072790435662
29.60000000000015,-0.16089478551176623,1635.0808942065446,205.03276781889045,-0.1745,61.6928293444799,-4.8490137482812035,0.165,-1.8579712462325666,4.697072790435662
29.700000000000152,-0.10991020553226344,1641.2507644463392,204.53594689502353,-0.1745,61.70457545141368,-5.087404729056965,0.165,-1.8579712462325666,4.697072790435662
29.800000000000153,-0.07573985131269667,1647.4223972778361,204.01912885919293,-0.1745,61.72808117852611,-5.248955987555076,0.165,-1.8579712462325666,4.697072790435662
29.900000000000155,-0.052891221574620784,1653.596769718166,203.4887458507988,-0.1745,61.759367628069946,-5.3587041803271696,0.165,-1.8579712462325666,4.697072790435662
30.000000000000156,-0.03765990440178585,1659.774528073145,202.94913301098418,-0.1745,61.79579947150949,-5.433552615965434,0.165,-1.8579712462325666,4.697072790435662
30.100000000000158,-0.027550097960918618,1665.9560991526866,202.40321022906178,-0.1745,61.8356221193268,-5.484903022482521,0.165,-1.8579712462325666,4.697072790435662
30.20000000000016,-0.020881689127763836,1672.141763427357,201.85294307415242,-0.1745,61.87766337408241,-5.520440075704616,0.165,-1.8579712462325666,4.697072790435662
30.30000000000016,-0.01652443776934298,1678.331703517066,201.29965408646575,-0.1745,61.92113842009405,-5.545339678028644,0.165,-1.8579712462325666,4.697072790435662
30.400000000000162,-0.013718451962694,1684.5260364940634,200.74423280540833,-0.1745,61.96552111985435,-5.56308594311981,0.165,-1.8579712462325666,4.697072790435662
30.500000000000163,-0.011953094767492844,1690.7248354755634,200.1872773602167,-0.1745,62.01045851014411,-5.576022960712313,0.165,-1.8579712462325666,4.697072790435662
30.600000000000165,-0.026256951990461797,1696.9281440884038,199.62918985800573,-0.1745,62.05571374666529,-5.585727083507088,0.165,-2.257922636958845,4.375602826603073
30.700000000000166,-0.05177059688162705,1703.1350522061755,199.06452047083192,-0.1745,62.08244860876708,-5.707660659969354,0.165,-2.257922636958845,4.375602826603073
30.800000000000168,-0.06878872849104212,1709.3449270565684,198.4896259402071,-0.1745,62.115048399088835,-5.79022995252673,0.165,-2.257922636958845,4.375602826603073
30.90000000000017,-0.08012629553989209,1715.5582544274114,197.90779245393196,-0.1745,62.15149901777038,-5.846439772976213,0.165,-2.257922636958845,4.375602826603073
31.00000000000017,-0.08766796945918337,1721.7753525473904,197.32122010025395,-0.1745,62.19046338180959,-5.885007300583784,0.165,-2.257922636958845,4.375602826603073
31.100000000000172,-0.09267472624848866,1727.9964282992735,196.73138114837786,-0.1745,62.2310516558539,-5.911771736938263,0.165,-2.257922636958845,4.375602826603073
31.200000000000173,-0.09598976857609465,1734.2216144199422,196.1392604516183,-0.1745,62.272670757518746,-5.9306421982530475,0.165,-2.257922636958845,4.375602826603073
31.300000000000175,-0.09817666095439659,1740.4509942110183,195.5455166239217,-0.1745,62.314925064004655,-5.9442343556788035,0.165,-2.257922636958845,4.375602826603073
31.400000000000176,-0.09961190232016581,1746.6846179932008,194.95059002546904,-0.1745,62.357550579646684,-5.954297613374627,0.165,-2.257922636958845,4.375602826603073
31.500000000000178,-0.10054691683216432,1752.9225140796016,194.35477506913205,-0.1745,62.40037114836901,-5.9620015133652045,0.165,-2.257922636958845,4.375602826603073
31.60000000000018,-0.10114953970952745,1759.164696100483,193.75826861186027,-0.1745,62.44326926925909,-5.968127632070207,0.165,-2.257922636958845,4.375602826603073
31.70000000000018,-0.10153176586129048,1765.4111678949716,193.16120232611482,-0.1745,62.48616662051224,-5.973198082839167,0.165,-2.257922636958845,4.375602826603073
31.800000000000182,-0.10176830142980098,1771.6619267786295,192.56366434572382,-0.1745,62.52901105264726,-5.977561524980518,0.165,-2.257922636958845,4.375602826603073
31.900000000000183,-0.10190896129256943,1777.916965726204,191.9657137341869,-0.1745,62.57176789883895,-5.981450705758345,0.165,-2.257922636958845,4.375602826603073
32.000000000000185,-0.10198695070819608,1784.1762748295785,191.36739015181928,-0.1745,62.614414168652196,-5.985020941593884,0.165,-2.257922636958845,4.375602826603073
32.100000000000186,-0.10202439545642566,1790.4398422714355,190.76872031261726,-0.1745,62.65693466848672,-5.988375842446446,0.165,-2.257922636958845,4.375602826603073
32.20000000000019,-0.10203603330126154,1796.7076549753456,190.16972229539493,-0.1745,62.69931940971366,-5.991584502000287,0.165,-2.257922636958845,4.375602826603073
32.30000000000019,-0.10203167723808443,1802.979699039703,189.57040842125517,-0.1745,62.741561877437384,-5.994692980795079,0.165,-2.257922636958845,4.375602826603073
32.40000000000019,-0.10201785860652707,1809.2559600272946,188.9707871734995,-0.1745,62.783657874394024,-5.997731974317965,0.165,-2.257922636958845,4.375602826603073
32.50000000000019,-0.10282760938821689,1815.5364231584708,188.37086447819587,-0.1745,62.825604749130925,-6.00072193175452,0.165,-2.257922636958845,4.375602826603073
32.60000000000019,-0.10244062805244702,1821.822698382197,187.7703580920271,-0.1745,62.89989972539116,-6.009405791621031,0.495,-2.257922636958845,4.375602826603073
32.700000000000195,-0.10217680853425198,1828.114773213414,187.16932921691992,-0.1745,62.94159689895239,-6.011171710522588,0.165,-2.257922636958845,4.375602826603073
32.800000000000196,-0.10199594473957602,1834.4110072379763,186.56810535709926,-0.1745,62.9830835922901,-6.013305485890675,0.165,-2.257922636958845,4.375602826603073
32.9000000000002,-0.10187132007167782,1840.711380382929,185.96665603724918,-0.1745,63.02437930676413,-6.015680911110949,0.165,-2.257922636958845,4.375602826603073
33.0000000000002,-0.10178518702816441,1847.0158742062367,185.36496128834762,-0.1745,63.06549715938797,-6.018214066920529,0.165,-2.257922636958845,4.375602826603073
33.1000000000002,-0.10172575977810683,1853.3244713650888,184.7630081264819,-0.1745,63.10644601765325,-6.020849170393681,0.165,-2.257922636958845,4.375602826603073
33.2000000000002,-0.1016852139480029,1859.6371552620485,184.16078821028836,-0.1745,63.14723192153843,-6.023549153477219,0.165,-2.257922636958845,4.375602826603073
33.3000000000002,-0.10165835671381185,1865.9539098096416,183.55829628299662,-0.1745,63.18785903032478,-6.0262893923575005,0.165,-2.257922636958845,4.375602826603073
33.400000000000205,-0.10164174284829713,1872.2747192737966,182.9555291366159,-0.1745,63.228330252774924,-6.029053535257084,0.165,-2.257922636958845,4.375602826603073
33.500000000000206,-0.10163308736925086,1878.599568169756,182.3524849234868,-0.1745,63.26864766641241,-6.03183072732488,0.165,-2.257922636958845,4.375602826603073
33.60000000000021,-0.10163087539161508,1884.9284411928957,181.74916269885128,-0.1745,63.30881279638463,-6.034613765385469,0.165,-2.257922636958845,4.375602826603073
33.70000000000021,-0.10163410305468301,1891.2613231727585,181.14556211701338,-0.1745,63.348826800870306,-6.037397871372476,0.165,-2.257922636958845,4.375602826603073
33.80000000000021,-0.6902461853589668,1897.5981990425175,180.54168322958117,-0.1745,63.3886905943091,-6.040179877272028,0.165,-2.257922636958845,4.375602826603073
33.90000000000021,-0.4256913575572821,1903.9361167825905,180.06379007689313,-0.06225,63.3696642071494,-3.5176831764886503,0.495,-2.257922636958845,4.375602826603073
34.00000000000021,-0.24962773420866585,1910.2683404368659,179.6699924751551,-0.1745,63.27480887835703,-4.358268858271644,0.165,-2.257922636958845,4.375602826603073
34.100000000000215,-0.13261670930134556,1916.5934562471057,179.20617788753526,-0.1745,63.22750732643924,-4.918022894125607,0.165,-2.257922636958845,4.375602826603073
34.200000000000216,-0.05493439312986903,1922.915363210814,178.69573280975993,-0.1745,63.21063194772681,-5.29087866138098,0.165,-2.257922636958845,4.375602826603073
34.30000000000022,-0.0034044918005132763,1929.2365664156755,178.15421891906226,-0.1745,63.213432149506126,-5.539399152572679,0.165,-2.257922636958845,4.375602826603073
34.40000000000022,-0.030755380574348512,1935.558689813852,177.5919858194425,-0.1745,63.22903581402525,-5.705262839822431,0.165,-2.257922636958845,4.375602826603073
34.50000000000022,-0.053389032632224775,1941.8827913765788,177.0159118639918,-0.1745,63.25299544051005,-5.816216269191626,0.165,-2.257922636958845,4.375602826603073
34.60000000000022,-0.0700720967658594,1948.2095615878143,176.430565306941,-0.1745,63.282408784198935,-5.890714871824444,0.165,-2.257922636958845,4.375602826603073
34.70000000000022,-0.07926603000039611,1954.5427251119465,175.8384010918686,-0.1745,63.38086169844647,-5.952569429623345,0.8300000000000001,-2.257922636958845,4.375602826603073
34.800000000000225,-0.08535171987719498,1960.88257923743,175.24154657438902,-0.1745,63.416220811224,-5.984520919968539,0.165,-2.257922636958845,4.375602826603073
34.900000000000226,-0.08938142879006544,1967.2260368838386,174.64199043284194,-0.1745,63.452932116945455,-6.006601910973127,0.165,-2.257922636958845,4.375602826603073
35.00000000000023,-0.0920520996039334,1973.5732078862109,174.04055316544952,-0.1745,63.49048793050048,-6.022143436875312,0.165,-2.257922636958845,4.375602826603073
35.10000000000023,-0.09382514030903316,1979.9241599163781,173.43777834313622,-0.1745,63.528552672845834,-6.0333530093910515,0.165,-2.257922636958845,4.375602826603073
35.20000000000023,-0.09666435105810167,1986.278932774438,172.83402604327685,-0.1745,63.56690448835315,-6.041692987796474,0.165,-2.257922636958845,4.375602826603073
35.30000000000023,-0.0967254893616798,1992.640822340226,172.22895753393664,-0.1745,63.670886827404,-6.059677199007716,0.8300000000000001,-2.257922636958845,4.375602826603073
35.40000000000023,-0.0967785925800857,1999.0098430133814,171.6228481192382,-0.1745,63.709526635708706,-6.0625110949609775,0.165,-2.257922636958845,4.375602826603073
35.500000000000234,-0.09682757137376957,2005.3827206808805,171.01645756003776,-0.1745,63.74802671427518,-6.0653000890478985,0.165,-2.257922636958845,4.375602826603073
35.600000000000236,-0.09687501071016374,2011.7594412970868,170.40978972497126,-0.1745,63.786385609851806,-6.068056612282288,0.165,-2.257922636958845,4.375602826603073
35.70000000000024,-0.09692261951139591,2018.1399907029713,169.80284745019765,-0.1745,63.824602507836765,-6.070788883190249,0.165,-2.257922636958845,4.375602826603073
35.80000000000024,-0.09697152801594305,2024.5243546791621,169.19563288931826,-0.1745,63.8626770159774,-6.073502334397659,0.165,-2.257922636958845,4.375602826603073
35.90000000000024,-0.09702248437067962,2030.912518981021,168.58814774476437,-0.1745,63.90060902120322,-6.076200556680363,0.165,-2.257922636958845,4.375602826603073
36.00000000000024,-0.09707598456298983,2037.3044693618258,167.98039342075532,-0.1745,63.938398594892725,-6.078885923500733,0.165,-2.257922636958845,4.375602826603073
36.10000000000024,-0.09713235827035593,2043.7001915880808,167.37237112437813,-0.1745,63.97604593020648,-6.0815600040430065,0.165,-2.257922636958845,4.375602826603073
36.200000000000244,-0.09719182556687661,2050.099671449623,166.7640819323615,-0.1745,64.01355130064395,-6.084223836289283,0.165,-2.257922636958845,4.375602826603073
36.300000000000246,-0.09725453436911807,2056.5028947662877,166.15552683517168,-0.1745,64.05091503264332,-6.086878107506998,0.165,-2.257922636958845,4.375602826603073
36.40000000000025,-0.0973205851564421,2062.909847392293,165.54670676612113,-0.1745,64.08813748747018,-6.089523273504299,0.165,-2.257922636958845,4.375602826603073
36.50000000000025,-0.09739004728614942,2069.320515219129,164.93762262057578,-0.1745,64.1252190492489,-6.0921596374028075,0.165,-2.257922636958845,4.375602826603073
36.60000000000025,-0.08022833266081886,2075.734884177444,164.32827526862295,-0.1745,64.1621601170544,-6.094787401654121,0.165,-2.257922636958845,4.375602826603073
36.70000000000025,-0.01983919022692543,2082.156771296048,163.7470380288591,-0.1495,64.27558225502224,-5.529957393622911,0.495,-2.257922636958845,4.375602826603073
36.80000000000025,-0.019907320744485535,2088.5846629524613,163.1842056229525,-0.1745,64.28225087324014,-5.7266907245087335,0.165,-2.257922636958845,4.375602826603073
36.900000000000254,-0.04606345754483654,2095.013733410632,162.60502023737797,-0.1745,64.29915829017355,-5.857016986982108,0.165,-2.257922636958845,4.375602826603073
37.000000000000256,-0.06327916682879214,2101.4448263423537,162.01498892460017,-0.1745,64.3227003442624,-5.943609268574055,0.165,-2.257922636958845,4.375602826603073
37.10000000000026,-0.07461727210470226,2107.878488158455,161.41773772377925,-0.1745,64.35053597776701,-6.001414747844465,0.165,-2.257922636958845,4.375602826603073
37.20000000000026,-0.08209361549797983,2114.3150718610505,160.8156529734301,-0.1745,64.38113807414152,-6.040280259138577,0.165,-2.257922636958845,4.375602826603073
37.30000000000026,-0.0870341387512577,2120.7548041532177,160.2103045239384,-0.1745,64.4135077692028,-6.066688730695805,0.165,-2.257922636958845,4.375602826603073
37.40000000000026,-0.09112823137473941,2127.197829073846,159.60272477770783,-0.1745,64.44699064336147,-6.084906193915355,0.165,-2.257922636958845,4.375602826603073
37.50000000000026,-0.0929556826593711,2133.645861425645,158.99330607003813,-0.1745,64.51365639261151,-6.103467959478821,0.495,-2.257922636958845,4.375602826603073
37.600000000000264,-0.09419136741229378,2140.098958044569,158.3825528441051,-0.1745,64.54827598587198,-6.111596559181903,0.165,-2.257922636958845,4.375602826603073
37.700000000000266,-0.09504014423300733,2146.555524506838,157.77108329939247,-0.1745,64.58305325951336,-6.1177943350708945,0.165,-2.257922636958845,4.375602826603073
37.80000000000027,-0.09563646466032444,2153.0155715610094,157.15905747698125,-0.1745,64.61788782391184,-6.122722113153643,0.165,-2.257922636958845,4.375602826603073
37.90000000000027,-0.09606854669204412,2159.4791016481495,156.5465806793352,-0.1745,64.65271391888959,-6.126813839767657,0.165,-2.257922636958845,4.375602826603073
38.00000000000027,-0.09639425824266051,2165.9461117703127,155.93372226771407,-0.1745,64.68748852436967,-6.130354392654563,0.165,-2.257922636958845,4.375602826603073
38.10000000000027,-0.09665154995287167,2172.416595374135,155.3205280112782,-0.1745,64.72218355207292,-6.1335307360626965,0.165,-2.257922636958845,4.375602826603073
38.20000000000027,-0.09686530562653867,2178.8905435875877,154.7070281974542,-0.1745,64.75678071698356,-6.136465540417344,0.165,-2.257922636958845,4.375602826603073
38.300000000000274,-0.09705183902039227,2185.3679460318886,154.09324295690269,-0.1745,64.79126816903376,-6.139239270613329,0.165,-2.257922636958845,4.375602826603073
38.400000000000276,-0.09722184477231277,2191.848791354397,153.47918575868388,-0.1745,64.82563828113383,-6.141904693762616,0.165,-2.257922636958845,4.375602826603073
38.50000000000028,-0.081435623007515,2198.333067578295,152.86486570373626,-0.1745,64.8598861968293,-6.144496405190007,0.165,-2.257922636958845,4.375602826603073
38.60000000000028,-1.0090565876912292,2204.8263351202186,152.27900225653985,-0.1495,65.00546464164341,-5.572772538738097,0.8300000000000001,-2.257922636958845,4.375602826603073
38.70000000000028,-0.8107505818832348,2211.3202848718297,151.87301052446,-0.037250000000000005,64.87353039057558,-2.547062102858766,0.495,-2.257922636958845,4.375602826603073
38.80000000000028,-0.5032897701871151,2217.8038211745675,151.58570039841962,-0.1495,64.79719566418254,-3.199140417949088,0.165,-2.257922636958845,4.375602826603073
38.90000000000028,-0.30066812403936577,2224.277120074836,151.21582236815848,-0.1745,64.66878234118664,-4.1984201872734035,0.165,-2.257922636958845,4.375602826603073
39.000000000000284,-0.16731886643605975,2230.7405298156873,150.76306986862295,-0.1745,64.5994124758392,-4.8566298034374755,0.165,-2.257922636958845,4.375602826603073
39.100000000000286,-0.07964514974361403,2237.198861829726,150.25572280193617,-0.1745,64.5672278049377,-5.290311530297966,0.165,-2.257922636958845,4.375602826603073
39.20000000000029,-0.015002371163230777,2243.655161703512,149.71239776103985,-0.1745,64.55876967078726,-5.576189287628379,0.165,-2.191361693451347,4.303845573365533
39.30000000000029,-0.02750432871721803,2250.111216445504,149.1442188844043,-0.1745,64.56232516905092,-5.787388245082562,0.165,-2.191361693451347,4.303845573365533
39.40000000000029,-0.05546023293876767,2256.5681808660656,148.5584995908373,-0.1745,64.57696324218232,-5.926997626257393,0.165,-2.191361693451347,4.303845573365533
39.50000000000029,-0.07385914801665228,2263.026967592466,147.96117295349163,-0.1745,64.59877128582448,-6.019535120656113,0.165,-2.191361693451347,4.303845573365533
39.60000000000029,-0.08598528383132742,2269.4881668792277,147.35613927870625,-0.1745,64.62521444941339,-6.081138375051366,0.165,-2.191361693451347,4.303845573365533
39.700000000000294,-0.0939967896534713,2275.9521597472085,146.74596128215143,-0.1745,64.65464291020352,-6.122421556045268,0.165,-2.191361693451347,4.303845573365533
39.800000000000296,-0.09931096121877203,2282.4191908788703,146.13232212419925,-0.1745,64.68597972302744,-6.150361602998289,0.165,-2.191361693451347,4.303845573365533
39.9000000000003,-0.1028580926321912,2288.889415896603,145.51632693137307,-0.1745,64.71852063163222,-6.169542253525371,0.165,-2.191361693451347,4.303845573365533
40.0000000000003,-0.10524855848307091,2295.3629321592766,144.8987011376569,-0.1745,64.7518046218325,-6.18297362079787,0.165,-2.191361693451347,4.303845573365533
40.1000000000003,-0.10688268457594408,2301.839798878436,144.27992087349085,-0.1745,64.78552976135134,-6.192631662522991,0.165,-2.191361693451347,4.303845573365533
40.2000000000003,-0.10802294677303093,2308.320050280967,143.66029863924257,-0.1745,64.81949828926356,-6.199813022442446,0.165,-2.191361693451347,4.303845573365533
40.3000000000003,-0.10884138833038293,2314.803704230873,143.04003957329425,-0.1745,64.85358070886184,-6.20536829652371,0.165,-2.191361693451347,4.303845573365533
40.400000000000304,-0.10945074740261823,2321.290767880048,142.419278393261,-0.1745,64.88769227464306,-6.2098553041412865,0.165,-2.191361693451347,4.303845573365533
40.500000000000306,-0.10992488285127888,2327.7812413729157,141.79810364027097,-0.1745,64.92177758271592,-6.213639755659519,0.165,-2.191361693451347,4.303845573365533
40.60000000000031,-0.11031217287098077,2334.2751202754234,141.17657358518878,-0.1745,64.95580046743645,-6.216961345984094,0.165,-2.191361693451347,4.303845573365533
40.70000000000031,-0.6982376594191686,2340.7723971675855,140.55472666119766,-0.1745,64.98973737580388,-6.219977133838156,0.165,-2.191361693451347,4.303845573365533
40.80000000000031,-0.422550704248954,2347.2686673249495,140.06481136609656,-0.06225,64.93566577147993,-3.5783287681836855,0.165,-2.191361693451347,4.303845573365533
40.90000000000031,-0.24106919721644499,2353.7566776436515,139.66205262927588,-0.1745,64.8245406025571,-4.476845968229838,0.165,-2.191361693451347,4.303845573365533
41.00000000000031,-0.1217383359637983,2360.2362005301306,139.1847997740778,-0.1745,64.76591712702897,-5.068211135731712,0.165,-2.191361693451347,4.303845573365533
41.100000000000314,-0.043330410843670786,2366.7115194908943,138.65851232960418,-0.1745,64.74046208824045,-5.457537753740412,0.165,-2.191361693451347,4.303845573365533
41.200000000000315,-0.008172357667975971,2373.1853528760703,138.09993551766684,-0.1745,64.73620561527592,-5.713998485006663,0.165,-2.191361693451347,4.303845573365533
41.30000000000032,-0.042006355889811775,2379.6594427253067,137.52007874090947,-0.1745,64.74559136945494,-5.883137050140655,0.165,-2.191361693451347,4.303845573365533
41.40000000000032,-0.06424754955693585,2386.1349116267334,136.92617573296195,-0.1745,64.76378665908187,-5.9949231088097035,0.165,-2.191361693451347,4.303845573365533
41.50000000000032,-0.07888806302818935,2392.6124846558746,136.32297646687542,-0.1745,64.78767392374323,-6.069062212920808,0.165,-2.191361693451347,4.303845573365533
41.60000000000032,-0.08854849654782032,2399.092629884621,135.7135982961122,-0.1745,64.81523065119165,-6.118501202343458,0.165,-2.191361693451347,4.303845573365533
41.70000000000032,-0.08477474076389963,2405.575648415927,135.10008619835335,-0.1745,64.84513997491975,-6.151740752833264,0.165,-2.191361693451347,4.303845573365533
41.800000000000324,-0.018209897866441338,2412.0640453660562,134.51290723407607,-0.1495,64.92279902766441,-5.591838532712423,0.165,-2.191361693451347,4.303845573365533
41.900000000000325,-0.024535682396378822,2418.5580193290357,133.94264768951828,-0.1745,64.95668023192738,-5.813352358443481,0.495,-2.191361693451347,4.303845573365533
42.00000000000033,-0.05258365793576053,2425.054329630015,133.35425739324631,-0.1745,64.96952578766063,-5.954453566995858,0.165,-2.191361693451347,4.303845573365533
42.10000000000033,-0.07100789950202385,2431.5522902820157,132.7541516101791,-0.1745,64.98968725235132,-6.047662094348449,0.165,-2.191361693451347,4.303845573365533
42.20000000000033,-0.0831349894735367,2438.052502928512,132.14629381270683,-0.1745,65.01456567756495,-6.109493855096638,0.165,-2.191361693451347,4.303845573365533
42.30000000000033,-0.09195095634431188,2444.5553549533115,131.53328021716075,-0.1745,65.04247481842718,-6.150778055824784,0.165,-2.191361693451347,4.303845573365533
42.40000000000033,-0.09691470263489543,2451.062719504254,130.91652430009825,-0.1745,65.10481620041934,-6.184340285425237,0.495,-2.191361693451347,4.303845573365533
42.500000000000334,-0.10024345802577384,2457.5747565956553,130.29719683452706,-0.1745,65.13592562760572,-6.202209025998749,0.165,-2.191361693451347,4.303845573365533
42.600000000000335,-0.10250583505465288,2464.089939169596,129.6763506889022,-0.1745,65.16772585121069,-6.214713886498475,0.165,-2.191361693451347,4.303845573365533
42.70000000000034,-0.10407354686198855,2470.6083221109725,129.0544295070961,-0.1745,65.19993297631144,-6.223709749623381,0.165,-2.191361693451347,4.303845573365533
42.80000000000034,-0.1051895172443576,2477.1299368428736,128.4317235307274,-0.1745,65.23236166171274,-6.230409777750941,0.165,-2.191361693451347,4.303845573365533
42.90000000000034,-0.10601246143111115,2483.6547994731495,127.80842268279424,-0.1745,65.26489094380943,-6.235607180912054,0.165,-2.191361693451347,4.303845573365533
43.00000000000034,-0.10664605337985217,2490.182916116662,127.18465130180995,-0.1745,65.29744192644003,-6.2398204387736955,0.165,-2.191361693451347,4.303845573365533
43.10000000000034,-0.10715800155204264,2496.714286373284,126.56049086185111,-0.1745,65.32996320599342,-6.243388360403162,0.165,-2.191361693451347,4.303845573365533
43.200000000000344,-0.10759252052453483,2503.248905600887,125.9359948294756,-0.1745,65.36242134607424,-6.246532287106903,0.165,-2.191361693451347,4.303845573365533
43.300000000000345,-0.10797848231922536,2509.7867664007526,125.31119837601094,-0.1745,65.39479465123725,-6.249396782186329,0.165,-2.191361693451347,4.303845573365533
43.40000000000035,-0.10833474247921998,2516.3278595881693,124.6861247249014,-0.1745,65.4270690970978,-6.252076240004358,0.165,-2.191361693451347,4.303845573365533
43.50000000000035,-0.10867361914937118,2522.8721748265343,124.0607892988018,-0.1745,65.45923567020176,-6.254632281987754,0.165,-2.191361693451347,4.303845573365533
43.60000000000035,-0.10900316505083191,2529.4197010415232,123.43520242838693,-0.1745,65.49128862958075,-6.257105126309636,0.165,-2.191361693451347,4.303845573365533
43.70000000000035,-0.11093041579430918,2535.970426691545,122.80937112122821,-0.1745,65.52322437085512,-6.259521016864649,0.165,-2.191361693451347,4.303845573365533
43.80000000000035,-0.11054629163619045,2542.527614449085,122.18272294420385,-0.1745,65.62053077994392,-6.273442523622622,0.8300000000000001,-2.191361693451347,4.303845573365533
43.900000000000354,-0.11041225901451956,2549.0912572870707,121.55537927578196,-0.1745,65.65232597977376,-6.27343084481497,0.165,-2.191361693451347,4.303845573365533
44.000000000000355,-0.11044301475346213,2555.658067349977,120.92799692110815,-0.1745,65.68387527835134,-6.274216248661395,0.165,-2.191361693451347,4.303845573365533
44.10000000000036,-0.11058306021059033,2562.2280222177787,120.30051021795023,-0.1745,65.71522207768275,-6.275517814496931,0.165,-2.191361693451347,4.303845573365533
44.20000000000036,-0.11079630508156829,2568.8011030612747,119.67287669714449,-0.1745,65.74639479223833,-6.277152601617961,0.165,-2.191361693451347,4.303845573365533
44.30000000000036,-0.1110592947766198,2575.377293404241,119.04506899174629,-0.1745,65.77741206708697,-6.279001506346056,0.165,-2.191361693451347,4.303845573365533
44.40000000000036,-0.11135679938767962,2581.956578316663,118.41706956608638,-0.1745,65.80828618135895,-6.280987006852149,0.165,-2.191361693451347,4.303845573365533
44.50000000000036,-0.7072536295561078,2588.5389438890916,117.78886728273808,-0.1745,65.83902526721106,-6.283058660113952,0.165,-2.191361693451347,4.303845573365533
44.600000000000364,-0.4254540265883519,2595.12008156184,117.29597991748622,-0.06225,65.7837281877591,-3.574688644923227,0.165,-2.191361693451347,4.303845573365533
44.700000000000365,-0.2410962944322123,2601.6924302377006,116.89193284439057,-0.1745,65.66324532945119,-4.506252816989974,0.165,-2.191361693451347,4.303845573365533
44.80000000000037,-0.12060623599939563,2608.2555008754607,116.4108562719638,-0.1745,65.59816742575134,-5.115278631545381,0.165,-2.191361693451347,4.303845573365533
44.90000000000037,-0.04189684940257038,2614.81380125744,115.87941445273695,-0.1745,65.56784021383007,-5.513557752991593,0.165,-2.191361693451347,4.303845573365533
45.00000000000037,-0.009521308333570733,2621.370172013549,115.3150288466514,-0.1745,65.55957490834905,-5.774154368719338,0.165,-2.191361693451347,4.303845573365533
45.10000000000037,-0.043132989055835735,2627.926421657566,114.72907847684823,-0.1745,65.56541797198791,-5.94485302734418,0.165,-2.191361693451347,4.303845573365533
45.20000000000037,-0.06513693342833415,2634.4837083954067,114.1289913154649,-0.1745,65.5803167848213,-6.056890200322321,0.165,-2.191361693451347,4.303845573365533
45.300000000000374,-0.07957955495774022,2641.04277589137,113.51961332285148,-0.1745,65.60103313445242,-6.1306696519461115,0.165,-2.191361693451347,4.303845573365533
45.400000000000375,-0.08909997519886109,2647.604101533691,112.90410436420218,-0.1745,65.62547971196439,-6.179509521039863,0.165,-2.191361693451347,4.303845573365533
45.50000000000038,-0.09702957817497304,2654.1679908251213,112.28452401131696,-0.1745,65.6523061166423,-6.2120975366645315,0.165,-2.191361693451347,4.303845573365533
45.60000000000038,-0.10055902172951325,2660.7379124704294,111.66163696397469,-0.1745,65.74612678952167,-6.245643410180931,0.8300000000000001,-2.191361693451347,4.303845573365533
45.70000000000038,-0.1029835870717255,2667.3139933356006,111.03643478446959,-0.1745,65.77549051390355,-6.2584001799210185,0.165,-2.191361693451347,4.303845573365533
45.80000000000038,-0.10469233736008915,2673.8930326968293,110.4101409309097,-0.1745,65.80529671066795,-6.267476891276794,0.165,-2.191361693451347,4.303845573365533
45.90000000000038,-0.10593833124157154,2680.4750649627713,109.7830592096013,-0.1745,65.83534860817433,-6.274157534891206,0.165,-2.191361693451347,4.303845573365533
46.000000000000384,-0.10688613079299775,2687.0601083128963,109.15538745343846,-0.1745,65.86551839432836,-6.279277588365534,0.165,-2.191361693451347,4.303845573365533
46.100000000000385,-0.10764273273006497,2693.6481703875015,108.52725454705507,-0.1745,65.89572309777363,-6.2833805393024145,0.165,-2.191361693451347,4.303845573365533
46.20000000000039,-0.10827769971095469,2700.2392519878636,107.89874452804139,-0.1745,65.92590890946569,-6.286819840971207,0.165,-2.191361693451347,4.303845573365533
46.30000000000039,-0.10883625844277045,2706.833349482661,107.26991227088978,-0.1745,65.95604098648907,-6.289825302061179,0.165,-2.191361693451347,4.303845573365533
46.40000000000039,-0.10934781926277587,2713.4304563729784,106.64079369057677,-0.1745,65.98609681985182,-6.292546304199025,0.165,-2.191361693451347,4.303845573365533
46.50000000000039,-0.10983151612714181,2720.0305643099873,106.01141237900818,-0.1745,66.0160619203257,-6.295079927172815,0.165,-2.191361693451347,4.303845573365533
46.60000000000039,-0.11029980813131057,2726.633663756619,105.38178392027861,-0.1745,66.04592701230965,-6.297489247418456,0.165,-2.191361693451347,4.303845573365533
46.700000000000394,-0.11076082025079731,2733.2397444176754,104.75191869590506,-0.1745,66.07568620881095,-6.299815240052501,0.165,-2.191361693451347,4.303845573365533
46.800000000000395,-0.11121986429035308,2739.8487955193514,104.12182370798061,-0.1745,66.10533582470995,-6.302084518436484,0.165,-2.191361693451347,4.303845573365533
46.9000000000004,-0.11168042692153213,2746.4608059908483,103.49150376377168,-0.1745,66.13487360522353,-6.304314365742133,0.165,-2.191361693451347,4.303845573365533
47.0000000000004,-0.1121448113851306,2753.07576458233,102.86096224522402,-0.1745,66.16429822440827,-6.306516005211034,0.165,-2.191361693451347,4.303845573365533
47.1000000000004,-0.11261455416953808,2759.6936599415135,102.23020160870672,-0.1745,66.19360895926067,-6.308696725134837,0.165,-2.191361693451347,4.303845573365533
47.2000000000004,-0.11309069552074308,2766.3144806633754,101.59922370948453,-0.1745,66.22280547797763,-6.3108612593089015,0.165,-2.191361693451347,4.303845573365533
47.3000000000004,-0.11357395502971407,2772.938215322395,100.96803001233903,-0.1745,66.25188770241917,-6.31301268360118,0.165,-2.191361693451347,4.303845573365533
47.400000000000404,-0.11406484559185609,2779.5648524934554,100.33662172825346,-0.1745,66.28085571879048,-6.315152998110257,0.165,-2.191361693451347,4.303845573365533
47.500000000000405,-0.08195087199001777,2786.1943807653774,99.70499990309393,-0.1745,66.30970971965121,-6.317283505080208,0.165,-2.5084768667259016,4.6329635678829035
47.600000000000406,-0.06125102083904127,2792.8275358203205,99.07853618967266,-0.1745,66.35339137921308,-6.211990763345315,0.165,-2.5084768667259016,4.6329635678829035
47.70000000000041,-0.047911390988223945,2799.464764551854,98.46069779747017,-0.1745,66.39118325145604,-6.14477708070432,0.165,-2.5084768667259016,4.6329635678829035
47.80000000000041,-0.03931835020819063,2806.1055796109094,97.84835243825502,-0.1745,66.42511792965655,-6.102130103598813,0.165,-2.5084768667259016,4.6329635678829035
47.90000000000041,-0.03378647583974409,2812.7496614044817,97.23947937341342,-0.1745,66.45651794178502,-6.075331193233294,0.165,-2.5084768667259016,4.6329635678829035
48.00000000000041,-0.03022884684065308,2819.3967993735682,96.63277510880818,-0.1745,66.48624143994888,-6.058754098871404,0.165,-2.5084768667259016,4.6329635678829035
48.10000000000041,-0.027944543080150874,2826.0468536584,96.02739899578633,-0.1745,66.5148442566802,-6.048768161565614,0.165,-2.5084768667259016,4.6329635678829035
48.200000000000415,-0.026481612596377935,2832.6997301709107,95.42280905289202,-0.1745,66.54268599353502,-6.043030696320473,0.165,-2.5084768667259016,4.6329635678829035
48.300000000000416,-0.02554868167844948,2839.355364427321,94.81865600365433,-0.1745,66.56999913467433,-6.040030288433407,0.165,-2.5084768667259016,4.6329635678829035
48.40000000000042,-0.024957935757334015,2846.013711080541,94.21471488976417,-0.1745,66.5969339297205,-6.038791989369646,0.165,-2.5084768667259016,4.6329635678829035
48.50000000000042,-0.02458833788548942,2852.6747371510082,93.61084093940745,-0.1745,66.62358747962759,-6.038687017764656,0.165,-2.5084768667259016,4.6329635678829035
48.60000000000042,-0.024361904075403118,2859.3384176529166,93.00694109208466,-0.1745,66.65002255853982,-6.039309928691113,0.165,-2.5084768667259016,4.6329635678829035
48.70000000000042,-0.024228402573673036,2866.004732769921,92.40295562859379,-0.1745,66.67627978154015,-6.040399341126236,0.165,-2.5084768667259016,4.6329635678829035
48.80000000000042,-0.02415548758370828,2872.6736660322517,91.7988463222808,-0.1745,66.70238546507844,-6.041786785133465,0.165,-2.5084768667259016,4.6329635678829035
48.900000000000425,-0.024122338403862187,2879.3452031406114,91.1945887980254,-0.1745,66.72835670211434,-6.043363699974253,0.165,-2.5084768667259016,4.6329635678829035
49.000000000000426,-0.024115559322969993,2886.019331207594,90.59016760569699,-0.1745,66.75420463753454,-6.045060146594078,0.165,-2.5084768667259016,4.6329635678829035
49.10000000000043,-0.024126537291244143,2892.6960382685365,89.98557304441368,-0.1745,66.77993658131898,-6.046831079072127,0.165,-2.5084768667259016,4.6329635678829035
49.20000000000043,-0.02414973941020304,2899.3753129661754,89.38079911582346,-0.1745,66.80555737146075,-6.048647492732229,0.165,-2.5084768667259016,4.6329635678829035
49.30000000000043,-0.024181616198047096,2906.057144347387,88.7758422052967,-0.1745,66.83107025276654,-6.050490717803163,0.165,-2.5084768667259016,4.6329635678829035
49.40000000000043,-0.024219895238144773,2912.741521732193,88.170700232326,-0.1745,66.85647744335971,-6.052348741610838,0.165,-2.5084768667259016,4.6329635678829035
49.50000000000043,-0.024263126352588038,2919.4284346293502,87.56537210331152,-0.1745,66.88178049978063,-6.054213838678864,0.165,-2.5084768667259016,4.6329635678829035
49.600000000000435,-0.024310388800756477,2926.1178726819508,86.95985735918082,-0.1745,66.90698055223339,-6.056081043935263,0.165,-2.5084768667259016,4.6329635678829035
49.700000000000436,-0.024361102828115155,2932.8098256323688,86.35415594851955,-0.1745,66.93207845613,-6.057947169290061,0.165,-2.5084768667259016,4.6329635678829035
49.80000000000044,-0.024414908406750202,2939.50428329966,85.7482680815383,-0.1745,66.95707488969272,-6.059810170334957,0.165,-2.5084768667259016,4.6329635678829035
49.90000000000044,-0.024471587232316183,2946.201235564985,85.14219413609167,-0.1745,66.98197041680153,-6.0616687385976595,0.165,-2.5084768667259016,4.6329635678829035
50.00000000000044,-0.024531012562881427,2952.900672362198,84.53593459720818,-0.1745,67.00676552745381,-6.063522039072064,0.165,-2.5084768667259016,4.6329635678829035
50.10000000000044,-0.024593116974715723,2959.602583671761,83.92949001818965,-0.1745,67.03146066380553,-6.065369541298601,0.165,-2.5084768667259016,4.6329635678829035
50.20000000000044,-0.024657871645972218,2966.3069595167976,83.32286099559104,-0.1745,67.05605623692878,-6.06721091067357,0.165,-2.5084768667259016,4.6329635678829035
50.300000000000445,-0.02472527305626082,2973.013789960524,82.71604815313103,-0.1745,67.08055263759266,-6.069045938526767,0.165,-2.5084768667259016,4.6329635678829035
50.400000000000446,-0.025622309181861647,2979.7230651045634,82.10905213134727,-0.1745,67.10495024319769,-6.070874497148406,0.165,-2.5084768667259016,4.6329635678829035
50.50000000000045,-0.02535093727801585,2986.43640003006,81.50158711495465,-0.1745,67.16174826674093,-6.078425830704007,0.495,-2.5084768667259016,4.6329635678829035
50.60000000000045,-0.025205876363657287,2993.15378727019,80.89371261291704,-0.1745,67.18599653585915,-6.079064210048139,0.165,-2.5084768667259016,4.6329635678829035
50.70000000000045,-0.025142804564020904,2999.873591240701,80.28575365021045,-0.1745,67.21008287436041,-6.080115044083604,0.165,-2.5084768667259016,4.6329635678829035
50.80000000000045,-0.025133314274396745,3006.5957969259493,79.6776764943696,-0.1745,67.23403083060782,-6.0814280727332495,0.165,-2.5084768667259016,4.6329635678829035
50.90000000000045,-0.025159208421789148,3013.3203912495724,79.06945974634351,-0.1745,67.2578556418539,-6.082906887788637,0.165,-2.5084768667259016,4.6329635678829035
51.000000000000455,-0.025208839986022302,3020.0473623921184,78.46108991960527,-0.1745,67.28156720906864,-6.084489646976217,0.165,-2.5084768667259016,4.6329635678829035
51.100000000000456,-0.025274763263561095,3026.7766993529563,77.85255860272314,-0.1745,67.30517200768718,-6.08613669066637,0.165,-2.5084768667259016,4.6329635678829035
51.20000000000046,-0.025352227101353986,3033.5083916690687,77.24386063858019,-0.1745,67.3286743145588,-6.0878225921925795,0.165,-2.5084768667259016,4.6329635678829035
51.30000000000046,-0.025438208467783996,3040.2424292345772,76.63499295620153,-0.1745,67.35207699561556,-6.0895310553805695,0.165,-2.5084768667259016,4.6329635678829035
51.40000000000046,-0.025530792721958073,3046.978802184929,76.02595382142371,-0.1745,67.37538201141987,-6.091251640175745,0.165,-2.5084768667259016,4.6329635678829035
51.50000000000046,-0.025628776294348843,3053.7175008225786,75.41674235632458,-0.1745,67.39859074156918,-6.092977661807117,0.165,-2.5084768667259016,4.6329635678829035
51.60000000000046,-0.025731412020361943,3060.458515569298,74.80735823107668,-0.1745,67.42170419282002,-6.0947048431508675,0.165,-2.5084768667259016,4.6329635678829035
51.700000000000465,-0.0258382459534226,3067.2018369355683,74.19780146639816,-0.1745,67.44472313258434,-6.096430450419525,0.165,-2.5084768667259016,4.6329635678829035
51.800000000000466,-0.025949012830824292,3073.9474555009247,73.5880723069302,-0.1745,67.46764817454068,-6.098152738939659,0.165,-2.5084768667259016,4.6329635678829035
51.90000000000047,-0.02606356913873481,3080.695361901328,72.97817114009143,-0.1745,67.49047983352565,-6.099870597835558,0.165,-2.5084768667259016,4.6329635678829035
52.00000000000047,-0.026181850276142116,3087.4455468210404,72.36809844408583,-0.1745,67.51321856072202,-6.101583322276419,0.165,-2.5084768667259016,4.6329635678829035
52.10000000000047,-0.026303843162735208,3094.198000987387,71.75785475459612,-0.1745,67.53586476621156,-6.103290467517576,0.165,-2.5084768667259016,4.6329635678829035
52.20000000000047,-0.02642956874309682,3100.9527151673688,71.14744064345133,-0.1745,67.55841883342678,-6.104991755378271,0.165,-2.5084768667259016,4.6329635678829035
52.30000000000047,-0.026559070832053167,3107.7096801654607,70.53685670496597,-0.1745,67.58088112840981,-6.106687014329021,0.165,-2.5084768667259016,4.6329635678829035
52.400000000000475,-0.026692409023410524,3114.4688868221683,69.92610354719366,-0.1745,67.60325200574303,-6.108376141117237,0.165,-2.5084768667259016,4.6329635678829035
52.500000000000476,-0.026829654203027187,3121.230326013073,69.31518178632817,-0.1745,67.6255318123471,-6.110059076192727,0.165,-2.5084768667259016,4.6329635678829035
52.60000000000048,-0.026970885731903704,3127.993988648186,68.70409204311987,-0.1745,67.64772088991289,-6.11173578797331,0.165,-2.5084768667259016,4.6329635678829035
52.70000000000048,-0.027116189701109072,3134.7598656715045,68.09283494058259,-0.1745,67.66981957645807,-6.113406262772306,0.165,-2.5084768667259016,4.6329635678829035
52.80000000000048,-0.027265657875804317,3141.5279480606937,67.4814111025264,-0.1745,67.69182820732341,-6.11507049835163,0.165,-2.5084768667259016,4.6329635678829035
52.90000000000048,-0.02741938708350572,3148.29822682685,66.86982115261901,-0.1745,67.71374711581024,-6.116728499796125,0.165,-2.5084768667259016,4.6329635678829035
53.00000000000048,-0.029231989830341143,3155.07069301432,66.25806571378551,-0.1745,67.73557663358814,-6.118380276873752,0.165,-2.5084768667259016,4.6329635678829035
53.100000000000485,-0.028708842314196792,3161.8486122053346,65.64556813544715,-0.1745,67.82280718670268,-6.131571289893393,0.8300000000000001,-2.5084768667259016,4.6329635678829035
53.200000000000486,-0.028438745094916396,3168.631980189946,65.03244790831272,-0.1745,67.84455250552558,-6.130833252795187,0.165,-2.5084768667259016,4.6329635678829035
53.30000000000049,-0.02833178573885292,3175.417511725261,64.41935908695541,-0.1745,67.86607820078656,-6.130943174351021,0.165,-2.5084768667259016,4.6329635678829035
53.40000000000049,-0.028330654915118825,3182.205187257327,63.80623233182942,-0.1745,67.88743244053032,-6.131591928168839,0.165,-2.5084768667259016,4.6329635678829035
53.50000000000049,-0.028398849014451,3188.9949911839158,63.193023624073035,-0.1745,67.90864609124428,-6.13258222695882,0.165,-2.5084768667259016,4.6329635678829035
53.60000000000049,-0.028513140271983206,3195.7869104369474,62.57970510354785,-0.1745,67.92973896938742,-6.133788183544834,0.165,-2.5084768667259016,4.6329635678829035
53.70000000000049,-0.028658771472860056,3202.5809335772083,61.96625922005115,-0.1745,67.95072383582756,-6.135129486389169,0.165,-2.5084768667259016,4.6329635678829035
53.800000000000495,-0.02882638992503017,3209.3770502163634,61.352675000200655,-0.1745,67.97160894727027,-6.1365549106207595,0.165,-2.5084768667259016,4.6329635678829035
53.900000000000496,-0.02901009154525097,3216.1752506480034,60.73894566509309,-0.1745,67.99239968553107,-6.138031791530495,0.165,-2.5084768667259016,4.6329635678829035
54.0000000000005,-0.029206173380064704,3222.975525612165,60.12506711023596,-0.1745,68.01309959769873,-6.139539305612186,0.165,-2.5084768667259016,4.6329635678829035
54.1000000000005,-0.029412338152750017,3229.7778661450525,59.51103693582301,-0.1745,68.03371106005712,-6.141064182646847,0.165,-2.5084768667259016,4.6329635678829035
54.2000000000005,-0.02962718718566515,3236.582263483144,58.89685382820568,-0.1745,68.05423570177342,-6.142597969699783,0.165,-2.5084768667259016,4.6329635678829035
54.3000000000005,-0.8250131596415113,3243.388709001994,58.28251716543824,-0.1745,68.07467467522797,-6.144135285648867,0.165,-2.5084768667259016,4.6329635678829035
54.4000000000005,-0.5253118697648826,3250.19486740589,57.81361995983763,-0.06225,68.04849340269313,-3.2338088263634326,0.495,-2.5084768667259016,4.6329635678829035
54.500000000000504,-0.3332185676056748,3256.9921980657095,57.43836154950133,-0.1745,67.8981197936981,-4.271359380362531,0.165,-2.5084768667259016,4.6329635678829035
54.600000000000506,-0.21026197228826038,3263.7777413452486,56.97800375400718,-0.1745,67.81274579707895,-4.9357965295203705,0.165,-2.5084768667259016,4.6329635678829035
54.70000000000051,-0.13163829140727,3270.5567406142827,56.463142959493624,-0.1745,67.76723958360358,-5.361419360750879,0.165,-2.5084768667259016,4.6329635678829035
54.80000000000051,-0.08140085692357801,3277.332428968229,55.913363879936476,-0.1745,67.74652749532419,-5.634162230392012,0.165,-2.5084768667259016,4.6329635678829035
54.90000000000051,-0.04931966495359569,3284.106823604556,55.341201899745656,-0.1745,67.74136523122002,-5.8090773734243415,0.165,-2.5084768667259016,4.6329635678829035
55.00000000000051,-0.02884238573871989,3290.8811918884603,54.75467681516378,-0.1745,67.74600044686323,-5.921424318213074,0.165,-2.5084768667259016,4.6329635678829035
55.10000000000051,-0.015776955405649162,3297.6563329026667,54.15891698758942,-0.1745,67.75681983726085,-5.9937722332741705,0.165,-2.5084768667259016,4.6329635678829035
55.200000000000514,-0.8589292590023528,3304.432750894487,53.55720044617621,-0.1745,67.77153999914964,-6.0405585949900145,0.165,-2.5084768667259016,4.6329635678829035
55.300000000000516,-0.55749880650783,3311.2103218711995,53.0958125840802,-0.06225,67.77987953509745,-3.187198646930145,0.8300000000000001,-2.5084768667259016,4.6329635678829035
55.40000000000052,-0.3639911149765504,3317.9808025857205,52.724942198767664,-0.1745,67.62973475531864,-4.230209059320576,0.165,-2.5084768667259016,4.6329635678829035
55.50000000000052,-0.23997867625155545,3324.7395246202263,52.268450600264366,-0.1745,67.54470593479442,-4.899622910745352,0.165,-2.5084768667259016,4.6329635678829035
55.60000000000052,-0.16062903138771317,3331.491744258736,51.75700008780723,-0.1745,67.49968683539846,-5.329387338397464,0.165,-2.5084768667259016,4.6329635678829035
55.70000000000052,-0.1099412447977785,3338.2407083745024,51.21026076273479,-0.1745,67.47959547993023,-5.605399163051235,0.165,-2.5084768667259016,4.6329635678829035
55.80000000000052,-0.07762793420669989,3344.988446493033,50.64085036165409,-0.1745,67.47516689068036,-5.782808858562882,0.165,-2.5084768667259016,4.6329635678829035
55.900000000000524,-0.05708581251893746,3351.7362361138853,50.056859048358135,-0.1745,67.48062552637164,-5.897017407356121,0.165,-2.5084768667259016,4.6329635678829035
56.000000000000526,-0.01268367061090292,3358.4848842240863,49.46347144618148,-0.1745,67.49233667764673,-5.97073463617699,0.165,-2.3120271632042324,4.322800315795783
56.10000000000053,-0.016031356002186303,3365.234129524629,48.85877037388363,-0.1745,67.49256933321657,-6.123286809779982,0.165,-2.3120271632042324,4.322800315795783
56.20000000000053,-0.034695213861704044,3371.9838190168184,48.24151979726473,-0.1745,67.50122051057174,-6.221724722598066,0.165,-2.3120271632042324,4.322800315795783
56.30000000000053,-0.046925587033207206,3378.734640155496,47.61616118868445,-0.1745,67.51520226298233,-6.285447449007531,0.165,-2.3120271632042324,4.322800315795783
56.40000000000053,-0.05504308022608706,3385.4870279477645,46.98554343283256,-0.1745,67.53255358238862,-6.326907668030355,0.165,-2.3120271632042324,4.322800315795783
56.50000000000053,-0.06053559810746317,3392.241256878357,46.35149329959064,-0.1745,67.55202502946467,-6.35409499680789,0.165,-2.3120271632042324,4.322800315795783
56.600000000000534,-0.06435688545849277,3398.997499076221,45.715181876875555,-0.1745,67.57281892781504,-6.372133457493943,0.165,-2.3120271632042324,4.322800315795783
56.700000000000536,-0.06711823729082772,3405.7558612935327,45.07735979630325,-0.1745,67.59442541841773,-6.384308153952218,0.165,-2.3120271632042324,4.322800315795783
56.80000000000054,-0.06921150905242313,3412.516408484985,44.438508157514356,-0.1745,67.6165184106243,-6.392724621825644,0.165,-2.3120271632042324,4.322800315795783
56.90000000000054,-0.07088799998047873,3419.279178870758,43.798935324833266,-0.1745,67.63888930484678,-6.3987320317962,0.165,-2.3120271632042324,4.322800315795783
57.00000000000054,-0.07230901703639353,3426.044193569899,43.15883898824726,-0.1745,67.66140467796814,-6.403194699923957,0.165,-2.3120271632042324,4.322800315795783
57.10000000000054,-0.07357827538906875,3432.8114627652717,42.51834594251423,-0.1745,67.68397922948276,-6.4066662147366955,0.165,-2.3120271632042324,4.322800315795783
57.20000000000054,-0.07476265474090221,3439.5809896502483,41.8775375779787,-0.1745,67.70655847004609,-6.409501075973865,0.165,-2.3120271632042324,4.322800315795783
57.300000000000544,-0.7715721353831971,3446.352772955693,41.2364662116219,-0.1745,67.72910763885147,-6.411926251162117,0.165,-2.3120271632042324,4.322800315795783
57.400000000000546,-0.47949058208163475,3453.1260885740753,40.738462284760026,-0.06225,67.73720472879228,-3.5481522860754744,0.8300000000000001,-2.3120271632042324,4.322800315795783
57.50000000000055,-0.2904504056048163,3459.892598151902,40.33287506180537,-0.1745,67.59298682773515,-4.56359217301771,0.165,-2.3120271632042324,4.322800315795783
57.60000000000055,-0.1697478810889258,3466.6494597543024,39.84358192439004,-0.1745,67.54424522027098,-5.222270575288929,0.495,-2.3120271632042324,4.322800315795783
57.70000000000055,-0.0920833960697251,3473.4017632202895,39.30040475289181,-0.1745,67.50182409947288,-5.641272854675611,0.165,-2.3120271632042324,4.322800315795783
57.80000000000055,-0.8861914299024434,3480.151033767529,38.72280040752203,-0.1745,67.48358684532228,-5.910814052719946,0.165,-2.3120271632042324,4.322800315795783
57.90000000000055,-0.5668654931710058,3486.8983169411613,38.26503867478119,-0.06225,67.46207662732473,-3.244420602096877,0.495,-2.3120271632042324,4.322800315795783
58.000000000000554,0.0,3493.636531020536,37.88506937753496,-0.1745,67.30220496017323,-4.354965342827651,0.165,-2.3120271632042324,4.322800315795783
58.100000000000556,0.0,3500.362223147929,37.413779314800514,-0.1745,67.21163758768411,-5.070835911861301,0.165,-2.3120271632042324,4.322800315795783
58.20000000000056,0.0,3507.0809906139652,36.883614923672724,-0.1745,67.16371173303826,-5.532451910694522,0.165,-2.3120271632042324,4.322800315795783
58.30000000000056,0.0,3513.7962969140876,36.31548123795759,-0.1745,67.1424142694073,-5.8302218036081115,0.165,-2.3120271632042324,4.322800315795783
58.40000000000056,0.0,3520.510312487329,35.722847721210954,-0.1745,67.13789719541674,-6.022448531324713,0.165,-2.3120271632042324,4.322800315795783
58.50000000000056,0.0,3527.2244077778564,35.114389023027925,-0.1745,67.1440086151348,-6.146725432335892,0.165,-2.3120271632042324,4.322800315795783
58.60000000000056,0.0,3533.9394515145186,34.49568888117693,-0.1745,67.1568661181131,-6.227277404683977,0.165,-2.3120271632042324,4.322800315795783
58.700000000000564,0.0,3540.6559949883117,33.87033978527471,-0.1745,67.17400335774732,-6.279704513360431,0.165,-2.3120271632042324,4.322800315795783
58.800000000000566,0.0,3547.3743875049854,33.240652212597986,-0.1745,67.19384697572917,-6.3140469401740695,0.165,-2.3120271632042324,4.322800315795783
58.90000000000057,0.0,3554.094849386186,32.60811169154259,-0.1745,67.21539064827982,-6.336763480933888,0.165,-2.3120271632042324,4.322800315795783
59.00000000000057,0.0,3560.8175184042075,31.973673145825448,-0.1745,67.23798971214846,-6.352007433408961,0.165,-2.3120271632042324,4.322800315795783
59.10000000000057,0.0,3567.542479431018,31.337950339795178,-0.1745,67.26123082405867,-6.362448687196453,0.165,-2.3120271632042324,4.322800315795783
59.20000000000057,0.0,3574.2697834148553,30.701337752393865,-0.1745,67.28484885269008,-6.369803060829804,0.165,-2.3120271632042324,4.322800315795783
59.30000000000057,0.0,3580.999459543971,30.064088951489314,-0.1745,67.30867372962474,-6.375172957261203,0.165,-2.3120271632042324,4.322800315795783
59.400000000000574,0.0,3587.731523050283,29.426366978592224,-0.1745,67.33259639661574,-6.379266500680565,0.165,-2.3120271632042324,4.322800315795783
59.500000000000576,0.0,3594.4676051605093,28.78799026486577,-0.1745,67.38904580790245,-6.388267773848546,0.495,-2.3120271632042324,4.322800315795783
59.60000000000058,0.0,3601.207708780368,28.149085205738402,-0.1745,67.41302658927334,-6.38983340869883,0.165,-2.3120271632042324,4.322800315795783
59.70000000000058,0.0,3607.9502049953744,27.51001974269435,-0.1745,67.43689771085532,-6.3914758521821975,0.165,-2.3120271632042324,4.322800315795783
59.80000000000058,0.0,3614.6950830880983,26.87078769053174,-0.1745,67.46066414361837,-6.393165191070024,0.165,-2.3120271632042324,4.322800315795783
59.90000000000058,0.0,3621.442332755331,26.231385318854144,-0.1745,67.48432920103755,-6.394882242481872,0.165,-2.3120271632042324,4.322800315795783
60.00000000000058,0.0,3628.191943972007,25.591810471259304,-0.1745,67.50789513248102,-6.396614709414929,0.165,-2.3120271632042324,4.322800315795783
60.100000000000584,0.0,3634.946530130974,24.98361510359992,-0.1495,67.58382804686332,-5.767292643772734,0.165,-2.3120271632042324,4.322800315795783
60.200000000000585,0.0,3641.7043179535813,24.39551868937112,-0.1745,67.57192840528073,-5.99463564080325,0.165,-2.3120271632042324,4.322800315795783
60.30000000000059,0.0,3648.4615543164027,23.78873828011301,-0.1745,67.57279885115194,-6.140972544358993,0.165,-2.3120271632042324,4.322800315795783
60.40000000000059,0.0,3655.2192815233934,23.169921869156248,-0.1745,67.58174528866586,-6.235355674776197,0.165,-2.3120271632042324,4.322800315795783
60.50000000000059,0.0,3661.9781589044637,22.54333247163392,-0.1745,67.59580233274036,-6.296432275670372,0.165,-2.3120271632042324,4.322800315795783
60.60000000000059,0.0,3668.7386033851435,21.91170265697042,-0.1745,67.61308728085221,-6.336164017599635,0.165,-2.3120271632042324,4.322800315795783
60.70000000000059,0.0,3675.5008778020438,21.27678344573331,-0.1745,67.63240105715725,-6.36222020714251,0.165,-2.3120271632042324,4.322800315795783
60.800000000000594,0.0,3682.265146780488,20.639696629859074,-0.1745,67.6529785117267,-6.379516110342274,0.165,-2.3120271632042324,4.322800315795783
60.900000000000595,0.0,3689.03151224831,20.001160779934352,-0.1745,67.67433084471074,-6.391200888152177,0.165,-2.3120271632042324,4.322800315795783
61.0000000000006,0.0,3695.800036071523,19.361636154973535,-0.1745,67.6961456195549,-6.399291611064156,0.165,-2.3120271632042324,4.322800315795783
61.1000000000006,0.0,3702.570754507298,18.72141757861256,-0.1745,67.71822309593969,-6.405079916155332,0.165,-2.3120271632042324,4.322800315795783
61.2000000000006,0.0,3709.3436874421177,18.080693946650648,-0.1745,67.74043560045895,-6.409392723082863,0.165,-2.3120271632042324,4.322800315795783
61.3000000000006,0.0,3716.1188443003407,17.439586344222135,-0.1745,67.76270156399909,-6.412759325487357,0.165,-2.3120271632042324,4.322800315795783
61.4000000000006,0.0,3722.892198850661,16.941809857077768,-0.06225,67.70438944240829,-3.5427704173999905,0.165,-2.3120271632042324,4.322800315795783
61.500000000000604,0.0,3729.65542917484,16.536732564330872,-0.1745,67.56021704116779,-4.5587754375378955,0.165,-2.3120271632042324,4.322800315795783
61.600000000000605,0.0,3736.407391503403,16.048180599918304,-0.1745,67.47902953008948,-5.2122638507135095,0.165,-2.3120271632042324,4.322800315795783
61.70000000000061,0.0,3743.1531757367825,15.505932057789826,-0.1745,67.4366551375023,-5.63270699185604,0.165,-2.3120271632042324,4.322800315795783
61.80000000000061,0.0,3749.8959346706724,14.92913064893168,-0.1745,67.41852354029635,-5.90332118530685,0.165,-2.3120271632042324,4.322800315795783
61.90000000000061,0.0,3756.6376437643967,14.33008206340068,-0.1745,67.41565833419278,-6.077650525313162,0.165,-2.3120271632042324,4.322800315795783
62.00000000000061,0.0,3763.3795491634637,13.716692691414405,-0.1745,67.42244964715215,-6.190136914412324,0.165,-2.3120271632042324,4.322800315795783
62.10000000000061,0.0,3770.1224395846625,13.094039804681318,-0.1745,67.4353587768201,-6.26292082024941,0.165,-2.3120271632042324,4.322800315795783
62.200000000000614,0.0,3776.866814530038,12.465382467498353,-0.1745,67.45214013068849,-6.310225923409898,0.165,-2.3120271632042324,4.322800315795783
62.300000000000615,0.0,3783.612989701282,11.832811920544849,-0.1745,67.47136329418915,-6.341185015660178,0.165,-2.3120271632042324,4.322800315795783
62.40000000000062,0.0,3790.361163614505,11.197669693025038,-0.1745,67.49211497027318,-6.361659534736051,0.165,-2.3120271632042324,4.322800315795783
62.50000000000062,0.0,3797.111459923891,10.56081621619837,-0.1745,67.51381121744505,-6.375410001797294,0.165,-2.3120271632042324,4.322800315795783
62.60000000000062,0.0,3803.8639544043926,9.922803300041597,-0.1745,67.53607839259233,-6.384848321338186,0.165,-2.3120271632042324,4.322800315795783
62.70000000000062,0.0,3810.6186921910453,9.283984832920297,-0.1745,67.55867734045773,-6.391521021087813,0.165,-2.3120271632042324,4.322800315795783
62.80000000000062,0.0,3817.375698807683,8.644587806375153,-0.1745,67.58145499229285,-6.396419509815071,0.165,-2.3120271632042324,4.322800315795783
62.900000000000624,0.0,3824.134987227949,8.004757871047776,-0.1745,67.60431341302312,-6.400179196732469,0.165,-2.3120271632042324,4.322800315795783
63.000000000000625,0.0,3830.8965623979584,7.364588549078301,-0.1745,67.6271899871697,-6.403207242657019,0.165,-2.3120271632042324,4.322800315795783
63.10000000000063,0.0,3837.660424133712,6.724139961941599,-0.1745,67.65004472790166,-6.405764500077022,0.165,-2.3120271632042324,4.322800315795783
63.20000000000063,0.0,3844.4265689774097,6.083450834092645,-0.1745,67.67285214605761,-6.408018056902076,0.165,-2.3120271632042324,4.322800315795783
63.30000000000063,0.0,3851.194991386716,5.442546185130972,-0.1745,67.69559604006689,-6.41007492233138,0.165,-2.3120271632042324,4.322800315795783
63.40000000000063,0.0,3857.9656844965925,4.801442258098602,-0.1745,67.71826615746036,-6.4120036183160165,0.165,-2.3120271632042324,4.322800315795783
63.50000000000063,0.0,3864.7386406072546,4.160149676377421,-0.1745,67.74085605578159,-6.413848016107599,0.165,-2.3120271632042324,4.322800315795783
63.600000000000634,0.0,3871.5138514966507,3.518675465500245,-0.1745,67.76336173214334,-6.415636201435924,0.165,-2.3120271632042324,4.322800315795783
63.700000000000635,0.0,3878.2913086205253,2.8770243477589257,-0.1745,67.78578074534938,-6.417386153390461,0.165,-2.3120271632042324,4.322800315795783
63.80000000000064,0.0,3885.0710032404745,2.2351995710134513,-0.1745,67.80811165363022,-6.419109381519028,0.165,-2.3120271632042324,4.322800315795783
63.90000000000064,0.0,3891.852926505885,1.5932034391972656,-0.1745,67.8303536545832,-6.420813254804686,0.165,-2.3120271632042324,4.322800315795783
64.00000000000064,0.0,3898.637069506346,0.9510376518209767,-0.1745,67.85250635463908,-6.422502492721093,0.165,-2.3120271632042324,4.322800315795783
64.10000000000063,8699.484322634979,3905.4234233051525,0.30870352120209255,-0.1745,67.87456962148565,-6.424180119656589,0.165,-2.3120271632042324,4.322800315795783
